solid OpenSCAD_Model
  facet normal -1 0 0
    outer loop
      vertex -32.475 50 3
      vertex -32.475 47.6 5.4
      vertex -32.475 50 5.5
    endloop
  endfacet
  facet normal -1 0 0
    outer loop
      vertex -32.475 47 0
      vertex -32.475 47.6 5.4
      vertex -32.475 50 3
    endloop
  endfacet
  facet normal -1 0 0
    outer loop
      vertex -32.475 47 0
      vertex -32.475 44.6 2.4
      vertex -32.475 47.6 5.4
    endloop
  endfacet
  facet normal -1 0 0
    outer loop
      vertex -32.475 43.05 0
      vertex -32.475 44.6 2.4
      vertex -32.475 47 0
    endloop
  endfacet
  facet normal -1 -0 0
    outer loop
      vertex -32.475 44.6 2.4
      vertex -32.475 43.05 0
      vertex -32.475 43.05 2.4
    endloop
  endfacet
  facet normal -1 -0 0
    outer loop
      vertex -32.475 50 5.5
      vertex -32.475 47.6 5.4
      vertex -32.475 47.6 5.5
    endloop
  endfacet
  facet normal 0 0 -1
    outer loop
      vertex -49.5 44.5103 5.5
      vertex -49.5751 48.1841 5.5
      vertex -49.5 48.2398 5.5
    endloop
  endfacet
  facet normal 0 0 -1
    outer loop
      vertex -51.891 45.0615 5.5
      vertex -49.5 44.5103 5.5
      vertex -49.6737 44.143 5.5
    endloop
  endfacet
  facet normal 0 0 -1
    outer loop
      vertex -51.891 45.0615 5.5
      vertex -49.6737 44.143 5.5
      vertex -49.8589 43.6256 5.5
    endloop
  endfacet
  facet normal 0 0 -1
    outer loop
      vertex -52.1555 44.3223 5.5
      vertex -49.8589 43.6256 5.5
      vertex -49.9924 43.0925 5.5
    endloop
  endfacet
  facet normal 0 0 -1
    outer loop
      vertex -52.3463 43.5607 5.5
      vertex -49.9924 43.0925 5.5
      vertex -49.9987 43.05 5.5
    endloop
  endfacet
  facet normal 0 0 -1
    outer loop
      vertex -49.5 44.5103 5.5
      vertex -50.1569 47.6569 5.5
      vertex -49.5751 48.1841 5.5
    endloop
  endfacet
  facet normal 0 0 -1
    outer loop
      vertex -49.5 44.5103 5.5
      vertex -50.6841 47.0751 5.5
      vertex -50.1569 47.6569 5.5
    endloop
  endfacet
  facet normal 0 0 -1
    outer loop
      vertex -49.5 44.5103 5.5
      vertex -51.1518 46.4446 5.5
      vertex -50.6841 47.0751 5.5
    endloop
  endfacet
  facet normal 0 0 -1
    outer loop
      vertex -49.5 44.5103 5.5
      vertex -51.5554 45.7712 5.5
      vertex -51.1518 46.4446 5.5
    endloop
  endfacet
  facet normal 0 0 -1
    outer loop
      vertex -49.5 44.5103 5.5
      vertex -51.891 45.0615 5.5
      vertex -51.5554 45.7712 5.5
    endloop
  endfacet
  facet normal 0 0 -1
    outer loop
      vertex -49.8589 43.6256 5.5
      vertex -52.1555 44.3223 5.5
      vertex -51.891 45.0615 5.5
    endloop
  endfacet
  facet normal 0 0 -1
    outer loop
      vertex -49.9924 43.0925 5.5
      vertex -52.3463 43.5607 5.5
      vertex -52.1555 44.3223 5.5
    endloop
  endfacet
  facet normal 0 -0 -1
    outer loop
      vertex -52.3463 43.5607 5.5
      vertex -49.9987 43.05 5.5
      vertex -52.422 43.05 5.5
    endloop
  endfacet
  facet normal 0 0 -1
    outer loop
      vertex -35.5 47.6 5.5
      vertex -32.475 50 5.5
      vertex -32.475 47.6 5.5
    endloop
  endfacet
  facet normal -0 0 -1
    outer loop
      vertex -32.475 50 5.5
      vertex -35.5 47.6 5.5
      vertex -35.5 50 5.5
    endloop
  endfacet
  facet normal 0 1 -0
    outer loop
      vertex -49.9987 43.05 5.4
      vertex -52.422 43.05 5.5
      vertex -49.9987 43.05 5.5
    endloop
  endfacet
  facet normal 0 1 0
    outer loop
      vertex -52.422 43.05 3
      vertex -49.9987 43.05 5.4
      vertex -49.7788 43.05 5.18223
    endloop
  endfacet
  facet normal 0 1 0
    outer loop
      vertex -52.422 43.05 3
      vertex -49.7788 43.05 5.18223
      vertex -49.6145 43.05 5.02264
    endloop
  endfacet
  facet normal 0 1 0
    outer loop
      vertex -52.422 43.05 3
      vertex -49.6145 43.05 5.02264
      vertex -49.5 43.05 4.91146
    endloop
  endfacet
  facet normal 0 1 0
    outer loop
      vertex -49.9987 43.05 5.4
      vertex -52.422 43.05 3
      vertex -52.422 43.05 5.5
    endloop
  endfacet
  facet normal 0 1 0
    outer loop
      vertex -49.5 43.05 4.91146
      vertex -49.7787 43.05 0.382127
      vertex -52.422 43.05 3
    endloop
  endfacet
  facet normal 0 1 0
    outer loop
      vertex -49.5 43.05 4.91146
      vertex -49.5562 43.05 0.166058
      vertex -49.7787 43.05 0.382127
    endloop
  endfacet
  facet normal -0 1 0
    outer loop
      vertex -49.5562 43.05 0.166058
      vertex -49.5 43.05 4.91146
      vertex -49.5 43.05 0.11144
    endloop
  endfacet
  facet normal 0 1 -0
    outer loop
      vertex -32.475 43.05 0
      vertex -35.5 43.05 2.4
      vertex -32.475 43.05 2.4
    endloop
  endfacet
  facet normal 0 1 0
    outer loop
      vertex -35.5 43.05 2.4
      vertex -32.475 43.05 0
      vertex -35.5 43.05 0
    endloop
  endfacet
  facet normal 0 0 -1
    outer loop
      vertex 49.9987 43.05 5.5
      vertex 52.3463 43.5607 5.5
      vertex 52.422 43.05 5.5
    endloop
  endfacet
  facet normal -0 0 -1
    outer loop
      vertex 52.3463 43.5607 5.5
      vertex 49.9924 43.0925 5.5
      vertex 52.1555 44.3223 5.5
    endloop
  endfacet
  facet normal -0 0 -1
    outer loop
      vertex 52.1555 44.3223 5.5
      vertex 49.8589 43.6256 5.5
      vertex 51.891 45.0615 5.5
    endloop
  endfacet
  facet normal 0 0 -1
    outer loop
      vertex 49.6737 44.143 5.5
      vertex 51.891 45.0615 5.5
      vertex 49.8589 43.6256 5.5
    endloop
  endfacet
  facet normal -0 0 -1
    outer loop
      vertex 51.891 45.0615 5.5
      vertex 49.5 44.5103 5.5
      vertex 51.5554 45.7712 5.5
    endloop
  endfacet
  facet normal -0 0 -1
    outer loop
      vertex 51.5554 45.7712 5.5
      vertex 49.5 44.5103 5.5
      vertex 51.1518 46.4446 5.5
    endloop
  endfacet
  facet normal 0 0 -1
    outer loop
      vertex 52.3463 43.5607 5.5
      vertex 49.9987 43.05 5.5
      vertex 49.9924 43.0925 5.5
    endloop
  endfacet
  facet normal 0 0 -1
    outer loop
      vertex 52.1555 44.3223 5.5
      vertex 49.9924 43.0925 5.5
      vertex 49.8589 43.6256 5.5
    endloop
  endfacet
  facet normal 0 0 -1
    outer loop
      vertex 49.5 44.5103 5.5
      vertex 51.891 45.0615 5.5
      vertex 49.6737 44.143 5.5
    endloop
  endfacet
  facet normal -0 0 -1
    outer loop
      vertex 51.1518 46.4446 5.5
      vertex 49.5 44.5103 5.5
      vertex 50.6841 47.0751 5.5
    endloop
  endfacet
  facet normal -0 0 -1
    outer loop
      vertex 50.6841 47.0751 5.5
      vertex 49.5 44.5103 5.5
      vertex 50.1569 47.6569 5.5
    endloop
  endfacet
  facet normal -0 0 -1
    outer loop
      vertex 50.1569 47.6569 5.5
      vertex 49.5 44.5103 5.5
      vertex 49.5751 48.1841 5.5
    endloop
  endfacet
  facet normal -0 0 -1
    outer loop
      vertex 49.5751 48.1841 5.5
      vertex 49.5 44.5103 5.5
      vertex 49.5 48.2398 5.5
    endloop
  endfacet
  facet normal 0 0 -1
    outer loop
      vertex 32.475 47.6 5.5
      vertex 35.5 50 5.5
      vertex 35.5 47.6 5.5
    endloop
  endfacet
  facet normal -0 0 -1
    outer loop
      vertex 35.5 50 5.5
      vertex 32.475 47.6 5.5
      vertex 32.475 50 5.5
    endloop
  endfacet
  facet normal 1 0 0
    outer loop
      vertex 32.475 47.6 5.4
      vertex 32.475 50 5.5
      vertex 32.475 47.6 5.5
    endloop
  endfacet
  facet normal 1 0 0
    outer loop
      vertex 32.475 50 5.5
      vertex 32.475 47.6 5.4
      vertex 32.475 50 3
    endloop
  endfacet
  facet normal 1 0 0
    outer loop
      vertex 32.475 47.6 5.4
      vertex 32.475 47 0
      vertex 32.475 50 3
    endloop
  endfacet
  facet normal 1 -0 0
    outer loop
      vertex 32.475 44.6 2.4
      vertex 32.475 47 0
      vertex 32.475 47.6 5.4
    endloop
  endfacet
  facet normal 1 0 0
    outer loop
      vertex 32.475 43.05 0
      vertex 32.475 44.6 2.4
      vertex 32.475 43.05 2.4
    endloop
  endfacet
  facet normal 1 0 0
    outer loop
      vertex 32.475 44.6 2.4
      vertex 32.475 43.05 0
      vertex 32.475 47 0
    endloop
  endfacet
  facet normal 0 1 0
    outer loop
      vertex 52.422 43.05 5.5
      vertex 49.9987 43.05 5.4
      vertex 49.9987 43.05 5.5
    endloop
  endfacet
  facet normal 0 1 -0
    outer loop
      vertex 52.422 43.05 3
      vertex 49.9987 43.05 5.4
      vertex 52.422 43.05 5.5
    endloop
  endfacet
  facet normal 0 1 0
    outer loop
      vertex 49.9987 43.05 5.4
      vertex 52.422 43.05 3
      vertex 49.7788 43.05 5.18223
    endloop
  endfacet
  facet normal 0 1 0
    outer loop
      vertex 49.7788 43.05 5.18223
      vertex 52.422 43.05 3
      vertex 49.6145 43.05 5.02264
    endloop
  endfacet
  facet normal 0 1 0
    outer loop
      vertex 49.6145 43.05 5.02264
      vertex 52.422 43.05 3
      vertex 49.5 43.05 4.91146
    endloop
  endfacet
  facet normal 0 1 -0
    outer loop
      vertex 49.7787 43.05 0.382127
      vertex 49.5 43.05 4.91146
      vertex 52.422 43.05 3
    endloop
  endfacet
  facet normal 0 1 -0
    outer loop
      vertex 49.5562 43.05 0.166058
      vertex 49.5 43.05 4.91146
      vertex 49.7787 43.05 0.382127
    endloop
  endfacet
  facet normal 0 1 0
    outer loop
      vertex 49.5 43.05 4.91146
      vertex 49.5562 43.05 0.166058
      vertex 49.5 43.05 0.11144
    endloop
  endfacet
  facet normal 0 1 -0
    outer loop
      vertex 35.5 43.05 0
      vertex 32.475 43.05 2.4
      vertex 35.5 43.05 2.4
    endloop
  endfacet
  facet normal 0 1 0
    outer loop
      vertex 32.475 43.05 2.4
      vertex 35.5 43.05 0
      vertex 32.475 43.05 0
    endloop
  endfacet
  facet normal 0.0490418 0.998797 -0
    outer loop
      vertex 45.2841 49.9615 7
      vertex 44.5 50 11
      vertex 45.2841 49.9615 11
    endloop
  endfacet
  facet normal 0.0490418 0.998797 0
    outer loop
      vertex 44.5 50 11
      vertex 45.2841 49.9615 7
      vertex 44.5 50 7
    endloop
  endfacet
  facet normal -0.85774 -0.514084 0
    outer loop
      vertex -51.1518 -46.4446 3
      vertex -51.5554 -45.7712 11
      vertex -51.5554 -45.7712 3
    endloop
  endfacet
  facet normal -0.85774 -0.514084 0
    outer loop
      vertex -51.5554 -45.7712 11
      vertex -51.1518 -46.4446 3
      vertex -51.1518 -46.4446 11
    endloop
  endfacet
  facet normal -0.699872 0.103826 -0.706682
    outer loop
      vertex -49.5 42.4925 0.0241949
      vertex -52.4615 42.7841 3
      vertex -49.5 42.9694 0.0942614
    endloop
  endfacet
  facet normal -0.686595 0.171931 -0.706418
    outer loop
      vertex -49.5 42.9946 0.0979516
      vertex -49.5562 43.05 0.166058
      vertex -49.5 43.0225 0.104742
    endloop
  endfacet
  facet normal -0.686209 0.172587 -0.706633
    outer loop
      vertex -49.5562 43.05 0.166058
      vertex -49.5 42.9946 0.0979516
      vertex -49.7787 43.05 0.382127
    endloop
  endfacet
  facet normal -0.998797 -0.0490418 0
    outer loop
      vertex -52.4615 -42.7841 3
      vertex -52.5 -42 11
      vertex -52.5 -42 3
    endloop
  endfacet
  facet normal -0.998797 -0.0490418 0
    outer loop
      vertex -52.5 -42 11
      vertex -52.4615 -42.7841 3
      vertex -52.4615 -42.7841 11
    endloop
  endfacet
  facet normal 0 1 -0
    outer loop
      vertex 32.475 50 3
      vertex -32.475 50 5.5
      vertex 32.475 50 5.5
    endloop
  endfacet
  facet normal 0 1 0
    outer loop
      vertex -32.475 50 5.5
      vertex 32.475 50 3
      vertex -32.475 50 3
    endloop
  endfacet
  facet normal 0 1 0
    outer loop
      vertex 32.475 50 5.5
      vertex 35.5 50 7
      vertex 35.5 50 5.5
    endloop
  endfacet
  facet normal 0 1 0
    outer loop
      vertex 35.5 50 7
      vertex 32.475 50 5.5
      vertex -35.5 50 7
    endloop
  endfacet
  facet normal 0 1 -0
    outer loop
      vertex -32.475 50 5.5
      vertex -35.5 50 7
      vertex 32.475 50 5.5
    endloop
  endfacet
  facet normal 0 1 0
    outer loop
      vertex -35.5 50 7
      vertex -32.475 50 5.5
      vertex -35.5 50 5.5
    endloop
  endfacet
  facet normal 0 1 0
    outer loop
      vertex 35.5 50 7
      vertex 44.5 50 11
      vertex 44.5 50 7
    endloop
  endfacet
  facet normal 0 1 0
    outer loop
      vertex 44.5 50 11
      vertex 35.5 50 7
      vertex -44.5 50 11
    endloop
  endfacet
  facet normal 0 1 -0
    outer loop
      vertex -35.5 50 7
      vertex -44.5 50 11
      vertex 35.5 50 7
    endloop
  endfacet
  facet normal 0 1 0
    outer loop
      vertex -44.5 50 11
      vertex -35.5 50 7
      vertex -44.5 50 7
    endloop
  endfacet
  facet normal -0.336901 -0.94154 0
    outer loop
      vertex -47.5615 -49.391 3
      vertex -46.8223 -49.6555 11
      vertex -47.5615 -49.391 11
    endloop
  endfacet
  facet normal -0.336901 -0.94154 -0
    outer loop
      vertex -46.8223 -49.6555 11
      vertex -47.5615 -49.391 3
      vertex -46.8223 -49.6555 3
    endloop
  endfacet
  facet normal 0.514084 -0.85774 0
    outer loop
      vertex 48.2712 -49.0554 3
      vertex 48.9446 -48.6518 11
      vertex 48.2712 -49.0554 11
    endloop
  endfacet
  facet normal 0.514084 -0.85774 0
    outer loop
      vertex 48.9446 -48.6518 11
      vertex 48.2712 -49.0554 3
      vertex 48.9446 -48.6518 3
    endloop
  endfacet
  facet normal -0.741023 -0.67148 0
    outer loop
      vertex -50.1569 -47.6569 3
      vertex -50.6841 -47.0751 11
      vertex -50.6841 -47.0751 3
    endloop
  endfacet
  facet normal -0.741023 -0.67148 0
    outer loop
      vertex -50.6841 -47.0751 11
      vertex -50.1569 -47.6569 3
      vertex -50.1569 -47.6569 11
    endloop
  endfacet
  facet normal 0.707107 0 -0.707107
    outer loop
      vertex 52.5 -42 3
      vertex 49.5 42 0
      vertex 52.5 42 3
    endloop
  endfacet
  facet normal 0.707107 0 -0.707107
    outer loop
      vertex 49.5 42 0
      vertex 52.5 -42 3
      vertex 49.5 -42 0
    endloop
  endfacet
  facet normal 0 -1 0
    outer loop
      vertex -44.5 -50 11
      vertex -19 -50 9.5
      vertex -13 -50 11
    endloop
  endfacet
  facet normal 0 -1 0
    outer loop
      vertex -44.5 -50 11
      vertex -19 -50 7.9
      vertex -19 -50 9.5
    endloop
  endfacet
  facet normal 0 -1 0
    outer loop
      vertex -44.5 -50 3
      vertex -19 -50 7.9
      vertex -44.5 -50 11
    endloop
  endfacet
  facet normal 0 -1 0
    outer loop
      vertex -13 -50 3
      vertex -19 -50 7.9
      vertex -44.5 -50 3
    endloop
  endfacet
  facet normal 0 -1 0
    outer loop
      vertex -19 -50 7.9
      vertex -13 -50 3
      vertex -13 -50 7.9
    endloop
  endfacet
  facet normal 0 -1 -0
    outer loop
      vertex -13 -50 11
      vertex -19 -50 9.5
      vertex -13 -50 9.5
    endloop
  endfacet
  facet normal 0 -1 0
    outer loop
      vertex 13 -50 7.9
      vertex 13 -50 3
      vertex 19 -50 7.9
    endloop
  endfacet
  facet normal 0 -1 0
    outer loop
      vertex 19 -50 9.5
      vertex 13 -50 11
      vertex 13 -50 9.5
    endloop
  endfacet
  facet normal 0 -1 0
    outer loop
      vertex 13 -50 11
      vertex 19 -50 9.5
      vertex 44.5 -50 11
    endloop
  endfacet
  facet normal 0 -1 0
    outer loop
      vertex 19 -50 7.9
      vertex 44.5 -50 11
      vertex 19 -50 9.5
    endloop
  endfacet
  facet normal 0 -1 0
    outer loop
      vertex 44.5 -50 3
      vertex 19 -50 7.9
      vertex 13 -50 3
    endloop
  endfacet
  facet normal 0 -1 0
    outer loop
      vertex 19 -50 7.9
      vertex 44.5 -50 3
      vertex 44.5 -50 11
    endloop
  endfacet
  facet normal 0.475087 -0.524289 -0.706692
    outer loop
      vertex 49.5751 -48.1841 3
      vertex 48.0355 -45.5355 0
      vertex 50.1569 -47.6569 3
    endloop
  endfacet
  facet normal 1 -0 0
    outer loop
      vertex 52.5 -42 11
      vertex 52.5 42 3
      vertex 52.5 42 11
    endloop
  endfacet
  facet normal 1 0 0
    outer loop
      vertex 52.5 42 3
      vertex 52.5 -42 11
      vertex 52.5 -42 3
    endloop
  endfacet
  facet normal 0.606875 -0.363729 -0.706685
    outer loop
      vertex 51.1518 -46.4446 3
      vertex 48.9096 -44.357 0
      vertex 51.5554 -45.7712 3
    endloop
  endfacet
  facet normal -1 0 0
    outer loop
      vertex -52.5 -42 3
      vertex -52.5 42 11
      vertex -52.5 42 3
    endloop
  endfacet
  facet normal -1 -0 0
    outer loop
      vertex -52.5 42 11
      vertex -52.5 -42 3
      vertex -52.5 -42 11
    endloop
  endfacet
  facet normal 0.336901 -0.94154 0
    outer loop
      vertex 46.8223 -49.6555 3
      vertex 47.5615 -49.391 11
      vertex 46.8223 -49.6555 11
    endloop
  endfacet
  facet normal 0.336901 -0.94154 0
    outer loop
      vertex 47.5615 -49.391 11
      vertex 46.8223 -49.6555 3
      vertex 47.5615 -49.391 3
    endloop
  endfacet
  facet normal 0.699868 0.103967 -0.706665
    outer loop
      vertex 52.4615 42.7841 3
      vertex 49.7787 43.05 0.382127
      vertex 52.422 43.05 3
    endloop
  endfacet
  facet normal 0.699869 0.103892 -0.706675
    outer loop
      vertex 49.5 42.9694 0.0942614
      vertex 49.7787 43.05 0.382127
      vertex 52.4615 42.7841 3
    endloop
  endfacet
  facet normal 0.69996 0.103479 -0.706646
    outer loop
      vertex 49.7787 43.05 0.382127
      vertex 49.5 42.9694 0.0942614
      vertex 49.5 42.9946 0.0979516
    endloop
  endfacet
  facet normal 0.686209 0.172587 -0.706633
    outer loop
      vertex 49.5 42.9946 0.0979516
      vertex 49.5562 43.05 0.166058
      vertex 49.7787 43.05 0.382127
    endloop
  endfacet
  facet normal 0.686595 0.171931 -0.706418
    outer loop
      vertex 49.5562 43.05 0.166058
      vertex 49.5 42.9946 0.0979516
      vertex 49.5 43.0225 0.104742
    endloop
  endfacet
  facet normal 0.0490418 -0.998797 0
    outer loop
      vertex 44.5 -50 3
      vertex 45.2841 -49.9615 11
      vertex 44.5 -50 11
    endloop
  endfacet
  facet normal 0.0490418 -0.998797 0
    outer loop
      vertex 45.2841 -49.9615 11
      vertex 44.5 -50 3
      vertex 45.2841 -49.9615 3
    endloop
  endfacet
  facet normal 0.103834 -0.699868 -0.706685
    outer loop
      vertex 45.2841 -49.9615 3
      vertex 44.9901 -46.9759 0
      vertex 45.4754 -46.9039 0
    endloop
  endfacet
  facet normal -0.363729 -0.606875 -0.706685
    outer loop
      vertex -48.2712 -49.0554 3
      vertex -48.9446 -48.6518 3
      vertex -46.857 -46.4096 0
    endloop
  endfacet
  facet normal -0.336901 0.94154 0
    outer loop
      vertex -46.8223 49.6555 7
      vertex -47.5615 49.391 11
      vertex -46.8223 49.6555 11
    endloop
  endfacet
  facet normal -0.336901 0.94154 0
    outer loop
      vertex -47.5615 49.391 11
      vertex -46.8223 49.6555 7
      vertex -47.5615 49.391 7
    endloop
  endfacet
  facet normal 0.421533 -0.568263 -0.706674
    outer loop
      vertex 48.9446 -48.6518 3
      vertex 47.672 -45.8651 0
      vertex 49.5751 -48.1841 3
    endloop
  endfacet
  facet normal 0.103818 -0.699869 -0.706686
    outer loop
      vertex 46.0607 -49.8463 3
      vertex 45.2841 -49.9615 3
      vertex 45.4754 -46.9039 0
    endloop
  endfacet
  facet normal -0.427489 -0.90402 0
    outer loop
      vertex -48.2712 -49.0554 3
      vertex -47.5615 -49.391 11
      vertex -48.2712 -49.0554 11
    endloop
  endfacet
  facet normal -0.427489 -0.90402 -0
    outer loop
      vertex -47.5615 -49.391 11
      vertex -48.2712 -49.0554 3
      vertex -47.5615 -49.391 3
    endloop
  endfacet
  facet normal -0.243015 0.970023 0
    outer loop
      vertex -46.0607 49.8463 7
      vertex -46.8223 49.6555 11
      vertex -46.0607 49.8463 11
    endloop
  endfacet
  facet normal -0.243015 0.970023 0
    outer loop
      vertex -46.8223 49.6555 11
      vertex -46.0607 49.8463 7
      vertex -46.8223 49.6555 7
    endloop
  endfacet
  facet normal 0.803153 -0.595773 0
    outer loop
      vertex 50.6841 -47.0751 11
      vertex 51.1518 -46.4446 3
      vertex 51.1518 -46.4446 11
    endloop
  endfacet
  facet normal 0.803153 -0.595773 0
    outer loop
      vertex 51.1518 -46.4446 3
      vertex 50.6841 -47.0751 11
      vertex 50.6841 -47.0751 3
    endloop
  endfacet
  facet normal 0 0 1
    outer loop
      vertex 44.5 -47.6 11
      vertex -13 -48.45 11
      vertex 13 -48.45 11
    endloop
  endfacet
  facet normal -0 0 1
    outer loop
      vertex -44.5 -47.6 11
      vertex -13 -48.45 11
      vertex 44.5 -47.6 11
    endloop
  endfacet
  facet normal 0 0 1
    outer loop
      vertex -44.5 -50 11
      vertex -13 -48.45 11
      vertex -44.5 -47.6 11
    endloop
  endfacet
  facet normal 0 0 1
    outer loop
      vertex -13 -48.45 11
      vertex -44.5 -50 11
      vertex -13 -50 11
    endloop
  endfacet
  facet normal 0 0 1
    outer loop
      vertex -45.0489 -47.573 11
      vertex -44.5 -50 11
      vertex -44.5 -47.6 11
    endloop
  endfacet
  facet normal 0 0 1
    outer loop
      vertex -45.0489 -47.573 11
      vertex -45.2841 -49.9615 11
      vertex -44.5 -50 11
    endloop
  endfacet
  facet normal 0 0 1
    outer loop
      vertex -45.5925 -47.4924 11
      vertex -45.2841 -49.9615 11
      vertex -45.0489 -47.573 11
    endloop
  endfacet
  facet normal 0 0 1
    outer loop
      vertex -45.5925 -47.4924 11
      vertex -46.0607 -49.8463 11
      vertex -45.2841 -49.9615 11
    endloop
  endfacet
  facet normal 0 0 1
    outer loop
      vertex -46.1256 -47.3589 11
      vertex -46.0607 -49.8463 11
      vertex -45.5925 -47.4924 11
    endloop
  endfacet
  facet normal 0 0 1
    outer loop
      vertex -46.8223 -49.6555 11
      vertex -46.1256 -47.3589 11
      vertex -46.643 -47.1737 11
    endloop
  endfacet
  facet normal 0 0 1
    outer loop
      vertex -46.1256 -47.3589 11
      vertex -46.8223 -49.6555 11
      vertex -46.0607 -49.8463 11
    endloop
  endfacet
  facet normal 0 0 1
    outer loop
      vertex -47.5615 -49.391 11
      vertex -46.643 -47.1737 11
      vertex -47.1398 -46.9388 11
    endloop
  endfacet
  facet normal 0 0 1
    outer loop
      vertex -46.643 -47.1737 11
      vertex -47.5615 -49.391 11
      vertex -46.8223 -49.6555 11
    endloop
  endfacet
  facet normal 0 0 1
    outer loop
      vertex -48.2712 -49.0554 11
      vertex -47.1398 -46.9388 11
      vertex -47.6112 -46.6562 11
    endloop
  endfacet
  facet normal 0 0 1
    outer loop
      vertex -48.9446 -48.6518 11
      vertex -47.6112 -46.6562 11
      vertex -48.0526 -46.3288 11
    endloop
  endfacet
  facet normal 0 0 1
    outer loop
      vertex -47.1398 -46.9388 11
      vertex -48.2712 -49.0554 11
      vertex -47.5615 -49.391 11
    endloop
  endfacet
  facet normal 0 0 1
    outer loop
      vertex -49.5751 -48.1841 11
      vertex -48.0526 -46.3288 11
      vertex -48.4598 -45.9598 11
    endloop
  endfacet
  facet normal 0 0 1
    outer loop
      vertex -50.1569 -47.6569 11
      vertex -48.4598 -45.9598 11
      vertex -48.8288 -45.5526 11
    endloop
  endfacet
  facet normal 0 0 1
    outer loop
      vertex -47.6112 -46.6562 11
      vertex -48.9446 -48.6518 11
      vertex -48.2712 -49.0554 11
    endloop
  endfacet
  facet normal 0 0 1
    outer loop
      vertex -50.6841 -47.0751 11
      vertex -48.8288 -45.5526 11
      vertex -49.1562 -45.1112 11
    endloop
  endfacet
  facet normal 0 0 1
    outer loop
      vertex -51.1518 -46.4446 11
      vertex -49.1562 -45.1112 11
      vertex -49.4388 -44.6398 11
    endloop
  endfacet
  facet normal 0 0 1
    outer loop
      vertex -48.0526 -46.3288 11
      vertex -49.5751 -48.1841 11
      vertex -48.9446 -48.6518 11
    endloop
  endfacet
  facet normal 0 0 1
    outer loop
      vertex -51.5554 -45.7712 11
      vertex -49.4388 -44.6398 11
      vertex -49.6737 -44.143 11
    endloop
  endfacet
  facet normal 0 0 1
    outer loop
      vertex -51.891 -45.0615 11
      vertex -49.6737 -44.143 11
      vertex -49.8589 -43.6256 11
    endloop
  endfacet
  facet normal 0 0 1
    outer loop
      vertex -52.1555 -44.3223 11
      vertex -49.8589 -43.6256 11
      vertex -49.9924 -43.0925 11
    endloop
  endfacet
  facet normal 0 0 1
    outer loop
      vertex -52.3463 -43.5607 11
      vertex -49.9924 -43.0925 11
      vertex -50.073 -42.5489 11
    endloop
  endfacet
  facet normal 0 0 1
    outer loop
      vertex -48.4598 -45.9598 11
      vertex -50.1569 -47.6569 11
      vertex -49.5751 -48.1841 11
    endloop
  endfacet
  facet normal 0 0 1
    outer loop
      vertex -52.4615 -42.7841 11
      vertex -50.073 -42.5489 11
      vertex -50.1 -42 11
    endloop
  endfacet
  facet normal 0 0 1
    outer loop
      vertex -50.1 42 11
      vertex -52.5 42 11
      vertex -50.1 -42 11
    endloop
  endfacet
  facet normal 0 0 1
    outer loop
      vertex -52.5 42 11
      vertex -50.1569 47.6569 11
      vertex -50.6841 47.0751 11
    endloop
  endfacet
  facet normal 0 0 1
    outer loop
      vertex -52.5 -42 11
      vertex -50.1 -42 11
      vertex -52.5 42 11
    endloop
  endfacet
  facet normal 0 0 1
    outer loop
      vertex -52.5 42 11
      vertex -50.6841 47.0751 11
      vertex -51.1518 46.4446 11
    endloop
  endfacet
  facet normal 0 -0 1
    outer loop
      vertex -52.4615 -42.7841 11
      vertex -50.1 -42 11
      vertex -52.5 -42 11
    endloop
  endfacet
  facet normal 0 0 1
    outer loop
      vertex -52.5 42 11
      vertex -51.1518 46.4446 11
      vertex -51.5554 45.7712 11
    endloop
  endfacet
  facet normal 0 0 1
    outer loop
      vertex -48.8288 -45.5526 11
      vertex -50.6841 -47.0751 11
      vertex -50.1569 -47.6569 11
    endloop
  endfacet
  facet normal 0 0 1
    outer loop
      vertex -52.5 42 11
      vertex -51.5554 45.7712 11
      vertex -51.891 45.0615 11
    endloop
  endfacet
  facet normal 0 0 1
    outer loop
      vertex -49.1562 -45.1112 11
      vertex -51.1518 -46.4446 11
      vertex -50.6841 -47.0751 11
    endloop
  endfacet
  facet normal 0 0 1
    outer loop
      vertex -52.5 42 11
      vertex -51.891 45.0615 11
      vertex -52.1555 44.3223 11
    endloop
  endfacet
  facet normal 0 0 1
    outer loop
      vertex -49.4388 -44.6398 11
      vertex -51.5554 -45.7712 11
      vertex -51.1518 -46.4446 11
    endloop
  endfacet
  facet normal 0 0 1
    outer loop
      vertex -52.5 42 11
      vertex -52.1555 44.3223 11
      vertex -52.3463 43.5607 11
    endloop
  endfacet
  facet normal 0 0 1
    outer loop
      vertex -49.6737 -44.143 11
      vertex -51.891 -45.0615 11
      vertex -51.5554 -45.7712 11
    endloop
  endfacet
  facet normal 0 0 1
    outer loop
      vertex -52.5 42 11
      vertex -52.3463 43.5607 11
      vertex -52.4615 42.7841 11
    endloop
  endfacet
  facet normal 0 0 1
    outer loop
      vertex -49.8589 -43.6256 11
      vertex -52.1555 -44.3223 11
      vertex -51.891 -45.0615 11
    endloop
  endfacet
  facet normal 0 0 1
    outer loop
      vertex -49.9924 -43.0925 11
      vertex -52.3463 -43.5607 11
      vertex -52.1555 -44.3223 11
    endloop
  endfacet
  facet normal 0 0 1
    outer loop
      vertex -50.073 -42.5489 11
      vertex -52.4615 -42.7841 11
      vertex -52.3463 -43.5607 11
    endloop
  endfacet
  facet normal 0 0 1
    outer loop
      vertex 50.1 42 11
      vertex 52.5 42 11
      vertex 52.4615 42.7841 11
    endloop
  endfacet
  facet normal 0 0 1
    outer loop
      vertex 52.5 42 11
      vertex 50.1 42 11
      vertex 52.5 -42 11
    endloop
  endfacet
  facet normal 0 0 1
    outer loop
      vertex 50.073 42.5489 11
      vertex 52.4615 42.7841 11
      vertex 52.3463 43.5607 11
    endloop
  endfacet
  facet normal 0 0 1
    outer loop
      vertex 50.1 -42 11
      vertex 52.5 -42 11
      vertex 50.1 42 11
    endloop
  endfacet
  facet normal 0 0 1
    outer loop
      vertex 49.9924 43.0925 11
      vertex 52.3463 43.5607 11
      vertex 52.1555 44.3223 11
    endloop
  endfacet
  facet normal 0 0 1
    outer loop
      vertex 52.5 -42 11
      vertex 50.1 -42 11
      vertex 52.4615 -42.7841 11
    endloop
  endfacet
  facet normal 0 0 1
    outer loop
      vertex 49.8589 43.6256 11
      vertex 52.1555 44.3223 11
      vertex 51.891 45.0615 11
    endloop
  endfacet
  facet normal -0 0 1
    outer loop
      vertex 50.073 -42.5489 11
      vertex 52.4615 -42.7841 11
      vertex 50.1 -42 11
    endloop
  endfacet
  facet normal 0 0 1
    outer loop
      vertex 49.6737 44.143 11
      vertex 51.891 45.0615 11
      vertex 51.5554 45.7712 11
    endloop
  endfacet
  facet normal 0 0 1
    outer loop
      vertex 52.4615 -42.7841 11
      vertex 50.073 -42.5489 11
      vertex 52.3463 -43.5607 11
    endloop
  endfacet
  facet normal 0 0 1
    outer loop
      vertex 49.4388 44.6398 11
      vertex 51.5554 45.7712 11
      vertex 51.1518 46.4446 11
    endloop
  endfacet
  facet normal -0 0 1
    outer loop
      vertex 49.9924 -43.0925 11
      vertex 52.3463 -43.5607 11
      vertex 50.073 -42.5489 11
    endloop
  endfacet
  facet normal 0 0 1
    outer loop
      vertex 49.1562 45.1112 11
      vertex 51.1518 46.4446 11
      vertex 50.6841 47.0751 11
    endloop
  endfacet
  facet normal 0 0 1
    outer loop
      vertex 52.3463 -43.5607 11
      vertex 49.9924 -43.0925 11
      vertex 52.1555 -44.3223 11
    endloop
  endfacet
  facet normal 0 0 1
    outer loop
      vertex 48.8288 45.5526 11
      vertex 50.6841 47.0751 11
      vertex 50.1569 47.6569 11
    endloop
  endfacet
  facet normal -0 0 1
    outer loop
      vertex 49.8589 -43.6256 11
      vertex 52.1555 -44.3223 11
      vertex 49.9924 -43.0925 11
    endloop
  endfacet
  facet normal 0 0 1
    outer loop
      vertex 52.1555 -44.3223 11
      vertex 49.8589 -43.6256 11
      vertex 51.891 -45.0615 11
    endloop
  endfacet
  facet normal 0 0 1
    outer loop
      vertex 52.4615 42.7841 11
      vertex 50.073 42.5489 11
      vertex 50.1 42 11
    endloop
  endfacet
  facet normal 0 0 1
    outer loop
      vertex 52.3463 43.5607 11
      vertex 49.9924 43.0925 11
      vertex 50.073 42.5489 11
    endloop
  endfacet
  facet normal 0 0 1
    outer loop
      vertex 52.1555 44.3223 11
      vertex 49.8589 43.6256 11
      vertex 49.9924 43.0925 11
    endloop
  endfacet
  facet normal 0 0 1
    outer loop
      vertex 51.891 45.0615 11
      vertex 49.6737 44.143 11
      vertex 49.8589 43.6256 11
    endloop
  endfacet
  facet normal 0 0 1
    outer loop
      vertex 48.4598 45.9598 11
      vertex 50.1569 47.6569 11
      vertex 49.5751 48.1841 11
    endloop
  endfacet
  facet normal 0 0 1
    outer loop
      vertex 51.5554 45.7712 11
      vertex 49.4388 44.6398 11
      vertex 49.6737 44.143 11
    endloop
  endfacet
  facet normal 0 0 1
    outer loop
      vertex 51.1518 46.4446 11
      vertex 49.1562 45.1112 11
      vertex 49.4388 44.6398 11
    endloop
  endfacet
  facet normal 0 0 1
    outer loop
      vertex 48.0526 46.3288 11
      vertex 49.5751 48.1841 11
      vertex 48.9446 48.6518 11
    endloop
  endfacet
  facet normal 0 0 1
    outer loop
      vertex 50.6841 47.0751 11
      vertex 48.8288 45.5526 11
      vertex 49.1562 45.1112 11
    endloop
  endfacet
  facet normal 0 0 1
    outer loop
      vertex 50.1569 47.6569 11
      vertex 48.4598 45.9598 11
      vertex 48.8288 45.5526 11
    endloop
  endfacet
  facet normal 0 0 1
    outer loop
      vertex 47.6112 46.6562 11
      vertex 48.9446 48.6518 11
      vertex 48.2712 49.0554 11
    endloop
  endfacet
  facet normal 0 0 1
    outer loop
      vertex 49.5751 48.1841 11
      vertex 48.0526 46.3288 11
      vertex 48.4598 45.9598 11
    endloop
  endfacet
  facet normal 0 0 1
    outer loop
      vertex 48.9446 48.6518 11
      vertex 47.6112 46.6562 11
      vertex 48.0526 46.3288 11
    endloop
  endfacet
  facet normal 0 0 1
    outer loop
      vertex 47.1398 46.9388 11
      vertex 48.2712 49.0554 11
      vertex 47.5615 49.391 11
    endloop
  endfacet
  facet normal 0 0 1
    outer loop
      vertex 48.2712 49.0554 11
      vertex 47.1398 46.9388 11
      vertex 47.6112 46.6562 11
    endloop
  endfacet
  facet normal 0 0 1
    outer loop
      vertex 46.643 47.1737 11
      vertex 47.5615 49.391 11
      vertex 46.8223 49.6555 11
    endloop
  endfacet
  facet normal 0 0 1
    outer loop
      vertex 47.5615 49.391 11
      vertex 46.643 47.1737 11
      vertex 47.1398 46.9388 11
    endloop
  endfacet
  facet normal 0 0 1
    outer loop
      vertex 46.8223 49.6555 11
      vertex 46.1256 47.3589 11
      vertex 46.643 47.1737 11
    endloop
  endfacet
  facet normal 0 0 1
    outer loop
      vertex 46.0607 49.8463 11
      vertex 46.1256 47.3589 11
      vertex 46.8223 49.6555 11
    endloop
  endfacet
  facet normal 0 0 1
    outer loop
      vertex 46.0607 49.8463 11
      vertex 45.5925 47.4924 11
      vertex 46.1256 47.3589 11
    endloop
  endfacet
  facet normal 0 0 1
    outer loop
      vertex 45.2841 49.9615 11
      vertex 45.5925 47.4924 11
      vertex 46.0607 49.8463 11
    endloop
  endfacet
  facet normal 0 0 1
    outer loop
      vertex 45.2841 49.9615 11
      vertex 45.0489 47.573 11
      vertex 45.5925 47.4924 11
    endloop
  endfacet
  facet normal 0 0 1
    outer loop
      vertex 44.5 50 11
      vertex 45.0489 47.573 11
      vertex 45.2841 49.9615 11
    endloop
  endfacet
  facet normal 0 0 1
    outer loop
      vertex 44.5 50 11
      vertex 44.5 47.6 11
      vertex 45.0489 47.573 11
    endloop
  endfacet
  facet normal 0 0 1
    outer loop
      vertex 44.5 50 11
      vertex -44.5 47.6 11
      vertex 44.5 47.6 11
    endloop
  endfacet
  facet normal -0 0 1
    outer loop
      vertex -44.5 50 11
      vertex -44.5 47.6 11
      vertex 44.5 50 11
    endloop
  endfacet
  facet normal 0 0 1
    outer loop
      vertex -44.5 50 11
      vertex -45.0489 47.573 11
      vertex -44.5 47.6 11
    endloop
  endfacet
  facet normal -0 0 1
    outer loop
      vertex -45.2841 49.9615 11
      vertex -45.0489 47.573 11
      vertex -44.5 50 11
    endloop
  endfacet
  facet normal 0 0 1
    outer loop
      vertex -45.2841 49.9615 11
      vertex -45.5925 47.4924 11
      vertex -45.0489 47.573 11
    endloop
  endfacet
  facet normal -0 0 1
    outer loop
      vertex -46.0607 49.8463 11
      vertex -45.5925 47.4924 11
      vertex -45.2841 49.9615 11
    endloop
  endfacet
  facet normal 0 0 1
    outer loop
      vertex -46.0607 49.8463 11
      vertex -46.1256 47.3589 11
      vertex -45.5925 47.4924 11
    endloop
  endfacet
  facet normal -0 0 1
    outer loop
      vertex -46.8223 49.6555 11
      vertex -46.1256 47.3589 11
      vertex -46.0607 49.8463 11
    endloop
  endfacet
  facet normal 0 0 1
    outer loop
      vertex -46.1256 47.3589 11
      vertex -46.8223 49.6555 11
      vertex -46.643 47.1737 11
    endloop
  endfacet
  facet normal -0 0 1
    outer loop
      vertex -47.5615 49.391 11
      vertex -46.643 47.1737 11
      vertex -46.8223 49.6555 11
    endloop
  endfacet
  facet normal 0 0 1
    outer loop
      vertex -46.643 47.1737 11
      vertex -47.5615 49.391 11
      vertex -47.1398 46.9388 11
    endloop
  endfacet
  facet normal -0 0 1
    outer loop
      vertex -48.2712 49.0554 11
      vertex -47.1398 46.9388 11
      vertex -47.5615 49.391 11
    endloop
  endfacet
  facet normal 0 0 1
    outer loop
      vertex -47.1398 46.9388 11
      vertex -48.2712 49.0554 11
      vertex -47.6112 46.6562 11
    endloop
  endfacet
  facet normal -0 0 1
    outer loop
      vertex -48.9446 48.6518 11
      vertex -47.6112 46.6562 11
      vertex -48.2712 49.0554 11
    endloop
  endfacet
  facet normal 0 0 1
    outer loop
      vertex -47.6112 46.6562 11
      vertex -48.9446 48.6518 11
      vertex -48.0526 46.3288 11
    endloop
  endfacet
  facet normal -0 0 1
    outer loop
      vertex -49.5751 48.1841 11
      vertex -48.0526 46.3288 11
      vertex -48.9446 48.6518 11
    endloop
  endfacet
  facet normal 0 0 1
    outer loop
      vertex -48.0526 46.3288 11
      vertex -49.5751 48.1841 11
      vertex -48.4598 45.9598 11
    endloop
  endfacet
  facet normal -0 0 1
    outer loop
      vertex -50.1569 47.6569 11
      vertex -48.4598 45.9598 11
      vertex -49.5751 48.1841 11
    endloop
  endfacet
  facet normal 0 0 1
    outer loop
      vertex -48.4598 45.9598 11
      vertex -50.1569 47.6569 11
      vertex -48.8288 45.5526 11
    endloop
  endfacet
  facet normal 0 0 1
    outer loop
      vertex -48.8288 45.5526 11
      vertex -50.1569 47.6569 11
      vertex -49.1562 45.1112 11
    endloop
  endfacet
  facet normal 0 0 1
    outer loop
      vertex -49.1562 45.1112 11
      vertex -50.1569 47.6569 11
      vertex -49.4388 44.6398 11
    endloop
  endfacet
  facet normal 0 0 1
    outer loop
      vertex -49.4388 44.6398 11
      vertex -50.1569 47.6569 11
      vertex -49.6737 44.143 11
    endloop
  endfacet
  facet normal 0 0 1
    outer loop
      vertex -52.5 42 11
      vertex -49.6737 44.143 11
      vertex -50.1569 47.6569 11
    endloop
  endfacet
  facet normal 0 0 1
    outer loop
      vertex -49.6737 44.143 11
      vertex -52.5 42 11
      vertex -49.8589 43.6256 11
    endloop
  endfacet
  facet normal 0 0 1
    outer loop
      vertex -50.073 42.5489 11
      vertex -52.5 42 11
      vertex -50.1 42 11
    endloop
  endfacet
  facet normal 0 0 1
    outer loop
      vertex -49.9924 43.0925 11
      vertex -52.5 42 11
      vertex -50.073 42.5489 11
    endloop
  endfacet
  facet normal 0 0 1
    outer loop
      vertex -49.8589 43.6256 11
      vertex -52.5 42 11
      vertex -49.9924 43.0925 11
    endloop
  endfacet
  facet normal -0 0 1
    outer loop
      vertex 49.6737 -44.143 11
      vertex 51.891 -45.0615 11
      vertex 49.8589 -43.6256 11
    endloop
  endfacet
  facet normal 0 0 1
    outer loop
      vertex 51.891 -45.0615 11
      vertex 49.6737 -44.143 11
      vertex 51.5554 -45.7712 11
    endloop
  endfacet
  facet normal -0 0 1
    outer loop
      vertex 49.4388 -44.6398 11
      vertex 51.5554 -45.7712 11
      vertex 49.6737 -44.143 11
    endloop
  endfacet
  facet normal 0 0 1
    outer loop
      vertex 51.5554 -45.7712 11
      vertex 49.4388 -44.6398 11
      vertex 51.1518 -46.4446 11
    endloop
  endfacet
  facet normal -0 0 1
    outer loop
      vertex 49.1562 -45.1112 11
      vertex 51.1518 -46.4446 11
      vertex 49.4388 -44.6398 11
    endloop
  endfacet
  facet normal 0 0 1
    outer loop
      vertex 51.1518 -46.4446 11
      vertex 49.1562 -45.1112 11
      vertex 50.6841 -47.0751 11
    endloop
  endfacet
  facet normal -0 0 1
    outer loop
      vertex 48.8288 -45.5526 11
      vertex 50.6841 -47.0751 11
      vertex 49.1562 -45.1112 11
    endloop
  endfacet
  facet normal 0 0 1
    outer loop
      vertex 50.6841 -47.0751 11
      vertex 48.8288 -45.5526 11
      vertex 50.1569 -47.6569 11
    endloop
  endfacet
  facet normal -0 0 1
    outer loop
      vertex 48.4598 -45.9598 11
      vertex 50.1569 -47.6569 11
      vertex 48.8288 -45.5526 11
    endloop
  endfacet
  facet normal 0 0 1
    outer loop
      vertex 50.1569 -47.6569 11
      vertex 48.4598 -45.9598 11
      vertex 49.5751 -48.1841 11
    endloop
  endfacet
  facet normal -0 0 1
    outer loop
      vertex 48.0526 -46.3288 11
      vertex 49.5751 -48.1841 11
      vertex 48.4598 -45.9598 11
    endloop
  endfacet
  facet normal 0 0 1
    outer loop
      vertex 49.5751 -48.1841 11
      vertex 48.0526 -46.3288 11
      vertex 48.9446 -48.6518 11
    endloop
  endfacet
  facet normal -0 0 1
    outer loop
      vertex 47.6112 -46.6562 11
      vertex 48.9446 -48.6518 11
      vertex 48.0526 -46.3288 11
    endloop
  endfacet
  facet normal 0 0 1
    outer loop
      vertex 48.9446 -48.6518 11
      vertex 47.6112 -46.6562 11
      vertex 48.2712 -49.0554 11
    endloop
  endfacet
  facet normal -0 0 1
    outer loop
      vertex 47.1398 -46.9388 11
      vertex 48.2712 -49.0554 11
      vertex 47.6112 -46.6562 11
    endloop
  endfacet
  facet normal 0 0 1
    outer loop
      vertex 48.2712 -49.0554 11
      vertex 47.1398 -46.9388 11
      vertex 47.5615 -49.391 11
    endloop
  endfacet
  facet normal -0 0 1
    outer loop
      vertex 46.643 -47.1737 11
      vertex 47.5615 -49.391 11
      vertex 47.1398 -46.9388 11
    endloop
  endfacet
  facet normal 0 0 1
    outer loop
      vertex 47.5615 -49.391 11
      vertex 46.643 -47.1737 11
      vertex 46.8223 -49.6555 11
    endloop
  endfacet
  facet normal -0 0 1
    outer loop
      vertex 46.1256 -47.3589 11
      vertex 46.8223 -49.6555 11
      vertex 46.643 -47.1737 11
    endloop
  endfacet
  facet normal 0 0 1
    outer loop
      vertex 46.1256 -47.3589 11
      vertex 46.0607 -49.8463 11
      vertex 46.8223 -49.6555 11
    endloop
  endfacet
  facet normal -0 0 1
    outer loop
      vertex 45.5925 -47.4924 11
      vertex 46.0607 -49.8463 11
      vertex 46.1256 -47.3589 11
    endloop
  endfacet
  facet normal 0 0 1
    outer loop
      vertex 45.5925 -47.4924 11
      vertex 45.2841 -49.9615 11
      vertex 46.0607 -49.8463 11
    endloop
  endfacet
  facet normal -0 0 1
    outer loop
      vertex 45.0489 -47.573 11
      vertex 45.2841 -49.9615 11
      vertex 45.5925 -47.4924 11
    endloop
  endfacet
  facet normal 0 0 1
    outer loop
      vertex 45.0489 -47.573 11
      vertex 44.5 -50 11
      vertex 45.2841 -49.9615 11
    endloop
  endfacet
  facet normal -0 0 1
    outer loop
      vertex 44.5 -47.6 11
      vertex 44.5 -50 11
      vertex 45.0489 -47.573 11
    endloop
  endfacet
  facet normal -0 0 1
    outer loop
      vertex 13 -48.45 11
      vertex 44.5 -50 11
      vertex 44.5 -47.6 11
    endloop
  endfacet
  facet normal 0 0 1
    outer loop
      vertex 44.5 -50 11
      vertex 13 -48.45 11
      vertex 13 -50 11
    endloop
  endfacet
  facet normal 0.595773 -0.803153 0
    outer loop
      vertex 48.9446 -48.6518 3
      vertex 49.5751 -48.1841 11
      vertex 48.9446 -48.6518 11
    endloop
  endfacet
  facet normal 0.595773 -0.803153 0
    outer loop
      vertex 49.5751 -48.1841 11
      vertex 48.9446 -48.6518 3
      vertex 49.5751 -48.1841 3
    endloop
  endfacet
  facet normal 0.699872 0.103826 -0.706682
    outer loop
      vertex 52.4615 42.7841 3
      vertex 49.5 42.4925 0.0241949
      vertex 49.5 42.9694 0.0942614
    endloop
  endfacet
  facet normal -0.741023 0.67148 0
    outer loop
      vertex -50.6841 47.0751 5.5
      vertex -50.1569 47.6569 11
      vertex -50.1569 47.6569 5.5
    endloop
  endfacet
  facet normal -0.741023 0.67148 0
    outer loop
      vertex -50.1569 47.6569 11
      vertex -50.6841 47.0751 5.5
      vertex -50.6841 47.0751 11
    endloop
  endfacet
  facet normal -0.989145 0.14694 0
    outer loop
      vertex -52.422 43.05 3
      vertex -52.4615 42.7841 3
      vertex -52.422 43.05 5.5
    endloop
  endfacet
  facet normal -0.989192 0.146626 0
    outer loop
      vertex -52.422 43.05 5.5
      vertex -52.3463 43.5607 11
      vertex -52.3463 43.5607 5.5
    endloop
  endfacet
  facet normal -0.989145 0.14694 0
    outer loop
      vertex -52.4615 42.7841 11
      vertex -52.422 43.05 5.5
      vertex -52.4615 42.7841 3
    endloop
  endfacet
  facet normal -0.989176 0.146733 -1.01944e-05
    outer loop
      vertex -52.422 43.05 5.5
      vertex -52.4615 42.7841 11
      vertex -52.3463 43.5607 11
    endloop
  endfacet
  facet normal 0.67148 -0.741023 0
    outer loop
      vertex 49.5751 -48.1841 3
      vertex 50.1569 -47.6569 11
      vertex 49.5751 -48.1841 11
    endloop
  endfacet
  facet normal 0.67148 -0.741023 0
    outer loop
      vertex 50.1569 -47.6569 11
      vertex 49.5751 -48.1841 3
      vertex 50.1569 -47.6569 3
    endloop
  endfacet
  facet normal 0.302499 -0.639602 -0.706685
    outer loop
      vertex 48.2712 -49.0554 3
      vertex 46.4134 -46.6194 0
      vertex 46.857 -46.4096 0
    endloop
  endfacet
  facet normal -0.699868 -0.103834 -0.706685
    outer loop
      vertex -49.4039 -42.9754 0
      vertex -52.4615 -42.7841 3
      vertex -49.4759 -42.4901 0
    endloop
  endfacet
  facet normal 0.741023 0.67148 0
    outer loop
      vertex 50.6841 47.0751 11
      vertex 50.1569 47.6569 5.5
      vertex 50.1569 47.6569 11
    endloop
  endfacet
  facet normal 0.741023 0.67148 0
    outer loop
      vertex 50.1569 47.6569 5.5
      vertex 50.6841 47.0751 11
      vertex 50.6841 47.0751 5.5
    endloop
  endfacet
  facet normal 0.85774 0.514084 0
    outer loop
      vertex 51.5554 45.7712 11
      vertex 51.1518 46.4446 5.5
      vertex 51.1518 46.4446 11
    endloop
  endfacet
  facet normal 0.85774 0.514084 0
    outer loop
      vertex 51.1518 46.4446 5.5
      vertex 51.5554 45.7712 11
      vertex 51.5554 45.7712 5.5
    endloop
  endfacet
  facet normal -0.69996 0.103479 -0.706646
    outer loop
      vertex -49.5 42.9694 0.0942614
      vertex -49.7787 43.05 0.382127
      vertex -49.5 42.9946 0.0979516
    endloop
  endfacet
  facet normal -0.699869 0.103892 -0.706675
    outer loop
      vertex -52.4615 42.7841 3
      vertex -49.7787 43.05 0.382127
      vertex -49.5 42.9694 0.0942614
    endloop
  endfacet
  facet normal -0.699868 0.103967 -0.706665
    outer loop
      vertex -49.7787 43.05 0.382127
      vertex -52.4615 42.7841 3
      vertex -52.422 43.05 3
    endloop
  endfacet
  facet normal -0.363823 -0.606804 -0.706698
    outer loop
      vertex -46.857 -46.4096 0
      vertex -48.9446 -48.6518 3
      vertex -47.2778 -46.1573 0
    endloop
  endfacet
  facet normal 0.146733 0.989176 -0
    outer loop
      vertex 46.0607 49.8463 7
      vertex 45.2841 49.9615 11
      vertex 46.0607 49.8463 11
    endloop
  endfacet
  facet normal 0.146733 0.989176 0
    outer loop
      vertex 45.2841 49.9615 11
      vertex 46.0607 49.8463 7
      vertex 45.2841 49.9615 7
    endloop
  endfacet
  facet normal 0.427489 -0.90402 0
    outer loop
      vertex 47.5615 -49.391 3
      vertex 48.2712 -49.0554 11
      vertex 47.5615 -49.391 11
    endloop
  endfacet
  facet normal 0.427489 -0.90402 0
    outer loop
      vertex 48.2712 -49.0554 11
      vertex 47.5615 -49.391 3
      vertex 48.2712 -49.0554 3
    endloop
  endfacet
  facet normal -0.0490418 -0.998797 0
    outer loop
      vertex -45.2841 -49.9615 3
      vertex -44.5 -50 11
      vertex -45.2841 -49.9615 11
    endloop
  endfacet
  facet normal -0.0490418 -0.998797 -0
    outer loop
      vertex -44.5 -50 11
      vertex -45.2841 -49.9615 3
      vertex -44.5 -50 3
    endloop
  endfacet
  facet normal -0.989176 -0.146733 0
    outer loop
      vertex -52.3463 -43.5607 3
      vertex -52.4615 -42.7841 11
      vertex -52.4615 -42.7841 3
    endloop
  endfacet
  facet normal -0.989176 -0.146733 0
    outer loop
      vertex -52.4615 -42.7841 11
      vertex -52.3463 -43.5607 3
      vertex -52.3463 -43.5607 11
    endloop
  endfacet
  facet normal 0.243015 -0.970023 0
    outer loop
      vertex 46.0607 -49.8463 3
      vertex 46.8223 -49.6555 11
      vertex 46.0607 -49.8463 11
    endloop
  endfacet
  facet normal 0.243015 -0.970023 0
    outer loop
      vertex 46.8223 -49.6555 11
      vertex 46.0607 -49.8463 3
      vertex 46.8223 -49.6555 3
    endloop
  endfacet
  facet normal 0.70668 0.0347188 -0.70668
    outer loop
      vertex 52.5 42 3
      vertex 49.5 42 0
      vertex 49.5 42.4862 0.0238867
    endloop
  endfacet
  facet normal -0.514084 -0.85774 0
    outer loop
      vertex -48.9446 -48.6518 3
      vertex -48.2712 -49.0554 11
      vertex -48.9446 -48.6518 11
    endloop
  endfacet
  facet normal -0.514084 -0.85774 -0
    outer loop
      vertex -48.2712 -49.0554 11
      vertex -48.9446 -48.6518 3
      vertex -48.2712 -49.0554 3
    endloop
  endfacet
  facet normal -0.998797 0.0490418 0
    outer loop
      vertex -52.5 42 3
      vertex -52.4615 42.7841 11
      vertex -52.4615 42.7841 3
    endloop
  endfacet
  facet normal -0.998797 0.0490418 0
    outer loop
      vertex -52.4615 42.7841 11
      vertex -52.5 42 3
      vertex -52.5 42 11
    endloop
  endfacet
  facet normal -0.970023 -0.243015 0
    outer loop
      vertex -52.1555 -44.3223 3
      vertex -52.3463 -43.5607 11
      vertex -52.3463 -43.5607 3
    endloop
  endfacet
  facet normal -0.970023 -0.243015 0
    outer loop
      vertex -52.3463 -43.5607 11
      vertex -52.1555 -44.3223 3
      vertex -52.1555 -44.3223 11
    endloop
  endfacet
  facet normal -0.666176 -0.238353 -0.70668
    outer loop
      vertex -49.1194 -43.9134 0
      vertex -52.1555 -44.3223 3
      vertex -49.2847 -43.4514 0
    endloop
  endfacet
  facet normal 0 -0.707107 -0.707107
    outer loop
      vertex -44.5 -50 3
      vertex -13 -48.5 1.5
      vertex -13 -50 3
    endloop
  endfacet
  facet normal 0 -0.707107 -0.707107
    outer loop
      vertex -13 -48.5 1.5
      vertex -44.5 -47 0
      vertex 13 -48.5 1.5
    endloop
  endfacet
  facet normal 0 -0.707107 -0.707107
    outer loop
      vertex -44.5 -47 0
      vertex -13 -48.5 1.5
      vertex -44.5 -50 3
    endloop
  endfacet
  facet normal 0 -0.707107 -0.707107
    outer loop
      vertex 13 -48.5 1.5
      vertex 44.5 -50 3
      vertex 13 -50 3
    endloop
  endfacet
  facet normal 0 -0.707107 -0.707107
    outer loop
      vertex 13 -48.5 1.5
      vertex 44.5 -47 0
      vertex 44.5 -50 3
    endloop
  endfacet
  facet normal -0 -0.707107 -0.707107
    outer loop
      vertex 44.5 -47 0
      vertex 13 -48.5 1.5
      vertex -44.5 -47 0
    endloop
  endfacet
  facet normal 0.90402 -0.427489 0
    outer loop
      vertex 51.5554 -45.7712 11
      vertex 51.891 -45.0615 3
      vertex 51.891 -45.0615 11
    endloop
  endfacet
  facet normal 0.90402 -0.427489 0
    outer loop
      vertex 51.891 -45.0615 3
      vertex 51.5554 -45.7712 11
      vertex 51.5554 -45.7712 3
    endloop
  endfacet
  facet normal 0.146733 -0.989176 0
    outer loop
      vertex 45.2841 -49.9615 3
      vertex 46.0607 -49.8463 11
      vertex 45.2841 -49.9615 11
    endloop
  endfacet
  facet normal 0.146733 -0.989176 0
    outer loop
      vertex 46.0607 -49.8463 11
      vertex 45.2841 -49.9615 3
      vertex 46.0607 -49.8463 3
    endloop
  endfacet
  facet normal 0.989176 -0.146733 0
    outer loop
      vertex 52.3463 -43.5607 11
      vertex 52.4615 -42.7841 3
      vertex 52.4615 -42.7841 11
    endloop
  endfacet
  facet normal 0.989176 -0.146733 0
    outer loop
      vertex 52.4615 -42.7841 3
      vertex 52.3463 -43.5607 11
      vertex 52.3463 -43.5607 3
    endloop
  endfacet
  facet normal 0.94154 -0.336901 0
    outer loop
      vertex 51.891 -45.0615 11
      vertex 52.1555 -44.3223 3
      vertex 52.1555 -44.3223 11
    endloop
  endfacet
  facet normal 0.94154 -0.336901 0
    outer loop
      vertex 52.1555 -44.3223 3
      vertex 51.891 -45.0615 11
      vertex 51.891 -45.0615 3
    endloop
  endfacet
  facet normal -0.67148 -0.741023 0
    outer loop
      vertex -50.1569 -47.6569 3
      vertex -49.5751 -48.1841 11
      vertex -50.1569 -47.6569 11
    endloop
  endfacet
  facet normal -0.67148 -0.741023 -0
    outer loop
      vertex -49.5751 -48.1841 11
      vertex -50.1569 -47.6569 3
      vertex -49.5751 -48.1841 3
    endloop
  endfacet
  facet normal 0.970023 0.243015 0
    outer loop
      vertex 52.3463 43.5607 11
      vertex 52.1555 44.3223 5.5
      vertex 52.1555 44.3223 11
    endloop
  endfacet
  facet normal 0.970023 0.243015 0
    outer loop
      vertex 52.1555 44.3223 5.5
      vertex 52.3463 43.5607 11
      vertex 52.3463 43.5607 5.5
    endloop
  endfacet
  facet normal 0.606804 -0.363823 -0.706698
    outer loop
      vertex 51.1518 -46.4446 3
      vertex 48.6573 -44.7778 0
      vertex 48.9096 -44.357 0
    endloop
  endfacet
  facet normal 0.363729 -0.606875 -0.706685
    outer loop
      vertex 48.2712 -49.0554 3
      vertex 46.857 -46.4096 0
      vertex 48.9446 -48.6518 3
    endloop
  endfacet
  facet normal -0.803153 -0.595773 0
    outer loop
      vertex -50.6841 -47.0751 3
      vertex -51.1518 -46.4446 11
      vertex -51.1518 -46.4446 3
    endloop
  endfacet
  facet normal -0.803153 -0.595773 0
    outer loop
      vertex -51.1518 -46.4446 11
      vertex -50.6841 -47.0751 3
      vertex -50.6841 -47.0751 11
    endloop
  endfacet
  facet normal -0.90402 0.427489 0
    outer loop
      vertex -51.891 45.0615 5.5
      vertex -51.5554 45.7712 11
      vertex -51.5554 45.7712 5.5
    endloop
  endfacet
  facet normal -0.90402 0.427489 0
    outer loop
      vertex -51.5554 45.7712 11
      vertex -51.891 45.0615 5.5
      vertex -51.891 45.0615 11
    endloop
  endfacet
  facet normal -0.243015 -0.970023 0
    outer loop
      vertex -46.8223 -49.6555 3
      vertex -46.0607 -49.8463 11
      vertex -46.8223 -49.6555 11
    endloop
  endfacet
  facet normal -0.243015 -0.970023 -0
    outer loop
      vertex -46.0607 -49.8463 11
      vertex -46.8223 -49.6555 3
      vertex -46.0607 -49.8463 3
    endloop
  endfacet
  facet normal -0.67148 0.741023 0
    outer loop
      vertex -49.5751 48.1841 5.5
      vertex -50.1569 47.6569 11
      vertex -49.5751 48.1841 11
    endloop
  endfacet
  facet normal -0.67148 0.741023 0
    outer loop
      vertex -50.1569 47.6569 11
      vertex -49.5751 48.1841 5.5
      vertex -50.1569 47.6569 5.5
    endloop
  endfacet
  facet normal 0.90402 0.427489 0
    outer loop
      vertex 51.891 45.0615 11
      vertex 51.5554 45.7712 5.5
      vertex 51.5554 45.7712 11
    endloop
  endfacet
  facet normal 0.90402 0.427489 0
    outer loop
      vertex 51.5554 45.7712 5.5
      vertex 51.891 45.0615 11
      vertex 51.891 45.0615 5.5
    endloop
  endfacet
  facet normal -0.90402 -0.427489 0
    outer loop
      vertex -51.5554 -45.7712 3
      vertex -51.891 -45.0615 11
      vertex -51.891 -45.0615 3
    endloop
  endfacet
  facet normal -0.90402 -0.427489 0
    outer loop
      vertex -51.891 -45.0615 11
      vertex -51.5554 -45.7712 3
      vertex -51.5554 -45.7712 11
    endloop
  endfacet
  facet normal -0.94154 -0.336901 0
    outer loop
      vertex -51.891 -45.0615 3
      vertex -52.1555 -44.3223 11
      vertex -52.1555 -44.3223 3
    endloop
  endfacet
  facet normal -0.94154 -0.336901 0
    outer loop
      vertex -52.1555 -44.3223 11
      vertex -51.891 -45.0615 3
      vertex -51.891 -45.0615 11
    endloop
  endfacet
  facet normal -0.0346985 -0.706677 -0.706685
    outer loop
      vertex -44.5 -50 3
      vertex -45.2841 -49.9615 3
      vertex -44.9901 -46.9759 0
    endloop
  endfacet
  facet normal 0.666172 -0.238369 -0.706678
    outer loop
      vertex 51.891 -45.0615 3
      vertex 49.1194 -43.9134 0
      vertex 52.1555 -44.3223 3
    endloop
  endfacet
  facet normal 0.0346985 -0.706677 -0.706685
    outer loop
      vertex 45.2841 -49.9615 3
      vertex 44.5 -50 3
      vertex 44.9901 -46.9759 0
    endloop
  endfacet
  facet normal -0.803153 0.595773 0
    outer loop
      vertex -51.1518 46.4446 5.5
      vertex -50.6841 47.0751 11
      vertex -50.6841 47.0751 5.5
    endloop
  endfacet
  facet normal -0.803153 0.595773 0
    outer loop
      vertex -50.6841 47.0751 11
      vertex -51.1518 46.4446 5.5
      vertex -51.1518 46.4446 11
    endloop
  endfacet
  facet normal 0.56839 -0.421318 -0.7067
    outer loop
      vertex 51.1518 -46.4446 3
      vertex 48.3651 -45.172 0
      vertex 48.6573 -44.7778 0
    endloop
  endfacet
  facet normal 0.17194 -0.686318 -0.706686
    outer loop
      vertex 46.0607 -49.8463 3
      vertex 45.4754 -46.9039 0
      vertex 46.8223 -49.6555 3
    endloop
  endfacet
  facet normal 0.171874 -0.686342 -0.706678
    outer loop
      vertex 46.8223 -49.6555 3
      vertex 45.4754 -46.9039 0
      vertex 45.9514 -46.7847 0
    endloop
  endfacet
  facet normal 0.568263 -0.421533 -0.706674
    outer loop
      vertex 50.6841 -47.0751 3
      vertex 48.3651 -45.172 0
      vertex 51.1518 -46.4446 3
    endloop
  endfacet
  facet normal -0.427489 0.90402 0
    outer loop
      vertex -47.5615 49.391 7
      vertex -48.2712 49.0554 11
      vertex -47.5615 49.391 11
    endloop
  endfacet
  facet normal -0.427489 0.90402 0
    outer loop
      vertex -48.2712 49.0554 11
      vertex -47.5615 49.391 7
      vertex -48.2712 49.0554 7
    endloop
  endfacet
  facet normal 0.989192 0.146626 0
    outer loop
      vertex 52.3463 43.5607 11
      vertex 52.422 43.05 5.5
      vertex 52.3463 43.5607 5.5
    endloop
  endfacet
  facet normal 0.989176 0.146733 -1.01944e-05
    outer loop
      vertex 52.4615 42.7841 11
      vertex 52.422 43.05 5.5
      vertex 52.3463 43.5607 11
    endloop
  endfacet
  facet normal 0.989145 0.14694 -0
    outer loop
      vertex 52.4615 42.7841 3
      vertex 52.422 43.05 5.5
      vertex 52.4615 42.7841 11
    endloop
  endfacet
  facet normal 0.989145 0.14694 0
    outer loop
      vertex 52.422 43.05 5.5
      vertex 52.4615 42.7841 3
      vertex 52.422 43.05 3
    endloop
  endfacet
  facet normal -0.706689 0.0345712 -0.706679
    outer loop
      vertex -49.5 42.4862 0.0238867
      vertex -52.4615 42.7841 3
      vertex -49.5 42.4925 0.0241949
    endloop
  endfacet
  facet normal -0.706679 0.0346986 -0.706683
    outer loop
      vertex -52.4615 42.7841 3
      vertex -49.5 42.4862 0.0238867
      vertex -52.5 42 3
    endloop
  endfacet
  facet normal 0.803153 0.595773 0
    outer loop
      vertex 51.1518 46.4446 11
      vertex 50.6841 47.0751 5.5
      vertex 50.6841 47.0751 11
    endloop
  endfacet
  facet normal 0.803153 0.595773 0
    outer loop
      vertex 50.6841 47.0751 5.5
      vertex 51.1518 46.4446 11
      vertex 51.1518 46.4446 5.5
    endloop
  endfacet
  facet normal 0 0.707107 -0.707107
    outer loop
      vertex 32.475 47 0
      vertex -32.475 50 3
      vertex 32.475 50 3
    endloop
  endfacet
  facet normal 0 0.707107 -0.707107
    outer loop
      vertex -32.475 50 3
      vertex 32.475 47 0
      vertex -32.475 47 0
    endloop
  endfacet
  facet normal -0.0490418 0.998797 0
    outer loop
      vertex -44.5 50 7
      vertex -45.2841 49.9615 11
      vertex -44.5 50 11
    endloop
  endfacet
  facet normal -0.0490418 0.998797 0
    outer loop
      vertex -45.2841 49.9615 11
      vertex -44.5 50 7
      vertex -45.2841 49.9615 7
    endloop
  endfacet
  facet normal -0.146733 0.989176 0
    outer loop
      vertex -45.2841 49.9615 7
      vertex -46.0607 49.8463 11
      vertex -45.2841 49.9615 11
    endloop
  endfacet
  facet normal -0.146733 0.989176 0
    outer loop
      vertex -46.0607 49.8463 11
      vertex -45.2841 49.9615 7
      vertex -46.0607 49.8463 7
    endloop
  endfacet
  facet normal 0.421318 -0.56839 -0.7067
    outer loop
      vertex 48.9446 -48.6518 3
      vertex 47.2778 -46.1573 0
      vertex 47.672 -45.8651 0
    endloop
  endfacet
  facet normal -0.238369 -0.666172 -0.706678
    outer loop
      vertex -46.8223 -49.6555 3
      vertex -47.5615 -49.391 3
      vertex -46.4134 -46.6194 0
    endloop
  endfacet
  facet normal 0.70668 -0.03475 -0.70668
    outer loop
      vertex 52.5 -42 3
      vertex 49.4759 -42.4901 0
      vertex 49.5 -42 0
    endloop
  endfacet
  facet normal -0.524289 -0.475087 -0.706692
    outer loop
      vertex -50.1569 -47.6569 3
      vertex -50.6841 -47.0751 3
      vertex -48.0355 -45.5355 0
    endloop
  endfacet
  facet normal -0.475087 -0.524289 -0.706692
    outer loop
      vertex -49.5751 -48.1841 3
      vertex -50.1569 -47.6569 3
      vertex -48.0355 -45.5355 0
    endloop
  endfacet
  facet normal -0.970023 0.243015 0
    outer loop
      vertex -52.3463 43.5607 5.5
      vertex -52.1555 44.3223 11
      vertex -52.1555 44.3223 5.5
    endloop
  endfacet
  facet normal -0.970023 0.243015 0
    outer loop
      vertex -52.1555 44.3223 11
      vertex -52.3463 43.5607 5.5
      vertex -52.3463 43.5607 11
    endloop
  endfacet
  facet normal -0.707107 0 -0.707107
    outer loop
      vertex -49.5 -42 0
      vertex -52.5 42 3
      vertex -49.5 42 0
    endloop
  endfacet
  facet normal -0.707107 -0 -0.707107
    outer loop
      vertex -52.5 42 3
      vertex -49.5 -42 0
      vertex -52.5 -42 3
    endloop
  endfacet
  facet normal -0.103818 -0.699869 -0.706686
    outer loop
      vertex -45.2841 -49.9615 3
      vertex -46.0607 -49.8463 3
      vertex -45.4754 -46.9039 0
    endloop
  endfacet
  facet normal -0.302499 -0.639602 -0.706685
    outer loop
      vertex -46.4134 -46.6194 0
      vertex -48.2712 -49.0554 3
      vertex -46.857 -46.4096 0
    endloop
  endfacet
  facet normal -0.85774 0.514084 0
    outer loop
      vertex -51.5554 45.7712 5.5
      vertex -51.1518 46.4446 11
      vertex -51.1518 46.4446 5.5
    endloop
  endfacet
  facet normal -0.85774 0.514084 0
    outer loop
      vertex -51.1518 46.4446 11
      vertex -51.5554 45.7712 5.5
      vertex -51.5554 45.7712 11
    endloop
  endfacet
  facet normal 0 0 -1
    outer loop
      vertex 49.5 -42 0
      vertex 32.475 43.05 0
      vertex 35.5 43.05 0
    endloop
  endfacet
  facet normal 0 0 -1
    outer loop
      vertex 32.475 43.05 0
      vertex -32.475 43.05 0
      vertex 32.475 47 0
    endloop
  endfacet
  facet normal 0 0 -1
    outer loop
      vertex 44.5 -47 0
      vertex -32.475 43.05 0
      vertex 32.475 43.05 0
    endloop
  endfacet
  facet normal 0 0 -1
    outer loop
      vertex -44.5 -47 0
      vertex -32.475 43.05 0
      vertex 44.5 -47 0
    endloop
  endfacet
  facet normal 0 0 -1
    outer loop
      vertex -49.5 -42 0
      vertex -32.475 43.05 0
      vertex -44.5 -47 0
    endloop
  endfacet
  facet normal -0 0 -1
    outer loop
      vertex -32.475 43.05 0
      vertex -49.5 -42 0
      vertex -35.5 43.05 0
    endloop
  endfacet
  facet normal 0 0 -1
    outer loop
      vertex -49.5 -42 0
      vertex -44.5 -47 0
      vertex -44.9901 -46.9759 0
    endloop
  endfacet
  facet normal 0 0 -1
    outer loop
      vertex -49.5 -42 0
      vertex -44.9901 -46.9759 0
      vertex -45.4754 -46.9039 0
    endloop
  endfacet
  facet normal 0 0 -1
    outer loop
      vertex -49.5 -42 0
      vertex -45.4754 -46.9039 0
      vertex -45.9514 -46.7847 0
    endloop
  endfacet
  facet normal 0 0 -1
    outer loop
      vertex -49.5 -42 0
      vertex -45.9514 -46.7847 0
      vertex -46.4134 -46.6194 0
    endloop
  endfacet
  facet normal 0 0 -1
    outer loop
      vertex -49.5 -42 0
      vertex -46.4134 -46.6194 0
      vertex -46.857 -46.4096 0
    endloop
  endfacet
  facet normal 0 0 -1
    outer loop
      vertex -49.5 -42 0
      vertex -46.857 -46.4096 0
      vertex -47.2778 -46.1573 0
    endloop
  endfacet
  facet normal 0 0 -1
    outer loop
      vertex -49.5 -42 0
      vertex -47.2778 -46.1573 0
      vertex -47.672 -45.8651 0
    endloop
  endfacet
  facet normal 0 0 -1
    outer loop
      vertex -49.5 -42 0
      vertex -47.672 -45.8651 0
      vertex -48.0355 -45.5355 0
    endloop
  endfacet
  facet normal 0 0 -1
    outer loop
      vertex -49.5 -42 0
      vertex -48.0355 -45.5355 0
      vertex -48.3651 -45.172 0
    endloop
  endfacet
  facet normal 0 0 -1
    outer loop
      vertex -49.5 -42 0
      vertex -48.3651 -45.172 0
      vertex -48.6573 -44.7778 0
    endloop
  endfacet
  facet normal 0 0 -1
    outer loop
      vertex -49.5 -42 0
      vertex -48.6573 -44.7778 0
      vertex -48.9096 -44.357 0
    endloop
  endfacet
  facet normal 0 0 -1
    outer loop
      vertex -49.5 -42 0
      vertex -48.9096 -44.357 0
      vertex -49.1194 -43.9134 0
    endloop
  endfacet
  facet normal 0 0 -1
    outer loop
      vertex -49.5 -42 0
      vertex -49.1194 -43.9134 0
      vertex -49.2847 -43.4514 0
    endloop
  endfacet
  facet normal 0 0 -1
    outer loop
      vertex -49.5 -42 0
      vertex -49.2847 -43.4514 0
      vertex -49.4039 -42.9754 0
    endloop
  endfacet
  facet normal 0 0 -1
    outer loop
      vertex -49.5 -42 0
      vertex -49.4039 -42.9754 0
      vertex -49.4759 -42.4901 0
    endloop
  endfacet
  facet normal 0 0 -1
    outer loop
      vertex -49.5 42 0
      vertex -35.5 43.05 0
      vertex -49.5 -42 0
    endloop
  endfacet
  facet normal 0 0 -1
    outer loop
      vertex -49.5 53.5 0
      vertex -35.5 43.05 0
      vertex -49.5 42 0
    endloop
  endfacet
  facet normal 0 0 -1
    outer loop
      vertex -35.5 43.05 0
      vertex -49.5 53.5 0
      vertex -35.5 53.5 0
    endloop
  endfacet
  facet normal 0 0 -1
    outer loop
      vertex 35.5 43.05 0
      vertex 49.5 42 0
      vertex 49.5 -42 0
    endloop
  endfacet
  facet normal 0 0 -1
    outer loop
      vertex 44.5 -47 0
      vertex 49.5 -42 0
      vertex 49.4759 -42.4901 0
    endloop
  endfacet
  facet normal 0 0 -1
    outer loop
      vertex 44.5 -47 0
      vertex 49.4759 -42.4901 0
      vertex 49.4039 -42.9754 0
    endloop
  endfacet
  facet normal 0 0 -1
    outer loop
      vertex 44.5 -47 0
      vertex 49.4039 -42.9754 0
      vertex 49.2847 -43.4514 0
    endloop
  endfacet
  facet normal 0 0 -1
    outer loop
      vertex 44.5 -47 0
      vertex 49.2847 -43.4514 0
      vertex 49.1194 -43.9134 0
    endloop
  endfacet
  facet normal 0 0 -1
    outer loop
      vertex 44.5 -47 0
      vertex 49.1194 -43.9134 0
      vertex 48.9096 -44.357 0
    endloop
  endfacet
  facet normal 0 0 -1
    outer loop
      vertex 44.5 -47 0
      vertex 48.9096 -44.357 0
      vertex 48.6573 -44.7778 0
    endloop
  endfacet
  facet normal 0 0 -1
    outer loop
      vertex 44.5 -47 0
      vertex 48.6573 -44.7778 0
      vertex 48.3651 -45.172 0
    endloop
  endfacet
  facet normal 0 0 -1
    outer loop
      vertex 44.5 -47 0
      vertex 48.3651 -45.172 0
      vertex 48.0355 -45.5355 0
    endloop
  endfacet
  facet normal 0 0 -1
    outer loop
      vertex 44.5 -47 0
      vertex 48.0355 -45.5355 0
      vertex 47.672 -45.8651 0
    endloop
  endfacet
  facet normal 0 0 -1
    outer loop
      vertex 44.5 -47 0
      vertex 47.672 -45.8651 0
      vertex 47.2778 -46.1573 0
    endloop
  endfacet
  facet normal 0 0 -1
    outer loop
      vertex 44.5 -47 0
      vertex 47.2778 -46.1573 0
      vertex 46.857 -46.4096 0
    endloop
  endfacet
  facet normal 0 0 -1
    outer loop
      vertex 44.5 -47 0
      vertex 46.857 -46.4096 0
      vertex 46.4134 -46.6194 0
    endloop
  endfacet
  facet normal 0 0 -1
    outer loop
      vertex 44.5 -47 0
      vertex 46.4134 -46.6194 0
      vertex 45.9514 -46.7847 0
    endloop
  endfacet
  facet normal 0 0 -1
    outer loop
      vertex 44.5 -47 0
      vertex 45.9514 -46.7847 0
      vertex 45.4754 -46.9039 0
    endloop
  endfacet
  facet normal 0 0 -1
    outer loop
      vertex 44.5 -47 0
      vertex 45.4754 -46.9039 0
      vertex 44.9901 -46.9759 0
    endloop
  endfacet
  facet normal 0 0 -1
    outer loop
      vertex 32.475 43.05 0
      vertex 49.5 -42 0
      vertex 44.5 -47 0
    endloop
  endfacet
  facet normal 0 0 -1
    outer loop
      vertex 49.5 42 0
      vertex 35.5 43.05 0
      vertex 49.5 53.5 0
    endloop
  endfacet
  facet normal -0 0 -1
    outer loop
      vertex 49.5 53.5 0
      vertex 35.5 43.05 0
      vertex 35.5 53.5 0
    endloop
  endfacet
  facet normal -0 0 -1
    outer loop
      vertex 32.475 47 0
      vertex -32.475 43.05 0
      vertex -32.475 47 0
    endloop
  endfacet
  facet normal 0.03475 -0.70668 -0.70668
    outer loop
      vertex 44.9901 -46.9759 0
      vertex 44.5 -50 3
      vertex 44.5 -47 0
    endloop
  endfacet
  facet normal 0.706689 0.0345712 -0.706679
    outer loop
      vertex 52.4615 42.7841 3
      vertex 49.5 42.4862 0.0238867
      vertex 49.5 42.4925 0.0241949
    endloop
  endfacet
  facet normal 0.706679 0.0346986 -0.706683
    outer loop
      vertex 49.5 42.4862 0.0238867
      vertex 52.4615 42.7841 3
      vertex 52.5 42 3
    endloop
  endfacet
  facet normal -0.421318 -0.56839 -0.7067
    outer loop
      vertex -47.2778 -46.1573 0
      vertex -48.9446 -48.6518 3
      vertex -47.672 -45.8651 0
    endloop
  endfacet
  facet normal -0.103834 -0.699868 -0.706685
    outer loop
      vertex -45.2841 -49.9615 3
      vertex -45.4754 -46.9039 0
      vertex -44.9901 -46.9759 0
    endloop
  endfacet
  facet normal 0.85774 -0.514084 0
    outer loop
      vertex 51.1518 -46.4446 11
      vertex 51.5554 -45.7712 3
      vertex 51.5554 -45.7712 11
    endloop
  endfacet
  facet normal 0.85774 -0.514084 0
    outer loop
      vertex 51.5554 -45.7712 3
      vertex 51.1518 -46.4446 11
      vertex 51.1518 -46.4446 3
    endloop
  endfacet
  facet normal 0.302463 -0.639624 -0.70668
    outer loop
      vertex 47.5615 -49.391 3
      vertex 46.4134 -46.6194 0
      vertex 48.2712 -49.0554 3
    endloop
  endfacet
  facet normal 0.475272 -0.524154 -0.706668
    outer loop
      vertex 49.5751 -48.1841 3
      vertex 47.672 -45.8651 0
      vertex 48.0355 -45.5355 0
    endloop
  endfacet
  facet normal 0.238369 -0.666172 -0.706678
    outer loop
      vertex 46.8223 -49.6555 3
      vertex 46.4134 -46.6194 0
      vertex 47.5615 -49.391 3
    endloop
  endfacet
  facet normal 0.238353 -0.666176 -0.70668
    outer loop
      vertex 46.8223 -49.6555 3
      vertex 45.9514 -46.7847 0
      vertex 46.4134 -46.6194 0
    endloop
  endfacet
  facet normal 0.67148 0.741023 -0
    outer loop
      vertex 50.1569 47.6569 5.5
      vertex 49.5751 48.1841 11
      vertex 50.1569 47.6569 11
    endloop
  endfacet
  facet normal 0.67148 0.741023 0
    outer loop
      vertex 49.5751 48.1841 11
      vertex 50.1569 47.6569 5.5
      vertex 49.5751 48.1841 5.5
    endloop
  endfacet
  facet normal 0.741023 -0.67148 0
    outer loop
      vertex 50.1569 -47.6569 11
      vertex 50.6841 -47.0751 3
      vertex 50.6841 -47.0751 11
    endloop
  endfacet
  facet normal 0.741023 -0.67148 0
    outer loop
      vertex 50.6841 -47.0751 3
      vertex 50.1569 -47.6569 11
      vertex 50.1569 -47.6569 3
    endloop
  endfacet
  facet normal 0.94154 0.336901 0
    outer loop
      vertex 52.1555 44.3223 11
      vertex 51.891 45.0615 5.5
      vertex 51.891 45.0615 11
    endloop
  endfacet
  facet normal 0.94154 0.336901 0
    outer loop
      vertex 51.891 45.0615 5.5
      vertex 52.1555 44.3223 11
      vertex 52.1555 44.3223 5.5
    endloop
  endfacet
  facet normal -0.639602 -0.302499 -0.706685
    outer loop
      vertex -48.9096 -44.357 0
      vertex -51.5554 -45.7712 3
      vertex -49.1194 -43.9134 0
    endloop
  endfacet
  facet normal 0.639624 -0.302463 -0.70668
    outer loop
      vertex 51.5554 -45.7712 3
      vertex 49.1194 -43.9134 0
      vertex 51.891 -45.0615 3
    endloop
  endfacet
  facet normal -0.03475 -0.70668 -0.70668
    outer loop
      vertex -44.5 -50 3
      vertex -44.9901 -46.9759 0
      vertex -44.5 -47 0
    endloop
  endfacet
  facet normal 0.427489 0.90402 -0
    outer loop
      vertex 48.2712 49.0554 7
      vertex 47.5615 49.391 11
      vertex 48.2712 49.0554 11
    endloop
  endfacet
  facet normal 0.427489 0.90402 0
    outer loop
      vertex 47.5615 49.391 11
      vertex 48.2712 49.0554 7
      vertex 47.5615 49.391 7
    endloop
  endfacet
  facet normal -0.595773 -0.803153 0
    outer loop
      vertex -49.5751 -48.1841 3
      vertex -48.9446 -48.6518 11
      vertex -49.5751 -48.1841 11
    endloop
  endfacet
  facet normal -0.595773 -0.803153 -0
    outer loop
      vertex -48.9446 -48.6518 11
      vertex -49.5751 -48.1841 3
      vertex -48.9446 -48.6518 3
    endloop
  endfacet
  facet normal -0.568263 -0.421533 -0.706674
    outer loop
      vertex -50.6841 -47.0751 3
      vertex -51.1518 -46.4446 3
      vertex -48.3651 -45.172 0
    endloop
  endfacet
  facet normal 0.998797 0.0490418 0
    outer loop
      vertex 52.5 42 11
      vertex 52.4615 42.7841 3
      vertex 52.4615 42.7841 11
    endloop
  endfacet
  facet normal 0.998797 0.0490418 0
    outer loop
      vertex 52.4615 42.7841 3
      vertex 52.5 42 11
      vertex 52.5 42 3
    endloop
  endfacet
  facet normal -0.475272 -0.524154 -0.706668
    outer loop
      vertex -47.672 -45.8651 0
      vertex -49.5751 -48.1841 3
      vertex -48.0355 -45.5355 0
    endloop
  endfacet
  facet normal -0.421533 -0.568263 -0.706674
    outer loop
      vertex -48.9446 -48.6518 3
      vertex -49.5751 -48.1841 3
      vertex -47.672 -45.8651 0
    endloop
  endfacet
  facet normal -0.302463 -0.639624 -0.70668
    outer loop
      vertex -47.5615 -49.391 3
      vertex -48.2712 -49.0554 3
      vertex -46.4134 -46.6194 0
    endloop
  endfacet
  facet normal -0.639624 -0.302463 -0.70668
    outer loop
      vertex -51.5554 -45.7712 3
      vertex -51.891 -45.0615 3
      vertex -49.1194 -43.9134 0
    endloop
  endfacet
  facet normal -0.70668 0.0347188 -0.70668
    outer loop
      vertex -49.5 42 0
      vertex -52.5 42 3
      vertex -49.5 42.4862 0.0238867
    endloop
  endfacet
  facet normal -0.666172 -0.238369 -0.706678
    outer loop
      vertex -51.891 -45.0615 3
      vertex -52.1555 -44.3223 3
      vertex -49.1194 -43.9134 0
    endloop
  endfacet
  facet normal -0.238353 -0.666176 -0.70668
    outer loop
      vertex -45.9514 -46.7847 0
      vertex -46.8223 -49.6555 3
      vertex -46.4134 -46.6194 0
    endloop
  endfacet
  facet normal -0.146733 -0.989176 0
    outer loop
      vertex -46.0607 -49.8463 3
      vertex -45.2841 -49.9615 11
      vertex -46.0607 -49.8463 11
    endloop
  endfacet
  facet normal -0.146733 -0.989176 -0
    outer loop
      vertex -45.2841 -49.9615 11
      vertex -46.0607 -49.8463 3
      vertex -45.2841 -49.9615 3
    endloop
  endfacet
  facet normal -0.70668 -0.03475 -0.70668
    outer loop
      vertex -49.4759 -42.4901 0
      vertex -52.5 -42 3
      vertex -49.5 -42 0
    endloop
  endfacet
  facet normal -0.686547 0.172061 -0.706433
    outer loop
      vertex -49.5 43.0225 0.104742
      vertex -49.5562 43.05 0.166058
      vertex -49.5 43.05 0.11144
    endloop
  endfacet
  facet normal 0.363823 -0.606804 -0.706698
    outer loop
      vertex 48.9446 -48.6518 3
      vertex 46.857 -46.4096 0
      vertex 47.2778 -46.1573 0
    endloop
  endfacet
  facet normal -0.94154 0.336901 0
    outer loop
      vertex -52.1555 44.3223 5.5
      vertex -51.891 45.0615 11
      vertex -51.891 45.0615 5.5
    endloop
  endfacet
  facet normal -0.94154 0.336901 0
    outer loop
      vertex -51.891 45.0615 11
      vertex -52.1555 44.3223 5.5
      vertex -52.1555 44.3223 11
    endloop
  endfacet
  facet normal 0.639602 -0.302499 -0.706685
    outer loop
      vertex 51.5554 -45.7712 3
      vertex 48.9096 -44.357 0
      vertex 49.1194 -43.9134 0
    endloop
  endfacet
  facet normal -0.699869 -0.103818 -0.706686
    outer loop
      vertex -52.3463 -43.5607 3
      vertex -52.4615 -42.7841 3
      vertex -49.4039 -42.9754 0
    endloop
  endfacet
  facet normal 0.524154 -0.475272 -0.706668
    outer loop
      vertex 50.6841 -47.0751 3
      vertex 48.0355 -45.5355 0
      vertex 48.3651 -45.172 0
    endloop
  endfacet
  facet normal 0.524289 -0.475087 -0.706692
    outer loop
      vertex 50.1569 -47.6569 3
      vertex 48.0355 -45.5355 0
      vertex 50.6841 -47.0751 3
    endloop
  endfacet
  facet normal 0.970023 -0.243015 0
    outer loop
      vertex 52.1555 -44.3223 11
      vertex 52.3463 -43.5607 3
      vertex 52.3463 -43.5607 11
    endloop
  endfacet
  facet normal 0.970023 -0.243015 0
    outer loop
      vertex 52.3463 -43.5607 3
      vertex 52.1555 -44.3223 11
      vertex 52.1555 -44.3223 3
    endloop
  endfacet
  facet normal 0.686342 -0.171874 -0.706678
    outer loop
      vertex 52.1555 -44.3223 3
      vertex 49.2847 -43.4514 0
      vertex 49.4039 -42.9754 0
    endloop
  endfacet
  facet normal 0.514084 0.85774 -0
    outer loop
      vertex 48.9446 48.6518 7
      vertex 48.2712 49.0554 11
      vertex 48.9446 48.6518 11
    endloop
  endfacet
  facet normal 0.514084 0.85774 0
    outer loop
      vertex 48.2712 49.0554 11
      vertex 48.9446 48.6518 7
      vertex 48.2712 49.0554 7
    endloop
  endfacet
  facet normal 0.336901 0.94154 -0
    outer loop
      vertex 47.5615 49.391 7
      vertex 46.8223 49.6555 11
      vertex 47.5615 49.391 11
    endloop
  endfacet
  facet normal 0.336901 0.94154 0
    outer loop
      vertex 46.8223 49.6555 11
      vertex 47.5615 49.391 7
      vertex 46.8223 49.6555 7
    endloop
  endfacet
  facet normal 0.595773 0.803153 -1.72605e-06
    outer loop
      vertex 49.5751 48.1841 11
      vertex 49.5 48.2398 7
      vertex 48.9446 48.6518 11
    endloop
  endfacet
  facet normal 0.595713 0.803197 -0
    outer loop
      vertex 49.5751 48.1841 5.5
      vertex 49.5 48.2398 7
      vertex 49.5751 48.1841 11
    endloop
  endfacet
  facet normal 0.595713 0.803197 0
    outer loop
      vertex 49.5 48.2398 7
      vertex 49.5751 48.1841 5.5
      vertex 49.5 48.2398 5.5
    endloop
  endfacet
  facet normal 0.595781 0.803147 0
    outer loop
      vertex 48.9446 48.6518 11
      vertex 49.5 48.2398 7
      vertex 48.9446 48.6518 7
    endloop
  endfacet
  facet normal 0.706677 -0.0346985 -0.706685
    outer loop
      vertex 52.4615 -42.7841 3
      vertex 49.4759 -42.4901 0
      vertex 52.5 -42 3
    endloop
  endfacet
  facet normal -0.686318 -0.17194 -0.706686
    outer loop
      vertex -52.1555 -44.3223 3
      vertex -52.3463 -43.5607 3
      vertex -49.4039 -42.9754 0
    endloop
  endfacet
  facet normal 0.998797 -0.0490418 0
    outer loop
      vertex 52.4615 -42.7841 11
      vertex 52.5 -42 3
      vertex 52.5 -42 11
    endloop
  endfacet
  facet normal 0.998797 -0.0490418 0
    outer loop
      vertex 52.5 -42 3
      vertex 52.4615 -42.7841 11
      vertex 52.4615 -42.7841 3
    endloop
  endfacet
  facet normal -0.514084 0.85774 0
    outer loop
      vertex -48.2712 49.0554 7
      vertex -48.9446 48.6518 11
      vertex -48.2712 49.0554 11
    endloop
  endfacet
  facet normal -0.514084 0.85774 0
    outer loop
      vertex -48.9446 48.6518 11
      vertex -48.2712 49.0554 7
      vertex -48.9446 48.6518 7
    endloop
  endfacet
  facet normal 0.686547 0.172061 -0.706433
    outer loop
      vertex 49.5562 43.05 0.166058
      vertex 49.5 43.0225 0.104742
      vertex 49.5 43.05 0.11144
    endloop
  endfacet
  facet normal -0.595781 0.803147 0
    outer loop
      vertex -49.5 48.2398 7
      vertex -48.9446 48.6518 11
      vertex -48.9446 48.6518 7
    endloop
  endfacet
  facet normal -0.595773 0.803153 -1.72605e-06
    outer loop
      vertex -48.9446 48.6518 11
      vertex -49.5 48.2398 7
      vertex -49.5751 48.1841 11
    endloop
  endfacet
  facet normal -0.595713 0.803197 0
    outer loop
      vertex -49.5751 48.1841 5.5
      vertex -49.5 48.2398 7
      vertex -49.5 48.2398 5.5
    endloop
  endfacet
  facet normal -0.595713 0.803197 0
    outer loop
      vertex -49.5 48.2398 7
      vertex -49.5751 48.1841 5.5
      vertex -49.5751 48.1841 11
    endloop
  endfacet
  facet normal 0.666176 -0.238353 -0.70668
    outer loop
      vertex 52.1555 -44.3223 3
      vertex 49.1194 -43.9134 0
      vertex 49.2847 -43.4514 0
    endloop
  endfacet
  facet normal -0.171874 -0.686342 -0.706678
    outer loop
      vertex -45.4754 -46.9039 0
      vertex -46.8223 -49.6555 3
      vertex -45.9514 -46.7847 0
    endloop
  endfacet
  facet normal -0.17194 -0.686318 -0.706686
    outer loop
      vertex -46.0607 -49.8463 3
      vertex -46.8223 -49.6555 3
      vertex -45.4754 -46.9039 0
    endloop
  endfacet
  facet normal -0.524154 -0.475272 -0.706668
    outer loop
      vertex -48.0355 -45.5355 0
      vertex -50.6841 -47.0751 3
      vertex -48.3651 -45.172 0
    endloop
  endfacet
  facet normal -0.56839 -0.421318 -0.7067
    outer loop
      vertex -48.3651 -45.172 0
      vertex -51.1518 -46.4446 3
      vertex -48.6573 -44.7778 0
    endloop
  endfacet
  facet normal -0.606804 -0.363823 -0.706698
    outer loop
      vertex -48.6573 -44.7778 0
      vertex -51.1518 -46.4446 3
      vertex -48.9096 -44.357 0
    endloop
  endfacet
  facet normal -0.706677 -0.0346985 -0.706685
    outer loop
      vertex -52.4615 -42.7841 3
      vertex -52.5 -42 3
      vertex -49.4759 -42.4901 0
    endloop
  endfacet
  facet normal 0.243015 0.970023 -0
    outer loop
      vertex 46.8223 49.6555 7
      vertex 46.0607 49.8463 11
      vertex 46.8223 49.6555 11
    endloop
  endfacet
  facet normal 0.243015 0.970023 0
    outer loop
      vertex 46.0607 49.8463 11
      vertex 46.8223 49.6555 7
      vertex 46.0607 49.8463 7
    endloop
  endfacet
  facet normal -0.686342 -0.171874 -0.706678
    outer loop
      vertex -49.2847 -43.4514 0
      vertex -52.1555 -44.3223 3
      vertex -49.4039 -42.9754 0
    endloop
  endfacet
  facet normal -0.606875 -0.363729 -0.706685
    outer loop
      vertex -51.1518 -46.4446 3
      vertex -51.5554 -45.7712 3
      vertex -48.9096 -44.357 0
    endloop
  endfacet
  facet normal 0.699868 -0.103834 -0.706685
    outer loop
      vertex 52.4615 -42.7841 3
      vertex 49.4039 -42.9754 0
      vertex 49.4759 -42.4901 0
    endloop
  endfacet
  facet normal 0.686318 -0.17194 -0.706686
    outer loop
      vertex 52.1555 -44.3223 3
      vertex 49.4039 -42.9754 0
      vertex 52.3463 -43.5607 3
    endloop
  endfacet
  facet normal 0.699869 -0.103818 -0.706686
    outer loop
      vertex 52.3463 -43.5607 3
      vertex 49.4039 -42.9754 0
      vertex 52.4615 -42.7841 3
    endloop
  endfacet
  facet normal 0.146667 -0.989186 0
    outer loop
      vertex -45.5925 47.4924 7
      vertex -45.0489 47.573 11
      vertex -45.5925 47.4924 11
    endloop
  endfacet
  facet normal 0.146667 -0.989186 0
    outer loop
      vertex -45.0489 47.573 11
      vertex -45.5925 47.4924 7
      vertex -45.0489 47.573 7
    endloop
  endfacet
  facet normal 0 -1 0
    outer loop
      vertex -32.475 47.6 5.4
      vertex 32.475 47.6 5.5
      vertex -32.475 47.6 5.5
    endloop
  endfacet
  facet normal 0 -1 -0
    outer loop
      vertex 32.475 47.6 5.5
      vertex -32.475 47.6 5.4
      vertex 32.475 47.6 5.4
    endloop
  endfacet
  facet normal 0 -1 0
    outer loop
      vertex -32.475 47.6 5.5
      vertex -35.5 47.6 7
      vertex -35.5 47.6 5.5
    endloop
  endfacet
  facet normal 0 -1 0
    outer loop
      vertex -35.5 47.6 7
      vertex -32.475 47.6 5.5
      vertex 35.5 47.6 7
    endloop
  endfacet
  facet normal 0 -1 0
    outer loop
      vertex 32.475 47.6 5.5
      vertex 35.5 47.6 7
      vertex -32.475 47.6 5.5
    endloop
  endfacet
  facet normal 0 -1 -0
    outer loop
      vertex 35.5 47.6 7
      vertex 32.475 47.6 5.5
      vertex 35.5 47.6 5.5
    endloop
  endfacet
  facet normal 0 -1 0
    outer loop
      vertex -35.5 47.6 7
      vertex -44.5 47.6 11
      vertex -44.5 47.6 7
    endloop
  endfacet
  facet normal 0 -1 0
    outer loop
      vertex -44.5 47.6 11
      vertex -35.5 47.6 7
      vertex 44.5 47.6 11
    endloop
  endfacet
  facet normal 0 -1 0
    outer loop
      vertex 35.5 47.6 7
      vertex 44.5 47.6 11
      vertex -35.5 47.6 7
    endloop
  endfacet
  facet normal 0 -1 -0
    outer loop
      vertex 44.5 47.6 11
      vertex 35.5 47.6 7
      vertex 44.5 47.6 7
    endloop
  endfacet
  facet normal 0.970046 0.242921 0
    outer loop
      vertex -49.8589 -43.6256 11
      vertex -49.9924 -43.0925 5.4
      vertex -49.9924 -43.0925 11
    endloop
  endfacet
  facet normal 0.970046 0.242921 0
    outer loop
      vertex -49.9924 -43.0925 5.4
      vertex -49.8589 -43.6256 11
      vertex -49.8589 -43.6256 5.4
    endloop
  endfacet
  facet normal 0 0.707107 0.707107
    outer loop
      vertex 44.5 -44.6 2.4
      vertex -44.5 -47.6 5.4
      vertex 44.5 -47.6 5.4
    endloop
  endfacet
  facet normal 0 0.707107 0.707107
    outer loop
      vertex -44.5 -47.6 5.4
      vertex 44.5 -44.6 2.4
      vertex -44.5 -44.6 2.4
    endloop
  endfacet
  facet normal -0.514175 0.857686 0
    outer loop
      vertex 47.6112 -46.6562 5.4
      vertex 47.1398 -46.9388 11
      vertex 47.6112 -46.6562 11
    endloop
  endfacet
  facet normal -0.514175 0.857686 0
    outer loop
      vertex 47.1398 -46.9388 11
      vertex 47.6112 -46.6562 5.4
      vertex 47.1398 -46.9388 5.4
    endloop
  endfacet
  facet normal 0.639559 0.302584 0.706687
    outer loop
      vertex -46.793 -43.2256 2.4
      vertex -46.9021 -42.995 2.4
      vertex -49.4388 -44.6398 5.4
    endloop
  endfacet
  facet normal -0.707108 0 0.707105
    outer loop
      vertex 47.1 39 2.4
      vertex 47.1 -42 2.4
      vertex 49.5 39 4.80001
    endloop
  endfacet
  facet normal -0.707101 0 0.707113
    outer loop
      vertex 49.5 39 4.80001
      vertex 50.1 42 5.4
      vertex 49.5 42 4.80001
    endloop
  endfacet
  facet normal -0.707107 -8.72971e-08 0.707107
    outer loop
      vertex 50.1 -42 5.4
      vertex 49.5 39 4.80001
      vertex 47.1 -42 2.4
    endloop
  endfacet
  facet normal -0.707101 0 0.707113
    outer loop
      vertex 49.5 39 4.80001
      vertex 50.1 -42 5.4
      vertex 50.1 42 5.4
    endloop
  endfacet
  facet normal 0.686321 0.171927 0.706686
    outer loop
      vertex -46.988 -42.7547 2.4
      vertex -47.05 -42.5072 2.4
      vertex -49.9924 -43.0925 5.4
    endloop
  endfacet
  facet normal -0.363738 0.606877 0.706679
    outer loop
      vertex 47.6112 -46.6562 5.4
      vertex 45.9445 -44.1618 2.4
      vertex 45.7256 -44.293 2.4
    endloop
  endfacet
  facet normal 0.475104 0.524288 0.706681
    outer loop
      vertex -48.0526 -46.3288 5.4
      vertex -46.1494 -44.0098 2.4
      vertex -48.4598 -45.9598 5.4
    endloop
  endfacet
  facet normal 0.0491299 -0.998792 0
    outer loop
      vertex -45.0489 47.573 7
      vertex -44.5 47.6 11
      vertex -45.0489 47.573 11
    endloop
  endfacet
  facet normal 0.0491299 -0.998792 0
    outer loop
      vertex -44.5 47.6 11
      vertex -45.0489 47.573 7
      vertex -44.5 47.6 7
    endloop
  endfacet
  facet normal 0.707101 0 0.707113
    outer loop
      vertex -50.1 42 5.4
      vertex -49.5 39 4.80001
      vertex -49.5 42 4.80001
    endloop
  endfacet
  facet normal 0.707101 -0 0.707113
    outer loop
      vertex -50.1 -42 5.4
      vertex -49.5 39 4.80001
      vertex -50.1 42 5.4
    endloop
  endfacet
  facet normal 0.707108 -1.09121e-07 0.707105
    outer loop
      vertex -50.1 -42 5.4
      vertex -47.1 39 2.4
      vertex -49.5 39 4.80001
    endloop
  endfacet
  facet normal 0.707107 0 0.707107
    outer loop
      vertex -47.1 39 2.4
      vertex -50.1 -42 5.4
      vertex -47.1 -42 2.4
    endloop
  endfacet
  facet normal -0.904121 -0.427276 0
    outer loop
      vertex 49.5 44.5103 7
      vertex 49.4388 44.6398 11
      vertex 49.4388 44.6398 7
    endloop
  endfacet
  facet normal -0.904008 -0.427515 -0
    outer loop
      vertex 49.6737 44.143 11
      vertex 49.5 44.5103 7
      vertex 49.6737 44.143 5.5
    endloop
  endfacet
  facet normal -0.904038 -0.427453 7.00138e-06
    outer loop
      vertex 49.5 44.5103 7
      vertex 49.6737 44.143 11
      vertex 49.4388 44.6398 11
    endloop
  endfacet
  facet normal -0.904008 -0.427515 0
    outer loop
      vertex 49.5 44.5103 5.5
      vertex 49.6737 44.143 5.5
      vertex 49.5 44.5103 7
    endloop
  endfacet
  facet normal 0.606877 0.363738 0.706679
    outer loop
      vertex -46.6618 -43.4445 2.4
      vertex -46.793 -43.2256 2.4
      vertex -49.1562 -45.1112 5.4
    endloop
  endfacet
  facet normal 0.514175 -0.857686 0
    outer loop
      vertex -47.6112 46.6562 7
      vertex -47.1398 46.9388 11
      vertex -47.6112 46.6562 11
    endloop
  endfacet
  facet normal 0.514175 -0.857686 0
    outer loop
      vertex -47.1398 46.9388 11
      vertex -47.6112 46.6562 7
      vertex -47.1398 46.9388 7
    endloop
  endfacet
  facet normal -0.699897 -0.103675 0.706679
    outer loop
      vertex 50.073 42.5489 5.4
      vertex 49.5 42.541 4.83134
      vertex 49.5 42.4924 4.82421
    endloop
  endfacet
  facet normal 0.666255 0.238166 0.706669
    outer loop
      vertex -46.9021 -42.995 2.4
      vertex -46.988 -42.7547 2.4
      vertex -49.6737 -44.143 5.4
    endloop
  endfacet
  facet normal 0.171872 0.68633 0.70669
    outer loop
      vertex -45.5925 -47.4924 5.4
      vertex -45.2547 -44.488 2.4
      vertex -46.1256 -47.3589 5.4
    endloop
  endfacet
  facet normal -0.74101 0.671494 0
    outer loop
      vertex 48.4598 -45.9598 5.4
      vertex 48.8288 -45.5526 11
      vertex 48.8288 -45.5526 5.4
    endloop
  endfacet
  facet normal -0.74101 0.671494 0
    outer loop
      vertex 48.8288 -45.5526 11
      vertex 48.4598 -45.9598 5.4
      vertex 48.4598 -45.9598 11
    endloop
  endfacet
  facet normal 1 -0 0
    outer loop
      vertex -50.1 -42 11
      vertex -50.1 42 5.4
      vertex -50.1 42 11
    endloop
  endfacet
  facet normal 1 0 0
    outer loop
      vertex -50.1 42 5.4
      vertex -50.1 -42 11
      vertex -50.1 -42 5.4
    endloop
  endfacet
  facet normal 0.0347611 0.706679 0.706679
    outer loop
      vertex -44.5 -47.6 5.4
      vertex -44.5 -44.6 2.4
      vertex -45.0489 -47.573 5.4
    endloop
  endfacet
  facet normal 0 1 -0
    outer loop
      vertex -3 -47.6 7.9
      vertex -13 -47.6 9.5
      vertex -3 -47.6 9.5
    endloop
  endfacet
  facet normal 0 1 0
    outer loop
      vertex -13 -47.6 9.5
      vertex -3 -47.6 7.9
      vertex -13 -47.6 7.9
    endloop
  endfacet
  facet normal 0 1 -0
    outer loop
      vertex 13 -47.6 7.9
      vertex 3 -47.6 9.5
      vertex 13 -47.6 9.5
    endloop
  endfacet
  facet normal 0 1 0
    outer loop
      vertex 3 -47.6 9.5
      vertex 13 -47.6 7.9
      vertex 3 -47.6 7.9
    endloop
  endfacet
  facet normal 0 1 0
    outer loop
      vertex 13 -47.6 9.5
      vertex 44.5 -47.6 11
      vertex 19 -47.6 9.5
    endloop
  endfacet
  facet normal 0 1 0
    outer loop
      vertex 44.5 -47.6 11
      vertex 19 -47.6 7.9
      vertex 19 -47.6 9.5
    endloop
  endfacet
  facet normal 0 1 0
    outer loop
      vertex 44.5 -47.6 5.4
      vertex 13 -47.6 7.9
      vertex 19 -47.6 7.9
    endloop
  endfacet
  facet normal 0 1 0
    outer loop
      vertex 13 -47.6 7.9
      vertex 44.5 -47.6 5.4
      vertex 3 -47.6 7.9
    endloop
  endfacet
  facet normal 0 1 0
    outer loop
      vertex 3 -47.6 7.9
      vertex 44.5 -47.6 5.4
      vertex -3 -47.6 7.9
    endloop
  endfacet
  facet normal 0 1 0
    outer loop
      vertex -44.5 -47.6 5.4
      vertex -3 -47.6 7.9
      vertex 44.5 -47.6 5.4
    endloop
  endfacet
  facet normal 0 1 0
    outer loop
      vertex -3 -47.6 7.9
      vertex -44.5 -47.6 5.4
      vertex -13 -47.6 7.9
    endloop
  endfacet
  facet normal 0 1 -0
    outer loop
      vertex 44.5 -47.6 5.4
      vertex 19 -47.6 7.9
      vertex 44.5 -47.6 11
    endloop
  endfacet
  facet normal 0 1 0
    outer loop
      vertex 3 -47.6 9.5
      vertex 44.5 -47.6 11
      vertex 13 -47.6 9.5
    endloop
  endfacet
  facet normal 0 1 0
    outer loop
      vertex 44.5 -47.6 11
      vertex 3 -47.6 9.5
      vertex -44.5 -47.6 11
    endloop
  endfacet
  facet normal 0 1 -0
    outer loop
      vertex -3 -47.6 9.5
      vertex -44.5 -47.6 11
      vertex 3 -47.6 9.5
    endloop
  endfacet
  facet normal 0 1 -0
    outer loop
      vertex -13 -47.6 9.5
      vertex -44.5 -47.6 11
      vertex -3 -47.6 9.5
    endloop
  endfacet
  facet normal 0 1 -0
    outer loop
      vertex -19 -47.6 9.5
      vertex -44.5 -47.6 11
      vertex -13 -47.6 9.5
    endloop
  endfacet
  facet normal 0 1 -0
    outer loop
      vertex -19 -47.6 7.9
      vertex -44.5 -47.6 11
      vertex -19 -47.6 9.5
    endloop
  endfacet
  facet normal 0 1 0
    outer loop
      vertex -19 -47.6 7.9
      vertex -44.5 -47.6 5.4
      vertex -44.5 -47.6 11
    endloop
  endfacet
  facet normal 0 1 0
    outer loop
      vertex -13 -47.6 7.9
      vertex -44.5 -47.6 5.4
      vertex -19 -47.6 7.9
    endloop
  endfacet
  facet normal -0.0491299 0.998792 0
    outer loop
      vertex 45.0489 -47.573 5.4
      vertex 44.5 -47.6 11
      vertex 45.0489 -47.573 11
    endloop
  endfacet
  facet normal -0.0491299 0.998792 0
    outer loop
      vertex 44.5 -47.6 11
      vertex 45.0489 -47.573 5.4
      vertex 44.5 -47.6 5.4
    endloop
  endfacet
  facet normal -0.427453 -0.904038 0
    outer loop
      vertex 46.643 47.1737 7
      vertex 47.1398 46.9388 11
      vertex 46.643 47.1737 11
    endloop
  endfacet
  facet normal -0.427453 -0.904038 -0
    outer loop
      vertex 47.1398 46.9388 11
      vertex 46.643 47.1737 7
      vertex 47.1398 46.9388 7
    endloop
  endfacet
  facet normal -0.0347611 0.706679 0.706679
    outer loop
      vertex 45.0489 -47.573 5.4
      vertex 44.5 -44.6 2.4
      vertex 44.5 -47.6 5.4
    endloop
  endfacet
  facet normal -0.970046 -0.242921 0
    outer loop
      vertex 49.9924 43.0925 5.5
      vertex 49.8589 43.6256 11
      vertex 49.8589 43.6256 5.5
    endloop
  endfacet
  facet normal -0.970046 -0.242921 0
    outer loop
      vertex 49.8589 43.6256 11
      vertex 49.9924 43.0925 5.5
      vertex 49.9924 43.0925 11
    endloop
  endfacet
  facet normal -0.242921 -0.970046 0
    outer loop
      vertex 45.5925 47.4924 7
      vertex 46.1256 47.3589 11
      vertex 45.5925 47.4924 11
    endloop
  endfacet
  facet normal -0.242921 -0.970046 -0
    outer loop
      vertex 46.1256 47.3589 11
      vertex 45.5925 47.4924 7
      vertex 46.1256 47.3589 7
    endloop
  endfacet
  facet normal -0.904038 0.427453 0
    outer loop
      vertex 49.4388 -44.6398 5.4
      vertex 49.6737 -44.143 11
      vertex 49.6737 -44.143 5.4
    endloop
  endfacet
  facet normal -0.904038 0.427453 0
    outer loop
      vertex 49.6737 -44.143 11
      vertex 49.4388 -44.6398 5.4
      vertex 49.4388 -44.6398 11
    endloop
  endfacet
  facet normal 0.242921 0.970046 -0
    outer loop
      vertex -45.5925 -47.4924 5.4
      vertex -46.1256 -47.3589 11
      vertex -45.5925 -47.4924 11
    endloop
  endfacet
  facet normal 0.242921 0.970046 0
    outer loop
      vertex -46.1256 -47.3589 11
      vertex -45.5925 -47.4924 5.4
      vertex -46.1256 -47.3589 5.4
    endloop
  endfacet
  facet normal 0.998792 0.0491299 0
    outer loop
      vertex -50.073 -42.5489 11
      vertex -50.1 -42 5.4
      vertex -50.1 -42 11
    endloop
  endfacet
  facet normal 0.998792 0.0491299 0
    outer loop
      vertex -50.1 -42 5.4
      vertex -50.073 -42.5489 11
      vertex -50.073 -42.5489 5.4
    endloop
  endfacet
  facet normal -0.427453 0.904038 0
    outer loop
      vertex 47.1398 -46.9388 5.4
      vertex 46.643 -47.1737 11
      vertex 47.1398 -46.9388 11
    endloop
  endfacet
  facet normal -0.427453 0.904038 0
    outer loop
      vertex 46.643 -47.1737 11
      vertex 47.1398 -46.9388 5.4
      vertex 46.643 -47.1737 5.4
    endloop
  endfacet
  facet normal -0.421507 0.568274 0.70668
    outer loop
      vertex 47.6112 -46.6562 5.4
      vertex 48.0526 -46.3288 5.4
      vertex 46.1494 -44.0098 2.4
    endloop
  endfacet
  facet normal 0.699862 -0.10383 0.706691
    outer loop
      vertex -49.7788 43.05 5.18223
      vertex -49.5 42.541 4.83134
      vertex -49.5 42.9945 4.89797
    endloop
  endfacet
  facet normal 0.699858 -0.103771 0.706704
    outer loop
      vertex -50.073 42.5489 5.4
      vertex -49.7788 43.05 5.18223
      vertex -49.9987 43.05 5.4
    endloop
  endfacet
  facet normal 0.699887 -0.103802 0.706671
    outer loop
      vertex -49.7788 43.05 5.18223
      vertex -50.073 42.5489 5.4
      vertex -49.5 42.541 4.83134
    endloop
  endfacet
  facet normal -0.238166 0.666255 0.706669
    outer loop
      vertex 46.643 -47.1737 5.4
      vertex 45.495 -44.4021 2.4
      vertex 45.2547 -44.488 2.4
    endloop
  endfacet
  facet normal 0 -0.707107 0.707107
    outer loop
      vertex -32.475 44.6 2.4
      vertex 32.475 47.6 5.4
      vertex -32.475 47.6 5.4
    endloop
  endfacet
  facet normal 0 -0.707107 0.707107
    outer loop
      vertex 32.475 47.6 5.4
      vertex -32.475 44.6 2.4
      vertex 32.475 44.6 2.4
    endloop
  endfacet
  facet normal 0.639641 0.302439 0.706676
    outer loop
      vertex -49.4388 -44.6398 5.4
      vertex -46.9021 -42.995 2.4
      vertex -49.6737 -44.143 5.4
    endloop
  endfacet
  facet normal 0.904121 -0.427276 0
    outer loop
      vertex -49.4388 44.6398 11
      vertex -49.5 44.5103 7
      vertex -49.4388 44.6398 7
    endloop
  endfacet
  facet normal 0.904038 -0.427453 7.00138e-06
    outer loop
      vertex -49.6737 44.143 11
      vertex -49.5 44.5103 7
      vertex -49.4388 44.6398 11
    endloop
  endfacet
  facet normal 0.904008 -0.427515 0
    outer loop
      vertex -49.6737 44.143 5.5
      vertex -49.5 44.5103 7
      vertex -49.6737 44.143 11
    endloop
  endfacet
  facet normal 0.904008 -0.427515 0
    outer loop
      vertex -49.5 44.5103 7
      vertex -49.6737 44.143 5.5
      vertex -49.5 44.5103 5.5
    endloop
  endfacet
  facet normal 0.427453 -0.904038 0
    outer loop
      vertex -47.1398 46.9388 7
      vertex -46.643 47.1737 11
      vertex -47.1398 46.9388 11
    endloop
  endfacet
  facet normal 0.427453 -0.904038 0
    outer loop
      vertex -46.643 47.1737 11
      vertex -47.1398 46.9388 7
      vertex -46.643 47.1737 7
    endloop
  endfacet
  facet normal 0.238166 0.666255 0.706669
    outer loop
      vertex -45.2547 -44.488 2.4
      vertex -45.495 -44.4021 2.4
      vertex -46.643 -47.1737 5.4
    endloop
  endfacet
  facet normal -0.666136 0.238439 0.706689
    outer loop
      vertex 49.6737 -44.143 5.4
      vertex 49.8589 -43.6256 5.4
      vertex 46.988 -42.7547 2.4
    endloop
  endfacet
  facet normal -0.171872 0.68633 0.70669
    outer loop
      vertex 45.5925 -47.4924 5.4
      vertex 46.1256 -47.3589 5.4
      vertex 45.2547 -44.488 2.4
    endloop
  endfacet
  facet normal -0.0491299 -0.998792 0
    outer loop
      vertex 44.5 47.6 7
      vertex 45.0489 47.573 11
      vertex 44.5 47.6 11
    endloop
  endfacet
  facet normal -0.0491299 -0.998792 -0
    outer loop
      vertex 45.0489 47.573 11
      vertex 44.5 47.6 7
      vertex 45.0489 47.573 7
    endloop
  endfacet
  facet normal -0.998792 -0.0491299 0
    outer loop
      vertex 50.1 42 5.4
      vertex 50.073 42.5489 11
      vertex 50.073 42.5489 5.4
    endloop
  endfacet
  facet normal -0.998792 -0.0491299 0
    outer loop
      vertex 50.073 42.5489 11
      vertex 50.1 42 5.4
      vertex 50.1 42 11
    endloop
  endfacet
  facet normal -0.363794 0.606838 0.706683
    outer loop
      vertex 47.1398 -46.9388 5.4
      vertex 47.6112 -46.6562 5.4
      vertex 45.7256 -44.293 2.4
    endloop
  endfacet
  facet normal 0.803177 -0.595741 0
    outer loop
      vertex -49.1562 45.1112 11
      vertex -48.8288 45.5526 7
      vertex -48.8288 45.5526 11
    endloop
  endfacet
  facet normal 0.803177 -0.595741 0
    outer loop
      vertex -48.8288 45.5526 7
      vertex -49.1562 45.1112 11
      vertex -49.1562 45.1112 7
    endloop
  endfacet
  facet normal -0.706683 -0.0347612 0.706676
    outer loop
      vertex 49.5 42.4431 4.82179
      vertex 50.1 42 5.4
      vertex 50.073 42.5489 5.4
    endloop
  endfacet
  facet normal -0.706674 -0.0347362 0.706686
    outer loop
      vertex 50.1 42 5.4
      vertex 49.5 42.4431 4.82179
      vertex 49.5 42 4.80001
    endloop
  endfacet
  facet normal -0.421543 0.568251 0.706677
    outer loop
      vertex 47.6112 -46.6562 5.4
      vertex 46.1494 -44.0098 2.4
      vertex 45.9445 -44.1618 2.4
    endloop
  endfacet
  facet normal -0.103771 0.699877 0.706685
    outer loop
      vertex 45.0489 -47.573 5.4
      vertex 45.5925 -47.4924 5.4
      vertex 45.0072 -44.55 2.4
    endloop
  endfacet
  facet normal 0.568274 0.421507 0.70668
    outer loop
      vertex -48.8288 -45.5526 5.4
      vertex -46.5098 -43.6494 2.4
      vertex -49.1562 -45.1112 5.4
    endloop
  endfacet
  facet normal 0.970046 -0.242921 0
    outer loop
      vertex -49.9924 43.0925 11
      vertex -49.8589 43.6256 5.5
      vertex -49.8589 43.6256 11
    endloop
  endfacet
  facet normal 0.970046 -0.242921 0
    outer loop
      vertex -49.8589 43.6256 5.5
      vertex -49.9924 43.0925 11
      vertex -49.9924 43.0925 5.5
    endloop
  endfacet
  facet normal 0.146667 0.989186 -0
    outer loop
      vertex -45.0489 -47.573 5.4
      vertex -45.5925 -47.4924 11
      vertex -45.0489 -47.573 11
    endloop
  endfacet
  facet normal 0.146667 0.989186 0
    outer loop
      vertex -45.5925 -47.4924 11
      vertex -45.0489 -47.573 5.4
      vertex -45.5925 -47.4924 5.4
    endloop
  endfacet
  facet normal 0.671494 0.74101 -0
    outer loop
      vertex -48.0526 -46.3288 5.4
      vertex -48.4598 -45.9598 11
      vertex -48.0526 -46.3288 11
    endloop
  endfacet
  facet normal 0.671494 0.74101 0
    outer loop
      vertex -48.4598 -45.9598 11
      vertex -48.0526 -46.3288 5.4
      vertex -48.4598 -45.9598 5.4
    endloop
  endfacet
  facet normal -0.69986 0.103981 0.706671
    outer loop
      vertex 50.073 -42.5489 5.4
      vertex 47.0875 -42.2548 2.4
      vertex 47.05 -42.5072 2.4
    endloop
  endfacet
  facet normal -0.568251 0.421543 0.706677
    outer loop
      vertex 49.1562 -45.1112 5.4
      vertex 46.6618 -43.4445 2.4
      vertex 46.5098 -43.6494 2.4
    endloop
  endfacet
  facet normal -0.998792 0.0491299 0
    outer loop
      vertex 50.073 -42.5489 5.4
      vertex 50.1 -42 11
      vertex 50.1 -42 5.4
    endloop
  endfacet
  facet normal -0.998792 0.0491299 0
    outer loop
      vertex 50.1 -42 11
      vertex 50.073 -42.5489 5.4
      vertex 50.073 -42.5489 11
    endloop
  endfacet
  facet normal 0.514175 0.857686 -0
    outer loop
      vertex -47.1398 -46.9388 5.4
      vertex -47.6112 -46.6562 11
      vertex -47.1398 -46.9388 11
    endloop
  endfacet
  facet normal 0.514175 0.857686 0
    outer loop
      vertex -47.6112 -46.6562 11
      vertex -47.1398 -46.9388 5.4
      vertex -47.6112 -46.6562 5.4
    endloop
  endfacet
  facet normal -0.238439 0.666136 0.706689
    outer loop
      vertex 46.1256 -47.3589 5.4
      vertex 46.643 -47.1737 5.4
      vertex 45.2547 -44.488 2.4
    endloop
  endfacet
  facet normal -1 0 0
    outer loop
      vertex 50.1 -42 5.4
      vertex 50.1 42 11
      vertex 50.1 42 5.4
    endloop
  endfacet
  facet normal -1 -0 0
    outer loop
      vertex 50.1 42 11
      vertex 50.1 -42 5.4
      vertex 50.1 -42 11
    endloop
  endfacet
  facet normal -0.803177 0.595741 0
    outer loop
      vertex 48.8288 -45.5526 5.4
      vertex 49.1562 -45.1112 11
      vertex 49.1562 -45.1112 5.4
    endloop
  endfacet
  facet normal -0.803177 0.595741 0
    outer loop
      vertex 49.1562 -45.1112 11
      vertex 48.8288 -45.5526 5.4
      vertex 48.8288 -45.5526 11
    endloop
  endfacet
  facet normal -0.70669 0.0346689 0.706673
    outer loop
      vertex 50.073 -42.5489 5.4
      vertex 47.1 -42 2.4
      vertex 47.0875 -42.2548 2.4
    endloop
  endfacet
  facet normal 0.238439 0.666136 0.706689
    outer loop
      vertex -46.1256 -47.3589 5.4
      vertex -45.2547 -44.488 2.4
      vertex -46.643 -47.1737 5.4
    endloop
  endfacet
  facet normal -0.706691 -0.0346885 0.706671
    outer loop
      vertex 50.073 42.5489 5.4
      vertex 49.5 42.4924 4.82421
      vertex 49.5 42.4431 4.82179
    endloop
  endfacet
  facet normal 0.699897 -0.103675 0.706679
    outer loop
      vertex -49.5 42.4924 4.82421
      vertex -49.5 42.541 4.83134
      vertex -50.073 42.5489 5.4
    endloop
  endfacet
  facet normal 0.706683 -0.0347612 0.706676
    outer loop
      vertex -50.1 42 5.4
      vertex -49.5 42.4431 4.82179
      vertex -50.073 42.5489 5.4
    endloop
  endfacet
  facet normal 0.706674 -0.0347362 0.706686
    outer loop
      vertex -49.5 42.4431 4.82179
      vertex -50.1 42 5.4
      vertex -49.5 42 4.80001
    endloop
  endfacet
  facet normal 0.70669 0.0346689 0.706673
    outer loop
      vertex -47.0875 -42.2548 2.4
      vertex -47.1 -42 2.4
      vertex -50.073 -42.5489 5.4
    endloop
  endfacet
  facet normal 0.595741 -0.803177 0
    outer loop
      vertex -48.0526 46.3288 7
      vertex -47.6112 46.6562 11
      vertex -48.0526 46.3288 11
    endloop
  endfacet
  facet normal 0.595741 -0.803177 0
    outer loop
      vertex -47.6112 46.6562 11
      vertex -48.0526 46.3288 7
      vertex -47.6112 46.6562 7
    endloop
  endfacet
  facet normal 0.337005 0.941503 -0
    outer loop
      vertex -46.1256 -47.3589 5.4
      vertex -46.643 -47.1737 11
      vertex -46.1256 -47.3589 11
    endloop
  endfacet
  facet normal 0.337005 0.941503 0
    outer loop
      vertex -46.643 -47.1737 11
      vertex -46.1256 -47.3589 5.4
      vertex -46.643 -47.1737 5.4
    endloop
  endfacet
  facet normal -0.666255 0.238166 0.706669
    outer loop
      vertex 49.6737 -44.143 5.4
      vertex 46.988 -42.7547 2.4
      vertex 46.9021 -42.995 2.4
    endloop
  endfacet
  facet normal -0.699858 -0.103771 0.706704
    outer loop
      vertex 49.7788 43.05 5.18223
      vertex 50.073 42.5489 5.4
      vertex 49.9987 43.05 5.4
    endloop
  endfacet
  facet normal -0.699862 -0.10383 0.706691
    outer loop
      vertex 49.5 42.541 4.83134
      vertex 49.7788 43.05 5.18223
      vertex 49.5 42.9945 4.89797
    endloop
  endfacet
  facet normal -0.699887 -0.103802 0.706671
    outer loop
      vertex 49.7788 43.05 5.18223
      vertex 49.5 42.541 4.83134
      vertex 50.073 42.5489 5.4
    endloop
  endfacet
  facet normal 0.302439 0.639641 0.706676
    outer loop
      vertex -46.643 -47.1737 5.4
      vertex -45.495 -44.4021 2.4
      vertex -47.1398 -46.9388 5.4
    endloop
  endfacet
  facet normal 0.363738 0.606877 0.706679
    outer loop
      vertex -45.7256 -44.293 2.4
      vertex -45.9445 -44.1618 2.4
      vertex -47.6112 -46.6562 5.4
    endloop
  endfacet
  facet normal 0.69986 0.103981 0.706671
    outer loop
      vertex -47.05 -42.5072 2.4
      vertex -47.0875 -42.2548 2.4
      vertex -50.073 -42.5489 5.4
    endloop
  endfacet
  facet normal -0.568274 0.421507 0.70668
    outer loop
      vertex 48.8288 -45.5526 5.4
      vertex 49.1562 -45.1112 5.4
      vertex 46.5098 -43.6494 2.4
    endloop
  endfacet
  facet normal 0.171927 0.686321 0.706686
    outer loop
      vertex -45.0072 -44.55 2.4
      vertex -45.2547 -44.488 2.4
      vertex -45.5925 -47.4924 5.4
    endloop
  endfacet
  facet normal -0.337005 -0.941503 0
    outer loop
      vertex 46.1256 47.3589 7
      vertex 46.643 47.1737 11
      vertex 46.1256 47.3589 11
    endloop
  endfacet
  facet normal -0.337005 -0.941503 -0
    outer loop
      vertex 46.643 47.1737 11
      vertex 46.1256 47.3589 7
      vertex 46.643 47.1737 7
    endloop
  endfacet
  facet normal 0.989191 -0.146633 0
    outer loop
      vertex -49.9924 43.0925 11
      vertex -49.9987 43.05 5.5
      vertex -49.9924 43.0925 5.5
    endloop
  endfacet
  facet normal 0.989186 -0.146667 2.713e-07
    outer loop
      vertex -50.073 42.5489 11
      vertex -49.9987 43.05 5.5
      vertex -49.9924 43.0925 11
    endloop
  endfacet
  facet normal 0.989185 -0.14667 0
    outer loop
      vertex -50.073 42.5489 5.4
      vertex -49.9987 43.05 5.5
      vertex -50.073 42.5489 11
    endloop
  endfacet
  facet normal 0.989185 -0.14667 0
    outer loop
      vertex -49.9987 43.05 5.5
      vertex -50.073 42.5489 5.4
      vertex -49.9987 43.05 5.4
    endloop
  endfacet
  facet normal -0.671494 -0.74101 0
    outer loop
      vertex 48.0526 46.3288 7
      vertex 48.4598 45.9598 11
      vertex 48.0526 46.3288 11
    endloop
  endfacet
  facet normal -0.671494 -0.74101 -0
    outer loop
      vertex 48.4598 45.9598 11
      vertex 48.0526 46.3288 7
      vertex 48.4598 45.9598 7
    endloop
  endfacet
  facet normal -0.970046 0.242921 0
    outer loop
      vertex 49.8589 -43.6256 5.4
      vertex 49.9924 -43.0925 11
      vertex 49.9924 -43.0925 5.4
    endloop
  endfacet
  facet normal -0.970046 0.242921 0
    outer loop
      vertex 49.9924 -43.0925 11
      vertex 49.8589 -43.6256 5.4
      vertex 49.8589 -43.6256 11
    endloop
  endfacet
  facet normal 0.857686 0.514175 0
    outer loop
      vertex -49.1562 -45.1112 11
      vertex -49.4388 -44.6398 5.4
      vertex -49.4388 -44.6398 11
    endloop
  endfacet
  facet normal 0.857686 0.514175 0
    outer loop
      vertex -49.4388 -44.6398 5.4
      vertex -49.1562 -45.1112 11
      vertex -49.1562 -45.1112 5.4
    endloop
  endfacet
  facet normal 0.363794 0.606838 0.706683
    outer loop
      vertex -47.1398 -46.9388 5.4
      vertex -45.7256 -44.293 2.4
      vertex -47.6112 -46.6562 5.4
    endloop
  endfacet
  facet normal -0.171927 0.686321 0.706686
    outer loop
      vertex 45.5925 -47.4924 5.4
      vertex 45.2547 -44.488 2.4
      vertex 45.0072 -44.55 2.4
    endloop
  endfacet
  facet normal 0.0491299 0.998792 -0
    outer loop
      vertex -44.5 -47.6 5.4
      vertex -45.0489 -47.573 11
      vertex -44.5 -47.6 11
    endloop
  endfacet
  facet normal 0.0491299 0.998792 0
    outer loop
      vertex -45.0489 -47.573 11
      vertex -44.5 -47.6 5.4
      vertex -45.0489 -47.573 5.4
    endloop
  endfacet
  facet normal -0.146667 0.989186 0
    outer loop
      vertex 45.5925 -47.4924 5.4
      vertex 45.0489 -47.573 11
      vertex 45.5925 -47.4924 11
    endloop
  endfacet
  facet normal -0.146667 0.989186 0
    outer loop
      vertex 45.0489 -47.573 11
      vertex 45.5925 -47.4924 5.4
      vertex 45.0489 -47.573 5.4
    endloop
  endfacet
  facet normal 0.686308 -0.171496 0.706803
    outer loop
      vertex -49.5 43.0371 4.90833
      vertex -49.5 43.05 4.91146
      vertex -49.6145 43.05 5.02264
    endloop
  endfacet
  facet normal 0.524288 0.475104 0.706681
    outer loop
      vertex -48.4598 -45.9598 5.4
      vertex -46.5098 -43.6494 2.4
      vertex -48.8288 -45.5526 5.4
    endloop
  endfacet
  facet normal -0.74101 -0.671494 0
    outer loop
      vertex 48.8288 45.5526 7
      vertex 48.4598 45.9598 11
      vertex 48.4598 45.9598 7
    endloop
  endfacet
  facet normal -0.74101 -0.671494 0
    outer loop
      vertex 48.4598 45.9598 11
      vertex 48.8288 45.5526 7
      vertex 48.8288 45.5526 11
    endloop
  endfacet
  facet normal 0.706691 -0.0346885 0.706671
    outer loop
      vertex -49.5 42.4431 4.82179
      vertex -49.5 42.4924 4.82421
      vertex -50.073 42.5489 5.4
    endloop
  endfacet
  facet normal -0.68633 0.171872 0.70669
    outer loop
      vertex 49.8589 -43.6256 5.4
      vertex 49.9924 -43.0925 5.4
      vertex 46.988 -42.7547 2.4
    endloop
  endfacet
  facet normal -0.686321 0.171927 0.706686
    outer loop
      vertex 49.9924 -43.0925 5.4
      vertex 47.05 -42.5072 2.4
      vertex 46.988 -42.7547 2.4
    endloop
  endfacet
  facet normal -0.475104 0.524288 0.706681
    outer loop
      vertex 48.0526 -46.3288 5.4
      vertex 48.4598 -45.9598 5.4
      vertex 46.1494 -44.0098 2.4
    endloop
  endfacet
  facet normal 0.998792 -0.0491299 0
    outer loop
      vertex -50.1 42 11
      vertex -50.073 42.5489 5.4
      vertex -50.073 42.5489 11
    endloop
  endfacet
  facet normal 0.998792 -0.0491299 0
    outer loop
      vertex -50.073 42.5489 5.4
      vertex -50.1 42 11
      vertex -50.1 42 5.4
    endloop
  endfacet
  facet normal 0.686239 -0.171883 0.706776
    outer loop
      vertex -49.6145 43.05 5.02264
      vertex -49.5 42.9945 4.89797
      vertex -49.5 43.0371 4.90833
    endloop
  endfacet
  facet normal 0.686452 -0.171296 0.706711
    outer loop
      vertex -49.5 42.9945 4.89797
      vertex -49.6145 43.05 5.02264
      vertex -49.7788 43.05 5.18223
    endloop
  endfacet
  facet normal 0.941503 -0.337005 0
    outer loop
      vertex -49.8589 43.6256 11
      vertex -49.6737 44.143 5.5
      vertex -49.6737 44.143 11
    endloop
  endfacet
  facet normal 0.941503 -0.337005 0
    outer loop
      vertex -49.6737 44.143 5.5
      vertex -49.8589 43.6256 11
      vertex -49.8589 43.6256 5.5
    endloop
  endfacet
  facet normal 0.421507 0.568274 0.70668
    outer loop
      vertex -47.6112 -46.6562 5.4
      vertex -46.1494 -44.0098 2.4
      vertex -48.0526 -46.3288 5.4
    endloop
  endfacet
  facet normal 0.421543 0.568251 0.706677
    outer loop
      vertex -45.9445 -44.1618 2.4
      vertex -46.1494 -44.0098 2.4
      vertex -47.6112 -46.6562 5.4
    endloop
  endfacet
  facet normal 0.74101 -0.671494 0
    outer loop
      vertex -48.8288 45.5526 11
      vertex -48.4598 45.9598 7
      vertex -48.4598 45.9598 11
    endloop
  endfacet
  facet normal 0.74101 -0.671494 0
    outer loop
      vertex -48.4598 45.9598 7
      vertex -48.8288 45.5526 11
      vertex -48.8288 45.5526 7
    endloop
  endfacet
  facet normal 0.706679 0.0347611 0.706679
    outer loop
      vertex -50.073 -42.5489 5.4
      vertex -47.1 -42 2.4
      vertex -50.1 -42 5.4
    endloop
  endfacet
  facet normal 0.671494 -0.74101 0
    outer loop
      vertex -48.4598 45.9598 7
      vertex -48.0526 46.3288 11
      vertex -48.4598 45.9598 11
    endloop
  endfacet
  facet normal 0.671494 -0.74101 0
    outer loop
      vertex -48.0526 46.3288 11
      vertex -48.4598 45.9598 7
      vertex -48.0526 46.3288 7
    endloop
  endfacet
  facet normal 0.475018 0.524378 0.706673
    outer loop
      vertex -46.1494 -44.0098 2.4
      vertex -46.3385 -43.8385 2.4
      vertex -48.4598 -45.9598 5.4
    endloop
  endfacet
  facet normal -0.514175 -0.857686 0
    outer loop
      vertex 47.1398 46.9388 7
      vertex 47.6112 46.6562 11
      vertex 47.1398 46.9388 11
    endloop
  endfacet
  facet normal -0.514175 -0.857686 -0
    outer loop
      vertex 47.6112 46.6562 11
      vertex 47.1398 46.9388 7
      vertex 47.6112 46.6562 7
    endloop
  endfacet
  facet normal -0.639559 0.302584 0.706687
    outer loop
      vertex 49.4388 -44.6398 5.4
      vertex 46.9021 -42.995 2.4
      vertex 46.793 -43.2256 2.4
    endloop
  endfacet
  facet normal 0.337005 -0.941503 0
    outer loop
      vertex -46.643 47.1737 7
      vertex -46.1256 47.3589 11
      vertex -46.643 47.1737 11
    endloop
  endfacet
  facet normal 0.337005 -0.941503 0
    outer loop
      vertex -46.1256 47.3589 11
      vertex -46.643 47.1737 7
      vertex -46.1256 47.3589 7
    endloop
  endfacet
  facet normal 0 0 1
    outer loop
      vertex -32.475 43.05 2.4
      vertex 32.475 43.05 2.4
      vertex 32.475 44.6 2.4
    endloop
  endfacet
  facet normal 0 0 1
    outer loop
      vertex 32.475 43.05 2.4
      vertex 32 33 2.4
      vertex 32.2941 32.9856 2.4
    endloop
  endfacet
  facet normal 0 0 1
    outer loop
      vertex 32.475 43.05 2.4
      vertex -32.475 43.05 2.4
      vertex 32 33 2.4
    endloop
  endfacet
  facet normal 0 0 1
    outer loop
      vertex 32 33 2.4
      vertex -32.475 43.05 2.4
      vertex -32 33 2.4
    endloop
  endfacet
  facet normal 0 0 1
    outer loop
      vertex -32.475 43.05 2.4
      vertex 32.475 44.6 2.4
      vertex -32.475 44.6 2.4
    endloop
  endfacet
  facet normal -0 0 1
    outer loop
      vertex -35.5 39 2.4
      vertex -32 33 2.4
      vertex -32.475 43.05 2.4
    endloop
  endfacet
  facet normal 0 0 1
    outer loop
      vertex -32 33 2.4
      vertex -35.5 39 2.4
      vertex -32.2941 32.9856 2.4
    endloop
  endfacet
  facet normal 0 0 1
    outer loop
      vertex -32.2941 32.9856 2.4
      vertex -35.5 39 2.4
      vertex -32.5853 32.9424 2.4
    endloop
  endfacet
  facet normal 0 0 1
    outer loop
      vertex -32.5853 32.9424 2.4
      vertex -35.5 39 2.4
      vertex -32.8709 32.8708 2.4
    endloop
  endfacet
  facet normal 0 0 1
    outer loop
      vertex -32.8709 32.8708 2.4
      vertex -35.5 39 2.4
      vertex -33.148 32.7716 2.4
    endloop
  endfacet
  facet normal 0 0 1
    outer loop
      vertex -33.148 32.7716 2.4
      vertex -35.5 39 2.4
      vertex -33.4142 32.6458 2.4
    endloop
  endfacet
  facet normal 0 0 1
    outer loop
      vertex -33.4142 32.6458 2.4
      vertex -35.5 39 2.4
      vertex -33.6667 32.4944 2.4
    endloop
  endfacet
  facet normal 0 0 1
    outer loop
      vertex -33.6667 32.4944 2.4
      vertex -35.5 39 2.4
      vertex -33.9032 32.319 2.4
    endloop
  endfacet
  facet normal 0 0 1
    outer loop
      vertex -33.9032 32.319 2.4
      vertex -35.5 39 2.4
      vertex -34.1213 32.1213 2.4
    endloop
  endfacet
  facet normal 0 0 1
    outer loop
      vertex -34.1213 32.1213 2.4
      vertex -35.5 39 2.4
      vertex -34.319 31.9032 2.4
    endloop
  endfacet
  facet normal 0 0 1
    outer loop
      vertex -34.319 31.9032 2.4
      vertex -35.5 39 2.4
      vertex -34.4944 31.6667 2.4
    endloop
  endfacet
  facet normal 0 0 1
    outer loop
      vertex -34.4944 31.6667 2.4
      vertex -35.5 39 2.4
      vertex -34.6458 31.4142 2.4
    endloop
  endfacet
  facet normal -0 0 1
    outer loop
      vertex -47.1 39 2.4
      vertex -34.6458 31.4142 2.4
      vertex -35.5 39 2.4
    endloop
  endfacet
  facet normal 0 0 1
    outer loop
      vertex -34.6458 31.4142 2.4
      vertex -47.1 39 2.4
      vertex -34.7716 31.148 2.4
    endloop
  endfacet
  facet normal 0 0 1
    outer loop
      vertex -34.9856 19.2941 2.4
      vertex -47.1 39 2.4
      vertex -35 19 2.4
    endloop
  endfacet
  facet normal 0 0 1
    outer loop
      vertex -35 19 2.4
      vertex -47.1 39 2.4
      vertex -35 8 2.4
    endloop
  endfacet
  facet normal 0 0 1
    outer loop
      vertex -34.9424 30.5853 2.4
      vertex -47.1 39 2.4
      vertex -34.9856 30.2941 2.4
    endloop
  endfacet
  facet normal 0 0 1
    outer loop
      vertex -34.8708 30.8709 2.4
      vertex -47.1 39 2.4
      vertex -34.9424 30.5853 2.4
    endloop
  endfacet
  facet normal 0 0 1
    outer loop
      vertex -34.7716 31.148 2.4
      vertex -47.1 39 2.4
      vertex -34.8708 30.8709 2.4
    endloop
  endfacet
  facet normal 0 0 1
    outer loop
      vertex -35.5 39 2.4
      vertex -32.475 43.05 2.4
      vertex -35.5 43.05 2.4
    endloop
  endfacet
  facet normal 0 0 1
    outer loop
      vertex 34.9856 -2.70595 2.4
      vertex 47.1 39 2.4
      vertex 34.9856 7.70595 2.4
    endloop
  endfacet
  facet normal 0 0 1
    outer loop
      vertex 47.1 39 2.4
      vertex 34.9856 -2.70595 2.4
      vertex 35 -3 2.4
    endloop
  endfacet
  facet normal -0 0 1
    outer loop
      vertex 34.9424 7.41473 2.4
      vertex 34.9856 -2.70595 2.4
      vertex 34.9856 7.70595 2.4
    endloop
  endfacet
  facet normal 0 0 1
    outer loop
      vertex 34.9424 7.41473 2.4
      vertex 34.9424 -2.41473 2.4
      vertex 34.9856 -2.70595 2.4
    endloop
  endfacet
  facet normal -0 0 1
    outer loop
      vertex 34.8708 7.12915 2.4
      vertex 34.9424 -2.41473 2.4
      vertex 34.9424 7.41473 2.4
    endloop
  endfacet
  facet normal 0 0 1
    outer loop
      vertex 34.8708 7.12915 2.4
      vertex 34.8708 -2.12915 2.4
      vertex 34.9424 -2.41473 2.4
    endloop
  endfacet
  facet normal -0 0 1
    outer loop
      vertex 34.7716 6.85195 2.4
      vertex 34.8708 -2.12915 2.4
      vertex 34.8708 7.12915 2.4
    endloop
  endfacet
  facet normal 0 0 1
    outer loop
      vertex 34.7716 6.85195 2.4
      vertex 34.7716 -1.85195 2.4
      vertex 34.8708 -2.12915 2.4
    endloop
  endfacet
  facet normal -0 0 1
    outer loop
      vertex 34.6458 6.58581 2.4
      vertex 34.7716 -1.85195 2.4
      vertex 34.7716 6.85195 2.4
    endloop
  endfacet
  facet normal 0 0 1
    outer loop
      vertex 34.6458 6.58581 2.4
      vertex 34.6458 -1.58581 2.4
      vertex 34.7716 -1.85195 2.4
    endloop
  endfacet
  facet normal -0 0 1
    outer loop
      vertex 34.4944 6.33329 2.4
      vertex 34.6458 -1.58581 2.4
      vertex 34.6458 6.58581 2.4
    endloop
  endfacet
  facet normal 0 0 1
    outer loop
      vertex 34.4944 6.33329 2.4
      vertex 34.4944 -1.33329 2.4
      vertex 34.6458 -1.58581 2.4
    endloop
  endfacet
  facet normal -0 0 1
    outer loop
      vertex 34.319 6.09682 2.4
      vertex 34.4944 -1.33329 2.4
      vertex 34.4944 6.33329 2.4
    endloop
  endfacet
  facet normal 0 0 1
    outer loop
      vertex 34.319 6.09682 2.4
      vertex 34.319 -1.09682 2.4
      vertex 34.4944 -1.33329 2.4
    endloop
  endfacet
  facet normal -0 0 1
    outer loop
      vertex 34.1213 5.87868 2.4
      vertex 34.319 -1.09682 2.4
      vertex 34.319 6.09682 2.4
    endloop
  endfacet
  facet normal 0 0 1
    outer loop
      vertex 34.1213 5.87868 2.4
      vertex 34.1213 -0.878679 2.4
      vertex 34.319 -1.09682 2.4
    endloop
  endfacet
  facet normal -0 0 1
    outer loop
      vertex 33.9032 5.68097 2.4
      vertex 34.1213 -0.878679 2.4
      vertex 34.1213 5.87868 2.4
    endloop
  endfacet
  facet normal 0 0 1
    outer loop
      vertex 33.9032 5.68097 2.4
      vertex 33.9032 -0.680968 2.4
      vertex 34.1213 -0.878679 2.4
    endloop
  endfacet
  facet normal -0 0 1
    outer loop
      vertex 33.6667 5.50559 2.4
      vertex 33.9032 -0.680968 2.4
      vertex 33.9032 5.68097 2.4
    endloop
  endfacet
  facet normal 0 0 1
    outer loop
      vertex 33.6667 5.50559 2.4
      vertex 33.6667 -0.50559 2.4
      vertex 33.9032 -0.680968 2.4
    endloop
  endfacet
  facet normal -0 0 1
    outer loop
      vertex 33.4142 5.35424 2.4
      vertex 33.6667 -0.50559 2.4
      vertex 33.6667 5.50559 2.4
    endloop
  endfacet
  facet normal 0 0 1
    outer loop
      vertex 33.4142 5.35424 2.4
      vertex 33.4142 -0.354236 2.4
      vertex 33.6667 -0.50559 2.4
    endloop
  endfacet
  facet normal -0 0 1
    outer loop
      vertex 33.148 5.22836 2.4
      vertex 33.4142 -0.354236 2.4
      vertex 33.4142 5.35424 2.4
    endloop
  endfacet
  facet normal 0 0 1
    outer loop
      vertex 33.148 5.22836 2.4
      vertex 33.148 -0.228361 2.4
      vertex 33.4142 -0.354236 2.4
    endloop
  endfacet
  facet normal -0 0 1
    outer loop
      vertex 32.8709 5.12918 2.4
      vertex 33.148 -0.228361 2.4
      vertex 33.148 5.22836 2.4
    endloop
  endfacet
  facet normal 0 0 1
    outer loop
      vertex 32.8709 5.12918 2.4
      vertex 32.8709 -0.129178 2.4
      vertex 33.148 -0.228361 2.4
    endloop
  endfacet
  facet normal -0 0 1
    outer loop
      vertex 32.5853 5.05764 2.4
      vertex 32.8709 -0.129178 2.4
      vertex 32.8709 5.12918 2.4
    endloop
  endfacet
  facet normal 0 0 1
    outer loop
      vertex 32.5853 5.05764 2.4
      vertex 32.5853 -0.0576439 2.4
      vertex 32.8709 -0.129178 2.4
    endloop
  endfacet
  facet normal -0 0 1
    outer loop
      vertex 32.2941 5.01445 2.4
      vertex 32.5853 -0.0576439 2.4
      vertex 32.5853 5.05764 2.4
    endloop
  endfacet
  facet normal 0 0 1
    outer loop
      vertex 32.2941 5.01445 2.4
      vertex 32.2941 -0.0144453 2.4
      vertex 32.5853 -0.0576439 2.4
    endloop
  endfacet
  facet normal -0 0 1
    outer loop
      vertex 32 5 2.4
      vertex 32.2941 -0.0144453 2.4
      vertex 32.2941 5.01445 2.4
    endloop
  endfacet
  facet normal 0 0 1
    outer loop
      vertex 32 5 2.4
      vertex 32 0 2.4
      vertex 32.2941 -0.0144453 2.4
    endloop
  endfacet
  facet normal -0 0 1
    outer loop
      vertex -32 5 2.4
      vertex 32 0 2.4
      vertex 32 5 2.4
    endloop
  endfacet
  facet normal 0 0 1
    outer loop
      vertex -32 5 2.4
      vertex -32 0 2.4
      vertex 32 0 2.4
    endloop
  endfacet
  facet normal 0 0 1
    outer loop
      vertex -32.2941 5.01445 2.4
      vertex -32 0 2.4
      vertex -32 5 2.4
    endloop
  endfacet
  facet normal 0 0 1
    outer loop
      vertex -32.2941 5.01445 2.4
      vertex -32.2941 -0.0144453 2.4
      vertex -32 0 2.4
    endloop
  endfacet
  facet normal 0 0 1
    outer loop
      vertex -32.5853 5.05764 2.4
      vertex -32.2941 -0.0144453 2.4
      vertex -32.2941 5.01445 2.4
    endloop
  endfacet
  facet normal 0 0 1
    outer loop
      vertex -32.5853 5.05764 2.4
      vertex -32.5853 -0.0576439 2.4
      vertex -32.2941 -0.0144453 2.4
    endloop
  endfacet
  facet normal 0 0 1
    outer loop
      vertex -32.8709 5.12918 2.4
      vertex -32.5853 -0.0576439 2.4
      vertex -32.5853 5.05764 2.4
    endloop
  endfacet
  facet normal 0 0 1
    outer loop
      vertex -32.8709 5.12918 2.4
      vertex -32.8709 -0.129178 2.4
      vertex -32.5853 -0.0576439 2.4
    endloop
  endfacet
  facet normal 0 0 1
    outer loop
      vertex -33.148 5.22836 2.4
      vertex -32.8709 -0.129178 2.4
      vertex -32.8709 5.12918 2.4
    endloop
  endfacet
  facet normal 0 0 1
    outer loop
      vertex -33.148 5.22836 2.4
      vertex -33.148 -0.228361 2.4
      vertex -32.8709 -0.129178 2.4
    endloop
  endfacet
  facet normal 0 0 1
    outer loop
      vertex -33.4142 5.35424 2.4
      vertex -33.148 -0.228361 2.4
      vertex -33.148 5.22836 2.4
    endloop
  endfacet
  facet normal 0 0 1
    outer loop
      vertex -33.4142 5.35424 2.4
      vertex -33.4142 -0.354236 2.4
      vertex -33.148 -0.228361 2.4
    endloop
  endfacet
  facet normal 0 0 1
    outer loop
      vertex -33.6667 5.50559 2.4
      vertex -33.4142 -0.354236 2.4
      vertex -33.4142 5.35424 2.4
    endloop
  endfacet
  facet normal 0 0 1
    outer loop
      vertex -33.6667 5.50559 2.4
      vertex -33.6667 -0.50559 2.4
      vertex -33.4142 -0.354236 2.4
    endloop
  endfacet
  facet normal 0 0 1
    outer loop
      vertex -33.9032 5.68097 2.4
      vertex -33.6667 -0.50559 2.4
      vertex -33.6667 5.50559 2.4
    endloop
  endfacet
  facet normal 0 0 1
    outer loop
      vertex -33.9032 5.68097 2.4
      vertex -33.9032 -0.680968 2.4
      vertex -33.6667 -0.50559 2.4
    endloop
  endfacet
  facet normal 0 0 1
    outer loop
      vertex -34.1213 5.87868 2.4
      vertex -33.9032 -0.680968 2.4
      vertex -33.9032 5.68097 2.4
    endloop
  endfacet
  facet normal 0 0 1
    outer loop
      vertex -34.1213 5.87868 2.4
      vertex -34.1213 -0.878679 2.4
      vertex -33.9032 -0.680968 2.4
    endloop
  endfacet
  facet normal 0 0 1
    outer loop
      vertex -34.319 6.09682 2.4
      vertex -34.1213 -0.878679 2.4
      vertex -34.1213 5.87868 2.4
    endloop
  endfacet
  facet normal 0 0 1
    outer loop
      vertex -34.319 6.09682 2.4
      vertex -34.319 -1.09682 2.4
      vertex -34.1213 -0.878679 2.4
    endloop
  endfacet
  facet normal 0 0 1
    outer loop
      vertex -34.4944 6.33329 2.4
      vertex -34.319 -1.09682 2.4
      vertex -34.319 6.09682 2.4
    endloop
  endfacet
  facet normal 0 0 1
    outer loop
      vertex -34.4944 6.33329 2.4
      vertex -34.4944 -1.33329 2.4
      vertex -34.319 -1.09682 2.4
    endloop
  endfacet
  facet normal 0 0 1
    outer loop
      vertex -34.6458 6.58581 2.4
      vertex -34.4944 -1.33329 2.4
      vertex -34.4944 6.33329 2.4
    endloop
  endfacet
  facet normal 0 0 1
    outer loop
      vertex -34.6458 6.58581 2.4
      vertex -34.6458 -1.58581 2.4
      vertex -34.4944 -1.33329 2.4
    endloop
  endfacet
  facet normal 0 0 1
    outer loop
      vertex -34.7716 6.85195 2.4
      vertex -34.6458 -1.58581 2.4
      vertex -34.6458 6.58581 2.4
    endloop
  endfacet
  facet normal 0 0 1
    outer loop
      vertex -34.7716 6.85195 2.4
      vertex -34.7716 -1.85195 2.4
      vertex -34.6458 -1.58581 2.4
    endloop
  endfacet
  facet normal 0 0 1
    outer loop
      vertex -34.8708 7.12915 2.4
      vertex -34.7716 -1.85195 2.4
      vertex -34.7716 6.85195 2.4
    endloop
  endfacet
  facet normal 0 0 1
    outer loop
      vertex -34.8708 7.12915 2.4
      vertex -34.8708 -2.12915 2.4
      vertex -34.7716 -1.85195 2.4
    endloop
  endfacet
  facet normal 0 0 1
    outer loop
      vertex -34.9424 7.41473 2.4
      vertex -34.8708 -2.12915 2.4
      vertex -34.8708 7.12915 2.4
    endloop
  endfacet
  facet normal 0 0 1
    outer loop
      vertex -34.9424 7.41473 2.4
      vertex -34.9424 -2.41473 2.4
      vertex -34.8708 -2.12915 2.4
    endloop
  endfacet
  facet normal 0 0 1
    outer loop
      vertex -34.9856 7.70595 2.4
      vertex -34.9424 -2.41473 2.4
      vertex -34.9424 7.41473 2.4
    endloop
  endfacet
  facet normal 0 0 1
    outer loop
      vertex -34.9856 7.70595 2.4
      vertex -34.9856 -2.70595 2.4
      vertex -34.9424 -2.41473 2.4
    endloop
  endfacet
  facet normal 0 0 1
    outer loop
      vertex -35 8 2.4
      vertex -34.9856 -2.70595 2.4
      vertex -34.9856 7.70595 2.4
    endloop
  endfacet
  facet normal 0 0 1
    outer loop
      vertex -34.9856 -2.70595 2.4
      vertex -35 8 2.4
      vertex -35 -3 2.4
    endloop
  endfacet
  facet normal 0 0 1
    outer loop
      vertex 34.9424 18.4147 2.4
      vertex 47.1 39 2.4
      vertex 34.9856 18.7059 2.4
    endloop
  endfacet
  facet normal 0 0 1
    outer loop
      vertex 47.1 39 2.4
      vertex 34.9856 8.29405 2.4
      vertex 35 8 2.4
    endloop
  endfacet
  facet normal 0 0 1
    outer loop
      vertex 34.9424 8.58527 2.4
      vertex 47.1 39 2.4
      vertex 34.9424 18.4147 2.4
    endloop
  endfacet
  facet normal 0 0 1
    outer loop
      vertex 47.1 39 2.4
      vertex 34.9424 8.58527 2.4
      vertex 34.9856 8.29405 2.4
    endloop
  endfacet
  facet normal -0 0 1
    outer loop
      vertex 34.8708 18.1291 2.4
      vertex 34.9424 8.58527 2.4
      vertex 34.9424 18.4147 2.4
    endloop
  endfacet
  facet normal 0 0 1
    outer loop
      vertex 34.8708 18.1291 2.4
      vertex 34.8708 8.87085 2.4
      vertex 34.9424 8.58527 2.4
    endloop
  endfacet
  facet normal -0 0 1
    outer loop
      vertex 34.7716 17.8519 2.4
      vertex 34.8708 8.87085 2.4
      vertex 34.8708 18.1291 2.4
    endloop
  endfacet
  facet normal 0 0 1
    outer loop
      vertex 34.7716 17.8519 2.4
      vertex 34.7716 9.14805 2.4
      vertex 34.8708 8.87085 2.4
    endloop
  endfacet
  facet normal -0 0 1
    outer loop
      vertex 34.6458 17.5858 2.4
      vertex 34.7716 9.14805 2.4
      vertex 34.7716 17.8519 2.4
    endloop
  endfacet
  facet normal 0 0 1
    outer loop
      vertex 34.6458 17.5858 2.4
      vertex 34.6458 9.41419 2.4
      vertex 34.7716 9.14805 2.4
    endloop
  endfacet
  facet normal -0 0 1
    outer loop
      vertex 34.4944 17.3333 2.4
      vertex 34.6458 9.41419 2.4
      vertex 34.6458 17.5858 2.4
    endloop
  endfacet
  facet normal 0 0 1
    outer loop
      vertex 34.4944 17.3333 2.4
      vertex 34.4944 9.66671 2.4
      vertex 34.6458 9.41419 2.4
    endloop
  endfacet
  facet normal -0 0 1
    outer loop
      vertex 34.319 17.0968 2.4
      vertex 34.4944 9.66671 2.4
      vertex 34.4944 17.3333 2.4
    endloop
  endfacet
  facet normal 0 0 1
    outer loop
      vertex 34.319 17.0968 2.4
      vertex 34.319 9.90318 2.4
      vertex 34.4944 9.66671 2.4
    endloop
  endfacet
  facet normal -0 0 1
    outer loop
      vertex 34.1213 16.8787 2.4
      vertex 34.319 9.90318 2.4
      vertex 34.319 17.0968 2.4
    endloop
  endfacet
  facet normal 0 0 1
    outer loop
      vertex 34.1213 16.8787 2.4
      vertex 34.1213 10.1213 2.4
      vertex 34.319 9.90318 2.4
    endloop
  endfacet
  facet normal -0 0 1
    outer loop
      vertex 33.9032 16.681 2.4
      vertex 34.1213 10.1213 2.4
      vertex 34.1213 16.8787 2.4
    endloop
  endfacet
  facet normal 0 0 1
    outer loop
      vertex 33.9032 16.681 2.4
      vertex 33.9032 10.319 2.4
      vertex 34.1213 10.1213 2.4
    endloop
  endfacet
  facet normal -0 0 1
    outer loop
      vertex 33.6667 16.5056 2.4
      vertex 33.9032 10.319 2.4
      vertex 33.9032 16.681 2.4
    endloop
  endfacet
  facet normal 0 0 1
    outer loop
      vertex 33.6667 16.5056 2.4
      vertex 33.6667 10.4944 2.4
      vertex 33.9032 10.319 2.4
    endloop
  endfacet
  facet normal -0 0 1
    outer loop
      vertex 33.4142 16.3542 2.4
      vertex 33.6667 10.4944 2.4
      vertex 33.6667 16.5056 2.4
    endloop
  endfacet
  facet normal 0 0 1
    outer loop
      vertex 33.4142 16.3542 2.4
      vertex 33.4142 10.6458 2.4
      vertex 33.6667 10.4944 2.4
    endloop
  endfacet
  facet normal -0 0 1
    outer loop
      vertex 33.148 16.2284 2.4
      vertex 33.4142 10.6458 2.4
      vertex 33.4142 16.3542 2.4
    endloop
  endfacet
  facet normal 0 0 1
    outer loop
      vertex 33.148 16.2284 2.4
      vertex 33.148 10.7716 2.4
      vertex 33.4142 10.6458 2.4
    endloop
  endfacet
  facet normal -0 0 1
    outer loop
      vertex 32.8709 16.1292 2.4
      vertex 33.148 10.7716 2.4
      vertex 33.148 16.2284 2.4
    endloop
  endfacet
  facet normal 0 0 1
    outer loop
      vertex 32.8709 16.1292 2.4
      vertex 32.8709 10.8708 2.4
      vertex 33.148 10.7716 2.4
    endloop
  endfacet
  facet normal -0 0 1
    outer loop
      vertex 32.5853 16.0576 2.4
      vertex 32.8709 10.8708 2.4
      vertex 32.8709 16.1292 2.4
    endloop
  endfacet
  facet normal 0 0 1
    outer loop
      vertex 32.5853 16.0576 2.4
      vertex 32.5853 10.9424 2.4
      vertex 32.8709 10.8708 2.4
    endloop
  endfacet
  facet normal -0 0 1
    outer loop
      vertex 32.2941 16.0144 2.4
      vertex 32.5853 10.9424 2.4
      vertex 32.5853 16.0576 2.4
    endloop
  endfacet
  facet normal 0 0 1
    outer loop
      vertex 32.2941 16.0144 2.4
      vertex 32.2941 10.9856 2.4
      vertex 32.5853 10.9424 2.4
    endloop
  endfacet
  facet normal -0 0 1
    outer loop
      vertex 32 16 2.4
      vertex 32.2941 10.9856 2.4
      vertex 32.2941 16.0144 2.4
    endloop
  endfacet
  facet normal 0 0 1
    outer loop
      vertex 32 16 2.4
      vertex 32 11 2.4
      vertex 32.2941 10.9856 2.4
    endloop
  endfacet
  facet normal -0 0 1
    outer loop
      vertex -32 16 2.4
      vertex 32 11 2.4
      vertex 32 16 2.4
    endloop
  endfacet
  facet normal 0 0 1
    outer loop
      vertex -32 16 2.4
      vertex -32 11 2.4
      vertex 32 11 2.4
    endloop
  endfacet
  facet normal 0 0 1
    outer loop
      vertex -32.2941 16.0144 2.4
      vertex -32 11 2.4
      vertex -32 16 2.4
    endloop
  endfacet
  facet normal 0 0 1
    outer loop
      vertex -32.2941 16.0144 2.4
      vertex -32.2941 10.9856 2.4
      vertex -32 11 2.4
    endloop
  endfacet
  facet normal 0 0 1
    outer loop
      vertex -32.5853 16.0576 2.4
      vertex -32.2941 10.9856 2.4
      vertex -32.2941 16.0144 2.4
    endloop
  endfacet
  facet normal 0 0 1
    outer loop
      vertex -32.5853 16.0576 2.4
      vertex -32.5853 10.9424 2.4
      vertex -32.2941 10.9856 2.4
    endloop
  endfacet
  facet normal 0 0 1
    outer loop
      vertex -32.8709 16.1292 2.4
      vertex -32.5853 10.9424 2.4
      vertex -32.5853 16.0576 2.4
    endloop
  endfacet
  facet normal 0 0 1
    outer loop
      vertex -32.8709 16.1292 2.4
      vertex -32.8709 10.8708 2.4
      vertex -32.5853 10.9424 2.4
    endloop
  endfacet
  facet normal 0 0 1
    outer loop
      vertex -33.148 16.2284 2.4
      vertex -32.8709 10.8708 2.4
      vertex -32.8709 16.1292 2.4
    endloop
  endfacet
  facet normal 0 0 1
    outer loop
      vertex -33.148 16.2284 2.4
      vertex -33.148 10.7716 2.4
      vertex -32.8709 10.8708 2.4
    endloop
  endfacet
  facet normal 0 0 1
    outer loop
      vertex -33.4142 16.3542 2.4
      vertex -33.148 10.7716 2.4
      vertex -33.148 16.2284 2.4
    endloop
  endfacet
  facet normal 0 0 1
    outer loop
      vertex -33.4142 16.3542 2.4
      vertex -33.4142 10.6458 2.4
      vertex -33.148 10.7716 2.4
    endloop
  endfacet
  facet normal 0 0 1
    outer loop
      vertex -33.6667 16.5056 2.4
      vertex -33.4142 10.6458 2.4
      vertex -33.4142 16.3542 2.4
    endloop
  endfacet
  facet normal 0 0 1
    outer loop
      vertex -33.6667 16.5056 2.4
      vertex -33.6667 10.4944 2.4
      vertex -33.4142 10.6458 2.4
    endloop
  endfacet
  facet normal 0 0 1
    outer loop
      vertex -33.9032 16.681 2.4
      vertex -33.6667 10.4944 2.4
      vertex -33.6667 16.5056 2.4
    endloop
  endfacet
  facet normal 0 0 1
    outer loop
      vertex -33.9032 16.681 2.4
      vertex -33.9032 10.319 2.4
      vertex -33.6667 10.4944 2.4
    endloop
  endfacet
  facet normal 0 0 1
    outer loop
      vertex -34.1213 16.8787 2.4
      vertex -33.9032 10.319 2.4
      vertex -33.9032 16.681 2.4
    endloop
  endfacet
  facet normal 0 0 1
    outer loop
      vertex -34.1213 16.8787 2.4
      vertex -34.1213 10.1213 2.4
      vertex -33.9032 10.319 2.4
    endloop
  endfacet
  facet normal 0 0 1
    outer loop
      vertex -34.319 17.0968 2.4
      vertex -34.1213 10.1213 2.4
      vertex -34.1213 16.8787 2.4
    endloop
  endfacet
  facet normal 0 0 1
    outer loop
      vertex -34.319 17.0968 2.4
      vertex -34.319 9.90318 2.4
      vertex -34.1213 10.1213 2.4
    endloop
  endfacet
  facet normal 0 0 1
    outer loop
      vertex -34.4944 17.3333 2.4
      vertex -34.319 9.90318 2.4
      vertex -34.319 17.0968 2.4
    endloop
  endfacet
  facet normal 0 0 1
    outer loop
      vertex -34.4944 17.3333 2.4
      vertex -34.4944 9.66671 2.4
      vertex -34.319 9.90318 2.4
    endloop
  endfacet
  facet normal 0 0 1
    outer loop
      vertex -34.6458 17.5858 2.4
      vertex -34.4944 9.66671 2.4
      vertex -34.4944 17.3333 2.4
    endloop
  endfacet
  facet normal 0 0 1
    outer loop
      vertex -34.6458 17.5858 2.4
      vertex -34.6458 9.41419 2.4
      vertex -34.4944 9.66671 2.4
    endloop
  endfacet
  facet normal 0 0 1
    outer loop
      vertex -34.7716 17.8519 2.4
      vertex -34.6458 9.41419 2.4
      vertex -34.6458 17.5858 2.4
    endloop
  endfacet
  facet normal 0 0 1
    outer loop
      vertex -34.7716 17.8519 2.4
      vertex -34.7716 9.14805 2.4
      vertex -34.6458 9.41419 2.4
    endloop
  endfacet
  facet normal 0 0 1
    outer loop
      vertex -34.8708 18.1291 2.4
      vertex -34.7716 9.14805 2.4
      vertex -34.7716 17.8519 2.4
    endloop
  endfacet
  facet normal 0 0 1
    outer loop
      vertex -34.8708 18.1291 2.4
      vertex -34.8708 8.87085 2.4
      vertex -34.7716 9.14805 2.4
    endloop
  endfacet
  facet normal 0 0 1
    outer loop
      vertex -34.9424 18.4147 2.4
      vertex -34.8708 8.87085 2.4
      vertex -34.8708 18.1291 2.4
    endloop
  endfacet
  facet normal 0 0 1
    outer loop
      vertex -34.9424 18.4147 2.4
      vertex -34.9424 8.58527 2.4
      vertex -34.8708 8.87085 2.4
    endloop
  endfacet
  facet normal 0 0 1
    outer loop
      vertex -34.9856 18.7059 2.4
      vertex -34.9424 8.58527 2.4
      vertex -34.9424 18.4147 2.4
    endloop
  endfacet
  facet normal 0 0 1
    outer loop
      vertex -34.9856 18.7059 2.4
      vertex -34.9856 8.29405 2.4
      vertex -34.9424 8.58527 2.4
    endloop
  endfacet
  facet normal 0 0 1
    outer loop
      vertex -35 19 2.4
      vertex -34.9856 8.29405 2.4
      vertex -34.9856 18.7059 2.4
    endloop
  endfacet
  facet normal 0 0 1
    outer loop
      vertex -34.9856 8.29405 2.4
      vertex -35 19 2.4
      vertex -35 8 2.4
    endloop
  endfacet
  facet normal 0 0 1
    outer loop
      vertex 34.9424 29.4147 2.4
      vertex 47.1 39 2.4
      vertex 34.9856 29.7059 2.4
    endloop
  endfacet
  facet normal 0 0 1
    outer loop
      vertex 47.1 39 2.4
      vertex 34.9856 19.2941 2.4
      vertex 35 19 2.4
    endloop
  endfacet
  facet normal 0 0 1
    outer loop
      vertex 34.8708 29.1291 2.4
      vertex 47.1 39 2.4
      vertex 34.9424 29.4147 2.4
    endloop
  endfacet
  facet normal 0 0 1
    outer loop
      vertex 47.1 39 2.4
      vertex 34.9424 19.5853 2.4
      vertex 34.9856 19.2941 2.4
    endloop
  endfacet
  facet normal 0 0 1
    outer loop
      vertex 34.8708 19.8709 2.4
      vertex 47.1 39 2.4
      vertex 34.8708 29.1291 2.4
    endloop
  endfacet
  facet normal 0 0 1
    outer loop
      vertex 47.1 39 2.4
      vertex 34.8708 19.8709 2.4
      vertex 34.9424 19.5853 2.4
    endloop
  endfacet
  facet normal -0 0 1
    outer loop
      vertex 34.7716 28.8519 2.4
      vertex 34.8708 19.8709 2.4
      vertex 34.8708 29.1291 2.4
    endloop
  endfacet
  facet normal 0 0 1
    outer loop
      vertex 34.7716 28.8519 2.4
      vertex 34.7716 20.148 2.4
      vertex 34.8708 19.8709 2.4
    endloop
  endfacet
  facet normal -0 0 1
    outer loop
      vertex 34.6458 28.5858 2.4
      vertex 34.7716 20.148 2.4
      vertex 34.7716 28.8519 2.4
    endloop
  endfacet
  facet normal 0 0 1
    outer loop
      vertex 34.6458 28.5858 2.4
      vertex 34.6458 20.4142 2.4
      vertex 34.7716 20.148 2.4
    endloop
  endfacet
  facet normal -0 0 1
    outer loop
      vertex 34.4944 28.3333 2.4
      vertex 34.6458 20.4142 2.4
      vertex 34.6458 28.5858 2.4
    endloop
  endfacet
  facet normal 0 0 1
    outer loop
      vertex 34.4944 28.3333 2.4
      vertex 34.4944 20.6667 2.4
      vertex 34.6458 20.4142 2.4
    endloop
  endfacet
  facet normal -0 0 1
    outer loop
      vertex 34.319 28.0968 2.4
      vertex 34.4944 20.6667 2.4
      vertex 34.4944 28.3333 2.4
    endloop
  endfacet
  facet normal 0 0 1
    outer loop
      vertex 34.319 28.0968 2.4
      vertex 34.319 20.9032 2.4
      vertex 34.4944 20.6667 2.4
    endloop
  endfacet
  facet normal -0 0 1
    outer loop
      vertex 34.1213 27.8787 2.4
      vertex 34.319 20.9032 2.4
      vertex 34.319 28.0968 2.4
    endloop
  endfacet
  facet normal 0 0 1
    outer loop
      vertex 34.1213 27.8787 2.4
      vertex 34.1213 21.1213 2.4
      vertex 34.319 20.9032 2.4
    endloop
  endfacet
  facet normal -0 0 1
    outer loop
      vertex 33.9032 27.681 2.4
      vertex 34.1213 21.1213 2.4
      vertex 34.1213 27.8787 2.4
    endloop
  endfacet
  facet normal 0 0 1
    outer loop
      vertex 33.9032 27.681 2.4
      vertex 33.9032 21.319 2.4
      vertex 34.1213 21.1213 2.4
    endloop
  endfacet
  facet normal -0 0 1
    outer loop
      vertex 33.6667 27.5056 2.4
      vertex 33.9032 21.319 2.4
      vertex 33.9032 27.681 2.4
    endloop
  endfacet
  facet normal 0 0 1
    outer loop
      vertex 33.6667 27.5056 2.4
      vertex 33.6667 21.4944 2.4
      vertex 33.9032 21.319 2.4
    endloop
  endfacet
  facet normal -0 0 1
    outer loop
      vertex 33.4142 27.3542 2.4
      vertex 33.6667 21.4944 2.4
      vertex 33.6667 27.5056 2.4
    endloop
  endfacet
  facet normal 0 0 1
    outer loop
      vertex 33.4142 27.3542 2.4
      vertex 33.4142 21.6458 2.4
      vertex 33.6667 21.4944 2.4
    endloop
  endfacet
  facet normal -0 0 1
    outer loop
      vertex 33.148 27.2284 2.4
      vertex 33.4142 21.6458 2.4
      vertex 33.4142 27.3542 2.4
    endloop
  endfacet
  facet normal 0 0 1
    outer loop
      vertex 33.148 27.2284 2.4
      vertex 33.148 21.7716 2.4
      vertex 33.4142 21.6458 2.4
    endloop
  endfacet
  facet normal -0 0 1
    outer loop
      vertex 32.8709 27.1292 2.4
      vertex 33.148 21.7716 2.4
      vertex 33.148 27.2284 2.4
    endloop
  endfacet
  facet normal 0 0 1
    outer loop
      vertex 32.8709 27.1292 2.4
      vertex 32.8709 21.8708 2.4
      vertex 33.148 21.7716 2.4
    endloop
  endfacet
  facet normal -0 0 1
    outer loop
      vertex 32.5853 27.0576 2.4
      vertex 32.8709 21.8708 2.4
      vertex 32.8709 27.1292 2.4
    endloop
  endfacet
  facet normal 0 0 1
    outer loop
      vertex 32.5853 27.0576 2.4
      vertex 32.5853 21.9424 2.4
      vertex 32.8709 21.8708 2.4
    endloop
  endfacet
  facet normal -0 0 1
    outer loop
      vertex 32.2941 27.0144 2.4
      vertex 32.5853 21.9424 2.4
      vertex 32.5853 27.0576 2.4
    endloop
  endfacet
  facet normal 0 0 1
    outer loop
      vertex 32.2941 27.0144 2.4
      vertex 32.2941 21.9856 2.4
      vertex 32.5853 21.9424 2.4
    endloop
  endfacet
  facet normal -0 0 1
    outer loop
      vertex 32 27 2.4
      vertex 32.2941 21.9856 2.4
      vertex 32.2941 27.0144 2.4
    endloop
  endfacet
  facet normal 0 0 1
    outer loop
      vertex 32 27 2.4
      vertex 32 22 2.4
      vertex 32.2941 21.9856 2.4
    endloop
  endfacet
  facet normal -0 0 1
    outer loop
      vertex -32 27 2.4
      vertex 32 22 2.4
      vertex 32 27 2.4
    endloop
  endfacet
  facet normal 0 0 1
    outer loop
      vertex -32 27 2.4
      vertex -32 22 2.4
      vertex 32 22 2.4
    endloop
  endfacet
  facet normal 0 0 1
    outer loop
      vertex -32.2941 27.0144 2.4
      vertex -32 22 2.4
      vertex -32 27 2.4
    endloop
  endfacet
  facet normal 0 0 1
    outer loop
      vertex -32.2941 27.0144 2.4
      vertex -32.2941 21.9856 2.4
      vertex -32 22 2.4
    endloop
  endfacet
  facet normal 0 0 1
    outer loop
      vertex -32.5853 27.0576 2.4
      vertex -32.2941 21.9856 2.4
      vertex -32.2941 27.0144 2.4
    endloop
  endfacet
  facet normal 0 0 1
    outer loop
      vertex -32.5853 27.0576 2.4
      vertex -32.5853 21.9424 2.4
      vertex -32.2941 21.9856 2.4
    endloop
  endfacet
  facet normal 0 0 1
    outer loop
      vertex -32.8709 27.1292 2.4
      vertex -32.5853 21.9424 2.4
      vertex -32.5853 27.0576 2.4
    endloop
  endfacet
  facet normal 0 0 1
    outer loop
      vertex -32.8709 27.1292 2.4
      vertex -32.8709 21.8708 2.4
      vertex -32.5853 21.9424 2.4
    endloop
  endfacet
  facet normal 0 0 1
    outer loop
      vertex -33.148 27.2284 2.4
      vertex -32.8709 21.8708 2.4
      vertex -32.8709 27.1292 2.4
    endloop
  endfacet
  facet normal 0 0 1
    outer loop
      vertex -33.148 27.2284 2.4
      vertex -33.148 21.7716 2.4
      vertex -32.8709 21.8708 2.4
    endloop
  endfacet
  facet normal 0 0 1
    outer loop
      vertex -33.4142 27.3542 2.4
      vertex -33.148 21.7716 2.4
      vertex -33.148 27.2284 2.4
    endloop
  endfacet
  facet normal 0 0 1
    outer loop
      vertex -33.4142 27.3542 2.4
      vertex -33.4142 21.6458 2.4
      vertex -33.148 21.7716 2.4
    endloop
  endfacet
  facet normal 0 0 1
    outer loop
      vertex -33.6667 27.5056 2.4
      vertex -33.4142 21.6458 2.4
      vertex -33.4142 27.3542 2.4
    endloop
  endfacet
  facet normal 0 0 1
    outer loop
      vertex -33.6667 27.5056 2.4
      vertex -33.6667 21.4944 2.4
      vertex -33.4142 21.6458 2.4
    endloop
  endfacet
  facet normal 0 0 1
    outer loop
      vertex -33.9032 27.681 2.4
      vertex -33.6667 21.4944 2.4
      vertex -33.6667 27.5056 2.4
    endloop
  endfacet
  facet normal 0 0 1
    outer loop
      vertex -33.9032 27.681 2.4
      vertex -33.9032 21.319 2.4
      vertex -33.6667 21.4944 2.4
    endloop
  endfacet
  facet normal 0 0 1
    outer loop
      vertex -34.1213 27.8787 2.4
      vertex -33.9032 21.319 2.4
      vertex -33.9032 27.681 2.4
    endloop
  endfacet
  facet normal 0 0 1
    outer loop
      vertex -34.1213 27.8787 2.4
      vertex -34.1213 21.1213 2.4
      vertex -33.9032 21.319 2.4
    endloop
  endfacet
  facet normal 0 0 1
    outer loop
      vertex -34.319 28.0968 2.4
      vertex -34.1213 21.1213 2.4
      vertex -34.1213 27.8787 2.4
    endloop
  endfacet
  facet normal 0 0 1
    outer loop
      vertex -34.319 28.0968 2.4
      vertex -34.319 20.9032 2.4
      vertex -34.1213 21.1213 2.4
    endloop
  endfacet
  facet normal 0 0 1
    outer loop
      vertex -34.4944 28.3333 2.4
      vertex -34.319 20.9032 2.4
      vertex -34.319 28.0968 2.4
    endloop
  endfacet
  facet normal 0 0 1
    outer loop
      vertex -34.4944 28.3333 2.4
      vertex -34.4944 20.6667 2.4
      vertex -34.319 20.9032 2.4
    endloop
  endfacet
  facet normal 0 0 1
    outer loop
      vertex -34.6458 28.5858 2.4
      vertex -34.4944 20.6667 2.4
      vertex -34.4944 28.3333 2.4
    endloop
  endfacet
  facet normal 0 0 1
    outer loop
      vertex -34.6458 28.5858 2.4
      vertex -34.6458 20.4142 2.4
      vertex -34.4944 20.6667 2.4
    endloop
  endfacet
  facet normal 0 0 1
    outer loop
      vertex -34.7716 28.8519 2.4
      vertex -34.6458 20.4142 2.4
      vertex -34.6458 28.5858 2.4
    endloop
  endfacet
  facet normal 0 0 1
    outer loop
      vertex -34.7716 28.8519 2.4
      vertex -34.7716 20.148 2.4
      vertex -34.6458 20.4142 2.4
    endloop
  endfacet
  facet normal 0 0 1
    outer loop
      vertex -34.8708 29.1291 2.4
      vertex -34.7716 20.148 2.4
      vertex -34.7716 28.8519 2.4
    endloop
  endfacet
  facet normal 0 0 1
    outer loop
      vertex -34.8708 29.1291 2.4
      vertex -34.8708 19.8709 2.4
      vertex -34.7716 20.148 2.4
    endloop
  endfacet
  facet normal 0 0 1
    outer loop
      vertex -47.1 39 2.4
      vertex -34.8708 29.1291 2.4
      vertex -34.9424 29.4147 2.4
    endloop
  endfacet
  facet normal 0 0 1
    outer loop
      vertex -34.8708 29.1291 2.4
      vertex -47.1 39 2.4
      vertex -34.8708 19.8709 2.4
    endloop
  endfacet
  facet normal 0 0 1
    outer loop
      vertex -47.1 39 2.4
      vertex -34.9424 29.4147 2.4
      vertex -34.9856 29.7059 2.4
    endloop
  endfacet
  facet normal 0 0 1
    outer loop
      vertex -34.8708 19.8709 2.4
      vertex -47.1 39 2.4
      vertex -34.9424 19.5853 2.4
    endloop
  endfacet
  facet normal 0 0 1
    outer loop
      vertex -47.1 39 2.4
      vertex -34.9856 29.7059 2.4
      vertex -35 30 2.4
    endloop
  endfacet
  facet normal 0 0 1
    outer loop
      vertex -34.9424 19.5853 2.4
      vertex -47.1 39 2.4
      vertex -34.9856 19.2941 2.4
    endloop
  endfacet
  facet normal -0 0 1
    outer loop
      vertex 32.475 43.05 2.4
      vertex 35.5 39 2.4
      vertex 35.5 43.05 2.4
    endloop
  endfacet
  facet normal 0 0 1
    outer loop
      vertex 35.5 39 2.4
      vertex 34.9856 30.2941 2.4
      vertex 35 30 2.4
    endloop
  endfacet
  facet normal 0 0 1
    outer loop
      vertex 35.5 39 2.4
      vertex 34.9424 30.5853 2.4
      vertex 34.9856 30.2941 2.4
    endloop
  endfacet
  facet normal 0 0 1
    outer loop
      vertex 35.5 39 2.4
      vertex 34.8708 30.8709 2.4
      vertex 34.9424 30.5853 2.4
    endloop
  endfacet
  facet normal 0 0 1
    outer loop
      vertex 35.5 39 2.4
      vertex 34.7716 31.148 2.4
      vertex 34.8708 30.8709 2.4
    endloop
  endfacet
  facet normal 0 0 1
    outer loop
      vertex 35.5 39 2.4
      vertex 34.6458 31.4142 2.4
      vertex 34.7716 31.148 2.4
    endloop
  endfacet
  facet normal 0 0 1
    outer loop
      vertex 35.5 39 2.4
      vertex 34.4944 31.6667 2.4
      vertex 34.6458 31.4142 2.4
    endloop
  endfacet
  facet normal 0 0 1
    outer loop
      vertex 35.5 39 2.4
      vertex 34.319 31.9032 2.4
      vertex 34.4944 31.6667 2.4
    endloop
  endfacet
  facet normal 0 0 1
    outer loop
      vertex 35.5 39 2.4
      vertex 34.1213 32.1213 2.4
      vertex 34.319 31.9032 2.4
    endloop
  endfacet
  facet normal 0 0 1
    outer loop
      vertex 35.5 39 2.4
      vertex 33.9032 32.319 2.4
      vertex 34.1213 32.1213 2.4
    endloop
  endfacet
  facet normal 0 0 1
    outer loop
      vertex 35.5 39 2.4
      vertex 33.6667 32.4944 2.4
      vertex 33.9032 32.319 2.4
    endloop
  endfacet
  facet normal 0 0 1
    outer loop
      vertex 35.5 39 2.4
      vertex 33.4142 32.6458 2.4
      vertex 33.6667 32.4944 2.4
    endloop
  endfacet
  facet normal 0 0 1
    outer loop
      vertex 35.5 39 2.4
      vertex 33.148 32.7716 2.4
      vertex 33.4142 32.6458 2.4
    endloop
  endfacet
  facet normal 0 0 1
    outer loop
      vertex 35.5 39 2.4
      vertex 32.8709 32.8708 2.4
      vertex 33.148 32.7716 2.4
    endloop
  endfacet
  facet normal 0 0 1
    outer loop
      vertex 35.5 39 2.4
      vertex 32.5853 32.9424 2.4
      vertex 32.8709 32.8708 2.4
    endloop
  endfacet
  facet normal 0 0 1
    outer loop
      vertex 32.2941 32.9856 2.4
      vertex 35.5 39 2.4
      vertex 32.475 43.05 2.4
    endloop
  endfacet
  facet normal 0 0 1
    outer loop
      vertex 35.5 39 2.4
      vertex 32.2941 32.9856 2.4
      vertex 32.5853 32.9424 2.4
    endloop
  endfacet
  facet normal -0 0 1
    outer loop
      vertex 35 -3 2.4
      vertex 47.1 -42 2.4
      vertex 47.1 39 2.4
    endloop
  endfacet
  facet normal -0 0 1
    outer loop
      vertex 34.9856 -3.29405 2.4
      vertex 47.1 -42 2.4
      vertex 35 -3 2.4
    endloop
  endfacet
  facet normal -0 0 1
    outer loop
      vertex 34.9424 -3.58527 2.4
      vertex 47.1 -42 2.4
      vertex 34.9856 -3.29405 2.4
    endloop
  endfacet
  facet normal -0 0 1
    outer loop
      vertex 34.8708 -3.87085 2.4
      vertex 47.1 -42 2.4
      vertex 34.9424 -3.58527 2.4
    endloop
  endfacet
  facet normal -0 0 1
    outer loop
      vertex 34.7716 -4.14805 2.4
      vertex 47.1 -42 2.4
      vertex 34.8708 -3.87085 2.4
    endloop
  endfacet
  facet normal -0 0 1
    outer loop
      vertex 34.6458 -4.41419 2.4
      vertex 47.1 -42 2.4
      vertex 34.7716 -4.14805 2.4
    endloop
  endfacet
  facet normal -0 0 1
    outer loop
      vertex 34.4944 -4.66671 2.4
      vertex 47.1 -42 2.4
      vertex 34.6458 -4.41419 2.4
    endloop
  endfacet
  facet normal -0 0 1
    outer loop
      vertex 34.319 -4.90318 2.4
      vertex 47.1 -42 2.4
      vertex 34.4944 -4.66671 2.4
    endloop
  endfacet
  facet normal -0 0 1
    outer loop
      vertex 34.1213 -5.12132 2.4
      vertex 47.1 -42 2.4
      vertex 34.319 -4.90318 2.4
    endloop
  endfacet
  facet normal -0 0 1
    outer loop
      vertex 33.9032 -5.31903 2.4
      vertex 47.1 -42 2.4
      vertex 34.1213 -5.12132 2.4
    endloop
  endfacet
  facet normal -0 0 1
    outer loop
      vertex 33.6667 -5.49441 2.4
      vertex 47.1 -42 2.4
      vertex 33.9032 -5.31903 2.4
    endloop
  endfacet
  facet normal -0 0 1
    outer loop
      vertex 33.4142 -5.64576 2.4
      vertex 47.1 -42 2.4
      vertex 33.6667 -5.49441 2.4
    endloop
  endfacet
  facet normal -0 0 1
    outer loop
      vertex 33.148 -5.77164 2.4
      vertex 47.1 -42 2.4
      vertex 33.4142 -5.64576 2.4
    endloop
  endfacet
  facet normal -0 0 1
    outer loop
      vertex 32.8709 -5.87082 2.4
      vertex 47.1 -42 2.4
      vertex 33.148 -5.77164 2.4
    endloop
  endfacet
  facet normal -0 0 1
    outer loop
      vertex 32.5853 -5.94236 2.4
      vertex 47.1 -42 2.4
      vertex 32.8709 -5.87082 2.4
    endloop
  endfacet
  facet normal -0 0 1
    outer loop
      vertex 32.2941 -5.98555 2.4
      vertex 47.1 -42 2.4
      vertex 32.5853 -5.94236 2.4
    endloop
  endfacet
  facet normal 0 0 1
    outer loop
      vertex 35 30 2.4
      vertex 47.1 39 2.4
      vertex 35.5 39 2.4
    endloop
  endfacet
  facet normal 0 0 1
    outer loop
      vertex 34.9856 29.7059 2.4
      vertex 47.1 39 2.4
      vertex 35 30 2.4
    endloop
  endfacet
  facet normal 0 0 1
    outer loop
      vertex 34.9856 18.7059 2.4
      vertex 47.1 39 2.4
      vertex 35 19 2.4
    endloop
  endfacet
  facet normal 0 0 1
    outer loop
      vertex 34.9856 7.70595 2.4
      vertex 47.1 39 2.4
      vertex 35 8 2.4
    endloop
  endfacet
  facet normal -0 0 1
    outer loop
      vertex 32 -6 2.4
      vertex 47.1 -42 2.4
      vertex 32.2941 -5.98555 2.4
    endloop
  endfacet
  facet normal 0 -0 1
    outer loop
      vertex 44.5 -44.6 2.4
      vertex 47.1 -42 2.4
      vertex 32 -6 2.4
    endloop
  endfacet
  facet normal 0 0 1
    outer loop
      vertex 47.1 -42 2.4
      vertex 44.5 -44.6 2.4
      vertex 47.0875 -42.2548 2.4
    endloop
  endfacet
  facet normal 0 0 1
    outer loop
      vertex 47.05 -42.5072 2.4
      vertex 44.5 -44.6 2.4
      vertex 46.988 -42.7547 2.4
    endloop
  endfacet
  facet normal 0 0 1
    outer loop
      vertex 46.988 -42.7547 2.4
      vertex 44.5 -44.6 2.4
      vertex 46.9021 -42.995 2.4
    endloop
  endfacet
  facet normal 0 0 1
    outer loop
      vertex 46.793 -43.2256 2.4
      vertex 44.5 -44.6 2.4
      vertex 46.6618 -43.4445 2.4
    endloop
  endfacet
  facet normal 0 0 1
    outer loop
      vertex 46.5098 -43.6494 2.4
      vertex 44.5 -44.6 2.4
      vertex 46.3385 -43.8385 2.4
    endloop
  endfacet
  facet normal 0 0 1
    outer loop
      vertex 46.3385 -43.8385 2.4
      vertex 44.5 -44.6 2.4
      vertex 46.1494 -44.0098 2.4
    endloop
  endfacet
  facet normal 0 0 1
    outer loop
      vertex 45.9445 -44.1618 2.4
      vertex 44.5 -44.6 2.4
      vertex 45.7256 -44.293 2.4
    endloop
  endfacet
  facet normal 0 0 1
    outer loop
      vertex 45.495 -44.4021 2.4
      vertex 44.5 -44.6 2.4
      vertex 45.2547 -44.488 2.4
    endloop
  endfacet
  facet normal 0 0 1
    outer loop
      vertex 45.2547 -44.488 2.4
      vertex 44.5 -44.6 2.4
      vertex 45.0072 -44.55 2.4
    endloop
  endfacet
  facet normal 0 0 1
    outer loop
      vertex 45.0072 -44.55 2.4
      vertex 44.5 -44.6 2.4
      vertex 44.7548 -44.5875 2.4
    endloop
  endfacet
  facet normal 0 0 1
    outer loop
      vertex 45.7256 -44.293 2.4
      vertex 44.5 -44.6 2.4
      vertex 45.495 -44.4021 2.4
    endloop
  endfacet
  facet normal 0 0 1
    outer loop
      vertex 46.1494 -44.0098 2.4
      vertex 44.5 -44.6 2.4
      vertex 45.9445 -44.1618 2.4
    endloop
  endfacet
  facet normal 0 0 1
    outer loop
      vertex 46.6618 -43.4445 2.4
      vertex 44.5 -44.6 2.4
      vertex 46.5098 -43.6494 2.4
    endloop
  endfacet
  facet normal 0 0 1
    outer loop
      vertex 46.9021 -42.995 2.4
      vertex 44.5 -44.6 2.4
      vertex 46.793 -43.2256 2.4
    endloop
  endfacet
  facet normal 0 0 1
    outer loop
      vertex 47.0875 -42.2548 2.4
      vertex 44.5 -44.6 2.4
      vertex 47.05 -42.5072 2.4
    endloop
  endfacet
  facet normal -0 0 1
    outer loop
      vertex -32 -6 2.4
      vertex 44.5 -44.6 2.4
      vertex 32 -6 2.4
    endloop
  endfacet
  facet normal 0 0 1
    outer loop
      vertex -47.1 -42 2.4
      vertex -32 -6 2.4
      vertex -32.2941 -5.98555 2.4
    endloop
  endfacet
  facet normal 0 0 1
    outer loop
      vertex -47.1 -42 2.4
      vertex -32.2941 -5.98555 2.4
      vertex -32.5853 -5.94236 2.4
    endloop
  endfacet
  facet normal 0 0 1
    outer loop
      vertex -47.1 -42 2.4
      vertex -32.5853 -5.94236 2.4
      vertex -32.8709 -5.87082 2.4
    endloop
  endfacet
  facet normal 0 0 1
    outer loop
      vertex -47.1 -42 2.4
      vertex -32.8709 -5.87082 2.4
      vertex -33.148 -5.77164 2.4
    endloop
  endfacet
  facet normal 0 0 1
    outer loop
      vertex -47.1 -42 2.4
      vertex -33.148 -5.77164 2.4
      vertex -33.4142 -5.64576 2.4
    endloop
  endfacet
  facet normal 0 0 1
    outer loop
      vertex -34.9856 30.2941 2.4
      vertex -47.1 39 2.4
      vertex -35 30 2.4
    endloop
  endfacet
  facet normal 0 0 1
    outer loop
      vertex -32 -6 2.4
      vertex -44.5 -44.6 2.4
      vertex 44.5 -44.6 2.4
    endloop
  endfacet
  facet normal 0 0 1
    outer loop
      vertex -47.1 -42 2.4
      vertex -33.4142 -5.64576 2.4
      vertex -33.6667 -5.49441 2.4
    endloop
  endfacet
  facet normal 0 0 1
    outer loop
      vertex -47.1 -42 2.4
      vertex -33.6667 -5.49441 2.4
      vertex -33.9032 -5.31903 2.4
    endloop
  endfacet
  facet normal 0 0 1
    outer loop
      vertex -47.1 -42 2.4
      vertex -33.9032 -5.31903 2.4
      vertex -34.1213 -5.12132 2.4
    endloop
  endfacet
  facet normal 0 0 1
    outer loop
      vertex -47.1 -42 2.4
      vertex -34.1213 -5.12132 2.4
      vertex -34.319 -4.90318 2.4
    endloop
  endfacet
  facet normal 0 0 1
    outer loop
      vertex -47.1 -42 2.4
      vertex -34.319 -4.90318 2.4
      vertex -34.4944 -4.66671 2.4
    endloop
  endfacet
  facet normal 0 0 1
    outer loop
      vertex -47.1 -42 2.4
      vertex -34.4944 -4.66671 2.4
      vertex -34.6458 -4.41419 2.4
    endloop
  endfacet
  facet normal 0 0 1
    outer loop
      vertex -47.1 -42 2.4
      vertex -34.6458 -4.41419 2.4
      vertex -34.7716 -4.14805 2.4
    endloop
  endfacet
  facet normal 0 0 1
    outer loop
      vertex -47.1 -42 2.4
      vertex -34.7716 -4.14805 2.4
      vertex -34.8708 -3.87085 2.4
    endloop
  endfacet
  facet normal 0 0 1
    outer loop
      vertex -47.1 -42 2.4
      vertex -34.8708 -3.87085 2.4
      vertex -34.9424 -3.58527 2.4
    endloop
  endfacet
  facet normal 0 0 1
    outer loop
      vertex -47.1 -42 2.4
      vertex -34.9424 -3.58527 2.4
      vertex -34.9856 -3.29405 2.4
    endloop
  endfacet
  facet normal 0 0 1
    outer loop
      vertex -47.1 -42 2.4
      vertex -34.9856 -3.29405 2.4
      vertex -35 -3 2.4
    endloop
  endfacet
  facet normal 0 0 1
    outer loop
      vertex -35 8 2.4
      vertex -47.1 39 2.4
      vertex -35 -3 2.4
    endloop
  endfacet
  facet normal 0 0 1
    outer loop
      vertex -32 -6 2.4
      vertex -47.1 -42 2.4
      vertex -44.5 -44.6 2.4
    endloop
  endfacet
  facet normal 0 0 1
    outer loop
      vertex -44.5 -44.6 2.4
      vertex -47.1 -42 2.4
      vertex -44.7548 -44.5875 2.4
    endloop
  endfacet
  facet normal 0 0 1
    outer loop
      vertex -44.7548 -44.5875 2.4
      vertex -47.1 -42 2.4
      vertex -45.0072 -44.55 2.4
    endloop
  endfacet
  facet normal 0 0 1
    outer loop
      vertex -45.0072 -44.55 2.4
      vertex -47.1 -42 2.4
      vertex -45.2547 -44.488 2.4
    endloop
  endfacet
  facet normal 0 0 1
    outer loop
      vertex -45.2547 -44.488 2.4
      vertex -47.1 -42 2.4
      vertex -45.495 -44.4021 2.4
    endloop
  endfacet
  facet normal 0 0 1
    outer loop
      vertex -45.495 -44.4021 2.4
      vertex -47.1 -42 2.4
      vertex -45.7256 -44.293 2.4
    endloop
  endfacet
  facet normal 0 0 1
    outer loop
      vertex -45.7256 -44.293 2.4
      vertex -47.1 -42 2.4
      vertex -45.9445 -44.1618 2.4
    endloop
  endfacet
  facet normal 0 0 1
    outer loop
      vertex -45.9445 -44.1618 2.4
      vertex -47.1 -42 2.4
      vertex -46.1494 -44.0098 2.4
    endloop
  endfacet
  facet normal 0 0 1
    outer loop
      vertex -46.1494 -44.0098 2.4
      vertex -47.1 -42 2.4
      vertex -46.3385 -43.8385 2.4
    endloop
  endfacet
  facet normal 0 0 1
    outer loop
      vertex -46.3385 -43.8385 2.4
      vertex -47.1 -42 2.4
      vertex -46.5098 -43.6494 2.4
    endloop
  endfacet
  facet normal 0 0 1
    outer loop
      vertex -46.5098 -43.6494 2.4
      vertex -47.1 -42 2.4
      vertex -46.6618 -43.4445 2.4
    endloop
  endfacet
  facet normal 0 0 1
    outer loop
      vertex -46.6618 -43.4445 2.4
      vertex -47.1 -42 2.4
      vertex -46.793 -43.2256 2.4
    endloop
  endfacet
  facet normal 0 0 1
    outer loop
      vertex -46.793 -43.2256 2.4
      vertex -47.1 -42 2.4
      vertex -46.9021 -42.995 2.4
    endloop
  endfacet
  facet normal 0 0 1
    outer loop
      vertex -46.9021 -42.995 2.4
      vertex -47.1 -42 2.4
      vertex -46.988 -42.7547 2.4
    endloop
  endfacet
  facet normal 0 0 1
    outer loop
      vertex -46.988 -42.7547 2.4
      vertex -47.1 -42 2.4
      vertex -47.05 -42.5072 2.4
    endloop
  endfacet
  facet normal 0 0 1
    outer loop
      vertex -35 -3 2.4
      vertex -47.1 39 2.4
      vertex -47.1 -42 2.4
    endloop
  endfacet
  facet normal 0 0 1
    outer loop
      vertex -47.05 -42.5072 2.4
      vertex -47.1 -42 2.4
      vertex -47.0875 -42.2548 2.4
    endloop
  endfacet
  facet normal -0.146667 -0.989186 0
    outer loop
      vertex 45.0489 47.573 7
      vertex 45.5925 47.4924 11
      vertex 45.0489 47.573 11
    endloop
  endfacet
  facet normal -0.146667 -0.989186 -0
    outer loop
      vertex 45.5925 47.4924 11
      vertex 45.0489 47.573 7
      vertex 45.5925 47.4924 7
    endloop
  endfacet
  facet normal 0.524378 0.475018 0.706673
    outer loop
      vertex -46.3385 -43.8385 2.4
      vertex -46.5098 -43.6494 2.4
      vertex -48.4598 -45.9598 5.4
    endloop
  endfacet
  facet normal 0.427453 0.904038 -0
    outer loop
      vertex -46.643 -47.1737 5.4
      vertex -47.1398 -46.9388 11
      vertex -46.643 -47.1737 11
    endloop
  endfacet
  facet normal 0.427453 0.904038 0
    outer loop
      vertex -47.1398 -46.9388 11
      vertex -46.643 -47.1737 5.4
      vertex -47.1398 -46.9388 5.4
    endloop
  endfacet
  facet normal 0.68633 0.171872 0.70669
    outer loop
      vertex -49.8589 -43.6256 5.4
      vertex -46.988 -42.7547 2.4
      vertex -49.9924 -43.0925 5.4
    endloop
  endfacet
  facet normal 0.666136 0.238439 0.706689
    outer loop
      vertex -49.6737 -44.143 5.4
      vertex -46.988 -42.7547 2.4
      vertex -49.8589 -43.6256 5.4
    endloop
  endfacet
  facet normal -0.941503 -0.337005 0
    outer loop
      vertex 49.8589 43.6256 5.5
      vertex 49.6737 44.143 11
      vertex 49.6737 44.143 5.5
    endloop
  endfacet
  facet normal -0.941503 -0.337005 0
    outer loop
      vertex 49.6737 44.143 11
      vertex 49.8589 43.6256 5.5
      vertex 49.8589 43.6256 11
    endloop
  endfacet
  facet normal 0.103771 0.699877 0.706685
    outer loop
      vertex -45.0489 -47.573 5.4
      vertex -45.0072 -44.55 2.4
      vertex -45.5925 -47.4924 5.4
    endloop
  endfacet
  facet normal 0.595741 0.803177 -0
    outer loop
      vertex -47.6112 -46.6562 5.4
      vertex -48.0526 -46.3288 11
      vertex -47.6112 -46.6562 11
    endloop
  endfacet
  facet normal 0.595741 0.803177 0
    outer loop
      vertex -48.0526 -46.3288 11
      vertex -47.6112 -46.6562 5.4
      vertex -48.0526 -46.3288 5.4
    endloop
  endfacet
  facet normal -0.686308 -0.171496 0.706803
    outer loop
      vertex 49.6145 43.05 5.02264
      vertex 49.5 43.05 4.91146
      vertex 49.5 43.0371 4.90833
    endloop
  endfacet
  facet normal 0.103981 0.69986 0.706671
    outer loop
      vertex -44.7548 -44.5875 2.4
      vertex -45.0072 -44.55 2.4
      vertex -45.0489 -47.573 5.4
    endloop
  endfacet
  facet normal -0.989186 0.146667 0
    outer loop
      vertex 49.9924 -43.0925 5.4
      vertex 50.073 -42.5489 11
      vertex 50.073 -42.5489 5.4
    endloop
  endfacet
  facet normal -0.989186 0.146667 0
    outer loop
      vertex 50.073 -42.5489 11
      vertex 49.9924 -43.0925 5.4
      vertex 49.9924 -43.0925 11
    endloop
  endfacet
  facet normal -0.242921 0.970046 0
    outer loop
      vertex 46.1256 -47.3589 5.4
      vertex 45.5925 -47.4924 11
      vertex 46.1256 -47.3589 11
    endloop
  endfacet
  facet normal -0.242921 0.970046 0
    outer loop
      vertex 45.5925 -47.4924 11
      vertex 46.1256 -47.3589 5.4
      vertex 45.5925 -47.4924 5.4
    endloop
  endfacet
  facet normal -0.706679 0.0347611 0.706679
    outer loop
      vertex 50.073 -42.5489 5.4
      vertex 50.1 -42 5.4
      vertex 47.1 -42 2.4
    endloop
  endfacet
  facet normal 0.0346689 0.70669 0.706673
    outer loop
      vertex -44.5 -44.6 2.4
      vertex -44.7548 -44.5875 2.4
      vertex -45.0489 -47.573 5.4
    endloop
  endfacet
  facet normal -0.475018 0.524378 0.706673
    outer loop
      vertex 48.4598 -45.9598 5.4
      vertex 46.3385 -43.8385 2.4
      vertex 46.1494 -44.0098 2.4
    endloop
  endfacet
  facet normal 0.302584 0.639559 0.706687
    outer loop
      vertex -45.495 -44.4021 2.4
      vertex -45.7256 -44.293 2.4
      vertex -47.1398 -46.9388 5.4
    endloop
  endfacet
  facet normal -0.989191 -0.146633 0
    outer loop
      vertex 49.9987 43.05 5.5
      vertex 49.9924 43.0925 11
      vertex 49.9924 43.0925 5.5
    endloop
  endfacet
  facet normal -0.989185 -0.14667 -0
    outer loop
      vertex 50.073 42.5489 11
      vertex 49.9987 43.05 5.5
      vertex 50.073 42.5489 5.4
    endloop
  endfacet
  facet normal -0.989186 -0.146667 2.713e-07
    outer loop
      vertex 49.9987 43.05 5.5
      vertex 50.073 42.5489 11
      vertex 49.9924 43.0925 11
    endloop
  endfacet
  facet normal -0.989185 -0.14667 0
    outer loop
      vertex 49.9987 43.05 5.4
      vertex 50.073 42.5489 5.4
      vertex 49.9987 43.05 5.5
    endloop
  endfacet
  facet normal 0.941503 0.337005 0
    outer loop
      vertex -49.6737 -44.143 11
      vertex -49.8589 -43.6256 5.4
      vertex -49.8589 -43.6256 11
    endloop
  endfacet
  facet normal 0.941503 0.337005 0
    outer loop
      vertex -49.8589 -43.6256 5.4
      vertex -49.6737 -44.143 11
      vertex -49.6737 -44.143 5.4
    endloop
  endfacet
  facet normal 0.606838 0.363794 0.706683
    outer loop
      vertex -49.1562 -45.1112 5.4
      vertex -46.793 -43.2256 2.4
      vertex -49.4388 -44.6398 5.4
    endloop
  endfacet
  facet normal -0.595741 -0.803177 0
    outer loop
      vertex 47.6112 46.6562 7
      vertex 48.0526 46.3288 11
      vertex 47.6112 46.6562 11
    endloop
  endfacet
  facet normal -0.595741 -0.803177 -0
    outer loop
      vertex 48.0526 46.3288 11
      vertex 47.6112 46.6562 7
      vertex 48.0526 46.3288 7
    endloop
  endfacet
  facet normal 0.857686 -0.514175 0
    outer loop
      vertex -49.4388 44.6398 11
      vertex -49.1562 45.1112 7
      vertex -49.1562 45.1112 11
    endloop
  endfacet
  facet normal 0.857686 -0.514175 0
    outer loop
      vertex -49.1562 45.1112 7
      vertex -49.4388 44.6398 11
      vertex -49.4388 44.6398 7
    endloop
  endfacet
  facet normal -0.857686 0.514175 0
    outer loop
      vertex 49.1562 -45.1112 5.4
      vertex 49.4388 -44.6398 11
      vertex 49.4388 -44.6398 5.4
    endloop
  endfacet
  facet normal -0.857686 0.514175 0
    outer loop
      vertex 49.4388 -44.6398 11
      vertex 49.1562 -45.1112 5.4
      vertex 49.1562 -45.1112 11
    endloop
  endfacet
  facet normal 0.242921 -0.970046 0
    outer loop
      vertex -46.1256 47.3589 7
      vertex -45.5925 47.4924 11
      vertex -46.1256 47.3589 11
    endloop
  endfacet
  facet normal 0.242921 -0.970046 0
    outer loop
      vertex -45.5925 47.4924 11
      vertex -46.1256 47.3589 7
      vertex -45.5925 47.4924 7
    endloop
  endfacet
  facet normal 0.699877 0.103771 0.706685
    outer loop
      vertex -49.9924 -43.0925 5.4
      vertex -47.05 -42.5072 2.4
      vertex -50.073 -42.5489 5.4
    endloop
  endfacet
  facet normal 0.989186 0.146667 0
    outer loop
      vertex -49.9924 -43.0925 11
      vertex -50.073 -42.5489 5.4
      vertex -50.073 -42.5489 11
    endloop
  endfacet
  facet normal 0.989186 0.146667 0
    outer loop
      vertex -50.073 -42.5489 5.4
      vertex -49.9924 -43.0925 11
      vertex -49.9924 -43.0925 5.4
    endloop
  endfacet
  facet normal -0.103981 0.69986 0.706671
    outer loop
      vertex 45.0489 -47.573 5.4
      vertex 45.0072 -44.55 2.4
      vertex 44.7548 -44.5875 2.4
    endloop
  endfacet
  facet normal -0.0346689 0.70669 0.706673
    outer loop
      vertex 45.0489 -47.573 5.4
      vertex 44.7548 -44.5875 2.4
      vertex 44.5 -44.6 2.4
    endloop
  endfacet
  facet normal 0.803177 0.595741 0
    outer loop
      vertex -48.8288 -45.5526 11
      vertex -49.1562 -45.1112 5.4
      vertex -49.1562 -45.1112 11
    endloop
  endfacet
  facet normal 0.803177 0.595741 0
    outer loop
      vertex -49.1562 -45.1112 5.4
      vertex -48.8288 -45.5526 11
      vertex -48.8288 -45.5526 5.4
    endloop
  endfacet
  facet normal -0.686239 -0.171883 0.706776
    outer loop
      vertex 49.5 42.9945 4.89797
      vertex 49.6145 43.05 5.02264
      vertex 49.5 43.0371 4.90833
    endloop
  endfacet
  facet normal -0.686452 -0.171296 0.706711
    outer loop
      vertex 49.6145 43.05 5.02264
      vertex 49.5 42.9945 4.89797
      vertex 49.7788 43.05 5.18223
    endloop
  endfacet
  facet normal -0.302584 0.639559 0.706687
    outer loop
      vertex 47.1398 -46.9388 5.4
      vertex 45.7256 -44.293 2.4
      vertex 45.495 -44.4021 2.4
    endloop
  endfacet
  facet normal -0.639641 0.302439 0.706676
    outer loop
      vertex 49.4388 -44.6398 5.4
      vertex 49.6737 -44.143 5.4
      vertex 46.9021 -42.995 2.4
    endloop
  endfacet
  facet normal -0.337005 0.941503 0
    outer loop
      vertex 46.643 -47.1737 5.4
      vertex 46.1256 -47.3589 11
      vertex 46.643 -47.1737 11
    endloop
  endfacet
  facet normal -0.337005 0.941503 0
    outer loop
      vertex 46.1256 -47.3589 11
      vertex 46.643 -47.1737 5.4
      vertex 46.1256 -47.3589 5.4
    endloop
  endfacet
  facet normal -0.671494 0.74101 0
    outer loop
      vertex 48.4598 -45.9598 5.4
      vertex 48.0526 -46.3288 11
      vertex 48.4598 -45.9598 11
    endloop
  endfacet
  facet normal -0.671494 0.74101 0
    outer loop
      vertex 48.0526 -46.3288 11
      vertex 48.4598 -45.9598 5.4
      vertex 48.0526 -46.3288 5.4
    endloop
  endfacet
  facet normal -0.595741 0.803177 0
    outer loop
      vertex 48.0526 -46.3288 5.4
      vertex 47.6112 -46.6562 11
      vertex 48.0526 -46.3288 11
    endloop
  endfacet
  facet normal -0.595741 0.803177 0
    outer loop
      vertex 47.6112 -46.6562 11
      vertex 48.0526 -46.3288 5.4
      vertex 47.6112 -46.6562 5.4
    endloop
  endfacet
  facet normal 0.568251 0.421543 0.706677
    outer loop
      vertex -46.5098 -43.6494 2.4
      vertex -46.6618 -43.4445 2.4
      vertex -49.1562 -45.1112 5.4
    endloop
  endfacet
  facet normal -0.941503 0.337005 0
    outer loop
      vertex 49.6737 -44.143 5.4
      vertex 49.8589 -43.6256 11
      vertex 49.8589 -43.6256 5.4
    endloop
  endfacet
  facet normal -0.941503 0.337005 0
    outer loop
      vertex 49.8589 -43.6256 11
      vertex 49.6737 -44.143 5.4
      vertex 49.6737 -44.143 11
    endloop
  endfacet
  facet normal -0.699877 0.103771 0.706685
    outer loop
      vertex 49.9924 -43.0925 5.4
      vertex 50.073 -42.5489 5.4
      vertex 47.05 -42.5072 2.4
    endloop
  endfacet
  facet normal -0.524288 0.475104 0.706681
    outer loop
      vertex 48.4598 -45.9598 5.4
      vertex 48.8288 -45.5526 5.4
      vertex 46.5098 -43.6494 2.4
    endloop
  endfacet
  facet normal -0.524378 0.475018 0.706673
    outer loop
      vertex 48.4598 -45.9598 5.4
      vertex 46.5098 -43.6494 2.4
      vertex 46.3385 -43.8385 2.4
    endloop
  endfacet
  facet normal -0.606877 0.363738 0.706679
    outer loop
      vertex 49.1562 -45.1112 5.4
      vertex 46.793 -43.2256 2.4
      vertex 46.6618 -43.4445 2.4
    endloop
  endfacet
  facet normal -0.606838 0.363794 0.706683
    outer loop
      vertex 49.1562 -45.1112 5.4
      vertex 49.4388 -44.6398 5.4
      vertex 46.793 -43.2256 2.4
    endloop
  endfacet
  facet normal -0.302439 0.639641 0.706676
    outer loop
      vertex 46.643 -47.1737 5.4
      vertex 47.1398 -46.9388 5.4
      vertex 45.495 -44.4021 2.4
    endloop
  endfacet
  facet normal 0.904038 0.427453 0
    outer loop
      vertex -49.4388 -44.6398 11
      vertex -49.6737 -44.143 5.4
      vertex -49.6737 -44.143 11
    endloop
  endfacet
  facet normal 0.904038 0.427453 0
    outer loop
      vertex -49.6737 -44.143 5.4
      vertex -49.4388 -44.6398 11
      vertex -49.4388 -44.6398 5.4
    endloop
  endfacet
  facet normal -0.857686 -0.514175 0
    outer loop
      vertex 49.4388 44.6398 7
      vertex 49.1562 45.1112 11
      vertex 49.1562 45.1112 7
    endloop
  endfacet
  facet normal -0.857686 -0.514175 0
    outer loop
      vertex 49.1562 45.1112 11
      vertex 49.4388 44.6398 7
      vertex 49.4388 44.6398 11
    endloop
  endfacet
  facet normal -0.803177 -0.595741 0
    outer loop
      vertex 49.1562 45.1112 7
      vertex 48.8288 45.5526 11
      vertex 48.8288 45.5526 7
    endloop
  endfacet
  facet normal -0.803177 -0.595741 0
    outer loop
      vertex 48.8288 45.5526 11
      vertex 49.1562 45.1112 7
      vertex 49.1562 45.1112 11
    endloop
  endfacet
  facet normal 0.74101 0.671494 0
    outer loop
      vertex -48.4598 -45.9598 11
      vertex -48.8288 -45.5526 5.4
      vertex -48.8288 -45.5526 11
    endloop
  endfacet
  facet normal 0.74101 0.671494 0
    outer loop
      vertex -48.8288 -45.5526 5.4
      vertex -48.4598 -45.9598 11
      vertex -48.4598 -45.9598 5.4
    endloop
  endfacet
  facet normal -0.904063 -0.4274 0
    outer loop
      vertex -34.6458 28.5858 2.4
      vertex -34.7716 28.8519 4.35
      vertex -34.7716 28.8519 2.4
    endloop
  endfacet
  facet normal -0.904063 -0.4274 0
    outer loop
      vertex -34.7716 28.8519 4.35
      vertex -34.6458 28.5858 2.4
      vertex -34.6458 28.5858 4.35
    endloop
  endfacet
  facet normal -0.998803 0.0489044 0
    outer loop
      vertex -35 30 2.4
      vertex -34.9856 30.2941 4.35
      vertex -34.9856 30.2941 2.4
    endloop
  endfacet
  facet normal -0.998803 0.0489044 0
    outer loop
      vertex -34.9856 30.2941 4.35
      vertex -35 30 2.4
      vertex -35 30 4.35
    endloop
  endfacet
  facet normal -0.427269 -0.904125 0
    outer loop
      vertex -33.4142 27.3542 2.4
      vertex -33.148 27.2284 4.35
      vertex -33.4142 27.3542 4.35
    endloop
  endfacet
  facet normal -0.427269 -0.904125 -0
    outer loop
      vertex -33.148 27.2284 4.35
      vertex -33.4142 27.3542 2.4
      vertex -33.148 27.2284 2.4
    endloop
  endfacet
  facet normal 0 1 -0
    outer loop
      vertex 32 33 2.4
      vertex -32 33 4.35
      vertex 32 33 4.35
    endloop
  endfacet
  facet normal 0 1 0
    outer loop
      vertex -32 33 4.35
      vertex 32 33 2.4
      vertex -32 33 2.4
    endloop
  endfacet
  facet normal 0 -1 0
    outer loop
      vertex -32 27 2.4
      vertex 32 27 4.35
      vertex -32 27 4.35
    endloop
  endfacet
  facet normal 0 -1 -0
    outer loop
      vertex 32 27 4.35
      vertex -32 27 2.4
      vertex 32 27 2.4
    endloop
  endfacet
  facet normal -0.803208 -0.595699 0
    outer loop
      vertex -34.319 28.0968 2.4
      vertex -34.4944 28.3333 4.35
      vertex -34.4944 28.3333 2.4
    endloop
  endfacet
  facet normal -0.803208 -0.595699 0
    outer loop
      vertex -34.4944 28.3333 4.35
      vertex -34.319 28.0968 2.4
      vertex -34.319 28.0968 4.35
    endloop
  endfacet
  facet normal -0.857643 -0.514246 0
    outer loop
      vertex -34.4944 28.3333 2.4
      vertex -34.6458 28.5858 4.35
      vertex -34.6458 28.5858 2.4
    endloop
  endfacet
  facet normal -0.857643 -0.514246 0
    outer loop
      vertex -34.6458 28.5858 4.35
      vertex -34.4944 28.3333 2.4
      vertex -34.4944 28.3333 4.35
    endloop
  endfacet
  facet normal -0.969982 -0.243175 0
    outer loop
      vertex -34.8708 29.1291 2.4
      vertex -34.9424 29.4147 4.35
      vertex -34.9424 29.4147 2.4
    endloop
  endfacet
  facet normal -0.969982 -0.243175 0
    outer loop
      vertex -34.9424 29.4147 4.35
      vertex -34.8708 29.1291 2.4
      vertex -34.8708 29.1291 4.35
    endloop
  endfacet
  facet normal -0.337047 -0.941488 0
    outer loop
      vertex -33.148 27.2284 2.4
      vertex -32.8709 27.1292 4.35
      vertex -33.148 27.2284 4.35
    endloop
  endfacet
  facet normal -0.337047 -0.941488 -0
    outer loop
      vertex -32.8709 27.1292 4.35
      vertex -33.148 27.2284 2.4
      vertex -32.8709 27.1292 2.4
    endloop
  endfacet
  facet normal 0.0489044 -0.998803 0
    outer loop
      vertex 32 27 2.4
      vertex 32.2941 27.0144 4.35
      vertex 32 27 4.35
    endloop
  endfacet
  facet normal 0.0489044 -0.998803 0
    outer loop
      vertex 32.2941 27.0144 4.35
      vertex 32 27 2.4
      vertex 32.2941 27.0144 2.4
    endloop
  endfacet
  facet normal -0.740908 -0.671607 0
    outer loop
      vertex -34.1213 27.8787 2.4
      vertex -34.319 28.0968 4.35
      vertex -34.319 28.0968 2.4
    endloop
  endfacet
  facet normal -0.740908 -0.671607 0
    outer loop
      vertex -34.319 28.0968 4.35
      vertex -34.1213 27.8787 2.4
      vertex -34.1213 27.8787 4.35
    endloop
  endfacet
  facet normal -0.514246 0.857643 0
    outer loop
      vertex -33.4142 32.6458 2.4
      vertex -33.6667 32.4944 4.35
      vertex -33.4142 32.6458 4.35
    endloop
  endfacet
  facet normal -0.514246 0.857643 0
    outer loop
      vertex -33.6667 32.4944 4.35
      vertex -33.4142 32.6458 2.4
      vertex -33.6667 32.4944 2.4
    endloop
  endfacet
  facet normal -0.989174 -0.146746 0
    outer loop
      vertex -34.9424 29.4147 2.4
      vertex -34.9856 29.7059 4.35
      vertex -34.9856 29.7059 2.4
    endloop
  endfacet
  facet normal -0.989174 -0.146746 0
    outer loop
      vertex -34.9856 29.7059 4.35
      vertex -34.9424 29.4147 2.4
      vertex -34.9424 29.4147 4.35
    endloop
  endfacet
  facet normal -0.989174 0.146746 0
    outer loop
      vertex -34.9856 30.2941 2.4
      vertex -34.9424 30.5853 4.35
      vertex -34.9424 30.5853 2.4
    endloop
  endfacet
  facet normal -0.989174 0.146746 0
    outer loop
      vertex -34.9424 30.5853 4.35
      vertex -34.9856 30.2941 2.4
      vertex -34.9856 30.2941 4.35
    endloop
  endfacet
  facet normal -0.427269 0.904125 0
    outer loop
      vertex -33.148 32.7716 2.4
      vertex -33.4142 32.6458 4.35
      vertex -33.148 32.7716 4.35
    endloop
  endfacet
  facet normal -0.427269 0.904125 0
    outer loop
      vertex -33.4142 32.6458 4.35
      vertex -33.148 32.7716 2.4
      vertex -33.4142 32.6458 2.4
    endloop
  endfacet
  facet normal 0.337047 -0.941488 0
    outer loop
      vertex 32.8709 27.1292 2.4
      vertex 33.148 27.2284 4.35
      vertex 32.8709 27.1292 4.35
    endloop
  endfacet
  facet normal 0.337047 -0.941488 0
    outer loop
      vertex 33.148 27.2284 4.35
      vertex 32.8709 27.1292 2.4
      vertex 33.148 27.2284 2.4
    endloop
  endfacet
  facet normal -0.671607 -0.740908 0
    outer loop
      vertex -34.1213 27.8787 2.4
      vertex -33.9032 27.681 4.35
      vertex -34.1213 27.8787 4.35
    endloop
  endfacet
  facet normal -0.671607 -0.740908 -0
    outer loop
      vertex -33.9032 27.681 4.35
      vertex -34.1213 27.8787 2.4
      vertex -33.9032 27.681 2.4
    endloop
  endfacet
  facet normal -0.243175 -0.969982 0
    outer loop
      vertex -32.8709 27.1292 2.4
      vertex -32.5853 27.0576 4.35
      vertex -32.8709 27.1292 4.35
    endloop
  endfacet
  facet normal -0.243175 -0.969982 -0
    outer loop
      vertex -32.5853 27.0576 4.35
      vertex -32.8709 27.1292 2.4
      vertex -32.5853 27.0576 2.4
    endloop
  endfacet
  facet normal -0.998803 -0.0489044 0
    outer loop
      vertex -34.9856 29.7059 2.4
      vertex -35 30 4.35
      vertex -35 30 2.4
    endloop
  endfacet
  facet normal -0.998803 -0.0489044 0
    outer loop
      vertex -35 30 4.35
      vertex -34.9856 29.7059 2.4
      vertex -34.9856 29.7059 4.35
    endloop
  endfacet
  facet normal -0.146746 0.989174 0
    outer loop
      vertex -32.2941 32.9856 2.4
      vertex -32.5853 32.9424 4.35
      vertex -32.2941 32.9856 4.35
    endloop
  endfacet
  facet normal -0.146746 0.989174 0
    outer loop
      vertex -32.5853 32.9424 4.35
      vertex -32.2941 32.9856 2.4
      vertex -32.5853 32.9424 2.4
    endloop
  endfacet
  facet normal -0.595699 0.803208 0
    outer loop
      vertex -33.6667 32.4944 2.4
      vertex -33.9032 32.319 4.35
      vertex -33.6667 32.4944 4.35
    endloop
  endfacet
  facet normal -0.595699 0.803208 0
    outer loop
      vertex -33.9032 32.319 4.35
      vertex -33.6667 32.4944 2.4
      vertex -33.9032 32.319 2.4
    endloop
  endfacet
  facet normal 0.857643 0.514246 0
    outer loop
      vertex 34.6458 31.4142 4.35
      vertex 34.4944 31.6667 2.4
      vertex 34.4944 31.6667 4.35
    endloop
  endfacet
  facet normal 0.857643 0.514246 0
    outer loop
      vertex 34.4944 31.6667 2.4
      vertex 34.6458 31.4142 4.35
      vertex 34.6458 31.4142 2.4
    endloop
  endfacet
  facet normal 0.243175 -0.969982 0
    outer loop
      vertex 32.5853 27.0576 2.4
      vertex 32.8709 27.1292 4.35
      vertex 32.5853 27.0576 4.35
    endloop
  endfacet
  facet normal 0.243175 -0.969982 0
    outer loop
      vertex 32.8709 27.1292 4.35
      vertex 32.5853 27.0576 2.4
      vertex 32.8709 27.1292 2.4
    endloop
  endfacet
  facet normal -0.803208 0.595699 0
    outer loop
      vertex -34.4944 31.6667 2.4
      vertex -34.319 31.9032 4.35
      vertex -34.319 31.9032 2.4
    endloop
  endfacet
  facet normal -0.803208 0.595699 0
    outer loop
      vertex -34.319 31.9032 4.35
      vertex -34.4944 31.6667 2.4
      vertex -34.4944 31.6667 4.35
    endloop
  endfacet
  facet normal 0.595699 -0.803208 0
    outer loop
      vertex 33.6667 27.5056 2.4
      vertex 33.9032 27.681 4.35
      vertex 33.6667 27.5056 4.35
    endloop
  endfacet
  facet normal 0.595699 -0.803208 0
    outer loop
      vertex 33.9032 27.681 4.35
      vertex 33.6667 27.5056 2.4
      vertex 33.9032 27.681 2.4
    endloop
  endfacet
  facet normal -0.0489044 0.998803 0
    outer loop
      vertex -32 33 2.4
      vertex -32.2941 32.9856 4.35
      vertex -32 33 4.35
    endloop
  endfacet
  facet normal -0.0489044 0.998803 0
    outer loop
      vertex -32.2941 32.9856 4.35
      vertex -32 33 2.4
      vertex -32.2941 32.9856 2.4
    endloop
  endfacet
  facet normal 0.969982 0.243175 0
    outer loop
      vertex 34.9424 30.5853 4.35
      vertex 34.8708 30.8709 2.4
      vertex 34.8708 30.8709 4.35
    endloop
  endfacet
  facet normal 0.969982 0.243175 0
    outer loop
      vertex 34.8708 30.8709 2.4
      vertex 34.9424 30.5853 4.35
      vertex 34.9424 30.5853 2.4
    endloop
  endfacet
  facet normal 0.998803 0.0489044 0
    outer loop
      vertex 35 30 4.35
      vertex 34.9856 30.2941 2.4
      vertex 34.9856 30.2941 4.35
    endloop
  endfacet
  facet normal 0.998803 0.0489044 0
    outer loop
      vertex 34.9856 30.2941 2.4
      vertex 35 30 4.35
      vertex 35 30 2.4
    endloop
  endfacet
  facet normal 0.998803 -0.0489044 0
    outer loop
      vertex 34.9856 29.7059 4.35
      vertex 35 30 2.4
      vertex 35 30 4.35
    endloop
  endfacet
  facet normal 0.998803 -0.0489044 0
    outer loop
      vertex 35 30 2.4
      vertex 34.9856 29.7059 4.35
      vertex 34.9856 29.7059 2.4
    endloop
  endfacet
  facet normal -0.514246 -0.857643 0
    outer loop
      vertex -33.6667 27.5056 2.4
      vertex -33.4142 27.3542 4.35
      vertex -33.6667 27.5056 4.35
    endloop
  endfacet
  facet normal -0.514246 -0.857643 -0
    outer loop
      vertex -33.4142 27.3542 4.35
      vertex -33.6667 27.5056 2.4
      vertex -33.4142 27.3542 2.4
    endloop
  endfacet
  facet normal -0.857643 0.514246 0
    outer loop
      vertex -34.6458 31.4142 2.4
      vertex -34.4944 31.6667 4.35
      vertex -34.4944 31.6667 2.4
    endloop
  endfacet
  facet normal -0.857643 0.514246 0
    outer loop
      vertex -34.4944 31.6667 4.35
      vertex -34.6458 31.4142 2.4
      vertex -34.6458 31.4142 4.35
    endloop
  endfacet
  facet normal -0.671607 0.740908 0
    outer loop
      vertex -33.9032 32.319 2.4
      vertex -34.1213 32.1213 4.35
      vertex -33.9032 32.319 4.35
    endloop
  endfacet
  facet normal -0.671607 0.740908 0
    outer loop
      vertex -34.1213 32.1213 4.35
      vertex -33.9032 32.319 2.4
      vertex -34.1213 32.1213 2.4
    endloop
  endfacet
  facet normal -0.595699 -0.803208 0
    outer loop
      vertex -33.9032 27.681 2.4
      vertex -33.6667 27.5056 4.35
      vertex -33.9032 27.681 4.35
    endloop
  endfacet
  facet normal -0.595699 -0.803208 -0
    outer loop
      vertex -33.6667 27.5056 4.35
      vertex -33.9032 27.681 2.4
      vertex -33.6667 27.5056 2.4
    endloop
  endfacet
  facet normal -0.941527 -0.336939 0
    outer loop
      vertex -34.7716 28.8519 2.4
      vertex -34.8708 29.1291 4.35
      vertex -34.8708 29.1291 2.4
    endloop
  endfacet
  facet normal -0.941527 -0.336939 0
    outer loop
      vertex -34.8708 29.1291 4.35
      vertex -34.7716 28.8519 2.4
      vertex -34.7716 28.8519 4.35
    endloop
  endfacet
  facet normal -0.941488 0.337047 0
    outer loop
      vertex -34.8708 30.8709 2.4
      vertex -34.7716 31.148 4.35
      vertex -34.7716 31.148 2.4
    endloop
  endfacet
  facet normal -0.941488 0.337047 0
    outer loop
      vertex -34.7716 31.148 4.35
      vertex -34.8708 30.8709 2.4
      vertex -34.8708 30.8709 4.35
    endloop
  endfacet
  facet normal 0.514246 0.857643 -0
    outer loop
      vertex 33.6667 32.4944 2.4
      vertex 33.4142 32.6458 4.35
      vertex 33.6667 32.4944 4.35
    endloop
  endfacet
  facet normal 0.514246 0.857643 0
    outer loop
      vertex 33.4142 32.6458 4.35
      vertex 33.6667 32.4944 2.4
      vertex 33.4142 32.6458 2.4
    endloop
  endfacet
  facet normal -0.969982 0.243175 0
    outer loop
      vertex -34.9424 30.5853 2.4
      vertex -34.8708 30.8709 4.35
      vertex -34.8708 30.8709 2.4
    endloop
  endfacet
  facet normal -0.969982 0.243175 0
    outer loop
      vertex -34.8708 30.8709 4.35
      vertex -34.9424 30.5853 2.4
      vertex -34.9424 30.5853 4.35
    endloop
  endfacet
  facet normal -0.0489044 -0.998803 0
    outer loop
      vertex -32.2941 27.0144 2.4
      vertex -32 27 4.35
      vertex -32.2941 27.0144 4.35
    endloop
  endfacet
  facet normal -0.0489044 -0.998803 -0
    outer loop
      vertex -32 27 4.35
      vertex -32.2941 27.0144 2.4
      vertex -32 27 2.4
    endloop
  endfacet
  facet normal -0.337047 0.941488 0
    outer loop
      vertex -32.8709 32.8708 2.4
      vertex -33.148 32.7716 4.35
      vertex -32.8709 32.8708 4.35
    endloop
  endfacet
  facet normal -0.337047 0.941488 0
    outer loop
      vertex -33.148 32.7716 4.35
      vertex -32.8709 32.8708 2.4
      vertex -33.148 32.7716 2.4
    endloop
  endfacet
  facet normal 0.514246 -0.857643 0
    outer loop
      vertex 33.4142 27.3542 2.4
      vertex 33.6667 27.5056 4.35
      vertex 33.4142 27.3542 4.35
    endloop
  endfacet
  facet normal 0.514246 -0.857643 0
    outer loop
      vertex 33.6667 27.5056 4.35
      vertex 33.4142 27.3542 2.4
      vertex 33.6667 27.5056 2.4
    endloop
  endfacet
  facet normal 0.671607 0.740908 -0
    outer loop
      vertex 34.1213 32.1213 2.4
      vertex 33.9032 32.319 4.35
      vertex 34.1213 32.1213 4.35
    endloop
  endfacet
  facet normal 0.671607 0.740908 0
    outer loop
      vertex 33.9032 32.319 4.35
      vertex 34.1213 32.1213 2.4
      vertex 33.9032 32.319 2.4
    endloop
  endfacet
  facet normal 0.0489044 0.998803 -0
    outer loop
      vertex 32.2941 32.9856 2.4
      vertex 32 33 4.35
      vertex 32.2941 32.9856 4.35
    endloop
  endfacet
  facet normal 0.0489044 0.998803 0
    outer loop
      vertex 32 33 4.35
      vertex 32.2941 32.9856 2.4
      vertex 32 33 2.4
    endloop
  endfacet
  facet normal -0.740908 0.671607 0
    outer loop
      vertex -34.319 31.9032 2.4
      vertex -34.1213 32.1213 4.35
      vertex -34.1213 32.1213 2.4
    endloop
  endfacet
  facet normal -0.740908 0.671607 0
    outer loop
      vertex -34.1213 32.1213 4.35
      vertex -34.319 31.9032 2.4
      vertex -34.319 31.9032 4.35
    endloop
  endfacet
  facet normal 0.803208 -0.595699 0
    outer loop
      vertex 34.319 28.0968 4.35
      vertex 34.4944 28.3333 2.4
      vertex 34.4944 28.3333 4.35
    endloop
  endfacet
  facet normal 0.803208 -0.595699 0
    outer loop
      vertex 34.4944 28.3333 2.4
      vertex 34.319 28.0968 4.35
      vertex 34.319 28.0968 2.4
    endloop
  endfacet
  facet normal 0.671607 -0.740908 0
    outer loop
      vertex 33.9032 27.681 2.4
      vertex 34.1213 27.8787 4.35
      vertex 33.9032 27.681 4.35
    endloop
  endfacet
  facet normal 0.671607 -0.740908 0
    outer loop
      vertex 34.1213 27.8787 4.35
      vertex 33.9032 27.681 2.4
      vertex 34.1213 27.8787 2.4
    endloop
  endfacet
  facet normal 0.989174 0.146746 0
    outer loop
      vertex 34.9856 30.2941 4.35
      vertex 34.9424 30.5853 2.4
      vertex 34.9424 30.5853 4.35
    endloop
  endfacet
  facet normal 0.989174 0.146746 0
    outer loop
      vertex 34.9424 30.5853 2.4
      vertex 34.9856 30.2941 4.35
      vertex 34.9856 30.2941 2.4
    endloop
  endfacet
  facet normal 0.337047 0.941488 -0
    outer loop
      vertex 33.148 32.7716 2.4
      vertex 32.8709 32.8708 4.35
      vertex 33.148 32.7716 4.35
    endloop
  endfacet
  facet normal 0.337047 0.941488 0
    outer loop
      vertex 32.8709 32.8708 4.35
      vertex 33.148 32.7716 2.4
      vertex 32.8709 32.8708 2.4
    endloop
  endfacet
  facet normal 0.904063 -0.4274 0
    outer loop
      vertex 34.6458 28.5858 4.35
      vertex 34.7716 28.8519 2.4
      vertex 34.7716 28.8519 4.35
    endloop
  endfacet
  facet normal 0.904063 -0.4274 0
    outer loop
      vertex 34.7716 28.8519 2.4
      vertex 34.6458 28.5858 4.35
      vertex 34.6458 28.5858 2.4
    endloop
  endfacet
  facet normal -0.146746 -0.989174 0
    outer loop
      vertex -32.5853 27.0576 2.4
      vertex -32.2941 27.0144 4.35
      vertex -32.5853 27.0576 4.35
    endloop
  endfacet
  facet normal -0.146746 -0.989174 -0
    outer loop
      vertex -32.2941 27.0144 4.35
      vertex -32.5853 27.0576 2.4
      vertex -32.2941 27.0144 2.4
    endloop
  endfacet
  facet normal 0.146746 -0.989174 0
    outer loop
      vertex 32.2941 27.0144 2.4
      vertex 32.5853 27.0576 4.35
      vertex 32.2941 27.0144 4.35
    endloop
  endfacet
  facet normal 0.146746 -0.989174 0
    outer loop
      vertex 32.5853 27.0576 4.35
      vertex 32.2941 27.0144 2.4
      vertex 32.5853 27.0576 2.4
    endloop
  endfacet
  facet normal -0.243175 0.969982 0
    outer loop
      vertex -32.5853 32.9424 2.4
      vertex -32.8709 32.8708 4.35
      vertex -32.5853 32.9424 4.35
    endloop
  endfacet
  facet normal -0.243175 0.969982 0
    outer loop
      vertex -32.8709 32.8708 4.35
      vertex -32.5853 32.9424 2.4
      vertex -32.8709 32.8708 2.4
    endloop
  endfacet
  facet normal 0.969982 -0.243175 0
    outer loop
      vertex 34.8708 29.1291 4.35
      vertex 34.9424 29.4147 2.4
      vertex 34.9424 29.4147 4.35
    endloop
  endfacet
  facet normal 0.969982 -0.243175 0
    outer loop
      vertex 34.9424 29.4147 2.4
      vertex 34.8708 29.1291 4.35
      vertex 34.8708 29.1291 2.4
    endloop
  endfacet
  facet normal -0.904125 0.427269 0
    outer loop
      vertex -34.7716 31.148 2.4
      vertex -34.6458 31.4142 4.35
      vertex -34.6458 31.4142 2.4
    endloop
  endfacet
  facet normal -0.904125 0.427269 0
    outer loop
      vertex -34.6458 31.4142 4.35
      vertex -34.7716 31.148 2.4
      vertex -34.7716 31.148 4.35
    endloop
  endfacet
  facet normal 0.595699 0.803208 -0
    outer loop
      vertex 33.9032 32.319 2.4
      vertex 33.6667 32.4944 4.35
      vertex 33.9032 32.319 4.35
    endloop
  endfacet
  facet normal 0.595699 0.803208 0
    outer loop
      vertex 33.6667 32.4944 4.35
      vertex 33.9032 32.319 2.4
      vertex 33.6667 32.4944 2.4
    endloop
  endfacet
  facet normal 0.740908 0.671607 0
    outer loop
      vertex 34.319 31.9032 4.35
      vertex 34.1213 32.1213 2.4
      vertex 34.1213 32.1213 4.35
    endloop
  endfacet
  facet normal 0.740908 0.671607 0
    outer loop
      vertex 34.1213 32.1213 2.4
      vertex 34.319 31.9032 4.35
      vertex 34.319 31.9032 2.4
    endloop
  endfacet
  facet normal 0.427269 0.904125 -0
    outer loop
      vertex 33.4142 32.6458 2.4
      vertex 33.148 32.7716 4.35
      vertex 33.4142 32.6458 4.35
    endloop
  endfacet
  facet normal 0.427269 0.904125 0
    outer loop
      vertex 33.148 32.7716 4.35
      vertex 33.4142 32.6458 2.4
      vertex 33.148 32.7716 2.4
    endloop
  endfacet
  facet normal 0.941527 -0.336939 0
    outer loop
      vertex 34.7716 28.8519 4.35
      vertex 34.8708 29.1291 2.4
      vertex 34.8708 29.1291 4.35
    endloop
  endfacet
  facet normal 0.941527 -0.336939 0
    outer loop
      vertex 34.8708 29.1291 2.4
      vertex 34.7716 28.8519 4.35
      vertex 34.7716 28.8519 2.4
    endloop
  endfacet
  facet normal 0.904125 0.427269 0
    outer loop
      vertex 34.7716 31.148 4.35
      vertex 34.6458 31.4142 2.4
      vertex 34.6458 31.4142 4.35
    endloop
  endfacet
  facet normal 0.904125 0.427269 0
    outer loop
      vertex 34.6458 31.4142 2.4
      vertex 34.7716 31.148 4.35
      vertex 34.7716 31.148 2.4
    endloop
  endfacet
  facet normal 0.243175 0.969982 -0
    outer loop
      vertex 32.8709 32.8708 2.4
      vertex 32.5853 32.9424 4.35
      vertex 32.8709 32.8708 4.35
    endloop
  endfacet
  facet normal 0.243175 0.969982 0
    outer loop
      vertex 32.5853 32.9424 4.35
      vertex 32.8709 32.8708 2.4
      vertex 32.5853 32.9424 2.4
    endloop
  endfacet
  facet normal 0.803208 0.595699 0
    outer loop
      vertex 34.4944 31.6667 4.35
      vertex 34.319 31.9032 2.4
      vertex 34.319 31.9032 4.35
    endloop
  endfacet
  facet normal 0.803208 0.595699 0
    outer loop
      vertex 34.319 31.9032 2.4
      vertex 34.4944 31.6667 4.35
      vertex 34.4944 31.6667 2.4
    endloop
  endfacet
  facet normal 0.427269 -0.904125 0
    outer loop
      vertex 33.148 27.2284 2.4
      vertex 33.4142 27.3542 4.35
      vertex 33.148 27.2284 4.35
    endloop
  endfacet
  facet normal 0.427269 -0.904125 0
    outer loop
      vertex 33.4142 27.3542 4.35
      vertex 33.148 27.2284 2.4
      vertex 33.4142 27.3542 2.4
    endloop
  endfacet
  facet normal 0.989174 -0.146746 0
    outer loop
      vertex 34.9424 29.4147 4.35
      vertex 34.9856 29.7059 2.4
      vertex 34.9856 29.7059 4.35
    endloop
  endfacet
  facet normal 0.989174 -0.146746 0
    outer loop
      vertex 34.9856 29.7059 2.4
      vertex 34.9424 29.4147 4.35
      vertex 34.9424 29.4147 2.4
    endloop
  endfacet
  facet normal 0.941488 0.337047 0
    outer loop
      vertex 34.8708 30.8709 4.35
      vertex 34.7716 31.148 2.4
      vertex 34.7716 31.148 4.35
    endloop
  endfacet
  facet normal 0.941488 0.337047 0
    outer loop
      vertex 34.7716 31.148 2.4
      vertex 34.8708 30.8709 4.35
      vertex 34.8708 30.8709 2.4
    endloop
  endfacet
  facet normal 0.857643 -0.514246 0
    outer loop
      vertex 34.4944 28.3333 4.35
      vertex 34.6458 28.5858 2.4
      vertex 34.6458 28.5858 4.35
    endloop
  endfacet
  facet normal 0.857643 -0.514246 0
    outer loop
      vertex 34.6458 28.5858 2.4
      vertex 34.4944 28.3333 4.35
      vertex 34.4944 28.3333 2.4
    endloop
  endfacet
  facet normal 0.146746 0.989174 -0
    outer loop
      vertex 32.5853 32.9424 2.4
      vertex 32.2941 32.9856 4.35
      vertex 32.5853 32.9424 4.35
    endloop
  endfacet
  facet normal 0.146746 0.989174 0
    outer loop
      vertex 32.2941 32.9856 4.35
      vertex 32.5853 32.9424 2.4
      vertex 32.2941 32.9856 2.4
    endloop
  endfacet
  facet normal 0.740908 -0.671607 0
    outer loop
      vertex 34.1213 27.8787 4.35
      vertex 34.319 28.0968 2.4
      vertex 34.319 28.0968 4.35
    endloop
  endfacet
  facet normal 0.740908 -0.671607 0
    outer loop
      vertex 34.319 28.0968 2.4
      vertex 34.1213 27.8787 4.35
      vertex 34.1213 27.8787 2.4
    endloop
  endfacet
  facet normal 0 0 1
    outer loop
      vertex 34.9856 30.2941 4.35
      vertex 34.9856 29.7059 4.35
      vertex 35 30 4.35
    endloop
  endfacet
  facet normal 0 0 1
    outer loop
      vertex 34.9424 30.5853 4.35
      vertex 34.9856 29.7059 4.35
      vertex 34.9856 30.2941 4.35
    endloop
  endfacet
  facet normal 0 0 1
    outer loop
      vertex 34.9424 30.5853 4.35
      vertex 34.9424 29.4147 4.35
      vertex 34.9856 29.7059 4.35
    endloop
  endfacet
  facet normal 0 0 1
    outer loop
      vertex 34.8708 30.8709 4.35
      vertex 34.9424 29.4147 4.35
      vertex 34.9424 30.5853 4.35
    endloop
  endfacet
  facet normal 0 0 1
    outer loop
      vertex 34.8708 30.8709 4.35
      vertex 34.8708 29.1291 4.35
      vertex 34.9424 29.4147 4.35
    endloop
  endfacet
  facet normal 0 0 1
    outer loop
      vertex 34.7716 31.148 4.35
      vertex 34.8708 29.1291 4.35
      vertex 34.8708 30.8709 4.35
    endloop
  endfacet
  facet normal 0 0 1
    outer loop
      vertex 34.7716 31.148 4.35
      vertex 34.7716 28.8519 4.35
      vertex 34.8708 29.1291 4.35
    endloop
  endfacet
  facet normal 0 0 1
    outer loop
      vertex 34.6458 31.4142 4.35
      vertex 34.7716 28.8519 4.35
      vertex 34.7716 31.148 4.35
    endloop
  endfacet
  facet normal 0 0 1
    outer loop
      vertex 34.6458 31.4142 4.35
      vertex 34.6458 28.5858 4.35
      vertex 34.7716 28.8519 4.35
    endloop
  endfacet
  facet normal 0 0 1
    outer loop
      vertex 34.4944 31.6667 4.35
      vertex 34.6458 28.5858 4.35
      vertex 34.6458 31.4142 4.35
    endloop
  endfacet
  facet normal 0 0 1
    outer loop
      vertex 34.4944 31.6667 4.35
      vertex 34.4944 28.3333 4.35
      vertex 34.6458 28.5858 4.35
    endloop
  endfacet
  facet normal 0 0 1
    outer loop
      vertex 34.319 31.9032 4.35
      vertex 34.4944 28.3333 4.35
      vertex 34.4944 31.6667 4.35
    endloop
  endfacet
  facet normal 0 0 1
    outer loop
      vertex 34.319 31.9032 4.35
      vertex 34.319 28.0968 4.35
      vertex 34.4944 28.3333 4.35
    endloop
  endfacet
  facet normal 0 0 1
    outer loop
      vertex 34.1213 32.1213 4.35
      vertex 34.319 28.0968 4.35
      vertex 34.319 31.9032 4.35
    endloop
  endfacet
  facet normal 0 0 1
    outer loop
      vertex 34.1213 32.1213 4.35
      vertex 34.1213 27.8787 4.35
      vertex 34.319 28.0968 4.35
    endloop
  endfacet
  facet normal 0 0 1
    outer loop
      vertex 33.9032 32.319 4.35
      vertex 34.1213 27.8787 4.35
      vertex 34.1213 32.1213 4.35
    endloop
  endfacet
  facet normal 0 0 1
    outer loop
      vertex 33.9032 32.319 4.35
      vertex 33.9032 27.681 4.35
      vertex 34.1213 27.8787 4.35
    endloop
  endfacet
  facet normal 0 0 1
    outer loop
      vertex 33.6667 32.4944 4.35
      vertex 33.9032 27.681 4.35
      vertex 33.9032 32.319 4.35
    endloop
  endfacet
  facet normal 0 0 1
    outer loop
      vertex 33.6667 32.4944 4.35
      vertex 33.6667 27.5056 4.35
      vertex 33.9032 27.681 4.35
    endloop
  endfacet
  facet normal 0 0 1
    outer loop
      vertex 33.4142 32.6458 4.35
      vertex 33.6667 27.5056 4.35
      vertex 33.6667 32.4944 4.35
    endloop
  endfacet
  facet normal 0 0 1
    outer loop
      vertex 33.4142 32.6458 4.35
      vertex 33.4142 27.3542 4.35
      vertex 33.6667 27.5056 4.35
    endloop
  endfacet
  facet normal 0 0 1
    outer loop
      vertex 33.148 32.7716 4.35
      vertex 33.4142 27.3542 4.35
      vertex 33.4142 32.6458 4.35
    endloop
  endfacet
  facet normal 0 0 1
    outer loop
      vertex 33.148 32.7716 4.35
      vertex 33.148 27.2284 4.35
      vertex 33.4142 27.3542 4.35
    endloop
  endfacet
  facet normal 0 0 1
    outer loop
      vertex 32.8709 32.8708 4.35
      vertex 33.148 27.2284 4.35
      vertex 33.148 32.7716 4.35
    endloop
  endfacet
  facet normal 0 0 1
    outer loop
      vertex 32.8709 32.8708 4.35
      vertex 32.8709 27.1292 4.35
      vertex 33.148 27.2284 4.35
    endloop
  endfacet
  facet normal 0 0 1
    outer loop
      vertex 32.5853 32.9424 4.35
      vertex 32.8709 27.1292 4.35
      vertex 32.8709 32.8708 4.35
    endloop
  endfacet
  facet normal 0 0 1
    outer loop
      vertex 32.5853 32.9424 4.35
      vertex 32.5853 27.0576 4.35
      vertex 32.8709 27.1292 4.35
    endloop
  endfacet
  facet normal 0 0 1
    outer loop
      vertex 32.2941 32.9856 4.35
      vertex 32.5853 27.0576 4.35
      vertex 32.5853 32.9424 4.35
    endloop
  endfacet
  facet normal 0 0 1
    outer loop
      vertex 32.2941 32.9856 4.35
      vertex 32.2941 27.0144 4.35
      vertex 32.5853 27.0576 4.35
    endloop
  endfacet
  facet normal 0 0 1
    outer loop
      vertex 32 33 4.35
      vertex 32.2941 27.0144 4.35
      vertex 32.2941 32.9856 4.35
    endloop
  endfacet
  facet normal 0 0 1
    outer loop
      vertex 32 33 4.35
      vertex 32 27 4.35
      vertex 32.2941 27.0144 4.35
    endloop
  endfacet
  facet normal -0 0 1
    outer loop
      vertex -32 33 4.35
      vertex 32 27 4.35
      vertex 32 33 4.35
    endloop
  endfacet
  facet normal 0 0 1
    outer loop
      vertex -32 33 4.35
      vertex -32 27 4.35
      vertex 32 27 4.35
    endloop
  endfacet
  facet normal -0 0 1
    outer loop
      vertex -32.2941 32.9856 4.35
      vertex -32 27 4.35
      vertex -32 33 4.35
    endloop
  endfacet
  facet normal 0 0 1
    outer loop
      vertex -32.2941 32.9856 4.35
      vertex -32.2941 27.0144 4.35
      vertex -32 27 4.35
    endloop
  endfacet
  facet normal -0 0 1
    outer loop
      vertex -32.5853 32.9424 4.35
      vertex -32.2941 27.0144 4.35
      vertex -32.2941 32.9856 4.35
    endloop
  endfacet
  facet normal 0 0 1
    outer loop
      vertex -32.5853 32.9424 4.35
      vertex -32.5853 27.0576 4.35
      vertex -32.2941 27.0144 4.35
    endloop
  endfacet
  facet normal -0 0 1
    outer loop
      vertex -32.8709 32.8708 4.35
      vertex -32.5853 27.0576 4.35
      vertex -32.5853 32.9424 4.35
    endloop
  endfacet
  facet normal 0 0 1
    outer loop
      vertex -32.8709 32.8708 4.35
      vertex -32.8709 27.1292 4.35
      vertex -32.5853 27.0576 4.35
    endloop
  endfacet
  facet normal -0 0 1
    outer loop
      vertex -33.148 32.7716 4.35
      vertex -32.8709 27.1292 4.35
      vertex -32.8709 32.8708 4.35
    endloop
  endfacet
  facet normal 0 0 1
    outer loop
      vertex -33.148 32.7716 4.35
      vertex -33.148 27.2284 4.35
      vertex -32.8709 27.1292 4.35
    endloop
  endfacet
  facet normal -0 0 1
    outer loop
      vertex -33.4142 32.6458 4.35
      vertex -33.148 27.2284 4.35
      vertex -33.148 32.7716 4.35
    endloop
  endfacet
  facet normal 0 0 1
    outer loop
      vertex -33.4142 32.6458 4.35
      vertex -33.4142 27.3542 4.35
      vertex -33.148 27.2284 4.35
    endloop
  endfacet
  facet normal -0 0 1
    outer loop
      vertex -33.6667 32.4944 4.35
      vertex -33.4142 27.3542 4.35
      vertex -33.4142 32.6458 4.35
    endloop
  endfacet
  facet normal 0 0 1
    outer loop
      vertex -33.6667 32.4944 4.35
      vertex -33.6667 27.5056 4.35
      vertex -33.4142 27.3542 4.35
    endloop
  endfacet
  facet normal -0 0 1
    outer loop
      vertex -33.9032 32.319 4.35
      vertex -33.6667 27.5056 4.35
      vertex -33.6667 32.4944 4.35
    endloop
  endfacet
  facet normal 0 0 1
    outer loop
      vertex -33.9032 32.319 4.35
      vertex -33.9032 27.681 4.35
      vertex -33.6667 27.5056 4.35
    endloop
  endfacet
  facet normal -0 0 1
    outer loop
      vertex -34.1213 32.1213 4.35
      vertex -33.9032 27.681 4.35
      vertex -33.9032 32.319 4.35
    endloop
  endfacet
  facet normal 0 0 1
    outer loop
      vertex -34.1213 32.1213 4.35
      vertex -34.1213 27.8787 4.35
      vertex -33.9032 27.681 4.35
    endloop
  endfacet
  facet normal -0 0 1
    outer loop
      vertex -34.319 31.9032 4.35
      vertex -34.1213 27.8787 4.35
      vertex -34.1213 32.1213 4.35
    endloop
  endfacet
  facet normal 0 0 1
    outer loop
      vertex -34.319 31.9032 4.35
      vertex -34.319 28.0968 4.35
      vertex -34.1213 27.8787 4.35
    endloop
  endfacet
  facet normal -0 0 1
    outer loop
      vertex -34.4944 31.6667 4.35
      vertex -34.319 28.0968 4.35
      vertex -34.319 31.9032 4.35
    endloop
  endfacet
  facet normal 0 0 1
    outer loop
      vertex -34.4944 31.6667 4.35
      vertex -34.4944 28.3333 4.35
      vertex -34.319 28.0968 4.35
    endloop
  endfacet
  facet normal -0 0 1
    outer loop
      vertex -34.6458 31.4142 4.35
      vertex -34.4944 28.3333 4.35
      vertex -34.4944 31.6667 4.35
    endloop
  endfacet
  facet normal 0 0 1
    outer loop
      vertex -34.6458 31.4142 4.35
      vertex -34.6458 28.5858 4.35
      vertex -34.4944 28.3333 4.35
    endloop
  endfacet
  facet normal -0 0 1
    outer loop
      vertex -34.7716 31.148 4.35
      vertex -34.6458 28.5858 4.35
      vertex -34.6458 31.4142 4.35
    endloop
  endfacet
  facet normal 0 0 1
    outer loop
      vertex -34.7716 31.148 4.35
      vertex -34.7716 28.8519 4.35
      vertex -34.6458 28.5858 4.35
    endloop
  endfacet
  facet normal -0 0 1
    outer loop
      vertex -34.8708 30.8709 4.35
      vertex -34.7716 28.8519 4.35
      vertex -34.7716 31.148 4.35
    endloop
  endfacet
  facet normal 0 0 1
    outer loop
      vertex -34.8708 30.8709 4.35
      vertex -34.8708 29.1291 4.35
      vertex -34.7716 28.8519 4.35
    endloop
  endfacet
  facet normal -0 0 1
    outer loop
      vertex -34.9424 30.5853 4.35
      vertex -34.8708 29.1291 4.35
      vertex -34.8708 30.8709 4.35
    endloop
  endfacet
  facet normal 0 0 1
    outer loop
      vertex -34.9424 30.5853 4.35
      vertex -34.9424 29.4147 4.35
      vertex -34.8708 29.1291 4.35
    endloop
  endfacet
  facet normal -0 0 1
    outer loop
      vertex -34.9856 30.2941 4.35
      vertex -34.9424 29.4147 4.35
      vertex -34.9424 30.5853 4.35
    endloop
  endfacet
  facet normal 0 0 1
    outer loop
      vertex -34.9856 30.2941 4.35
      vertex -34.9856 29.7059 4.35
      vertex -34.9424 29.4147 4.35
    endloop
  endfacet
  facet normal 0 -0 1
    outer loop
      vertex -34.9856 29.7059 4.35
      vertex -34.9856 30.2941 4.35
      vertex -35 30 4.35
    endloop
  endfacet
  facet normal -0.514246 0.857643 0
    outer loop
      vertex -33.4142 21.6458 2.4
      vertex -33.6667 21.4944 4.35
      vertex -33.4142 21.6458 4.35
    endloop
  endfacet
  facet normal -0.514246 0.857643 0
    outer loop
      vertex -33.6667 21.4944 4.35
      vertex -33.4142 21.6458 2.4
      vertex -33.6667 21.4944 2.4
    endloop
  endfacet
  facet normal -0.803208 0.595699 0
    outer loop
      vertex -34.4944 20.6667 2.4
      vertex -34.319 20.9032 4.35
      vertex -34.319 20.9032 2.4
    endloop
  endfacet
  facet normal -0.803208 0.595699 0
    outer loop
      vertex -34.319 20.9032 4.35
      vertex -34.4944 20.6667 2.4
      vertex -34.4944 20.6667 4.35
    endloop
  endfacet
  facet normal -0.337047 -0.941488 0
    outer loop
      vertex -33.148 16.2284 2.4
      vertex -32.8709 16.1292 4.35
      vertex -33.148 16.2284 4.35
    endloop
  endfacet
  facet normal -0.337047 -0.941488 -0
    outer loop
      vertex -32.8709 16.1292 4.35
      vertex -33.148 16.2284 2.4
      vertex -32.8709 16.1292 2.4
    endloop
  endfacet
  facet normal -0.998803 -0.0489044 0
    outer loop
      vertex -34.9856 18.7059 2.4
      vertex -35 19 4.35
      vertex -35 19 2.4
    endloop
  endfacet
  facet normal -0.998803 -0.0489044 0
    outer loop
      vertex -35 19 4.35
      vertex -34.9856 18.7059 2.4
      vertex -34.9856 18.7059 4.35
    endloop
  endfacet
  facet normal -0.904063 -0.4274 0
    outer loop
      vertex -34.6458 17.5858 2.4
      vertex -34.7716 17.8519 4.35
      vertex -34.7716 17.8519 2.4
    endloop
  endfacet
  facet normal -0.904063 -0.4274 0
    outer loop
      vertex -34.7716 17.8519 4.35
      vertex -34.6458 17.5858 2.4
      vertex -34.6458 17.5858 4.35
    endloop
  endfacet
  facet normal -0.857643 -0.514246 0
    outer loop
      vertex -34.4944 17.3333 2.4
      vertex -34.6458 17.5858 4.35
      vertex -34.6458 17.5858 2.4
    endloop
  endfacet
  facet normal -0.857643 -0.514246 0
    outer loop
      vertex -34.6458 17.5858 4.35
      vertex -34.4944 17.3333 2.4
      vertex -34.4944 17.3333 4.35
    endloop
  endfacet
  facet normal -0.857643 0.514246 0
    outer loop
      vertex -34.6458 20.4142 2.4
      vertex -34.4944 20.6667 4.35
      vertex -34.4944 20.6667 2.4
    endloop
  endfacet
  facet normal -0.857643 0.514246 0
    outer loop
      vertex -34.4944 20.6667 4.35
      vertex -34.6458 20.4142 2.4
      vertex -34.6458 20.4142 4.35
    endloop
  endfacet
  facet normal -0.427269 0.904125 0
    outer loop
      vertex -33.148 21.7716 2.4
      vertex -33.4142 21.6458 4.35
      vertex -33.148 21.7716 4.35
    endloop
  endfacet
  facet normal -0.427269 0.904125 0
    outer loop
      vertex -33.4142 21.6458 4.35
      vertex -33.148 21.7716 2.4
      vertex -33.4142 21.6458 2.4
    endloop
  endfacet
  facet normal 0.989174 0.146746 0
    outer loop
      vertex 34.9856 19.2941 4.35
      vertex 34.9424 19.5853 2.4
      vertex 34.9424 19.5853 4.35
    endloop
  endfacet
  facet normal 0.989174 0.146746 0
    outer loop
      vertex 34.9424 19.5853 2.4
      vertex 34.9856 19.2941 4.35
      vertex 34.9856 19.2941 2.4
    endloop
  endfacet
  facet normal 0.427269 -0.904125 0
    outer loop
      vertex 33.148 16.2284 2.4
      vertex 33.4142 16.3542 4.35
      vertex 33.148 16.2284 4.35
    endloop
  endfacet
  facet normal 0.427269 -0.904125 0
    outer loop
      vertex 33.4142 16.3542 4.35
      vertex 33.148 16.2284 2.4
      vertex 33.4142 16.3542 2.4
    endloop
  endfacet
  facet normal -0.941527 -0.336939 0
    outer loop
      vertex -34.7716 17.8519 2.4
      vertex -34.8708 18.1291 4.35
      vertex -34.8708 18.1291 2.4
    endloop
  endfacet
  facet normal -0.941527 -0.336939 0
    outer loop
      vertex -34.8708 18.1291 4.35
      vertex -34.7716 17.8519 2.4
      vertex -34.7716 17.8519 4.35
    endloop
  endfacet
  facet normal 0.857643 -0.514246 0
    outer loop
      vertex 34.4944 17.3333 4.35
      vertex 34.6458 17.5858 2.4
      vertex 34.6458 17.5858 4.35
    endloop
  endfacet
  facet normal 0.857643 -0.514246 0
    outer loop
      vertex 34.6458 17.5858 2.4
      vertex 34.4944 17.3333 4.35
      vertex 34.4944 17.3333 2.4
    endloop
  endfacet
  facet normal -0.998803 0.0489044 0
    outer loop
      vertex -35 19 2.4
      vertex -34.9856 19.2941 4.35
      vertex -34.9856 19.2941 2.4
    endloop
  endfacet
  facet normal -0.998803 0.0489044 0
    outer loop
      vertex -34.9856 19.2941 4.35
      vertex -35 19 2.4
      vertex -35 19 4.35
    endloop
  endfacet
  facet normal 0.514246 -0.857643 0
    outer loop
      vertex 33.4142 16.3542 2.4
      vertex 33.6667 16.5056 4.35
      vertex 33.4142 16.3542 4.35
    endloop
  endfacet
  facet normal 0.514246 -0.857643 0
    outer loop
      vertex 33.6667 16.5056 4.35
      vertex 33.4142 16.3542 2.4
      vertex 33.6667 16.5056 2.4
    endloop
  endfacet
  facet normal -0.969982 0.243175 0
    outer loop
      vertex -34.9424 19.5853 2.4
      vertex -34.8708 19.8709 4.35
      vertex -34.8708 19.8709 2.4
    endloop
  endfacet
  facet normal -0.969982 0.243175 0
    outer loop
      vertex -34.8708 19.8709 4.35
      vertex -34.9424 19.5853 2.4
      vertex -34.9424 19.5853 4.35
    endloop
  endfacet
  facet normal -0.671607 0.740908 0
    outer loop
      vertex -33.9032 21.319 2.4
      vertex -34.1213 21.1213 4.35
      vertex -33.9032 21.319 4.35
    endloop
  endfacet
  facet normal -0.671607 0.740908 0
    outer loop
      vertex -34.1213 21.1213 4.35
      vertex -33.9032 21.319 2.4
      vertex -34.1213 21.1213 2.4
    endloop
  endfacet
  facet normal 0.969982 -0.243175 0
    outer loop
      vertex 34.8708 18.1291 4.35
      vertex 34.9424 18.4147 2.4
      vertex 34.9424 18.4147 4.35
    endloop
  endfacet
  facet normal 0.969982 -0.243175 0
    outer loop
      vertex 34.9424 18.4147 2.4
      vertex 34.8708 18.1291 4.35
      vertex 34.8708 18.1291 2.4
    endloop
  endfacet
  facet normal -0.740908 -0.671607 0
    outer loop
      vertex -34.1213 16.8787 2.4
      vertex -34.319 17.0968 4.35
      vertex -34.319 17.0968 2.4
    endloop
  endfacet
  facet normal -0.740908 -0.671607 0
    outer loop
      vertex -34.319 17.0968 4.35
      vertex -34.1213 16.8787 2.4
      vertex -34.1213 16.8787 4.35
    endloop
  endfacet
  facet normal -0.989174 0.146746 0
    outer loop
      vertex -34.9856 19.2941 2.4
      vertex -34.9424 19.5853 4.35
      vertex -34.9424 19.5853 2.4
    endloop
  endfacet
  facet normal -0.989174 0.146746 0
    outer loop
      vertex -34.9424 19.5853 4.35
      vertex -34.9856 19.2941 2.4
      vertex -34.9856 19.2941 4.35
    endloop
  endfacet
  facet normal 0.0489044 -0.998803 0
    outer loop
      vertex 32 16 2.4
      vertex 32.2941 16.0144 4.35
      vertex 32 16 4.35
    endloop
  endfacet
  facet normal 0.0489044 -0.998803 0
    outer loop
      vertex 32.2941 16.0144 4.35
      vertex 32 16 2.4
      vertex 32.2941 16.0144 2.4
    endloop
  endfacet
  facet normal 0.803208 0.595699 0
    outer loop
      vertex 34.4944 20.6667 4.35
      vertex 34.319 20.9032 2.4
      vertex 34.319 20.9032 4.35
    endloop
  endfacet
  facet normal 0.803208 0.595699 0
    outer loop
      vertex 34.319 20.9032 2.4
      vertex 34.4944 20.6667 4.35
      vertex 34.4944 20.6667 2.4
    endloop
  endfacet
  facet normal -0.803208 -0.595699 0
    outer loop
      vertex -34.319 17.0968 2.4
      vertex -34.4944 17.3333 4.35
      vertex -34.4944 17.3333 2.4
    endloop
  endfacet
  facet normal -0.803208 -0.595699 0
    outer loop
      vertex -34.4944 17.3333 4.35
      vertex -34.319 17.0968 2.4
      vertex -34.319 17.0968 4.35
    endloop
  endfacet
  facet normal -0.0489044 0.998803 0
    outer loop
      vertex -32 22 2.4
      vertex -32.2941 21.9856 4.35
      vertex -32 22 4.35
    endloop
  endfacet
  facet normal -0.0489044 0.998803 0
    outer loop
      vertex -32.2941 21.9856 4.35
      vertex -32 22 2.4
      vertex -32.2941 21.9856 2.4
    endloop
  endfacet
  facet normal 0 1 -0
    outer loop
      vertex 32 22 2.4
      vertex -32 22 4.35
      vertex 32 22 4.35
    endloop
  endfacet
  facet normal 0 1 0
    outer loop
      vertex -32 22 4.35
      vertex 32 22 2.4
      vertex -32 22 2.4
    endloop
  endfacet
  facet normal 0.514246 0.857643 -0
    outer loop
      vertex 33.6667 21.4944 2.4
      vertex 33.4142 21.6458 4.35
      vertex 33.6667 21.4944 4.35
    endloop
  endfacet
  facet normal 0.514246 0.857643 0
    outer loop
      vertex 33.4142 21.6458 4.35
      vertex 33.6667 21.4944 2.4
      vertex 33.4142 21.6458 2.4
    endloop
  endfacet
  facet normal -0.146746 0.989174 0
    outer loop
      vertex -32.2941 21.9856 2.4
      vertex -32.5853 21.9424 4.35
      vertex -32.2941 21.9856 4.35
    endloop
  endfacet
  facet normal -0.146746 0.989174 0
    outer loop
      vertex -32.5853 21.9424 4.35
      vertex -32.2941 21.9856 2.4
      vertex -32.5853 21.9424 2.4
    endloop
  endfacet
  facet normal 0 -1 0
    outer loop
      vertex -32 16 2.4
      vertex 32 16 4.35
      vertex -32 16 4.35
    endloop
  endfacet
  facet normal 0 -1 -0
    outer loop
      vertex 32 16 4.35
      vertex -32 16 2.4
      vertex 32 16 2.4
    endloop
  endfacet
  facet normal 0.857643 0.514246 0
    outer loop
      vertex 34.6458 20.4142 4.35
      vertex 34.4944 20.6667 2.4
      vertex 34.4944 20.6667 4.35
    endloop
  endfacet
  facet normal 0.857643 0.514246 0
    outer loop
      vertex 34.4944 20.6667 2.4
      vertex 34.6458 20.4142 4.35
      vertex 34.6458 20.4142 2.4
    endloop
  endfacet
  facet normal 0.337047 -0.941488 0
    outer loop
      vertex 32.8709 16.1292 2.4
      vertex 33.148 16.2284 4.35
      vertex 32.8709 16.1292 4.35
    endloop
  endfacet
  facet normal 0.337047 -0.941488 0
    outer loop
      vertex 33.148 16.2284 4.35
      vertex 32.8709 16.1292 2.4
      vertex 33.148 16.2284 2.4
    endloop
  endfacet
  facet normal -0.337047 0.941488 0
    outer loop
      vertex -32.8709 21.8708 2.4
      vertex -33.148 21.7716 4.35
      vertex -32.8709 21.8708 4.35
    endloop
  endfacet
  facet normal -0.337047 0.941488 0
    outer loop
      vertex -33.148 21.7716 4.35
      vertex -32.8709 21.8708 2.4
      vertex -33.148 21.7716 2.4
    endloop
  endfacet
  facet normal -0.595699 -0.803208 0
    outer loop
      vertex -33.9032 16.681 2.4
      vertex -33.6667 16.5056 4.35
      vertex -33.9032 16.681 4.35
    endloop
  endfacet
  facet normal -0.595699 -0.803208 -0
    outer loop
      vertex -33.6667 16.5056 4.35
      vertex -33.9032 16.681 2.4
      vertex -33.6667 16.5056 2.4
    endloop
  endfacet
  facet normal -0.941488 0.337047 0
    outer loop
      vertex -34.8708 19.8709 2.4
      vertex -34.7716 20.148 4.35
      vertex -34.7716 20.148 2.4
    endloop
  endfacet
  facet normal -0.941488 0.337047 0
    outer loop
      vertex -34.7716 20.148 4.35
      vertex -34.8708 19.8709 2.4
      vertex -34.8708 19.8709 4.35
    endloop
  endfacet
  facet normal 0.427269 0.904125 -0
    outer loop
      vertex 33.4142 21.6458 2.4
      vertex 33.148 21.7716 4.35
      vertex 33.4142 21.6458 4.35
    endloop
  endfacet
  facet normal 0.427269 0.904125 0
    outer loop
      vertex 33.148 21.7716 4.35
      vertex 33.4142 21.6458 2.4
      vertex 33.148 21.7716 2.4
    endloop
  endfacet
  facet normal 0.337047 0.941488 -0
    outer loop
      vertex 33.148 21.7716 2.4
      vertex 32.8709 21.8708 4.35
      vertex 33.148 21.7716 4.35
    endloop
  endfacet
  facet normal 0.337047 0.941488 0
    outer loop
      vertex 32.8709 21.8708 4.35
      vertex 33.148 21.7716 2.4
      vertex 32.8709 21.8708 2.4
    endloop
  endfacet
  facet normal -0.969982 -0.243175 0
    outer loop
      vertex -34.8708 18.1291 2.4
      vertex -34.9424 18.4147 4.35
      vertex -34.9424 18.4147 2.4
    endloop
  endfacet
  facet normal -0.969982 -0.243175 0
    outer loop
      vertex -34.9424 18.4147 4.35
      vertex -34.8708 18.1291 2.4
      vertex -34.8708 18.1291 4.35
    endloop
  endfacet
  facet normal 0.969982 0.243175 0
    outer loop
      vertex 34.9424 19.5853 4.35
      vertex 34.8708 19.8709 2.4
      vertex 34.8708 19.8709 4.35
    endloop
  endfacet
  facet normal 0.969982 0.243175 0
    outer loop
      vertex 34.8708 19.8709 2.4
      vertex 34.9424 19.5853 4.35
      vertex 34.9424 19.5853 2.4
    endloop
  endfacet
  facet normal -0.989174 -0.146746 0
    outer loop
      vertex -34.9424 18.4147 2.4
      vertex -34.9856 18.7059 4.35
      vertex -34.9856 18.7059 2.4
    endloop
  endfacet
  facet normal -0.989174 -0.146746 0
    outer loop
      vertex -34.9856 18.7059 4.35
      vertex -34.9424 18.4147 2.4
      vertex -34.9424 18.4147 4.35
    endloop
  endfacet
  facet normal -0.243175 0.969982 0
    outer loop
      vertex -32.5853 21.9424 2.4
      vertex -32.8709 21.8708 4.35
      vertex -32.5853 21.9424 4.35
    endloop
  endfacet
  facet normal -0.243175 0.969982 0
    outer loop
      vertex -32.8709 21.8708 4.35
      vertex -32.5853 21.9424 2.4
      vertex -32.8709 21.8708 2.4
    endloop
  endfacet
  facet normal 0.595699 0.803208 -0
    outer loop
      vertex 33.9032 21.319 2.4
      vertex 33.6667 21.4944 4.35
      vertex 33.9032 21.319 4.35
    endloop
  endfacet
  facet normal 0.595699 0.803208 0
    outer loop
      vertex 33.6667 21.4944 4.35
      vertex 33.9032 21.319 2.4
      vertex 33.6667 21.4944 2.4
    endloop
  endfacet
  facet normal -0.595699 0.803208 0
    outer loop
      vertex -33.6667 21.4944 2.4
      vertex -33.9032 21.319 4.35
      vertex -33.6667 21.4944 4.35
    endloop
  endfacet
  facet normal -0.595699 0.803208 0
    outer loop
      vertex -33.9032 21.319 4.35
      vertex -33.6667 21.4944 2.4
      vertex -33.9032 21.319 2.4
    endloop
  endfacet
  facet normal 0.671607 0.740908 -0
    outer loop
      vertex 34.1213 21.1213 2.4
      vertex 33.9032 21.319 4.35
      vertex 34.1213 21.1213 4.35
    endloop
  endfacet
  facet normal 0.671607 0.740908 0
    outer loop
      vertex 33.9032 21.319 4.35
      vertex 34.1213 21.1213 2.4
      vertex 33.9032 21.319 2.4
    endloop
  endfacet
  facet normal -0.904125 0.427269 0
    outer loop
      vertex -34.7716 20.148 2.4
      vertex -34.6458 20.4142 4.35
      vertex -34.6458 20.4142 2.4
    endloop
  endfacet
  facet normal -0.904125 0.427269 0
    outer loop
      vertex -34.6458 20.4142 4.35
      vertex -34.7716 20.148 2.4
      vertex -34.7716 20.148 4.35
    endloop
  endfacet
  facet normal 0.671607 -0.740908 0
    outer loop
      vertex 33.9032 16.681 2.4
      vertex 34.1213 16.8787 4.35
      vertex 33.9032 16.681 4.35
    endloop
  endfacet
  facet normal 0.671607 -0.740908 0
    outer loop
      vertex 34.1213 16.8787 4.35
      vertex 33.9032 16.681 2.4
      vertex 34.1213 16.8787 2.4
    endloop
  endfacet
  facet normal 0.243175 0.969982 -0
    outer loop
      vertex 32.8709 21.8708 2.4
      vertex 32.5853 21.9424 4.35
      vertex 32.8709 21.8708 4.35
    endloop
  endfacet
  facet normal 0.243175 0.969982 0
    outer loop
      vertex 32.5853 21.9424 4.35
      vertex 32.8709 21.8708 2.4
      vertex 32.5853 21.9424 2.4
    endloop
  endfacet
  facet normal -0.671607 -0.740908 0
    outer loop
      vertex -34.1213 16.8787 2.4
      vertex -33.9032 16.681 4.35
      vertex -34.1213 16.8787 4.35
    endloop
  endfacet
  facet normal -0.671607 -0.740908 -0
    outer loop
      vertex -33.9032 16.681 4.35
      vertex -34.1213 16.8787 2.4
      vertex -33.9032 16.681 2.4
    endloop
  endfacet
  facet normal -0.740908 0.671607 0
    outer loop
      vertex -34.319 20.9032 2.4
      vertex -34.1213 21.1213 4.35
      vertex -34.1213 21.1213 2.4
    endloop
  endfacet
  facet normal -0.740908 0.671607 0
    outer loop
      vertex -34.1213 21.1213 4.35
      vertex -34.319 20.9032 2.4
      vertex -34.319 20.9032 4.35
    endloop
  endfacet
  facet normal 0.740908 -0.671607 0
    outer loop
      vertex 34.1213 16.8787 4.35
      vertex 34.319 17.0968 2.4
      vertex 34.319 17.0968 4.35
    endloop
  endfacet
  facet normal 0.740908 -0.671607 0
    outer loop
      vertex 34.319 17.0968 2.4
      vertex 34.1213 16.8787 4.35
      vertex 34.1213 16.8787 2.4
    endloop
  endfacet
  facet normal 0.146746 -0.989174 0
    outer loop
      vertex 32.2941 16.0144 2.4
      vertex 32.5853 16.0576 4.35
      vertex 32.2941 16.0144 4.35
    endloop
  endfacet
  facet normal 0.146746 -0.989174 0
    outer loop
      vertex 32.5853 16.0576 4.35
      vertex 32.2941 16.0144 2.4
      vertex 32.5853 16.0576 2.4
    endloop
  endfacet
  facet normal -0.427269 -0.904125 0
    outer loop
      vertex -33.4142 16.3542 2.4
      vertex -33.148 16.2284 4.35
      vertex -33.4142 16.3542 4.35
    endloop
  endfacet
  facet normal -0.427269 -0.904125 -0
    outer loop
      vertex -33.148 16.2284 4.35
      vertex -33.4142 16.3542 2.4
      vertex -33.148 16.2284 2.4
    endloop
  endfacet
  facet normal 0.941488 0.337047 0
    outer loop
      vertex 34.8708 19.8709 4.35
      vertex 34.7716 20.148 2.4
      vertex 34.7716 20.148 4.35
    endloop
  endfacet
  facet normal 0.941488 0.337047 0
    outer loop
      vertex 34.7716 20.148 2.4
      vertex 34.8708 19.8709 4.35
      vertex 34.8708 19.8709 2.4
    endloop
  endfacet
  facet normal -0.0489044 -0.998803 0
    outer loop
      vertex -32.2941 16.0144 2.4
      vertex -32 16 4.35
      vertex -32.2941 16.0144 4.35
    endloop
  endfacet
  facet normal -0.0489044 -0.998803 -0
    outer loop
      vertex -32 16 4.35
      vertex -32.2941 16.0144 2.4
      vertex -32 16 2.4
    endloop
  endfacet
  facet normal -0.514246 -0.857643 0
    outer loop
      vertex -33.6667 16.5056 2.4
      vertex -33.4142 16.3542 4.35
      vertex -33.6667 16.5056 4.35
    endloop
  endfacet
  facet normal -0.514246 -0.857643 -0
    outer loop
      vertex -33.4142 16.3542 4.35
      vertex -33.6667 16.5056 2.4
      vertex -33.4142 16.3542 2.4
    endloop
  endfacet
  facet normal 0.0489044 0.998803 -0
    outer loop
      vertex 32.2941 21.9856 2.4
      vertex 32 22 4.35
      vertex 32.2941 21.9856 4.35
    endloop
  endfacet
  facet normal 0.0489044 0.998803 0
    outer loop
      vertex 32 22 4.35
      vertex 32.2941 21.9856 2.4
      vertex 32 22 2.4
    endloop
  endfacet
  facet normal 0.243175 -0.969982 0
    outer loop
      vertex 32.5853 16.0576 2.4
      vertex 32.8709 16.1292 4.35
      vertex 32.5853 16.0576 4.35
    endloop
  endfacet
  facet normal 0.243175 -0.969982 0
    outer loop
      vertex 32.8709 16.1292 4.35
      vertex 32.5853 16.0576 2.4
      vertex 32.8709 16.1292 2.4
    endloop
  endfacet
  facet normal 0.904125 0.427269 0
    outer loop
      vertex 34.7716 20.148 4.35
      vertex 34.6458 20.4142 2.4
      vertex 34.6458 20.4142 4.35
    endloop
  endfacet
  facet normal 0.904125 0.427269 0
    outer loop
      vertex 34.6458 20.4142 2.4
      vertex 34.7716 20.148 4.35
      vertex 34.7716 20.148 2.4
    endloop
  endfacet
  facet normal 0 0 1
    outer loop
      vertex 34.9856 19.2941 4.35
      vertex 34.9856 18.7059 4.35
      vertex 35 19 4.35
    endloop
  endfacet
  facet normal 0 0 1
    outer loop
      vertex 34.9424 19.5853 4.35
      vertex 34.9856 18.7059 4.35
      vertex 34.9856 19.2941 4.35
    endloop
  endfacet
  facet normal 0 0 1
    outer loop
      vertex 34.9424 19.5853 4.35
      vertex 34.9424 18.4147 4.35
      vertex 34.9856 18.7059 4.35
    endloop
  endfacet
  facet normal 0 0 1
    outer loop
      vertex 34.8708 19.8709 4.35
      vertex 34.9424 18.4147 4.35
      vertex 34.9424 19.5853 4.35
    endloop
  endfacet
  facet normal 0 0 1
    outer loop
      vertex 34.8708 19.8709 4.35
      vertex 34.8708 18.1291 4.35
      vertex 34.9424 18.4147 4.35
    endloop
  endfacet
  facet normal 0 0 1
    outer loop
      vertex 34.7716 20.148 4.35
      vertex 34.8708 18.1291 4.35
      vertex 34.8708 19.8709 4.35
    endloop
  endfacet
  facet normal 0 0 1
    outer loop
      vertex 34.7716 20.148 4.35
      vertex 34.7716 17.8519 4.35
      vertex 34.8708 18.1291 4.35
    endloop
  endfacet
  facet normal 0 0 1
    outer loop
      vertex 34.6458 20.4142 4.35
      vertex 34.7716 17.8519 4.35
      vertex 34.7716 20.148 4.35
    endloop
  endfacet
  facet normal 0 0 1
    outer loop
      vertex 34.6458 20.4142 4.35
      vertex 34.6458 17.5858 4.35
      vertex 34.7716 17.8519 4.35
    endloop
  endfacet
  facet normal 0 0 1
    outer loop
      vertex 34.4944 20.6667 4.35
      vertex 34.6458 17.5858 4.35
      vertex 34.6458 20.4142 4.35
    endloop
  endfacet
  facet normal 0 0 1
    outer loop
      vertex 34.4944 20.6667 4.35
      vertex 34.4944 17.3333 4.35
      vertex 34.6458 17.5858 4.35
    endloop
  endfacet
  facet normal 0 0 1
    outer loop
      vertex 34.319 20.9032 4.35
      vertex 34.4944 17.3333 4.35
      vertex 34.4944 20.6667 4.35
    endloop
  endfacet
  facet normal 0 0 1
    outer loop
      vertex 34.319 20.9032 4.35
      vertex 34.319 17.0968 4.35
      vertex 34.4944 17.3333 4.35
    endloop
  endfacet
  facet normal 0 0 1
    outer loop
      vertex 34.1213 21.1213 4.35
      vertex 34.319 17.0968 4.35
      vertex 34.319 20.9032 4.35
    endloop
  endfacet
  facet normal 0 0 1
    outer loop
      vertex 34.1213 21.1213 4.35
      vertex 34.1213 16.8787 4.35
      vertex 34.319 17.0968 4.35
    endloop
  endfacet
  facet normal 0 0 1
    outer loop
      vertex 33.9032 21.319 4.35
      vertex 34.1213 16.8787 4.35
      vertex 34.1213 21.1213 4.35
    endloop
  endfacet
  facet normal 0 0 1
    outer loop
      vertex 33.9032 21.319 4.35
      vertex 33.9032 16.681 4.35
      vertex 34.1213 16.8787 4.35
    endloop
  endfacet
  facet normal 0 0 1
    outer loop
      vertex 33.6667 21.4944 4.35
      vertex 33.9032 16.681 4.35
      vertex 33.9032 21.319 4.35
    endloop
  endfacet
  facet normal 0 0 1
    outer loop
      vertex 33.6667 21.4944 4.35
      vertex 33.6667 16.5056 4.35
      vertex 33.9032 16.681 4.35
    endloop
  endfacet
  facet normal 0 0 1
    outer loop
      vertex 33.4142 21.6458 4.35
      vertex 33.6667 16.5056 4.35
      vertex 33.6667 21.4944 4.35
    endloop
  endfacet
  facet normal 0 0 1
    outer loop
      vertex 33.4142 21.6458 4.35
      vertex 33.4142 16.3542 4.35
      vertex 33.6667 16.5056 4.35
    endloop
  endfacet
  facet normal 0 0 1
    outer loop
      vertex 33.148 21.7716 4.35
      vertex 33.4142 16.3542 4.35
      vertex 33.4142 21.6458 4.35
    endloop
  endfacet
  facet normal 0 0 1
    outer loop
      vertex 33.148 21.7716 4.35
      vertex 33.148 16.2284 4.35
      vertex 33.4142 16.3542 4.35
    endloop
  endfacet
  facet normal 0 0 1
    outer loop
      vertex 32.8709 21.8708 4.35
      vertex 33.148 16.2284 4.35
      vertex 33.148 21.7716 4.35
    endloop
  endfacet
  facet normal 0 0 1
    outer loop
      vertex 32.8709 21.8708 4.35
      vertex 32.8709 16.1292 4.35
      vertex 33.148 16.2284 4.35
    endloop
  endfacet
  facet normal 0 0 1
    outer loop
      vertex 32.5853 21.9424 4.35
      vertex 32.8709 16.1292 4.35
      vertex 32.8709 21.8708 4.35
    endloop
  endfacet
  facet normal 0 0 1
    outer loop
      vertex 32.5853 21.9424 4.35
      vertex 32.5853 16.0576 4.35
      vertex 32.8709 16.1292 4.35
    endloop
  endfacet
  facet normal 0 0 1
    outer loop
      vertex 32.2941 21.9856 4.35
      vertex 32.5853 16.0576 4.35
      vertex 32.5853 21.9424 4.35
    endloop
  endfacet
  facet normal 0 0 1
    outer loop
      vertex 32.2941 21.9856 4.35
      vertex 32.2941 16.0144 4.35
      vertex 32.5853 16.0576 4.35
    endloop
  endfacet
  facet normal 0 0 1
    outer loop
      vertex 32 22 4.35
      vertex 32.2941 16.0144 4.35
      vertex 32.2941 21.9856 4.35
    endloop
  endfacet
  facet normal 0 0 1
    outer loop
      vertex 32 22 4.35
      vertex 32 16 4.35
      vertex 32.2941 16.0144 4.35
    endloop
  endfacet
  facet normal -0 0 1
    outer loop
      vertex -32 22 4.35
      vertex 32 16 4.35
      vertex 32 22 4.35
    endloop
  endfacet
  facet normal 0 0 1
    outer loop
      vertex -32 22 4.35
      vertex -32 16 4.35
      vertex 32 16 4.35
    endloop
  endfacet
  facet normal -0 0 1
    outer loop
      vertex -32.2941 21.9856 4.35
      vertex -32 16 4.35
      vertex -32 22 4.35
    endloop
  endfacet
  facet normal 0 0 1
    outer loop
      vertex -32.2941 21.9856 4.35
      vertex -32.2941 16.0144 4.35
      vertex -32 16 4.35
    endloop
  endfacet
  facet normal -0 0 1
    outer loop
      vertex -32.5853 21.9424 4.35
      vertex -32.2941 16.0144 4.35
      vertex -32.2941 21.9856 4.35
    endloop
  endfacet
  facet normal 0 0 1
    outer loop
      vertex -32.5853 21.9424 4.35
      vertex -32.5853 16.0576 4.35
      vertex -32.2941 16.0144 4.35
    endloop
  endfacet
  facet normal -0 0 1
    outer loop
      vertex -32.8709 21.8708 4.35
      vertex -32.5853 16.0576 4.35
      vertex -32.5853 21.9424 4.35
    endloop
  endfacet
  facet normal 0 0 1
    outer loop
      vertex -32.8709 21.8708 4.35
      vertex -32.8709 16.1292 4.35
      vertex -32.5853 16.0576 4.35
    endloop
  endfacet
  facet normal -0 0 1
    outer loop
      vertex -33.148 21.7716 4.35
      vertex -32.8709 16.1292 4.35
      vertex -32.8709 21.8708 4.35
    endloop
  endfacet
  facet normal 0 0 1
    outer loop
      vertex -33.148 21.7716 4.35
      vertex -33.148 16.2284 4.35
      vertex -32.8709 16.1292 4.35
    endloop
  endfacet
  facet normal -0 0 1
    outer loop
      vertex -33.4142 21.6458 4.35
      vertex -33.148 16.2284 4.35
      vertex -33.148 21.7716 4.35
    endloop
  endfacet
  facet normal 0 0 1
    outer loop
      vertex -33.4142 21.6458 4.35
      vertex -33.4142 16.3542 4.35
      vertex -33.148 16.2284 4.35
    endloop
  endfacet
  facet normal -0 0 1
    outer loop
      vertex -33.6667 21.4944 4.35
      vertex -33.4142 16.3542 4.35
      vertex -33.4142 21.6458 4.35
    endloop
  endfacet
  facet normal 0 0 1
    outer loop
      vertex -33.6667 21.4944 4.35
      vertex -33.6667 16.5056 4.35
      vertex -33.4142 16.3542 4.35
    endloop
  endfacet
  facet normal -0 0 1
    outer loop
      vertex -33.9032 21.319 4.35
      vertex -33.6667 16.5056 4.35
      vertex -33.6667 21.4944 4.35
    endloop
  endfacet
  facet normal 0 0 1
    outer loop
      vertex -33.9032 21.319 4.35
      vertex -33.9032 16.681 4.35
      vertex -33.6667 16.5056 4.35
    endloop
  endfacet
  facet normal -0 0 1
    outer loop
      vertex -34.1213 21.1213 4.35
      vertex -33.9032 16.681 4.35
      vertex -33.9032 21.319 4.35
    endloop
  endfacet
  facet normal 0 0 1
    outer loop
      vertex -34.1213 21.1213 4.35
      vertex -34.1213 16.8787 4.35
      vertex -33.9032 16.681 4.35
    endloop
  endfacet
  facet normal -0 0 1
    outer loop
      vertex -34.319 20.9032 4.35
      vertex -34.1213 16.8787 4.35
      vertex -34.1213 21.1213 4.35
    endloop
  endfacet
  facet normal 0 0 1
    outer loop
      vertex -34.319 20.9032 4.35
      vertex -34.319 17.0968 4.35
      vertex -34.1213 16.8787 4.35
    endloop
  endfacet
  facet normal -0 0 1
    outer loop
      vertex -34.4944 20.6667 4.35
      vertex -34.319 17.0968 4.35
      vertex -34.319 20.9032 4.35
    endloop
  endfacet
  facet normal 0 0 1
    outer loop
      vertex -34.4944 20.6667 4.35
      vertex -34.4944 17.3333 4.35
      vertex -34.319 17.0968 4.35
    endloop
  endfacet
  facet normal -0 0 1
    outer loop
      vertex -34.6458 20.4142 4.35
      vertex -34.4944 17.3333 4.35
      vertex -34.4944 20.6667 4.35
    endloop
  endfacet
  facet normal 0 0 1
    outer loop
      vertex -34.6458 20.4142 4.35
      vertex -34.6458 17.5858 4.35
      vertex -34.4944 17.3333 4.35
    endloop
  endfacet
  facet normal -0 0 1
    outer loop
      vertex -34.7716 20.148 4.35
      vertex -34.6458 17.5858 4.35
      vertex -34.6458 20.4142 4.35
    endloop
  endfacet
  facet normal 0 0 1
    outer loop
      vertex -34.7716 20.148 4.35
      vertex -34.7716 17.8519 4.35
      vertex -34.6458 17.5858 4.35
    endloop
  endfacet
  facet normal -0 0 1
    outer loop
      vertex -34.8708 19.8709 4.35
      vertex -34.7716 17.8519 4.35
      vertex -34.7716 20.148 4.35
    endloop
  endfacet
  facet normal 0 0 1
    outer loop
      vertex -34.8708 19.8709 4.35
      vertex -34.8708 18.1291 4.35
      vertex -34.7716 17.8519 4.35
    endloop
  endfacet
  facet normal -0 0 1
    outer loop
      vertex -34.9424 19.5853 4.35
      vertex -34.8708 18.1291 4.35
      vertex -34.8708 19.8709 4.35
    endloop
  endfacet
  facet normal 0 0 1
    outer loop
      vertex -34.9424 19.5853 4.35
      vertex -34.9424 18.4147 4.35
      vertex -34.8708 18.1291 4.35
    endloop
  endfacet
  facet normal -0 0 1
    outer loop
      vertex -34.9856 19.2941 4.35
      vertex -34.9424 18.4147 4.35
      vertex -34.9424 19.5853 4.35
    endloop
  endfacet
  facet normal 0 0 1
    outer loop
      vertex -34.9856 19.2941 4.35
      vertex -34.9856 18.7059 4.35
      vertex -34.9424 18.4147 4.35
    endloop
  endfacet
  facet normal 0 -0 1
    outer loop
      vertex -34.9856 18.7059 4.35
      vertex -34.9856 19.2941 4.35
      vertex -35 19 4.35
    endloop
  endfacet
  facet normal 0.803208 -0.595699 0
    outer loop
      vertex 34.319 17.0968 4.35
      vertex 34.4944 17.3333 2.4
      vertex 34.4944 17.3333 4.35
    endloop
  endfacet
  facet normal 0.803208 -0.595699 0
    outer loop
      vertex 34.4944 17.3333 2.4
      vertex 34.319 17.0968 4.35
      vertex 34.319 17.0968 2.4
    endloop
  endfacet
  facet normal 0.998803 0.0489044 0
    outer loop
      vertex 35 19 4.35
      vertex 34.9856 19.2941 2.4
      vertex 34.9856 19.2941 4.35
    endloop
  endfacet
  facet normal 0.998803 0.0489044 0
    outer loop
      vertex 34.9856 19.2941 2.4
      vertex 35 19 4.35
      vertex 35 19 2.4
    endloop
  endfacet
  facet normal 0.595699 -0.803208 0
    outer loop
      vertex 33.6667 16.5056 2.4
      vertex 33.9032 16.681 4.35
      vertex 33.6667 16.5056 4.35
    endloop
  endfacet
  facet normal 0.595699 -0.803208 0
    outer loop
      vertex 33.9032 16.681 4.35
      vertex 33.6667 16.5056 2.4
      vertex 33.9032 16.681 2.4
    endloop
  endfacet
  facet normal -0.243175 -0.969982 0
    outer loop
      vertex -32.8709 16.1292 2.4
      vertex -32.5853 16.0576 4.35
      vertex -32.8709 16.1292 4.35
    endloop
  endfacet
  facet normal -0.243175 -0.969982 -0
    outer loop
      vertex -32.5853 16.0576 4.35
      vertex -32.8709 16.1292 2.4
      vertex -32.5853 16.0576 2.4
    endloop
  endfacet
  facet normal -0.146746 -0.989174 0
    outer loop
      vertex -32.5853 16.0576 2.4
      vertex -32.2941 16.0144 4.35
      vertex -32.5853 16.0576 4.35
    endloop
  endfacet
  facet normal -0.146746 -0.989174 -0
    outer loop
      vertex -32.2941 16.0144 4.35
      vertex -32.5853 16.0576 2.4
      vertex -32.2941 16.0144 2.4
    endloop
  endfacet
  facet normal 0.740908 0.671607 0
    outer loop
      vertex 34.319 20.9032 4.35
      vertex 34.1213 21.1213 2.4
      vertex 34.1213 21.1213 4.35
    endloop
  endfacet
  facet normal 0.740908 0.671607 0
    outer loop
      vertex 34.1213 21.1213 2.4
      vertex 34.319 20.9032 4.35
      vertex 34.319 20.9032 2.4
    endloop
  endfacet
  facet normal 0.989174 -0.146746 0
    outer loop
      vertex 34.9424 18.4147 4.35
      vertex 34.9856 18.7059 2.4
      vertex 34.9856 18.7059 4.35
    endloop
  endfacet
  facet normal 0.989174 -0.146746 0
    outer loop
      vertex 34.9856 18.7059 2.4
      vertex 34.9424 18.4147 4.35
      vertex 34.9424 18.4147 2.4
    endloop
  endfacet
  facet normal 0.998803 -0.0489044 0
    outer loop
      vertex 34.9856 18.7059 4.35
      vertex 35 19 2.4
      vertex 35 19 4.35
    endloop
  endfacet
  facet normal 0.998803 -0.0489044 0
    outer loop
      vertex 35 19 2.4
      vertex 34.9856 18.7059 4.35
      vertex 34.9856 18.7059 2.4
    endloop
  endfacet
  facet normal 0.146746 0.989174 -0
    outer loop
      vertex 32.5853 21.9424 2.4
      vertex 32.2941 21.9856 4.35
      vertex 32.5853 21.9424 4.35
    endloop
  endfacet
  facet normal 0.146746 0.989174 0
    outer loop
      vertex 32.2941 21.9856 4.35
      vertex 32.5853 21.9424 2.4
      vertex 32.2941 21.9856 2.4
    endloop
  endfacet
  facet normal 0.904063 -0.4274 0
    outer loop
      vertex 34.6458 17.5858 4.35
      vertex 34.7716 17.8519 2.4
      vertex 34.7716 17.8519 4.35
    endloop
  endfacet
  facet normal 0.904063 -0.4274 0
    outer loop
      vertex 34.7716 17.8519 2.4
      vertex 34.6458 17.5858 4.35
      vertex 34.6458 17.5858 2.4
    endloop
  endfacet
  facet normal 0.941527 -0.336939 0
    outer loop
      vertex 34.7716 17.8519 4.35
      vertex 34.8708 18.1291 2.4
      vertex 34.8708 18.1291 4.35
    endloop
  endfacet
  facet normal 0.941527 -0.336939 0
    outer loop
      vertex 34.8708 18.1291 2.4
      vertex 34.7716 17.8519 4.35
      vertex 34.7716 17.8519 2.4
    endloop
  endfacet
  facet normal -0.514246 0.857643 0
    outer loop
      vertex -33.4142 10.6458 2.4
      vertex -33.6667 10.4944 4.35
      vertex -33.4142 10.6458 4.35
    endloop
  endfacet
  facet normal -0.514246 0.857643 0
    outer loop
      vertex -33.6667 10.4944 4.35
      vertex -33.4142 10.6458 2.4
      vertex -33.6667 10.4944 2.4
    endloop
  endfacet
  facet normal -0.803172 0.595747 0
    outer loop
      vertex -34.4944 9.66671 2.4
      vertex -34.319 9.90318 4.35
      vertex -34.319 9.90318 2.4
    endloop
  endfacet
  facet normal -0.803172 0.595747 0
    outer loop
      vertex -34.319 9.90318 4.35
      vertex -34.4944 9.66671 2.4
      vertex -34.4944 9.66671 4.35
    endloop
  endfacet
  facet normal -0.336986 -0.94151 0
    outer loop
      vertex -33.148 5.22836 2.4
      vertex -32.8709 5.12918 4.35
      vertex -33.148 5.22836 4.35
    endloop
  endfacet
  facet normal -0.336986 -0.94151 -0
    outer loop
      vertex -32.8709 5.12918 4.35
      vertex -33.148 5.22836 2.4
      vertex -32.8709 5.12918 2.4
    endloop
  endfacet
  facet normal -0.998803 -0.0489126 0
    outer loop
      vertex -34.9856 7.70595 2.4
      vertex -35 8 4.35
      vertex -35 8 2.4
    endloop
  endfacet
  facet normal -0.998803 -0.0489126 0
    outer loop
      vertex -35 8 4.35
      vertex -34.9856 7.70595 2.4
      vertex -34.9856 7.70595 4.35
    endloop
  endfacet
  facet normal -0.904088 -0.427347 0
    outer loop
      vertex -34.6458 6.58581 2.4
      vertex -34.7716 6.85195 4.35
      vertex -34.7716 6.85195 2.4
    endloop
  endfacet
  facet normal -0.904088 -0.427347 0
    outer loop
      vertex -34.7716 6.85195 4.35
      vertex -34.6458 6.58581 2.4
      vertex -34.6458 6.58581 4.35
    endloop
  endfacet
  facet normal -0.857661 -0.514216 0
    outer loop
      vertex -34.4944 6.33329 2.4
      vertex -34.6458 6.58581 4.35
      vertex -34.6458 6.58581 2.4
    endloop
  endfacet
  facet normal -0.857661 -0.514216 0
    outer loop
      vertex -34.6458 6.58581 4.35
      vertex -34.4944 6.33329 2.4
      vertex -34.4944 6.33329 4.35
    endloop
  endfacet
  facet normal -0.857661 0.514216 0
    outer loop
      vertex -34.6458 9.41419 2.4
      vertex -34.4944 9.66671 4.35
      vertex -34.4944 9.66671 2.4
    endloop
  endfacet
  facet normal -0.857661 0.514216 0
    outer loop
      vertex -34.4944 9.66671 4.35
      vertex -34.6458 9.41419 2.4
      vertex -34.6458 9.41419 4.35
    endloop
  endfacet
  facet normal -0.427269 0.904125 0
    outer loop
      vertex -33.148 10.7716 2.4
      vertex -33.4142 10.6458 4.35
      vertex -33.148 10.7716 4.35
    endloop
  endfacet
  facet normal -0.427269 0.904125 0
    outer loop
      vertex -33.4142 10.6458 4.35
      vertex -33.148 10.7716 2.4
      vertex -33.4142 10.6458 2.4
    endloop
  endfacet
  facet normal 0.989176 0.146736 0
    outer loop
      vertex 34.9856 8.29405 4.35
      vertex 34.9424 8.58527 2.4
      vertex 34.9424 8.58527 4.35
    endloop
  endfacet
  facet normal 0.989176 0.146736 0
    outer loop
      vertex 34.9424 8.58527 2.4
      vertex 34.9856 8.29405 4.35
      vertex 34.9856 8.29405 2.4
    endloop
  endfacet
  facet normal 0.427491 -0.90402 0
    outer loop
      vertex 33.148 5.22836 2.4
      vertex 33.4142 5.35424 4.35
      vertex 33.148 5.22836 4.35
    endloop
  endfacet
  facet normal 0.427491 -0.90402 0
    outer loop
      vertex 33.4142 5.35424 4.35
      vertex 33.148 5.22836 2.4
      vertex 33.4142 5.35424 2.4
    endloop
  endfacet
  facet normal -0.941527 -0.336939 0
    outer loop
      vertex -34.7716 6.85195 2.4
      vertex -34.8708 7.12915 4.35
      vertex -34.8708 7.12915 2.4
    endloop
  endfacet
  facet normal -0.941527 -0.336939 0
    outer loop
      vertex -34.8708 7.12915 4.35
      vertex -34.7716 6.85195 2.4
      vertex -34.7716 6.85195 4.35
    endloop
  endfacet
  facet normal 0.857661 -0.514216 0
    outer loop
      vertex 34.4944 6.33329 4.35
      vertex 34.6458 6.58581 2.4
      vertex 34.6458 6.58581 4.35
    endloop
  endfacet
  facet normal 0.857661 -0.514216 0
    outer loop
      vertex 34.6458 6.58581 2.4
      vertex 34.4944 6.33329 4.35
      vertex 34.4944 6.33329 2.4
    endloop
  endfacet
  facet normal -0.998803 0.0489126 0
    outer loop
      vertex -35 8 2.4
      vertex -34.9856 8.29405 4.35
      vertex -34.9856 8.29405 2.4
    endloop
  endfacet
  facet normal -0.998803 0.0489126 0
    outer loop
      vertex -34.9856 8.29405 4.35
      vertex -35 8 2.4
      vertex -35 8 4.35
    endloop
  endfacet
  facet normal 0.514121 -0.857718 0
    outer loop
      vertex 33.4142 5.35424 2.4
      vertex 33.6667 5.50559 4.35
      vertex 33.4142 5.35424 4.35
    endloop
  endfacet
  facet normal 0.514121 -0.857718 0
    outer loop
      vertex 33.6667 5.50559 4.35
      vertex 33.4142 5.35424 2.4
      vertex 33.6667 5.50559 2.4
    endloop
  endfacet
  facet normal -0.969978 0.243191 0
    outer loop
      vertex -34.9424 8.58527 2.4
      vertex -34.8708 8.87085 4.35
      vertex -34.8708 8.87085 2.4
    endloop
  endfacet
  facet normal -0.969978 0.243191 0
    outer loop
      vertex -34.8708 8.87085 4.35
      vertex -34.9424 8.58527 2.4
      vertex -34.9424 8.58527 4.35
    endloop
  endfacet
  facet normal -0.671607 0.740908 0
    outer loop
      vertex -33.9032 10.319 2.4
      vertex -34.1213 10.1213 4.35
      vertex -33.9032 10.319 4.35
    endloop
  endfacet
  facet normal -0.671607 0.740908 0
    outer loop
      vertex -34.1213 10.1213 4.35
      vertex -33.9032 10.319 2.4
      vertex -34.1213 10.1213 2.4
    endloop
  endfacet
  facet normal 0.969978 -0.243191 0
    outer loop
      vertex 34.8708 7.12915 4.35
      vertex 34.9424 7.41473 2.4
      vertex 34.9424 7.41473 4.35
    endloop
  endfacet
  facet normal 0.969978 -0.243191 0
    outer loop
      vertex 34.9424 7.41473 2.4
      vertex 34.8708 7.12915 4.35
      vertex 34.8708 7.12915 2.4
    endloop
  endfacet
  facet normal -0.740969 -0.671539 0
    outer loop
      vertex -34.1213 5.87868 2.4
      vertex -34.319 6.09682 4.35
      vertex -34.319 6.09682 2.4
    endloop
  endfacet
  facet normal -0.740969 -0.671539 0
    outer loop
      vertex -34.319 6.09682 4.35
      vertex -34.1213 5.87868 2.4
      vertex -34.1213 5.87868 4.35
    endloop
  endfacet
  facet normal -0.989176 0.146736 0
    outer loop
      vertex -34.9856 8.29405 2.4
      vertex -34.9424 8.58527 4.35
      vertex -34.9424 8.58527 2.4
    endloop
  endfacet
  facet normal -0.989176 0.146736 0
    outer loop
      vertex -34.9424 8.58527 4.35
      vertex -34.9856 8.29405 2.4
      vertex -34.9856 8.29405 4.35
    endloop
  endfacet
  facet normal 0.0490738 -0.998795 0
    outer loop
      vertex 32 5 2.4
      vertex 32.2941 5.01445 4.35
      vertex 32 5 4.35
    endloop
  endfacet
  facet normal 0.0490738 -0.998795 0
    outer loop
      vertex 32.2941 5.01445 4.35
      vertex 32 5 2.4
      vertex 32.2941 5.01445 2.4
    endloop
  endfacet
  facet normal 0.803172 0.595747 0
    outer loop
      vertex 34.4944 9.66671 4.35
      vertex 34.319 9.90318 2.4
      vertex 34.319 9.90318 4.35
    endloop
  endfacet
  facet normal 0.803172 0.595747 0
    outer loop
      vertex 34.319 9.90318 2.4
      vertex 34.4944 9.66671 4.35
      vertex 34.4944 9.66671 2.4
    endloop
  endfacet
  facet normal -0.803172 -0.595747 0
    outer loop
      vertex -34.319 6.09682 2.4
      vertex -34.4944 6.33329 4.35
      vertex -34.4944 6.33329 2.4
    endloop
  endfacet
  facet normal -0.803172 -0.595747 0
    outer loop
      vertex -34.4944 6.33329 4.35
      vertex -34.319 6.09682 2.4
      vertex -34.319 6.09682 4.35
    endloop
  endfacet
  facet normal -0.0489044 0.998803 0
    outer loop
      vertex -32 11 2.4
      vertex -32.2941 10.9856 4.35
      vertex -32 11 4.35
    endloop
  endfacet
  facet normal -0.0489044 0.998803 0
    outer loop
      vertex -32.2941 10.9856 4.35
      vertex -32 11 2.4
      vertex -32.2941 10.9856 2.4
    endloop
  endfacet
  facet normal 0 1 -0
    outer loop
      vertex 32 11 2.4
      vertex -32 11 4.35
      vertex 32 11 4.35
    endloop
  endfacet
  facet normal 0 1 0
    outer loop
      vertex -32 11 4.35
      vertex 32 11 2.4
      vertex -32 11 2.4
    endloop
  endfacet
  facet normal 0.514246 0.857643 -0
    outer loop
      vertex 33.6667 10.4944 2.4
      vertex 33.4142 10.6458 4.35
      vertex 33.6667 10.4944 4.35
    endloop
  endfacet
  facet normal 0.514246 0.857643 0
    outer loop
      vertex 33.4142 10.6458 4.35
      vertex 33.6667 10.4944 2.4
      vertex 33.4142 10.6458 2.4
    endloop
  endfacet
  facet normal -0.146746 0.989174 0
    outer loop
      vertex -32.2941 10.9856 2.4
      vertex -32.5853 10.9424 4.35
      vertex -32.2941 10.9856 4.35
    endloop
  endfacet
  facet normal -0.146746 0.989174 0
    outer loop
      vertex -32.5853 10.9424 4.35
      vertex -32.2941 10.9856 2.4
      vertex -32.5853 10.9424 2.4
    endloop
  endfacet
  facet normal 0 -1 0
    outer loop
      vertex -32 5 2.4
      vertex 32 5 4.35
      vertex -32 5 4.35
    endloop
  endfacet
  facet normal 0 -1 -0
    outer loop
      vertex 32 5 4.35
      vertex -32 5 2.4
      vertex 32 5 2.4
    endloop
  endfacet
  facet normal 0.857661 0.514216 0
    outer loop
      vertex 34.6458 9.41419 4.35
      vertex 34.4944 9.66671 2.4
      vertex 34.4944 9.66671 4.35
    endloop
  endfacet
  facet normal 0.857661 0.514216 0
    outer loop
      vertex 34.4944 9.66671 2.4
      vertex 34.6458 9.41419 4.35
      vertex 34.6458 9.41419 2.4
    endloop
  endfacet
  facet normal 0.336986 -0.94151 0
    outer loop
      vertex 32.8709 5.12918 2.4
      vertex 33.148 5.22836 4.35
      vertex 32.8709 5.12918 4.35
    endloop
  endfacet
  facet normal 0.336986 -0.94151 0
    outer loop
      vertex 33.148 5.22836 4.35
      vertex 32.8709 5.12918 2.4
      vertex 33.148 5.22836 2.4
    endloop
  endfacet
  facet normal -0.337047 0.941488 0
    outer loop
      vertex -32.8709 10.8708 2.4
      vertex -33.148 10.7716 4.35
      vertex -32.8709 10.8708 4.35
    endloop
  endfacet
  facet normal -0.337047 0.941488 0
    outer loop
      vertex -33.148 10.7716 4.35
      vertex -32.8709 10.8708 2.4
      vertex -33.148 10.7716 2.4
    endloop
  endfacet
  facet normal -0.595655 -0.803241 0
    outer loop
      vertex -33.9032 5.68097 2.4
      vertex -33.6667 5.50559 4.35
      vertex -33.9032 5.68097 4.35
    endloop
  endfacet
  facet normal -0.595655 -0.803241 -0
    outer loop
      vertex -33.6667 5.50559 4.35
      vertex -33.9032 5.68097 2.4
      vertex -33.6667 5.50559 2.4
    endloop
  endfacet
  facet normal -0.941527 0.336939 0
    outer loop
      vertex -34.8708 8.87085 2.4
      vertex -34.7716 9.14805 4.35
      vertex -34.7716 9.14805 2.4
    endloop
  endfacet
  facet normal -0.941527 0.336939 0
    outer loop
      vertex -34.7716 9.14805 4.35
      vertex -34.8708 8.87085 2.4
      vertex -34.8708 8.87085 4.35
    endloop
  endfacet
  facet normal 0.427269 0.904125 -0
    outer loop
      vertex 33.4142 10.6458 2.4
      vertex 33.148 10.7716 4.35
      vertex 33.4142 10.6458 4.35
    endloop
  endfacet
  facet normal 0.427269 0.904125 0
    outer loop
      vertex 33.148 10.7716 4.35
      vertex 33.4142 10.6458 2.4
      vertex 33.148 10.7716 2.4
    endloop
  endfacet
  facet normal 0.337047 0.941488 -0
    outer loop
      vertex 33.148 10.7716 2.4
      vertex 32.8709 10.8708 4.35
      vertex 33.148 10.7716 4.35
    endloop
  endfacet
  facet normal 0.337047 0.941488 0
    outer loop
      vertex 32.8709 10.8708 4.35
      vertex 33.148 10.7716 2.4
      vertex 32.8709 10.8708 2.4
    endloop
  endfacet
  facet normal -0.969978 -0.243191 0
    outer loop
      vertex -34.8708 7.12915 2.4
      vertex -34.9424 7.41473 4.35
      vertex -34.9424 7.41473 2.4
    endloop
  endfacet
  facet normal -0.969978 -0.243191 0
    outer loop
      vertex -34.9424 7.41473 4.35
      vertex -34.8708 7.12915 2.4
      vertex -34.8708 7.12915 4.35
    endloop
  endfacet
  facet normal 0.969978 0.243191 0
    outer loop
      vertex 34.9424 8.58527 4.35
      vertex 34.8708 8.87085 2.4
      vertex 34.8708 8.87085 4.35
    endloop
  endfacet
  facet normal 0.969978 0.243191 0
    outer loop
      vertex 34.8708 8.87085 2.4
      vertex 34.9424 8.58527 4.35
      vertex 34.9424 8.58527 2.4
    endloop
  endfacet
  facet normal -0.989176 -0.146736 0
    outer loop
      vertex -34.9424 7.41473 2.4
      vertex -34.9856 7.70595 4.35
      vertex -34.9856 7.70595 2.4
    endloop
  endfacet
  facet normal -0.989176 -0.146736 0
    outer loop
      vertex -34.9856 7.70595 4.35
      vertex -34.9424 7.41473 2.4
      vertex -34.9424 7.41473 4.35
    endloop
  endfacet
  facet normal -0.243175 0.969982 0
    outer loop
      vertex -32.5853 10.9424 2.4
      vertex -32.8709 10.8708 4.35
      vertex -32.5853 10.9424 4.35
    endloop
  endfacet
  facet normal -0.243175 0.969982 0
    outer loop
      vertex -32.8709 10.8708 4.35
      vertex -32.5853 10.9424 2.4
      vertex -32.8709 10.8708 2.4
    endloop
  endfacet
  facet normal -0.595699 0.803208 0
    outer loop
      vertex -33.6667 10.4944 2.4
      vertex -33.9032 10.319 4.35
      vertex -33.6667 10.4944 4.35
    endloop
  endfacet
  facet normal -0.595699 0.803208 0
    outer loop
      vertex -33.9032 10.319 4.35
      vertex -33.6667 10.4944 2.4
      vertex -33.9032 10.319 2.4
    endloop
  endfacet
  facet normal 0.671607 0.740908 -0
    outer loop
      vertex 34.1213 10.1213 2.4
      vertex 33.9032 10.319 4.35
      vertex 34.1213 10.1213 4.35
    endloop
  endfacet
  facet normal 0.671607 0.740908 0
    outer loop
      vertex 33.9032 10.319 4.35
      vertex 34.1213 10.1213 2.4
      vertex 33.9032 10.319 2.4
    endloop
  endfacet
  facet normal -0.904088 0.427347 0
    outer loop
      vertex -34.7716 9.14805 2.4
      vertex -34.6458 9.41419 4.35
      vertex -34.6458 9.41419 2.4
    endloop
  endfacet
  facet normal -0.904088 0.427347 0
    outer loop
      vertex -34.6458 9.41419 4.35
      vertex -34.7716 9.14805 2.4
      vertex -34.7716 9.14805 4.35
    endloop
  endfacet
  facet normal 0.671625 -0.740891 0
    outer loop
      vertex 33.9032 5.68097 2.4
      vertex 34.1213 5.87868 4.35
      vertex 33.9032 5.68097 4.35
    endloop
  endfacet
  facet normal 0.671625 -0.740891 0
    outer loop
      vertex 34.1213 5.87868 4.35
      vertex 33.9032 5.68097 2.4
      vertex 34.1213 5.87868 2.4
    endloop
  endfacet
  facet normal 0.243175 0.969982 -0
    outer loop
      vertex 32.8709 10.8708 2.4
      vertex 32.5853 10.9424 4.35
      vertex 32.8709 10.8708 4.35
    endloop
  endfacet
  facet normal 0.243175 0.969982 0
    outer loop
      vertex 32.5853 10.9424 4.35
      vertex 32.8709 10.8708 2.4
      vertex 32.5853 10.9424 2.4
    endloop
  endfacet
  facet normal -0.671625 -0.740891 0
    outer loop
      vertex -34.1213 5.87868 2.4
      vertex -33.9032 5.68097 4.35
      vertex -34.1213 5.87868 4.35
    endloop
  endfacet
  facet normal -0.671625 -0.740891 -0
    outer loop
      vertex -33.9032 5.68097 4.35
      vertex -34.1213 5.87868 2.4
      vertex -33.9032 5.68097 2.4
    endloop
  endfacet
  facet normal -0.740938 0.671573 0
    outer loop
      vertex -34.319 9.90318 2.4
      vertex -34.1213 10.1213 4.35
      vertex -34.1213 10.1213 2.4
    endloop
  endfacet
  facet normal -0.740938 0.671573 0
    outer loop
      vertex -34.1213 10.1213 4.35
      vertex -34.319 9.90318 2.4
      vertex -34.319 9.90318 4.35
    endloop
  endfacet
  facet normal 0.740969 -0.671539 0
    outer loop
      vertex 34.1213 5.87868 4.35
      vertex 34.319 6.09682 2.4
      vertex 34.319 6.09682 4.35
    endloop
  endfacet
  facet normal 0.740969 -0.671539 0
    outer loop
      vertex 34.319 6.09682 2.4
      vertex 34.1213 5.87868 4.35
      vertex 34.1213 5.87868 2.4
    endloop
  endfacet
  facet normal 0.146712 -0.989179 0
    outer loop
      vertex 32.2941 5.01445 2.4
      vertex 32.5853 5.05764 4.35
      vertex 32.2941 5.01445 4.35
    endloop
  endfacet
  facet normal 0.146712 -0.989179 0
    outer loop
      vertex 32.5853 5.05764 4.35
      vertex 32.2941 5.01445 2.4
      vertex 32.5853 5.05764 2.4
    endloop
  endfacet
  facet normal -0.427491 -0.90402 0
    outer loop
      vertex -33.4142 5.35424 2.4
      vertex -33.148 5.22836 4.35
      vertex -33.4142 5.35424 4.35
    endloop
  endfacet
  facet normal -0.427491 -0.90402 -0
    outer loop
      vertex -33.148 5.22836 4.35
      vertex -33.4142 5.35424 2.4
      vertex -33.148 5.22836 2.4
    endloop
  endfacet
  facet normal 0.941527 0.336939 0
    outer loop
      vertex 34.8708 8.87085 4.35
      vertex 34.7716 9.14805 2.4
      vertex 34.7716 9.14805 4.35
    endloop
  endfacet
  facet normal 0.941527 0.336939 0
    outer loop
      vertex 34.7716 9.14805 2.4
      vertex 34.8708 8.87085 4.35
      vertex 34.8708 8.87085 2.4
    endloop
  endfacet
  facet normal -0.0490738 -0.998795 0
    outer loop
      vertex -32.2941 5.01445 2.4
      vertex -32 5 4.35
      vertex -32.2941 5.01445 4.35
    endloop
  endfacet
  facet normal -0.0490738 -0.998795 -0
    outer loop
      vertex -32 5 4.35
      vertex -32.2941 5.01445 2.4
      vertex -32 5 2.4
    endloop
  endfacet
  facet normal -0.514121 -0.857718 0
    outer loop
      vertex -33.6667 5.50559 2.4
      vertex -33.4142 5.35424 4.35
      vertex -33.6667 5.50559 4.35
    endloop
  endfacet
  facet normal -0.514121 -0.857718 -0
    outer loop
      vertex -33.4142 5.35424 4.35
      vertex -33.6667 5.50559 2.4
      vertex -33.4142 5.35424 2.4
    endloop
  endfacet
  facet normal 0.0489044 0.998803 -0
    outer loop
      vertex 32.2941 10.9856 2.4
      vertex 32 11 4.35
      vertex 32.2941 10.9856 4.35
    endloop
  endfacet
  facet normal 0.0489044 0.998803 0
    outer loop
      vertex 32 11 4.35
      vertex 32.2941 10.9856 2.4
      vertex 32 11 2.4
    endloop
  endfacet
  facet normal 0.242983 -0.970031 0
    outer loop
      vertex 32.5853 5.05764 2.4
      vertex 32.8709 5.12918 4.35
      vertex 32.5853 5.05764 4.35
    endloop
  endfacet
  facet normal 0.242983 -0.970031 0
    outer loop
      vertex 32.8709 5.12918 4.35
      vertex 32.5853 5.05764 2.4
      vertex 32.8709 5.12918 2.4
    endloop
  endfacet
  facet normal 0.904088 0.427347 0
    outer loop
      vertex 34.7716 9.14805 4.35
      vertex 34.6458 9.41419 2.4
      vertex 34.6458 9.41419 4.35
    endloop
  endfacet
  facet normal 0.904088 0.427347 0
    outer loop
      vertex 34.6458 9.41419 2.4
      vertex 34.7716 9.14805 4.35
      vertex 34.7716 9.14805 2.4
    endloop
  endfacet
  facet normal 0.803172 -0.595747 0
    outer loop
      vertex 34.319 6.09682 4.35
      vertex 34.4944 6.33329 2.4
      vertex 34.4944 6.33329 4.35
    endloop
  endfacet
  facet normal 0.803172 -0.595747 0
    outer loop
      vertex 34.4944 6.33329 2.4
      vertex 34.319 6.09682 4.35
      vertex 34.319 6.09682 2.4
    endloop
  endfacet
  facet normal 0.998803 0.0489126 0
    outer loop
      vertex 35 8 4.35
      vertex 34.9856 8.29405 2.4
      vertex 34.9856 8.29405 4.35
    endloop
  endfacet
  facet normal 0.998803 0.0489126 0
    outer loop
      vertex 34.9856 8.29405 2.4
      vertex 35 8 4.35
      vertex 35 8 2.4
    endloop
  endfacet
  facet normal 0.595699 0.803208 -0
    outer loop
      vertex 33.9032 10.319 2.4
      vertex 33.6667 10.4944 4.35
      vertex 33.9032 10.319 4.35
    endloop
  endfacet
  facet normal 0.595699 0.803208 0
    outer loop
      vertex 33.6667 10.4944 4.35
      vertex 33.9032 10.319 2.4
      vertex 33.6667 10.4944 2.4
    endloop
  endfacet
  facet normal 0.595655 -0.803241 0
    outer loop
      vertex 33.6667 5.50559 2.4
      vertex 33.9032 5.68097 4.35
      vertex 33.6667 5.50559 4.35
    endloop
  endfacet
  facet normal 0.595655 -0.803241 0
    outer loop
      vertex 33.9032 5.68097 4.35
      vertex 33.6667 5.50559 2.4
      vertex 33.9032 5.68097 2.4
    endloop
  endfacet
  facet normal -0.242983 -0.970031 0
    outer loop
      vertex -32.8709 5.12918 2.4
      vertex -32.5853 5.05764 4.35
      vertex -32.8709 5.12918 4.35
    endloop
  endfacet
  facet normal -0.242983 -0.970031 -0
    outer loop
      vertex -32.5853 5.05764 4.35
      vertex -32.8709 5.12918 2.4
      vertex -32.5853 5.05764 2.4
    endloop
  endfacet
  facet normal -0.146712 -0.989179 0
    outer loop
      vertex -32.5853 5.05764 2.4
      vertex -32.2941 5.01445 4.35
      vertex -32.5853 5.05764 4.35
    endloop
  endfacet
  facet normal -0.146712 -0.989179 -0
    outer loop
      vertex -32.2941 5.01445 4.35
      vertex -32.5853 5.05764 2.4
      vertex -32.2941 5.01445 2.4
    endloop
  endfacet
  facet normal 0.740938 0.671573 0
    outer loop
      vertex 34.319 9.90318 4.35
      vertex 34.1213 10.1213 2.4
      vertex 34.1213 10.1213 4.35
    endloop
  endfacet
  facet normal 0.740938 0.671573 0
    outer loop
      vertex 34.1213 10.1213 2.4
      vertex 34.319 9.90318 4.35
      vertex 34.319 9.90318 2.4
    endloop
  endfacet
  facet normal 0.989176 -0.146736 0
    outer loop
      vertex 34.9424 7.41473 4.35
      vertex 34.9856 7.70595 2.4
      vertex 34.9856 7.70595 4.35
    endloop
  endfacet
  facet normal 0.989176 -0.146736 0
    outer loop
      vertex 34.9856 7.70595 2.4
      vertex 34.9424 7.41473 4.35
      vertex 34.9424 7.41473 2.4
    endloop
  endfacet
  facet normal 0.998803 -0.0489126 0
    outer loop
      vertex 34.9856 7.70595 4.35
      vertex 35 8 2.4
      vertex 35 8 4.35
    endloop
  endfacet
  facet normal 0.998803 -0.0489126 0
    outer loop
      vertex 35 8 2.4
      vertex 34.9856 7.70595 4.35
      vertex 34.9856 7.70595 2.4
    endloop
  endfacet
  facet normal 0.146746 0.989174 -0
    outer loop
      vertex 32.5853 10.9424 2.4
      vertex 32.2941 10.9856 4.35
      vertex 32.5853 10.9424 4.35
    endloop
  endfacet
  facet normal 0.146746 0.989174 0
    outer loop
      vertex 32.2941 10.9856 4.35
      vertex 32.5853 10.9424 2.4
      vertex 32.2941 10.9856 2.4
    endloop
  endfacet
  facet normal 0 0 1
    outer loop
      vertex 34.9856 8.29405 4.35
      vertex 34.9856 7.70595 4.35
      vertex 35 8 4.35
    endloop
  endfacet
  facet normal 0 0 1
    outer loop
      vertex 34.9424 8.58527 4.35
      vertex 34.9856 7.70595 4.35
      vertex 34.9856 8.29405 4.35
    endloop
  endfacet
  facet normal 0 0 1
    outer loop
      vertex 34.9424 8.58527 4.35
      vertex 34.9424 7.41473 4.35
      vertex 34.9856 7.70595 4.35
    endloop
  endfacet
  facet normal 0 0 1
    outer loop
      vertex 34.8708 8.87085 4.35
      vertex 34.9424 7.41473 4.35
      vertex 34.9424 8.58527 4.35
    endloop
  endfacet
  facet normal 0 0 1
    outer loop
      vertex 34.8708 8.87085 4.35
      vertex 34.8708 7.12915 4.35
      vertex 34.9424 7.41473 4.35
    endloop
  endfacet
  facet normal 0 0 1
    outer loop
      vertex 34.7716 9.14805 4.35
      vertex 34.8708 7.12915 4.35
      vertex 34.8708 8.87085 4.35
    endloop
  endfacet
  facet normal 0 0 1
    outer loop
      vertex 34.7716 9.14805 4.35
      vertex 34.7716 6.85195 4.35
      vertex 34.8708 7.12915 4.35
    endloop
  endfacet
  facet normal 0 0 1
    outer loop
      vertex 34.6458 9.41419 4.35
      vertex 34.7716 6.85195 4.35
      vertex 34.7716 9.14805 4.35
    endloop
  endfacet
  facet normal 0 0 1
    outer loop
      vertex 34.6458 9.41419 4.35
      vertex 34.6458 6.58581 4.35
      vertex 34.7716 6.85195 4.35
    endloop
  endfacet
  facet normal 0 0 1
    outer loop
      vertex 34.4944 9.66671 4.35
      vertex 34.6458 6.58581 4.35
      vertex 34.6458 9.41419 4.35
    endloop
  endfacet
  facet normal 0 0 1
    outer loop
      vertex 34.4944 9.66671 4.35
      vertex 34.4944 6.33329 4.35
      vertex 34.6458 6.58581 4.35
    endloop
  endfacet
  facet normal 0 0 1
    outer loop
      vertex 34.319 9.90318 4.35
      vertex 34.4944 6.33329 4.35
      vertex 34.4944 9.66671 4.35
    endloop
  endfacet
  facet normal 0 0 1
    outer loop
      vertex 34.319 9.90318 4.35
      vertex 34.319 6.09682 4.35
      vertex 34.4944 6.33329 4.35
    endloop
  endfacet
  facet normal 0 0 1
    outer loop
      vertex 34.1213 10.1213 4.35
      vertex 34.319 6.09682 4.35
      vertex 34.319 9.90318 4.35
    endloop
  endfacet
  facet normal 0 0 1
    outer loop
      vertex 34.1213 10.1213 4.35
      vertex 34.1213 5.87868 4.35
      vertex 34.319 6.09682 4.35
    endloop
  endfacet
  facet normal 0 0 1
    outer loop
      vertex 33.9032 10.319 4.35
      vertex 34.1213 5.87868 4.35
      vertex 34.1213 10.1213 4.35
    endloop
  endfacet
  facet normal 0 0 1
    outer loop
      vertex 33.9032 10.319 4.35
      vertex 33.9032 5.68097 4.35
      vertex 34.1213 5.87868 4.35
    endloop
  endfacet
  facet normal 0 0 1
    outer loop
      vertex 33.6667 10.4944 4.35
      vertex 33.9032 5.68097 4.35
      vertex 33.9032 10.319 4.35
    endloop
  endfacet
  facet normal 0 0 1
    outer loop
      vertex 33.6667 10.4944 4.35
      vertex 33.6667 5.50559 4.35
      vertex 33.9032 5.68097 4.35
    endloop
  endfacet
  facet normal 0 0 1
    outer loop
      vertex 33.4142 10.6458 4.35
      vertex 33.6667 5.50559 4.35
      vertex 33.6667 10.4944 4.35
    endloop
  endfacet
  facet normal 0 0 1
    outer loop
      vertex 33.4142 10.6458 4.35
      vertex 33.4142 5.35424 4.35
      vertex 33.6667 5.50559 4.35
    endloop
  endfacet
  facet normal 0 0 1
    outer loop
      vertex 33.148 10.7716 4.35
      vertex 33.4142 5.35424 4.35
      vertex 33.4142 10.6458 4.35
    endloop
  endfacet
  facet normal 0 0 1
    outer loop
      vertex 33.148 10.7716 4.35
      vertex 33.148 5.22836 4.35
      vertex 33.4142 5.35424 4.35
    endloop
  endfacet
  facet normal 0 0 1
    outer loop
      vertex 32.8709 10.8708 4.35
      vertex 33.148 5.22836 4.35
      vertex 33.148 10.7716 4.35
    endloop
  endfacet
  facet normal 0 0 1
    outer loop
      vertex 32.8709 10.8708 4.35
      vertex 32.8709 5.12918 4.35
      vertex 33.148 5.22836 4.35
    endloop
  endfacet
  facet normal 0 0 1
    outer loop
      vertex 32.5853 10.9424 4.35
      vertex 32.8709 5.12918 4.35
      vertex 32.8709 10.8708 4.35
    endloop
  endfacet
  facet normal 0 0 1
    outer loop
      vertex 32.5853 10.9424 4.35
      vertex 32.5853 5.05764 4.35
      vertex 32.8709 5.12918 4.35
    endloop
  endfacet
  facet normal 0 0 1
    outer loop
      vertex 32.2941 10.9856 4.35
      vertex 32.5853 5.05764 4.35
      vertex 32.5853 10.9424 4.35
    endloop
  endfacet
  facet normal 0 0 1
    outer loop
      vertex 32.2941 10.9856 4.35
      vertex 32.2941 5.01445 4.35
      vertex 32.5853 5.05764 4.35
    endloop
  endfacet
  facet normal 0 0 1
    outer loop
      vertex 32 11 4.35
      vertex 32.2941 5.01445 4.35
      vertex 32.2941 10.9856 4.35
    endloop
  endfacet
  facet normal 0 0 1
    outer loop
      vertex 32 11 4.35
      vertex 32 5 4.35
      vertex 32.2941 5.01445 4.35
    endloop
  endfacet
  facet normal -0 0 1
    outer loop
      vertex -32 11 4.35
      vertex 32 5 4.35
      vertex 32 11 4.35
    endloop
  endfacet
  facet normal 0 0 1
    outer loop
      vertex -32 11 4.35
      vertex -32 5 4.35
      vertex 32 5 4.35
    endloop
  endfacet
  facet normal -0 0 1
    outer loop
      vertex -32.2941 10.9856 4.35
      vertex -32 5 4.35
      vertex -32 11 4.35
    endloop
  endfacet
  facet normal 0 0 1
    outer loop
      vertex -32.2941 10.9856 4.35
      vertex -32.2941 5.01445 4.35
      vertex -32 5 4.35
    endloop
  endfacet
  facet normal -0 0 1
    outer loop
      vertex -32.5853 10.9424 4.35
      vertex -32.2941 5.01445 4.35
      vertex -32.2941 10.9856 4.35
    endloop
  endfacet
  facet normal 0 0 1
    outer loop
      vertex -32.5853 10.9424 4.35
      vertex -32.5853 5.05764 4.35
      vertex -32.2941 5.01445 4.35
    endloop
  endfacet
  facet normal -0 0 1
    outer loop
      vertex -32.8709 10.8708 4.35
      vertex -32.5853 5.05764 4.35
      vertex -32.5853 10.9424 4.35
    endloop
  endfacet
  facet normal 0 0 1
    outer loop
      vertex -32.8709 10.8708 4.35
      vertex -32.8709 5.12918 4.35
      vertex -32.5853 5.05764 4.35
    endloop
  endfacet
  facet normal -0 0 1
    outer loop
      vertex -33.148 10.7716 4.35
      vertex -32.8709 5.12918 4.35
      vertex -32.8709 10.8708 4.35
    endloop
  endfacet
  facet normal 0 0 1
    outer loop
      vertex -33.148 10.7716 4.35
      vertex -33.148 5.22836 4.35
      vertex -32.8709 5.12918 4.35
    endloop
  endfacet
  facet normal -0 0 1
    outer loop
      vertex -33.4142 10.6458 4.35
      vertex -33.148 5.22836 4.35
      vertex -33.148 10.7716 4.35
    endloop
  endfacet
  facet normal 0 0 1
    outer loop
      vertex -33.4142 10.6458 4.35
      vertex -33.4142 5.35424 4.35
      vertex -33.148 5.22836 4.35
    endloop
  endfacet
  facet normal -0 0 1
    outer loop
      vertex -33.6667 10.4944 4.35
      vertex -33.4142 5.35424 4.35
      vertex -33.4142 10.6458 4.35
    endloop
  endfacet
  facet normal 0 0 1
    outer loop
      vertex -33.6667 10.4944 4.35
      vertex -33.6667 5.50559 4.35
      vertex -33.4142 5.35424 4.35
    endloop
  endfacet
  facet normal -0 0 1
    outer loop
      vertex -33.9032 10.319 4.35
      vertex -33.6667 5.50559 4.35
      vertex -33.6667 10.4944 4.35
    endloop
  endfacet
  facet normal 0 0 1
    outer loop
      vertex -33.9032 10.319 4.35
      vertex -33.9032 5.68097 4.35
      vertex -33.6667 5.50559 4.35
    endloop
  endfacet
  facet normal -0 0 1
    outer loop
      vertex -34.1213 10.1213 4.35
      vertex -33.9032 5.68097 4.35
      vertex -33.9032 10.319 4.35
    endloop
  endfacet
  facet normal 0 0 1
    outer loop
      vertex -34.1213 10.1213 4.35
      vertex -34.1213 5.87868 4.35
      vertex -33.9032 5.68097 4.35
    endloop
  endfacet
  facet normal -0 0 1
    outer loop
      vertex -34.319 9.90318 4.35
      vertex -34.1213 5.87868 4.35
      vertex -34.1213 10.1213 4.35
    endloop
  endfacet
  facet normal 0 0 1
    outer loop
      vertex -34.319 9.90318 4.35
      vertex -34.319 6.09682 4.35
      vertex -34.1213 5.87868 4.35
    endloop
  endfacet
  facet normal -0 0 1
    outer loop
      vertex -34.4944 9.66671 4.35
      vertex -34.319 6.09682 4.35
      vertex -34.319 9.90318 4.35
    endloop
  endfacet
  facet normal 0 0 1
    outer loop
      vertex -34.4944 9.66671 4.35
      vertex -34.4944 6.33329 4.35
      vertex -34.319 6.09682 4.35
    endloop
  endfacet
  facet normal -0 0 1
    outer loop
      vertex -34.6458 9.41419 4.35
      vertex -34.4944 6.33329 4.35
      vertex -34.4944 9.66671 4.35
    endloop
  endfacet
  facet normal 0 0 1
    outer loop
      vertex -34.6458 9.41419 4.35
      vertex -34.6458 6.58581 4.35
      vertex -34.4944 6.33329 4.35
    endloop
  endfacet
  facet normal -0 0 1
    outer loop
      vertex -34.7716 9.14805 4.35
      vertex -34.6458 6.58581 4.35
      vertex -34.6458 9.41419 4.35
    endloop
  endfacet
  facet normal 0 0 1
    outer loop
      vertex -34.7716 9.14805 4.35
      vertex -34.7716 6.85195 4.35
      vertex -34.6458 6.58581 4.35
    endloop
  endfacet
  facet normal -0 0 1
    outer loop
      vertex -34.8708 8.87085 4.35
      vertex -34.7716 6.85195 4.35
      vertex -34.7716 9.14805 4.35
    endloop
  endfacet
  facet normal 0 0 1
    outer loop
      vertex -34.8708 8.87085 4.35
      vertex -34.8708 7.12915 4.35
      vertex -34.7716 6.85195 4.35
    endloop
  endfacet
  facet normal -0 0 1
    outer loop
      vertex -34.9424 8.58527 4.35
      vertex -34.8708 7.12915 4.35
      vertex -34.8708 8.87085 4.35
    endloop
  endfacet
  facet normal 0 0 1
    outer loop
      vertex -34.9424 8.58527 4.35
      vertex -34.9424 7.41473 4.35
      vertex -34.8708 7.12915 4.35
    endloop
  endfacet
  facet normal -0 0 1
    outer loop
      vertex -34.9856 8.29405 4.35
      vertex -34.9424 7.41473 4.35
      vertex -34.9424 8.58527 4.35
    endloop
  endfacet
  facet normal 0 0 1
    outer loop
      vertex -34.9856 8.29405 4.35
      vertex -34.9856 7.70595 4.35
      vertex -34.9424 7.41473 4.35
    endloop
  endfacet
  facet normal 0 -0 1
    outer loop
      vertex -34.9856 7.70595 4.35
      vertex -34.9856 8.29405 4.35
      vertex -35 8 4.35
    endloop
  endfacet
  facet normal 0.904088 -0.427347 0
    outer loop
      vertex 34.6458 6.58581 4.35
      vertex 34.7716 6.85195 2.4
      vertex 34.7716 6.85195 4.35
    endloop
  endfacet
  facet normal 0.904088 -0.427347 0
    outer loop
      vertex 34.7716 6.85195 2.4
      vertex 34.6458 6.58581 4.35
      vertex 34.6458 6.58581 2.4
    endloop
  endfacet
  facet normal 0.941527 -0.336939 0
    outer loop
      vertex 34.7716 6.85195 4.35
      vertex 34.8708 7.12915 2.4
      vertex 34.8708 7.12915 4.35
    endloop
  endfacet
  facet normal 0.941527 -0.336939 0
    outer loop
      vertex 34.8708 7.12915 2.4
      vertex 34.7716 6.85195 4.35
      vertex 34.7716 6.85195 2.4
    endloop
  endfacet
  facet normal -0.514131 0.857712 0
    outer loop
      vertex -33.4142 -0.354236 2.4
      vertex -33.6667 -0.50559 4.35
      vertex -33.4142 -0.354236 4.35
    endloop
  endfacet
  facet normal -0.514131 0.857712 0
    outer loop
      vertex -33.6667 -0.50559 4.35
      vertex -33.4142 -0.354236 2.4
      vertex -33.6667 -0.50559 2.4
    endloop
  endfacet
  facet normal -0.803172 0.595747 0
    outer loop
      vertex -34.4944 -1.33329 2.4
      vertex -34.319 -1.09682 4.35
      vertex -34.319 -1.09682 2.4
    endloop
  endfacet
  facet normal -0.803172 0.595747 0
    outer loop
      vertex -34.319 -1.09682 4.35
      vertex -34.4944 -1.33329 2.4
      vertex -34.4944 -1.33329 4.35
    endloop
  endfacet
  facet normal -0.336986 -0.94151 0
    outer loop
      vertex -33.148 -5.77164 2.4
      vertex -32.8709 -5.87082 4.35
      vertex -33.148 -5.77164 4.35
    endloop
  endfacet
  facet normal -0.336986 -0.94151 -0
    outer loop
      vertex -32.8709 -5.87082 4.35
      vertex -33.148 -5.77164 2.4
      vertex -32.8709 -5.87082 2.4
    endloop
  endfacet
  facet normal -0.998803 -0.0489126 0
    outer loop
      vertex -34.9856 -3.29405 2.4
      vertex -35 -3 4.35
      vertex -35 -3 2.4
    endloop
  endfacet
  facet normal -0.998803 -0.0489126 0
    outer loop
      vertex -35 -3 4.35
      vertex -34.9856 -3.29405 2.4
      vertex -34.9856 -3.29405 4.35
    endloop
  endfacet
  facet normal -0.904088 -0.427347 0
    outer loop
      vertex -34.6458 -4.41419 2.4
      vertex -34.7716 -4.14805 4.35
      vertex -34.7716 -4.14805 2.4
    endloop
  endfacet
  facet normal -0.904088 -0.427347 0
    outer loop
      vertex -34.7716 -4.14805 4.35
      vertex -34.6458 -4.41419 2.4
      vertex -34.6458 -4.41419 4.35
    endloop
  endfacet
  facet normal -0.857661 -0.514216 0
    outer loop
      vertex -34.4944 -4.66671 2.4
      vertex -34.6458 -4.41419 4.35
      vertex -34.6458 -4.41419 2.4
    endloop
  endfacet
  facet normal -0.857661 -0.514216 0
    outer loop
      vertex -34.6458 -4.41419 4.35
      vertex -34.4944 -4.66671 2.4
      vertex -34.4944 -4.66671 4.35
    endloop
  endfacet
  facet normal -0.857661 0.514216 0
    outer loop
      vertex -34.6458 -1.58581 2.4
      vertex -34.4944 -1.33329 4.35
      vertex -34.4944 -1.33329 2.4
    endloop
  endfacet
  facet normal -0.857661 0.514216 0
    outer loop
      vertex -34.4944 -1.33329 4.35
      vertex -34.6458 -1.58581 2.4
      vertex -34.6458 -1.58581 4.35
    endloop
  endfacet
  facet normal -0.427477 0.904026 0
    outer loop
      vertex -33.148 -0.228361 2.4
      vertex -33.4142 -0.354236 4.35
      vertex -33.148 -0.228361 4.35
    endloop
  endfacet
  facet normal -0.427477 0.904026 0
    outer loop
      vertex -33.4142 -0.354236 4.35
      vertex -33.148 -0.228361 2.4
      vertex -33.4142 -0.354236 2.4
    endloop
  endfacet
  facet normal 0.989176 0.146736 0
    outer loop
      vertex 34.9856 -2.70595 4.35
      vertex 34.9424 -2.41473 2.4
      vertex 34.9424 -2.41473 4.35
    endloop
  endfacet
  facet normal 0.989176 0.146736 0
    outer loop
      vertex 34.9424 -2.41473 2.4
      vertex 34.9856 -2.70595 4.35
      vertex 34.9856 -2.70595 2.4
    endloop
  endfacet
  facet normal 0.427491 -0.90402 0
    outer loop
      vertex 33.148 -5.77164 2.4
      vertex 33.4142 -5.64576 4.35
      vertex 33.148 -5.77164 4.35
    endloop
  endfacet
  facet normal 0.427491 -0.90402 0
    outer loop
      vertex 33.4142 -5.64576 4.35
      vertex 33.148 -5.77164 2.4
      vertex 33.4142 -5.64576 2.4
    endloop
  endfacet
  facet normal -0.941527 -0.336939 0
    outer loop
      vertex -34.7716 -4.14805 2.4
      vertex -34.8708 -3.87085 4.35
      vertex -34.8708 -3.87085 2.4
    endloop
  endfacet
  facet normal -0.941527 -0.336939 0
    outer loop
      vertex -34.8708 -3.87085 4.35
      vertex -34.7716 -4.14805 2.4
      vertex -34.7716 -4.14805 4.35
    endloop
  endfacet
  facet normal 0.857661 -0.514216 0
    outer loop
      vertex 34.4944 -4.66671 4.35
      vertex 34.6458 -4.41419 2.4
      vertex 34.6458 -4.41419 4.35
    endloop
  endfacet
  facet normal 0.857661 -0.514216 0
    outer loop
      vertex 34.6458 -4.41419 2.4
      vertex 34.4944 -4.66671 4.35
      vertex 34.4944 -4.66671 2.4
    endloop
  endfacet
  facet normal -0.998803 0.0489126 0
    outer loop
      vertex -35 -3 2.4
      vertex -34.9856 -2.70595 4.35
      vertex -34.9856 -2.70595 2.4
    endloop
  endfacet
  facet normal -0.998803 0.0489126 0
    outer loop
      vertex -34.9856 -2.70595 4.35
      vertex -35 -3 2.4
      vertex -35 -3 4.35
    endloop
  endfacet
  facet normal 0.514121 -0.857718 0
    outer loop
      vertex 33.4142 -5.64576 2.4
      vertex 33.6667 -5.49441 4.35
      vertex 33.4142 -5.64576 4.35
    endloop
  endfacet
  facet normal 0.514121 -0.857718 0
    outer loop
      vertex 33.6667 -5.49441 4.35
      vertex 33.4142 -5.64576 2.4
      vertex 33.6667 -5.49441 2.4
    endloop
  endfacet
  facet normal -0.969978 0.243191 0
    outer loop
      vertex -34.9424 -2.41473 2.4
      vertex -34.8708 -2.12915 4.35
      vertex -34.8708 -2.12915 2.4
    endloop
  endfacet
  facet normal -0.969978 0.243191 0
    outer loop
      vertex -34.8708 -2.12915 4.35
      vertex -34.9424 -2.41473 2.4
      vertex -34.9424 -2.41473 4.35
    endloop
  endfacet
  facet normal -0.671627 0.740889 0
    outer loop
      vertex -33.9032 -0.680968 2.4
      vertex -34.1213 -0.878679 4.35
      vertex -33.9032 -0.680968 4.35
    endloop
  endfacet
  facet normal -0.671627 0.740889 0
    outer loop
      vertex -34.1213 -0.878679 4.35
      vertex -33.9032 -0.680968 2.4
      vertex -34.1213 -0.878679 2.4
    endloop
  endfacet
  facet normal 0.969978 -0.243191 0
    outer loop
      vertex 34.8708 -3.87085 4.35
      vertex 34.9424 -3.58527 2.4
      vertex 34.9424 -3.58527 4.35
    endloop
  endfacet
  facet normal 0.969978 -0.243191 0
    outer loop
      vertex 34.9424 -3.58527 2.4
      vertex 34.8708 -3.87085 4.35
      vertex 34.8708 -3.87085 2.4
    endloop
  endfacet
  facet normal -0.740969 -0.671539 0
    outer loop
      vertex -34.1213 -5.12132 2.4
      vertex -34.319 -4.90318 4.35
      vertex -34.319 -4.90318 2.4
    endloop
  endfacet
  facet normal -0.740969 -0.671539 0
    outer loop
      vertex -34.319 -4.90318 4.35
      vertex -34.1213 -5.12132 2.4
      vertex -34.1213 -5.12132 4.35
    endloop
  endfacet
  facet normal -0.989176 0.146736 0
    outer loop
      vertex -34.9856 -2.70595 2.4
      vertex -34.9424 -2.41473 4.35
      vertex -34.9424 -2.41473 2.4
    endloop
  endfacet
  facet normal -0.989176 0.146736 0
    outer loop
      vertex -34.9424 -2.41473 4.35
      vertex -34.9856 -2.70595 2.4
      vertex -34.9856 -2.70595 4.35
    endloop
  endfacet
  facet normal 0.0490738 -0.998795 0
    outer loop
      vertex 32 -6 2.4
      vertex 32.2941 -5.98555 4.35
      vertex 32 -6 4.35
    endloop
  endfacet
  facet normal 0.0490738 -0.998795 0
    outer loop
      vertex 32.2941 -5.98555 4.35
      vertex 32 -6 2.4
      vertex 32.2941 -5.98555 2.4
    endloop
  endfacet
  facet normal 0.803172 0.595747 0
    outer loop
      vertex 34.4944 -1.33329 4.35
      vertex 34.319 -1.09682 2.4
      vertex 34.319 -1.09682 4.35
    endloop
  endfacet
  facet normal 0.803172 0.595747 0
    outer loop
      vertex 34.319 -1.09682 2.4
      vertex 34.4944 -1.33329 4.35
      vertex 34.4944 -1.33329 2.4
    endloop
  endfacet
  facet normal -0.803172 -0.595747 0
    outer loop
      vertex -34.319 -4.90318 2.4
      vertex -34.4944 -4.66671 4.35
      vertex -34.4944 -4.66671 2.4
    endloop
  endfacet
  facet normal -0.803172 -0.595747 0
    outer loop
      vertex -34.4944 -4.66671 4.35
      vertex -34.319 -4.90318 2.4
      vertex -34.319 -4.90318 4.35
    endloop
  endfacet
  facet normal -0.0490578 0.998796 0
    outer loop
      vertex -32 0 2.4
      vertex -32.2941 -0.0144453 4.35
      vertex -32 0 4.35
    endloop
  endfacet
  facet normal -0.0490578 0.998796 0
    outer loop
      vertex -32.2941 -0.0144453 4.35
      vertex -32 0 2.4
      vertex -32.2941 -0.0144453 2.4
    endloop
  endfacet
  facet normal 0 1 -0
    outer loop
      vertex 32 0 2.4
      vertex -32 0 4.35
      vertex 32 0 4.35
    endloop
  endfacet
  facet normal 0 1 0
    outer loop
      vertex -32 0 4.35
      vertex 32 0 2.4
      vertex -32 0 2.4
    endloop
  endfacet
  facet normal 0.514131 0.857712 -0
    outer loop
      vertex 33.6667 -0.50559 2.4
      vertex 33.4142 -0.354236 4.35
      vertex 33.6667 -0.50559 4.35
    endloop
  endfacet
  facet normal 0.514131 0.857712 0
    outer loop
      vertex 33.4142 -0.354236 4.35
      vertex 33.6667 -0.50559 2.4
      vertex 33.4142 -0.354236 2.4
    endloop
  endfacet
  facet normal -0.146741 0.989175 0
    outer loop
      vertex -32.2941 -0.0144453 2.4
      vertex -32.5853 -0.0576439 4.35
      vertex -32.2941 -0.0144453 4.35
    endloop
  endfacet
  facet normal -0.146741 0.989175 0
    outer loop
      vertex -32.5853 -0.0576439 4.35
      vertex -32.2941 -0.0144453 2.4
      vertex -32.5853 -0.0576439 2.4
    endloop
  endfacet
  facet normal 0 -1 0
    outer loop
      vertex -32 -6 2.4
      vertex 32 -6 4.35
      vertex -32 -6 4.35
    endloop
  endfacet
  facet normal 0 -1 -0
    outer loop
      vertex 32 -6 4.35
      vertex -32 -6 2.4
      vertex 32 -6 2.4
    endloop
  endfacet
  facet normal 0.857661 0.514216 0
    outer loop
      vertex 34.6458 -1.58581 4.35
      vertex 34.4944 -1.33329 2.4
      vertex 34.4944 -1.33329 4.35
    endloop
  endfacet
  facet normal 0.857661 0.514216 0
    outer loop
      vertex 34.4944 -1.33329 2.4
      vertex 34.6458 -1.58581 4.35
      vertex 34.6458 -1.58581 2.4
    endloop
  endfacet
  facet normal 0.336986 -0.94151 0
    outer loop
      vertex 32.8709 -5.87082 2.4
      vertex 33.148 -5.77164 4.35
      vertex 32.8709 -5.87082 4.35
    endloop
  endfacet
  facet normal 0.336986 -0.94151 0
    outer loop
      vertex 33.148 -5.77164 4.35
      vertex 32.8709 -5.87082 2.4
      vertex 33.148 -5.77164 2.4
    endloop
  endfacet
  facet normal -0.336995 0.941506 0
    outer loop
      vertex -32.8709 -0.129178 2.4
      vertex -33.148 -0.228361 4.35
      vertex -32.8709 -0.129178 4.35
    endloop
  endfacet
  facet normal -0.336995 0.941506 0
    outer loop
      vertex -33.148 -0.228361 4.35
      vertex -32.8709 -0.129178 2.4
      vertex -33.148 -0.228361 2.4
    endloop
  endfacet
  facet normal -0.595655 -0.803241 0
    outer loop
      vertex -33.9032 -5.31903 2.4
      vertex -33.6667 -5.49441 4.35
      vertex -33.9032 -5.31903 4.35
    endloop
  endfacet
  facet normal -0.595655 -0.803241 -0
    outer loop
      vertex -33.6667 -5.49441 4.35
      vertex -33.9032 -5.31903 2.4
      vertex -33.6667 -5.49441 2.4
    endloop
  endfacet
  facet normal -0.941527 0.336939 0
    outer loop
      vertex -34.8708 -2.12915 2.4
      vertex -34.7716 -1.85195 4.35
      vertex -34.7716 -1.85195 2.4
    endloop
  endfacet
  facet normal -0.941527 0.336939 0
    outer loop
      vertex -34.7716 -1.85195 4.35
      vertex -34.8708 -2.12915 2.4
      vertex -34.8708 -2.12915 4.35
    endloop
  endfacet
  facet normal 0.427477 0.904026 -0
    outer loop
      vertex 33.4142 -0.354236 2.4
      vertex 33.148 -0.228361 4.35
      vertex 33.4142 -0.354236 4.35
    endloop
  endfacet
  facet normal 0.427477 0.904026 0
    outer loop
      vertex 33.148 -0.228361 4.35
      vertex 33.4142 -0.354236 2.4
      vertex 33.148 -0.228361 2.4
    endloop
  endfacet
  facet normal 0.336995 0.941506 -0
    outer loop
      vertex 33.148 -0.228361 2.4
      vertex 32.8709 -0.129178 4.35
      vertex 33.148 -0.228361 4.35
    endloop
  endfacet
  facet normal 0.336995 0.941506 0
    outer loop
      vertex 32.8709 -0.129178 4.35
      vertex 33.148 -0.228361 2.4
      vertex 32.8709 -0.129178 2.4
    endloop
  endfacet
  facet normal -0.969978 -0.243191 0
    outer loop
      vertex -34.8708 -3.87085 2.4
      vertex -34.9424 -3.58527 4.35
      vertex -34.9424 -3.58527 2.4
    endloop
  endfacet
  facet normal -0.969978 -0.243191 0
    outer loop
      vertex -34.9424 -3.58527 4.35
      vertex -34.8708 -3.87085 2.4
      vertex -34.8708 -3.87085 4.35
    endloop
  endfacet
  facet normal 0.969978 0.243191 0
    outer loop
      vertex 34.9424 -2.41473 4.35
      vertex 34.8708 -2.12915 2.4
      vertex 34.8708 -2.12915 4.35
    endloop
  endfacet
  facet normal 0.969978 0.243191 0
    outer loop
      vertex 34.8708 -2.12915 2.4
      vertex 34.9424 -2.41473 4.35
      vertex 34.9424 -2.41473 2.4
    endloop
  endfacet
  facet normal -0.989176 -0.146736 0
    outer loop
      vertex -34.9424 -3.58527 2.4
      vertex -34.9856 -3.29405 4.35
      vertex -34.9856 -3.29405 2.4
    endloop
  endfacet
  facet normal -0.989176 -0.146736 0
    outer loop
      vertex -34.9856 -3.29405 4.35
      vertex -34.9424 -3.58527 2.4
      vertex -34.9424 -3.58527 4.35
    endloop
  endfacet
  facet normal -0.242964 0.970035 0
    outer loop
      vertex -32.5853 -0.0576439 2.4
      vertex -32.8709 -0.129178 4.35
      vertex -32.5853 -0.0576439 4.35
    endloop
  endfacet
  facet normal -0.242964 0.970035 0
    outer loop
      vertex -32.8709 -0.129178 4.35
      vertex -32.5853 -0.0576439 2.4
      vertex -32.8709 -0.129178 2.4
    endloop
  endfacet
  facet normal -0.59565 0.803244 0
    outer loop
      vertex -33.6667 -0.50559 2.4
      vertex -33.9032 -0.680968 4.35
      vertex -33.6667 -0.50559 4.35
    endloop
  endfacet
  facet normal -0.59565 0.803244 0
    outer loop
      vertex -33.9032 -0.680968 4.35
      vertex -33.6667 -0.50559 2.4
      vertex -33.9032 -0.680968 2.4
    endloop
  endfacet
  facet normal 0.671627 0.740889 -0
    outer loop
      vertex 34.1213 -0.878679 2.4
      vertex 33.9032 -0.680968 4.35
      vertex 34.1213 -0.878679 4.35
    endloop
  endfacet
  facet normal 0.671627 0.740889 0
    outer loop
      vertex 33.9032 -0.680968 4.35
      vertex 34.1213 -0.878679 2.4
      vertex 33.9032 -0.680968 2.4
    endloop
  endfacet
  facet normal -0.904088 0.427347 0
    outer loop
      vertex -34.7716 -1.85195 2.4
      vertex -34.6458 -1.58581 4.35
      vertex -34.6458 -1.58581 2.4
    endloop
  endfacet
  facet normal -0.904088 0.427347 0
    outer loop
      vertex -34.6458 -1.58581 4.35
      vertex -34.7716 -1.85195 2.4
      vertex -34.7716 -1.85195 4.35
    endloop
  endfacet
  facet normal 0.671625 -0.740891 0
    outer loop
      vertex 33.9032 -5.31903 2.4
      vertex 34.1213 -5.12132 4.35
      vertex 33.9032 -5.31903 4.35
    endloop
  endfacet
  facet normal 0.671625 -0.740891 0
    outer loop
      vertex 34.1213 -5.12132 4.35
      vertex 33.9032 -5.31903 2.4
      vertex 34.1213 -5.12132 2.4
    endloop
  endfacet
  facet normal 0.242964 0.970035 -0
    outer loop
      vertex 32.8709 -0.129178 2.4
      vertex 32.5853 -0.0576439 4.35
      vertex 32.8709 -0.129178 4.35
    endloop
  endfacet
  facet normal 0.242964 0.970035 0
    outer loop
      vertex 32.5853 -0.0576439 4.35
      vertex 32.8709 -0.129178 2.4
      vertex 32.5853 -0.0576439 2.4
    endloop
  endfacet
  facet normal -0.671625 -0.740891 0
    outer loop
      vertex -34.1213 -5.12132 2.4
      vertex -33.9032 -5.31903 4.35
      vertex -34.1213 -5.12132 4.35
    endloop
  endfacet
  facet normal -0.671625 -0.740891 -0
    outer loop
      vertex -33.9032 -5.31903 4.35
      vertex -34.1213 -5.12132 2.4
      vertex -33.9032 -5.31903 2.4
    endloop
  endfacet
  facet normal -0.740971 0.671538 0
    outer loop
      vertex -34.319 -1.09682 2.4
      vertex -34.1213 -0.878679 4.35
      vertex -34.1213 -0.878679 2.4
    endloop
  endfacet
  facet normal -0.740971 0.671538 0
    outer loop
      vertex -34.1213 -0.878679 4.35
      vertex -34.319 -1.09682 2.4
      vertex -34.319 -1.09682 4.35
    endloop
  endfacet
  facet normal 0.740969 -0.671539 0
    outer loop
      vertex 34.1213 -5.12132 4.35
      vertex 34.319 -4.90318 2.4
      vertex 34.319 -4.90318 4.35
    endloop
  endfacet
  facet normal 0.740969 -0.671539 0
    outer loop
      vertex 34.319 -4.90318 2.4
      vertex 34.1213 -5.12132 4.35
      vertex 34.1213 -5.12132 2.4
    endloop
  endfacet
  facet normal 0.146712 -0.989179 0
    outer loop
      vertex 32.2941 -5.98555 2.4
      vertex 32.5853 -5.94236 4.35
      vertex 32.2941 -5.98555 4.35
    endloop
  endfacet
  facet normal 0.146712 -0.989179 0
    outer loop
      vertex 32.5853 -5.94236 4.35
      vertex 32.2941 -5.98555 2.4
      vertex 32.5853 -5.94236 2.4
    endloop
  endfacet
  facet normal -0.427491 -0.90402 0
    outer loop
      vertex -33.4142 -5.64576 2.4
      vertex -33.148 -5.77164 4.35
      vertex -33.4142 -5.64576 4.35
    endloop
  endfacet
  facet normal -0.427491 -0.90402 -0
    outer loop
      vertex -33.148 -5.77164 4.35
      vertex -33.4142 -5.64576 2.4
      vertex -33.148 -5.77164 2.4
    endloop
  endfacet
  facet normal 0.941527 0.336939 0
    outer loop
      vertex 34.8708 -2.12915 4.35
      vertex 34.7716 -1.85195 2.4
      vertex 34.7716 -1.85195 4.35
    endloop
  endfacet
  facet normal 0.941527 0.336939 0
    outer loop
      vertex 34.7716 -1.85195 2.4
      vertex 34.8708 -2.12915 4.35
      vertex 34.8708 -2.12915 2.4
    endloop
  endfacet
  facet normal -0.0490738 -0.998795 0
    outer loop
      vertex -32.2941 -5.98555 2.4
      vertex -32 -6 4.35
      vertex -32.2941 -5.98555 4.35
    endloop
  endfacet
  facet normal -0.0490738 -0.998795 -0
    outer loop
      vertex -32 -6 4.35
      vertex -32.2941 -5.98555 2.4
      vertex -32 -6 2.4
    endloop
  endfacet
  facet normal -0.514121 -0.857718 0
    outer loop
      vertex -33.6667 -5.49441 2.4
      vertex -33.4142 -5.64576 4.35
      vertex -33.6667 -5.49441 4.35
    endloop
  endfacet
  facet normal -0.514121 -0.857718 -0
    outer loop
      vertex -33.4142 -5.64576 4.35
      vertex -33.6667 -5.49441 2.4
      vertex -33.4142 -5.64576 2.4
    endloop
  endfacet
  facet normal 0.0490578 0.998796 -0
    outer loop
      vertex 32.2941 -0.0144453 2.4
      vertex 32 0 4.35
      vertex 32.2941 -0.0144453 4.35
    endloop
  endfacet
  facet normal 0.0490578 0.998796 0
    outer loop
      vertex 32 0 4.35
      vertex 32.2941 -0.0144453 2.4
      vertex 32 0 2.4
    endloop
  endfacet
  facet normal 0.242983 -0.970031 0
    outer loop
      vertex 32.5853 -5.94236 2.4
      vertex 32.8709 -5.87082 4.35
      vertex 32.5853 -5.94236 4.35
    endloop
  endfacet
  facet normal 0.242983 -0.970031 0
    outer loop
      vertex 32.8709 -5.87082 4.35
      vertex 32.5853 -5.94236 2.4
      vertex 32.8709 -5.87082 2.4
    endloop
  endfacet
  facet normal 0.904088 0.427347 0
    outer loop
      vertex 34.7716 -1.85195 4.35
      vertex 34.6458 -1.58581 2.4
      vertex 34.6458 -1.58581 4.35
    endloop
  endfacet
  facet normal 0.904088 0.427347 0
    outer loop
      vertex 34.6458 -1.58581 2.4
      vertex 34.7716 -1.85195 4.35
      vertex 34.7716 -1.85195 2.4
    endloop
  endfacet
  facet normal 0.803172 -0.595747 0
    outer loop
      vertex 34.319 -4.90318 4.35
      vertex 34.4944 -4.66671 2.4
      vertex 34.4944 -4.66671 4.35
    endloop
  endfacet
  facet normal 0.803172 -0.595747 0
    outer loop
      vertex 34.4944 -4.66671 2.4
      vertex 34.319 -4.90318 4.35
      vertex 34.319 -4.90318 2.4
    endloop
  endfacet
  facet normal 0.998803 0.0489126 0
    outer loop
      vertex 35 -3 4.35
      vertex 34.9856 -2.70595 2.4
      vertex 34.9856 -2.70595 4.35
    endloop
  endfacet
  facet normal 0.998803 0.0489126 0
    outer loop
      vertex 34.9856 -2.70595 2.4
      vertex 35 -3 4.35
      vertex 35 -3 2.4
    endloop
  endfacet
  facet normal 0.146741 0.989175 -0
    outer loop
      vertex 32.5853 -0.0576439 2.4
      vertex 32.2941 -0.0144453 4.35
      vertex 32.5853 -0.0576439 4.35
    endloop
  endfacet
  facet normal 0.146741 0.989175 0
    outer loop
      vertex 32.2941 -0.0144453 4.35
      vertex 32.5853 -0.0576439 2.4
      vertex 32.2941 -0.0144453 2.4
    endloop
  endfacet
  facet normal 0.59565 0.803244 -0
    outer loop
      vertex 33.9032 -0.680968 2.4
      vertex 33.6667 -0.50559 4.35
      vertex 33.9032 -0.680968 4.35
    endloop
  endfacet
  facet normal 0.59565 0.803244 0
    outer loop
      vertex 33.6667 -0.50559 4.35
      vertex 33.9032 -0.680968 2.4
      vertex 33.6667 -0.50559 2.4
    endloop
  endfacet
  facet normal 0.595655 -0.803241 0
    outer loop
      vertex 33.6667 -5.49441 2.4
      vertex 33.9032 -5.31903 4.35
      vertex 33.6667 -5.49441 4.35
    endloop
  endfacet
  facet normal 0.595655 -0.803241 0
    outer loop
      vertex 33.9032 -5.31903 4.35
      vertex 33.6667 -5.49441 2.4
      vertex 33.9032 -5.31903 2.4
    endloop
  endfacet
  facet normal -0.242983 -0.970031 0
    outer loop
      vertex -32.8709 -5.87082 2.4
      vertex -32.5853 -5.94236 4.35
      vertex -32.8709 -5.87082 4.35
    endloop
  endfacet
  facet normal -0.242983 -0.970031 -0
    outer loop
      vertex -32.5853 -5.94236 4.35
      vertex -32.8709 -5.87082 2.4
      vertex -32.5853 -5.94236 2.4
    endloop
  endfacet
  facet normal -0.146712 -0.989179 0
    outer loop
      vertex -32.5853 -5.94236 2.4
      vertex -32.2941 -5.98555 4.35
      vertex -32.5853 -5.94236 4.35
    endloop
  endfacet
  facet normal -0.146712 -0.989179 -0
    outer loop
      vertex -32.2941 -5.98555 4.35
      vertex -32.5853 -5.94236 2.4
      vertex -32.2941 -5.98555 2.4
    endloop
  endfacet
  facet normal 0.740971 0.671538 0
    outer loop
      vertex 34.319 -1.09682 4.35
      vertex 34.1213 -0.878679 2.4
      vertex 34.1213 -0.878679 4.35
    endloop
  endfacet
  facet normal 0.740971 0.671538 0
    outer loop
      vertex 34.1213 -0.878679 2.4
      vertex 34.319 -1.09682 4.35
      vertex 34.319 -1.09682 2.4
    endloop
  endfacet
  facet normal 0.989176 -0.146736 0
    outer loop
      vertex 34.9424 -3.58527 4.35
      vertex 34.9856 -3.29405 2.4
      vertex 34.9856 -3.29405 4.35
    endloop
  endfacet
  facet normal 0.989176 -0.146736 0
    outer loop
      vertex 34.9856 -3.29405 2.4
      vertex 34.9424 -3.58527 4.35
      vertex 34.9424 -3.58527 2.4
    endloop
  endfacet
  facet normal 0.998803 -0.0489126 0
    outer loop
      vertex 34.9856 -3.29405 4.35
      vertex 35 -3 2.4
      vertex 35 -3 4.35
    endloop
  endfacet
  facet normal 0.998803 -0.0489126 0
    outer loop
      vertex 35 -3 2.4
      vertex 34.9856 -3.29405 4.35
      vertex 34.9856 -3.29405 2.4
    endloop
  endfacet
  facet normal 0 0 1
    outer loop
      vertex 34.9856 -2.70595 4.35
      vertex 34.9856 -3.29405 4.35
      vertex 35 -3 4.35
    endloop
  endfacet
  facet normal 0 0 1
    outer loop
      vertex 34.9424 -2.41473 4.35
      vertex 34.9856 -3.29405 4.35
      vertex 34.9856 -2.70595 4.35
    endloop
  endfacet
  facet normal 0 0 1
    outer loop
      vertex 34.9424 -2.41473 4.35
      vertex 34.9424 -3.58527 4.35
      vertex 34.9856 -3.29405 4.35
    endloop
  endfacet
  facet normal 0 0 1
    outer loop
      vertex 34.8708 -2.12915 4.35
      vertex 34.9424 -3.58527 4.35
      vertex 34.9424 -2.41473 4.35
    endloop
  endfacet
  facet normal 0 0 1
    outer loop
      vertex 34.8708 -2.12915 4.35
      vertex 34.8708 -3.87085 4.35
      vertex 34.9424 -3.58527 4.35
    endloop
  endfacet
  facet normal 0 0 1
    outer loop
      vertex 34.7716 -1.85195 4.35
      vertex 34.8708 -3.87085 4.35
      vertex 34.8708 -2.12915 4.35
    endloop
  endfacet
  facet normal 0 0 1
    outer loop
      vertex 34.7716 -1.85195 4.35
      vertex 34.7716 -4.14805 4.35
      vertex 34.8708 -3.87085 4.35
    endloop
  endfacet
  facet normal 0 0 1
    outer loop
      vertex 34.6458 -1.58581 4.35
      vertex 34.7716 -4.14805 4.35
      vertex 34.7716 -1.85195 4.35
    endloop
  endfacet
  facet normal 0 0 1
    outer loop
      vertex 34.6458 -1.58581 4.35
      vertex 34.6458 -4.41419 4.35
      vertex 34.7716 -4.14805 4.35
    endloop
  endfacet
  facet normal 0 0 1
    outer loop
      vertex 34.4944 -1.33329 4.35
      vertex 34.6458 -4.41419 4.35
      vertex 34.6458 -1.58581 4.35
    endloop
  endfacet
  facet normal 0 0 1
    outer loop
      vertex 34.4944 -1.33329 4.35
      vertex 34.4944 -4.66671 4.35
      vertex 34.6458 -4.41419 4.35
    endloop
  endfacet
  facet normal 0 0 1
    outer loop
      vertex 34.319 -1.09682 4.35
      vertex 34.4944 -4.66671 4.35
      vertex 34.4944 -1.33329 4.35
    endloop
  endfacet
  facet normal 0 0 1
    outer loop
      vertex 34.319 -1.09682 4.35
      vertex 34.319 -4.90318 4.35
      vertex 34.4944 -4.66671 4.35
    endloop
  endfacet
  facet normal 0 0 1
    outer loop
      vertex 34.1213 -0.878679 4.35
      vertex 34.319 -4.90318 4.35
      vertex 34.319 -1.09682 4.35
    endloop
  endfacet
  facet normal 0 0 1
    outer loop
      vertex 34.1213 -0.878679 4.35
      vertex 34.1213 -5.12132 4.35
      vertex 34.319 -4.90318 4.35
    endloop
  endfacet
  facet normal 0 0 1
    outer loop
      vertex 33.9032 -0.680968 4.35
      vertex 34.1213 -5.12132 4.35
      vertex 34.1213 -0.878679 4.35
    endloop
  endfacet
  facet normal 0 0 1
    outer loop
      vertex 33.9032 -0.680968 4.35
      vertex 33.9032 -5.31903 4.35
      vertex 34.1213 -5.12132 4.35
    endloop
  endfacet
  facet normal 0 0 1
    outer loop
      vertex 33.6667 -0.50559 4.35
      vertex 33.9032 -5.31903 4.35
      vertex 33.9032 -0.680968 4.35
    endloop
  endfacet
  facet normal 0 0 1
    outer loop
      vertex 33.6667 -0.50559 4.35
      vertex 33.6667 -5.49441 4.35
      vertex 33.9032 -5.31903 4.35
    endloop
  endfacet
  facet normal 0 0 1
    outer loop
      vertex 33.4142 -0.354236 4.35
      vertex 33.6667 -5.49441 4.35
      vertex 33.6667 -0.50559 4.35
    endloop
  endfacet
  facet normal 0 0 1
    outer loop
      vertex 33.4142 -0.354236 4.35
      vertex 33.4142 -5.64576 4.35
      vertex 33.6667 -5.49441 4.35
    endloop
  endfacet
  facet normal 0 0 1
    outer loop
      vertex 33.148 -0.228361 4.35
      vertex 33.4142 -5.64576 4.35
      vertex 33.4142 -0.354236 4.35
    endloop
  endfacet
  facet normal 0 0 1
    outer loop
      vertex 33.148 -0.228361 4.35
      vertex 33.148 -5.77164 4.35
      vertex 33.4142 -5.64576 4.35
    endloop
  endfacet
  facet normal 0 0 1
    outer loop
      vertex 32.8709 -0.129178 4.35
      vertex 33.148 -5.77164 4.35
      vertex 33.148 -0.228361 4.35
    endloop
  endfacet
  facet normal 0 0 1
    outer loop
      vertex 32.8709 -0.129178 4.35
      vertex 32.8709 -5.87082 4.35
      vertex 33.148 -5.77164 4.35
    endloop
  endfacet
  facet normal 0 0 1
    outer loop
      vertex 32.5853 -0.0576439 4.35
      vertex 32.8709 -5.87082 4.35
      vertex 32.8709 -0.129178 4.35
    endloop
  endfacet
  facet normal 0 0 1
    outer loop
      vertex 32.5853 -0.0576439 4.35
      vertex 32.5853 -5.94236 4.35
      vertex 32.8709 -5.87082 4.35
    endloop
  endfacet
  facet normal 0 0 1
    outer loop
      vertex 32.2941 -0.0144453 4.35
      vertex 32.5853 -5.94236 4.35
      vertex 32.5853 -0.0576439 4.35
    endloop
  endfacet
  facet normal 0 0 1
    outer loop
      vertex 32.2941 -0.0144453 4.35
      vertex 32.2941 -5.98555 4.35
      vertex 32.5853 -5.94236 4.35
    endloop
  endfacet
  facet normal 0 0 1
    outer loop
      vertex 32 0 4.35
      vertex 32.2941 -5.98555 4.35
      vertex 32.2941 -0.0144453 4.35
    endloop
  endfacet
  facet normal 0 0 1
    outer loop
      vertex 32 0 4.35
      vertex 32 -6 4.35
      vertex 32.2941 -5.98555 4.35
    endloop
  endfacet
  facet normal -0 0 1
    outer loop
      vertex -32 0 4.35
      vertex 32 -6 4.35
      vertex 32 0 4.35
    endloop
  endfacet
  facet normal 0 0 1
    outer loop
      vertex -32 0 4.35
      vertex -32 -6 4.35
      vertex 32 -6 4.35
    endloop
  endfacet
  facet normal -0 0 1
    outer loop
      vertex -32.2941 -0.0144453 4.35
      vertex -32 -6 4.35
      vertex -32 0 4.35
    endloop
  endfacet
  facet normal 0 0 1
    outer loop
      vertex -32.2941 -0.0144453 4.35
      vertex -32.2941 -5.98555 4.35
      vertex -32 -6 4.35
    endloop
  endfacet
  facet normal -0 0 1
    outer loop
      vertex -32.5853 -0.0576439 4.35
      vertex -32.2941 -5.98555 4.35
      vertex -32.2941 -0.0144453 4.35
    endloop
  endfacet
  facet normal 0 0 1
    outer loop
      vertex -32.5853 -0.0576439 4.35
      vertex -32.5853 -5.94236 4.35
      vertex -32.2941 -5.98555 4.35
    endloop
  endfacet
  facet normal -0 0 1
    outer loop
      vertex -32.8709 -0.129178 4.35
      vertex -32.5853 -5.94236 4.35
      vertex -32.5853 -0.0576439 4.35
    endloop
  endfacet
  facet normal 0 0 1
    outer loop
      vertex -32.8709 -0.129178 4.35
      vertex -32.8709 -5.87082 4.35
      vertex -32.5853 -5.94236 4.35
    endloop
  endfacet
  facet normal -0 0 1
    outer loop
      vertex -33.148 -0.228361 4.35
      vertex -32.8709 -5.87082 4.35
      vertex -32.8709 -0.129178 4.35
    endloop
  endfacet
  facet normal 0 0 1
    outer loop
      vertex -33.148 -0.228361 4.35
      vertex -33.148 -5.77164 4.35
      vertex -32.8709 -5.87082 4.35
    endloop
  endfacet
  facet normal -0 0 1
    outer loop
      vertex -33.4142 -0.354236 4.35
      vertex -33.148 -5.77164 4.35
      vertex -33.148 -0.228361 4.35
    endloop
  endfacet
  facet normal 0 0 1
    outer loop
      vertex -33.4142 -0.354236 4.35
      vertex -33.4142 -5.64576 4.35
      vertex -33.148 -5.77164 4.35
    endloop
  endfacet
  facet normal -0 0 1
    outer loop
      vertex -33.6667 -0.50559 4.35
      vertex -33.4142 -5.64576 4.35
      vertex -33.4142 -0.354236 4.35
    endloop
  endfacet
  facet normal 0 0 1
    outer loop
      vertex -33.6667 -0.50559 4.35
      vertex -33.6667 -5.49441 4.35
      vertex -33.4142 -5.64576 4.35
    endloop
  endfacet
  facet normal -0 0 1
    outer loop
      vertex -33.9032 -0.680968 4.35
      vertex -33.6667 -5.49441 4.35
      vertex -33.6667 -0.50559 4.35
    endloop
  endfacet
  facet normal 0 0 1
    outer loop
      vertex -33.9032 -0.680968 4.35
      vertex -33.9032 -5.31903 4.35
      vertex -33.6667 -5.49441 4.35
    endloop
  endfacet
  facet normal -0 0 1
    outer loop
      vertex -34.1213 -0.878679 4.35
      vertex -33.9032 -5.31903 4.35
      vertex -33.9032 -0.680968 4.35
    endloop
  endfacet
  facet normal 0 0 1
    outer loop
      vertex -34.1213 -0.878679 4.35
      vertex -34.1213 -5.12132 4.35
      vertex -33.9032 -5.31903 4.35
    endloop
  endfacet
  facet normal -0 0 1
    outer loop
      vertex -34.319 -1.09682 4.35
      vertex -34.1213 -5.12132 4.35
      vertex -34.1213 -0.878679 4.35
    endloop
  endfacet
  facet normal 0 0 1
    outer loop
      vertex -34.319 -1.09682 4.35
      vertex -34.319 -4.90318 4.35
      vertex -34.1213 -5.12132 4.35
    endloop
  endfacet
  facet normal -0 0 1
    outer loop
      vertex -34.4944 -1.33329 4.35
      vertex -34.319 -4.90318 4.35
      vertex -34.319 -1.09682 4.35
    endloop
  endfacet
  facet normal 0 0 1
    outer loop
      vertex -34.4944 -1.33329 4.35
      vertex -34.4944 -4.66671 4.35
      vertex -34.319 -4.90318 4.35
    endloop
  endfacet
  facet normal -0 0 1
    outer loop
      vertex -34.6458 -1.58581 4.35
      vertex -34.4944 -4.66671 4.35
      vertex -34.4944 -1.33329 4.35
    endloop
  endfacet
  facet normal 0 0 1
    outer loop
      vertex -34.6458 -1.58581 4.35
      vertex -34.6458 -4.41419 4.35
      vertex -34.4944 -4.66671 4.35
    endloop
  endfacet
  facet normal -0 0 1
    outer loop
      vertex -34.7716 -1.85195 4.35
      vertex -34.6458 -4.41419 4.35
      vertex -34.6458 -1.58581 4.35
    endloop
  endfacet
  facet normal 0 0 1
    outer loop
      vertex -34.7716 -1.85195 4.35
      vertex -34.7716 -4.14805 4.35
      vertex -34.6458 -4.41419 4.35
    endloop
  endfacet
  facet normal -0 0 1
    outer loop
      vertex -34.8708 -2.12915 4.35
      vertex -34.7716 -4.14805 4.35
      vertex -34.7716 -1.85195 4.35
    endloop
  endfacet
  facet normal 0 0 1
    outer loop
      vertex -34.8708 -2.12915 4.35
      vertex -34.8708 -3.87085 4.35
      vertex -34.7716 -4.14805 4.35
    endloop
  endfacet
  facet normal -0 0 1
    outer loop
      vertex -34.9424 -2.41473 4.35
      vertex -34.8708 -3.87085 4.35
      vertex -34.8708 -2.12915 4.35
    endloop
  endfacet
  facet normal 0 0 1
    outer loop
      vertex -34.9424 -2.41473 4.35
      vertex -34.9424 -3.58527 4.35
      vertex -34.8708 -3.87085 4.35
    endloop
  endfacet
  facet normal -0 0 1
    outer loop
      vertex -34.9856 -2.70595 4.35
      vertex -34.9424 -3.58527 4.35
      vertex -34.9424 -2.41473 4.35
    endloop
  endfacet
  facet normal 0 0 1
    outer loop
      vertex -34.9856 -2.70595 4.35
      vertex -34.9856 -3.29405 4.35
      vertex -34.9424 -3.58527 4.35
    endloop
  endfacet
  facet normal 0 -0 1
    outer loop
      vertex -34.9856 -3.29405 4.35
      vertex -34.9856 -2.70595 4.35
      vertex -35 -3 4.35
    endloop
  endfacet
  facet normal 0.904088 -0.427347 0
    outer loop
      vertex 34.6458 -4.41419 4.35
      vertex 34.7716 -4.14805 2.4
      vertex 34.7716 -4.14805 4.35
    endloop
  endfacet
  facet normal 0.904088 -0.427347 0
    outer loop
      vertex 34.7716 -4.14805 2.4
      vertex 34.6458 -4.41419 4.35
      vertex 34.6458 -4.41419 2.4
    endloop
  endfacet
  facet normal 0.941527 -0.336939 0
    outer loop
      vertex 34.7716 -4.14805 4.35
      vertex 34.8708 -3.87085 2.4
      vertex 34.8708 -3.87085 4.35
    endloop
  endfacet
  facet normal 0.941527 -0.336939 0
    outer loop
      vertex 34.8708 -3.87085 2.4
      vertex 34.7716 -4.14805 4.35
      vertex 34.7716 -4.14805 2.4
    endloop
  endfacet
  facet normal 0 0.803217 -0.595687
    outer loop
      vertex -35.5 56.2055 1.27962
      vertex -49.5 56.4101 1.5555
      vertex -35.5 56.4101 1.5555
    endloop
  endfacet
  facet normal 0 0.803217 -0.595687
    outer loop
      vertex -49.5 56.4101 1.5555
      vertex -35.5 56.2055 1.27962
      vertex -49.5 56.2055 1.27962
    endloop
  endfacet
  facet normal 0 0.941554 -0.336862
    outer loop
      vertex -35.5 56.7336 2.16061
      vertex -49.5 56.8493 2.484
      vertex -35.5 56.8493 2.484
    endloop
  endfacet
  facet normal 0 0.941554 -0.336862
    outer loop
      vertex -49.5 56.8493 2.484
      vertex -35.5 56.7336 2.16061
      vertex -49.5 56.7336 2.16061
    endloop
  endfacet
  facet normal -0 0 1
    outer loop
      vertex -44.5 47.6 7
      vertex -35.5 39 7
      vertex -35.5 47.6 7
    endloop
  endfacet
  facet normal 0 0 1
    outer loop
      vertex -49.5 44.5103 7
      vertex -44.5 47.6 7
      vertex -45.0489 47.573 7
    endloop
  endfacet
  facet normal 0 0 1
    outer loop
      vertex -49.5 44.5103 7
      vertex -45.0489 47.573 7
      vertex -45.5925 47.4924 7
    endloop
  endfacet
  facet normal 0 0 1
    outer loop
      vertex -49.5 44.5103 7
      vertex -45.5925 47.4924 7
      vertex -46.1256 47.3589 7
    endloop
  endfacet
  facet normal 0 0 1
    outer loop
      vertex -49.5 44.5103 7
      vertex -46.1256 47.3589 7
      vertex -46.643 47.1737 7
    endloop
  endfacet
  facet normal 0 0 1
    outer loop
      vertex -49.5 44.5103 7
      vertex -46.643 47.1737 7
      vertex -47.1398 46.9388 7
    endloop
  endfacet
  facet normal 0 0 1
    outer loop
      vertex -49.5 44.5103 7
      vertex -47.1398 46.9388 7
      vertex -47.6112 46.6562 7
    endloop
  endfacet
  facet normal 0 0 1
    outer loop
      vertex -49.5 44.5103 7
      vertex -47.6112 46.6562 7
      vertex -48.0526 46.3288 7
    endloop
  endfacet
  facet normal 0 0 1
    outer loop
      vertex -49.5 44.5103 7
      vertex -48.0526 46.3288 7
      vertex -48.4598 45.9598 7
    endloop
  endfacet
  facet normal 0 0 1
    outer loop
      vertex -49.5 44.5103 7
      vertex -48.4598 45.9598 7
      vertex -48.8288 45.5526 7
    endloop
  endfacet
  facet normal 0 0 1
    outer loop
      vertex -49.5 44.5103 7
      vertex -48.8288 45.5526 7
      vertex -49.1562 45.1112 7
    endloop
  endfacet
  facet normal 0 0 1
    outer loop
      vertex -49.5 44.5103 7
      vertex -49.1562 45.1112 7
      vertex -49.4388 44.6398 7
    endloop
  endfacet
  facet normal 0 0 1
    outer loop
      vertex -44.5 47.6 7
      vertex -49.5 44.5103 7
      vertex -49.5 39 7
    endloop
  endfacet
  facet normal 0 0 1
    outer loop
      vertex -44.5 47.6 7
      vertex -49.5 39 7
      vertex -35.5 39 7
    endloop
  endfacet
  facet normal 0 0 1
    outer loop
      vertex -35.5 53.5 7
      vertex -44.5 50 7
      vertex -35.5 50 7
    endloop
  endfacet
  facet normal -0 0 1
    outer loop
      vertex -49.5 53.5 7
      vertex -44.5 50 7
      vertex -35.5 53.5 7
    endloop
  endfacet
  facet normal 0 0 1
    outer loop
      vertex -44.5 50 7
      vertex -49.5 53.5 7
      vertex -45.2841 49.9615 7
    endloop
  endfacet
  facet normal 0 0 1
    outer loop
      vertex -45.2841 49.9615 7
      vertex -49.5 53.5 7
      vertex -46.0607 49.8463 7
    endloop
  endfacet
  facet normal 0 0 1
    outer loop
      vertex -46.0607 49.8463 7
      vertex -49.5 53.5 7
      vertex -46.8223 49.6555 7
    endloop
  endfacet
  facet normal 0 0 1
    outer loop
      vertex -49.5 53.5 7
      vertex -47.5615 49.391 7
      vertex -46.8223 49.6555 7
    endloop
  endfacet
  facet normal 0 0 1
    outer loop
      vertex -49.5 53.5 7
      vertex -48.2712 49.0554 7
      vertex -47.5615 49.391 7
    endloop
  endfacet
  facet normal 0 0 1
    outer loop
      vertex -49.5 53.5 7
      vertex -48.9446 48.6518 7
      vertex -48.2712 49.0554 7
    endloop
  endfacet
  facet normal 0 0 1
    outer loop
      vertex -48.9446 48.6518 7
      vertex -49.5 53.5 7
      vertex -49.5 48.2398 7
    endloop
  endfacet
  facet normal 0 0.970071 0.242823
    outer loop
      vertex -35.5 56.9327 4.18282
      vertex -49.5 56.8493 4.516
      vertex -35.5 56.8493 4.516
    endloop
  endfacet
  facet normal 0 0.970071 0.242823
    outer loop
      vertex -49.5 56.8493 4.516
      vertex -35.5 56.9327 4.18282
      vertex -49.5 56.9327 4.18282
    endloop
  endfacet
  facet normal 0 0.998789 -0.0492029
    outer loop
      vertex -35.5 56.9831 3.15694
      vertex -49.5 57 3.5
      vertex -35.5 57 3.5
    endloop
  endfacet
  facet normal 0 0.998789 -0.0492029
    outer loop
      vertex -49.5 57 3.5
      vertex -35.5 56.9831 3.15694
      vertex -49.5 56.9831 3.15694
    endloop
  endfacet
  facet normal 0 -1 0
    outer loop
      vertex -47.1 39 2.4
      vertex -49.5 39 7
      vertex -49.5 39 4.80001
    endloop
  endfacet
  facet normal 0 -1 0
    outer loop
      vertex -49.5 39 7
      vertex -47.1 39 2.4
      vertex -35.5 39 7
    endloop
  endfacet
  facet normal 0 -1 -0
    outer loop
      vertex -35.5 39 7
      vertex -47.1 39 2.4
      vertex -35.5 39 2.4
    endloop
  endfacet
  facet normal 0 0.242965 -0.970035
    outer loop
      vertex -49.5 54.1828 0.0672512
      vertex -35.5 54.516 0.150708
      vertex -35.5 54.1828 0.0672512
    endloop
  endfacet
  facet normal 0 0.242965 -0.970035
    outer loop
      vertex -35.5 54.516 0.150708
      vertex -49.5 54.1828 0.0672512
      vertex -49.5 54.516 0.150708
    endloop
  endfacet
  facet normal 0 0.998789 0.0492029
    outer loop
      vertex -35.5 57 3.5
      vertex -49.5 56.9831 3.84306
      vertex -35.5 56.9831 3.84306
    endloop
  endfacet
  facet normal 0 0.998789 0.0492029
    outer loop
      vertex -49.5 56.9831 3.84306
      vertex -35.5 57 3.5
      vertex -49.5 57 3.5
    endloop
  endfacet
  facet normal 0 0.857706 -0.51414
    outer loop
      vertex -35.5 56.4101 1.5555
      vertex -49.5 56.5867 1.85011
      vertex -35.5 56.5867 1.85011
    endloop
  endfacet
  facet normal 0 0.857706 -0.51414
    outer loop
      vertex -49.5 56.5867 1.85011
      vertex -35.5 56.4101 1.5555
      vertex -49.5 56.4101 1.5555
    endloop
  endfacet
  facet normal 0 0.427551 -0.903991
    outer loop
      vertex -49.5 54.8394 0.266421
      vertex -35.5 55.1499 0.413275
      vertex -35.5 54.8394 0.266421
    endloop
  endfacet
  facet normal 0 0.427551 -0.903991
    outer loop
      vertex -35.5 55.1499 0.413275
      vertex -49.5 54.8394 0.266421
      vertex -49.5 55.1499 0.413275
    endloop
  endfacet
  facet normal 0 0.514113 -0.857723
    outer loop
      vertex -49.5 55.1499 0.413275
      vertex -35.5 55.4445 0.589856
      vertex -35.5 55.1499 0.413275
    endloop
  endfacet
  facet normal 0 0.514113 -0.857723
    outer loop
      vertex -35.5 55.4445 0.589856
      vertex -49.5 55.1499 0.413275
      vertex -49.5 55.4445 0.589856
    endloop
  endfacet
  facet normal 0 0.595672 -0.803228
    outer loop
      vertex -49.5 55.4445 0.589856
      vertex -35.5 55.7204 0.794463
      vertex -35.5 55.4445 0.589856
    endloop
  endfacet
  facet normal 0 0.595672 -0.803228
    outer loop
      vertex -35.5 55.7204 0.794463
      vertex -49.5 55.4445 0.589856
      vertex -49.5 55.7204 0.794463
    endloop
  endfacet
  facet normal 0 0.857706 0.51414
    outer loop
      vertex -35.5 56.5867 5.14989
      vertex -49.5 56.4101 5.4445
      vertex -35.5 56.4101 5.4445
    endloop
  endfacet
  facet normal 0 0.857706 0.51414
    outer loop
      vertex -49.5 56.4101 5.4445
      vertex -35.5 56.5867 5.14989
      vertex -49.5 56.5867 5.14989
    endloop
  endfacet
  facet normal 0 0.0490615 -0.998796
    outer loop
      vertex -49.5 53.5 0
      vertex -35.5 53.8431 0.0168533
      vertex -35.5 53.5 0
    endloop
  endfacet
  facet normal 0 0.0490615 -0.998796
    outer loop
      vertex -35.5 53.8431 0.0168533
      vertex -49.5 53.5 0
      vertex -49.5 53.8431 0.0168533
    endloop
  endfacet
  facet normal -0 0.242974 0.970033
    outer loop
      vertex -49.5 54.516 6.84929
      vertex -35.5 54.1828 6.93275
      vertex -35.5 54.516 6.84929
    endloop
  endfacet
  facet normal 0 0.242974 0.970033
    outer loop
      vertex -35.5 54.1828 6.93275
      vertex -49.5 54.516 6.84929
      vertex -49.5 54.1828 6.93275
    endloop
  endfacet
  facet normal 0 0.903939 -0.427661
    outer loop
      vertex -35.5 56.5867 1.85011
      vertex -49.5 56.7336 2.16061
      vertex -35.5 56.7336 2.16061
    endloop
  endfacet
  facet normal 0 0.903939 -0.427661
    outer loop
      vertex -49.5 56.7336 2.16061
      vertex -35.5 56.5867 1.85011
      vertex -49.5 56.5867 1.85011
    endloop
  endfacet
  facet normal 0 0.146754 -0.989173
    outer loop
      vertex -49.5 53.8431 0.0168533
      vertex -35.5 54.1828 0.0672512
      vertex -35.5 53.8431 0.0168533
    endloop
  endfacet
  facet normal 0 0.146754 -0.989173
    outer loop
      vertex -35.5 54.1828 0.0672512
      vertex -49.5 53.8431 0.0168533
      vertex -49.5 54.1828 0.0672512
    endloop
  endfacet
  facet normal 0 0.671562 -0.740949
    outer loop
      vertex -49.5 55.7204 0.794463
      vertex -35.5 55.9749 1.02513
      vertex -35.5 55.7204 0.794463
    endloop
  endfacet
  facet normal 0 0.671562 -0.740949
    outer loop
      vertex -35.5 55.9749 1.02513
      vertex -49.5 55.7204 0.794463
      vertex -49.5 55.9749 1.02513
    endloop
  endfacet
  facet normal 0 0.989176 -0.146734
    outer loop
      vertex -35.5 56.9327 2.81718
      vertex -49.5 56.9831 3.15694
      vertex -35.5 56.9831 3.15694
    endloop
  endfacet
  facet normal 0 0.989176 -0.146734
    outer loop
      vertex -49.5 56.9831 3.15694
      vertex -35.5 56.9327 2.81718
      vertex -49.5 56.9327 2.81718
    endloop
  endfacet
  facet normal 0 0.970071 -0.242823
    outer loop
      vertex -35.5 56.8493 2.484
      vertex -49.5 56.9327 2.81718
      vertex -35.5 56.9327 2.81718
    endloop
  endfacet
  facet normal 0 0.970071 -0.242823
    outer loop
      vertex -49.5 56.9327 2.81718
      vertex -35.5 56.8493 2.484
      vertex -49.5 56.8493 2.484
    endloop
  endfacet
  facet normal 0 0.989176 0.146734
    outer loop
      vertex -35.5 56.9831 3.84306
      vertex -49.5 56.9327 4.18282
      vertex -35.5 56.9327 4.18282
    endloop
  endfacet
  facet normal 0 0.989176 0.146734
    outer loop
      vertex -49.5 56.9327 4.18282
      vertex -35.5 56.9831 3.84306
      vertex -49.5 56.9831 3.84306
    endloop
  endfacet
  facet normal -0 0.427566 0.903984
    outer loop
      vertex -49.5 55.1499 6.58672
      vertex -35.5 54.8394 6.73358
      vertex -35.5 55.1499 6.58672
    endloop
  endfacet
  facet normal 0 0.427566 0.903984
    outer loop
      vertex -35.5 54.8394 6.73358
      vertex -49.5 55.1499 6.58672
      vertex -49.5 54.8394 6.73358
    endloop
  endfacet
  facet normal -0 0.0490519 0.998796
    outer loop
      vertex -49.5 53.8431 6.98315
      vertex -35.5 53.5 7
      vertex -35.5 53.8431 6.98315
    endloop
  endfacet
  facet normal 0 0.0490519 0.998796
    outer loop
      vertex -35.5 53.5 7
      vertex -49.5 53.8431 6.98315
      vertex -49.5 53.5 7
    endloop
  endfacet
  facet normal 0 0.941554 0.336862
    outer loop
      vertex -35.5 56.8493 4.516
      vertex -49.5 56.7336 4.83939
      vertex -35.5 56.7336 4.83939
    endloop
  endfacet
  facet normal 0 0.941554 0.336862
    outer loop
      vertex -49.5 56.7336 4.83939
      vertex -35.5 56.8493 4.516
      vertex -49.5 56.8493 4.516
    endloop
  endfacet
  facet normal -0 0.14676 0.989172
    outer loop
      vertex -49.5 54.1828 6.93275
      vertex -35.5 53.8431 6.98315
      vertex -35.5 54.1828 6.93275
    endloop
  endfacet
  facet normal 0 0.14676 0.989172
    outer loop
      vertex -35.5 53.8431 6.98315
      vertex -49.5 54.1828 6.93275
      vertex -49.5 53.8431 6.98315
    endloop
  endfacet
  facet normal 0 0.903939 0.427661
    outer loop
      vertex -35.5 56.7336 4.83939
      vertex -49.5 56.5867 5.14989
      vertex -35.5 56.5867 5.14989
    endloop
  endfacet
  facet normal 0 0.903939 0.427661
    outer loop
      vertex -49.5 56.5867 5.14989
      vertex -35.5 56.7336 4.83939
      vertex -49.5 56.7336 4.83939
    endloop
  endfacet
  facet normal 0 0.803217 0.595687
    outer loop
      vertex -35.5 56.4101 5.4445
      vertex -49.5 56.2055 5.72038
      vertex -35.5 56.2055 5.72038
    endloop
  endfacet
  facet normal 0 0.803217 0.595687
    outer loop
      vertex -49.5 56.2055 5.72038
      vertex -35.5 56.4101 5.4445
      vertex -49.5 56.4101 5.4445
    endloop
  endfacet
  facet normal 0 0.741033 -0.671469
    outer loop
      vertex -35.5 55.9749 1.02513
      vertex -49.5 56.2055 1.27962
      vertex -35.5 56.2055 1.27962
    endloop
  endfacet
  facet normal 0 0.741033 -0.671469
    outer loop
      vertex -49.5 56.2055 1.27962
      vertex -35.5 55.9749 1.02513
      vertex -49.5 55.9749 1.02513
    endloop
  endfacet
  facet normal -0 0.671566 0.740944
    outer loop
      vertex -49.5 55.9749 5.97487
      vertex -35.5 55.7204 6.20554
      vertex -35.5 55.9749 5.97487
    endloop
  endfacet
  facet normal 0 0.671566 0.740944
    outer loop
      vertex -35.5 55.7204 6.20554
      vertex -49.5 55.9749 5.97487
      vertex -49.5 55.7204 6.20554
    endloop
  endfacet
  facet normal -1 0 0
    outer loop
      vertex -49.5 55.1 3.5
      vertex -49.5 57 3.5
      vertex -49.5 56.9831 3.15694
    endloop
  endfacet
  facet normal -1 0 0
    outer loop
      vertex -49.5 55.0923 3.34317
      vertex -49.5 56.9831 3.15694
      vertex -49.5 56.9327 2.81718
    endloop
  endfacet
  facet normal -1 0 0
    outer loop
      vertex -49.5 57 3.5
      vertex -49.5 55.1 3.5
      vertex -49.5 56.9831 3.84306
    endloop
  endfacet
  facet normal -1 0 0
    outer loop
      vertex -49.5 55.0693 3.18785
      vertex -49.5 56.9327 2.81718
      vertex -49.5 56.8493 2.484
    endloop
  endfacet
  facet normal -1 0 0
    outer loop
      vertex -49.5 55.0923 3.65683
      vertex -49.5 56.9831 3.84306
      vertex -49.5 55.1 3.5
    endloop
  endfacet
  facet normal -1 0 0
    outer loop
      vertex -49.5 55.0311 3.03554
      vertex -49.5 56.8493 2.484
      vertex -49.5 56.7336 2.16061
    endloop
  endfacet
  facet normal -1 -0 0
    outer loop
      vertex -49.5 56.9831 3.84306
      vertex -49.5 55.0923 3.65683
      vertex -49.5 56.9327 4.18282
    endloop
  endfacet
  facet normal -1 0 0
    outer loop
      vertex -49.5 54.9782 2.88771
      vertex -49.5 56.7336 2.16061
      vertex -49.5 56.5867 1.85011
    endloop
  endfacet
  facet normal -1 0 0
    outer loop
      vertex -49.5 55.0693 3.81214
      vertex -49.5 56.9327 4.18282
      vertex -49.5 55.0923 3.65683
    endloop
  endfacet
  facet normal -1 0 0
    outer loop
      vertex -49.5 54.9111 2.74576
      vertex -49.5 56.5867 1.85011
      vertex -49.5 56.4101 1.5555
    endloop
  endfacet
  facet normal -1 -0 0
    outer loop
      vertex -49.5 56.9327 4.18282
      vertex -49.5 55.0693 3.81214
      vertex -49.5 56.8493 4.516
    endloop
  endfacet
  facet normal -1 0 0
    outer loop
      vertex -49.5 54.8304 2.61109
      vertex -49.5 56.4101 1.5555
      vertex -49.5 56.2055 1.27962
    endloop
  endfacet
  facet normal -1 0 0
    outer loop
      vertex -49.5 55.0311 3.96445
      vertex -49.5 56.8493 4.516
      vertex -49.5 55.0693 3.81214
    endloop
  endfacet
  facet normal -1 0 0
    outer loop
      vertex -49.5 54.7368 2.48497
      vertex -49.5 56.2055 1.27962
      vertex -49.5 55.9749 1.02513
    endloop
  endfacet
  facet normal -1 -0 0
    outer loop
      vertex -49.5 56.8493 4.516
      vertex -49.5 55.0311 3.96445
      vertex -49.5 56.7336 4.83939
    endloop
  endfacet
  facet normal -1 0 0
    outer loop
      vertex -49.5 54.6314 2.36863
      vertex -49.5 55.9749 1.02513
      vertex -49.5 55.7204 0.794463
    endloop
  endfacet
  facet normal -1 0 0
    outer loop
      vertex -49.5 54.9782 4.11229
      vertex -49.5 56.7336 4.83939
      vertex -49.5 55.0311 3.96445
    endloop
  endfacet
  facet normal -1 0 0
    outer loop
      vertex -49.5 54.515 2.26318
      vertex -49.5 55.7204 0.794463
      vertex -49.5 55.4445 0.589856
    endloop
  endfacet
  facet normal -1 -0 0
    outer loop
      vertex -49.5 56.7336 4.83939
      vertex -49.5 54.9782 4.11229
      vertex -49.5 56.5867 5.14989
    endloop
  endfacet
  facet normal -1 0 0
    outer loop
      vertex -49.5 54.3889 2.16965
      vertex -49.5 55.4445 0.589856
      vertex -49.5 55.1499 0.413275
    endloop
  endfacet
  facet normal -1 0 0
    outer loop
      vertex -49.5 54.9111 4.25423
      vertex -49.5 56.5867 5.14989
      vertex -49.5 54.9782 4.11229
    endloop
  endfacet
  facet normal -1 -0 0
    outer loop
      vertex -49.5 56.5867 5.14989
      vertex -49.5 54.9111 4.25423
      vertex -49.5 56.4101 5.4445
    endloop
  endfacet
  facet normal -1 0 0
    outer loop
      vertex -49.5 56.9831 3.15694
      vertex -49.5 55.0923 3.34317
      vertex -49.5 55.1 3.5
    endloop
  endfacet
  facet normal -1 0 0
    outer loop
      vertex -49.5 56.9327 2.81718
      vertex -49.5 55.0693 3.18785
      vertex -49.5 55.0923 3.34317
    endloop
  endfacet
  facet normal -1 0 0
    outer loop
      vertex -49.5 56.8493 2.484
      vertex -49.5 55.0311 3.03554
      vertex -49.5 55.0693 3.18785
    endloop
  endfacet
  facet normal -1 0 0
    outer loop
      vertex -49.5 56.7336 2.16061
      vertex -49.5 54.9782 2.88771
      vertex -49.5 55.0311 3.03554
    endloop
  endfacet
  facet normal -1 0 0
    outer loop
      vertex -49.5 56.5867 1.85011
      vertex -49.5 54.9111 2.74576
      vertex -49.5 54.9782 2.88771
    endloop
  endfacet
  facet normal -1 0 0
    outer loop
      vertex -49.5 54.2542 2.08893
      vertex -49.5 55.1499 0.413275
      vertex -49.5 54.8394 0.266421
    endloop
  endfacet
  facet normal -1 0 0
    outer loop
      vertex -49.5 56.4101 1.5555
      vertex -49.5 54.8304 2.61109
      vertex -49.5 54.9111 2.74576
    endloop
  endfacet
  facet normal -1 0 0
    outer loop
      vertex -49.5 56.2055 1.27962
      vertex -49.5 54.7368 2.48497
      vertex -49.5 54.8304 2.61109
    endloop
  endfacet
  facet normal -1 0 0
    outer loop
      vertex -49.5 55.9749 1.02513
      vertex -49.5 54.6314 2.36863
      vertex -49.5 54.7368 2.48497
    endloop
  endfacet
  facet normal -1 0 0
    outer loop
      vertex -49.5 54.1123 2.02179
      vertex -49.5 54.8394 0.266421
      vertex -49.5 54.516 0.150708
    endloop
  endfacet
  facet normal -1 0 0
    outer loop
      vertex -49.5 55.7204 0.794463
      vertex -49.5 54.515 2.26318
      vertex -49.5 54.6314 2.36863
    endloop
  endfacet
  facet normal -1 0 0
    outer loop
      vertex -49.5 55.4445 0.589856
      vertex -49.5 54.3889 2.16965
      vertex -49.5 54.515 2.26318
    endloop
  endfacet
  facet normal -1 0 0
    outer loop
      vertex -49.5 55.1499 0.413275
      vertex -49.5 54.2542 2.08893
      vertex -49.5 54.3889 2.16965
    endloop
  endfacet
  facet normal -1 0 0
    outer loop
      vertex -49.5 53.9645 1.96889
      vertex -49.5 54.516 0.150708
      vertex -49.5 54.1828 0.0672512
    endloop
  endfacet
  facet normal -1 0 0
    outer loop
      vertex -49.5 54.8394 0.266421
      vertex -49.5 54.1123 2.02179
      vertex -49.5 54.2542 2.08893
    endloop
  endfacet
  facet normal -1 0 0
    outer loop
      vertex -49.5 54.516 0.150708
      vertex -49.5 53.9645 1.96889
      vertex -49.5 54.1123 2.02179
    endloop
  endfacet
  facet normal -1 0 0
    outer loop
      vertex -49.5 53.8121 1.93074
      vertex -49.5 54.1828 0.0672512
      vertex -49.5 53.8431 0.0168533
    endloop
  endfacet
  facet normal -1 0 0
    outer loop
      vertex -49.5 54.1828 0.0672512
      vertex -49.5 53.8121 1.93074
      vertex -49.5 53.9645 1.96889
    endloop
  endfacet
  facet normal -1 0 0
    outer loop
      vertex -49.5 53.8431 0.0168533
      vertex -49.5 53.6568 1.9077
      vertex -49.5 53.8121 1.93074
    endloop
  endfacet
  facet normal -1 0 0
    outer loop
      vertex -49.5 53.5 0
      vertex -49.5 53.6568 1.9077
      vertex -49.5 53.8431 0.0168533
    endloop
  endfacet
  facet normal -1 0 0
    outer loop
      vertex -49.5 53.5 0
      vertex -49.5 53.5 1.9
      vertex -49.5 53.6568 1.9077
    endloop
  endfacet
  facet normal -1 0 0
    outer loop
      vertex -49.5 53.5 0
      vertex -49.5 53.3432 1.9077
      vertex -49.5 53.5 1.9
    endloop
  endfacet
  facet normal -1 0 0
    outer loop
      vertex -49.5 53.5 0
      vertex -49.5 53.1879 1.93074
      vertex -49.5 53.3432 1.9077
    endloop
  endfacet
  facet normal -1 0 0
    outer loop
      vertex -49.5 53.5 0
      vertex -49.5 53.0355 1.96889
      vertex -49.5 53.1879 1.93074
    endloop
  endfacet
  facet normal -1 0 0
    outer loop
      vertex -49.5 53.5 0
      vertex -49.5 52.8877 2.02179
      vertex -49.5 53.0355 1.96889
    endloop
  endfacet
  facet normal -1 0 0
    outer loop
      vertex -49.5 53.5 0
      vertex -49.5 52.7458 2.08893
      vertex -49.5 52.8877 2.02179
    endloop
  endfacet
  facet normal -1 0 0
    outer loop
      vertex -49.5 53.5 0
      vertex -49.5 52.6111 2.16965
      vertex -49.5 52.7458 2.08893
    endloop
  endfacet
  facet normal -1 0 0
    outer loop
      vertex -49.5 53.5 0
      vertex -49.5 52.485 2.26318
      vertex -49.5 52.6111 2.16965
    endloop
  endfacet
  facet normal -1 0 0
    outer loop
      vertex -49.5 53.5 0
      vertex -49.5 52.3686 2.36863
      vertex -49.5 52.485 2.26318
    endloop
  endfacet
  facet normal -1 0 0
    outer loop
      vertex -49.5 53.5 0
      vertex -49.5 52.2632 2.48497
      vertex -49.5 52.3686 2.36863
    endloop
  endfacet
  facet normal -1 0 0
    outer loop
      vertex -49.5 43.05 0.11144
      vertex -49.5 52.2632 2.48497
      vertex -49.5 53.5 0
    endloop
  endfacet
  facet normal -1 -0 0
    outer loop
      vertex -49.5 52.2632 2.48497
      vertex -49.5 43.05 0.11144
      vertex -49.5 52.1696 2.61109
    endloop
  endfacet
  facet normal -1 0 0
    outer loop
      vertex -49.5 51.9077 3.34317
      vertex -49.5 48.2398 5.5
      vertex -49.5 51.9 3.5
    endloop
  endfacet
  facet normal -1 0 0
    outer loop
      vertex -49.5 51.9307 3.18785
      vertex -49.5 48.2398 5.5
      vertex -49.5 51.9077 3.34317
    endloop
  endfacet
  facet normal -1 0 0
    outer loop
      vertex -49.5 51.9689 3.03554
      vertex -49.5 48.2398 5.5
      vertex -49.5 51.9307 3.18785
    endloop
  endfacet
  facet normal -1 0 0
    outer loop
      vertex -49.5 52.0218 2.88771
      vertex -49.5 48.2398 5.5
      vertex -49.5 51.9689 3.03554
    endloop
  endfacet
  facet normal -1 0 0
    outer loop
      vertex -49.5 52.0889 2.74576
      vertex -49.5 48.2398 5.5
      vertex -49.5 52.0218 2.88771
    endloop
  endfacet
  facet normal -1 -0 0
    outer loop
      vertex -49.5 52.1696 2.61109
      vertex -49.5 43.05 0.11144
      vertex -49.5 52.0889 2.74576
    endloop
  endfacet
  facet normal -1 -0 0
    outer loop
      vertex -49.5 52.0889 2.74576
      vertex -49.5 43.05 0.11144
      vertex -49.5 48.2398 5.5
    endloop
  endfacet
  facet normal -1 0 0
    outer loop
      vertex -49.5 43.05 4.91146
      vertex -49.5 44.5103 5.5
      vertex -49.5 43.05 0.11144
    endloop
  endfacet
  facet normal -1 -0 0
    outer loop
      vertex -49.5 48.2398 5.5
      vertex -49.5 43.05 0.11144
      vertex -49.5 44.5103 5.5
    endloop
  endfacet
  facet normal -1 0 0
    outer loop
      vertex -49.5 53.5 0
      vertex -49.5 43.0225 0.104742
      vertex -49.5 43.05 0.11144
    endloop
  endfacet
  facet normal -1 0 0
    outer loop
      vertex -49.5 53.5 0
      vertex -49.5 42.9946 0.0979516
      vertex -49.5 43.0225 0.104742
    endloop
  endfacet
  facet normal -1 0 0
    outer loop
      vertex -49.5 53.5 0
      vertex -49.5 42.9694 0.0942614
      vertex -49.5 42.9946 0.0979516
    endloop
  endfacet
  facet normal -1 0 0
    outer loop
      vertex -49.5 53.5 0
      vertex -49.5 42.4925 0.0241949
      vertex -49.5 42.9694 0.0942614
    endloop
  endfacet
  facet normal -1 0 0
    outer loop
      vertex -49.5 53.5 0
      vertex -49.5 42.4862 0.0238867
      vertex -49.5 42.4925 0.0241949
    endloop
  endfacet
  facet normal -1 0 -0
    outer loop
      vertex -49.5 42.4862 0.0238867
      vertex -49.5 53.5 0
      vertex -49.5 42 0
    endloop
  endfacet
  facet normal -1 0 0
    outer loop
      vertex -49.5 54.8304 4.38891
      vertex -49.5 56.4101 5.4445
      vertex -49.5 54.9111 4.25423
    endloop
  endfacet
  facet normal -1 -0 0
    outer loop
      vertex -49.5 56.4101 5.4445
      vertex -49.5 54.8304 4.38891
      vertex -49.5 56.2055 5.72038
    endloop
  endfacet
  facet normal -1 0 0
    outer loop
      vertex -49.5 54.7368 4.51503
      vertex -49.5 56.2055 5.72038
      vertex -49.5 54.8304 4.38891
    endloop
  endfacet
  facet normal -1 -0 0
    outer loop
      vertex -49.5 56.2055 5.72038
      vertex -49.5 54.7368 4.51503
      vertex -49.5 55.9749 5.97487
    endloop
  endfacet
  facet normal -1 0 0
    outer loop
      vertex -49.5 54.6314 4.63137
      vertex -49.5 55.9749 5.97487
      vertex -49.5 54.7368 4.51503
    endloop
  endfacet
  facet normal -1 -0 0
    outer loop
      vertex -49.5 55.9749 5.97487
      vertex -49.5 54.6314 4.63137
      vertex -49.5 55.7204 6.20554
    endloop
  endfacet
  facet normal -1 0 0
    outer loop
      vertex -49.5 54.515 4.73682
      vertex -49.5 55.7204 6.20554
      vertex -49.5 54.6314 4.63137
    endloop
  endfacet
  facet normal -1 -0 0
    outer loop
      vertex -49.5 55.7204 6.20554
      vertex -49.5 54.515 4.73682
      vertex -49.5 55.4445 6.41014
    endloop
  endfacet
  facet normal -1 0 0
    outer loop
      vertex -49.5 54.3889 4.83035
      vertex -49.5 55.4445 6.41014
      vertex -49.5 54.515 4.73682
    endloop
  endfacet
  facet normal -1 -0 0
    outer loop
      vertex -49.5 55.4445 6.41014
      vertex -49.5 54.3889 4.83035
      vertex -49.5 55.1499 6.58672
    endloop
  endfacet
  facet normal -1 0 0
    outer loop
      vertex -49.5 54.2542 4.91107
      vertex -49.5 55.1499 6.58672
      vertex -49.5 54.3889 4.83035
    endloop
  endfacet
  facet normal -1 -0 0
    outer loop
      vertex -49.5 55.1499 6.58672
      vertex -49.5 54.2542 4.91107
      vertex -49.5 54.8394 6.73358
    endloop
  endfacet
  facet normal -1 0 0
    outer loop
      vertex -49.5 54.1123 4.97821
      vertex -49.5 54.8394 6.73358
      vertex -49.5 54.2542 4.91107
    endloop
  endfacet
  facet normal -1 -0 0
    outer loop
      vertex -49.5 54.8394 6.73358
      vertex -49.5 54.1123 4.97821
      vertex -49.5 54.516 6.84929
    endloop
  endfacet
  facet normal -1 0 0
    outer loop
      vertex -49.5 53.9645 5.0311
      vertex -49.5 54.516 6.84929
      vertex -49.5 54.1123 4.97821
    endloop
  endfacet
  facet normal -1 -0 0
    outer loop
      vertex -49.5 54.516 6.84929
      vertex -49.5 53.9645 5.0311
      vertex -49.5 54.1828 6.93275
    endloop
  endfacet
  facet normal -1 0 0
    outer loop
      vertex -49.5 53.8121 5.06926
      vertex -49.5 54.1828 6.93275
      vertex -49.5 53.9645 5.0311
    endloop
  endfacet
  facet normal -1 -0 0
    outer loop
      vertex -49.5 54.1828 6.93275
      vertex -49.5 53.8121 5.06926
      vertex -49.5 53.8431 6.98315
    endloop
  endfacet
  facet normal -1 0 0
    outer loop
      vertex -49.5 53.6568 5.09229
      vertex -49.5 53.8431 6.98315
      vertex -49.5 53.8121 5.06926
    endloop
  endfacet
  facet normal -1 0 0
    outer loop
      vertex -49.5 53.5 5.1
      vertex -49.5 53.8431 6.98315
      vertex -49.5 53.6568 5.09229
    endloop
  endfacet
  facet normal -1 0 0
    outer loop
      vertex -49.5 53.5 5.1
      vertex -49.5 53.5 7
      vertex -49.5 53.8431 6.98315
    endloop
  endfacet
  facet normal -1 0 0
    outer loop
      vertex -49.5 53.3432 5.09229
      vertex -49.5 53.5 7
      vertex -49.5 53.5 5.1
    endloop
  endfacet
  facet normal -1 0 0
    outer loop
      vertex -49.5 53.1879 5.06926
      vertex -49.5 53.5 7
      vertex -49.5 53.3432 5.09229
    endloop
  endfacet
  facet normal -1 0 0
    outer loop
      vertex -49.5 53.0355 5.0311
      vertex -49.5 53.5 7
      vertex -49.5 53.1879 5.06926
    endloop
  endfacet
  facet normal -1 0 0
    outer loop
      vertex -49.5 52.8877 4.97821
      vertex -49.5 53.5 7
      vertex -49.5 53.0355 5.0311
    endloop
  endfacet
  facet normal -1 0 0
    outer loop
      vertex -49.5 52.7458 4.91107
      vertex -49.5 53.5 7
      vertex -49.5 52.8877 4.97821
    endloop
  endfacet
  facet normal -1 0 0
    outer loop
      vertex -49.5 52.6111 4.83035
      vertex -49.5 53.5 7
      vertex -49.5 52.7458 4.91107
    endloop
  endfacet
  facet normal -1 0 0
    outer loop
      vertex -49.5 52.485 4.73682
      vertex -49.5 53.5 7
      vertex -49.5 52.6111 4.83035
    endloop
  endfacet
  facet normal -1 0 0
    outer loop
      vertex -49.5 48.2398 7
      vertex -49.5 52.485 4.73682
      vertex -49.5 52.3686 4.63137
    endloop
  endfacet
  facet normal -1 0 0
    outer loop
      vertex -49.5 48.2398 5.5
      vertex -49.5 52.3686 4.63137
      vertex -49.5 52.2632 4.51503
    endloop
  endfacet
  facet normal -1 0 0
    outer loop
      vertex -49.5 48.2398 5.5
      vertex -49.5 52.2632 4.51503
      vertex -49.5 52.1696 4.38891
    endloop
  endfacet
  facet normal -1 0 0
    outer loop
      vertex -49.5 48.2398 5.5
      vertex -49.5 52.1696 4.38891
      vertex -49.5 52.0889 4.25423
    endloop
  endfacet
  facet normal -1 0 0
    outer loop
      vertex -49.5 48.2398 5.5
      vertex -49.5 51.9077 3.65683
      vertex -49.5 51.9 3.5
    endloop
  endfacet
  facet normal -1 0 0
    outer loop
      vertex -49.5 48.2398 5.5
      vertex -49.5 51.9307 3.81214
      vertex -49.5 51.9077 3.65683
    endloop
  endfacet
  facet normal -1 0 0
    outer loop
      vertex -49.5 48.2398 5.5
      vertex -49.5 51.9689 3.96445
      vertex -49.5 51.9307 3.81214
    endloop
  endfacet
  facet normal -1 0 0
    outer loop
      vertex -49.5 48.2398 5.5
      vertex -49.5 52.0218 4.11229
      vertex -49.5 51.9689 3.96445
    endloop
  endfacet
  facet normal -1 0 0
    outer loop
      vertex -49.5 48.2398 5.5
      vertex -49.5 52.0889 4.25423
      vertex -49.5 52.0218 4.11229
    endloop
  endfacet
  facet normal -1 0 0
    outer loop
      vertex -49.5 52.3686 4.63137
      vertex -49.5 48.2398 5.5
      vertex -49.5 48.2398 7
    endloop
  endfacet
  facet normal -1 0 0
    outer loop
      vertex -49.5 52.485 4.73682
      vertex -49.5 48.2398 7
      vertex -49.5 53.5 7
    endloop
  endfacet
  facet normal -1 -0 0
    outer loop
      vertex -49.5 44.5103 5.5
      vertex -49.5 43.05 4.91146
      vertex -49.5 44.5103 7
    endloop
  endfacet
  facet normal -1 0 0
    outer loop
      vertex -49.5 43.0371 4.90833
      vertex -49.5 44.5103 7
      vertex -49.5 43.05 4.91146
    endloop
  endfacet
  facet normal -1 0 0
    outer loop
      vertex -49.5 42.9945 4.89797
      vertex -49.5 44.5103 7
      vertex -49.5 43.0371 4.90833
    endloop
  endfacet
  facet normal -1 0 0
    outer loop
      vertex -49.5 42.541 4.83134
      vertex -49.5 44.5103 7
      vertex -49.5 42.9945 4.89797
    endloop
  endfacet
  facet normal -1 0 0
    outer loop
      vertex -49.5 42.4431 4.82179
      vertex -49.5 42.541 4.83134
      vertex -49.5 42.4924 4.82421
    endloop
  endfacet
  facet normal -1 -0 0
    outer loop
      vertex -49.5 42.541 4.83134
      vertex -49.5 42.4431 4.82179
      vertex -49.5 44.5103 7
    endloop
  endfacet
  facet normal -1 0 0
    outer loop
      vertex -49.5 42 4.80001
      vertex -49.5 44.5103 7
      vertex -49.5 42.4431 4.82179
    endloop
  endfacet
  facet normal -1 0 0
    outer loop
      vertex -49.5 39 7
      vertex -49.5 42 4.80001
      vertex -49.5 39 4.80001
    endloop
  endfacet
  facet normal -1 0 0
    outer loop
      vertex -49.5 42 4.80001
      vertex -49.5 39 7
      vertex -49.5 44.5103 7
    endloop
  endfacet
  facet normal -0 0.336879 0.941548
    outer loop
      vertex -49.5 54.8394 6.73358
      vertex -35.5 54.516 6.84929
      vertex -35.5 54.8394 6.73358
    endloop
  endfacet
  facet normal 0 0.336879 0.941548
    outer loop
      vertex -35.5 54.516 6.84929
      vertex -49.5 54.8394 6.73358
      vertex -49.5 54.516 6.84929
    endloop
  endfacet
  facet normal 1 0 0
    outer loop
      vertex -35.5 47.6 7
      vertex -35.5 43.05 2.4
      vertex -35.5 47.6 5.5
    endloop
  endfacet
  facet normal 1 -0 0
    outer loop
      vertex -35.5 39 7
      vertex -35.5 43.05 2.4
      vertex -35.5 47.6 7
    endloop
  endfacet
  facet normal 1 0 0
    outer loop
      vertex -35.5 43.05 2.4
      vertex -35.5 39 7
      vertex -35.5 39 2.4
    endloop
  endfacet
  facet normal 1 0 0
    outer loop
      vertex -35.5 55.1 3.5
      vertex -35.5 57 3.5
      vertex -35.5 56.9831 3.84306
    endloop
  endfacet
  facet normal 1 0 0
    outer loop
      vertex -35.5 55.0923 3.65683
      vertex -35.5 56.9831 3.84306
      vertex -35.5 56.9327 4.18282
    endloop
  endfacet
  facet normal 1 0 0
    outer loop
      vertex -35.5 57 3.5
      vertex -35.5 55.1 3.5
      vertex -35.5 56.9831 3.15694
    endloop
  endfacet
  facet normal 1 0 0
    outer loop
      vertex -35.5 55.0693 3.81214
      vertex -35.5 56.9327 4.18282
      vertex -35.5 56.8493 4.516
    endloop
  endfacet
  facet normal 1 -0 0
    outer loop
      vertex -35.5 55.0923 3.34317
      vertex -35.5 56.9831 3.15694
      vertex -35.5 55.1 3.5
    endloop
  endfacet
  facet normal 1 0 0
    outer loop
      vertex -35.5 55.0311 3.96445
      vertex -35.5 56.8493 4.516
      vertex -35.5 56.7336 4.83939
    endloop
  endfacet
  facet normal 1 0 0
    outer loop
      vertex -35.5 56.9831 3.15694
      vertex -35.5 55.0923 3.34317
      vertex -35.5 56.9327 2.81718
    endloop
  endfacet
  facet normal 1 0 0
    outer loop
      vertex -35.5 54.9782 4.11229
      vertex -35.5 56.7336 4.83939
      vertex -35.5 56.5867 5.14989
    endloop
  endfacet
  facet normal 1 -0 0
    outer loop
      vertex -35.5 55.0693 3.18785
      vertex -35.5 56.9327 2.81718
      vertex -35.5 55.0923 3.34317
    endloop
  endfacet
  facet normal 1 0 0
    outer loop
      vertex -35.5 54.9111 4.25423
      vertex -35.5 56.5867 5.14989
      vertex -35.5 56.4101 5.4445
    endloop
  endfacet
  facet normal 1 0 0
    outer loop
      vertex -35.5 56.9327 2.81718
      vertex -35.5 55.0693 3.18785
      vertex -35.5 56.8493 2.484
    endloop
  endfacet
  facet normal 1 0 0
    outer loop
      vertex -35.5 54.8304 4.38891
      vertex -35.5 56.4101 5.4445
      vertex -35.5 56.2055 5.72038
    endloop
  endfacet
  facet normal 1 -0 0
    outer loop
      vertex -35.5 55.0311 3.03554
      vertex -35.5 56.8493 2.484
      vertex -35.5 55.0693 3.18785
    endloop
  endfacet
  facet normal 1 0 0
    outer loop
      vertex -35.5 54.7368 4.51503
      vertex -35.5 56.2055 5.72038
      vertex -35.5 55.9749 5.97487
    endloop
  endfacet
  facet normal 1 0 0
    outer loop
      vertex -35.5 56.8493 2.484
      vertex -35.5 55.0311 3.03554
      vertex -35.5 56.7336 2.16061
    endloop
  endfacet
  facet normal 1 0 0
    outer loop
      vertex -35.5 54.6314 4.63137
      vertex -35.5 55.9749 5.97487
      vertex -35.5 55.7204 6.20554
    endloop
  endfacet
  facet normal 1 -0 0
    outer loop
      vertex -35.5 54.9782 2.88771
      vertex -35.5 56.7336 2.16061
      vertex -35.5 55.0311 3.03554
    endloop
  endfacet
  facet normal 1 0 0
    outer loop
      vertex -35.5 54.515 4.73682
      vertex -35.5 55.7204 6.20554
      vertex -35.5 55.4445 6.41014
    endloop
  endfacet
  facet normal 1 0 0
    outer loop
      vertex -35.5 56.7336 2.16061
      vertex -35.5 54.9782 2.88771
      vertex -35.5 56.5867 1.85011
    endloop
  endfacet
  facet normal 1 0 0
    outer loop
      vertex -35.5 54.3889 4.83035
      vertex -35.5 55.4445 6.41014
      vertex -35.5 55.1499 6.58672
    endloop
  endfacet
  facet normal 1 -0 0
    outer loop
      vertex -35.5 54.9111 2.74576
      vertex -35.5 56.5867 1.85011
      vertex -35.5 54.9782 2.88771
    endloop
  endfacet
  facet normal 1 0 0
    outer loop
      vertex -35.5 56.5867 1.85011
      vertex -35.5 54.9111 2.74576
      vertex -35.5 56.4101 1.5555
    endloop
  endfacet
  facet normal 1 0 0
    outer loop
      vertex -35.5 56.9831 3.84306
      vertex -35.5 55.0923 3.65683
      vertex -35.5 55.1 3.5
    endloop
  endfacet
  facet normal 1 0 0
    outer loop
      vertex -35.5 56.9327 4.18282
      vertex -35.5 55.0693 3.81214
      vertex -35.5 55.0923 3.65683
    endloop
  endfacet
  facet normal 1 0 0
    outer loop
      vertex -35.5 56.8493 4.516
      vertex -35.5 55.0311 3.96445
      vertex -35.5 55.0693 3.81214
    endloop
  endfacet
  facet normal 1 0 0
    outer loop
      vertex -35.5 56.7336 4.83939
      vertex -35.5 54.9782 4.11229
      vertex -35.5 55.0311 3.96445
    endloop
  endfacet
  facet normal 1 0 0
    outer loop
      vertex -35.5 56.5867 5.14989
      vertex -35.5 54.9111 4.25423
      vertex -35.5 54.9782 4.11229
    endloop
  endfacet
  facet normal 1 0 0
    outer loop
      vertex -35.5 54.2542 4.91107
      vertex -35.5 55.1499 6.58672
      vertex -35.5 54.8394 6.73358
    endloop
  endfacet
  facet normal 1 0 0
    outer loop
      vertex -35.5 56.4101 5.4445
      vertex -35.5 54.8304 4.38891
      vertex -35.5 54.9111 4.25423
    endloop
  endfacet
  facet normal 1 0 0
    outer loop
      vertex -35.5 56.2055 5.72038
      vertex -35.5 54.7368 4.51503
      vertex -35.5 54.8304 4.38891
    endloop
  endfacet
  facet normal 1 0 0
    outer loop
      vertex -35.5 55.9749 5.97487
      vertex -35.5 54.6314 4.63137
      vertex -35.5 54.7368 4.51503
    endloop
  endfacet
  facet normal 1 0 0
    outer loop
      vertex -35.5 54.1123 4.97821
      vertex -35.5 54.8394 6.73358
      vertex -35.5 54.516 6.84929
    endloop
  endfacet
  facet normal 1 0 0
    outer loop
      vertex -35.5 55.7204 6.20554
      vertex -35.5 54.515 4.73682
      vertex -35.5 54.6314 4.63137
    endloop
  endfacet
  facet normal 1 0 0
    outer loop
      vertex -35.5 55.4445 6.41014
      vertex -35.5 54.3889 4.83035
      vertex -35.5 54.515 4.73682
    endloop
  endfacet
  facet normal 1 0 0
    outer loop
      vertex -35.5 55.1499 6.58672
      vertex -35.5 54.2542 4.91107
      vertex -35.5 54.3889 4.83035
    endloop
  endfacet
  facet normal 1 0 0
    outer loop
      vertex -35.5 53.9645 5.0311
      vertex -35.5 54.516 6.84929
      vertex -35.5 54.1828 6.93275
    endloop
  endfacet
  facet normal 1 0 0
    outer loop
      vertex -35.5 54.8394 6.73358
      vertex -35.5 54.1123 4.97821
      vertex -35.5 54.2542 4.91107
    endloop
  endfacet
  facet normal 1 0 0
    outer loop
      vertex -35.5 54.516 6.84929
      vertex -35.5 53.9645 5.0311
      vertex -35.5 54.1123 4.97821
    endloop
  endfacet
  facet normal 1 0 0
    outer loop
      vertex -35.5 53.8121 5.06926
      vertex -35.5 54.1828 6.93275
      vertex -35.5 53.8431 6.98315
    endloop
  endfacet
  facet normal 1 0 0
    outer loop
      vertex -35.5 54.1828 6.93275
      vertex -35.5 53.8121 5.06926
      vertex -35.5 53.9645 5.0311
    endloop
  endfacet
  facet normal 1 0 0
    outer loop
      vertex -35.5 53.8431 6.98315
      vertex -35.5 53.6568 5.09229
      vertex -35.5 53.8121 5.06926
    endloop
  endfacet
  facet normal 1 0 0
    outer loop
      vertex -35.5 53.5 7
      vertex -35.5 53.6568 5.09229
      vertex -35.5 53.8431 6.98315
    endloop
  endfacet
  facet normal 1 0 0
    outer loop
      vertex -35.5 53.5 7
      vertex -35.5 53.5 5.1
      vertex -35.5 53.6568 5.09229
    endloop
  endfacet
  facet normal 1 0 0
    outer loop
      vertex -35.5 53.5 7
      vertex -35.5 53.3432 5.09229
      vertex -35.5 53.5 5.1
    endloop
  endfacet
  facet normal 1 0 0
    outer loop
      vertex -35.5 53.5 7
      vertex -35.5 53.1879 5.06926
      vertex -35.5 53.3432 5.09229
    endloop
  endfacet
  facet normal 1 0 0
    outer loop
      vertex -35.5 53.5 7
      vertex -35.5 53.0355 5.0311
      vertex -35.5 53.1879 5.06926
    endloop
  endfacet
  facet normal 1 0 0
    outer loop
      vertex -35.5 53.5 7
      vertex -35.5 52.8877 4.97821
      vertex -35.5 53.0355 5.0311
    endloop
  endfacet
  facet normal 1 0 0
    outer loop
      vertex -35.5 53.5 7
      vertex -35.5 52.7458 4.91107
      vertex -35.5 52.8877 4.97821
    endloop
  endfacet
  facet normal 1 0 0
    outer loop
      vertex -35.5 53.5 7
      vertex -35.5 52.6111 4.83035
      vertex -35.5 52.7458 4.91107
    endloop
  endfacet
  facet normal 1 -0 0
    outer loop
      vertex -35.5 50 7
      vertex -35.5 52.6111 4.83035
      vertex -35.5 53.5 7
    endloop
  endfacet
  facet normal 1 -0 0
    outer loop
      vertex -35.5 50 5.5
      vertex -35.5 52.6111 4.83035
      vertex -35.5 50 7
    endloop
  endfacet
  facet normal 1 0 0
    outer loop
      vertex -35.5 52.6111 4.83035
      vertex -35.5 50 5.5
      vertex -35.5 52.485 4.73682
    endloop
  endfacet
  facet normal 1 0 0
    outer loop
      vertex -35.5 52.485 4.73682
      vertex -35.5 50 5.5
      vertex -35.5 52.3686 4.63137
    endloop
  endfacet
  facet normal 1 0 0
    outer loop
      vertex -35.5 52.2632 4.51503
      vertex -35.5 50 5.5
      vertex -35.5 52.1696 4.38891
    endloop
  endfacet
  facet normal 1 0 0
    outer loop
      vertex -35.5 51.9307 3.81214
      vertex -35.5 50 5.5
      vertex -35.5 51.9077 3.65683
    endloop
  endfacet
  facet normal 1 0 0
    outer loop
      vertex -35.5 51.9689 3.96445
      vertex -35.5 50 5.5
      vertex -35.5 51.9307 3.81214
    endloop
  endfacet
  facet normal 1 0 0
    outer loop
      vertex -35.5 52.0218 4.11229
      vertex -35.5 50 5.5
      vertex -35.5 51.9689 3.96445
    endloop
  endfacet
  facet normal 1 0 0
    outer loop
      vertex -35.5 52.0889 4.25423
      vertex -35.5 50 5.5
      vertex -35.5 52.0218 4.11229
    endloop
  endfacet
  facet normal 1 0 0
    outer loop
      vertex -35.5 52.1696 4.38891
      vertex -35.5 50 5.5
      vertex -35.5 52.0889 4.25423
    endloop
  endfacet
  facet normal 1 0 0
    outer loop
      vertex -35.5 52.3686 4.63137
      vertex -35.5 50 5.5
      vertex -35.5 52.2632 4.51503
    endloop
  endfacet
  facet normal 1 -0 0
    outer loop
      vertex -35.5 54.8304 2.61109
      vertex -35.5 56.4101 1.5555
      vertex -35.5 54.9111 2.74576
    endloop
  endfacet
  facet normal 1 0 0
    outer loop
      vertex -35.5 56.4101 1.5555
      vertex -35.5 54.8304 2.61109
      vertex -35.5 56.2055 1.27962
    endloop
  endfacet
  facet normal 1 -0 0
    outer loop
      vertex -35.5 54.7368 2.48497
      vertex -35.5 56.2055 1.27962
      vertex -35.5 54.8304 2.61109
    endloop
  endfacet
  facet normal 1 0 0
    outer loop
      vertex -35.5 56.2055 1.27962
      vertex -35.5 54.7368 2.48497
      vertex -35.5 55.9749 1.02513
    endloop
  endfacet
  facet normal 1 -0 0
    outer loop
      vertex -35.5 54.6314 2.36863
      vertex -35.5 55.9749 1.02513
      vertex -35.5 54.7368 2.48497
    endloop
  endfacet
  facet normal 1 0 0
    outer loop
      vertex -35.5 55.9749 1.02513
      vertex -35.5 54.6314 2.36863
      vertex -35.5 55.7204 0.794463
    endloop
  endfacet
  facet normal 1 -0 0
    outer loop
      vertex -35.5 54.515 2.26318
      vertex -35.5 55.7204 0.794463
      vertex -35.5 54.6314 2.36863
    endloop
  endfacet
  facet normal 1 0 0
    outer loop
      vertex -35.5 55.7204 0.794463
      vertex -35.5 54.515 2.26318
      vertex -35.5 55.4445 0.589856
    endloop
  endfacet
  facet normal 1 -0 0
    outer loop
      vertex -35.5 54.3889 2.16965
      vertex -35.5 55.4445 0.589856
      vertex -35.5 54.515 2.26318
    endloop
  endfacet
  facet normal 1 0 0
    outer loop
      vertex -35.5 55.4445 0.589856
      vertex -35.5 54.3889 2.16965
      vertex -35.5 55.1499 0.413275
    endloop
  endfacet
  facet normal 1 -0 0
    outer loop
      vertex -35.5 54.2542 2.08893
      vertex -35.5 55.1499 0.413275
      vertex -35.5 54.3889 2.16965
    endloop
  endfacet
  facet normal 1 0 0
    outer loop
      vertex -35.5 55.1499 0.413275
      vertex -35.5 54.2542 2.08893
      vertex -35.5 54.8394 0.266421
    endloop
  endfacet
  facet normal 1 -0 0
    outer loop
      vertex -35.5 54.1123 2.02179
      vertex -35.5 54.8394 0.266421
      vertex -35.5 54.2542 2.08893
    endloop
  endfacet
  facet normal 1 0 0
    outer loop
      vertex -35.5 54.8394 0.266421
      vertex -35.5 54.1123 2.02179
      vertex -35.5 54.516 0.150708
    endloop
  endfacet
  facet normal 1 -0 0
    outer loop
      vertex -35.5 53.9645 1.96889
      vertex -35.5 54.516 0.150708
      vertex -35.5 54.1123 2.02179
    endloop
  endfacet
  facet normal 1 0 0
    outer loop
      vertex -35.5 54.516 0.150708
      vertex -35.5 53.9645 1.96889
      vertex -35.5 54.1828 0.0672512
    endloop
  endfacet
  facet normal 1 -0 0
    outer loop
      vertex -35.5 53.8121 1.93074
      vertex -35.5 54.1828 0.0672512
      vertex -35.5 53.9645 1.96889
    endloop
  endfacet
  facet normal 1 0 0
    outer loop
      vertex -35.5 54.1828 0.0672512
      vertex -35.5 53.8121 1.93074
      vertex -35.5 53.8431 0.0168533
    endloop
  endfacet
  facet normal 1 -0 0
    outer loop
      vertex -35.5 53.6568 1.9077
      vertex -35.5 53.8431 0.0168533
      vertex -35.5 53.8121 1.93074
    endloop
  endfacet
  facet normal 1 -0 0
    outer loop
      vertex -35.5 53.5 1.9
      vertex -35.5 53.8431 0.0168533
      vertex -35.5 53.6568 1.9077
    endloop
  endfacet
  facet normal 1 0 0
    outer loop
      vertex -35.5 53.5 1.9
      vertex -35.5 53.5 0
      vertex -35.5 53.8431 0.0168533
    endloop
  endfacet
  facet normal 1 0 0
    outer loop
      vertex -35.5 53.3432 1.9077
      vertex -35.5 53.5 0
      vertex -35.5 53.5 1.9
    endloop
  endfacet
  facet normal 1 0 0
    outer loop
      vertex -35.5 53.1879 1.93074
      vertex -35.5 53.5 0
      vertex -35.5 53.3432 1.9077
    endloop
  endfacet
  facet normal 1 0 0
    outer loop
      vertex -35.5 53.0355 1.96889
      vertex -35.5 53.5 0
      vertex -35.5 53.1879 1.93074
    endloop
  endfacet
  facet normal 1 0 0
    outer loop
      vertex -35.5 52.8877 2.02179
      vertex -35.5 53.5 0
      vertex -35.5 53.0355 1.96889
    endloop
  endfacet
  facet normal 1 0 0
    outer loop
      vertex -35.5 52.7458 2.08893
      vertex -35.5 53.5 0
      vertex -35.5 52.8877 2.02179
    endloop
  endfacet
  facet normal 1 0 0
    outer loop
      vertex -35.5 52.6111 2.16965
      vertex -35.5 53.5 0
      vertex -35.5 52.7458 2.08893
    endloop
  endfacet
  facet normal 1 0 0
    outer loop
      vertex -35.5 52.485 2.26318
      vertex -35.5 53.5 0
      vertex -35.5 52.6111 2.16965
    endloop
  endfacet
  facet normal 1 0 0
    outer loop
      vertex -35.5 52.3686 2.36863
      vertex -35.5 53.5 0
      vertex -35.5 52.485 2.26318
    endloop
  endfacet
  facet normal 1 0 0
    outer loop
      vertex -35.5 52.2632 2.48497
      vertex -35.5 53.5 0
      vertex -35.5 52.3686 2.36863
    endloop
  endfacet
  facet normal 1 0 0
    outer loop
      vertex -35.5 43.05 0
      vertex -35.5 52.2632 2.48497
      vertex -35.5 52.1696 2.61109
    endloop
  endfacet
  facet normal 1 0 0
    outer loop
      vertex -35.5 43.05 0
      vertex -35.5 52.1696 2.61109
      vertex -35.5 52.0889 2.74576
    endloop
  endfacet
  facet normal 1 0 0
    outer loop
      vertex -35.5 51.9077 3.65683
      vertex -35.5 50 5.5
      vertex -35.5 51.9 3.5
    endloop
  endfacet
  facet normal 1 0 0
    outer loop
      vertex -35.5 51.9 3.5
      vertex -35.5 50 5.5
      vertex -35.5 51.9077 3.34317
    endloop
  endfacet
  facet normal 1 0 0
    outer loop
      vertex -35.5 51.9077 3.34317
      vertex -35.5 50 5.5
      vertex -35.5 51.9307 3.18785
    endloop
  endfacet
  facet normal 1 -0 0
    outer loop
      vertex -35.5 47.6 5.5
      vertex -35.5 51.9307 3.18785
      vertex -35.5 50 5.5
    endloop
  endfacet
  facet normal 1 0 0
    outer loop
      vertex -35.5 51.9307 3.18785
      vertex -35.5 47.6 5.5
      vertex -35.5 51.9689 3.03554
    endloop
  endfacet
  facet normal 1 0 0
    outer loop
      vertex -35.5 51.9689 3.03554
      vertex -35.5 47.6 5.5
      vertex -35.5 52.0218 2.88771
    endloop
  endfacet
  facet normal 1 0 0
    outer loop
      vertex -35.5 52.0218 2.88771
      vertex -35.5 47.6 5.5
      vertex -35.5 52.0889 2.74576
    endloop
  endfacet
  facet normal 1 0 0
    outer loop
      vertex -35.5 43.05 0
      vertex -35.5 52.0889 2.74576
      vertex -35.5 47.6 5.5
    endloop
  endfacet
  facet normal 1 0 0
    outer loop
      vertex -35.5 43.05 0
      vertex -35.5 47.6 5.5
      vertex -35.5 43.05 2.4
    endloop
  endfacet
  facet normal 1 0 0
    outer loop
      vertex -35.5 52.2632 2.48497
      vertex -35.5 43.05 0
      vertex -35.5 53.5 0
    endloop
  endfacet
  facet normal 0 0.741033 0.671469
    outer loop
      vertex -35.5 56.2055 5.72038
      vertex -49.5 55.9749 5.97487
      vertex -35.5 55.9749 5.97487
    endloop
  endfacet
  facet normal 0 0.741033 0.671469
    outer loop
      vertex -49.5 55.9749 5.97487
      vertex -35.5 56.2055 5.72038
      vertex -49.5 56.2055 5.72038
    endloop
  endfacet
  facet normal -0 0.595659 0.803237
    outer loop
      vertex -49.5 55.7204 6.20554
      vertex -35.5 55.4445 6.41014
      vertex -35.5 55.7204 6.20554
    endloop
  endfacet
  facet normal 0 0.595659 0.803237
    outer loop
      vertex -35.5 55.4445 6.41014
      vertex -49.5 55.7204 6.20554
      vertex -49.5 55.4445 6.41014
    endloop
  endfacet
  facet normal -0 0.51411 0.857724
    outer loop
      vertex -49.5 55.4445 6.41014
      vertex -35.5 55.1499 6.58672
      vertex -35.5 55.4445 6.41014
    endloop
  endfacet
  facet normal 0 0.51411 0.857724
    outer loop
      vertex -35.5 55.1499 6.58672
      vertex -49.5 55.4445 6.41014
      vertex -49.5 55.1499 6.58672
    endloop
  endfacet
  facet normal 0 0.336886 -0.941545
    outer loop
      vertex -49.5 54.516 0.150708
      vertex -35.5 54.8394 0.266421
      vertex -35.5 54.516 0.150708
    endloop
  endfacet
  facet normal 0 0.336886 -0.941545
    outer loop
      vertex -35.5 54.8394 0.266421
      vertex -49.5 54.516 0.150708
      vertex -49.5 54.8394 0.266421
    endloop
  endfacet
  facet normal 0 -0.94154 -0.336901
    outer loop
      vertex -49.5 55.0311 3.96445
      vertex -35.5 54.9782 4.11229
      vertex -49.5 54.9782 4.11229
    endloop
  endfacet
  facet normal 0 -0.94154 -0.336901
    outer loop
      vertex -35.5 54.9782 4.11229
      vertex -49.5 55.0311 3.96445
      vertex -35.5 55.0311 3.96445
    endloop
  endfacet
  facet normal 0 -0.242835 0.970068
    outer loop
      vertex -49.5 53.9645 1.96889
      vertex -35.5 53.8121 1.93074
      vertex -35.5 53.9645 1.96889
    endloop
  endfacet
  facet normal 0 -0.242835 0.970068
    outer loop
      vertex -35.5 53.8121 1.93074
      vertex -49.5 53.9645 1.96889
      vertex -49.5 53.8121 1.93074
    endloop
  endfacet
  facet normal 0 0.90407 -0.427385
    outer loop
      vertex -35.5 52.0218 4.11229
      vertex -49.5 52.0889 4.25423
      vertex -35.5 52.0889 4.25423
    endloop
  endfacet
  facet normal 0 0.90407 -0.427385
    outer loop
      vertex -49.5 52.0889 4.25423
      vertex -35.5 52.0218 4.11229
      vertex -49.5 52.0218 4.11229
    endloop
  endfacet
  facet normal 0 0.741092 0.671404
    outer loop
      vertex -35.5 52.3686 2.36863
      vertex -49.5 52.2632 2.48497
      vertex -35.5 52.2632 2.48497
    endloop
  endfacet
  facet normal 0 0.741092 0.671404
    outer loop
      vertex -49.5 52.2632 2.48497
      vertex -35.5 52.3686 2.36863
      vertex -49.5 52.3686 2.36863
    endloop
  endfacet
  facet normal 0 -0.989213 0.146484
    outer loop
      vertex -49.5 55.0693 3.18785
      vertex -35.5 55.0923 3.34317
      vertex -49.5 55.0923 3.34317
    endloop
  endfacet
  facet normal 0 -0.989213 0.146484
    outer loop
      vertex -35.5 55.0923 3.34317
      vertex -49.5 55.0693 3.18785
      vertex -35.5 55.0693 3.18785
    endloop
  endfacet
  facet normal 0 0.941533 0.336921
    outer loop
      vertex -35.5 52.0218 2.88771
      vertex -49.5 51.9689 3.03554
      vertex -35.5 51.9689 3.03554
    endloop
  endfacet
  facet normal 0 0.941533 0.336921
    outer loop
      vertex -49.5 51.9689 3.03554
      vertex -35.5 52.0218 2.88771
      vertex -49.5 52.0218 2.88771
    endloop
  endfacet
  facet normal -0 0.049048 0.998796
    outer loop
      vertex -49.5 53.5 1.9
      vertex -35.5 53.3432 1.9077
      vertex -35.5 53.5 1.9
    endloop
  endfacet
  facet normal 0 0.049048 0.998796
    outer loop
      vertex -35.5 53.3432 1.9077
      vertex -49.5 53.5 1.9
      vertex -49.5 53.3432 1.9077
    endloop
  endfacet
  facet normal 0 -0.595732 -0.803184
    outer loop
      vertex -49.5 54.3889 4.83035
      vertex -35.5 54.515 4.73682
      vertex -35.5 54.3889 4.83035
    endloop
  endfacet
  facet normal -0 -0.595732 -0.803184
    outer loop
      vertex -35.5 54.515 4.73682
      vertex -49.5 54.3889 4.83035
      vertex -49.5 54.515 4.73682
    endloop
  endfacet
  facet normal -0 0.595732 0.803184
    outer loop
      vertex -49.5 52.6111 2.16965
      vertex -35.5 52.485 2.26318
      vertex -35.5 52.6111 2.16965
    endloop
  endfacet
  facet normal 0 0.595732 0.803184
    outer loop
      vertex -35.5 52.485 2.26318
      vertex -49.5 52.6111 2.16965
      vertex -49.5 52.485 2.26318
    endloop
  endfacet
  facet normal 0 -0.049048 0.998796
    outer loop
      vertex -49.5 53.6568 1.9077
      vertex -35.5 53.5 1.9
      vertex -35.5 53.6568 1.9077
    endloop
  endfacet
  facet normal 0 -0.049048 0.998796
    outer loop
      vertex -35.5 53.5 1.9
      vertex -49.5 53.6568 1.9077
      vertex -49.5 53.5 1.9
    endloop
  endfacet
  facet normal -0 0.336982 0.941511
    outer loop
      vertex -49.5 53.0355 1.96889
      vertex -35.5 52.8877 2.02179
      vertex -35.5 53.0355 1.96889
    endloop
  endfacet
  facet normal 0 0.336982 0.941511
    outer loop
      vertex -35.5 52.8877 2.02179
      vertex -49.5 53.0355 1.96889
      vertex -49.5 52.8877 2.02179
    endloop
  endfacet
  facet normal 0 -0.857796 -0.51399
    outer loop
      vertex -49.5 54.9111 4.25423
      vertex -35.5 54.8304 4.38891
      vertex -49.5 54.8304 4.38891
    endloop
  endfacet
  facet normal 0 -0.857796 -0.51399
    outer loop
      vertex -35.5 54.8304 4.38891
      vertex -49.5 54.9111 4.25423
      vertex -35.5 54.9111 4.25423
    endloop
  endfacet
  facet normal 0 -0.427692 -0.903925
    outer loop
      vertex -49.5 54.1123 4.97821
      vertex -35.5 54.2542 4.91107
      vertex -35.5 54.1123 4.97821
    endloop
  endfacet
  facet normal -0 -0.427692 -0.903925
    outer loop
      vertex -35.5 54.2542 4.91107
      vertex -49.5 54.1123 4.97821
      vertex -49.5 54.2542 4.91107
    endloop
  endfacet
  facet normal 0 0.671388 -0.741106
    outer loop
      vertex -49.5 52.3686 4.63137
      vertex -35.5 52.485 4.73682
      vertex -35.5 52.3686 4.63137
    endloop
  endfacet
  facet normal 0 0.671388 -0.741106
    outer loop
      vertex -35.5 52.485 4.73682
      vertex -49.5 52.3686 4.63137
      vertex -49.5 52.485 4.73682
    endloop
  endfacet
  facet normal 0 -0.989212 -0.146493
    outer loop
      vertex -49.5 55.0923 3.65683
      vertex -35.5 55.0693 3.81214
      vertex -49.5 55.0693 3.81214
    endloop
  endfacet
  facet normal 0 -0.989212 -0.146493
    outer loop
      vertex -35.5 55.0693 3.81214
      vertex -49.5 55.0923 3.65683
      vertex -35.5 55.0923 3.65683
    endloop
  endfacet
  facet normal 0 -0.969959 -0.24327
    outer loop
      vertex -49.5 55.0693 3.81214
      vertex -35.5 55.0311 3.96445
      vertex -49.5 55.0311 3.96445
    endloop
  endfacet
  facet normal 0 -0.969959 -0.24327
    outer loop
      vertex -35.5 55.0311 3.96445
      vertex -49.5 55.0693 3.81214
      vertex -35.5 55.0693 3.81214
    endloop
  endfacet
  facet normal 0 0.427692 -0.903925
    outer loop
      vertex -49.5 52.7458 4.91107
      vertex -35.5 52.8877 4.97821
      vertex -35.5 52.7458 4.91107
    endloop
  endfacet
  facet normal 0 0.427692 -0.903925
    outer loop
      vertex -35.5 52.8877 4.97821
      vertex -49.5 52.7458 4.91107
      vertex -49.5 52.8877 4.97821
    endloop
  endfacet
  facet normal 0 -0.998797 -0.0490387
    outer loop
      vertex -49.5 55.1 3.5
      vertex -35.5 55.0923 3.65683
      vertex -49.5 55.0923 3.65683
    endloop
  endfacet
  facet normal 0 -0.998797 -0.0490387
    outer loop
      vertex -35.5 55.0923 3.65683
      vertex -49.5 55.1 3.5
      vertex -35.5 55.1 3.5
    endloop
  endfacet
  facet normal 0 -0.595732 0.803184
    outer loop
      vertex -49.5 54.515 2.26318
      vertex -35.5 54.3889 2.16965
      vertex -35.5 54.515 2.26318
    endloop
  endfacet
  facet normal 0 -0.595732 0.803184
    outer loop
      vertex -35.5 54.3889 2.16965
      vertex -49.5 54.515 2.26318
      vertex -49.5 54.3889 2.16965
    endloop
  endfacet
  facet normal 0 0.998797 0.0490387
    outer loop
      vertex -35.5 51.9077 3.34317
      vertex -49.5 51.9 3.5
      vertex -35.5 51.9 3.5
    endloop
  endfacet
  facet normal 0 0.998797 0.0490387
    outer loop
      vertex -49.5 51.9 3.5
      vertex -35.5 51.9077 3.34317
      vertex -49.5 51.9077 3.34317
    endloop
  endfacet
  facet normal 0 -0.904081 0.427361
    outer loop
      vertex -49.5 54.9111 2.74576
      vertex -35.5 54.9782 2.88771
      vertex -49.5 54.9782 2.88771
    endloop
  endfacet
  facet normal 0 -0.904081 0.427361
    outer loop
      vertex -35.5 54.9782 2.88771
      vertex -49.5 54.9111 2.74576
      vertex -35.5 54.9111 2.74576
    endloop
  endfacet
  facet normal 0 0.857796 -0.51399
    outer loop
      vertex -35.5 52.0889 4.25423
      vertex -49.5 52.1696 4.38891
      vertex -35.5 52.1696 4.38891
    endloop
  endfacet
  facet normal 0 0.857796 -0.51399
    outer loop
      vertex -49.5 52.1696 4.38891
      vertex -35.5 52.0889 4.25423
      vertex -49.5 52.0889 4.25423
    endloop
  endfacet
  facet normal 0 0.989213 0.146484
    outer loop
      vertex -35.5 51.9307 3.18785
      vertex -49.5 51.9077 3.34317
      vertex -35.5 51.9077 3.34317
    endloop
  endfacet
  facet normal 0 0.989213 0.146484
    outer loop
      vertex -49.5 51.9077 3.34317
      vertex -35.5 51.9307 3.18785
      vertex -49.5 51.9307 3.18785
    endloop
  endfacet
  facet normal 0 -0.857779 0.514018
    outer loop
      vertex -49.5 54.8304 2.61109
      vertex -35.5 54.9111 2.74576
      vertex -49.5 54.9111 2.74576
    endloop
  endfacet
  facet normal 0 -0.857779 0.514018
    outer loop
      vertex -35.5 54.9111 2.74576
      vertex -49.5 54.8304 2.61109
      vertex -35.5 54.8304 2.61109
    endloop
  endfacet
  facet normal 0 -0.941533 0.336921
    outer loop
      vertex -49.5 54.9782 2.88771
      vertex -35.5 55.0311 3.03554
      vertex -49.5 55.0311 3.03554
    endloop
  endfacet
  facet normal 0 -0.941533 0.336921
    outer loop
      vertex -35.5 55.0311 3.03554
      vertex -49.5 54.9782 2.88771
      vertex -35.5 54.9782 2.88771
    endloop
  endfacet
  facet normal 0 -0.336982 0.941511
    outer loop
      vertex -49.5 54.1123 2.02179
      vertex -35.5 53.9645 1.96889
      vertex -35.5 54.1123 2.02179
    endloop
  endfacet
  facet normal 0 -0.336982 0.941511
    outer loop
      vertex -35.5 53.9645 1.96889
      vertex -49.5 54.1123 2.02179
      vertex -49.5 53.9645 1.96889
    endloop
  endfacet
  facet normal 0 -0.671388 0.741106
    outer loop
      vertex -49.5 54.6314 2.36863
      vertex -35.5 54.515 2.26318
      vertex -35.5 54.6314 2.36863
    endloop
  endfacet
  facet normal 0 -0.671388 0.741106
    outer loop
      vertex -35.5 54.515 2.26318
      vertex -49.5 54.6314 2.36863
      vertex -49.5 54.515 2.26318
    endloop
  endfacet
  facet normal 0 -0.146752 0.989173
    outer loop
      vertex -49.5 53.8121 1.93074
      vertex -35.5 53.6568 1.9077
      vertex -35.5 53.8121 1.93074
    endloop
  endfacet
  facet normal 0 -0.146752 0.989173
    outer loop
      vertex -35.5 53.6568 1.9077
      vertex -49.5 53.8121 1.93074
      vertex -49.5 53.6568 1.9077
    endloop
  endfacet
  facet normal -0 0.671388 0.741106
    outer loop
      vertex -49.5 52.485 2.26318
      vertex -35.5 52.3686 2.36863
      vertex -35.5 52.485 2.26318
    endloop
  endfacet
  facet normal 0 0.671388 0.741106
    outer loop
      vertex -35.5 52.3686 2.36863
      vertex -49.5 52.485 2.26318
      vertex -49.5 52.3686 2.36863
    endloop
  endfacet
  facet normal 0 -0.741092 0.671404
    outer loop
      vertex -49.5 54.6314 2.36863
      vertex -35.5 54.7368 2.48497
      vertex -49.5 54.7368 2.48497
    endloop
  endfacet
  facet normal 0 -0.741092 0.671404
    outer loop
      vertex -35.5 54.7368 2.48497
      vertex -49.5 54.6314 2.36863
      vertex -35.5 54.6314 2.36863
    endloop
  endfacet
  facet normal 0 0.741092 -0.671404
    outer loop
      vertex -35.5 52.2632 4.51503
      vertex -49.5 52.3686 4.63137
      vertex -35.5 52.3686 4.63137
    endloop
  endfacet
  facet normal 0 0.741092 -0.671404
    outer loop
      vertex -49.5 52.3686 4.63137
      vertex -35.5 52.2632 4.51503
      vertex -49.5 52.2632 4.51503
    endloop
  endfacet
  facet normal 0 -0.427692 0.903925
    outer loop
      vertex -49.5 54.2542 2.08893
      vertex -35.5 54.1123 2.02179
      vertex -35.5 54.2542 2.08893
    endloop
  endfacet
  facet normal 0 -0.427692 0.903925
    outer loop
      vertex -35.5 54.1123 2.02179
      vertex -49.5 54.2542 2.08893
      vertex -49.5 54.1123 2.02179
    endloop
  endfacet
  facet normal 0 -0.998797 0.0490387
    outer loop
      vertex -49.5 55.0923 3.34317
      vertex -35.5 55.1 3.5
      vertex -49.5 55.1 3.5
    endloop
  endfacet
  facet normal 0 -0.998797 0.0490387
    outer loop
      vertex -35.5 55.1 3.5
      vertex -49.5 55.0923 3.34317
      vertex -35.5 55.0923 3.34317
    endloop
  endfacet
  facet normal 0 -0.969959 0.24327
    outer loop
      vertex -49.5 55.0311 3.03554
      vertex -35.5 55.0693 3.18785
      vertex -49.5 55.0693 3.18785
    endloop
  endfacet
  facet normal 0 -0.969959 0.24327
    outer loop
      vertex -35.5 55.0693 3.18785
      vertex -49.5 55.0311 3.03554
      vertex -35.5 55.0311 3.03554
    endloop
  endfacet
  facet normal 0 0.595732 -0.803184
    outer loop
      vertex -49.5 52.485 4.73682
      vertex -35.5 52.6111 4.83035
      vertex -35.5 52.485 4.73682
    endloop
  endfacet
  facet normal 0 0.595732 -0.803184
    outer loop
      vertex -35.5 52.6111 4.83035
      vertex -49.5 52.485 4.73682
      vertex -49.5 52.6111 4.83035
    endloop
  endfacet
  facet normal 0 0.969959 0.24327
    outer loop
      vertex -35.5 51.9689 3.03554
      vertex -49.5 51.9307 3.18785
      vertex -35.5 51.9307 3.18785
    endloop
  endfacet
  facet normal 0 0.969959 0.24327
    outer loop
      vertex -49.5 51.9307 3.18785
      vertex -35.5 51.9689 3.03554
      vertex -49.5 51.9689 3.03554
    endloop
  endfacet
  facet normal 0 0.904081 0.427361
    outer loop
      vertex -35.5 52.0889 2.74576
      vertex -49.5 52.0218 2.88771
      vertex -35.5 52.0218 2.88771
    endloop
  endfacet
  facet normal 0 0.904081 0.427361
    outer loop
      vertex -49.5 52.0218 2.88771
      vertex -35.5 52.0889 2.74576
      vertex -49.5 52.0889 2.74576
    endloop
  endfacet
  facet normal 0 -0.803015 0.595958
    outer loop
      vertex -49.5 54.7368 2.48497
      vertex -35.5 54.8304 2.61109
      vertex -49.5 54.8304 2.61109
    endloop
  endfacet
  facet normal 0 -0.803015 0.595958
    outer loop
      vertex -35.5 54.8304 2.61109
      vertex -49.5 54.7368 2.48497
      vertex -35.5 54.7368 2.48497
    endloop
  endfacet
  facet normal 0 -0.90407 -0.427385
    outer loop
      vertex -49.5 54.9782 4.11229
      vertex -35.5 54.9111 4.25423
      vertex -49.5 54.9111 4.25423
    endloop
  endfacet
  facet normal 0 -0.90407 -0.427385
    outer loop
      vertex -35.5 54.9111 4.25423
      vertex -49.5 54.9782 4.11229
      vertex -35.5 54.9782 4.11229
    endloop
  endfacet
  facet normal 0 0.803015 0.595958
    outer loop
      vertex -35.5 52.2632 2.48497
      vertex -49.5 52.1696 2.61109
      vertex -35.5 52.1696 2.61109
    endloop
  endfacet
  facet normal 0 0.803015 0.595958
    outer loop
      vertex -49.5 52.1696 2.61109
      vertex -35.5 52.2632 2.48497
      vertex -49.5 52.2632 2.48497
    endloop
  endfacet
  facet normal -0 0.242835 0.970068
    outer loop
      vertex -49.5 53.1879 1.93074
      vertex -35.5 53.0355 1.96889
      vertex -35.5 53.1879 1.93074
    endloop
  endfacet
  facet normal 0 0.242835 0.970068
    outer loop
      vertex -35.5 53.0355 1.96889
      vertex -49.5 53.1879 1.93074
      vertex -49.5 53.0355 1.96889
    endloop
  endfacet
  facet normal -0 0.146752 0.989173
    outer loop
      vertex -49.5 53.3432 1.9077
      vertex -35.5 53.1879 1.93074
      vertex -35.5 53.3432 1.9077
    endloop
  endfacet
  facet normal 0 0.146752 0.989173
    outer loop
      vertex -35.5 53.1879 1.93074
      vertex -49.5 53.3432 1.9077
      vertex -49.5 53.1879 1.93074
    endloop
  endfacet
  facet normal 0 -0.741092 -0.671404
    outer loop
      vertex -49.5 54.7368 4.51503
      vertex -35.5 54.6314 4.63137
      vertex -49.5 54.6314 4.63137
    endloop
  endfacet
  facet normal 0 -0.741092 -0.671404
    outer loop
      vertex -35.5 54.6314 4.63137
      vertex -49.5 54.7368 4.51503
      vertex -35.5 54.7368 4.51503
    endloop
  endfacet
  facet normal 0 0.146689 -0.989183
    outer loop
      vertex -49.5 53.1879 5.06926
      vertex -35.5 53.3432 5.09229
      vertex -35.5 53.1879 5.06926
    endloop
  endfacet
  facet normal 0 0.146689 -0.989183
    outer loop
      vertex -35.5 53.3432 5.09229
      vertex -49.5 53.1879 5.06926
      vertex -49.5 53.3432 5.09229
    endloop
  endfacet
  facet normal 0 -0.514027 0.857774
    outer loop
      vertex -49.5 54.3889 2.16965
      vertex -35.5 54.2542 2.08893
      vertex -35.5 54.3889 2.16965
    endloop
  endfacet
  facet normal 0 -0.514027 0.857774
    outer loop
      vertex -35.5 54.2542 2.08893
      vertex -49.5 54.3889 2.16965
      vertex -49.5 54.2542 2.08893
    endloop
  endfacet
  facet normal 0 0.336926 -0.941531
    outer loop
      vertex -49.5 52.8877 4.97821
      vertex -35.5 53.0355 5.0311
      vertex -35.5 52.8877 4.97821
    endloop
  endfacet
  facet normal 0 0.336926 -0.941531
    outer loop
      vertex -35.5 53.0355 5.0311
      vertex -49.5 52.8877 4.97821
      vertex -49.5 53.0355 5.0311
    endloop
  endfacet
  facet normal 0 0.998797 -0.0490387
    outer loop
      vertex -35.5 51.9 3.5
      vertex -49.5 51.9077 3.65683
      vertex -35.5 51.9077 3.65683
    endloop
  endfacet
  facet normal 0 0.998797 -0.0490387
    outer loop
      vertex -49.5 51.9077 3.65683
      vertex -35.5 51.9 3.5
      vertex -49.5 51.9 3.5
    endloop
  endfacet
  facet normal 0 0.514027 -0.857774
    outer loop
      vertex -49.5 52.6111 4.83035
      vertex -35.5 52.7458 4.91107
      vertex -35.5 52.6111 4.83035
    endloop
  endfacet
  facet normal 0 0.514027 -0.857774
    outer loop
      vertex -35.5 52.7458 4.91107
      vertex -49.5 52.6111 4.83035
      vertex -49.5 52.7458 4.91107
    endloop
  endfacet
  facet normal 0 -0.671388 -0.741106
    outer loop
      vertex -49.5 54.515 4.73682
      vertex -35.5 54.6314 4.63137
      vertex -35.5 54.515 4.73682
    endloop
  endfacet
  facet normal -0 -0.671388 -0.741106
    outer loop
      vertex -35.5 54.6314 4.63137
      vertex -49.5 54.515 4.73682
      vertex -49.5 54.6314 4.63137
    endloop
  endfacet
  facet normal 0 0.242895 -0.970053
    outer loop
      vertex -49.5 53.0355 5.0311
      vertex -35.5 53.1879 5.06926
      vertex -35.5 53.0355 5.0311
    endloop
  endfacet
  facet normal 0 0.242895 -0.970053
    outer loop
      vertex -35.5 53.1879 5.06926
      vertex -49.5 53.0355 5.0311
      vertex -49.5 53.1879 5.06926
    endloop
  endfacet
  facet normal 0 -0.514027 -0.857774
    outer loop
      vertex -49.5 54.2542 4.91107
      vertex -35.5 54.3889 4.83035
      vertex -35.5 54.2542 4.91107
    endloop
  endfacet
  facet normal -0 -0.514027 -0.857774
    outer loop
      vertex -35.5 54.3889 4.83035
      vertex -49.5 54.2542 4.91107
      vertex -49.5 54.3889 4.83035
    endloop
  endfacet
  facet normal 0 -0.146689 -0.989183
    outer loop
      vertex -49.5 53.6568 5.09229
      vertex -35.5 53.8121 5.06926
      vertex -35.5 53.6568 5.09229
    endloop
  endfacet
  facet normal -0 -0.146689 -0.989183
    outer loop
      vertex -35.5 53.8121 5.06926
      vertex -49.5 53.6568 5.09229
      vertex -49.5 53.8121 5.06926
    endloop
  endfacet
  facet normal -0 0.427692 0.903925
    outer loop
      vertex -49.5 52.8877 2.02179
      vertex -35.5 52.7458 2.08893
      vertex -35.5 52.8877 2.02179
    endloop
  endfacet
  facet normal 0 0.427692 0.903925
    outer loop
      vertex -35.5 52.7458 2.08893
      vertex -49.5 52.8877 2.02179
      vertex -49.5 52.7458 2.08893
    endloop
  endfacet
  facet normal 0 -0.803015 -0.595958
    outer loop
      vertex -49.5 54.8304 4.38891
      vertex -35.5 54.7368 4.51503
      vertex -49.5 54.7368 4.51503
    endloop
  endfacet
  facet normal 0 -0.803015 -0.595958
    outer loop
      vertex -35.5 54.7368 4.51503
      vertex -49.5 54.8304 4.38891
      vertex -35.5 54.8304 4.38891
    endloop
  endfacet
  facet normal 0 0.857779 0.514018
    outer loop
      vertex -35.5 52.1696 2.61109
      vertex -49.5 52.0889 2.74576
      vertex -35.5 52.0889 2.74576
    endloop
  endfacet
  facet normal 0 0.857779 0.514018
    outer loop
      vertex -49.5 52.0889 2.74576
      vertex -35.5 52.1696 2.61109
      vertex -49.5 52.1696 2.61109
    endloop
  endfacet
  facet normal -0 0.514027 0.857774
    outer loop
      vertex -49.5 52.7458 2.08893
      vertex -35.5 52.6111 2.16965
      vertex -35.5 52.7458 2.08893
    endloop
  endfacet
  facet normal 0 0.514027 0.857774
    outer loop
      vertex -35.5 52.6111 2.16965
      vertex -49.5 52.7458 2.08893
      vertex -49.5 52.6111 2.16965
    endloop
  endfacet
  facet normal 0 0.94154 -0.336901
    outer loop
      vertex -35.5 51.9689 3.96445
      vertex -49.5 52.0218 4.11229
      vertex -35.5 52.0218 4.11229
    endloop
  endfacet
  facet normal 0 0.94154 -0.336901
    outer loop
      vertex -49.5 52.0218 4.11229
      vertex -35.5 51.9689 3.96445
      vertex -49.5 51.9689 3.96445
    endloop
  endfacet
  facet normal 0 -0.242895 -0.970053
    outer loop
      vertex -49.5 53.8121 5.06926
      vertex -35.5 53.9645 5.0311
      vertex -35.5 53.8121 5.06926
    endloop
  endfacet
  facet normal -0 -0.242895 -0.970053
    outer loop
      vertex -35.5 53.9645 5.0311
      vertex -49.5 53.8121 5.06926
      vertex -49.5 53.9645 5.0311
    endloop
  endfacet
  facet normal 0 -0.336926 -0.941531
    outer loop
      vertex -49.5 53.9645 5.0311
      vertex -35.5 54.1123 4.97821
      vertex -35.5 53.9645 5.0311
    endloop
  endfacet
  facet normal -0 -0.336926 -0.941531
    outer loop
      vertex -35.5 54.1123 4.97821
      vertex -49.5 53.9645 5.0311
      vertex -49.5 54.1123 4.97821
    endloop
  endfacet
  facet normal 0 0.803015 -0.595958
    outer loop
      vertex -35.5 52.1696 4.38891
      vertex -49.5 52.2632 4.51503
      vertex -35.5 52.2632 4.51503
    endloop
  endfacet
  facet normal 0 0.803015 -0.595958
    outer loop
      vertex -49.5 52.2632 4.51503
      vertex -35.5 52.1696 4.38891
      vertex -49.5 52.1696 4.38891
    endloop
  endfacet
  facet normal 0 -0.0491116 -0.998793
    outer loop
      vertex -49.5 53.5 5.1
      vertex -35.5 53.6568 5.09229
      vertex -35.5 53.5 5.1
    endloop
  endfacet
  facet normal -0 -0.0491116 -0.998793
    outer loop
      vertex -35.5 53.6568 5.09229
      vertex -49.5 53.5 5.1
      vertex -49.5 53.6568 5.09229
    endloop
  endfacet
  facet normal 0 0.0491116 -0.998793
    outer loop
      vertex -49.5 53.3432 5.09229
      vertex -35.5 53.5 5.1
      vertex -35.5 53.3432 5.09229
    endloop
  endfacet
  facet normal 0 0.0491116 -0.998793
    outer loop
      vertex -35.5 53.5 5.1
      vertex -49.5 53.3432 5.09229
      vertex -49.5 53.5 5.1
    endloop
  endfacet
  facet normal 0 0.989212 -0.146493
    outer loop
      vertex -35.5 51.9077 3.65683
      vertex -49.5 51.9307 3.81214
      vertex -35.5 51.9307 3.81214
    endloop
  endfacet
  facet normal 0 0.989212 -0.146493
    outer loop
      vertex -49.5 51.9307 3.81214
      vertex -35.5 51.9077 3.65683
      vertex -49.5 51.9077 3.65683
    endloop
  endfacet
  facet normal 0 0.969959 -0.24327
    outer loop
      vertex -35.5 51.9307 3.81214
      vertex -49.5 51.9689 3.96445
      vertex -35.5 51.9689 3.96445
    endloop
  endfacet
  facet normal 0 0.969959 -0.24327
    outer loop
      vertex -49.5 51.9689 3.96445
      vertex -35.5 51.9307 3.81214
      vertex -49.5 51.9307 3.81214
    endloop
  endfacet
  facet normal 0 0.803217 -0.595687
    outer loop
      vertex 49.5 56.2055 1.27962
      vertex 35.5 56.4101 1.5555
      vertex 49.5 56.4101 1.5555
    endloop
  endfacet
  facet normal 0 0.803217 -0.595687
    outer loop
      vertex 35.5 56.4101 1.5555
      vertex 49.5 56.2055 1.27962
      vertex 35.5 56.2055 1.27962
    endloop
  endfacet
  facet normal 0 0.941554 -0.336862
    outer loop
      vertex 49.5 56.7336 2.16061
      vertex 35.5 56.8493 2.484
      vertex 49.5 56.8493 2.484
    endloop
  endfacet
  facet normal 0 0.941554 -0.336862
    outer loop
      vertex 35.5 56.8493 2.484
      vertex 49.5 56.7336 2.16061
      vertex 35.5 56.7336 2.16061
    endloop
  endfacet
  facet normal 0 0 1
    outer loop
      vertex 49.1562 45.1112 7
      vertex 49.5 44.5103 7
      vertex 49.4388 44.6398 7
    endloop
  endfacet
  facet normal 0 0 1
    outer loop
      vertex 48.8288 45.5526 7
      vertex 49.5 44.5103 7
      vertex 49.1562 45.1112 7
    endloop
  endfacet
  facet normal 0 0 1
    outer loop
      vertex 48.4598 45.9598 7
      vertex 49.5 44.5103 7
      vertex 48.8288 45.5526 7
    endloop
  endfacet
  facet normal 0 0 1
    outer loop
      vertex 48.0526 46.3288 7
      vertex 49.5 44.5103 7
      vertex 48.4598 45.9598 7
    endloop
  endfacet
  facet normal 0 0 1
    outer loop
      vertex 47.6112 46.6562 7
      vertex 49.5 44.5103 7
      vertex 48.0526 46.3288 7
    endloop
  endfacet
  facet normal 0 0 1
    outer loop
      vertex 47.1398 46.9388 7
      vertex 49.5 44.5103 7
      vertex 47.6112 46.6562 7
    endloop
  endfacet
  facet normal 0 0 1
    outer loop
      vertex 46.643 47.1737 7
      vertex 49.5 44.5103 7
      vertex 47.1398 46.9388 7
    endloop
  endfacet
  facet normal 0 0 1
    outer loop
      vertex 46.1256 47.3589 7
      vertex 49.5 44.5103 7
      vertex 46.643 47.1737 7
    endloop
  endfacet
  facet normal 0 0 1
    outer loop
      vertex 45.5925 47.4924 7
      vertex 49.5 44.5103 7
      vertex 46.1256 47.3589 7
    endloop
  endfacet
  facet normal 0 0 1
    outer loop
      vertex 45.0489 47.573 7
      vertex 49.5 44.5103 7
      vertex 45.5925 47.4924 7
    endloop
  endfacet
  facet normal 0 0 1
    outer loop
      vertex 44.5 47.6 7
      vertex 49.5 44.5103 7
      vertex 45.0489 47.573 7
    endloop
  endfacet
  facet normal 0 0 1
    outer loop
      vertex 49.5 44.5103 7
      vertex 44.5 47.6 7
      vertex 49.5 39 7
    endloop
  endfacet
  facet normal 0 0 1
    outer loop
      vertex 35.5 39 7
      vertex 44.5 47.6 7
      vertex 35.5 47.6 7
    endloop
  endfacet
  facet normal 0 0 1
    outer loop
      vertex 44.5 47.6 7
      vertex 35.5 39 7
      vertex 49.5 39 7
    endloop
  endfacet
  facet normal 0 0 1
    outer loop
      vertex 49.5 53.5 7
      vertex 48.9446 48.6518 7
      vertex 49.5 48.2398 7
    endloop
  endfacet
  facet normal 0 0 1
    outer loop
      vertex 49.5 53.5 7
      vertex 48.2712 49.0554 7
      vertex 48.9446 48.6518 7
    endloop
  endfacet
  facet normal 0 0 1
    outer loop
      vertex 49.5 53.5 7
      vertex 47.5615 49.391 7
      vertex 48.2712 49.0554 7
    endloop
  endfacet
  facet normal 0 0 1
    outer loop
      vertex 49.5 53.5 7
      vertex 46.8223 49.6555 7
      vertex 47.5615 49.391 7
    endloop
  endfacet
  facet normal 0 0 1
    outer loop
      vertex 49.5 53.5 7
      vertex 46.0607 49.8463 7
      vertex 46.8223 49.6555 7
    endloop
  endfacet
  facet normal 0 0 1
    outer loop
      vertex 49.5 53.5 7
      vertex 45.2841 49.9615 7
      vertex 46.0607 49.8463 7
    endloop
  endfacet
  facet normal 0 0 1
    outer loop
      vertex 49.5 53.5 7
      vertex 44.5 50 7
      vertex 45.2841 49.9615 7
    endloop
  endfacet
  facet normal -0 0 1
    outer loop
      vertex 35.5 53.5 7
      vertex 44.5 50 7
      vertex 49.5 53.5 7
    endloop
  endfacet
  facet normal 0 0 1
    outer loop
      vertex 44.5 50 7
      vertex 35.5 53.5 7
      vertex 35.5 50 7
    endloop
  endfacet
  facet normal 0 0.970071 0.242823
    outer loop
      vertex 49.5 56.9327 4.18282
      vertex 35.5 56.8493 4.516
      vertex 49.5 56.8493 4.516
    endloop
  endfacet
  facet normal 0 0.970071 0.242823
    outer loop
      vertex 35.5 56.8493 4.516
      vertex 49.5 56.9327 4.18282
      vertex 35.5 56.9327 4.18282
    endloop
  endfacet
  facet normal 0 0.998789 -0.0492029
    outer loop
      vertex 49.5 56.9831 3.15694
      vertex 35.5 57 3.5
      vertex 49.5 57 3.5
    endloop
  endfacet
  facet normal 0 0.998789 -0.0492029
    outer loop
      vertex 35.5 57 3.5
      vertex 49.5 56.9831 3.15694
      vertex 35.5 56.9831 3.15694
    endloop
  endfacet
  facet normal 0 -1 0
    outer loop
      vertex 47.1 39 2.4
      vertex 49.5 39 7
      vertex 35.5 39 7
    endloop
  endfacet
  facet normal 0 -1 0
    outer loop
      vertex 47.1 39 2.4
      vertex 35.5 39 7
      vertex 35.5 39 2.4
    endloop
  endfacet
  facet normal 0 -1 -0
    outer loop
      vertex 49.5 39 7
      vertex 47.1 39 2.4
      vertex 49.5 39 4.80001
    endloop
  endfacet
  facet normal 0 0.242965 -0.970035
    outer loop
      vertex 35.5 54.1828 0.0672512
      vertex 49.5 54.516 0.150708
      vertex 49.5 54.1828 0.0672512
    endloop
  endfacet
  facet normal 0 0.242965 -0.970035
    outer loop
      vertex 49.5 54.516 0.150708
      vertex 35.5 54.1828 0.0672512
      vertex 35.5 54.516 0.150708
    endloop
  endfacet
  facet normal 0 0.998789 0.0492029
    outer loop
      vertex 49.5 57 3.5
      vertex 35.5 56.9831 3.84306
      vertex 49.5 56.9831 3.84306
    endloop
  endfacet
  facet normal 0 0.998789 0.0492029
    outer loop
      vertex 35.5 56.9831 3.84306
      vertex 49.5 57 3.5
      vertex 35.5 57 3.5
    endloop
  endfacet
  facet normal 0 0.857706 -0.51414
    outer loop
      vertex 49.5 56.4101 1.5555
      vertex 35.5 56.5867 1.85011
      vertex 49.5 56.5867 1.85011
    endloop
  endfacet
  facet normal 0 0.857706 -0.51414
    outer loop
      vertex 35.5 56.5867 1.85011
      vertex 49.5 56.4101 1.5555
      vertex 35.5 56.4101 1.5555
    endloop
  endfacet
  facet normal 0 0.427551 -0.903991
    outer loop
      vertex 35.5 54.8394 0.266421
      vertex 49.5 55.1499 0.413275
      vertex 49.5 54.8394 0.266421
    endloop
  endfacet
  facet normal 0 0.427551 -0.903991
    outer loop
      vertex 49.5 55.1499 0.413275
      vertex 35.5 54.8394 0.266421
      vertex 35.5 55.1499 0.413275
    endloop
  endfacet
  facet normal 0 0.514113 -0.857723
    outer loop
      vertex 35.5 55.1499 0.413275
      vertex 49.5 55.4445 0.589856
      vertex 49.5 55.1499 0.413275
    endloop
  endfacet
  facet normal 0 0.514113 -0.857723
    outer loop
      vertex 49.5 55.4445 0.589856
      vertex 35.5 55.1499 0.413275
      vertex 35.5 55.4445 0.589856
    endloop
  endfacet
  facet normal 0 0.595672 -0.803228
    outer loop
      vertex 35.5 55.4445 0.589856
      vertex 49.5 55.7204 0.794463
      vertex 49.5 55.4445 0.589856
    endloop
  endfacet
  facet normal 0 0.595672 -0.803228
    outer loop
      vertex 49.5 55.7204 0.794463
      vertex 35.5 55.4445 0.589856
      vertex 35.5 55.7204 0.794463
    endloop
  endfacet
  facet normal 0 0.857706 0.51414
    outer loop
      vertex 49.5 56.5867 5.14989
      vertex 35.5 56.4101 5.4445
      vertex 49.5 56.4101 5.4445
    endloop
  endfacet
  facet normal 0 0.857706 0.51414
    outer loop
      vertex 35.5 56.4101 5.4445
      vertex 49.5 56.5867 5.14989
      vertex 35.5 56.5867 5.14989
    endloop
  endfacet
  facet normal 0 0.0490615 -0.998796
    outer loop
      vertex 35.5 53.5 0
      vertex 49.5 53.8431 0.0168533
      vertex 49.5 53.5 0
    endloop
  endfacet
  facet normal 0 0.0490615 -0.998796
    outer loop
      vertex 49.5 53.8431 0.0168533
      vertex 35.5 53.5 0
      vertex 35.5 53.8431 0.0168533
    endloop
  endfacet
  facet normal -0 0.242974 0.970033
    outer loop
      vertex 35.5 54.516 6.84929
      vertex 49.5 54.1828 6.93275
      vertex 49.5 54.516 6.84929
    endloop
  endfacet
  facet normal 0 0.242974 0.970033
    outer loop
      vertex 49.5 54.1828 6.93275
      vertex 35.5 54.516 6.84929
      vertex 35.5 54.1828 6.93275
    endloop
  endfacet
  facet normal 0 0.903939 -0.427661
    outer loop
      vertex 49.5 56.5867 1.85011
      vertex 35.5 56.7336 2.16061
      vertex 49.5 56.7336 2.16061
    endloop
  endfacet
  facet normal 0 0.903939 -0.427661
    outer loop
      vertex 35.5 56.7336 2.16061
      vertex 49.5 56.5867 1.85011
      vertex 35.5 56.5867 1.85011
    endloop
  endfacet
  facet normal 0 0.146754 -0.989173
    outer loop
      vertex 35.5 53.8431 0.0168533
      vertex 49.5 54.1828 0.0672512
      vertex 49.5 53.8431 0.0168533
    endloop
  endfacet
  facet normal 0 0.146754 -0.989173
    outer loop
      vertex 49.5 54.1828 0.0672512
      vertex 35.5 53.8431 0.0168533
      vertex 35.5 54.1828 0.0672512
    endloop
  endfacet
  facet normal 0 0.671562 -0.740949
    outer loop
      vertex 35.5 55.7204 0.794463
      vertex 49.5 55.9749 1.02513
      vertex 49.5 55.7204 0.794463
    endloop
  endfacet
  facet normal 0 0.671562 -0.740949
    outer loop
      vertex 49.5 55.9749 1.02513
      vertex 35.5 55.7204 0.794463
      vertex 35.5 55.9749 1.02513
    endloop
  endfacet
  facet normal 0 0.989176 -0.146734
    outer loop
      vertex 49.5 56.9327 2.81718
      vertex 35.5 56.9831 3.15694
      vertex 49.5 56.9831 3.15694
    endloop
  endfacet
  facet normal 0 0.989176 -0.146734
    outer loop
      vertex 35.5 56.9831 3.15694
      vertex 49.5 56.9327 2.81718
      vertex 35.5 56.9327 2.81718
    endloop
  endfacet
  facet normal 0 0.970071 -0.242823
    outer loop
      vertex 49.5 56.8493 2.484
      vertex 35.5 56.9327 2.81718
      vertex 49.5 56.9327 2.81718
    endloop
  endfacet
  facet normal 0 0.970071 -0.242823
    outer loop
      vertex 35.5 56.9327 2.81718
      vertex 49.5 56.8493 2.484
      vertex 35.5 56.8493 2.484
    endloop
  endfacet
  facet normal 0 0.989176 0.146734
    outer loop
      vertex 49.5 56.9831 3.84306
      vertex 35.5 56.9327 4.18282
      vertex 49.5 56.9327 4.18282
    endloop
  endfacet
  facet normal 0 0.989176 0.146734
    outer loop
      vertex 35.5 56.9327 4.18282
      vertex 49.5 56.9831 3.84306
      vertex 35.5 56.9831 3.84306
    endloop
  endfacet
  facet normal -0 0.427566 0.903984
    outer loop
      vertex 35.5 55.1499 6.58672
      vertex 49.5 54.8394 6.73358
      vertex 49.5 55.1499 6.58672
    endloop
  endfacet
  facet normal 0 0.427566 0.903984
    outer loop
      vertex 49.5 54.8394 6.73358
      vertex 35.5 55.1499 6.58672
      vertex 35.5 54.8394 6.73358
    endloop
  endfacet
  facet normal -0 0.0490519 0.998796
    outer loop
      vertex 35.5 53.8431 6.98315
      vertex 49.5 53.5 7
      vertex 49.5 53.8431 6.98315
    endloop
  endfacet
  facet normal 0 0.0490519 0.998796
    outer loop
      vertex 49.5 53.5 7
      vertex 35.5 53.8431 6.98315
      vertex 35.5 53.5 7
    endloop
  endfacet
  facet normal 0 0.941554 0.336862
    outer loop
      vertex 49.5 56.8493 4.516
      vertex 35.5 56.7336 4.83939
      vertex 49.5 56.7336 4.83939
    endloop
  endfacet
  facet normal 0 0.941554 0.336862
    outer loop
      vertex 35.5 56.7336 4.83939
      vertex 49.5 56.8493 4.516
      vertex 35.5 56.8493 4.516
    endloop
  endfacet
  facet normal -0 0.14676 0.989172
    outer loop
      vertex 35.5 54.1828 6.93275
      vertex 49.5 53.8431 6.98315
      vertex 49.5 54.1828 6.93275
    endloop
  endfacet
  facet normal 0 0.14676 0.989172
    outer loop
      vertex 49.5 53.8431 6.98315
      vertex 35.5 54.1828 6.93275
      vertex 35.5 53.8431 6.98315
    endloop
  endfacet
  facet normal 0 0.903939 0.427661
    outer loop
      vertex 49.5 56.7336 4.83939
      vertex 35.5 56.5867 5.14989
      vertex 49.5 56.5867 5.14989
    endloop
  endfacet
  facet normal 0 0.903939 0.427661
    outer loop
      vertex 35.5 56.5867 5.14989
      vertex 49.5 56.7336 4.83939
      vertex 35.5 56.7336 4.83939
    endloop
  endfacet
  facet normal 0 0.803217 0.595687
    outer loop
      vertex 49.5 56.4101 5.4445
      vertex 35.5 56.2055 5.72038
      vertex 49.5 56.2055 5.72038
    endloop
  endfacet
  facet normal 0 0.803217 0.595687
    outer loop
      vertex 35.5 56.2055 5.72038
      vertex 49.5 56.4101 5.4445
      vertex 35.5 56.4101 5.4445
    endloop
  endfacet
  facet normal 0 0.741033 -0.671469
    outer loop
      vertex 49.5 55.9749 1.02513
      vertex 35.5 56.2055 1.27962
      vertex 49.5 56.2055 1.27962
    endloop
  endfacet
  facet normal 0 0.741033 -0.671469
    outer loop
      vertex 35.5 56.2055 1.27962
      vertex 49.5 55.9749 1.02513
      vertex 35.5 55.9749 1.02513
    endloop
  endfacet
  facet normal -0 0.671566 0.740944
    outer loop
      vertex 35.5 55.9749 5.97487
      vertex 49.5 55.7204 6.20554
      vertex 49.5 55.9749 5.97487
    endloop
  endfacet
  facet normal 0 0.671566 0.740944
    outer loop
      vertex 49.5 55.7204 6.20554
      vertex 35.5 55.9749 5.97487
      vertex 35.5 55.7204 6.20554
    endloop
  endfacet
  facet normal -1 0 0
    outer loop
      vertex 35.5 55.1 3.5
      vertex 35.5 57 3.5
      vertex 35.5 56.9831 3.15694
    endloop
  endfacet
  facet normal -1 0 0
    outer loop
      vertex 35.5 55.0923 3.34317
      vertex 35.5 56.9831 3.15694
      vertex 35.5 56.9327 2.81718
    endloop
  endfacet
  facet normal -1 0 0
    outer loop
      vertex 35.5 57 3.5
      vertex 35.5 55.1 3.5
      vertex 35.5 56.9831 3.84306
    endloop
  endfacet
  facet normal -1 0 0
    outer loop
      vertex 35.5 55.0693 3.18785
      vertex 35.5 56.9327 2.81718
      vertex 35.5 56.8493 2.484
    endloop
  endfacet
  facet normal -1 0 0
    outer loop
      vertex 35.5 55.0923 3.65683
      vertex 35.5 56.9831 3.84306
      vertex 35.5 55.1 3.5
    endloop
  endfacet
  facet normal -1 0 0
    outer loop
      vertex 35.5 55.0311 3.03554
      vertex 35.5 56.8493 2.484
      vertex 35.5 56.7336 2.16061
    endloop
  endfacet
  facet normal -1 -0 0
    outer loop
      vertex 35.5 56.9831 3.84306
      vertex 35.5 55.0923 3.65683
      vertex 35.5 56.9327 4.18282
    endloop
  endfacet
  facet normal -1 0 0
    outer loop
      vertex 35.5 54.9782 2.88771
      vertex 35.5 56.7336 2.16061
      vertex 35.5 56.5867 1.85011
    endloop
  endfacet
  facet normal -1 0 0
    outer loop
      vertex 35.5 55.0693 3.81214
      vertex 35.5 56.9327 4.18282
      vertex 35.5 55.0923 3.65683
    endloop
  endfacet
  facet normal -1 0 0
    outer loop
      vertex 35.5 54.9111 2.74576
      vertex 35.5 56.5867 1.85011
      vertex 35.5 56.4101 1.5555
    endloop
  endfacet
  facet normal -1 -0 0
    outer loop
      vertex 35.5 56.9327 4.18282
      vertex 35.5 55.0693 3.81214
      vertex 35.5 56.8493 4.516
    endloop
  endfacet
  facet normal -1 0 0
    outer loop
      vertex 35.5 54.8304 2.61109
      vertex 35.5 56.4101 1.5555
      vertex 35.5 56.2055 1.27962
    endloop
  endfacet
  facet normal -1 0 0
    outer loop
      vertex 35.5 55.0311 3.96445
      vertex 35.5 56.8493 4.516
      vertex 35.5 55.0693 3.81214
    endloop
  endfacet
  facet normal -1 0 0
    outer loop
      vertex 35.5 54.7368 2.48497
      vertex 35.5 56.2055 1.27962
      vertex 35.5 55.9749 1.02513
    endloop
  endfacet
  facet normal -1 -0 0
    outer loop
      vertex 35.5 56.8493 4.516
      vertex 35.5 55.0311 3.96445
      vertex 35.5 56.7336 4.83939
    endloop
  endfacet
  facet normal -1 0 0
    outer loop
      vertex 35.5 54.6314 2.36863
      vertex 35.5 55.9749 1.02513
      vertex 35.5 55.7204 0.794463
    endloop
  endfacet
  facet normal -1 0 0
    outer loop
      vertex 35.5 54.9782 4.11229
      vertex 35.5 56.7336 4.83939
      vertex 35.5 55.0311 3.96445
    endloop
  endfacet
  facet normal -1 0 0
    outer loop
      vertex 35.5 54.515 2.26318
      vertex 35.5 55.7204 0.794463
      vertex 35.5 55.4445 0.589856
    endloop
  endfacet
  facet normal -1 -0 0
    outer loop
      vertex 35.5 56.7336 4.83939
      vertex 35.5 54.9782 4.11229
      vertex 35.5 56.5867 5.14989
    endloop
  endfacet
  facet normal -1 0 0
    outer loop
      vertex 35.5 54.3889 2.16965
      vertex 35.5 55.4445 0.589856
      vertex 35.5 55.1499 0.413275
    endloop
  endfacet
  facet normal -1 0 0
    outer loop
      vertex 35.5 54.9111 4.25423
      vertex 35.5 56.5867 5.14989
      vertex 35.5 54.9782 4.11229
    endloop
  endfacet
  facet normal -1 -0 0
    outer loop
      vertex 35.5 56.5867 5.14989
      vertex 35.5 54.9111 4.25423
      vertex 35.5 56.4101 5.4445
    endloop
  endfacet
  facet normal -1 0 0
    outer loop
      vertex 35.5 56.9831 3.15694
      vertex 35.5 55.0923 3.34317
      vertex 35.5 55.1 3.5
    endloop
  endfacet
  facet normal -1 0 0
    outer loop
      vertex 35.5 56.9327 2.81718
      vertex 35.5 55.0693 3.18785
      vertex 35.5 55.0923 3.34317
    endloop
  endfacet
  facet normal -1 0 0
    outer loop
      vertex 35.5 56.8493 2.484
      vertex 35.5 55.0311 3.03554
      vertex 35.5 55.0693 3.18785
    endloop
  endfacet
  facet normal -1 0 0
    outer loop
      vertex 35.5 56.7336 2.16061
      vertex 35.5 54.9782 2.88771
      vertex 35.5 55.0311 3.03554
    endloop
  endfacet
  facet normal -1 0 0
    outer loop
      vertex 35.5 56.5867 1.85011
      vertex 35.5 54.9111 2.74576
      vertex 35.5 54.9782 2.88771
    endloop
  endfacet
  facet normal -1 0 0
    outer loop
      vertex 35.5 54.2542 2.08893
      vertex 35.5 55.1499 0.413275
      vertex 35.5 54.8394 0.266421
    endloop
  endfacet
  facet normal -1 0 0
    outer loop
      vertex 35.5 56.4101 1.5555
      vertex 35.5 54.8304 2.61109
      vertex 35.5 54.9111 2.74576
    endloop
  endfacet
  facet normal -1 0 0
    outer loop
      vertex 35.5 56.2055 1.27962
      vertex 35.5 54.7368 2.48497
      vertex 35.5 54.8304 2.61109
    endloop
  endfacet
  facet normal -1 0 0
    outer loop
      vertex 35.5 55.9749 1.02513
      vertex 35.5 54.6314 2.36863
      vertex 35.5 54.7368 2.48497
    endloop
  endfacet
  facet normal -1 0 0
    outer loop
      vertex 35.5 54.1123 2.02179
      vertex 35.5 54.8394 0.266421
      vertex 35.5 54.516 0.150708
    endloop
  endfacet
  facet normal -1 0 0
    outer loop
      vertex 35.5 55.7204 0.794463
      vertex 35.5 54.515 2.26318
      vertex 35.5 54.6314 2.36863
    endloop
  endfacet
  facet normal -1 0 0
    outer loop
      vertex 35.5 55.4445 0.589856
      vertex 35.5 54.3889 2.16965
      vertex 35.5 54.515 2.26318
    endloop
  endfacet
  facet normal -1 0 0
    outer loop
      vertex 35.5 55.1499 0.413275
      vertex 35.5 54.2542 2.08893
      vertex 35.5 54.3889 2.16965
    endloop
  endfacet
  facet normal -1 0 0
    outer loop
      vertex 35.5 53.9645 1.96889
      vertex 35.5 54.516 0.150708
      vertex 35.5 54.1828 0.0672512
    endloop
  endfacet
  facet normal -1 0 0
    outer loop
      vertex 35.5 54.8394 0.266421
      vertex 35.5 54.1123 2.02179
      vertex 35.5 54.2542 2.08893
    endloop
  endfacet
  facet normal -1 0 0
    outer loop
      vertex 35.5 54.516 0.150708
      vertex 35.5 53.9645 1.96889
      vertex 35.5 54.1123 2.02179
    endloop
  endfacet
  facet normal -1 0 0
    outer loop
      vertex 35.5 53.8121 1.93074
      vertex 35.5 54.1828 0.0672512
      vertex 35.5 53.8431 0.0168533
    endloop
  endfacet
  facet normal -1 0 0
    outer loop
      vertex 35.5 54.1828 0.0672512
      vertex 35.5 53.8121 1.93074
      vertex 35.5 53.9645 1.96889
    endloop
  endfacet
  facet normal -1 0 0
    outer loop
      vertex 35.5 53.8431 0.0168533
      vertex 35.5 53.6568 1.9077
      vertex 35.5 53.8121 1.93074
    endloop
  endfacet
  facet normal -1 0 0
    outer loop
      vertex 35.5 53.5 0
      vertex 35.5 53.6568 1.9077
      vertex 35.5 53.8431 0.0168533
    endloop
  endfacet
  facet normal -1 0 0
    outer loop
      vertex 35.5 53.5 0
      vertex 35.5 53.5 1.9
      vertex 35.5 53.6568 1.9077
    endloop
  endfacet
  facet normal -1 0 0
    outer loop
      vertex 35.5 53.5 0
      vertex 35.5 53.3432 1.9077
      vertex 35.5 53.5 1.9
    endloop
  endfacet
  facet normal -1 0 0
    outer loop
      vertex 35.5 53.5 0
      vertex 35.5 53.1879 1.93074
      vertex 35.5 53.3432 1.9077
    endloop
  endfacet
  facet normal -1 0 0
    outer loop
      vertex 35.5 53.5 0
      vertex 35.5 53.0355 1.96889
      vertex 35.5 53.1879 1.93074
    endloop
  endfacet
  facet normal -1 0 0
    outer loop
      vertex 35.5 53.5 0
      vertex 35.5 52.8877 2.02179
      vertex 35.5 53.0355 1.96889
    endloop
  endfacet
  facet normal -1 0 0
    outer loop
      vertex 35.5 53.5 0
      vertex 35.5 52.7458 2.08893
      vertex 35.5 52.8877 2.02179
    endloop
  endfacet
  facet normal -1 0 0
    outer loop
      vertex 35.5 53.5 0
      vertex 35.5 52.6111 2.16965
      vertex 35.5 52.7458 2.08893
    endloop
  endfacet
  facet normal -1 0 0
    outer loop
      vertex 35.5 53.5 0
      vertex 35.5 52.485 2.26318
      vertex 35.5 52.6111 2.16965
    endloop
  endfacet
  facet normal -1 0 0
    outer loop
      vertex 35.5 53.5 0
      vertex 35.5 52.3686 2.36863
      vertex 35.5 52.485 2.26318
    endloop
  endfacet
  facet normal -1 0 0
    outer loop
      vertex 35.5 53.5 0
      vertex 35.5 52.2632 2.48497
      vertex 35.5 52.3686 2.36863
    endloop
  endfacet
  facet normal -1 0 0
    outer loop
      vertex 35.5 43.05 0
      vertex 35.5 52.2632 2.48497
      vertex 35.5 53.5 0
    endloop
  endfacet
  facet normal -1 -0 0
    outer loop
      vertex 35.5 52.2632 2.48497
      vertex 35.5 43.05 0
      vertex 35.5 52.1696 2.61109
    endloop
  endfacet
  facet normal -1 0 0
    outer loop
      vertex 35.5 51.9077 3.34317
      vertex 35.5 50 5.5
      vertex 35.5 51.9 3.5
    endloop
  endfacet
  facet normal -1 0 0
    outer loop
      vertex 35.5 51.9307 3.18785
      vertex 35.5 50 5.5
      vertex 35.5 51.9077 3.34317
    endloop
  endfacet
  facet normal -1 0 0
    outer loop
      vertex 35.5 47.6 5.5
      vertex 35.5 51.9307 3.18785
      vertex 35.5 51.9689 3.03554
    endloop
  endfacet
  facet normal -1 0 0
    outer loop
      vertex 35.5 47.6 5.5
      vertex 35.5 51.9689 3.03554
      vertex 35.5 52.0218 2.88771
    endloop
  endfacet
  facet normal -1 0 0
    outer loop
      vertex 35.5 47.6 5.5
      vertex 35.5 52.0218 2.88771
      vertex 35.5 52.0889 2.74576
    endloop
  endfacet
  facet normal -1 -0 0
    outer loop
      vertex 35.5 52.1696 2.61109
      vertex 35.5 43.05 0
      vertex 35.5 52.0889 2.74576
    endloop
  endfacet
  facet normal -1 0 0
    outer loop
      vertex 35.5 51.9307 3.18785
      vertex 35.5 47.6 5.5
      vertex 35.5 50 5.5
    endloop
  endfacet
  facet normal -1 -0 0
    outer loop
      vertex 35.5 52.0889 2.74576
      vertex 35.5 43.05 0
      vertex 35.5 47.6 5.5
    endloop
  endfacet
  facet normal -1 0 0
    outer loop
      vertex 35.5 43.05 2.4
      vertex 35.5 47.6 5.5
      vertex 35.5 43.05 0
    endloop
  endfacet
  facet normal -1 -0 0
    outer loop
      vertex 35.5 47.6 5.5
      vertex 35.5 43.05 2.4
      vertex 35.5 47.6 7
    endloop
  endfacet
  facet normal -1 0 0
    outer loop
      vertex 35.5 39 7
      vertex 35.5 43.05 2.4
      vertex 35.5 39 2.4
    endloop
  endfacet
  facet normal -1 0 0
    outer loop
      vertex 35.5 43.05 2.4
      vertex 35.5 39 7
      vertex 35.5 47.6 7
    endloop
  endfacet
  facet normal -1 0 0
    outer loop
      vertex 35.5 54.8304 4.38891
      vertex 35.5 56.4101 5.4445
      vertex 35.5 54.9111 4.25423
    endloop
  endfacet
  facet normal -1 -0 0
    outer loop
      vertex 35.5 56.4101 5.4445
      vertex 35.5 54.8304 4.38891
      vertex 35.5 56.2055 5.72038
    endloop
  endfacet
  facet normal -1 0 0
    outer loop
      vertex 35.5 54.7368 4.51503
      vertex 35.5 56.2055 5.72038
      vertex 35.5 54.8304 4.38891
    endloop
  endfacet
  facet normal -1 -0 0
    outer loop
      vertex 35.5 56.2055 5.72038
      vertex 35.5 54.7368 4.51503
      vertex 35.5 55.9749 5.97487
    endloop
  endfacet
  facet normal -1 0 0
    outer loop
      vertex 35.5 54.6314 4.63137
      vertex 35.5 55.9749 5.97487
      vertex 35.5 54.7368 4.51503
    endloop
  endfacet
  facet normal -1 -0 0
    outer loop
      vertex 35.5 55.9749 5.97487
      vertex 35.5 54.6314 4.63137
      vertex 35.5 55.7204 6.20554
    endloop
  endfacet
  facet normal -1 0 0
    outer loop
      vertex 35.5 54.515 4.73682
      vertex 35.5 55.7204 6.20554
      vertex 35.5 54.6314 4.63137
    endloop
  endfacet
  facet normal -1 -0 0
    outer loop
      vertex 35.5 55.7204 6.20554
      vertex 35.5 54.515 4.73682
      vertex 35.5 55.4445 6.41014
    endloop
  endfacet
  facet normal -1 0 0
    outer loop
      vertex 35.5 54.3889 4.83035
      vertex 35.5 55.4445 6.41014
      vertex 35.5 54.515 4.73682
    endloop
  endfacet
  facet normal -1 -0 0
    outer loop
      vertex 35.5 55.4445 6.41014
      vertex 35.5 54.3889 4.83035
      vertex 35.5 55.1499 6.58672
    endloop
  endfacet
  facet normal -1 0 0
    outer loop
      vertex 35.5 54.2542 4.91107
      vertex 35.5 55.1499 6.58672
      vertex 35.5 54.3889 4.83035
    endloop
  endfacet
  facet normal -1 -0 0
    outer loop
      vertex 35.5 55.1499 6.58672
      vertex 35.5 54.2542 4.91107
      vertex 35.5 54.8394 6.73358
    endloop
  endfacet
  facet normal -1 0 0
    outer loop
      vertex 35.5 54.1123 4.97821
      vertex 35.5 54.8394 6.73358
      vertex 35.5 54.2542 4.91107
    endloop
  endfacet
  facet normal -1 -0 0
    outer loop
      vertex 35.5 54.8394 6.73358
      vertex 35.5 54.1123 4.97821
      vertex 35.5 54.516 6.84929
    endloop
  endfacet
  facet normal -1 0 0
    outer loop
      vertex 35.5 53.9645 5.0311
      vertex 35.5 54.516 6.84929
      vertex 35.5 54.1123 4.97821
    endloop
  endfacet
  facet normal -1 -0 0
    outer loop
      vertex 35.5 54.516 6.84929
      vertex 35.5 53.9645 5.0311
      vertex 35.5 54.1828 6.93275
    endloop
  endfacet
  facet normal -1 0 0
    outer loop
      vertex 35.5 53.8121 5.06926
      vertex 35.5 54.1828 6.93275
      vertex 35.5 53.9645 5.0311
    endloop
  endfacet
  facet normal -1 -0 0
    outer loop
      vertex 35.5 54.1828 6.93275
      vertex 35.5 53.8121 5.06926
      vertex 35.5 53.8431 6.98315
    endloop
  endfacet
  facet normal -1 0 0
    outer loop
      vertex 35.5 53.6568 5.09229
      vertex 35.5 53.8431 6.98315
      vertex 35.5 53.8121 5.06926
    endloop
  endfacet
  facet normal -1 0 0
    outer loop
      vertex 35.5 53.5 5.1
      vertex 35.5 53.8431 6.98315
      vertex 35.5 53.6568 5.09229
    endloop
  endfacet
  facet normal -1 0 0
    outer loop
      vertex 35.5 53.5 5.1
      vertex 35.5 53.5 7
      vertex 35.5 53.8431 6.98315
    endloop
  endfacet
  facet normal -1 0 0
    outer loop
      vertex 35.5 53.3432 5.09229
      vertex 35.5 53.5 7
      vertex 35.5 53.5 5.1
    endloop
  endfacet
  facet normal -1 0 0
    outer loop
      vertex 35.5 53.1879 5.06926
      vertex 35.5 53.5 7
      vertex 35.5 53.3432 5.09229
    endloop
  endfacet
  facet normal -1 0 0
    outer loop
      vertex 35.5 53.0355 5.0311
      vertex 35.5 53.5 7
      vertex 35.5 53.1879 5.06926
    endloop
  endfacet
  facet normal -1 0 0
    outer loop
      vertex 35.5 52.8877 4.97821
      vertex 35.5 53.5 7
      vertex 35.5 53.0355 5.0311
    endloop
  endfacet
  facet normal -1 0 0
    outer loop
      vertex 35.5 52.7458 4.91107
      vertex 35.5 53.5 7
      vertex 35.5 52.8877 4.97821
    endloop
  endfacet
  facet normal -1 0 0
    outer loop
      vertex 35.5 52.6111 4.83035
      vertex 35.5 53.5 7
      vertex 35.5 52.7458 4.91107
    endloop
  endfacet
  facet normal -1 0 0
    outer loop
      vertex 35.5 50 5.5
      vertex 35.5 52.6111 4.83035
      vertex 35.5 52.485 4.73682
    endloop
  endfacet
  facet normal -1 0 0
    outer loop
      vertex 35.5 50 5.5
      vertex 35.5 52.485 4.73682
      vertex 35.5 52.3686 4.63137
    endloop
  endfacet
  facet normal -1 0 0
    outer loop
      vertex 35.5 50 5.5
      vertex 35.5 52.3686 4.63137
      vertex 35.5 52.2632 4.51503
    endloop
  endfacet
  facet normal -1 0 0
    outer loop
      vertex 35.5 50 5.5
      vertex 35.5 52.2632 4.51503
      vertex 35.5 52.1696 4.38891
    endloop
  endfacet
  facet normal -1 0 0
    outer loop
      vertex 35.5 50 5.5
      vertex 35.5 52.1696 4.38891
      vertex 35.5 52.0889 4.25423
    endloop
  endfacet
  facet normal -1 0 0
    outer loop
      vertex 35.5 50 5.5
      vertex 35.5 51.9077 3.65683
      vertex 35.5 51.9 3.5
    endloop
  endfacet
  facet normal -1 0 0
    outer loop
      vertex 35.5 50 5.5
      vertex 35.5 51.9307 3.81214
      vertex 35.5 51.9077 3.65683
    endloop
  endfacet
  facet normal -1 0 0
    outer loop
      vertex 35.5 50 5.5
      vertex 35.5 51.9689 3.96445
      vertex 35.5 51.9307 3.81214
    endloop
  endfacet
  facet normal -1 0 0
    outer loop
      vertex 35.5 50 5.5
      vertex 35.5 52.0218 4.11229
      vertex 35.5 51.9689 3.96445
    endloop
  endfacet
  facet normal -1 0 0
    outer loop
      vertex 35.5 50 5.5
      vertex 35.5 52.0889 4.25423
      vertex 35.5 52.0218 4.11229
    endloop
  endfacet
  facet normal -1 0 0
    outer loop
      vertex 35.5 52.6111 4.83035
      vertex 35.5 50 5.5
      vertex 35.5 50 7
    endloop
  endfacet
  facet normal -1 0 0
    outer loop
      vertex 35.5 52.6111 4.83035
      vertex 35.5 50 7
      vertex 35.5 53.5 7
    endloop
  endfacet
  facet normal -0 0.336879 0.941548
    outer loop
      vertex 35.5 54.8394 6.73358
      vertex 49.5 54.516 6.84929
      vertex 49.5 54.8394 6.73358
    endloop
  endfacet
  facet normal 0 0.336879 0.941548
    outer loop
      vertex 49.5 54.516 6.84929
      vertex 35.5 54.8394 6.73358
      vertex 35.5 54.516 6.84929
    endloop
  endfacet
  facet normal 1 0 0
    outer loop
      vertex 49.5 44.5103 7
      vertex 49.5 43.05 4.91146
      vertex 49.5 44.5103 5.5
    endloop
  endfacet
  facet normal 1 0 0
    outer loop
      vertex 49.5 44.5103 7
      vertex 49.5 43.0371 4.90833
      vertex 49.5 43.05 4.91146
    endloop
  endfacet
  facet normal 1 0 0
    outer loop
      vertex 49.5 44.5103 7
      vertex 49.5 42.9945 4.89797
      vertex 49.5 43.0371 4.90833
    endloop
  endfacet
  facet normal 1 0 0
    outer loop
      vertex 49.5 44.5103 7
      vertex 49.5 42.541 4.83134
      vertex 49.5 42.9945 4.89797
    endloop
  endfacet
  facet normal 1 0 0
    outer loop
      vertex 49.5 42.4431 4.82179
      vertex 49.5 42.541 4.83134
      vertex 49.5 44.5103 7
    endloop
  endfacet
  facet normal 1 0 0
    outer loop
      vertex 49.5 42.541 4.83134
      vertex 49.5 42.4431 4.82179
      vertex 49.5 42.4924 4.82421
    endloop
  endfacet
  facet normal 1 0 0
    outer loop
      vertex 49.5 44.5103 7
      vertex 49.5 42 4.80001
      vertex 49.5 42.4431 4.82179
    endloop
  endfacet
  facet normal 1 -0 0
    outer loop
      vertex 49.5 39 7
      vertex 49.5 42 4.80001
      vertex 49.5 44.5103 7
    endloop
  endfacet
  facet normal 1 0 0
    outer loop
      vertex 49.5 42 4.80001
      vertex 49.5 39 7
      vertex 49.5 39 4.80001
    endloop
  endfacet
  facet normal 1 0 0
    outer loop
      vertex 49.5 55.1 3.5
      vertex 49.5 57 3.5
      vertex 49.5 56.9831 3.84306
    endloop
  endfacet
  facet normal 1 0 0
    outer loop
      vertex 49.5 55.0923 3.65683
      vertex 49.5 56.9831 3.84306
      vertex 49.5 56.9327 4.18282
    endloop
  endfacet
  facet normal 1 0 0
    outer loop
      vertex 49.5 57 3.5
      vertex 49.5 55.1 3.5
      vertex 49.5 56.9831 3.15694
    endloop
  endfacet
  facet normal 1 0 0
    outer loop
      vertex 49.5 55.0693 3.81214
      vertex 49.5 56.9327 4.18282
      vertex 49.5 56.8493 4.516
    endloop
  endfacet
  facet normal 1 -0 0
    outer loop
      vertex 49.5 55.0923 3.34317
      vertex 49.5 56.9831 3.15694
      vertex 49.5 55.1 3.5
    endloop
  endfacet
  facet normal 1 0 0
    outer loop
      vertex 49.5 55.0311 3.96445
      vertex 49.5 56.8493 4.516
      vertex 49.5 56.7336 4.83939
    endloop
  endfacet
  facet normal 1 0 0
    outer loop
      vertex 49.5 56.9831 3.15694
      vertex 49.5 55.0923 3.34317
      vertex 49.5 56.9327 2.81718
    endloop
  endfacet
  facet normal 1 0 0
    outer loop
      vertex 49.5 54.9782 4.11229
      vertex 49.5 56.7336 4.83939
      vertex 49.5 56.5867 5.14989
    endloop
  endfacet
  facet normal 1 -0 0
    outer loop
      vertex 49.5 55.0693 3.18785
      vertex 49.5 56.9327 2.81718
      vertex 49.5 55.0923 3.34317
    endloop
  endfacet
  facet normal 1 0 0
    outer loop
      vertex 49.5 54.9111 4.25423
      vertex 49.5 56.5867 5.14989
      vertex 49.5 56.4101 5.4445
    endloop
  endfacet
  facet normal 1 0 0
    outer loop
      vertex 49.5 56.9327 2.81718
      vertex 49.5 55.0693 3.18785
      vertex 49.5 56.8493 2.484
    endloop
  endfacet
  facet normal 1 0 0
    outer loop
      vertex 49.5 54.8304 4.38891
      vertex 49.5 56.4101 5.4445
      vertex 49.5 56.2055 5.72038
    endloop
  endfacet
  facet normal 1 -0 0
    outer loop
      vertex 49.5 55.0311 3.03554
      vertex 49.5 56.8493 2.484
      vertex 49.5 55.0693 3.18785
    endloop
  endfacet
  facet normal 1 0 0
    outer loop
      vertex 49.5 54.7368 4.51503
      vertex 49.5 56.2055 5.72038
      vertex 49.5 55.9749 5.97487
    endloop
  endfacet
  facet normal 1 0 0
    outer loop
      vertex 49.5 56.8493 2.484
      vertex 49.5 55.0311 3.03554
      vertex 49.5 56.7336 2.16061
    endloop
  endfacet
  facet normal 1 0 0
    outer loop
      vertex 49.5 54.6314 4.63137
      vertex 49.5 55.9749 5.97487
      vertex 49.5 55.7204 6.20554
    endloop
  endfacet
  facet normal 1 -0 0
    outer loop
      vertex 49.5 54.9782 2.88771
      vertex 49.5 56.7336 2.16061
      vertex 49.5 55.0311 3.03554
    endloop
  endfacet
  facet normal 1 0 0
    outer loop
      vertex 49.5 54.515 4.73682
      vertex 49.5 55.7204 6.20554
      vertex 49.5 55.4445 6.41014
    endloop
  endfacet
  facet normal 1 0 0
    outer loop
      vertex 49.5 56.7336 2.16061
      vertex 49.5 54.9782 2.88771
      vertex 49.5 56.5867 1.85011
    endloop
  endfacet
  facet normal 1 0 0
    outer loop
      vertex 49.5 54.3889 4.83035
      vertex 49.5 55.4445 6.41014
      vertex 49.5 55.1499 6.58672
    endloop
  endfacet
  facet normal 1 -0 0
    outer loop
      vertex 49.5 54.9111 2.74576
      vertex 49.5 56.5867 1.85011
      vertex 49.5 54.9782 2.88771
    endloop
  endfacet
  facet normal 1 0 0
    outer loop
      vertex 49.5 56.5867 1.85011
      vertex 49.5 54.9111 2.74576
      vertex 49.5 56.4101 1.5555
    endloop
  endfacet
  facet normal 1 0 0
    outer loop
      vertex 49.5 56.9831 3.84306
      vertex 49.5 55.0923 3.65683
      vertex 49.5 55.1 3.5
    endloop
  endfacet
  facet normal 1 0 0
    outer loop
      vertex 49.5 56.9327 4.18282
      vertex 49.5 55.0693 3.81214
      vertex 49.5 55.0923 3.65683
    endloop
  endfacet
  facet normal 1 0 0
    outer loop
      vertex 49.5 56.8493 4.516
      vertex 49.5 55.0311 3.96445
      vertex 49.5 55.0693 3.81214
    endloop
  endfacet
  facet normal 1 0 0
    outer loop
      vertex 49.5 56.7336 4.83939
      vertex 49.5 54.9782 4.11229
      vertex 49.5 55.0311 3.96445
    endloop
  endfacet
  facet normal 1 0 0
    outer loop
      vertex 49.5 56.5867 5.14989
      vertex 49.5 54.9111 4.25423
      vertex 49.5 54.9782 4.11229
    endloop
  endfacet
  facet normal 1 0 0
    outer loop
      vertex 49.5 54.2542 4.91107
      vertex 49.5 55.1499 6.58672
      vertex 49.5 54.8394 6.73358
    endloop
  endfacet
  facet normal 1 0 0
    outer loop
      vertex 49.5 56.4101 5.4445
      vertex 49.5 54.8304 4.38891
      vertex 49.5 54.9111 4.25423
    endloop
  endfacet
  facet normal 1 0 0
    outer loop
      vertex 49.5 56.2055 5.72038
      vertex 49.5 54.7368 4.51503
      vertex 49.5 54.8304 4.38891
    endloop
  endfacet
  facet normal 1 0 0
    outer loop
      vertex 49.5 55.9749 5.97487
      vertex 49.5 54.6314 4.63137
      vertex 49.5 54.7368 4.51503
    endloop
  endfacet
  facet normal 1 0 0
    outer loop
      vertex 49.5 54.1123 4.97821
      vertex 49.5 54.8394 6.73358
      vertex 49.5 54.516 6.84929
    endloop
  endfacet
  facet normal 1 0 0
    outer loop
      vertex 49.5 55.7204 6.20554
      vertex 49.5 54.515 4.73682
      vertex 49.5 54.6314 4.63137
    endloop
  endfacet
  facet normal 1 0 0
    outer loop
      vertex 49.5 55.4445 6.41014
      vertex 49.5 54.3889 4.83035
      vertex 49.5 54.515 4.73682
    endloop
  endfacet
  facet normal 1 0 0
    outer loop
      vertex 49.5 55.1499 6.58672
      vertex 49.5 54.2542 4.91107
      vertex 49.5 54.3889 4.83035
    endloop
  endfacet
  facet normal 1 0 0
    outer loop
      vertex 49.5 53.9645 5.0311
      vertex 49.5 54.516 6.84929
      vertex 49.5 54.1828 6.93275
    endloop
  endfacet
  facet normal 1 0 0
    outer loop
      vertex 49.5 54.8394 6.73358
      vertex 49.5 54.1123 4.97821
      vertex 49.5 54.2542 4.91107
    endloop
  endfacet
  facet normal 1 0 0
    outer loop
      vertex 49.5 54.516 6.84929
      vertex 49.5 53.9645 5.0311
      vertex 49.5 54.1123 4.97821
    endloop
  endfacet
  facet normal 1 0 0
    outer loop
      vertex 49.5 53.8121 5.06926
      vertex 49.5 54.1828 6.93275
      vertex 49.5 53.8431 6.98315
    endloop
  endfacet
  facet normal 1 0 0
    outer loop
      vertex 49.5 54.1828 6.93275
      vertex 49.5 53.8121 5.06926
      vertex 49.5 53.9645 5.0311
    endloop
  endfacet
  facet normal 1 0 0
    outer loop
      vertex 49.5 53.8431 6.98315
      vertex 49.5 53.6568 5.09229
      vertex 49.5 53.8121 5.06926
    endloop
  endfacet
  facet normal 1 0 0
    outer loop
      vertex 49.5 53.5 7
      vertex 49.5 53.6568 5.09229
      vertex 49.5 53.8431 6.98315
    endloop
  endfacet
  facet normal 1 0 0
    outer loop
      vertex 49.5 53.5 7
      vertex 49.5 53.5 5.1
      vertex 49.5 53.6568 5.09229
    endloop
  endfacet
  facet normal 1 0 0
    outer loop
      vertex 49.5 53.5 7
      vertex 49.5 53.3432 5.09229
      vertex 49.5 53.5 5.1
    endloop
  endfacet
  facet normal 1 0 0
    outer loop
      vertex 49.5 53.5 7
      vertex 49.5 53.1879 5.06926
      vertex 49.5 53.3432 5.09229
    endloop
  endfacet
  facet normal 1 0 0
    outer loop
      vertex 49.5 53.5 7
      vertex 49.5 53.0355 5.0311
      vertex 49.5 53.1879 5.06926
    endloop
  endfacet
  facet normal 1 0 0
    outer loop
      vertex 49.5 53.5 7
      vertex 49.5 52.8877 4.97821
      vertex 49.5 53.0355 5.0311
    endloop
  endfacet
  facet normal 1 0 0
    outer loop
      vertex 49.5 53.5 7
      vertex 49.5 52.7458 4.91107
      vertex 49.5 52.8877 4.97821
    endloop
  endfacet
  facet normal 1 0 0
    outer loop
      vertex 49.5 53.5 7
      vertex 49.5 52.6111 4.83035
      vertex 49.5 52.7458 4.91107
    endloop
  endfacet
  facet normal 1 0 0
    outer loop
      vertex 49.5 53.5 7
      vertex 49.5 52.485 4.73682
      vertex 49.5 52.6111 4.83035
    endloop
  endfacet
  facet normal 1 -0 0
    outer loop
      vertex 49.5 48.2398 7
      vertex 49.5 52.485 4.73682
      vertex 49.5 53.5 7
    endloop
  endfacet
  facet normal 1 0 0
    outer loop
      vertex 49.5 52.485 4.73682
      vertex 49.5 48.2398 7
      vertex 49.5 52.3686 4.63137
    endloop
  endfacet
  facet normal 1 -0 0
    outer loop
      vertex 49.5 48.2398 5.5
      vertex 49.5 52.3686 4.63137
      vertex 49.5 48.2398 7
    endloop
  endfacet
  facet normal 1 0 0
    outer loop
      vertex 49.5 52.3686 4.63137
      vertex 49.5 48.2398 5.5
      vertex 49.5 52.2632 4.51503
    endloop
  endfacet
  facet normal 1 0 0
    outer loop
      vertex 49.5 51.9307 3.81214
      vertex 49.5 48.2398 5.5
      vertex 49.5 51.9077 3.65683
    endloop
  endfacet
  facet normal 1 0 0
    outer loop
      vertex 49.5 51.9689 3.96445
      vertex 49.5 48.2398 5.5
      vertex 49.5 51.9307 3.81214
    endloop
  endfacet
  facet normal 1 0 0
    outer loop
      vertex 49.5 52.0218 4.11229
      vertex 49.5 48.2398 5.5
      vertex 49.5 51.9689 3.96445
    endloop
  endfacet
  facet normal 1 0 0
    outer loop
      vertex 49.5 52.0889 4.25423
      vertex 49.5 48.2398 5.5
      vertex 49.5 52.0218 4.11229
    endloop
  endfacet
  facet normal 1 0 0
    outer loop
      vertex 49.5 52.1696 4.38891
      vertex 49.5 48.2398 5.5
      vertex 49.5 52.0889 4.25423
    endloop
  endfacet
  facet normal 1 0 0
    outer loop
      vertex 49.5 52.2632 4.51503
      vertex 49.5 48.2398 5.5
      vertex 49.5 52.1696 4.38891
    endloop
  endfacet
  facet normal 1 -0 0
    outer loop
      vertex 49.5 54.8304 2.61109
      vertex 49.5 56.4101 1.5555
      vertex 49.5 54.9111 2.74576
    endloop
  endfacet
  facet normal 1 0 0
    outer loop
      vertex 49.5 56.4101 1.5555
      vertex 49.5 54.8304 2.61109
      vertex 49.5 56.2055 1.27962
    endloop
  endfacet
  facet normal 1 -0 0
    outer loop
      vertex 49.5 54.7368 2.48497
      vertex 49.5 56.2055 1.27962
      vertex 49.5 54.8304 2.61109
    endloop
  endfacet
  facet normal 1 0 0
    outer loop
      vertex 49.5 56.2055 1.27962
      vertex 49.5 54.7368 2.48497
      vertex 49.5 55.9749 1.02513
    endloop
  endfacet
  facet normal 1 -0 0
    outer loop
      vertex 49.5 54.6314 2.36863
      vertex 49.5 55.9749 1.02513
      vertex 49.5 54.7368 2.48497
    endloop
  endfacet
  facet normal 1 0 0
    outer loop
      vertex 49.5 55.9749 1.02513
      vertex 49.5 54.6314 2.36863
      vertex 49.5 55.7204 0.794463
    endloop
  endfacet
  facet normal 1 -0 0
    outer loop
      vertex 49.5 54.515 2.26318
      vertex 49.5 55.7204 0.794463
      vertex 49.5 54.6314 2.36863
    endloop
  endfacet
  facet normal 1 0 0
    outer loop
      vertex 49.5 55.7204 0.794463
      vertex 49.5 54.515 2.26318
      vertex 49.5 55.4445 0.589856
    endloop
  endfacet
  facet normal 1 -0 0
    outer loop
      vertex 49.5 54.3889 2.16965
      vertex 49.5 55.4445 0.589856
      vertex 49.5 54.515 2.26318
    endloop
  endfacet
  facet normal 1 0 0
    outer loop
      vertex 49.5 55.4445 0.589856
      vertex 49.5 54.3889 2.16965
      vertex 49.5 55.1499 0.413275
    endloop
  endfacet
  facet normal 1 -0 0
    outer loop
      vertex 49.5 54.2542 2.08893
      vertex 49.5 55.1499 0.413275
      vertex 49.5 54.3889 2.16965
    endloop
  endfacet
  facet normal 1 0 0
    outer loop
      vertex 49.5 55.1499 0.413275
      vertex 49.5 54.2542 2.08893
      vertex 49.5 54.8394 0.266421
    endloop
  endfacet
  facet normal 1 -0 0
    outer loop
      vertex 49.5 54.1123 2.02179
      vertex 49.5 54.8394 0.266421
      vertex 49.5 54.2542 2.08893
    endloop
  endfacet
  facet normal 1 0 0
    outer loop
      vertex 49.5 54.8394 0.266421
      vertex 49.5 54.1123 2.02179
      vertex 49.5 54.516 0.150708
    endloop
  endfacet
  facet normal 1 -0 0
    outer loop
      vertex 49.5 53.9645 1.96889
      vertex 49.5 54.516 0.150708
      vertex 49.5 54.1123 2.02179
    endloop
  endfacet
  facet normal 1 0 0
    outer loop
      vertex 49.5 54.516 0.150708
      vertex 49.5 53.9645 1.96889
      vertex 49.5 54.1828 0.0672512
    endloop
  endfacet
  facet normal 1 -0 0
    outer loop
      vertex 49.5 53.8121 1.93074
      vertex 49.5 54.1828 0.0672512
      vertex 49.5 53.9645 1.96889
    endloop
  endfacet
  facet normal 1 0 0
    outer loop
      vertex 49.5 54.1828 0.0672512
      vertex 49.5 53.8121 1.93074
      vertex 49.5 53.8431 0.0168533
    endloop
  endfacet
  facet normal 1 -0 0
    outer loop
      vertex 49.5 53.6568 1.9077
      vertex 49.5 53.8431 0.0168533
      vertex 49.5 53.8121 1.93074
    endloop
  endfacet
  facet normal 1 -0 0
    outer loop
      vertex 49.5 53.5 1.9
      vertex 49.5 53.8431 0.0168533
      vertex 49.5 53.6568 1.9077
    endloop
  endfacet
  facet normal 1 0 0
    outer loop
      vertex 49.5 53.5 1.9
      vertex 49.5 53.5 0
      vertex 49.5 53.8431 0.0168533
    endloop
  endfacet
  facet normal 1 0 0
    outer loop
      vertex 49.5 53.3432 1.9077
      vertex 49.5 53.5 0
      vertex 49.5 53.5 1.9
    endloop
  endfacet
  facet normal 1 0 0
    outer loop
      vertex 49.5 53.1879 1.93074
      vertex 49.5 53.5 0
      vertex 49.5 53.3432 1.9077
    endloop
  endfacet
  facet normal 1 0 0
    outer loop
      vertex 49.5 53.0355 1.96889
      vertex 49.5 53.5 0
      vertex 49.5 53.1879 1.93074
    endloop
  endfacet
  facet normal 1 0 0
    outer loop
      vertex 49.5 52.8877 2.02179
      vertex 49.5 53.5 0
      vertex 49.5 53.0355 1.96889
    endloop
  endfacet
  facet normal 1 0 0
    outer loop
      vertex 49.5 52.7458 2.08893
      vertex 49.5 53.5 0
      vertex 49.5 52.8877 2.02179
    endloop
  endfacet
  facet normal 1 0 0
    outer loop
      vertex 49.5 52.6111 2.16965
      vertex 49.5 53.5 0
      vertex 49.5 52.7458 2.08893
    endloop
  endfacet
  facet normal 1 0 0
    outer loop
      vertex 49.5 52.485 2.26318
      vertex 49.5 53.5 0
      vertex 49.5 52.6111 2.16965
    endloop
  endfacet
  facet normal 1 0 0
    outer loop
      vertex 49.5 52.3686 2.36863
      vertex 49.5 53.5 0
      vertex 49.5 52.485 2.26318
    endloop
  endfacet
  facet normal 1 0 0
    outer loop
      vertex 49.5 52.2632 2.48497
      vertex 49.5 53.5 0
      vertex 49.5 52.3686 2.36863
    endloop
  endfacet
  facet normal 1 0 0
    outer loop
      vertex 49.5 43.05 0.11144
      vertex 49.5 52.2632 2.48497
      vertex 49.5 52.1696 2.61109
    endloop
  endfacet
  facet normal 1 0 0
    outer loop
      vertex 49.5 43.05 0.11144
      vertex 49.5 52.1696 2.61109
      vertex 49.5 52.0889 2.74576
    endloop
  endfacet
  facet normal 1 0 0
    outer loop
      vertex 49.5 51.9077 3.65683
      vertex 49.5 48.2398 5.5
      vertex 49.5 51.9 3.5
    endloop
  endfacet
  facet normal 1 0 0
    outer loop
      vertex 49.5 51.9 3.5
      vertex 49.5 48.2398 5.5
      vertex 49.5 51.9077 3.34317
    endloop
  endfacet
  facet normal 1 0 0
    outer loop
      vertex 49.5 51.9077 3.34317
      vertex 49.5 48.2398 5.5
      vertex 49.5 51.9307 3.18785
    endloop
  endfacet
  facet normal 1 0 0
    outer loop
      vertex 49.5 51.9307 3.18785
      vertex 49.5 48.2398 5.5
      vertex 49.5 51.9689 3.03554
    endloop
  endfacet
  facet normal 1 0 0
    outer loop
      vertex 49.5 51.9689 3.03554
      vertex 49.5 48.2398 5.5
      vertex 49.5 52.0218 2.88771
    endloop
  endfacet
  facet normal 1 0 0
    outer loop
      vertex 49.5 52.0218 2.88771
      vertex 49.5 48.2398 5.5
      vertex 49.5 52.0889 2.74576
    endloop
  endfacet
  facet normal 1 0 0
    outer loop
      vertex 49.5 43.05 0.11144
      vertex 49.5 52.0889 2.74576
      vertex 49.5 48.2398 5.5
    endloop
  endfacet
  facet normal 1 0 0
    outer loop
      vertex 49.5 43.05 0.11144
      vertex 49.5 48.2398 5.5
      vertex 49.5 44.5103 5.5
    endloop
  endfacet
  facet normal 1 0 0
    outer loop
      vertex 49.5 43.05 0.11144
      vertex 49.5 44.5103 5.5
      vertex 49.5 43.05 4.91146
    endloop
  endfacet
  facet normal 1 0 0
    outer loop
      vertex 49.5 52.2632 2.48497
      vertex 49.5 43.05 0.11144
      vertex 49.5 53.5 0
    endloop
  endfacet
  facet normal 1 -0 0
    outer loop
      vertex 49.5 43.0225 0.104742
      vertex 49.5 53.5 0
      vertex 49.5 43.05 0.11144
    endloop
  endfacet
  facet normal 1 -0 0
    outer loop
      vertex 49.5 42.9946 0.0979516
      vertex 49.5 53.5 0
      vertex 49.5 43.0225 0.104742
    endloop
  endfacet
  facet normal 1 -0 0
    outer loop
      vertex 49.5 42.9694 0.0942614
      vertex 49.5 53.5 0
      vertex 49.5 42.9946 0.0979516
    endloop
  endfacet
  facet normal 1 -0 0
    outer loop
      vertex 49.5 42.4925 0.0241949
      vertex 49.5 53.5 0
      vertex 49.5 42.9694 0.0942614
    endloop
  endfacet
  facet normal 1 -0 0
    outer loop
      vertex 49.5 42.4862 0.0238867
      vertex 49.5 53.5 0
      vertex 49.5 42.4925 0.0241949
    endloop
  endfacet
  facet normal 1 0 0
    outer loop
      vertex 49.5 53.5 0
      vertex 49.5 42.4862 0.0238867
      vertex 49.5 42 0
    endloop
  endfacet
  facet normal 0 0.741033 0.671469
    outer loop
      vertex 49.5 56.2055 5.72038
      vertex 35.5 55.9749 5.97487
      vertex 49.5 55.9749 5.97487
    endloop
  endfacet
  facet normal 0 0.741033 0.671469
    outer loop
      vertex 35.5 55.9749 5.97487
      vertex 49.5 56.2055 5.72038
      vertex 35.5 56.2055 5.72038
    endloop
  endfacet
  facet normal -0 0.595659 0.803237
    outer loop
      vertex 35.5 55.7204 6.20554
      vertex 49.5 55.4445 6.41014
      vertex 49.5 55.7204 6.20554
    endloop
  endfacet
  facet normal 0 0.595659 0.803237
    outer loop
      vertex 49.5 55.4445 6.41014
      vertex 35.5 55.7204 6.20554
      vertex 35.5 55.4445 6.41014
    endloop
  endfacet
  facet normal -0 0.51411 0.857724
    outer loop
      vertex 35.5 55.4445 6.41014
      vertex 49.5 55.1499 6.58672
      vertex 49.5 55.4445 6.41014
    endloop
  endfacet
  facet normal 0 0.51411 0.857724
    outer loop
      vertex 49.5 55.1499 6.58672
      vertex 35.5 55.4445 6.41014
      vertex 35.5 55.1499 6.58672
    endloop
  endfacet
  facet normal 0 0.336886 -0.941545
    outer loop
      vertex 35.5 54.516 0.150708
      vertex 49.5 54.8394 0.266421
      vertex 49.5 54.516 0.150708
    endloop
  endfacet
  facet normal 0 0.336886 -0.941545
    outer loop
      vertex 49.5 54.8394 0.266421
      vertex 35.5 54.516 0.150708
      vertex 35.5 54.8394 0.266421
    endloop
  endfacet
  facet normal 0 -0.94154 -0.336901
    outer loop
      vertex 35.5 55.0311 3.96445
      vertex 49.5 54.9782 4.11229
      vertex 35.5 54.9782 4.11229
    endloop
  endfacet
  facet normal 0 -0.94154 -0.336901
    outer loop
      vertex 49.5 54.9782 4.11229
      vertex 35.5 55.0311 3.96445
      vertex 49.5 55.0311 3.96445
    endloop
  endfacet
  facet normal 0 -0.242835 0.970068
    outer loop
      vertex 35.5 53.9645 1.96889
      vertex 49.5 53.8121 1.93074
      vertex 49.5 53.9645 1.96889
    endloop
  endfacet
  facet normal 0 -0.242835 0.970068
    outer loop
      vertex 49.5 53.8121 1.93074
      vertex 35.5 53.9645 1.96889
      vertex 35.5 53.8121 1.93074
    endloop
  endfacet
  facet normal 0 0.90407 -0.427385
    outer loop
      vertex 49.5 52.0218 4.11229
      vertex 35.5 52.0889 4.25423
      vertex 49.5 52.0889 4.25423
    endloop
  endfacet
  facet normal 0 0.90407 -0.427385
    outer loop
      vertex 35.5 52.0889 4.25423
      vertex 49.5 52.0218 4.11229
      vertex 35.5 52.0218 4.11229
    endloop
  endfacet
  facet normal 0 0.741092 0.671404
    outer loop
      vertex 49.5 52.3686 2.36863
      vertex 35.5 52.2632 2.48497
      vertex 49.5 52.2632 2.48497
    endloop
  endfacet
  facet normal 0 0.741092 0.671404
    outer loop
      vertex 35.5 52.2632 2.48497
      vertex 49.5 52.3686 2.36863
      vertex 35.5 52.3686 2.36863
    endloop
  endfacet
  facet normal 0 -0.989213 0.146484
    outer loop
      vertex 35.5 55.0693 3.18785
      vertex 49.5 55.0923 3.34317
      vertex 35.5 55.0923 3.34317
    endloop
  endfacet
  facet normal 0 -0.989213 0.146484
    outer loop
      vertex 49.5 55.0923 3.34317
      vertex 35.5 55.0693 3.18785
      vertex 49.5 55.0693 3.18785
    endloop
  endfacet
  facet normal 0 0.941533 0.336921
    outer loop
      vertex 49.5 52.0218 2.88771
      vertex 35.5 51.9689 3.03554
      vertex 49.5 51.9689 3.03554
    endloop
  endfacet
  facet normal 0 0.941533 0.336921
    outer loop
      vertex 35.5 51.9689 3.03554
      vertex 49.5 52.0218 2.88771
      vertex 35.5 52.0218 2.88771
    endloop
  endfacet
  facet normal -0 0.049048 0.998796
    outer loop
      vertex 35.5 53.5 1.9
      vertex 49.5 53.3432 1.9077
      vertex 49.5 53.5 1.9
    endloop
  endfacet
  facet normal 0 0.049048 0.998796
    outer loop
      vertex 49.5 53.3432 1.9077
      vertex 35.5 53.5 1.9
      vertex 35.5 53.3432 1.9077
    endloop
  endfacet
  facet normal 0 -0.595732 -0.803184
    outer loop
      vertex 35.5 54.3889 4.83035
      vertex 49.5 54.515 4.73682
      vertex 49.5 54.3889 4.83035
    endloop
  endfacet
  facet normal -0 -0.595732 -0.803184
    outer loop
      vertex 49.5 54.515 4.73682
      vertex 35.5 54.3889 4.83035
      vertex 35.5 54.515 4.73682
    endloop
  endfacet
  facet normal -0 0.595732 0.803184
    outer loop
      vertex 35.5 52.6111 2.16965
      vertex 49.5 52.485 2.26318
      vertex 49.5 52.6111 2.16965
    endloop
  endfacet
  facet normal 0 0.595732 0.803184
    outer loop
      vertex 49.5 52.485 2.26318
      vertex 35.5 52.6111 2.16965
      vertex 35.5 52.485 2.26318
    endloop
  endfacet
  facet normal 0 -0.049048 0.998796
    outer loop
      vertex 35.5 53.6568 1.9077
      vertex 49.5 53.5 1.9
      vertex 49.5 53.6568 1.9077
    endloop
  endfacet
  facet normal 0 -0.049048 0.998796
    outer loop
      vertex 49.5 53.5 1.9
      vertex 35.5 53.6568 1.9077
      vertex 35.5 53.5 1.9
    endloop
  endfacet
  facet normal -0 0.336982 0.941511
    outer loop
      vertex 35.5 53.0355 1.96889
      vertex 49.5 52.8877 2.02179
      vertex 49.5 53.0355 1.96889
    endloop
  endfacet
  facet normal 0 0.336982 0.941511
    outer loop
      vertex 49.5 52.8877 2.02179
      vertex 35.5 53.0355 1.96889
      vertex 35.5 52.8877 2.02179
    endloop
  endfacet
  facet normal 0 -0.857796 -0.51399
    outer loop
      vertex 35.5 54.9111 4.25423
      vertex 49.5 54.8304 4.38891
      vertex 35.5 54.8304 4.38891
    endloop
  endfacet
  facet normal 0 -0.857796 -0.51399
    outer loop
      vertex 49.5 54.8304 4.38891
      vertex 35.5 54.9111 4.25423
      vertex 49.5 54.9111 4.25423
    endloop
  endfacet
  facet normal 0 -0.427692 -0.903925
    outer loop
      vertex 35.5 54.1123 4.97821
      vertex 49.5 54.2542 4.91107
      vertex 49.5 54.1123 4.97821
    endloop
  endfacet
  facet normal -0 -0.427692 -0.903925
    outer loop
      vertex 49.5 54.2542 4.91107
      vertex 35.5 54.1123 4.97821
      vertex 35.5 54.2542 4.91107
    endloop
  endfacet
  facet normal 0 0.671388 -0.741106
    outer loop
      vertex 35.5 52.3686 4.63137
      vertex 49.5 52.485 4.73682
      vertex 49.5 52.3686 4.63137
    endloop
  endfacet
  facet normal 0 0.671388 -0.741106
    outer loop
      vertex 49.5 52.485 4.73682
      vertex 35.5 52.3686 4.63137
      vertex 35.5 52.485 4.73682
    endloop
  endfacet
  facet normal 0 -0.989212 -0.146493
    outer loop
      vertex 35.5 55.0923 3.65683
      vertex 49.5 55.0693 3.81214
      vertex 35.5 55.0693 3.81214
    endloop
  endfacet
  facet normal 0 -0.989212 -0.146493
    outer loop
      vertex 49.5 55.0693 3.81214
      vertex 35.5 55.0923 3.65683
      vertex 49.5 55.0923 3.65683
    endloop
  endfacet
  facet normal 0 -0.969959 -0.24327
    outer loop
      vertex 35.5 55.0693 3.81214
      vertex 49.5 55.0311 3.96445
      vertex 35.5 55.0311 3.96445
    endloop
  endfacet
  facet normal 0 -0.969959 -0.24327
    outer loop
      vertex 49.5 55.0311 3.96445
      vertex 35.5 55.0693 3.81214
      vertex 49.5 55.0693 3.81214
    endloop
  endfacet
  facet normal 0 0.427692 -0.903925
    outer loop
      vertex 35.5 52.7458 4.91107
      vertex 49.5 52.8877 4.97821
      vertex 49.5 52.7458 4.91107
    endloop
  endfacet
  facet normal 0 0.427692 -0.903925
    outer loop
      vertex 49.5 52.8877 4.97821
      vertex 35.5 52.7458 4.91107
      vertex 35.5 52.8877 4.97821
    endloop
  endfacet
  facet normal 0 -0.998797 -0.0490387
    outer loop
      vertex 35.5 55.1 3.5
      vertex 49.5 55.0923 3.65683
      vertex 35.5 55.0923 3.65683
    endloop
  endfacet
  facet normal 0 -0.998797 -0.0490387
    outer loop
      vertex 49.5 55.0923 3.65683
      vertex 35.5 55.1 3.5
      vertex 49.5 55.1 3.5
    endloop
  endfacet
  facet normal 0 -0.595732 0.803184
    outer loop
      vertex 35.5 54.515 2.26318
      vertex 49.5 54.3889 2.16965
      vertex 49.5 54.515 2.26318
    endloop
  endfacet
  facet normal 0 -0.595732 0.803184
    outer loop
      vertex 49.5 54.3889 2.16965
      vertex 35.5 54.515 2.26318
      vertex 35.5 54.3889 2.16965
    endloop
  endfacet
  facet normal 0 0.998797 0.0490387
    outer loop
      vertex 49.5 51.9077 3.34317
      vertex 35.5 51.9 3.5
      vertex 49.5 51.9 3.5
    endloop
  endfacet
  facet normal 0 0.998797 0.0490387
    outer loop
      vertex 35.5 51.9 3.5
      vertex 49.5 51.9077 3.34317
      vertex 35.5 51.9077 3.34317
    endloop
  endfacet
  facet normal 0 -0.904081 0.427361
    outer loop
      vertex 35.5 54.9111 2.74576
      vertex 49.5 54.9782 2.88771
      vertex 35.5 54.9782 2.88771
    endloop
  endfacet
  facet normal 0 -0.904081 0.427361
    outer loop
      vertex 49.5 54.9782 2.88771
      vertex 35.5 54.9111 2.74576
      vertex 49.5 54.9111 2.74576
    endloop
  endfacet
  facet normal 0 0.857796 -0.51399
    outer loop
      vertex 49.5 52.0889 4.25423
      vertex 35.5 52.1696 4.38891
      vertex 49.5 52.1696 4.38891
    endloop
  endfacet
  facet normal 0 0.857796 -0.51399
    outer loop
      vertex 35.5 52.1696 4.38891
      vertex 49.5 52.0889 4.25423
      vertex 35.5 52.0889 4.25423
    endloop
  endfacet
  facet normal 0 0.989213 0.146484
    outer loop
      vertex 49.5 51.9307 3.18785
      vertex 35.5 51.9077 3.34317
      vertex 49.5 51.9077 3.34317
    endloop
  endfacet
  facet normal 0 0.989213 0.146484
    outer loop
      vertex 35.5 51.9077 3.34317
      vertex 49.5 51.9307 3.18785
      vertex 35.5 51.9307 3.18785
    endloop
  endfacet
  facet normal 0 -0.857779 0.514018
    outer loop
      vertex 35.5 54.8304 2.61109
      vertex 49.5 54.9111 2.74576
      vertex 35.5 54.9111 2.74576
    endloop
  endfacet
  facet normal 0 -0.857779 0.514018
    outer loop
      vertex 49.5 54.9111 2.74576
      vertex 35.5 54.8304 2.61109
      vertex 49.5 54.8304 2.61109
    endloop
  endfacet
  facet normal 0 -0.941533 0.336921
    outer loop
      vertex 35.5 54.9782 2.88771
      vertex 49.5 55.0311 3.03554
      vertex 35.5 55.0311 3.03554
    endloop
  endfacet
  facet normal 0 -0.941533 0.336921
    outer loop
      vertex 49.5 55.0311 3.03554
      vertex 35.5 54.9782 2.88771
      vertex 49.5 54.9782 2.88771
    endloop
  endfacet
  facet normal 0 -0.336982 0.941511
    outer loop
      vertex 35.5 54.1123 2.02179
      vertex 49.5 53.9645 1.96889
      vertex 49.5 54.1123 2.02179
    endloop
  endfacet
  facet normal 0 -0.336982 0.941511
    outer loop
      vertex 49.5 53.9645 1.96889
      vertex 35.5 54.1123 2.02179
      vertex 35.5 53.9645 1.96889
    endloop
  endfacet
  facet normal 0 -0.671388 0.741106
    outer loop
      vertex 35.5 54.6314 2.36863
      vertex 49.5 54.515 2.26318
      vertex 49.5 54.6314 2.36863
    endloop
  endfacet
  facet normal 0 -0.671388 0.741106
    outer loop
      vertex 49.5 54.515 2.26318
      vertex 35.5 54.6314 2.36863
      vertex 35.5 54.515 2.26318
    endloop
  endfacet
  facet normal 0 -0.146752 0.989173
    outer loop
      vertex 35.5 53.8121 1.93074
      vertex 49.5 53.6568 1.9077
      vertex 49.5 53.8121 1.93074
    endloop
  endfacet
  facet normal 0 -0.146752 0.989173
    outer loop
      vertex 49.5 53.6568 1.9077
      vertex 35.5 53.8121 1.93074
      vertex 35.5 53.6568 1.9077
    endloop
  endfacet
  facet normal -0 0.671388 0.741106
    outer loop
      vertex 35.5 52.485 2.26318
      vertex 49.5 52.3686 2.36863
      vertex 49.5 52.485 2.26318
    endloop
  endfacet
  facet normal 0 0.671388 0.741106
    outer loop
      vertex 49.5 52.3686 2.36863
      vertex 35.5 52.485 2.26318
      vertex 35.5 52.3686 2.36863
    endloop
  endfacet
  facet normal 0 -0.741092 0.671404
    outer loop
      vertex 35.5 54.6314 2.36863
      vertex 49.5 54.7368 2.48497
      vertex 35.5 54.7368 2.48497
    endloop
  endfacet
  facet normal 0 -0.741092 0.671404
    outer loop
      vertex 49.5 54.7368 2.48497
      vertex 35.5 54.6314 2.36863
      vertex 49.5 54.6314 2.36863
    endloop
  endfacet
  facet normal 0 0.741092 -0.671404
    outer loop
      vertex 49.5 52.2632 4.51503
      vertex 35.5 52.3686 4.63137
      vertex 49.5 52.3686 4.63137
    endloop
  endfacet
  facet normal 0 0.741092 -0.671404
    outer loop
      vertex 35.5 52.3686 4.63137
      vertex 49.5 52.2632 4.51503
      vertex 35.5 52.2632 4.51503
    endloop
  endfacet
  facet normal 0 -0.427692 0.903925
    outer loop
      vertex 35.5 54.2542 2.08893
      vertex 49.5 54.1123 2.02179
      vertex 49.5 54.2542 2.08893
    endloop
  endfacet
  facet normal 0 -0.427692 0.903925
    outer loop
      vertex 49.5 54.1123 2.02179
      vertex 35.5 54.2542 2.08893
      vertex 35.5 54.1123 2.02179
    endloop
  endfacet
  facet normal 0 -0.998797 0.0490387
    outer loop
      vertex 35.5 55.0923 3.34317
      vertex 49.5 55.1 3.5
      vertex 35.5 55.1 3.5
    endloop
  endfacet
  facet normal 0 -0.998797 0.0490387
    outer loop
      vertex 49.5 55.1 3.5
      vertex 35.5 55.0923 3.34317
      vertex 49.5 55.0923 3.34317
    endloop
  endfacet
  facet normal 0 -0.969959 0.24327
    outer loop
      vertex 35.5 55.0311 3.03554
      vertex 49.5 55.0693 3.18785
      vertex 35.5 55.0693 3.18785
    endloop
  endfacet
  facet normal 0 -0.969959 0.24327
    outer loop
      vertex 49.5 55.0693 3.18785
      vertex 35.5 55.0311 3.03554
      vertex 49.5 55.0311 3.03554
    endloop
  endfacet
  facet normal 0 0.595732 -0.803184
    outer loop
      vertex 35.5 52.485 4.73682
      vertex 49.5 52.6111 4.83035
      vertex 49.5 52.485 4.73682
    endloop
  endfacet
  facet normal 0 0.595732 -0.803184
    outer loop
      vertex 49.5 52.6111 4.83035
      vertex 35.5 52.485 4.73682
      vertex 35.5 52.6111 4.83035
    endloop
  endfacet
  facet normal 0 0.969959 0.24327
    outer loop
      vertex 49.5 51.9689 3.03554
      vertex 35.5 51.9307 3.18785
      vertex 49.5 51.9307 3.18785
    endloop
  endfacet
  facet normal 0 0.969959 0.24327
    outer loop
      vertex 35.5 51.9307 3.18785
      vertex 49.5 51.9689 3.03554
      vertex 35.5 51.9689 3.03554
    endloop
  endfacet
  facet normal 0 0.904081 0.427361
    outer loop
      vertex 49.5 52.0889 2.74576
      vertex 35.5 52.0218 2.88771
      vertex 49.5 52.0218 2.88771
    endloop
  endfacet
  facet normal 0 0.904081 0.427361
    outer loop
      vertex 35.5 52.0218 2.88771
      vertex 49.5 52.0889 2.74576
      vertex 35.5 52.0889 2.74576
    endloop
  endfacet
  facet normal 0 -0.803015 0.595958
    outer loop
      vertex 35.5 54.7368 2.48497
      vertex 49.5 54.8304 2.61109
      vertex 35.5 54.8304 2.61109
    endloop
  endfacet
  facet normal 0 -0.803015 0.595958
    outer loop
      vertex 49.5 54.8304 2.61109
      vertex 35.5 54.7368 2.48497
      vertex 49.5 54.7368 2.48497
    endloop
  endfacet
  facet normal 0 -0.90407 -0.427385
    outer loop
      vertex 35.5 54.9782 4.11229
      vertex 49.5 54.9111 4.25423
      vertex 35.5 54.9111 4.25423
    endloop
  endfacet
  facet normal 0 -0.90407 -0.427385
    outer loop
      vertex 49.5 54.9111 4.25423
      vertex 35.5 54.9782 4.11229
      vertex 49.5 54.9782 4.11229
    endloop
  endfacet
  facet normal 0 0.803015 0.595958
    outer loop
      vertex 49.5 52.2632 2.48497
      vertex 35.5 52.1696 2.61109
      vertex 49.5 52.1696 2.61109
    endloop
  endfacet
  facet normal 0 0.803015 0.595958
    outer loop
      vertex 35.5 52.1696 2.61109
      vertex 49.5 52.2632 2.48497
      vertex 35.5 52.2632 2.48497
    endloop
  endfacet
  facet normal -0 0.242835 0.970068
    outer loop
      vertex 35.5 53.1879 1.93074
      vertex 49.5 53.0355 1.96889
      vertex 49.5 53.1879 1.93074
    endloop
  endfacet
  facet normal 0 0.242835 0.970068
    outer loop
      vertex 49.5 53.0355 1.96889
      vertex 35.5 53.1879 1.93074
      vertex 35.5 53.0355 1.96889
    endloop
  endfacet
  facet normal -0 0.146752 0.989173
    outer loop
      vertex 35.5 53.3432 1.9077
      vertex 49.5 53.1879 1.93074
      vertex 49.5 53.3432 1.9077
    endloop
  endfacet
  facet normal 0 0.146752 0.989173
    outer loop
      vertex 49.5 53.1879 1.93074
      vertex 35.5 53.3432 1.9077
      vertex 35.5 53.1879 1.93074
    endloop
  endfacet
  facet normal 0 -0.741092 -0.671404
    outer loop
      vertex 35.5 54.7368 4.51503
      vertex 49.5 54.6314 4.63137
      vertex 35.5 54.6314 4.63137
    endloop
  endfacet
  facet normal 0 -0.741092 -0.671404
    outer loop
      vertex 49.5 54.6314 4.63137
      vertex 35.5 54.7368 4.51503
      vertex 49.5 54.7368 4.51503
    endloop
  endfacet
  facet normal 0 0.146689 -0.989183
    outer loop
      vertex 35.5 53.1879 5.06926
      vertex 49.5 53.3432 5.09229
      vertex 49.5 53.1879 5.06926
    endloop
  endfacet
  facet normal 0 0.146689 -0.989183
    outer loop
      vertex 49.5 53.3432 5.09229
      vertex 35.5 53.1879 5.06926
      vertex 35.5 53.3432 5.09229
    endloop
  endfacet
  facet normal 0 -0.514027 0.857774
    outer loop
      vertex 35.5 54.3889 2.16965
      vertex 49.5 54.2542 2.08893
      vertex 49.5 54.3889 2.16965
    endloop
  endfacet
  facet normal 0 -0.514027 0.857774
    outer loop
      vertex 49.5 54.2542 2.08893
      vertex 35.5 54.3889 2.16965
      vertex 35.5 54.2542 2.08893
    endloop
  endfacet
  facet normal 0 0.336926 -0.941531
    outer loop
      vertex 35.5 52.8877 4.97821
      vertex 49.5 53.0355 5.0311
      vertex 49.5 52.8877 4.97821
    endloop
  endfacet
  facet normal 0 0.336926 -0.941531
    outer loop
      vertex 49.5 53.0355 5.0311
      vertex 35.5 52.8877 4.97821
      vertex 35.5 53.0355 5.0311
    endloop
  endfacet
  facet normal 0 0.998797 -0.0490387
    outer loop
      vertex 49.5 51.9 3.5
      vertex 35.5 51.9077 3.65683
      vertex 49.5 51.9077 3.65683
    endloop
  endfacet
  facet normal 0 0.998797 -0.0490387
    outer loop
      vertex 35.5 51.9077 3.65683
      vertex 49.5 51.9 3.5
      vertex 35.5 51.9 3.5
    endloop
  endfacet
  facet normal 0 0.514027 -0.857774
    outer loop
      vertex 35.5 52.6111 4.83035
      vertex 49.5 52.7458 4.91107
      vertex 49.5 52.6111 4.83035
    endloop
  endfacet
  facet normal 0 0.514027 -0.857774
    outer loop
      vertex 49.5 52.7458 4.91107
      vertex 35.5 52.6111 4.83035
      vertex 35.5 52.7458 4.91107
    endloop
  endfacet
  facet normal 0 -0.671388 -0.741106
    outer loop
      vertex 35.5 54.515 4.73682
      vertex 49.5 54.6314 4.63137
      vertex 49.5 54.515 4.73682
    endloop
  endfacet
  facet normal -0 -0.671388 -0.741106
    outer loop
      vertex 49.5 54.6314 4.63137
      vertex 35.5 54.515 4.73682
      vertex 35.5 54.6314 4.63137
    endloop
  endfacet
  facet normal 0 0.242895 -0.970053
    outer loop
      vertex 35.5 53.0355 5.0311
      vertex 49.5 53.1879 5.06926
      vertex 49.5 53.0355 5.0311
    endloop
  endfacet
  facet normal 0 0.242895 -0.970053
    outer loop
      vertex 49.5 53.1879 5.06926
      vertex 35.5 53.0355 5.0311
      vertex 35.5 53.1879 5.06926
    endloop
  endfacet
  facet normal 0 -0.514027 -0.857774
    outer loop
      vertex 35.5 54.2542 4.91107
      vertex 49.5 54.3889 4.83035
      vertex 49.5 54.2542 4.91107
    endloop
  endfacet
  facet normal -0 -0.514027 -0.857774
    outer loop
      vertex 49.5 54.3889 4.83035
      vertex 35.5 54.2542 4.91107
      vertex 35.5 54.3889 4.83035
    endloop
  endfacet
  facet normal 0 -0.146689 -0.989183
    outer loop
      vertex 35.5 53.6568 5.09229
      vertex 49.5 53.8121 5.06926
      vertex 49.5 53.6568 5.09229
    endloop
  endfacet
  facet normal -0 -0.146689 -0.989183
    outer loop
      vertex 49.5 53.8121 5.06926
      vertex 35.5 53.6568 5.09229
      vertex 35.5 53.8121 5.06926
    endloop
  endfacet
  facet normal -0 0.427692 0.903925
    outer loop
      vertex 35.5 52.8877 2.02179
      vertex 49.5 52.7458 2.08893
      vertex 49.5 52.8877 2.02179
    endloop
  endfacet
  facet normal 0 0.427692 0.903925
    outer loop
      vertex 49.5 52.7458 2.08893
      vertex 35.5 52.8877 2.02179
      vertex 35.5 52.7458 2.08893
    endloop
  endfacet
  facet normal 0 -0.803015 -0.595958
    outer loop
      vertex 35.5 54.8304 4.38891
      vertex 49.5 54.7368 4.51503
      vertex 35.5 54.7368 4.51503
    endloop
  endfacet
  facet normal 0 -0.803015 -0.595958
    outer loop
      vertex 49.5 54.7368 4.51503
      vertex 35.5 54.8304 4.38891
      vertex 49.5 54.8304 4.38891
    endloop
  endfacet
  facet normal 0 0.857779 0.514018
    outer loop
      vertex 49.5 52.1696 2.61109
      vertex 35.5 52.0889 2.74576
      vertex 49.5 52.0889 2.74576
    endloop
  endfacet
  facet normal 0 0.857779 0.514018
    outer loop
      vertex 35.5 52.0889 2.74576
      vertex 49.5 52.1696 2.61109
      vertex 35.5 52.1696 2.61109
    endloop
  endfacet
  facet normal -0 0.514027 0.857774
    outer loop
      vertex 35.5 52.7458 2.08893
      vertex 49.5 52.6111 2.16965
      vertex 49.5 52.7458 2.08893
    endloop
  endfacet
  facet normal 0 0.514027 0.857774
    outer loop
      vertex 49.5 52.6111 2.16965
      vertex 35.5 52.7458 2.08893
      vertex 35.5 52.6111 2.16965
    endloop
  endfacet
  facet normal 0 0.94154 -0.336901
    outer loop
      vertex 49.5 51.9689 3.96445
      vertex 35.5 52.0218 4.11229
      vertex 49.5 52.0218 4.11229
    endloop
  endfacet
  facet normal 0 0.94154 -0.336901
    outer loop
      vertex 35.5 52.0218 4.11229
      vertex 49.5 51.9689 3.96445
      vertex 35.5 51.9689 3.96445
    endloop
  endfacet
  facet normal 0 -0.242895 -0.970053
    outer loop
      vertex 35.5 53.8121 5.06926
      vertex 49.5 53.9645 5.0311
      vertex 49.5 53.8121 5.06926
    endloop
  endfacet
  facet normal -0 -0.242895 -0.970053
    outer loop
      vertex 49.5 53.9645 5.0311
      vertex 35.5 53.8121 5.06926
      vertex 35.5 53.9645 5.0311
    endloop
  endfacet
  facet normal 0 -0.336926 -0.941531
    outer loop
      vertex 35.5 53.9645 5.0311
      vertex 49.5 54.1123 4.97821
      vertex 49.5 53.9645 5.0311
    endloop
  endfacet
  facet normal -0 -0.336926 -0.941531
    outer loop
      vertex 49.5 54.1123 4.97821
      vertex 35.5 53.9645 5.0311
      vertex 35.5 54.1123 4.97821
    endloop
  endfacet
  facet normal 0 0.803015 -0.595958
    outer loop
      vertex 49.5 52.1696 4.38891
      vertex 35.5 52.2632 4.51503
      vertex 49.5 52.2632 4.51503
    endloop
  endfacet
  facet normal 0 0.803015 -0.595958
    outer loop
      vertex 35.5 52.2632 4.51503
      vertex 49.5 52.1696 4.38891
      vertex 35.5 52.1696 4.38891
    endloop
  endfacet
  facet normal 0 -0.0491116 -0.998793
    outer loop
      vertex 35.5 53.5 5.1
      vertex 49.5 53.6568 5.09229
      vertex 49.5 53.5 5.1
    endloop
  endfacet
  facet normal -0 -0.0491116 -0.998793
    outer loop
      vertex 49.5 53.6568 5.09229
      vertex 35.5 53.5 5.1
      vertex 35.5 53.6568 5.09229
    endloop
  endfacet
  facet normal 0 0.0491116 -0.998793
    outer loop
      vertex 35.5 53.3432 5.09229
      vertex 49.5 53.5 5.1
      vertex 49.5 53.3432 5.09229
    endloop
  endfacet
  facet normal 0 0.0491116 -0.998793
    outer loop
      vertex 49.5 53.5 5.1
      vertex 35.5 53.3432 5.09229
      vertex 35.5 53.5 5.1
    endloop
  endfacet
  facet normal 0 0.989212 -0.146493
    outer loop
      vertex 49.5 51.9077 3.65683
      vertex 35.5 51.9307 3.81214
      vertex 49.5 51.9307 3.81214
    endloop
  endfacet
  facet normal 0 0.989212 -0.146493
    outer loop
      vertex 35.5 51.9307 3.81214
      vertex 49.5 51.9077 3.65683
      vertex 35.5 51.9077 3.65683
    endloop
  endfacet
  facet normal 0 0.969959 -0.24327
    outer loop
      vertex 49.5 51.9307 3.81214
      vertex 35.5 51.9689 3.96445
      vertex 49.5 51.9689 3.96445
    endloop
  endfacet
  facet normal 0 0.969959 -0.24327
    outer loop
      vertex 35.5 51.9689 3.96445
      vertex 49.5 51.9307 3.81214
      vertex 35.5 51.9307 3.81214
    endloop
  endfacet
  facet normal 1 -0 0
    outer loop
      vertex -13 -50 3
      vertex -13 -48.45 1.5
      vertex -13 -48.45 7.9
    endloop
  endfacet
  facet normal 1 0 0
    outer loop
      vertex -13 -50 3
      vertex -13 -48.45 7.9
      vertex -13 -50 7.9
    endloop
  endfacet
  facet normal 1 0 0
    outer loop
      vertex -13 -48.45 1.5
      vertex -13 -50 3
      vertex -13 -48.5 1.5
    endloop
  endfacet
  facet normal 1 -0 0
    outer loop
      vertex -13 -50 11
      vertex -13 -48.45 9.5
      vertex -13 -48.45 11
    endloop
  endfacet
  facet normal 1 0 0
    outer loop
      vertex -13 -48.45 9.5
      vertex -13 -50 11
      vertex -13 -50 9.5
    endloop
  endfacet
  facet normal -1 0 0
    outer loop
      vertex -13 -48.45 7.9
      vertex -13 -47.6 9.5
      vertex -13 -47.6 7.9
    endloop
  endfacet
  facet normal -1 -0 0
    outer loop
      vertex -13 -47.6 9.5
      vertex -13 -48.45 7.9
      vertex -13 -48.45 9.5
    endloop
  endfacet
  facet normal 0 0 -1
    outer loop
      vertex -19 -50 9.5
      vertex -13 -48.45 9.5
      vertex -13 -50 9.5
    endloop
  endfacet
  facet normal 0 0 -1
    outer loop
      vertex -19 -47.6 9.5
      vertex -13 -48.45 9.5
      vertex -19 -50 9.5
    endloop
  endfacet
  facet normal 0 0 -1
    outer loop
      vertex -13 -48.45 9.5
      vertex -19 -47.6 9.5
      vertex -13 -47.6 9.5
    endloop
  endfacet
  facet normal -0 0 1
    outer loop
      vertex -19 -47.6 7.9
      vertex -13 -48.45 7.9
      vertex -13 -47.6 7.9
    endloop
  endfacet
  facet normal 0 0 1
    outer loop
      vertex -19 -50 7.9
      vertex -13 -48.45 7.9
      vertex -19 -47.6 7.9
    endloop
  endfacet
  facet normal 0 0 1
    outer loop
      vertex -13 -48.45 7.9
      vertex -19 -50 7.9
      vertex -13 -50 7.9
    endloop
  endfacet
  facet normal 1 -0 0
    outer loop
      vertex -19 -50 9.5
      vertex -19 -47.6 7.9
      vertex -19 -47.6 9.5
    endloop
  endfacet
  facet normal 1 0 0
    outer loop
      vertex -19 -47.6 7.9
      vertex -19 -50 9.5
      vertex -19 -50 7.9
    endloop
  endfacet
  facet normal -1 0 0
    outer loop
      vertex 3 -48.45 7.9
      vertex 3 -47.6 9.5
      vertex 3 -47.6 7.9
    endloop
  endfacet
  facet normal -1 -0 0
    outer loop
      vertex 3 -47.6 9.5
      vertex 3 -48.45 7.9
      vertex 3 -48.45 9.5
    endloop
  endfacet
  facet normal 0 0 -1
    outer loop
      vertex -3 -48.45 9.5
      vertex 3 -47.6 9.5
      vertex 3 -48.45 9.5
    endloop
  endfacet
  facet normal -0 0 -1
    outer loop
      vertex 3 -47.6 9.5
      vertex -3 -48.45 9.5
      vertex -3 -47.6 9.5
    endloop
  endfacet
  facet normal -0 0 1
    outer loop
      vertex -3 -47.6 7.9
      vertex 3 -48.45 7.9
      vertex 3 -47.6 7.9
    endloop
  endfacet
  facet normal 0 0 1
    outer loop
      vertex 3 -48.45 7.9
      vertex -3 -47.6 7.9
      vertex -3 -48.45 7.9
    endloop
  endfacet
  facet normal 1 -0 0
    outer loop
      vertex -3 -48.45 9.5
      vertex -3 -47.6 7.9
      vertex -3 -47.6 9.5
    endloop
  endfacet
  facet normal 1 0 0
    outer loop
      vertex -3 -47.6 7.9
      vertex -3 -48.45 9.5
      vertex -3 -48.45 7.9
    endloop
  endfacet
  facet normal -1 0 0
    outer loop
      vertex 19 -50 7.9
      vertex 19 -47.6 9.5
      vertex 19 -47.6 7.9
    endloop
  endfacet
  facet normal -1 -0 0
    outer loop
      vertex 19 -47.6 9.5
      vertex 19 -50 7.9
      vertex 19 -50 9.5
    endloop
  endfacet
  facet normal 0 0 -1
    outer loop
      vertex 13 -48.45 9.5
      vertex 19 -50 9.5
      vertex 13 -50 9.5
    endloop
  endfacet
  facet normal 0 0 -1
    outer loop
      vertex 19 -50 9.5
      vertex 13 -48.45 9.5
      vertex 19 -47.6 9.5
    endloop
  endfacet
  facet normal -0 0 -1
    outer loop
      vertex 19 -47.6 9.5
      vertex 13 -48.45 9.5
      vertex 13 -47.6 9.5
    endloop
  endfacet
  facet normal 0 0 1
    outer loop
      vertex 13 -48.45 7.9
      vertex 19 -47.6 7.9
      vertex 13 -47.6 7.9
    endloop
  endfacet
  facet normal 0 0 1
    outer loop
      vertex 19 -47.6 7.9
      vertex 13 -48.45 7.9
      vertex 19 -50 7.9
    endloop
  endfacet
  facet normal 0 0 1
    outer loop
      vertex 19 -50 7.9
      vertex 13 -48.45 7.9
      vertex 13 -50 7.9
    endloop
  endfacet
  facet normal -1 0 0
    outer loop
      vertex 13 -50 3
      vertex 13 -48.45 1.5
      vertex 13 -48.5 1.5
    endloop
  endfacet
  facet normal -1 0 0
    outer loop
      vertex 13 -48.45 1.5
      vertex 13 -50 3
      vertex 13 -48.45 7.9
    endloop
  endfacet
  facet normal -1 -0 0
    outer loop
      vertex 13 -48.45 7.9
      vertex 13 -50 3
      vertex 13 -50 7.9
    endloop
  endfacet
  facet normal -1 0 0
    outer loop
      vertex 13 -50 9.5
      vertex 13 -48.45 11
      vertex 13 -48.45 9.5
    endloop
  endfacet
  facet normal -1 -0 0
    outer loop
      vertex 13 -48.45 11
      vertex 13 -50 9.5
      vertex 13 -50 11
    endloop
  endfacet
  facet normal 1 -0 0
    outer loop
      vertex 13 -48.45 9.5
      vertex 13 -47.6 7.9
      vertex 13 -47.6 9.5
    endloop
  endfacet
  facet normal 1 0 0
    outer loop
      vertex 13 -47.6 7.9
      vertex 13 -48.45 9.5
      vertex 13 -48.45 7.9
    endloop
  endfacet
  facet normal -0 0 1
    outer loop
      vertex -13 -48.45 1.5
      vertex 13 -48.5 1.5
      vertex 13 -48.45 1.5
    endloop
  endfacet
  facet normal 0 0 1
    outer loop
      vertex 13 -48.5 1.5
      vertex -13 -48.45 1.5
      vertex -13 -48.5 1.5
    endloop
  endfacet
  facet normal 0 -1 0
    outer loop
      vertex -13 -48.45 7.9
      vertex -3 -48.45 9.5
      vertex -13 -48.45 9.5
    endloop
  endfacet
  facet normal 0 -1 0
    outer loop
      vertex -13 -48.45 7.9
      vertex -3 -48.45 7.9
      vertex -3 -48.45 9.5
    endloop
  endfacet
  facet normal 0 -1 0
    outer loop
      vertex -13 -48.45 1.5
      vertex -3 -48.45 7.9
      vertex -13 -48.45 7.9
    endloop
  endfacet
  facet normal 0 -1 -0
    outer loop
      vertex -3 -48.45 7.9
      vertex -13 -48.45 1.5
      vertex 3 -48.45 7.9
    endloop
  endfacet
  facet normal 0 -1 0
    outer loop
      vertex 13 -48.45 1.5
      vertex 3 -48.45 7.9
      vertex -13 -48.45 1.5
    endloop
  endfacet
  facet normal 0 -1 0
    outer loop
      vertex 3 -48.45 7.9
      vertex 13 -48.45 1.5
      vertex 13 -48.45 7.9
    endloop
  endfacet
  facet normal 0 -1 0
    outer loop
      vertex -3 -48.45 9.5
      vertex -13 -48.45 11
      vertex -13 -48.45 9.5
    endloop
  endfacet
  facet normal 0 -1 0
    outer loop
      vertex -13 -48.45 11
      vertex -3 -48.45 9.5
      vertex 13 -48.45 11
    endloop
  endfacet
  facet normal 0 -1 0
    outer loop
      vertex 3 -48.45 9.5
      vertex 13 -48.45 11
      vertex -3 -48.45 9.5
    endloop
  endfacet
  facet normal 0 -1 0
    outer loop
      vertex 3 -48.45 9.5
      vertex 13 -48.45 9.5
      vertex 13 -48.45 11
    endloop
  endfacet
  facet normal 0 -1 0
    outer loop
      vertex 3 -48.45 7.9
      vertex 13 -48.45 9.5
      vertex 3 -48.45 9.5
    endloop
  endfacet
  facet normal 0 -1 -0
    outer loop
      vertex 13 -48.45 9.5
      vertex 3 -48.45 7.9
      vertex 13 -48.45 7.9
    endloop
  endfacet
endsolid OpenSCAD_Model
