solid OpenSCAD_Model
  facet normal 0 0 -1
    outer loop
      vertex 51.7014 7.94581 0
      vertex 51.7014 11.4553 0
      vertex 51.7647 9.70588 0
    endloop
  endfacet
  facet normal 0 0 -1
    outer loop
      vertex 51.5118 6.18002 0
      vertex 51.7014 11.4553 0
      vertex 51.7014 7.94581 0
    endloop
  endfacet
  facet normal 0 0 -1
    outer loop
      vertex 51.5118 6.18002 0
      vertex 51.5118 13.1889 0
      vertex 51.7014 11.4553 0
    endloop
  endfacet
  facet normal 0 0 -1
    outer loop
      vertex 51.1971 4.41294 0
      vertex 51.5118 13.1889 0
      vertex 51.5118 6.18002 0
    endloop
  endfacet
  facet normal 0 0 -1
    outer loop
      vertex 51.1971 4.41294 0
      vertex 51.1971 14.9012 0
      vertex 51.5118 13.1889 0
    endloop
  endfacet
  facet normal 0 0 -1
    outer loop
      vertex 49.5234 19.8496 0
      vertex 51.1971 4.41294 0
      vertex 50.759 2.64862 0
    endloop
  endfacet
  facet normal 0 0 -1
    outer loop
      vertex 51.1971 4.41294 0
      vertex 50.759 16.5862 0
      vertex 51.1971 14.9012 0
    endloop
  endfacet
  facet normal 0 0 -1
    outer loop
      vertex 46.8286 24.3813 0
      vertex 50.759 2.64862 0
      vertex 50.2 0.890624 0
    endloop
  endfacet
  facet normal 0 0 -1
    outer loop
      vertex 51.1971 4.41294 0
      vertex 50.2 18.2378 0
      vertex 50.759 16.5862 0
    endloop
  endfacet
  facet normal 0 0 -1
    outer loop
      vertex 44.53 27.0837 0
      vertex 50.2 0.890624 0
      vertex 49.5234 -0.857943 0
    endloop
  endfacet
  facet normal 0 0 -1
    outer loop
      vertex 51.1971 4.41294 0
      vertex 49.5234 19.8496 0
      vertex 50.2 18.2378 0
    endloop
  endfacet
  facet normal 0 0 -1
    outer loop
      vertex 0 12.9412 0
      vertex 49.5234 -0.857943 0
      vertex 48.7328 -2.59437 0
    endloop
  endfacet
  facet normal 0 0 -1
    outer loop
      vertex 50.759 2.64862 0
      vertex 48.7328 21.4152 0
      vertex 49.5234 19.8496 0
    endloop
  endfacet
  facet normal 0 0 -1
    outer loop
      vertex 0 12.9412 0
      vertex 48.7328 -2.59437 0
      vertex 47.8328 -4.31633 0
    endloop
  endfacet
  facet normal 0 0 -1
    outer loop
      vertex 50.759 2.64862 0
      vertex 47.8328 22.928 0
      vertex 48.7328 21.4152 0
    endloop
  endfacet
  facet normal 0 0 -1
    outer loop
      vertex 0 12.9412 0
      vertex 47.8328 -4.31633 0
      vertex 46.8286 -6.02209 0
    endloop
  endfacet
  facet normal 0 0 -1
    outer loop
      vertex 50.759 2.64862 0
      vertex 46.8286 24.3813 0
      vertex 47.8328 22.928 0
    endloop
  endfacet
  facet normal 0 0 -1
    outer loop
      vertex 0 12.9412 0
      vertex 46.8286 -6.02209 0
      vertex 45.7255 -7.71023 0
    endloop
  endfacet
  facet normal 0 0 -1
    outer loop
      vertex 50.2 0.890624 0
      vertex 45.7255 25.7687 0
      vertex 46.8286 24.3813 0
    endloop
  endfacet
  facet normal 0 0 -1
    outer loop
      vertex 0 12.9412 0
      vertex 45.7255 -7.71023 0
      vertex 44.53 -9.37972 0
    endloop
  endfacet
  facet normal 0 0 -1
    outer loop
      vertex 50.2 0.890624 0
      vertex 44.53 27.0837 0
      vertex 45.7255 25.7687 0
    endloop
  endfacet
  facet normal 0 0 -1
    outer loop
      vertex 0 12.9412 0
      vertex 44.53 -9.37972 0
      vertex 43.2485 -11.0298 0
    endloop
  endfacet
  facet normal 0 0 -1
    outer loop
      vertex 49.5234 -0.857943 0
      vertex 0 12.9412 0
      vertex 43.2485 28.32 0
    endloop
  endfacet
  facet normal 0 0 -1
    outer loop
      vertex 0 12.9412 0
      vertex 43.2485 -11.0298 0
      vertex 41.8882 -12.6602 0
    endloop
  endfacet
  facet normal 0 0 -1
    outer loop
      vertex 49.5234 -0.857943 0
      vertex 43.2485 28.32 0
      vertex 44.53 27.0837 0
    endloop
  endfacet
  facet normal 0 0 -1
    outer loop
      vertex 0 12.9412 0
      vertex 41.8882 -12.6602 0
      vertex 40.4564 -14.2709 0
    endloop
  endfacet
  facet normal -0 0 -1
    outer loop
      vertex 43.2485 28.32 0
      vertex 0 12.9412 0
      vertex 41.8882 29.4717 0
    endloop
  endfacet
  facet normal 0 0 -1
    outer loop
      vertex 0 12.9412 0
      vertex 40.4564 -14.2709 0
      vertex 38.9611 -15.8619 0
    endloop
  endfacet
  facet normal -0 0 -1
    outer loop
      vertex 41.8882 29.4717 0
      vertex 0 12.9412 0
      vertex 40.4564 30.533 0
    endloop
  endfacet
  facet normal 0 0 -1
    outer loop
      vertex 0 12.9412 0
      vertex 38.9611 -15.8619 0
      vertex 37.4102 -17.4336 0
    endloop
  endfacet
  facet normal -0 0 -1
    outer loop
      vertex 40.4564 30.533 0
      vertex 0 12.9412 0
      vertex 38.9611 31.4988 0
    endloop
  endfacet
  facet normal 0 0 -1
    outer loop
      vertex 0 12.9412 0
      vertex 37.4102 -17.4336 0
      vertex 35.812 -18.9867 0
    endloop
  endfacet
  facet normal -0 0 -1
    outer loop
      vertex 38.9611 31.4988 0
      vertex 0 12.9412 0
      vertex 37.4102 32.3642 0
    endloop
  endfacet
  facet normal 0 0 -1
    outer loop
      vertex 0 12.9412 0
      vertex 35.812 -18.9867 0
      vertex 34.175 -20.5216 0
    endloop
  endfacet
  facet normal -0 0 -1
    outer loop
      vertex 37.4102 32.3642 0
      vertex 0 12.9412 0
      vertex 35.812 33.125 0
    endloop
  endfacet
  facet normal 0 0 -1
    outer loop
      vertex 0 12.9412 0
      vertex 34.175 -20.5216 0
      vertex 32.5077 -22.0392 0
    endloop
  endfacet
  facet normal -0 0 -1
    outer loop
      vertex 35.812 33.125 0
      vertex 0 12.9412 0
      vertex 34.175 33.7776 0
    endloop
  endfacet
  facet normal 0 0 -1
    outer loop
      vertex 0 12.9412 0
      vertex 32.5077 -22.0392 0
      vertex 30.8187 -23.5401 0
    endloop
  endfacet
  facet normal -0 0 -1
    outer loop
      vertex 34.175 33.7776 0
      vertex 0 12.9412 0
      vertex 32.5077 34.319 0
    endloop
  endfacet
  facet normal 0 0 -1
    outer loop
      vertex 0 12.9412 0
      vertex 30.8187 -23.5401 0
      vertex 29.1166 -25.025 0
    endloop
  endfacet
  facet normal -0 0 -1
    outer loop
      vertex 32.5077 34.319 0
      vertex 0 12.9412 0
      vertex 30.8187 34.7467 0
    endloop
  endfacet
  facet normal 0 0 -1
    outer loop
      vertex 0 12.9412 0
      vertex 29.1166 -25.025 0
      vertex 27.4098 -26.4945 0
    endloop
  endfacet
  facet normal -0 0 -1
    outer loop
      vertex 30.8187 34.7467 0
      vertex 0 12.9412 0
      vertex 29.1166 35.0595 0
    endloop
  endfacet
  facet normal 0 0 -1
    outer loop
      vertex 0 12.9412 0
      vertex 27.4098 -26.4945 0
      vertex 25.7068 -27.9491 0
    endloop
  endfacet
  facet normal -0 0 -1
    outer loop
      vertex 29.1166 35.0595 0
      vertex 0 12.9412 0
      vertex 27.4098 35.2563 0
    endloop
  endfacet
  facet normal 0 0 -1
    outer loop
      vertex 0 12.9412 0
      vertex 25.7068 -27.9491 0
      vertex 24.0157 -29.3892 0
    endloop
  endfacet
  facet normal -0 0 -1
    outer loop
      vertex 27.4098 35.2563 0
      vertex 0 12.9412 0
      vertex 25.7068 35.3375 0
    endloop
  endfacet
  facet normal 0 0 -1
    outer loop
      vertex 0 12.9412 0
      vertex 24.0157 -29.3892 0
      vertex 22.3443 -30.815 0
    endloop
  endfacet
  facet normal 0 0 -1
    outer loop
      vertex 25.7068 35.3375 0
      vertex 0 12.9412 0
      vertex 24.0157 35.3038 0
    endloop
  endfacet
  facet normal 0 0 -1
    outer loop
      vertex 0 12.9412 0
      vertex 22.3443 -30.815 0
      vertex 20.7004 -32.2263 0
    endloop
  endfacet
  facet normal 0 0 -1
    outer loop
      vertex 24.0157 35.3038 0
      vertex 0 12.9412 0
      vertex 22.3443 35.1572 0
    endloop
  endfacet
  facet normal 0 0 -1
    outer loop
      vertex 0 12.9412 0
      vertex 20.7004 -32.2263 0
      vertex 19.0911 -33.6228 0
    endloop
  endfacet
  facet normal 0 0 -1
    outer loop
      vertex 22.3443 35.1572 0
      vertex 0 12.9412 0
      vertex 20.7004 34.9001 0
    endloop
  endfacet
  facet normal 0 0 -1
    outer loop
      vertex 0 12.9412 0
      vertex 19.0911 -33.6228 0
      vertex 17.5232 -35.0042 0
    endloop
  endfacet
  facet normal 0 0 -1
    outer loop
      vertex 20.7004 34.9001 0
      vertex 0 12.9412 0
      vertex 19.0911 34.5362 0
    endloop
  endfacet
  facet normal 0 0 -1
    outer loop
      vertex -17.5232 -35.0042 0
      vertex 17.5232 -35.0042 0
      vertex 16.0033 -36.3694 0
    endloop
  endfacet
  facet normal 0 0 -1
    outer loop
      vertex 19.0911 34.5362 0
      vertex 0 12.9412 0
      vertex 17.5232 34.0697 0
    endloop
  endfacet
  facet normal 0 0 -1
    outer loop
      vertex -16.0033 -36.3694 0
      vertex 16.0033 -36.3694 0
      vertex 14.5372 -37.7174 0
    endloop
  endfacet
  facet normal 0 0 -1
    outer loop
      vertex 17.5232 34.0697 0
      vertex 0 12.9412 0
      vertex 16.0033 33.506 0
    endloop
  endfacet
  facet normal 0 0 -1
    outer loop
      vertex -14.5372 -37.7174 0
      vertex 14.5372 -37.7174 0
      vertex 13.1302 -39.0468 0
    endloop
  endfacet
  facet normal 0 0 -1
    outer loop
      vertex 16.0033 33.506 0
      vertex 0 12.9412 0
      vertex 14.5372 32.851 0
    endloop
  endfacet
  facet normal 0 0 -1
    outer loop
      vertex -13.1302 -39.0468 0
      vertex 13.1302 -39.0468 0
      vertex 11.787 -40.3558 0
    endloop
  endfacet
  facet normal 0 0 -1
    outer loop
      vertex 14.5372 32.851 0
      vertex 0 12.9412 0
      vertex 13.1302 32.1114 0
    endloop
  endfacet
  facet normal 0 0 -1
    outer loop
      vertex -11.787 -40.3558 0
      vertex 11.787 -40.3558 0
      vertex 10.5121 -41.6425 0
    endloop
  endfacet
  facet normal 0 0 -1
    outer loop
      vertex 13.1302 32.1114 0
      vertex 0 12.9412 0
      vertex 11.787 31.2947 0
    endloop
  endfacet
  facet normal 0 0 -1
    outer loop
      vertex -10.5121 -41.6425 0
      vertex 10.5121 -41.6425 0
      vertex 9.30878 -42.9046 0
    endloop
  endfacet
  facet normal 0 0 -1
    outer loop
      vertex 11.787 31.2947 0
      vertex 0 12.9412 0
      vertex 10.5121 30.4091 0
    endloop
  endfacet
  facet normal 0 0 -1
    outer loop
      vertex -9.30878 -42.9046 0
      vertex 9.30878 -42.9046 0
      vertex 8.18011 -44.1395 0
    endloop
  endfacet
  facet normal 0 0 -1
    outer loop
      vertex 10.5121 30.4091 0
      vertex 0 12.9412 0
      vertex 9.30878 29.4633 0
    endloop
  endfacet
  facet normal 0 0 -1
    outer loop
      vertex -8.18011 -44.1395 0
      vertex 8.18011 -44.1395 0
      vertex 7.1283 -45.3446 0
    endloop
  endfacet
  facet normal 0 0 -1
    outer loop
      vertex 9.30878 29.4633 0
      vertex 0 12.9412 0
      vertex 8.18011 28.4664 0
    endloop
  endfacet
  facet normal 0 0 -1
    outer loop
      vertex -7.1283 -45.3446 0
      vertex 7.1283 -45.3446 0
      vertex 6.15489 -46.5167 0
    endloop
  endfacet
  facet normal 0 0 -1
    outer loop
      vertex 8.18011 28.4664 0
      vertex 0 12.9412 0
      vertex 7.1283 27.4282 0
    endloop
  endfacet
  facet normal 0 0 -1
    outer loop
      vertex -6.15489 -46.5167 0
      vertex 6.15489 -46.5167 0
      vertex 5.26081 -47.6528 0
    endloop
  endfacet
  facet normal 0 0 -1
    outer loop
      vertex 7.1283 27.4282 0
      vertex 0 12.9412 0
      vertex 6.15489 26.3588 0
    endloop
  endfacet
  facet normal 0 0 -1
    outer loop
      vertex -5.26081 -47.6528 0
      vertex 5.26081 -47.6528 0
      vertex 4.44631 -48.7494 0
    endloop
  endfacet
  facet normal 0 0 -1
    outer loop
      vertex 6.15489 26.3588 0
      vertex 0 12.9412 0
      vertex 5.26081 25.2684 0
    endloop
  endfacet
  facet normal 0 0 -1
    outer loop
      vertex -4.44631 -48.7494 0
      vertex 4.44631 -48.7494 0
      vertex 3.71089 -49.8033 0
    endloop
  endfacet
  facet normal 0 0 -1
    outer loop
      vertex 5.26081 25.2684 0
      vertex 0 12.9412 0
      vertex 4.44631 24.1676 0
    endloop
  endfacet
  facet normal 0 0 -1
    outer loop
      vertex -3.71089 -49.8033 0
      vertex 3.71089 -49.8033 0
      vertex 3.05338 -50.8106 0
    endloop
  endfacet
  facet normal 0 0 -1
    outer loop
      vertex 4.44631 24.1676 0
      vertex 0 12.9412 0
      vertex 3.71089 23.0669 0
    endloop
  endfacet
  facet normal 0 0 -1
    outer loop
      vertex -3.05338 -50.8106 0
      vertex 3.05338 -50.8106 0
      vertex 2.47204 -51.7682 0
    endloop
  endfacet
  facet normal 0 0 -1
    outer loop
      vertex 3.71089 23.0669 0
      vertex 0 12.9412 0
      vertex 3.05338 21.9769 0
    endloop
  endfacet
  facet normal 0 0 -1
    outer loop
      vertex -2.47204 -51.7682 0
      vertex 2.47204 -51.7682 0
      vertex 1.96445 -52.6721 0
    endloop
  endfacet
  facet normal 0 0 -1
    outer loop
      vertex 3.05338 21.9769 0
      vertex 0 12.9412 0
      vertex 2.47204 20.9081 0
    endloop
  endfacet
  facet normal 0 0 -1
    outer loop
      vertex -1.96445 -52.6721 0
      vertex 1.96445 -52.6721 0
      vertex 1.52745 -53.5191 0
    endloop
  endfacet
  facet normal 0 0 -1
    outer loop
      vertex 2.47204 20.9081 0
      vertex 0 12.9412 0
      vertex 1.96445 19.8708 0
    endloop
  endfacet
  facet normal 0 0 -1
    outer loop
      vertex -1.52745 -53.5191 0
      vertex 1.52745 -53.5191 0
      vertex 1.15755 -54.3056 0
    endloop
  endfacet
  facet normal 0 0 -1
    outer loop
      vertex 1.96445 19.8708 0
      vertex 0 12.9412 0
      vertex 1.52745 18.8749 0
    endloop
  endfacet
  facet normal 0 0 -1
    outer loop
      vertex -1.15755 -54.3056 0
      vertex 1.15755 -54.3056 0
      vertex 0.850439 -55.0283 0
    endloop
  endfacet
  facet normal 0 0 -1
    outer loop
      vertex 1.52745 18.8749 0
      vertex 0 12.9412 0
      vertex 1.15755 17.93 0
    endloop
  endfacet
  facet normal 0 0 -1
    outer loop
      vertex -0.850439 -55.0283 0
      vertex 0.850439 -55.0283 0
      vertex 0.601434 -55.6843 0
    endloop
  endfacet
  facet normal 0 0 -1
    outer loop
      vertex 1.15755 17.93 0
      vertex 0 12.9412 0
      vertex 0.850439 17.0452 0
    endloop
  endfacet
  facet normal 0 0 -1
    outer loop
      vertex -0.601434 -55.6843 0
      vertex 0.601434 -55.6843 0
      vertex 0.405398 -56.2705 0
    endloop
  endfacet
  facet normal 0 0 -1
    outer loop
      vertex 0.850439 17.0452 0
      vertex 0 12.9412 0
      vertex 0.601434 16.2289 0
    endloop
  endfacet
  facet normal 0 0 -1
    outer loop
      vertex -0.405398 -56.2705 0
      vertex 0.405398 -56.2705 0
      vertex 0.256657 -56.7842 0
    endloop
  endfacet
  facet normal 0 0 -1
    outer loop
      vertex 0.601434 16.2289 0
      vertex 0 12.9412 0
      vertex 0.405398 15.4892 0
    endloop
  endfacet
  facet normal 0 0 -1
    outer loop
      vertex -0.256657 -56.7842 0
      vertex 0.256657 -56.7842 0
      vertex 0.149185 -57.223 0
    endloop
  endfacet
  facet normal 0 0 -1
    outer loop
      vertex 0.405398 15.4892 0
      vertex 0 12.9412 0
      vertex 0.256657 14.833 0
    endloop
  endfacet
  facet normal 0 0 -1
    outer loop
      vertex -0.149185 -57.223 0
      vertex 0.149185 -57.223 0
      vertex 0.0766659 -57.5851 0
    endloop
  endfacet
  facet normal 0 0 -1
    outer loop
      vertex 0.256657 14.833 0
      vertex 0 12.9412 0
      vertex 0.149185 14.2666 0
    endloop
  endfacet
  facet normal 0 0 -1
    outer loop
      vertex -0.0766659 -57.5851 0
      vertex 0.0766659 -57.5851 0
      vertex 0.0324335 -57.8685 0
    endloop
  endfacet
  facet normal 0 0 -1
    outer loop
      vertex 0.149185 14.2666 0
      vertex 0 12.9412 0
      vertex 0.0766659 13.7957 0
    endloop
  endfacet
  facet normal 0 0 -1
    outer loop
      vertex -0.0324335 -57.8685 0
      vertex 0.0324335 -57.8685 0
      vertex 0.00962639 -58.0719 0
    endloop
  endfacet
  facet normal 0 0 -1
    outer loop
      vertex 0.0766659 13.7957 0
      vertex 0 12.9412 0
      vertex 0.0324335 13.4245 0
    endloop
  endfacet
  facet normal 0 0 -1
    outer loop
      vertex -0.00962639 -58.0719 0
      vertex 0.00962639 -58.0719 0
      vertex 0.00118446 -58.1944 0
    endloop
  endfacet
  facet normal 0 0 -1
    outer loop
      vertex 0.0324335 13.4245 0
      vertex 0 12.9412 0
      vertex 0.00962639 13.1569 0
    endloop
  endfacet
  facet normal 0 0 -1
    outer loop
      vertex -0.00118446 -58.1944 0
      vertex 0.00118446 -58.1944 0
      vertex 0 -58.2353 0
    endloop
  endfacet
  facet normal 0 0 -1
    outer loop
      vertex 0.00962639 13.1569 0
      vertex 0 12.9412 0
      vertex 0.00118446 12.9952 0
    endloop
  endfacet
  facet normal 0 0 -1
    outer loop
      vertex -0.00962639 -58.0719 0
      vertex 0.00118446 -58.1944 0
      vertex -0.00118446 -58.1944 0
    endloop
  endfacet
  facet normal 0 0 -1
    outer loop
      vertex -0.0324335 -57.8685 0
      vertex 0.00962639 -58.0719 0
      vertex -0.00962639 -58.0719 0
    endloop
  endfacet
  facet normal 0 0 -1
    outer loop
      vertex 0.0324335 -57.8685 0
      vertex -0.0324335 -57.8685 0
      vertex -0.0766659 -57.5851 0
    endloop
  endfacet
  facet normal 0 0 -1
    outer loop
      vertex 0.0766659 -57.5851 0
      vertex -0.0766659 -57.5851 0
      vertex -0.149185 -57.223 0
    endloop
  endfacet
  facet normal 0 0 -1
    outer loop
      vertex 0.149185 -57.223 0
      vertex -0.149185 -57.223 0
      vertex -0.256657 -56.7842 0
    endloop
  endfacet
  facet normal 0 0 -1
    outer loop
      vertex 0.256657 -56.7842 0
      vertex -0.256657 -56.7842 0
      vertex -0.405398 -56.2705 0
    endloop
  endfacet
  facet normal 0 0 -1
    outer loop
      vertex 0.405398 -56.2705 0
      vertex -0.405398 -56.2705 0
      vertex -0.601434 -55.6843 0
    endloop
  endfacet
  facet normal 0 0 -1
    outer loop
      vertex 0.601434 -55.6843 0
      vertex -0.601434 -55.6843 0
      vertex -0.850439 -55.0283 0
    endloop
  endfacet
  facet normal 0 0 -1
    outer loop
      vertex 0.850439 -55.0283 0
      vertex -0.850439 -55.0283 0
      vertex -1.15755 -54.3056 0
    endloop
  endfacet
  facet normal 0 0 -1
    outer loop
      vertex 1.15755 -54.3056 0
      vertex -1.15755 -54.3056 0
      vertex -1.52745 -53.5191 0
    endloop
  endfacet
  facet normal 0 0 -1
    outer loop
      vertex 1.52745 -53.5191 0
      vertex -1.52745 -53.5191 0
      vertex -1.96445 -52.6721 0
    endloop
  endfacet
  facet normal 0 0 -1
    outer loop
      vertex 1.96445 -52.6721 0
      vertex -1.96445 -52.6721 0
      vertex -2.47204 -51.7682 0
    endloop
  endfacet
  facet normal 0 0 -1
    outer loop
      vertex 2.47204 -51.7682 0
      vertex -2.47204 -51.7682 0
      vertex -3.05338 -50.8106 0
    endloop
  endfacet
  facet normal 0 0 -1
    outer loop
      vertex 3.05338 -50.8106 0
      vertex -3.05338 -50.8106 0
      vertex -3.71089 -49.8033 0
    endloop
  endfacet
  facet normal 0 0 -1
    outer loop
      vertex 3.71089 -49.8033 0
      vertex -3.71089 -49.8033 0
      vertex -4.44631 -48.7494 0
    endloop
  endfacet
  facet normal 0 0 -1
    outer loop
      vertex 4.44631 -48.7494 0
      vertex -4.44631 -48.7494 0
      vertex -5.26081 -47.6528 0
    endloop
  endfacet
  facet normal 0 0 -1
    outer loop
      vertex 5.26081 -47.6528 0
      vertex -5.26081 -47.6528 0
      vertex -6.15489 -46.5167 0
    endloop
  endfacet
  facet normal 0 0 -1
    outer loop
      vertex 6.15489 -46.5167 0
      vertex -6.15489 -46.5167 0
      vertex -7.1283 -45.3446 0
    endloop
  endfacet
  facet normal 0 0 -1
    outer loop
      vertex 7.1283 -45.3446 0
      vertex -7.1283 -45.3446 0
      vertex -8.18011 -44.1395 0
    endloop
  endfacet
  facet normal 0 0 -1
    outer loop
      vertex 8.18011 -44.1395 0
      vertex -8.18011 -44.1395 0
      vertex -9.30878 -42.9046 0
    endloop
  endfacet
  facet normal 0 0 -1
    outer loop
      vertex 9.30878 -42.9046 0
      vertex -9.30878 -42.9046 0
      vertex -10.5121 -41.6425 0
    endloop
  endfacet
  facet normal 0 0 -1
    outer loop
      vertex 10.5121 -41.6425 0
      vertex -10.5121 -41.6425 0
      vertex -11.787 -40.3558 0
    endloop
  endfacet
  facet normal 0 0 -1
    outer loop
      vertex 11.787 -40.3558 0
      vertex -11.787 -40.3558 0
      vertex -13.1302 -39.0468 0
    endloop
  endfacet
  facet normal 0 0 -1
    outer loop
      vertex 13.1302 -39.0468 0
      vertex -13.1302 -39.0468 0
      vertex -14.5372 -37.7174 0
    endloop
  endfacet
  facet normal 0 0 -1
    outer loop
      vertex 14.5372 -37.7174 0
      vertex -14.5372 -37.7174 0
      vertex -16.0033 -36.3694 0
    endloop
  endfacet
  facet normal 0 0 -1
    outer loop
      vertex 16.0033 -36.3694 0
      vertex -16.0033 -36.3694 0
      vertex -17.5232 -35.0042 0
    endloop
  endfacet
  facet normal 0 0 -1
    outer loop
      vertex 17.5232 -35.0042 0
      vertex -17.5232 -35.0042 0
      vertex 0 12.9412 0
    endloop
  endfacet
  facet normal 0 0 -1
    outer loop
      vertex -19.0911 -33.6228 0
      vertex 0 12.9412 0
      vertex -17.5232 -35.0042 0
    endloop
  endfacet
  facet normal 0 0 -1
    outer loop
      vertex -20.7004 -32.2263 0
      vertex 0 12.9412 0
      vertex -19.0911 -33.6228 0
    endloop
  endfacet
  facet normal 0 0 -1
    outer loop
      vertex -22.3443 -30.815 0
      vertex 0 12.9412 0
      vertex -20.7004 -32.2263 0
    endloop
  endfacet
  facet normal 0 0 -1
    outer loop
      vertex -24.0157 -29.3892 0
      vertex 0 12.9412 0
      vertex -22.3443 -30.815 0
    endloop
  endfacet
  facet normal 0 0 -1
    outer loop
      vertex -25.7068 -27.9491 0
      vertex 0 12.9412 0
      vertex -24.0157 -29.3892 0
    endloop
  endfacet
  facet normal 0 0 -1
    outer loop
      vertex -27.4098 -26.4945 0
      vertex 0 12.9412 0
      vertex -25.7068 -27.9491 0
    endloop
  endfacet
  facet normal 0 0 -1
    outer loop
      vertex -29.1166 -25.025 0
      vertex 0 12.9412 0
      vertex -27.4098 -26.4945 0
    endloop
  endfacet
  facet normal 0 0 -1
    outer loop
      vertex -30.8187 -23.5401 0
      vertex 0 12.9412 0
      vertex -29.1166 -25.025 0
    endloop
  endfacet
  facet normal 0 0 -1
    outer loop
      vertex -32.5077 -22.0392 0
      vertex 0 12.9412 0
      vertex -30.8187 -23.5401 0
    endloop
  endfacet
  facet normal 0 0 -1
    outer loop
      vertex -34.175 -20.5216 0
      vertex 0 12.9412 0
      vertex -32.5077 -22.0392 0
    endloop
  endfacet
  facet normal 0 0 -1
    outer loop
      vertex -35.812 -18.9867 0
      vertex 0 12.9412 0
      vertex -34.175 -20.5216 0
    endloop
  endfacet
  facet normal 0 0 -1
    outer loop
      vertex -37.4102 -17.4336 0
      vertex 0 12.9412 0
      vertex -35.812 -18.9867 0
    endloop
  endfacet
  facet normal 0 0 -1
    outer loop
      vertex -38.9611 -15.8619 0
      vertex 0 12.9412 0
      vertex -37.4102 -17.4336 0
    endloop
  endfacet
  facet normal 0 0 -1
    outer loop
      vertex -40.4564 -14.2709 0
      vertex 0 12.9412 0
      vertex -38.9611 -15.8619 0
    endloop
  endfacet
  facet normal 0 0 -1
    outer loop
      vertex -41.8882 -12.6602 0
      vertex 0 12.9412 0
      vertex -40.4564 -14.2709 0
    endloop
  endfacet
  facet normal 0 0 -1
    outer loop
      vertex -43.2485 -11.0298 0
      vertex 0 12.9412 0
      vertex -41.8882 -12.6602 0
    endloop
  endfacet
  facet normal 0 0 -1
    outer loop
      vertex -44.53 -9.37972 0
      vertex 0 12.9412 0
      vertex -43.2485 -11.0298 0
    endloop
  endfacet
  facet normal 0 0 -1
    outer loop
      vertex -45.7255 -7.71023 0
      vertex 0 12.9412 0
      vertex -44.53 -9.37972 0
    endloop
  endfacet
  facet normal 0 0 -1
    outer loop
      vertex -46.8286 -6.02209 0
      vertex 0 12.9412 0
      vertex -45.7255 -7.71023 0
    endloop
  endfacet
  facet normal 0 0 -1
    outer loop
      vertex -47.8328 -4.31633 0
      vertex 0 12.9412 0
      vertex -46.8286 -6.02209 0
    endloop
  endfacet
  facet normal 0 0 -1
    outer loop
      vertex -48.7328 -2.59437 0
      vertex 0 12.9412 0
      vertex -47.8328 -4.31633 0
    endloop
  endfacet
  facet normal 0 -0 -1
    outer loop
      vertex -3.05338 21.9769 0
      vertex 0 12.9412 0
      vertex -48.7328 -2.59437 0
    endloop
  endfacet
  facet normal -0 -0 -1
    outer loop
      vertex -2.47204 20.9081 0
      vertex 0 12.9412 0
      vertex -3.05338 21.9769 0
    endloop
  endfacet
  facet normal -0 -0 -1
    outer loop
      vertex -1.52745 18.8749 0
      vertex 0 12.9412 0
      vertex -1.96445 19.8708 0
    endloop
  endfacet
  facet normal -0 -0 -1
    outer loop
      vertex -1.15755 17.93 0
      vertex 0 12.9412 0
      vertex -1.52745 18.8749 0
    endloop
  endfacet
  facet normal -0 -0 -1
    outer loop
      vertex -0.601434 16.2289 0
      vertex 0 12.9412 0
      vertex -0.850439 17.0452 0
    endloop
  endfacet
  facet normal -0 -0 -1
    outer loop
      vertex -0.256657 14.833 0
      vertex 0 12.9412 0
      vertex -0.405398 15.4892 0
    endloop
  endfacet
  facet normal 0 0 -1
    outer loop
      vertex 0 12.9412 0
      vertex -0.256657 14.833 0
      vertex -0.149185 14.2666 0
    endloop
  endfacet
  facet normal -0 -0 -1
    outer loop
      vertex -0.0324335 13.4245 0
      vertex 0 12.9412 0
      vertex -0.0766659 13.7957 0
    endloop
  endfacet
  facet normal 0 0 -1
    outer loop
      vertex 0 12.9412 0
      vertex -0.00962639 13.1569 0
      vertex -0.00118446 12.9952 0
    endloop
  endfacet
  facet normal 0 0 -1
    outer loop
      vertex 0 12.9412 0
      vertex -0.0324335 13.4245 0
      vertex -0.00962639 13.1569 0
    endloop
  endfacet
  facet normal -0 -0 -1
    outer loop
      vertex -0.0766659 13.7957 0
      vertex 0 12.9412 0
      vertex -0.149185 14.2666 0
    endloop
  endfacet
  facet normal -0 -0 -1
    outer loop
      vertex -0.405398 15.4892 0
      vertex 0 12.9412 0
      vertex -0.601434 16.2289 0
    endloop
  endfacet
  facet normal -0 -0 -1
    outer loop
      vertex -0.850439 17.0452 0
      vertex 0 12.9412 0
      vertex -1.15755 17.93 0
    endloop
  endfacet
  facet normal -0 -0 -1
    outer loop
      vertex -1.96445 19.8708 0
      vertex 0 12.9412 0
      vertex -2.47204 20.9081 0
    endloop
  endfacet
  facet normal -0 0 -1
    outer loop
      vertex -3.05338 21.9769 0
      vertex -48.7328 -2.59437 0
      vertex -3.71089 23.0669 0
    endloop
  endfacet
  facet normal -0 0 -1
    outer loop
      vertex -3.71089 23.0669 0
      vertex -48.7328 -2.59437 0
      vertex -4.44631 24.1676 0
    endloop
  endfacet
  facet normal -0 0 -1
    outer loop
      vertex -4.44631 24.1676 0
      vertex -48.7328 -2.59437 0
      vertex -5.26081 25.2684 0
    endloop
  endfacet
  facet normal -0 0 -1
    outer loop
      vertex -5.26081 25.2684 0
      vertex -48.7328 -2.59437 0
      vertex -6.15489 26.3588 0
    endloop
  endfacet
  facet normal -0 0 -1
    outer loop
      vertex -6.15489 26.3588 0
      vertex -48.7328 -2.59437 0
      vertex -7.1283 27.4282 0
    endloop
  endfacet
  facet normal -0 0 -1
    outer loop
      vertex -7.1283 27.4282 0
      vertex -48.7328 -2.59437 0
      vertex -8.18011 28.4664 0
    endloop
  endfacet
  facet normal -0 0 -1
    outer loop
      vertex -8.18011 28.4664 0
      vertex -48.7328 -2.59437 0
      vertex -9.30878 29.4633 0
    endloop
  endfacet
  facet normal -0 0 -1
    outer loop
      vertex -9.30878 29.4633 0
      vertex -48.7328 -2.59437 0
      vertex -10.5121 30.4091 0
    endloop
  endfacet
  facet normal -0 0 -1
    outer loop
      vertex -10.5121 30.4091 0
      vertex -48.7328 -2.59437 0
      vertex -11.787 31.2947 0
    endloop
  endfacet
  facet normal -0 0 -1
    outer loop
      vertex -11.787 31.2947 0
      vertex -48.7328 -2.59437 0
      vertex -13.1302 32.1114 0
    endloop
  endfacet
  facet normal -0 0 -1
    outer loop
      vertex -13.1302 32.1114 0
      vertex -48.7328 -2.59437 0
      vertex -14.5372 32.851 0
    endloop
  endfacet
  facet normal -0 0 -1
    outer loop
      vertex -14.5372 32.851 0
      vertex -48.7328 -2.59437 0
      vertex -16.0033 33.506 0
    endloop
  endfacet
  facet normal -0 0 -1
    outer loop
      vertex -16.0033 33.506 0
      vertex -48.7328 -2.59437 0
      vertex -17.5232 34.0697 0
    endloop
  endfacet
  facet normal -0 0 -1
    outer loop
      vertex -17.5232 34.0697 0
      vertex -48.7328 -2.59437 0
      vertex -19.0911 34.5362 0
    endloop
  endfacet
  facet normal -0 0 -1
    outer loop
      vertex -19.0911 34.5362 0
      vertex -48.7328 -2.59437 0
      vertex -20.7004 34.9001 0
    endloop
  endfacet
  facet normal -0 0 -1
    outer loop
      vertex -20.7004 34.9001 0
      vertex -48.7328 -2.59437 0
      vertex -22.3443 35.1572 0
    endloop
  endfacet
  facet normal -0 0 -1
    outer loop
      vertex -22.3443 35.1572 0
      vertex -48.7328 -2.59437 0
      vertex -24.0157 35.3038 0
    endloop
  endfacet
  facet normal -0 0 -1
    outer loop
      vertex -24.0157 35.3038 0
      vertex -48.7328 -2.59437 0
      vertex -25.7068 35.3375 0
    endloop
  endfacet
  facet normal 0 0 -1
    outer loop
      vertex -25.7068 35.3375 0
      vertex -48.7328 -2.59437 0
      vertex -27.4098 35.2563 0
    endloop
  endfacet
  facet normal 0 0 -1
    outer loop
      vertex -27.4098 35.2563 0
      vertex -48.7328 -2.59437 0
      vertex -29.1166 35.0595 0
    endloop
  endfacet
  facet normal 0 0 -1
    outer loop
      vertex -29.1166 35.0595 0
      vertex -48.7328 -2.59437 0
      vertex -30.8187 34.7467 0
    endloop
  endfacet
  facet normal 0 0 -1
    outer loop
      vertex -30.8187 34.7467 0
      vertex -48.7328 -2.59437 0
      vertex -32.5077 34.319 0
    endloop
  endfacet
  facet normal 0 0 -1
    outer loop
      vertex -32.5077 34.319 0
      vertex -48.7328 -2.59437 0
      vertex -34.175 33.7776 0
    endloop
  endfacet
  facet normal 0 0 -1
    outer loop
      vertex -34.175 33.7776 0
      vertex -48.7328 -2.59437 0
      vertex -35.812 33.125 0
    endloop
  endfacet
  facet normal 0 0 -1
    outer loop
      vertex -35.812 33.125 0
      vertex -48.7328 -2.59437 0
      vertex -37.4102 32.3642 0
    endloop
  endfacet
  facet normal 0 0 -1
    outer loop
      vertex -37.4102 32.3642 0
      vertex -48.7328 -2.59437 0
      vertex -38.9611 31.4988 0
    endloop
  endfacet
  facet normal 0 0 -1
    outer loop
      vertex -38.9611 31.4988 0
      vertex -48.7328 -2.59437 0
      vertex -40.4564 30.533 0
    endloop
  endfacet
  facet normal 0 0 -1
    outer loop
      vertex -49.5234 -0.857943 0
      vertex -40.4564 30.533 0
      vertex -48.7328 -2.59437 0
    endloop
  endfacet
  facet normal 0 0 -1
    outer loop
      vertex -40.4564 30.533 0
      vertex -49.5234 -0.857943 0
      vertex -41.8882 29.4717 0
    endloop
  endfacet
  facet normal 0 0 -1
    outer loop
      vertex -41.8882 29.4717 0
      vertex -49.5234 -0.857943 0
      vertex -43.2485 28.32 0
    endloop
  endfacet
  facet normal 0 0 -1
    outer loop
      vertex -43.2485 28.32 0
      vertex -49.5234 -0.857943 0
      vertex -44.53 27.0837 0
    endloop
  endfacet
  facet normal 0 0 -1
    outer loop
      vertex -50.2 0.890624 0
      vertex -44.53 27.0837 0
      vertex -49.5234 -0.857943 0
    endloop
  endfacet
  facet normal 0 0 -1
    outer loop
      vertex -44.53 27.0837 0
      vertex -50.2 0.890624 0
      vertex -45.7255 25.7687 0
    endloop
  endfacet
  facet normal 0 0 -1
    outer loop
      vertex -45.7255 25.7687 0
      vertex -50.2 0.890624 0
      vertex -46.8286 24.3813 0
    endloop
  endfacet
  facet normal 0 0 -1
    outer loop
      vertex -50.759 2.64862 0
      vertex -46.8286 24.3813 0
      vertex -50.2 0.890624 0
    endloop
  endfacet
  facet normal 0 0 -1
    outer loop
      vertex -46.8286 24.3813 0
      vertex -50.759 2.64862 0
      vertex -47.8328 22.928 0
    endloop
  endfacet
  facet normal 0 0 -1
    outer loop
      vertex -47.8328 22.928 0
      vertex -50.759 2.64862 0
      vertex -48.7328 21.4152 0
    endloop
  endfacet
  facet normal 0 0 -1
    outer loop
      vertex -48.7328 21.4152 0
      vertex -50.759 2.64862 0
      vertex -49.5234 19.8496 0
    endloop
  endfacet
  facet normal 0 0 -1
    outer loop
      vertex -51.1971 4.41294 0
      vertex -49.5234 19.8496 0
      vertex -50.759 2.64862 0
    endloop
  endfacet
  facet normal 0 0 -1
    outer loop
      vertex -49.5234 19.8496 0
      vertex -51.1971 4.41294 0
      vertex -50.2 18.2378 0
    endloop
  endfacet
  facet normal 0 0 -1
    outer loop
      vertex -50.2 18.2378 0
      vertex -51.1971 4.41294 0
      vertex -50.759 16.5862 0
    endloop
  endfacet
  facet normal 0 0 -1
    outer loop
      vertex -51.1971 4.41294 0
      vertex -51.1971 14.9012 0
      vertex -50.759 16.5862 0
    endloop
  endfacet
  facet normal 0 0 -1
    outer loop
      vertex -51.5118 6.18002 0
      vertex -51.1971 14.9012 0
      vertex -51.1971 4.41294 0
    endloop
  endfacet
  facet normal 0 0 -1
    outer loop
      vertex -51.5118 6.18002 0
      vertex -51.5118 13.1889 0
      vertex -51.1971 14.9012 0
    endloop
  endfacet
  facet normal 0 0 -1
    outer loop
      vertex -51.7014 7.94581 0
      vertex -51.5118 13.1889 0
      vertex -51.5118 6.18002 0
    endloop
  endfacet
  facet normal 0 0 -1
    outer loop
      vertex -51.7014 7.94581 0
      vertex -51.7014 11.4553 0
      vertex -51.5118 13.1889 0
    endloop
  endfacet
  facet normal 0 -0 -1
    outer loop
      vertex -51.7014 11.4553 0
      vertex -51.7014 7.94581 0
      vertex -51.7647 9.70588 0
    endloop
  endfacet
  facet normal 0 0 1
    outer loop
      vertex 49.9635 9.70547 34
      vertex 51.7647 9.70588 34
      vertex 51.7014 11.4553 34
    endloop
  endfacet
  facet normal 0 0 1
    outer loop
      vertex 49.9049 11.3249 34
      vertex 51.7014 11.4553 34
      vertex 51.5118 13.1889 34
    endloop
  endfacet
  facet normal 0 0 1
    outer loop
      vertex 51.7647 9.70588 34
      vertex 49.9635 9.70547 34
      vertex 51.7014 7.94581 34
    endloop
  endfacet
  facet normal 0 0 1
    outer loop
      vertex 49.7296 12.928 34
      vertex 51.5118 13.1889 34
      vertex 51.1971 14.9012 34
    endloop
  endfacet
  facet normal -0 0 1
    outer loop
      vertex 49.9048 8.07443 34
      vertex 51.7014 7.94581 34
      vertex 49.9635 9.70547 34
    endloop
  endfacet
  facet normal 0 0 1
    outer loop
      vertex 49.4385 14.5116 34
      vertex 51.1971 14.9012 34
      vertex 50.759 16.5862 34
    endloop
  endfacet
  facet normal 0 0 1
    outer loop
      vertex 51.7014 7.94581 34
      vertex 49.9048 8.07443 34
      vertex 51.5118 6.18002 34
    endloop
  endfacet
  facet normal 0 0 1
    outer loop
      vertex 49.0332 16.0706 34
      vertex 50.759 16.5862 34
      vertex 50.2 18.2378 34
    endloop
  endfacet
  facet normal -0 0 1
    outer loop
      vertex 49.7288 6.4343 34
      vertex 51.5118 6.18002 34
      vertex 49.9048 8.07443 34
    endloop
  endfacet
  facet normal 0 0 1
    outer loop
      vertex 51.5118 6.18002 34
      vertex 49.7288 6.4343 34
      vertex 51.1971 4.41294 34
    endloop
  endfacet
  facet normal 0 0 1
    outer loop
      vertex 51.7014 11.4553 34
      vertex 49.9049 11.3249 34
      vertex 49.9635 9.70547 34
    endloop
  endfacet
  facet normal 0 0 1
    outer loop
      vertex 51.5118 13.1889 34
      vertex 49.7296 12.928 34
      vertex 49.9049 11.3249 34
    endloop
  endfacet
  facet normal 0 0 1
    outer loop
      vertex 48.5156 17.6 34
      vertex 50.2 18.2378 34
      vertex 49.5234 19.8496 34
    endloop
  endfacet
  facet normal 0 0 1
    outer loop
      vertex 51.1971 14.9012 34
      vertex 49.4385 14.5116 34
      vertex 49.7296 12.928 34
    endloop
  endfacet
  facet normal 0 0 1
    outer loop
      vertex 50.759 16.5862 34
      vertex 49.0332 16.0706 34
      vertex 49.4385 14.5116 34
    endloop
  endfacet
  facet normal 0 0 1
    outer loop
      vertex 47.8882 19.0945 34
      vertex 49.5234 19.8496 34
      vertex 48.7328 21.4152 34
    endloop
  endfacet
  facet normal 0 0 1
    outer loop
      vertex 50.2 18.2378 34
      vertex 48.5156 17.6 34
      vertex 49.0332 16.0706 34
    endloop
  endfacet
  facet normal 0 0 1
    outer loop
      vertex 49.5234 19.8496 34
      vertex 47.8882 19.0945 34
      vertex 48.5156 17.6 34
    endloop
  endfacet
  facet normal 0 0 1
    outer loop
      vertex 47.1541 20.5483 34
      vertex 48.7328 21.4152 34
      vertex 47.8328 22.928 34
    endloop
  endfacet
  facet normal 0 0 1
    outer loop
      vertex 48.7328 21.4152 34
      vertex 47.1541 20.5483 34
      vertex 47.8882 19.0945 34
    endloop
  endfacet
  facet normal 0 0 1
    outer loop
      vertex 46.3172 21.9551 34
      vertex 47.8328 22.928 34
      vertex 46.8286 24.3813 34
    endloop
  endfacet
  facet normal 0 0 1
    outer loop
      vertex 47.8328 22.928 34
      vertex 46.3172 21.9551 34
      vertex 47.1541 20.5483 34
    endloop
  endfacet
  facet normal 0 0 1
    outer loop
      vertex 45.382 23.3084 34
      vertex 46.8286 24.3813 34
      vertex 45.7255 25.7687 34
    endloop
  endfacet
  facet normal 0 0 1
    outer loop
      vertex 46.8286 24.3813 34
      vertex 45.382 23.3084 34
      vertex 46.3172 21.9551 34
    endloop
  endfacet
  facet normal 0 0 1
    outer loop
      vertex 44.3537 24.6019 34
      vertex 45.7255 25.7687 34
      vertex 44.53 27.0837 34
    endloop
  endfacet
  facet normal 0 0 1
    outer loop
      vertex 45.7255 25.7687 34
      vertex 44.3537 24.6019 34
      vertex 45.382 23.3084 34
    endloop
  endfacet
  facet normal 0 0 1
    outer loop
      vertex 43.2377 25.8293 34
      vertex 44.53 27.0837 34
      vertex 43.2485 28.32 34
    endloop
  endfacet
  facet normal 0 0 1
    outer loop
      vertex 44.53 27.0837 34
      vertex 43.2377 25.8293 34
      vertex 44.3537 24.6019 34
    endloop
  endfacet
  facet normal 0 0 1
    outer loop
      vertex 43.2485 28.32 34
      vertex 42.0409 26.9839 34
      vertex 43.2377 25.8293 34
    endloop
  endfacet
  facet normal 0 0 1
    outer loop
      vertex 41.8882 29.4717 34
      vertex 42.0409 26.9839 34
      vertex 43.2485 28.32 34
    endloop
  endfacet
  facet normal 0 0 1
    outer loop
      vertex 41.8882 29.4717 34
      vertex 40.7695 28.0603 34
      vertex 42.0409 26.9839 34
    endloop
  endfacet
  facet normal 0 0 1
    outer loop
      vertex 40.4564 30.533 34
      vertex 40.7695 28.0603 34
      vertex 41.8882 29.4717 34
    endloop
  endfacet
  facet normal 0 0 1
    outer loop
      vertex 40.4564 30.533 34
      vertex 39.4311 29.0524 34
      vertex 40.7695 28.0603 34
    endloop
  endfacet
  facet normal 0 0 1
    outer loop
      vertex 38.9611 31.4988 34
      vertex 39.4311 29.0524 34
      vertex 40.4564 30.533 34
    endloop
  endfacet
  facet normal 0 0 1
    outer loop
      vertex 38.9611 31.4988 34
      vertex 38.033 29.9554 34
      vertex 39.4311 29.0524 34
    endloop
  endfacet
  facet normal 0 0 1
    outer loop
      vertex 37.4102 32.3642 34
      vertex 38.033 29.9554 34
      vertex 38.9611 31.4988 34
    endloop
  endfacet
  facet normal 0 0 1
    outer loop
      vertex 37.4102 32.3642 34
      vertex 36.5841 30.7639 34
      vertex 38.033 29.9554 34
    endloop
  endfacet
  facet normal 0 0 1
    outer loop
      vertex 35.812 33.125 34
      vertex 36.5841 30.7639 34
      vertex 37.4102 32.3642 34
    endloop
  endfacet
  facet normal 0 0 1
    outer loop
      vertex 35.812 33.125 34
      vertex 35.091 31.4747 34
      vertex 36.5841 30.7639 34
    endloop
  endfacet
  facet normal 0 0 1
    outer loop
      vertex 34.175 33.7776 34
      vertex 35.091 31.4747 34
      vertex 35.812 33.125 34
    endloop
  endfacet
  facet normal 0 0 1
    outer loop
      vertex 34.175 33.7776 34
      vertex 33.563 32.0838 34
      vertex 35.091 31.4747 34
    endloop
  endfacet
  facet normal 0 0 1
    outer loop
      vertex 32.5077 34.319 34
      vertex 33.563 32.0838 34
      vertex 34.175 33.7776 34
    endloop
  endfacet
  facet normal 0 0 1
    outer loop
      vertex 32.5077 34.319 34
      vertex 32.0081 32.5886 34
      vertex 33.563 32.0838 34
    endloop
  endfacet
  facet normal 0 0 1
    outer loop
      vertex 30.8187 34.7467 34
      vertex 32.0081 32.5886 34
      vertex 32.5077 34.319 34
    endloop
  endfacet
  facet normal 0 0 1
    outer loop
      vertex 30.8187 34.7467 34
      vertex 30.4348 32.9871 34
      vertex 32.0081 32.5886 34
    endloop
  endfacet
  facet normal 0 0 1
    outer loop
      vertex 29.1166 35.0595 34
      vertex 30.4348 32.9871 34
      vertex 30.8187 34.7467 34
    endloop
  endfacet
  facet normal 0 0 1
    outer loop
      vertex 29.1166 35.0595 34
      vertex 28.8504 33.2782 34
      vertex 30.4348 32.9871 34
    endloop
  endfacet
  facet normal 0 0 1
    outer loop
      vertex 27.4098 35.2563 34
      vertex 28.8504 33.2782 34
      vertex 29.1166 35.0595 34
    endloop
  endfacet
  facet normal 0 0 1
    outer loop
      vertex 27.4098 35.2563 34
      vertex 27.2636 33.4613 34
      vertex 28.8504 33.2782 34
    endloop
  endfacet
  facet normal 0 0 1
    outer loop
      vertex 25.7068 35.3375 34
      vertex 27.2636 33.4613 34
      vertex 27.4098 35.2563 34
    endloop
  endfacet
  facet normal 0 0 1
    outer loop
      vertex 25.7068 35.3375 34
      vertex 25.6817 33.5367 34
      vertex 27.2636 33.4613 34
    endloop
  endfacet
  facet normal 0 0 1
    outer loop
      vertex 25.7068 35.3375 34
      vertex 24.1124 33.5054 34
      vertex 25.6817 33.5367 34
    endloop
  endfacet
  facet normal -0 0 1
    outer loop
      vertex 24.0157 35.3038 34
      vertex 24.1124 33.5054 34
      vertex 25.7068 35.3375 34
    endloop
  endfacet
  facet normal 0 0 1
    outer loop
      vertex 24.0157 35.3038 34
      vertex 22.5623 33.3694 34
      vertex 24.1124 33.5054 34
    endloop
  endfacet
  facet normal -0 0 1
    outer loop
      vertex 22.3443 35.1572 34
      vertex 22.5623 33.3694 34
      vertex 24.0157 35.3038 34
    endloop
  endfacet
  facet normal 0 0 1
    outer loop
      vertex 22.3443 35.1572 34
      vertex 21.0383 33.131 34
      vertex 22.5623 33.3694 34
    endloop
  endfacet
  facet normal -0 0 1
    outer loop
      vertex 20.7004 34.9001 34
      vertex 21.0383 33.131 34
      vertex 22.3443 35.1572 34
    endloop
  endfacet
  facet normal 0 0 1
    outer loop
      vertex 20.7004 34.9001 34
      vertex 19.5467 32.7938 34
      vertex 21.0383 33.131 34
    endloop
  endfacet
  facet normal -0 0 1
    outer loop
      vertex 19.0911 34.5362 34
      vertex 19.5467 32.7938 34
      vertex 20.7004 34.9001 34
    endloop
  endfacet
  facet normal 0 0 1
    outer loop
      vertex 19.0911 34.5362 34
      vertex 18.0936 32.3614 34
      vertex 19.5467 32.7938 34
    endloop
  endfacet
  facet normal -0 0 1
    outer loop
      vertex 17.5232 34.0697 34
      vertex 18.0936 32.3614 34
      vertex 19.0911 34.5362 34
    endloop
  endfacet
  facet normal 0 0 1
    outer loop
      vertex 17.5232 34.0697 34
      vertex 16.6841 31.8387 34
      vertex 18.0936 32.3614 34
    endloop
  endfacet
  facet normal -0 0 1
    outer loop
      vertex 16.0033 33.506 34
      vertex 16.6841 31.8387 34
      vertex 17.5232 34.0697 34
    endloop
  endfacet
  facet normal 0 0 1
    outer loop
      vertex 16.0033 33.506 34
      vertex 15.3239 31.231 34
      vertex 16.6841 31.8387 34
    endloop
  endfacet
  facet normal -0 0 1
    outer loop
      vertex 14.5372 32.851 34
      vertex 15.3239 31.231 34
      vertex 16.0033 33.506 34
    endloop
  endfacet
  facet normal 0 0 1
    outer loop
      vertex 14.5372 32.851 34
      vertex 14.0172 30.5441 34
      vertex 15.3239 31.231 34
    endloop
  endfacet
  facet normal -0 0 1
    outer loop
      vertex 13.1302 32.1114 34
      vertex 14.0172 30.5441 34
      vertex 14.5372 32.851 34
    endloop
  endfacet
  facet normal 0 0 1
    outer loop
      vertex 13.1302 32.1114 34
      vertex 12.7689 29.7851 34
      vertex 14.0172 30.5441 34
    endloop
  endfacet
  facet normal -0 0 1
    outer loop
      vertex 11.787 31.2947 34
      vertex 12.7689 29.7851 34
      vertex 13.1302 32.1114 34
    endloop
  endfacet
  facet normal 0 0 1
    outer loop
      vertex 11.787 31.2947 34
      vertex 11.5828 28.9613 34
      vertex 12.7689 29.7851 34
    endloop
  endfacet
  facet normal -0 0 1
    outer loop
      vertex 10.5121 30.4091 34
      vertex 11.5828 28.9613 34
      vertex 11.787 31.2947 34
    endloop
  endfacet
  facet normal 0 0 1
    outer loop
      vertex 10.5121 30.4091 34
      vertex 10.4617 28.0799 34
      vertex 11.5828 28.9613 34
    endloop
  endfacet
  facet normal -0 0 1
    outer loop
      vertex 9.30878 29.4633 34
      vertex 10.4617 28.0799 34
      vertex 10.5121 30.4091 34
    endloop
  endfacet
  facet normal 0 0 1
    outer loop
      vertex 10.4617 28.0799 34
      vertex 9.30878 29.4633 34
      vertex 9.40901 27.1503 34
    endloop
  endfacet
  facet normal -0 0 1
    outer loop
      vertex 8.18011 28.4664 34
      vertex 9.40901 27.1503 34
      vertex 9.30878 29.4633 34
    endloop
  endfacet
  facet normal 0 0 1
    outer loop
      vertex 9.40901 27.1503 34
      vertex 8.18011 28.4664 34
      vertex 8.42709 26.181 34
    endloop
  endfacet
  facet normal -0 0 1
    outer loop
      vertex 7.1283 27.4282 34
      vertex 8.42709 26.181 34
      vertex 8.18011 28.4664 34
    endloop
  endfacet
  facet normal 0 0 1
    outer loop
      vertex 8.42709 26.181 34
      vertex 7.1283 27.4282 34
      vertex 7.51726 25.1815 34
    endloop
  endfacet
  facet normal -0 0 1
    outer loop
      vertex 6.15489 26.3588 34
      vertex 7.51726 25.1815 34
      vertex 7.1283 27.4282 34
    endloop
  endfacet
  facet normal 0 0 1
    outer loop
      vertex 7.51726 25.1815 34
      vertex 6.15489 26.3588 34
      vertex 6.68114 24.1617 34
    endloop
  endfacet
  facet normal -0 0 1
    outer loop
      vertex 5.26081 25.2684 34
      vertex 6.68114 24.1617 34
      vertex 6.15489 26.3588 34
    endloop
  endfacet
  facet normal 0 0 1
    outer loop
      vertex 6.68114 24.1617 34
      vertex 5.26081 25.2684 34
      vertex 5.91896 23.1316 34
    endloop
  endfacet
  facet normal -0 0 1
    outer loop
      vertex 4.44631 24.1676 34
      vertex 5.91896 23.1316 34
      vertex 5.26081 25.2684 34
    endloop
  endfacet
  facet normal 0 0 1
    outer loop
      vertex 5.91896 23.1316 34
      vertex 4.44631 24.1676 34
      vertex 5.23061 22.1014 34
    endloop
  endfacet
  facet normal -0 0 1
    outer loop
      vertex 3.71089 23.0669 34
      vertex 5.23061 22.1014 34
      vertex 4.44631 24.1676 34
    endloop
  endfacet
  facet normal 0 0 1
    outer loop
      vertex 5.23061 22.1014 34
      vertex 3.71089 23.0669 34
      vertex 4.61546 21.0816 34
    endloop
  endfacet
  facet normal -0 0 1
    outer loop
      vertex 3.05338 21.9769 34
      vertex 4.61546 21.0816 34
      vertex 3.71089 23.0669 34
    endloop
  endfacet
  facet normal 0 0 1
    outer loop
      vertex 4.61546 21.0816 34
      vertex 3.05338 21.9769 34
      vertex 4.07182 20.0822 34
    endloop
  endfacet
  facet normal -0 0 1
    outer loop
      vertex 2.47204 20.9081 34
      vertex 4.07182 20.0822 34
      vertex 3.05338 21.9769 34
    endloop
  endfacet
  facet normal 0 0 1
    outer loop
      vertex 4.07182 20.0822 34
      vertex 2.47204 20.9081 34
      vertex 3.59776 19.1134 34
    endloop
  endfacet
  facet normal -0 0 1
    outer loop
      vertex 1.96445 19.8708 34
      vertex 3.59776 19.1134 34
      vertex 2.47204 20.9081 34
    endloop
  endfacet
  facet normal 0 0 1
    outer loop
      vertex 3.59776 19.1134 34
      vertex 1.96445 19.8708 34
      vertex 3.19026 18.1847 34
    endloop
  endfacet
  facet normal -0 0 1
    outer loop
      vertex 1.52745 18.8749 34
      vertex 3.19026 18.1847 34
      vertex 1.96445 19.8708 34
    endloop
  endfacet
  facet normal 0 0 1
    outer loop
      vertex 3.19026 18.1847 34
      vertex 1.52745 18.8749 34
      vertex 2.84647 17.3065 34
    endloop
  endfacet
  facet normal -0 0 1
    outer loop
      vertex 1.15755 17.93 34
      vertex 2.84647 17.3065 34
      vertex 1.52745 18.8749 34
    endloop
  endfacet
  facet normal 0 0 1
    outer loop
      vertex 2.84647 17.3065 34
      vertex 1.15755 17.93 34
      vertex 2.56216 16.4874 34
    endloop
  endfacet
  facet normal -0 0 1
    outer loop
      vertex 0.850439 17.0452 34
      vertex 2.56216 16.4874 34
      vertex 1.15755 17.93 34
    endloop
  endfacet
  facet normal 0 0 1
    outer loop
      vertex 2.56216 16.4874 34
      vertex 0.850439 17.0452 34
      vertex 2.33281 15.7356 34
    endloop
  endfacet
  facet normal -0 0 1
    outer loop
      vertex 0.601434 16.2289 34
      vertex 2.33281 15.7356 34
      vertex 0.850439 17.0452 34
    endloop
  endfacet
  facet normal 0 0 1
    outer loop
      vertex 2.33281 15.7356 34
      vertex 0.601434 16.2289 34
      vertex 2.15373 15.0598 34
    endloop
  endfacet
  facet normal -0 0 1
    outer loop
      vertex 0.405398 15.4892 34
      vertex 2.15373 15.0598 34
      vertex 0.601434 16.2289 34
    endloop
  endfacet
  facet normal 0 0 1
    outer loop
      vertex 2.15373 15.0598 34
      vertex 0.405398 15.4892 34
      vertex 2.01917 14.4661 34
    endloop
  endfacet
  facet normal 0 0 1
    outer loop
      vertex 0 12.9412 34
      vertex 1.79958 12.902 34
      vertex 1.80016 12.9289 34
    endloop
  endfacet
  facet normal -0 0 1
    outer loop
      vertex 0.256657 14.833 34
      vertex 2.01917 14.4661 34
      vertex 0.405398 15.4892 34
    endloop
  endfacet
  facet normal 0 0 1
    outer loop
      vertex 2.01917 14.4661 34
      vertex 0.256657 14.833 34
      vertex 1.92339 13.9613 34
    endloop
  endfacet
  facet normal -0 0 1
    outer loop
      vertex 0.149185 14.2666 34
      vertex 1.92339 13.9613 34
      vertex 0.256657 14.833 34
    endloop
  endfacet
  facet normal 0 0 1
    outer loop
      vertex 1.92339 13.9613 34
      vertex 0.149185 14.2666 34
      vertex 1.86041 13.5524 34
    endloop
  endfacet
  facet normal -0 0 1
    outer loop
      vertex 0.0766659 13.7957 34
      vertex 1.86041 13.5524 34
      vertex 0.149185 14.2666 34
    endloop
  endfacet
  facet normal 0 0 1
    outer loop
      vertex 1.86041 13.5524 34
      vertex 0.0766659 13.7957 34
      vertex 1.82336 13.2415 34
    endloop
  endfacet
  facet normal -0 0 1
    outer loop
      vertex 0.0324335 13.4245 34
      vertex 1.82336 13.2415 34
      vertex 0.0766659 13.7957 34
    endloop
  endfacet
  facet normal 0 0 1
    outer loop
      vertex 1.82336 13.2415 34
      vertex 0.0324335 13.4245 34
      vertex 1.8056 13.0332 34
    endloop
  endfacet
  facet normal -0 0 1
    outer loop
      vertex 0.00962639 13.1569 34
      vertex 1.8056 13.0332 34
      vertex 0.0324335 13.4245 34
    endloop
  endfacet
  facet normal 0 0 1
    outer loop
      vertex 1.8056 13.0332 34
      vertex 0.00962639 13.1569 34
      vertex 1.80016 12.9289 34
    endloop
  endfacet
  facet normal -0 0 1
    outer loop
      vertex 0.00118446 12.9952 34
      vertex 1.80016 12.9289 34
      vertex 0.00962639 13.1569 34
    endloop
  endfacet
  facet normal -0 0 1
    outer loop
      vertex 0 12.9412 34
      vertex 1.80016 12.9289 34
      vertex 0.00118446 12.9952 34
    endloop
  endfacet
  facet normal 0 0 1
    outer loop
      vertex 1.79958 12.902 34
      vertex 0 12.9412 34
      vertex 1.79601 12.8213 34
    endloop
  endfacet
  facet normal 0 0 1
    outer loop
      vertex 1.79601 12.8213 34
      vertex 0 12.9412 34
      vertex 1.78882 12.7409 34
    endloop
  endfacet
  facet normal 0 0 1
    outer loop
      vertex 1.78882 12.7409 34
      vertex 0 12.9412 34
      vertex 1.77803 12.6608 34
    endloop
  endfacet
  facet normal 0 0 1
    outer loop
      vertex 1.77803 12.6608 34
      vertex 0 12.9412 34
      vertex 1.76367 12.5813 34
    endloop
  endfacet
  facet normal 0 0 1
    outer loop
      vertex 1.76367 12.5813 34
      vertex 0 12.9412 34
      vertex 1.74574 12.5026 34
    endloop
  endfacet
  facet normal 0 0 1
    outer loop
      vertex 1.74574 12.5026 34
      vertex 0 12.9412 34
      vertex 1.7243 12.4247 34
    endloop
  endfacet
  facet normal 0 0 1
    outer loop
      vertex 1.7243 12.4247 34
      vertex 0 12.9412 34
      vertex 1.6994 12.3478 34
    endloop
  endfacet
  facet normal 0 0 1
    outer loop
      vertex 1.6994 12.3478 34
      vertex 0 12.9412 34
      vertex 1.67107 12.2722 34
    endloop
  endfacet
  facet normal 0 0 1
    outer loop
      vertex 1.67107 12.2722 34
      vertex 0 12.9412 34
      vertex 1.63937 12.1979 34
    endloop
  endfacet
  facet normal 0 0 1
    outer loop
      vertex 1.63937 12.1979 34
      vertex 0 12.9412 34
      vertex 1.60437 12.1251 34
    endloop
  endfacet
  facet normal 0 0 1
    outer loop
      vertex 1.60437 12.1251 34
      vertex 0 12.9412 34
      vertex 1.56615 12.0539 34
    endloop
  endfacet
  facet normal 0 0 1
    outer loop
      vertex 1.56615 12.0539 34
      vertex 0 12.9412 34
      vertex 1.52477 11.9846 34
    endloop
  endfacet
  facet normal 0 0 1
    outer loop
      vertex 1.52477 11.9846 34
      vertex 0 12.9412 34
      vertex 1.48032 11.9171 34
    endloop
  endfacet
  facet normal 0 0 1
    outer loop
      vertex 1.48032 11.9171 34
      vertex 0 12.9412 34
      vertex 1.43288 11.8517 34
    endloop
  endfacet
  facet normal 0 0 1
    outer loop
      vertex 1.43288 11.8517 34
      vertex 0 12.9412 34
      vertex 1.38255 11.7885 34
    endloop
  endfacet
  facet normal 0 0 1
    outer loop
      vertex 1.38255 11.7885 34
      vertex 0 12.9412 34
      vertex 1.32945 11.7277 34
    endloop
  endfacet
  facet normal 0 0 1
    outer loop
      vertex 1.32945 11.7277 34
      vertex 0 12.9412 34
      vertex 1.27367 11.6693 34
    endloop
  endfacet
  facet normal 0 0 1
    outer loop
      vertex 1.27367 11.6693 34
      vertex 0 12.9412 34
      vertex 1.21533 11.6134 34
    endloop
  endfacet
  facet normal 0 0 1
    outer loop
      vertex 1.21533 11.6134 34
      vertex 0 12.9412 34
      vertex 1.15453 11.5602 34
    endloop
  endfacet
  facet normal 0 0 1
    outer loop
      vertex 1.15453 11.5602 34
      vertex 0 12.9412 34
      vertex 1.09142 11.5098 34
    endloop
  endfacet
  facet normal 0 0 1
    outer loop
      vertex 1.09142 11.5098 34
      vertex 0 12.9412 34
      vertex 1.02609 11.4623 34
    endloop
  endfacet
  facet normal 0 0 1
    outer loop
      vertex 1.02609 11.4623 34
      vertex 0 12.9412 34
      vertex 0.95871 11.4177 34
    endloop
  endfacet
  facet normal 0 0 1
    outer loop
      vertex 0.95871 11.4177 34
      vertex 0 12.9412 34
      vertex 0.889404 11.3762 34
    endloop
  endfacet
  facet normal 0 0 1
    outer loop
      vertex 0.889404 11.3762 34
      vertex 0 12.9412 34
      vertex 0.818298 11.3379 34
    endloop
  endfacet
  facet normal 0 0 1
    outer loop
      vertex 0.818298 11.3379 34
      vertex 0 12.9412 34
      vertex 0.745544 11.3028 34
    endloop
  endfacet
  facet normal 0 0 1
    outer loop
      vertex 0.67128 11.271 34
      vertex 0 12.9412 34
      vertex 0.595673 11.2426 34
    endloop
  endfacet
  facet normal 0 0 1
    outer loop
      vertex 0.595673 11.2426 34
      vertex 0 12.9412 34
      vertex 0.518875 11.2176 34
    endloop
  endfacet
  facet normal 0 0 1
    outer loop
      vertex 0.518875 11.2176 34
      vertex 0 12.9412 34
      vertex 0.441025 11.196 34
    endloop
  endfacet
  facet normal 0 0 1
    outer loop
      vertex 0.362274 11.178 34
      vertex 0 12.9412 34
      vertex 0.282806 11.1635 34
    endloop
  endfacet
  facet normal 0 0 1
    outer loop
      vertex 0.202774 11.1526 34
      vertex 0 12.9412 34
      vertex 0.12233 11.1453 34
    endloop
  endfacet
  facet normal 0 0 1
    outer loop
      vertex 0.282806 11.1635 34
      vertex 0 12.9412 34
      vertex 0.202774 11.1526 34
    endloop
  endfacet
  facet normal 0 0 1
    outer loop
      vertex 0.441025 11.196 34
      vertex 0 12.9412 34
      vertex 0.362274 11.178 34
    endloop
  endfacet
  facet normal 0 0 1
    outer loop
      vertex 0.745544 11.3028 34
      vertex 0 12.9412 34
      vertex 0.67128 11.271 34
    endloop
  endfacet
  facet normal 0 0 1
    outer loop
      vertex 0.12233 11.1453 34
      vertex 0 12.9412 34
      vertex 0.0416412 11.1416 34
    endloop
  endfacet
  facet normal 0 0 1
    outer loop
      vertex -1.80016 12.9289 34
      vertex -0.00118446 12.9952 34
      vertex -0.00962639 13.1569 34
    endloop
  endfacet
  facet normal 0 0 1
    outer loop
      vertex -0.00118446 12.9952 34
      vertex -1.80016 12.9289 34
      vertex 0 12.9412 34
    endloop
  endfacet
  facet normal 0 0 1
    outer loop
      vertex -1.8056 13.0332 34
      vertex -0.00962639 13.1569 34
      vertex -0.0324335 13.4245 34
    endloop
  endfacet
  facet normal 0 0 1
    outer loop
      vertex 0 12.9412 34
      vertex -0.0391388 11.1416 34
      vertex 0.0416412 11.1416 34
    endloop
  endfacet
  facet normal 0 0 1
    outer loop
      vertex -1.82336 13.2415 34
      vertex -0.0324335 13.4245 34
      vertex -0.0766659 13.7957 34
    endloop
  endfacet
  facet normal 0 0 1
    outer loop
      vertex 0 12.9412 34
      vertex -0.119843 11.1452 34
      vertex -0.0391388 11.1416 34
    endloop
  endfacet
  facet normal 0 0 1
    outer loop
      vertex -1.86041 13.5524 34
      vertex -0.0766659 13.7957 34
      vertex -0.149185 14.2666 34
    endloop
  endfacet
  facet normal 0 0 1
    outer loop
      vertex 0 12.9412 34
      vertex -0.200302 11.1523 34
      vertex -0.119843 11.1452 34
    endloop
  endfacet
  facet normal 0 0 1
    outer loop
      vertex -1.92339 13.9613 34
      vertex -0.149185 14.2666 34
      vertex -0.256657 14.833 34
    endloop
  endfacet
  facet normal 0 0 1
    outer loop
      vertex 0 12.9412 34
      vertex -1.80016 12.9289 34
      vertex -1.79958 12.902 34
    endloop
  endfacet
  facet normal 0 0 1
    outer loop
      vertex 0 12.9412 34
      vertex -0.28035 11.1631 34
      vertex -0.200302 11.1523 34
    endloop
  endfacet
  facet normal 0 0 1
    outer loop
      vertex -2.01917 14.4661 34
      vertex -0.256657 14.833 34
      vertex -0.405398 15.4892 34
    endloop
  endfacet
  facet normal 0 0 1
    outer loop
      vertex -0.0324335 13.4245 34
      vertex -1.82336 13.2415 34
      vertex -1.8056 13.0332 34
    endloop
  endfacet
  facet normal 0 0 1
    outer loop
      vertex -0.00962639 13.1569 34
      vertex -1.8056 13.0332 34
      vertex -1.80016 12.9289 34
    endloop
  endfacet
  facet normal 0 0 1
    outer loop
      vertex 0 12.9412 34
      vertex -0.359848 11.1775 34
      vertex -0.28035 11.1631 34
    endloop
  endfacet
  facet normal 0 0 1
    outer loop
      vertex -2.15373 15.0598 34
      vertex -0.405398 15.4892 34
      vertex -0.601434 16.2289 34
    endloop
  endfacet
  facet normal 0 0 1
    outer loop
      vertex 0 12.9412 34
      vertex -0.438599 11.1954 34
      vertex -0.359848 11.1775 34
    endloop
  endfacet
  facet normal 0 0 1
    outer loop
      vertex 0 12.9412 34
      vertex -0.516479 11.2169 34
      vertex -0.438599 11.1954 34
    endloop
  endfacet
  facet normal 0 0 1
    outer loop
      vertex 0 12.9412 34
      vertex -0.593323 11.2418 34
      vertex -0.516479 11.2169 34
    endloop
  endfacet
  facet normal 0 0 1
    outer loop
      vertex -2.33281 15.7356 34
      vertex -0.601434 16.2289 34
      vertex -0.850439 17.0452 34
    endloop
  endfacet
  facet normal 0 0 1
    outer loop
      vertex -0.0766659 13.7957 34
      vertex -1.86041 13.5524 34
      vertex -1.82336 13.2415 34
    endloop
  endfacet
  facet normal 0 0 1
    outer loop
      vertex 0 12.9412 34
      vertex -0.668976 11.2701 34
      vertex -0.593323 11.2418 34
    endloop
  endfacet
  facet normal 0 0 1
    outer loop
      vertex 0 12.9412 34
      vertex -0.743271 11.3018 34
      vertex -0.668976 11.2701 34
    endloop
  endfacet
  facet normal 0 0 1
    outer loop
      vertex 0 12.9412 34
      vertex -0.816071 11.3368 34
      vertex -0.743271 11.3018 34
    endloop
  endfacet
  facet normal 0 0 1
    outer loop
      vertex 0 12.9412 34
      vertex -0.887238 11.375 34
      vertex -0.816071 11.3368 34
    endloop
  endfacet
  facet normal 0 0 1
    outer loop
      vertex -2.56216 16.4874 34
      vertex -0.850439 17.0452 34
      vertex -1.15755 17.93 34
    endloop
  endfacet
  facet normal 0 0 1
    outer loop
      vertex 0 12.9412 34
      vertex -0.956604 11.4164 34
      vertex -0.887238 11.375 34
    endloop
  endfacet
  facet normal 0 0 1
    outer loop
      vertex 0 12.9412 34
      vertex -1.02405 11.4608 34
      vertex -0.956604 11.4164 34
    endloop
  endfacet
  facet normal 0 0 1
    outer loop
      vertex 0 12.9412 34
      vertex -1.08943 11.5083 34
      vertex -1.02405 11.4608 34
    endloop
  endfacet
  facet normal 0 0 1
    outer loop
      vertex 0 12.9412 34
      vertex -1.15262 11.5586 34
      vertex -1.08943 11.5083 34
    endloop
  endfacet
  facet normal 0 0 1
    outer loop
      vertex 0 12.9412 34
      vertex -1.21349 11.6117 34
      vertex -1.15262 11.5586 34
    endloop
  endfacet
  facet normal 0 0 1
    outer loop
      vertex 0 12.9412 34
      vertex -1.27191 11.6675 34
      vertex -1.21349 11.6117 34
    endloop
  endfacet
  facet normal 0 0 1
    outer loop
      vertex 0 12.9412 34
      vertex -1.32777 11.7258 34
      vertex -1.27191 11.6675 34
    endloop
  endfacet
  facet normal 0 0 1
    outer loop
      vertex -2.84647 17.3065 34
      vertex -1.15755 17.93 34
      vertex -1.52745 18.8749 34
    endloop
  endfacet
  facet normal 0 0 1
    outer loop
      vertex 0 12.9412 34
      vertex -1.38097 11.7866 34
      vertex -1.32777 11.7258 34
    endloop
  endfacet
  facet normal 0 0 1
    outer loop
      vertex 0 12.9412 34
      vertex -1.43137 11.8497 34
      vertex -1.38097 11.7866 34
    endloop
  endfacet
  facet normal 0 0 1
    outer loop
      vertex 0 12.9412 34
      vertex -1.4789 11.9151 34
      vertex -1.43137 11.8497 34
    endloop
  endfacet
  facet normal 0 0 1
    outer loop
      vertex 0 12.9412 34
      vertex -1.52344 11.9825 34
      vertex -1.4789 11.9151 34
    endloop
  endfacet
  facet normal 0 0 1
    outer loop
      vertex 0 12.9412 34
      vertex -1.60324 12.1229 34
      vertex -1.56493 12.0518 34
    endloop
  endfacet
  facet normal 0 0 1
    outer loop
      vertex 0 12.9412 34
      vertex -1.63835 12.1956 34
      vertex -1.60324 12.1229 34
    endloop
  endfacet
  facet normal 0 0 1
    outer loop
      vertex 0 12.9412 34
      vertex -1.67014 12.2699 34
      vertex -1.63835 12.1956 34
    endloop
  endfacet
  facet normal 0 0 1
    outer loop
      vertex 0 12.9412 34
      vertex -1.72359 12.4223 34
      vertex -1.69858 12.3455 34
    endloop
  endfacet
  facet normal 0 0 1
    outer loop
      vertex 0 12.9412 34
      vertex -1.74513 12.5001 34
      vertex -1.72359 12.4223 34
    endloop
  endfacet
  facet normal 0 0 1
    outer loop
      vertex 0 12.9412 34
      vertex -1.76317 12.5789 34
      vertex -1.74513 12.5001 34
    endloop
  endfacet
  facet normal 0 0 1
    outer loop
      vertex 0 12.9412 34
      vertex -1.78854 12.7384 34
      vertex -1.77765 12.6584 34
    endloop
  endfacet
  facet normal 0 0 1
    outer loop
      vertex 0 12.9412 34
      vertex -1.79584 12.8188 34
      vertex -1.78854 12.7384 34
    endloop
  endfacet
  facet normal 0 0 1
    outer loop
      vertex 0 12.9412 34
      vertex -1.79958 12.902 34
      vertex -1.79584 12.8188 34
    endloop
  endfacet
  facet normal 0 0 1
    outer loop
      vertex 0 12.9412 34
      vertex -1.77765 12.6584 34
      vertex -1.76317 12.5789 34
    endloop
  endfacet
  facet normal 0 0 1
    outer loop
      vertex 0 12.9412 34
      vertex -1.69858 12.3455 34
      vertex -1.67014 12.2699 34
    endloop
  endfacet
  facet normal 0 0 1
    outer loop
      vertex 0 12.9412 34
      vertex -1.56493 12.0518 34
      vertex -1.52344 11.9825 34
    endloop
  endfacet
  facet normal 0 0 1
    outer loop
      vertex -0.149185 14.2666 34
      vertex -1.92339 13.9613 34
      vertex -1.86041 13.5524 34
    endloop
  endfacet
  facet normal 0 0 1
    outer loop
      vertex -3.19026 18.1847 34
      vertex -1.52745 18.8749 34
      vertex -1.96445 19.8708 34
    endloop
  endfacet
  facet normal 0 0 1
    outer loop
      vertex -0.256657 14.833 34
      vertex -2.01917 14.4661 34
      vertex -1.92339 13.9613 34
    endloop
  endfacet
  facet normal 0 0 1
    outer loop
      vertex -0.405398 15.4892 34
      vertex -2.15373 15.0598 34
      vertex -2.01917 14.4661 34
    endloop
  endfacet
  facet normal 0 0 1
    outer loop
      vertex -0.601434 16.2289 34
      vertex -2.33281 15.7356 34
      vertex -2.15373 15.0598 34
    endloop
  endfacet
  facet normal 0 0 1
    outer loop
      vertex -3.59776 19.1134 34
      vertex -1.96445 19.8708 34
      vertex -2.47204 20.9081 34
    endloop
  endfacet
  facet normal 0 0 1
    outer loop
      vertex -0.850439 17.0452 34
      vertex -2.56216 16.4874 34
      vertex -2.33281 15.7356 34
    endloop
  endfacet
  facet normal 0 0 1
    outer loop
      vertex -1.15755 17.93 34
      vertex -2.84647 17.3065 34
      vertex -2.56216 16.4874 34
    endloop
  endfacet
  facet normal 0 0 1
    outer loop
      vertex -4.07182 20.0822 34
      vertex -2.47204 20.9081 34
      vertex -3.05338 21.9769 34
    endloop
  endfacet
  facet normal 0 0 1
    outer loop
      vertex -1.52745 18.8749 34
      vertex -3.19026 18.1847 34
      vertex -2.84647 17.3065 34
    endloop
  endfacet
  facet normal 0 0 1
    outer loop
      vertex -1.96445 19.8708 34
      vertex -3.59776 19.1134 34
      vertex -3.19026 18.1847 34
    endloop
  endfacet
  facet normal 0 0 1
    outer loop
      vertex -4.61546 21.0816 34
      vertex -3.05338 21.9769 34
      vertex -3.71089 23.0669 34
    endloop
  endfacet
  facet normal 0 0 1
    outer loop
      vertex -2.47204 20.9081 34
      vertex -4.07182 20.0822 34
      vertex -3.59776 19.1134 34
    endloop
  endfacet
  facet normal 0 0 1
    outer loop
      vertex -5.23061 22.1014 34
      vertex -3.71089 23.0669 34
      vertex -4.44631 24.1676 34
    endloop
  endfacet
  facet normal 0 0 1
    outer loop
      vertex -3.05338 21.9769 34
      vertex -4.61546 21.0816 34
      vertex -4.07182 20.0822 34
    endloop
  endfacet
  facet normal 0 0 1
    outer loop
      vertex -3.71089 23.0669 34
      vertex -5.23061 22.1014 34
      vertex -4.61546 21.0816 34
    endloop
  endfacet
  facet normal 0 0 1
    outer loop
      vertex -5.91896 23.1316 34
      vertex -4.44631 24.1676 34
      vertex -5.26081 25.2684 34
    endloop
  endfacet
  facet normal 0 0 1
    outer loop
      vertex -4.44631 24.1676 34
      vertex -5.91896 23.1316 34
      vertex -5.23061 22.1014 34
    endloop
  endfacet
  facet normal 0 0 1
    outer loop
      vertex -6.68114 24.1617 34
      vertex -5.26081 25.2684 34
      vertex -6.15489 26.3588 34
    endloop
  endfacet
  facet normal 0 0 1
    outer loop
      vertex -5.26081 25.2684 34
      vertex -6.68114 24.1617 34
      vertex -5.91896 23.1316 34
    endloop
  endfacet
  facet normal 0 0 1
    outer loop
      vertex -7.51726 25.1815 34
      vertex -6.15489 26.3588 34
      vertex -7.1283 27.4282 34
    endloop
  endfacet
  facet normal 0 0 1
    outer loop
      vertex -6.15489 26.3588 34
      vertex -7.51726 25.1815 34
      vertex -6.68114 24.1617 34
    endloop
  endfacet
  facet normal 0 0 1
    outer loop
      vertex -8.42709 26.181 34
      vertex -7.1283 27.4282 34
      vertex -8.18011 28.4664 34
    endloop
  endfacet
  facet normal 0 0 1
    outer loop
      vertex -7.1283 27.4282 34
      vertex -8.42709 26.181 34
      vertex -7.51726 25.1815 34
    endloop
  endfacet
  facet normal 0 0 1
    outer loop
      vertex -9.40901 27.1503 34
      vertex -8.18011 28.4664 34
      vertex -9.30878 29.4633 34
    endloop
  endfacet
  facet normal 0 0 1
    outer loop
      vertex -8.18011 28.4664 34
      vertex -9.40901 27.1503 34
      vertex -8.42709 26.181 34
    endloop
  endfacet
  facet normal 0 0 1
    outer loop
      vertex -9.30878 29.4633 34
      vertex -10.4617 28.0799 34
      vertex -9.40901 27.1503 34
    endloop
  endfacet
  facet normal 0 0 1
    outer loop
      vertex -10.5121 30.4091 34
      vertex -10.4617 28.0799 34
      vertex -9.30878 29.4633 34
    endloop
  endfacet
  facet normal 0 0 1
    outer loop
      vertex -10.5121 30.4091 34
      vertex -11.5828 28.9613 34
      vertex -10.4617 28.0799 34
    endloop
  endfacet
  facet normal 0 0 1
    outer loop
      vertex -11.787 31.2947 34
      vertex -11.5828 28.9613 34
      vertex -10.5121 30.4091 34
    endloop
  endfacet
  facet normal 0 0 1
    outer loop
      vertex -11.787 31.2947 34
      vertex -12.7689 29.7851 34
      vertex -11.5828 28.9613 34
    endloop
  endfacet
  facet normal 0 0 1
    outer loop
      vertex -13.1302 32.1114 34
      vertex -12.7689 29.7851 34
      vertex -11.787 31.2947 34
    endloop
  endfacet
  facet normal 0 0 1
    outer loop
      vertex -13.1302 32.1114 34
      vertex -14.0172 30.5441 34
      vertex -12.7689 29.7851 34
    endloop
  endfacet
  facet normal 0 0 1
    outer loop
      vertex -14.5372 32.851 34
      vertex -14.0172 30.5441 34
      vertex -13.1302 32.1114 34
    endloop
  endfacet
  facet normal 0 0 1
    outer loop
      vertex -14.5372 32.851 34
      vertex -15.3239 31.231 34
      vertex -14.0172 30.5441 34
    endloop
  endfacet
  facet normal 0 0 1
    outer loop
      vertex -16.0033 33.506 34
      vertex -15.3239 31.231 34
      vertex -14.5372 32.851 34
    endloop
  endfacet
  facet normal 0 0 1
    outer loop
      vertex -16.0033 33.506 34
      vertex -16.6841 31.8387 34
      vertex -15.3239 31.231 34
    endloop
  endfacet
  facet normal 0 0 1
    outer loop
      vertex -17.5232 34.0697 34
      vertex -16.6841 31.8387 34
      vertex -16.0033 33.506 34
    endloop
  endfacet
  facet normal 0 0 1
    outer loop
      vertex -17.5232 34.0697 34
      vertex -18.0936 32.3614 34
      vertex -16.6841 31.8387 34
    endloop
  endfacet
  facet normal 0 0 1
    outer loop
      vertex -19.0911 34.5362 34
      vertex -18.0936 32.3614 34
      vertex -17.5232 34.0697 34
    endloop
  endfacet
  facet normal 0 0 1
    outer loop
      vertex -19.0911 34.5362 34
      vertex -19.5467 32.7938 34
      vertex -18.0936 32.3614 34
    endloop
  endfacet
  facet normal 0 0 1
    outer loop
      vertex -20.7004 34.9001 34
      vertex -19.5467 32.7938 34
      vertex -19.0911 34.5362 34
    endloop
  endfacet
  facet normal 0 0 1
    outer loop
      vertex -20.7004 34.9001 34
      vertex -21.0383 33.131 34
      vertex -19.5467 32.7938 34
    endloop
  endfacet
  facet normal 0 0 1
    outer loop
      vertex -22.3443 35.1572 34
      vertex -21.0383 33.131 34
      vertex -20.7004 34.9001 34
    endloop
  endfacet
  facet normal 0 0 1
    outer loop
      vertex -22.3443 35.1572 34
      vertex -22.5623 33.3694 34
      vertex -21.0383 33.131 34
    endloop
  endfacet
  facet normal 0 0 1
    outer loop
      vertex -24.0157 35.3038 34
      vertex -22.5623 33.3694 34
      vertex -22.3443 35.1572 34
    endloop
  endfacet
  facet normal 0 0 1
    outer loop
      vertex -24.0157 35.3038 34
      vertex -24.1124 33.5054 34
      vertex -22.5623 33.3694 34
    endloop
  endfacet
  facet normal 0 0 1
    outer loop
      vertex -24.0157 35.3038 34
      vertex -25.6817 33.5367 34
      vertex -24.1124 33.5054 34
    endloop
  endfacet
  facet normal 0 0 1
    outer loop
      vertex -25.7068 35.3375 34
      vertex -25.6817 33.5367 34
      vertex -24.0157 35.3038 34
    endloop
  endfacet
  facet normal 0 0 1
    outer loop
      vertex -25.7068 35.3375 34
      vertex -27.2636 33.4613 34
      vertex -25.6817 33.5367 34
    endloop
  endfacet
  facet normal -0 0 1
    outer loop
      vertex -27.4098 35.2563 34
      vertex -27.2636 33.4613 34
      vertex -25.7068 35.3375 34
    endloop
  endfacet
  facet normal 0 0 1
    outer loop
      vertex -27.4098 35.2563 34
      vertex -28.8504 33.2782 34
      vertex -27.2636 33.4613 34
    endloop
  endfacet
  facet normal -0 0 1
    outer loop
      vertex -29.1166 35.0595 34
      vertex -28.8504 33.2782 34
      vertex -27.4098 35.2563 34
    endloop
  endfacet
  facet normal 0 0 1
    outer loop
      vertex -29.1166 35.0595 34
      vertex -30.4348 32.9871 34
      vertex -28.8504 33.2782 34
    endloop
  endfacet
  facet normal -0 0 1
    outer loop
      vertex -30.8187 34.7467 34
      vertex -30.4348 32.9871 34
      vertex -29.1166 35.0595 34
    endloop
  endfacet
  facet normal 0 0 1
    outer loop
      vertex -30.8187 34.7467 34
      vertex -32.0081 32.5886 34
      vertex -30.4348 32.9871 34
    endloop
  endfacet
  facet normal -0 0 1
    outer loop
      vertex -32.5077 34.319 34
      vertex -32.0081 32.5886 34
      vertex -30.8187 34.7467 34
    endloop
  endfacet
  facet normal 0 0 1
    outer loop
      vertex -32.5077 34.319 34
      vertex -33.563 32.0838 34
      vertex -32.0081 32.5886 34
    endloop
  endfacet
  facet normal -0 0 1
    outer loop
      vertex -34.175 33.7776 34
      vertex -33.563 32.0838 34
      vertex -32.5077 34.319 34
    endloop
  endfacet
  facet normal 0 0 1
    outer loop
      vertex -34.175 33.7776 34
      vertex -35.091 31.4747 34
      vertex -33.563 32.0838 34
    endloop
  endfacet
  facet normal -0 0 1
    outer loop
      vertex -35.812 33.125 34
      vertex -35.091 31.4747 34
      vertex -34.175 33.7776 34
    endloop
  endfacet
  facet normal 0 0 1
    outer loop
      vertex -35.812 33.125 34
      vertex -36.5841 30.7639 34
      vertex -35.091 31.4747 34
    endloop
  endfacet
  facet normal -0 0 1
    outer loop
      vertex -37.4102 32.3642 34
      vertex -36.5841 30.7639 34
      vertex -35.812 33.125 34
    endloop
  endfacet
  facet normal 0 0 1
    outer loop
      vertex -37.4102 32.3642 34
      vertex -38.033 29.9554 34
      vertex -36.5841 30.7639 34
    endloop
  endfacet
  facet normal -0 0 1
    outer loop
      vertex -38.9611 31.4988 34
      vertex -38.033 29.9554 34
      vertex -37.4102 32.3642 34
    endloop
  endfacet
  facet normal 0 0 1
    outer loop
      vertex -38.9611 31.4988 34
      vertex -39.4311 29.0524 34
      vertex -38.033 29.9554 34
    endloop
  endfacet
  facet normal -0 0 1
    outer loop
      vertex -40.4564 30.533 34
      vertex -39.4311 29.0524 34
      vertex -38.9611 31.4988 34
    endloop
  endfacet
  facet normal 0 0 1
    outer loop
      vertex -40.4564 30.533 34
      vertex -40.7695 28.0603 34
      vertex -39.4311 29.0524 34
    endloop
  endfacet
  facet normal -0 0 1
    outer loop
      vertex -41.8882 29.4717 34
      vertex -40.7695 28.0603 34
      vertex -40.4564 30.533 34
    endloop
  endfacet
  facet normal 0 0 1
    outer loop
      vertex -41.8882 29.4717 34
      vertex -42.0409 26.9839 34
      vertex -40.7695 28.0603 34
    endloop
  endfacet
  facet normal -0 0 1
    outer loop
      vertex -43.2485 28.32 34
      vertex -42.0409 26.9839 34
      vertex -41.8882 29.4717 34
    endloop
  endfacet
  facet normal 0 0 1
    outer loop
      vertex -42.0409 26.9839 34
      vertex -43.2485 28.32 34
      vertex -43.2377 25.8293 34
    endloop
  endfacet
  facet normal -0 0 1
    outer loop
      vertex -44.53 27.0837 34
      vertex -43.2377 25.8293 34
      vertex -43.2485 28.32 34
    endloop
  endfacet
  facet normal 0 0 1
    outer loop
      vertex -43.2377 25.8293 34
      vertex -44.53 27.0837 34
      vertex -44.3537 24.6019 34
    endloop
  endfacet
  facet normal -0 0 1
    outer loop
      vertex -45.7255 25.7687 34
      vertex -44.3537 24.6019 34
      vertex -44.53 27.0837 34
    endloop
  endfacet
  facet normal 0 0 1
    outer loop
      vertex -44.3537 24.6019 34
      vertex -45.7255 25.7687 34
      vertex -45.382 23.3084 34
    endloop
  endfacet
  facet normal -0 0 1
    outer loop
      vertex -46.8286 24.3813 34
      vertex -45.382 23.3084 34
      vertex -45.7255 25.7687 34
    endloop
  endfacet
  facet normal 0 0 1
    outer loop
      vertex -45.382 23.3084 34
      vertex -46.8286 24.3813 34
      vertex -46.3172 21.9551 34
    endloop
  endfacet
  facet normal -0 0 1
    outer loop
      vertex -47.8328 22.928 34
      vertex -46.3172 21.9551 34
      vertex -46.8286 24.3813 34
    endloop
  endfacet
  facet normal 0 0 1
    outer loop
      vertex -46.3172 21.9551 34
      vertex -47.8328 22.928 34
      vertex -47.1541 20.5483 34
    endloop
  endfacet
  facet normal -0 0 1
    outer loop
      vertex -48.7328 21.4152 34
      vertex -47.1541 20.5483 34
      vertex -47.8328 22.928 34
    endloop
  endfacet
  facet normal 0 0 1
    outer loop
      vertex -47.1541 20.5483 34
      vertex -48.7328 21.4152 34
      vertex -47.8882 19.0945 34
    endloop
  endfacet
  facet normal -0 0 1
    outer loop
      vertex -49.5234 19.8496 34
      vertex -47.8882 19.0945 34
      vertex -48.7328 21.4152 34
    endloop
  endfacet
  facet normal 0 0 1
    outer loop
      vertex -47.8882 19.0945 34
      vertex -49.5234 19.8496 34
      vertex -48.5156 17.6 34
    endloop
  endfacet
  facet normal -0 0 1
    outer loop
      vertex -50.2 18.2378 34
      vertex -48.5156 17.6 34
      vertex -49.5234 19.8496 34
    endloop
  endfacet
  facet normal 0 0 1
    outer loop
      vertex -48.5156 17.6 34
      vertex -50.2 18.2378 34
      vertex -49.0332 16.0706 34
    endloop
  endfacet
  facet normal -0 0 1
    outer loop
      vertex -50.759 16.5862 34
      vertex -49.0332 16.0706 34
      vertex -50.2 18.2378 34
    endloop
  endfacet
  facet normal 0 0 1
    outer loop
      vertex -49.0332 16.0706 34
      vertex -50.759 16.5862 34
      vertex -49.4385 14.5116 34
    endloop
  endfacet
  facet normal 0 0 1
    outer loop
      vertex -49.4385 14.5116 34
      vertex -51.1971 14.9012 34
      vertex -49.7296 12.928 34
    endloop
  endfacet
  facet normal -0 0 1
    outer loop
      vertex -51.1971 14.9012 34
      vertex -49.4385 14.5116 34
      vertex -50.759 16.5862 34
    endloop
  endfacet
  facet normal -0 0 1
    outer loop
      vertex 49.4355 4.78798 34
      vertex 51.1971 4.41294 34
      vertex 49.7288 6.4343 34
    endloop
  endfacet
  facet normal 0 0 1
    outer loop
      vertex 51.1971 4.41294 34
      vertex 49.4355 4.78798 34
      vertex 50.759 2.64862 34
    endloop
  endfacet
  facet normal -0 0 1
    outer loop
      vertex 49.0261 3.13881 34
      vertex 50.759 2.64862 34
      vertex 49.4355 4.78798 34
    endloop
  endfacet
  facet normal 0 0 1
    outer loop
      vertex 50.759 2.64862 34
      vertex 49.0261 3.13881 34
      vertex 50.2 0.890624 34
    endloop
  endfacet
  facet normal -0 0 1
    outer loop
      vertex 48.5014 1.48868 34
      vertex 50.2 0.890624 34
      vertex 49.0261 3.13881 34
    endloop
  endfacet
  facet normal 0 0 1
    outer loop
      vertex 50.2 0.890624 34
      vertex 48.5014 1.48868 34
      vertex 49.5234 -0.857943 34
    endloop
  endfacet
  facet normal -0 0 1
    outer loop
      vertex 47.8635 -0.159683 34
      vertex 49.5234 -0.857943 34
      vertex 48.5014 1.48868 34
    endloop
  endfacet
  facet normal 0 0 1
    outer loop
      vertex 49.5234 -0.857943 34
      vertex 47.8635 -0.159683 34
      vertex 48.7328 -2.59437 34
    endloop
  endfacet
  facet normal -0 0 1
    outer loop
      vertex 47.1149 -1.8038 34
      vertex 48.7328 -2.59437 34
      vertex 47.8635 -0.159683 34
    endloop
  endfacet
  facet normal 0 0 1
    outer loop
      vertex 48.7328 -2.59437 34
      vertex 47.1149 -1.8038 34
      vertex 47.8328 -4.31633 34
    endloop
  endfacet
  facet normal -0 0 1
    outer loop
      vertex 46.2586 -3.44232 34
      vertex 47.8328 -4.31633 34
      vertex 47.1149 -1.8038 34
    endloop
  endfacet
  facet normal 0 0 1
    outer loop
      vertex 47.8328 -4.31633 34
      vertex 46.2586 -3.44232 34
      vertex 46.8286 -6.02209 34
    endloop
  endfacet
  facet normal -0 0 1
    outer loop
      vertex 45.2987 -5.07265 34
      vertex 46.8286 -6.02209 34
      vertex 46.2586 -3.44232 34
    endloop
  endfacet
  facet normal 0 0 1
    outer loop
      vertex 46.8286 -6.02209 34
      vertex 45.2987 -5.07265 34
      vertex 45.7255 -7.71023 34
    endloop
  endfacet
  facet normal -0 0 1
    outer loop
      vertex 44.2397 -6.69347 34
      vertex 45.7255 -7.71023 34
      vertex 45.2987 -5.07265 34
    endloop
  endfacet
  facet normal 0 0 1
    outer loop
      vertex 45.7255 -7.71023 34
      vertex 44.2397 -6.69347 34
      vertex 44.53 -9.37972 34
    endloop
  endfacet
  facet normal -0 0 1
    outer loop
      vertex 43.0868 -8.30339 34
      vertex 44.53 -9.37972 34
      vertex 44.2397 -6.69347 34
    endloop
  endfacet
  facet normal 0 0 1
    outer loop
      vertex 44.53 -9.37972 34
      vertex 43.0868 -8.30339 34
      vertex 43.2485 -11.0298 34
    endloop
  endfacet
  facet normal -0 0 1
    outer loop
      vertex 41.8464 -9.90063 34
      vertex 43.2485 -11.0298 34
      vertex 43.0868 -8.30339 34
    endloop
  endfacet
  facet normal 0 0 1
    outer loop
      vertex 43.2485 -11.0298 34
      vertex 41.8464 -9.90063 34
      vertex 41.8882 -12.6602 34
    endloop
  endfacet
  facet normal -0 0 1
    outer loop
      vertex 40.524 -11.4855 34
      vertex 41.8882 -12.6602 34
      vertex 41.8464 -9.90063 34
    endloop
  endfacet
  facet normal 0 0 1
    outer loop
      vertex 40.524 -11.4855 34
      vertex 40.4564 -14.2709 34
      vertex 41.8882 -12.6602 34
    endloop
  endfacet
  facet normal -0 0 1
    outer loop
      vertex 39.1276 -13.0564 34
      vertex 40.4564 -14.2709 34
      vertex 40.524 -11.4855 34
    endloop
  endfacet
  facet normal 0 0 1
    outer loop
      vertex 39.1276 -13.0564 34
      vertex 38.9611 -15.8619 34
      vertex 40.4564 -14.2709 34
    endloop
  endfacet
  facet normal -0 0 1
    outer loop
      vertex 37.6646 -14.613 34
      vertex 38.9611 -15.8619 34
      vertex 39.1276 -13.0564 34
    endloop
  endfacet
  facet normal 0 0 1
    outer loop
      vertex 37.6646 -14.613 34
      vertex 37.4102 -17.4336 34
      vertex 38.9611 -15.8619 34
    endloop
  endfacet
  facet normal -0 0 1
    outer loop
      vertex 36.142 -16.1561 34
      vertex 37.4102 -17.4336 34
      vertex 37.6646 -14.613 34
    endloop
  endfacet
  facet normal 0 0 1
    outer loop
      vertex 36.142 -16.1561 34
      vertex 35.812 -18.9867 34
      vertex 37.4102 -17.4336 34
    endloop
  endfacet
  facet normal -0 0 1
    outer loop
      vertex 34.5691 -17.6846 34
      vertex 35.812 -18.9867 34
      vertex 36.142 -16.1561 34
    endloop
  endfacet
  facet normal 0 0 1
    outer loop
      vertex 34.5691 -17.6846 34
      vertex 34.175 -20.5216 34
      vertex 35.812 -18.9867 34
    endloop
  endfacet
  facet normal -0 0 1
    outer loop
      vertex 32.9534 -19.1995 34
      vertex 34.175 -20.5216 34
      vertex 34.5691 -17.6846 34
    endloop
  endfacet
  facet normal 0 0 1
    outer loop
      vertex 32.9534 -19.1995 34
      vertex 32.5077 -22.0392 34
      vertex 34.175 -20.5216 34
    endloop
  endfacet
  facet normal -0 0 1
    outer loop
      vertex 31.3041 -20.7007 34
      vertex 32.5077 -22.0392 34
      vertex 32.9534 -19.1995 34
    endloop
  endfacet
  facet normal 0 0 1
    outer loop
      vertex 31.3041 -20.7007 34
      vertex 30.8187 -23.5401 34
      vertex 32.5077 -22.0392 34
    endloop
  endfacet
  facet normal -0 0 1
    outer loop
      vertex 29.6291 -22.1892 34
      vertex 30.8187 -23.5401 34
      vertex 31.3041 -20.7007 34
    endloop
  endfacet
  facet normal 0 0 1
    outer loop
      vertex 29.6291 -22.1892 34
      vertex 29.1166 -25.025 34
      vertex 30.8187 -23.5401 34
    endloop
  endfacet
  facet normal -0 0 1
    outer loop
      vertex 27.9379 -23.6645 34
      vertex 29.1166 -25.025 34
      vertex 29.6291 -22.1892 34
    endloop
  endfacet
  facet normal 0 0 1
    outer loop
      vertex 27.9379 -23.6645 34
      vertex 27.4098 -26.4945 34
      vertex 29.1166 -25.025 34
    endloop
  endfacet
  facet normal -0 0 1
    outer loop
      vertex 26.2387 -25.1276 34
      vertex 27.4098 -26.4945 34
      vertex 27.9379 -23.6645 34
    endloop
  endfacet
  facet normal 0 0 1
    outer loop
      vertex 26.2387 -25.1276 34
      vertex 25.7068 -27.9491 34
      vertex 27.4098 -26.4945 34
    endloop
  endfacet
  facet normal -0 0 1
    outer loop
      vertex 24.5377 -26.5804 34
      vertex 25.7068 -27.9491 34
      vertex 26.2387 -25.1276 34
    endloop
  endfacet
  facet normal 0 0 1
    outer loop
      vertex 24.5377 -26.5804 34
      vertex 24.0157 -29.3892 34
      vertex 25.7068 -27.9491 34
    endloop
  endfacet
  facet normal -0 0 1
    outer loop
      vertex 22.8486 -28.0188 34
      vertex 24.0157 -29.3892 34
      vertex 24.5377 -26.5804 34
    endloop
  endfacet
  facet normal 0 0 1
    outer loop
      vertex 22.8486 -28.0188 34
      vertex 22.3443 -30.815 34
      vertex 24.0157 -29.3892 34
    endloop
  endfacet
  facet normal -0 0 1
    outer loop
      vertex 21.1761 -29.4456 34
      vertex 22.3443 -30.815 34
      vertex 22.8486 -28.0188 34
    endloop
  endfacet
  facet normal 0 0 1
    outer loop
      vertex 21.1761 -29.4456 34
      vertex 20.7004 -32.2263 34
      vertex 22.3443 -30.815 34
    endloop
  endfacet
  facet normal -0 0 1
    outer loop
      vertex 19.5279 -30.8605 34
      vertex 20.7004 -32.2263 34
      vertex 21.1761 -29.4456 34
    endloop
  endfacet
  facet normal -0 0 1
    outer loop
      vertex 19.5206 -30.8668 34
      vertex 20.7004 -32.2263 34
      vertex 19.5279 -30.8605 34
    endloop
  endfacet
  facet normal 0 0 1
    outer loop
      vertex 19.5206 -30.8668 34
      vertex 19.0911 -33.6228 34
      vertex 20.7004 -32.2263 34
    endloop
  endfacet
  facet normal -0 0 1
    outer loop
      vertex 17.9113 -32.2634 34
      vertex 19.0911 -33.6228 34
      vertex 19.5206 -30.8668 34
    endloop
  endfacet
  facet normal -0 0 1
    outer loop
      vertex 17.9011 -32.2723 34
      vertex 19.0911 -33.6228 34
      vertex 17.9113 -32.2634 34
    endloop
  endfacet
  facet normal 0 0 1
    outer loop
      vertex 17.9011 -32.2723 34
      vertex 17.5232 -35.0042 34
      vertex 19.0911 -33.6228 34
    endloop
  endfacet
  facet normal -0 0 1
    outer loop
      vertex 16.3333 -33.6536 34
      vertex 17.5232 -35.0042 34
      vertex 17.9011 -32.2723 34
    endloop
  endfacet
  facet normal -0 0 1
    outer loop
      vertex 16.3204 -33.665 34
      vertex 17.5232 -35.0042 34
      vertex 16.3333 -33.6536 34
    endloop
  endfacet
  facet normal 0 0 1
    outer loop
      vertex 16.3204 -33.665 34
      vertex 16.0033 -36.3694 34
      vertex 17.5232 -35.0042 34
    endloop
  endfacet
  facet normal -0 0 1
    outer loop
      vertex 14.8005 -35.0302 34
      vertex 16.0033 -36.3694 34
      vertex 16.3204 -33.665 34
    endloop
  endfacet
  facet normal -0 0 1
    outer loop
      vertex 14.7851 -35.0443 34
      vertex 16.0033 -36.3694 34
      vertex 14.8005 -35.0302 34
    endloop
  endfacet
  facet normal 0 0 1
    outer loop
      vertex 14.7851 -35.0443 34
      vertex 14.5372 -37.7174 34
      vertex 16.0033 -36.3694 34
    endloop
  endfacet
  facet normal -0 0 1
    outer loop
      vertex 13.3189 -36.3923 34
      vertex 14.5372 -37.7174 34
      vertex 14.7851 -35.0443 34
    endloop
  endfacet
  facet normal -0 0 1
    outer loop
      vertex 13.3009 -36.409 34
      vertex 14.5372 -37.7174 34
      vertex 13.3189 -36.3923 34
    endloop
  endfacet
  facet normal 0 0 1
    outer loop
      vertex 13.3009 -36.409 34
      vertex 13.1302 -39.0468 34
      vertex 14.5372 -37.7174 34
    endloop
  endfacet
  facet normal -0 0 1
    outer loop
      vertex 11.894 -37.7384 34
      vertex 13.1302 -39.0468 34
      vertex 13.3009 -36.409 34
    endloop
  endfacet
  facet normal -0 0 1
    outer loop
      vertex 11.8738 -37.7577 34
      vertex 13.1302 -39.0468 34
      vertex 11.894 -37.7384 34
    endloop
  endfacet
  facet normal 0 0 1
    outer loop
      vertex 11.8738 -37.7577 34
      vertex 11.787 -40.3558 34
      vertex 13.1302 -39.0468 34
    endloop
  endfacet
  facet normal -0 0 1
    outer loop
      vertex 10.5307 -39.0667 34
      vertex 11.787 -40.3558 34
      vertex 11.8738 -37.7577 34
    endloop
  endfacet
  facet normal -0 0 1
    outer loop
      vertex 10.5084 -39.0888 34
      vertex 11.787 -40.3558 34
      vertex 10.5307 -39.0667 34
    endloop
  endfacet
  facet normal 0 0 1
    outer loop
      vertex 11.787 -40.3558 34
      vertex 10.5084 -39.0888 34
      vertex 10.5121 -41.6425 34
    endloop
  endfacet
  facet normal -0 0 1
    outer loop
      vertex 9.23344 -40.3756 34
      vertex 10.5121 -41.6425 34
      vertex 10.5084 -39.0888 34
    endloop
  endfacet
  facet normal -0 0 1
    outer loop
      vertex 9.20932 -40.4004 34
      vertex 10.5121 -41.6425 34
      vertex 9.23344 -40.3756 34
    endloop
  endfacet
  facet normal 0 0 1
    outer loop
      vertex 10.5121 -41.6425 34
      vertex 9.20932 -40.4004 34
      vertex 9.30878 -42.9046 34
    endloop
  endfacet
  facet normal -0 0 1
    outer loop
      vertex 8.00601 -41.6625 34
      vertex 9.30878 -42.9046 34
      vertex 9.20932 -40.4004 34
    endloop
  endfacet
  facet normal -0 0 1
    outer loop
      vertex 7.9801 -41.6902 34
      vertex 9.30878 -42.9046 34
      vertex 8.00601 -41.6625 34
    endloop
  endfacet
  facet normal 0 0 1
    outer loop
      vertex 9.30878 -42.9046 34
      vertex 7.9801 -41.6902 34
      vertex 8.18011 -44.1395 34
    endloop
  endfacet
  facet normal -0 0 1
    outer loop
      vertex 6.85143 -42.9252 34
      vertex 8.18011 -44.1395 34
      vertex 7.9801 -41.6902 34
    endloop
  endfacet
  facet normal -0 0 1
    outer loop
      vertex 6.82401 -42.9559 34
      vertex 8.18011 -44.1395 34
      vertex 6.85143 -42.9252 34
    endloop
  endfacet
  facet normal 0 0 1
    outer loop
      vertex 8.18011 -44.1395 34
      vertex 6.82401 -42.9559 34
      vertex 7.1283 -45.3446 34
    endloop
  endfacet
  facet normal -0 0 1
    outer loop
      vertex 5.7722 -44.1609 34
      vertex 7.1283 -45.3446 34
      vertex 6.82401 -42.9559 34
    endloop
  endfacet
  facet normal -0 0 1
    outer loop
      vertex 5.74353 -44.1946 34
      vertex 7.1283 -45.3446 34
      vertex 5.7722 -44.1609 34
    endloop
  endfacet
  facet normal 0 0 1
    outer loop
      vertex 7.1283 -45.3446 34
      vertex 5.74353 -44.1946 34
      vertex 6.15489 -46.5167 34
    endloop
  endfacet
  facet normal -0 0 1
    outer loop
      vertex 4.77011 -45.3668 34
      vertex 6.15489 -46.5167 34
      vertex 5.74353 -44.1946 34
    endloop
  endfacet
  facet normal -0 0 1
    outer loop
      vertex 4.74037 -45.4035 34
      vertex 6.15489 -46.5167 34
      vertex 4.77011 -45.3668 34
    endloop
  endfacet
  facet normal 0 0 1
    outer loop
      vertex 6.15489 -46.5167 34
      vertex 4.74037 -45.4035 34
      vertex 5.26081 -47.6528 34
    endloop
  endfacet
  facet normal -0 0 1
    outer loop
      vertex 3.8463 -46.5396 34
      vertex 5.26081 -47.6528 34
      vertex 4.74037 -45.4035 34
    endloop
  endfacet
  facet normal -0 0 1
    outer loop
      vertex 3.81578 -46.5795 34
      vertex 5.26081 -47.6528 34
      vertex 3.8463 -46.5396 34
    endloop
  endfacet
  facet normal 0 0 1
    outer loop
      vertex 5.26081 -47.6528 34
      vertex 3.81578 -46.5795 34
      vertex 4.44631 -48.7494 34
    endloop
  endfacet
  facet normal -0 0 1
    outer loop
      vertex 3.00128 -47.6762 34
      vertex 4.44631 -48.7494 34
      vertex 3.81578 -46.5795 34
    endloop
  endfacet
  facet normal -0 0 1
    outer loop
      vertex 2.9702 -47.7193 34
      vertex 4.44631 -48.7494 34
      vertex 3.00128 -47.6762 34
    endloop
  endfacet
  facet normal 0 0 1
    outer loop
      vertex 4.44631 -48.7494 34
      vertex 2.9702 -47.7193 34
      vertex 3.71089 -49.8033 34
    endloop
  endfacet
  facet normal -0 0 1
    outer loop
      vertex 2.23479 -48.7732 34
      vertex 3.71089 -49.8033 34
      vertex 2.9702 -47.7193 34
    endloop
  endfacet
  facet normal -0 0 1
    outer loop
      vertex 2.20355 -48.8194 34
      vertex 3.71089 -49.8033 34
      vertex 2.23479 -48.7732 34
    endloop
  endfacet
  facet normal 0 0 1
    outer loop
      vertex 3.71089 -49.8033 34
      vertex 2.20355 -48.8194 34
      vertex 3.05338 -50.8106 34
    endloop
  endfacet
  facet normal -0 0 1
    outer loop
      vertex 1.54604 -49.8268 34
      vertex 3.05338 -50.8106 34
      vertex 2.20355 -48.8194 34
    endloop
  endfacet
  facet normal -0 0 1
    outer loop
      vertex 1.51476 -49.8765 34
      vertex 3.05338 -50.8106 34
      vertex 1.54604 -49.8268 34
    endloop
  endfacet
  facet normal 0 0 1
    outer loop
      vertex 3.05338 -50.8106 34
      vertex 1.51476 -49.8765 34
      vertex 2.47204 -51.7682 34
    endloop
  endfacet
  facet normal -0 0 1
    outer loop
      vertex 0.933411 -50.834 34
      vertex 2.47204 -51.7682 34
      vertex 1.51476 -49.8765 34
    endloop
  endfacet
  facet normal -0 0 1
    outer loop
      vertex 0.902542 -50.8869 34
      vertex 2.47204 -51.7682 34
      vertex 0.933411 -50.834 34
    endloop
  endfacet
  facet normal 0 0 1
    outer loop
      vertex 2.47204 -51.7682 34
      vertex 0.902542 -50.8869 34
      vertex 1.96445 -52.6721 34
    endloop
  endfacet
  facet normal -0 0 1
    outer loop
      vertex 0.394958 -51.7908 34
      vertex 1.96445 -52.6721 34
      vertex 0.902542 -50.8869 34
    endloop
  endfacet
  facet normal -0 0 1
    outer loop
      vertex 0.364822 -51.8467 34
      vertex 1.96445 -52.6721 34
      vertex 0.394958 -51.7908 34
    endloop
  endfacet
  facet normal -0 0 1
    outer loop
      vertex 0 -52.5538 34
      vertex 1.96445 -52.6721 34
      vertex 0.364822 -51.8467 34
    endloop
  endfacet
  facet normal 0 0 1
    outer loop
      vertex 1.96445 -52.6721 34
      vertex 0 -52.5538 34
      vertex 1.52745 -53.5191 34
    endloop
  endfacet
  facet normal 0 0 1
    outer loop
      vertex 1.52745 -53.5191 34
      vertex 0 -52.5538 34
      vertex 1.15755 -54.3056 34
    endloop
  endfacet
  facet normal 0 0 1
    outer loop
      vertex -1.15755 -54.3056 34
      vertex 1.15755 -54.3056 34
      vertex 0 -52.5538 34
    endloop
  endfacet
  facet normal 0 0 1
    outer loop
      vertex 1.15755 -54.3056 34
      vertex -1.15755 -54.3056 34
      vertex 0.850439 -55.0283 34
    endloop
  endfacet
  facet normal 0 0 1
    outer loop
      vertex 0.850439 -55.0283 34
      vertex -0.850439 -55.0283 34
      vertex 0.601434 -55.6843 34
    endloop
  endfacet
  facet normal 0 -0 1
    outer loop
      vertex -0.601434 -55.6843 34
      vertex 0.601434 -55.6843 34
      vertex -0.850439 -55.0283 34
    endloop
  endfacet
  facet normal 0 -0 1
    outer loop
      vertex -0.405398 -56.2705 34
      vertex 0.405398 -56.2705 34
      vertex -0.601434 -55.6843 34
    endloop
  endfacet
  facet normal 0 -0 1
    outer loop
      vertex -0.256657 -56.7842 34
      vertex 0.256657 -56.7842 34
      vertex -0.405398 -56.2705 34
    endloop
  endfacet
  facet normal 0 -0 1
    outer loop
      vertex -0.0766659 -57.5851 34
      vertex 0.0766659 -57.5851 34
      vertex -0.149185 -57.223 34
    endloop
  endfacet
  facet normal 0 -0 1
    outer loop
      vertex -0.0324335 -57.8685 34
      vertex 0.0324335 -57.8685 34
      vertex -0.0766659 -57.5851 34
    endloop
  endfacet
  facet normal 0 -0 1
    outer loop
      vertex -0.149185 -57.223 34
      vertex 0.149185 -57.223 34
      vertex -0.256657 -56.7842 34
    endloop
  endfacet
  facet normal 0 0 1
    outer loop
      vertex 0.00962639 -58.0719 34
      vertex -0.00962639 -58.0719 34
      vertex 0.00118446 -58.1944 34
    endloop
  endfacet
  facet normal 0 0 1
    outer loop
      vertex 0.00118446 -58.1944 34
      vertex -0.00118446 -58.1944 34
      vertex 0 -58.2353 34
    endloop
  endfacet
  facet normal 0 0 1
    outer loop
      vertex 0.00118446 -58.1944 34
      vertex -0.00962639 -58.0719 34
      vertex -0.00118446 -58.1944 34
    endloop
  endfacet
  facet normal 0 0 1
    outer loop
      vertex 0.00962639 -58.0719 34
      vertex -0.0324335 -57.8685 34
      vertex -0.00962639 -58.0719 34
    endloop
  endfacet
  facet normal 0 0 1
    outer loop
      vertex 0.0324335 -57.8685 34
      vertex -0.0324335 -57.8685 34
      vertex 0.00962639 -58.0719 34
    endloop
  endfacet
  facet normal 0 0 1
    outer loop
      vertex 0.0766659 -57.5851 34
      vertex -0.0766659 -57.5851 34
      vertex 0.0324335 -57.8685 34
    endloop
  endfacet
  facet normal 0 0 1
    outer loop
      vertex 0.149185 -57.223 34
      vertex -0.149185 -57.223 34
      vertex 0.0766659 -57.5851 34
    endloop
  endfacet
  facet normal 0 0 1
    outer loop
      vertex -1.96445 -52.6721 34
      vertex 0 -52.5538 34
      vertex -0.364822 -51.8467 34
    endloop
  endfacet
  facet normal 0 0 1
    outer loop
      vertex -1.96445 -52.6721 34
      vertex -0.364822 -51.8467 34
      vertex -0.394958 -51.7908 34
    endloop
  endfacet
  facet normal 0 0 1
    outer loop
      vertex 0.256657 -56.7842 34
      vertex -0.256657 -56.7842 34
      vertex 0.149185 -57.223 34
    endloop
  endfacet
  facet normal 0 0 1
    outer loop
      vertex 0.405398 -56.2705 34
      vertex -0.405398 -56.2705 34
      vertex 0.256657 -56.7842 34
    endloop
  endfacet
  facet normal 0 0 1
    outer loop
      vertex 0.601434 -55.6843 34
      vertex -0.601434 -55.6843 34
      vertex 0.405398 -56.2705 34
    endloop
  endfacet
  facet normal 0 0 1
    outer loop
      vertex -1.96445 -52.6721 34
      vertex -0.394958 -51.7908 34
      vertex -0.902542 -50.8869 34
    endloop
  endfacet
  facet normal 0 0 1
    outer loop
      vertex -2.47204 -51.7682 34
      vertex -0.902542 -50.8869 34
      vertex -0.933411 -50.834 34
    endloop
  endfacet
  facet normal 0 0 1
    outer loop
      vertex 0.850439 -55.0283 34
      vertex -1.15755 -54.3056 34
      vertex -0.850439 -55.0283 34
    endloop
  endfacet
  facet normal 0 0 1
    outer loop
      vertex -2.47204 -51.7682 34
      vertex -0.933411 -50.834 34
      vertex -1.51476 -49.8765 34
    endloop
  endfacet
  facet normal 0 0 1
    outer loop
      vertex 0 -52.5538 34
      vertex -1.52745 -53.5191 34
      vertex -1.15755 -54.3056 34
    endloop
  endfacet
  facet normal 0 0 1
    outer loop
      vertex -3.05338 -50.8106 34
      vertex -1.51476 -49.8765 34
      vertex -1.54604 -49.8268 34
    endloop
  endfacet
  facet normal 0 0 1
    outer loop
      vertex 0 -52.5538 34
      vertex -1.96445 -52.6721 34
      vertex -1.52745 -53.5191 34
    endloop
  endfacet
  facet normal 0 0 1
    outer loop
      vertex -3.05338 -50.8106 34
      vertex -1.54604 -49.8268 34
      vertex -2.20355 -48.8194 34
    endloop
  endfacet
  facet normal 0 0 1
    outer loop
      vertex -3.71089 -49.8033 34
      vertex -2.20355 -48.8194 34
      vertex -2.23479 -48.7732 34
    endloop
  endfacet
  facet normal 0 0 1
    outer loop
      vertex -0.902542 -50.8869 34
      vertex -2.47204 -51.7682 34
      vertex -1.96445 -52.6721 34
    endloop
  endfacet
  facet normal 0 0 1
    outer loop
      vertex -3.71089 -49.8033 34
      vertex -2.23479 -48.7732 34
      vertex -2.9702 -47.7193 34
    endloop
  endfacet
  facet normal 0 0 1
    outer loop
      vertex -4.44631 -48.7494 34
      vertex -2.9702 -47.7193 34
      vertex -3.00128 -47.6762 34
    endloop
  endfacet
  facet normal 0 0 1
    outer loop
      vertex -1.51476 -49.8765 34
      vertex -3.05338 -50.8106 34
      vertex -2.47204 -51.7682 34
    endloop
  endfacet
  facet normal 0 0 1
    outer loop
      vertex -2.20355 -48.8194 34
      vertex -3.71089 -49.8033 34
      vertex -3.05338 -50.8106 34
    endloop
  endfacet
  facet normal 0 0 1
    outer loop
      vertex -4.44631 -48.7494 34
      vertex -3.00128 -47.6762 34
      vertex -3.81578 -46.5795 34
    endloop
  endfacet
  facet normal 0 0 1
    outer loop
      vertex -5.26081 -47.6528 34
      vertex -3.81578 -46.5795 34
      vertex -3.8463 -46.5396 34
    endloop
  endfacet
  facet normal 0 0 1
    outer loop
      vertex -2.9702 -47.7193 34
      vertex -4.44631 -48.7494 34
      vertex -3.71089 -49.8033 34
    endloop
  endfacet
  facet normal 0 0 1
    outer loop
      vertex -5.26081 -47.6528 34
      vertex -3.8463 -46.5396 34
      vertex -4.74037 -45.4035 34
    endloop
  endfacet
  facet normal 0 0 1
    outer loop
      vertex -6.15489 -46.5167 34
      vertex -4.74037 -45.4035 34
      vertex -4.77011 -45.3668 34
    endloop
  endfacet
  facet normal 0 0 1
    outer loop
      vertex -3.81578 -46.5795 34
      vertex -5.26081 -47.6528 34
      vertex -4.44631 -48.7494 34
    endloop
  endfacet
  facet normal 0 0 1
    outer loop
      vertex -6.15489 -46.5167 34
      vertex -4.77011 -45.3668 34
      vertex -5.74353 -44.1946 34
    endloop
  endfacet
  facet normal 0 0 1
    outer loop
      vertex -7.1283 -45.3446 34
      vertex -5.74353 -44.1946 34
      vertex -5.7722 -44.1609 34
    endloop
  endfacet
  facet normal 0 0 1
    outer loop
      vertex -4.74037 -45.4035 34
      vertex -6.15489 -46.5167 34
      vertex -5.26081 -47.6528 34
    endloop
  endfacet
  facet normal 0 0 1
    outer loop
      vertex -7.1283 -45.3446 34
      vertex -5.7722 -44.1609 34
      vertex -6.82401 -42.9559 34
    endloop
  endfacet
  facet normal 0 0 1
    outer loop
      vertex -8.18011 -44.1395 34
      vertex -6.82401 -42.9559 34
      vertex -6.85143 -42.9252 34
    endloop
  endfacet
  facet normal 0 0 1
    outer loop
      vertex -5.74353 -44.1946 34
      vertex -7.1283 -45.3446 34
      vertex -6.15489 -46.5167 34
    endloop
  endfacet
  facet normal 0 0 1
    outer loop
      vertex -8.18011 -44.1395 34
      vertex -6.85143 -42.9252 34
      vertex -7.9801 -41.6902 34
    endloop
  endfacet
  facet normal 0 0 1
    outer loop
      vertex -9.30878 -42.9046 34
      vertex -7.9801 -41.6902 34
      vertex -8.00601 -41.6625 34
    endloop
  endfacet
  facet normal 0 0 1
    outer loop
      vertex -6.82401 -42.9559 34
      vertex -8.18011 -44.1395 34
      vertex -7.1283 -45.3446 34
    endloop
  endfacet
  facet normal 0 0 1
    outer loop
      vertex -9.30878 -42.9046 34
      vertex -8.00601 -41.6625 34
      vertex -9.20932 -40.4004 34
    endloop
  endfacet
  facet normal 0 0 1
    outer loop
      vertex -10.5121 -41.6425 34
      vertex -9.20932 -40.4004 34
      vertex -9.23344 -40.3756 34
    endloop
  endfacet
  facet normal 0 0 1
    outer loop
      vertex -7.9801 -41.6902 34
      vertex -9.30878 -42.9046 34
      vertex -8.18011 -44.1395 34
    endloop
  endfacet
  facet normal 0 0 1
    outer loop
      vertex -10.5121 -41.6425 34
      vertex -9.23344 -40.3756 34
      vertex -10.5084 -39.0888 34
    endloop
  endfacet
  facet normal 0 0 1
    outer loop
      vertex -9.20932 -40.4004 34
      vertex -10.5121 -41.6425 34
      vertex -9.30878 -42.9046 34
    endloop
  endfacet
  facet normal 0 0 1
    outer loop
      vertex -11.787 -40.3558 34
      vertex -10.5084 -39.0888 34
      vertex -10.5307 -39.0667 34
    endloop
  endfacet
  facet normal 0 0 1
    outer loop
      vertex -10.5084 -39.0888 34
      vertex -11.787 -40.3558 34
      vertex -10.5121 -41.6425 34
    endloop
  endfacet
  facet normal 0 0 1
    outer loop
      vertex -11.8738 -37.7577 34
      vertex -11.787 -40.3558 34
      vertex -10.5307 -39.0667 34
    endloop
  endfacet
  facet normal 0 0 1
    outer loop
      vertex -13.1302 -39.0468 34
      vertex -11.8738 -37.7577 34
      vertex -11.894 -37.7384 34
    endloop
  endfacet
  facet normal 0 0 1
    outer loop
      vertex -11.8738 -37.7577 34
      vertex -13.1302 -39.0468 34
      vertex -11.787 -40.3558 34
    endloop
  endfacet
  facet normal 0 0 1
    outer loop
      vertex -13.3009 -36.409 34
      vertex -13.1302 -39.0468 34
      vertex -11.894 -37.7384 34
    endloop
  endfacet
  facet normal 0 0 1
    outer loop
      vertex -14.5372 -37.7174 34
      vertex -13.3009 -36.409 34
      vertex -13.3189 -36.3923 34
    endloop
  endfacet
  facet normal 0 0 1
    outer loop
      vertex -13.3009 -36.409 34
      vertex -14.5372 -37.7174 34
      vertex -13.1302 -39.0468 34
    endloop
  endfacet
  facet normal 0 0 1
    outer loop
      vertex -14.7851 -35.0443 34
      vertex -14.5372 -37.7174 34
      vertex -13.3189 -36.3923 34
    endloop
  endfacet
  facet normal 0 0 1
    outer loop
      vertex -16.0033 -36.3694 34
      vertex -14.7851 -35.0443 34
      vertex -14.8005 -35.0302 34
    endloop
  endfacet
  facet normal 0 0 1
    outer loop
      vertex -14.7851 -35.0443 34
      vertex -16.0033 -36.3694 34
      vertex -14.5372 -37.7174 34
    endloop
  endfacet
  facet normal 0 0 1
    outer loop
      vertex -16.3204 -33.665 34
      vertex -16.0033 -36.3694 34
      vertex -14.8005 -35.0302 34
    endloop
  endfacet
  facet normal 0 0 1
    outer loop
      vertex -17.5232 -35.0042 34
      vertex -16.3204 -33.665 34
      vertex -16.3333 -33.6536 34
    endloop
  endfacet
  facet normal 0 0 1
    outer loop
      vertex -16.3204 -33.665 34
      vertex -17.5232 -35.0042 34
      vertex -16.0033 -36.3694 34
    endloop
  endfacet
  facet normal 0 0 1
    outer loop
      vertex -17.9011 -32.2723 34
      vertex -17.5232 -35.0042 34
      vertex -16.3333 -33.6536 34
    endloop
  endfacet
  facet normal 0 0 1
    outer loop
      vertex -19.0911 -33.6228 34
      vertex -17.9011 -32.2723 34
      vertex -17.9113 -32.2634 34
    endloop
  endfacet
  facet normal 0 0 1
    outer loop
      vertex -17.9011 -32.2723 34
      vertex -19.0911 -33.6228 34
      vertex -17.5232 -35.0042 34
    endloop
  endfacet
  facet normal 0 0 1
    outer loop
      vertex -19.5206 -30.8668 34
      vertex -19.0911 -33.6228 34
      vertex -17.9113 -32.2634 34
    endloop
  endfacet
  facet normal 0 0 1
    outer loop
      vertex -20.7004 -32.2263 34
      vertex -19.5206 -30.8668 34
      vertex -19.5279 -30.8605 34
    endloop
  endfacet
  facet normal 0 0 1
    outer loop
      vertex -19.5206 -30.8668 34
      vertex -20.7004 -32.2263 34
      vertex -19.0911 -33.6228 34
    endloop
  endfacet
  facet normal 0 0 1
    outer loop
      vertex -21.1718 -29.4492 34
      vertex -20.7004 -32.2263 34
      vertex -19.5279 -30.8605 34
    endloop
  endfacet
  facet normal 0 0 1
    outer loop
      vertex -21.1718 -29.4492 34
      vertex -22.3443 -30.815 34
      vertex -20.7004 -32.2263 34
    endloop
  endfacet
  facet normal 0 0 1
    outer loop
      vertex -22.8474 -28.0198 34
      vertex -22.3443 -30.815 34
      vertex -21.1718 -29.4492 34
    endloop
  endfacet
  facet normal 0 0 1
    outer loop
      vertex -22.8474 -28.0198 34
      vertex -24.0157 -29.3892 34
      vertex -22.3443 -30.815 34
    endloop
  endfacet
  facet normal 0 0 1
    outer loop
      vertex -24.5398 -26.5787 34
      vertex -24.0157 -29.3892 34
      vertex -22.8474 -28.0198 34
    endloop
  endfacet
  facet normal 0 0 1
    outer loop
      vertex -24.5398 -26.5787 34
      vertex -25.7068 -27.9491 34
      vertex -24.0157 -29.3892 34
    endloop
  endfacet
  facet normal 0 0 1
    outer loop
      vertex -26.2387 -25.1276 34
      vertex -25.7068 -27.9491 34
      vertex -24.5398 -26.5787 34
    endloop
  endfacet
  facet normal 0 0 1
    outer loop
      vertex -26.2387 -25.1276 34
      vertex -27.4098 -26.4945 34
      vertex -25.7068 -27.9491 34
    endloop
  endfacet
  facet normal 0 0 1
    outer loop
      vertex -27.9379 -23.6645 34
      vertex -27.4098 -26.4945 34
      vertex -26.2387 -25.1276 34
    endloop
  endfacet
  facet normal 0 0 1
    outer loop
      vertex -27.9379 -23.6645 34
      vertex -29.1166 -25.025 34
      vertex -27.4098 -26.4945 34
    endloop
  endfacet
  facet normal 0 0 1
    outer loop
      vertex -29.6291 -22.1892 34
      vertex -29.1166 -25.025 34
      vertex -27.9379 -23.6645 34
    endloop
  endfacet
  facet normal 0 0 1
    outer loop
      vertex -29.6291 -22.1892 34
      vertex -30.8187 -23.5401 34
      vertex -29.1166 -25.025 34
    endloop
  endfacet
  facet normal 0 0 1
    outer loop
      vertex -31.3041 -20.7007 34
      vertex -30.8187 -23.5401 34
      vertex -29.6291 -22.1892 34
    endloop
  endfacet
  facet normal 0 0 1
    outer loop
      vertex -31.3041 -20.7007 34
      vertex -32.5077 -22.0392 34
      vertex -30.8187 -23.5401 34
    endloop
  endfacet
  facet normal 0 0 1
    outer loop
      vertex -32.9534 -19.1995 34
      vertex -32.5077 -22.0392 34
      vertex -31.3041 -20.7007 34
    endloop
  endfacet
  facet normal 0 0 1
    outer loop
      vertex -32.9534 -19.1995 34
      vertex -34.175 -20.5216 34
      vertex -32.5077 -22.0392 34
    endloop
  endfacet
  facet normal 0 0 1
    outer loop
      vertex -34.5691 -17.6846 34
      vertex -34.175 -20.5216 34
      vertex -32.9534 -19.1995 34
    endloop
  endfacet
  facet normal 0 0 1
    outer loop
      vertex -34.5691 -17.6846 34
      vertex -35.812 -18.9867 34
      vertex -34.175 -20.5216 34
    endloop
  endfacet
  facet normal 0 0 1
    outer loop
      vertex -36.142 -16.1561 34
      vertex -35.812 -18.9867 34
      vertex -34.5691 -17.6846 34
    endloop
  endfacet
  facet normal 0 0 1
    outer loop
      vertex -36.142 -16.1561 34
      vertex -37.4102 -17.4336 34
      vertex -35.812 -18.9867 34
    endloop
  endfacet
  facet normal 0 0 1
    outer loop
      vertex -37.6646 -14.613 34
      vertex -37.4102 -17.4336 34
      vertex -36.142 -16.1561 34
    endloop
  endfacet
  facet normal 0 0 1
    outer loop
      vertex -37.6646 -14.613 34
      vertex -38.9611 -15.8619 34
      vertex -37.4102 -17.4336 34
    endloop
  endfacet
  facet normal 0 0 1
    outer loop
      vertex -39.1276 -13.0564 34
      vertex -38.9611 -15.8619 34
      vertex -37.6646 -14.613 34
    endloop
  endfacet
  facet normal 0 0 1
    outer loop
      vertex -39.1276 -13.0564 34
      vertex -40.4564 -14.2709 34
      vertex -38.9611 -15.8619 34
    endloop
  endfacet
  facet normal 0 0 1
    outer loop
      vertex -40.524 -11.4855 34
      vertex -40.4564 -14.2709 34
      vertex -39.1276 -13.0564 34
    endloop
  endfacet
  facet normal 0 0 1
    outer loop
      vertex -41.8882 -12.6602 34
      vertex -40.524 -11.4855 34
      vertex -41.8464 -9.90063 34
    endloop
  endfacet
  facet normal 0 0 1
    outer loop
      vertex -40.524 -11.4855 34
      vertex -41.8882 -12.6602 34
      vertex -40.4564 -14.2709 34
    endloop
  endfacet
  facet normal 0 0 1
    outer loop
      vertex -43.2485 -11.0298 34
      vertex -41.8464 -9.90063 34
      vertex -43.0868 -8.30339 34
    endloop
  endfacet
  facet normal 0 0 1
    outer loop
      vertex -41.8464 -9.90063 34
      vertex -43.2485 -11.0298 34
      vertex -41.8882 -12.6602 34
    endloop
  endfacet
  facet normal 0 0 1
    outer loop
      vertex -44.53 -9.37972 34
      vertex -43.0868 -8.30339 34
      vertex -44.2397 -6.69347 34
    endloop
  endfacet
  facet normal 0 0 1
    outer loop
      vertex -43.0868 -8.30339 34
      vertex -44.53 -9.37972 34
      vertex -43.2485 -11.0298 34
    endloop
  endfacet
  facet normal 0 0 1
    outer loop
      vertex -45.7255 -7.71023 34
      vertex -44.2397 -6.69347 34
      vertex -45.2987 -5.07265 34
    endloop
  endfacet
  facet normal 0 0 1
    outer loop
      vertex -44.2397 -6.69347 34
      vertex -45.7255 -7.71023 34
      vertex -44.53 -9.37972 34
    endloop
  endfacet
  facet normal 0 0 1
    outer loop
      vertex -46.8286 -6.02209 34
      vertex -45.2987 -5.07265 34
      vertex -46.2586 -3.44232 34
    endloop
  endfacet
  facet normal 0 0 1
    outer loop
      vertex -45.2987 -5.07265 34
      vertex -46.8286 -6.02209 34
      vertex -45.7255 -7.71023 34
    endloop
  endfacet
  facet normal 0 0 1
    outer loop
      vertex -47.8328 -4.31633 34
      vertex -46.2586 -3.44232 34
      vertex -47.1149 -1.8038 34
    endloop
  endfacet
  facet normal 0 0 1
    outer loop
      vertex -46.2586 -3.44232 34
      vertex -47.8328 -4.31633 34
      vertex -46.8286 -6.02209 34
    endloop
  endfacet
  facet normal 0 0 1
    outer loop
      vertex -48.7328 -2.59437 34
      vertex -47.1149 -1.8038 34
      vertex -47.8635 -0.159683 34
    endloop
  endfacet
  facet normal 0 0 1
    outer loop
      vertex -49.5234 -0.857943 34
      vertex -47.8635 -0.159683 34
      vertex -48.5014 1.48868 34
    endloop
  endfacet
  facet normal 0 0 1
    outer loop
      vertex -47.1149 -1.8038 34
      vertex -48.7328 -2.59437 34
      vertex -47.8328 -4.31633 34
    endloop
  endfacet
  facet normal 0 0 1
    outer loop
      vertex -50.2 0.890624 34
      vertex -48.5014 1.48868 34
      vertex -49.0261 3.13881 34
    endloop
  endfacet
  facet normal 0 0 1
    outer loop
      vertex -50.759 2.64862 34
      vertex -49.0261 3.13881 34
      vertex -49.4355 4.78798 34
    endloop
  endfacet
  facet normal 0 0 1
    outer loop
      vertex -47.8635 -0.159683 34
      vertex -49.5234 -0.857943 34
      vertex -48.7328 -2.59437 34
    endloop
  endfacet
  facet normal 0 0 1
    outer loop
      vertex -51.1971 4.41294 34
      vertex -49.4355 4.78798 34
      vertex -49.7288 6.4343 34
    endloop
  endfacet
  facet normal 0 0 1
    outer loop
      vertex -51.5118 6.18002 34
      vertex -49.7288 6.4343 34
      vertex -49.9048 8.07443 34
    endloop
  endfacet
  facet normal 0 0 1
    outer loop
      vertex -48.5014 1.48868 34
      vertex -50.2 0.890624 34
      vertex -49.5234 -0.857943 34
    endloop
  endfacet
  facet normal 0 0 1
    outer loop
      vertex -51.7014 7.94581 34
      vertex -49.9048 8.07443 34
      vertex -49.9635 9.70547 34
    endloop
  endfacet
  facet normal -0 0 1
    outer loop
      vertex -51.5118 13.1889 34
      vertex -49.7296 12.928 34
      vertex -51.1971 14.9012 34
    endloop
  endfacet
  facet normal 0 0 1
    outer loop
      vertex -49.7296 12.928 34
      vertex -51.5118 13.1889 34
      vertex -49.9049 11.3249 34
    endloop
  endfacet
  facet normal 0 0 1
    outer loop
      vertex -49.0261 3.13881 34
      vertex -50.759 2.64862 34
      vertex -50.2 0.890624 34
    endloop
  endfacet
  facet normal -0 0 1
    outer loop
      vertex -51.7014 11.4553 34
      vertex -49.9049 11.3249 34
      vertex -51.5118 13.1889 34
    endloop
  endfacet
  facet normal 0 0 1
    outer loop
      vertex -49.4355 4.78798 34
      vertex -51.1971 4.41294 34
      vertex -50.759 2.64862 34
    endloop
  endfacet
  facet normal 0 0 1
    outer loop
      vertex -49.9049 11.3249 34
      vertex -51.7014 11.4553 34
      vertex -49.9635 9.70547 34
    endloop
  endfacet
  facet normal 0 0 1
    outer loop
      vertex -49.7288 6.4343 34
      vertex -51.5118 6.18002 34
      vertex -51.1971 4.41294 34
    endloop
  endfacet
  facet normal -0 0 1
    outer loop
      vertex -51.7647 9.70588 34
      vertex -49.9635 9.70547 34
      vertex -51.7014 11.4553 34
    endloop
  endfacet
  facet normal 0 0 1
    outer loop
      vertex -49.9048 8.07443 34
      vertex -51.7014 7.94581 34
      vertex -51.5118 6.18002 34
    endloop
  endfacet
  facet normal 0 0 1
    outer loop
      vertex -49.9635 9.70547 34
      vertex -51.7647 9.70588 34
      vertex -51.7014 7.94581 34
    endloop
  endfacet
  facet normal 0.997634 -0.0687507 0
    outer loop
      vertex 0.00118446 -58.1944 34
      vertex 0.00962639 -58.0719 0
      vertex 0.00962639 -58.0719 34
    endloop
  endfacet
  facet normal 0.997634 -0.0687507 0
    outer loop
      vertex 0.00962639 -58.0719 0
      vertex 0.00118446 -58.1944 34
      vertex 0.00118446 -58.1944 0
    endloop
  endfacet
  facet normal 0.993772 -0.111431 0
    outer loop
      vertex 0.00962639 -58.0719 34
      vertex 0.0324335 -57.8685 0
      vertex 0.0324335 -57.8685 34
    endloop
  endfacet
  facet normal 0.993772 -0.111431 0
    outer loop
      vertex 0.0324335 -57.8685 0
      vertex 0.00962639 -58.0719 34
      vertex 0.00962639 -58.0719 0
    endloop
  endfacet
  facet normal 0.988038 -0.154211 0
    outer loop
      vertex 0.0324335 -57.8685 34
      vertex 0.0766659 -57.5851 0
      vertex 0.0766659 -57.5851 34
    endloop
  endfacet
  facet normal 0.988038 -0.154211 0
    outer loop
      vertex 0.0766659 -57.5851 0
      vertex 0.0324335 -57.8685 34
      vertex 0.0324335 -57.8685 0
    endloop
  endfacet
  facet normal 0.980529 -0.196374 0
    outer loop
      vertex 0.0766659 -57.5851 34
      vertex 0.149185 -57.223 0
      vertex 0.149185 -57.223 34
    endloop
  endfacet
  facet normal 0.980529 -0.196374 0
    outer loop
      vertex 0.149185 -57.223 0
      vertex 0.0766659 -57.5851 34
      vertex 0.0766659 -57.5851 0
    endloop
  endfacet
  facet normal 0.971292 -0.237891 0
    outer loop
      vertex 0.149185 -57.223 34
      vertex 0.256657 -56.7842 0
      vertex 0.256657 -56.7842 34
    endloop
  endfacet
  facet normal 0.971292 -0.237891 0
    outer loop
      vertex 0.256657 -56.7842 0
      vertex 0.149185 -57.223 34
      vertex 0.149185 -57.223 0
    endloop
  endfacet
  facet normal 0.960545 -0.278124 0
    outer loop
      vertex 0.256657 -56.7842 34
      vertex 0.405398 -56.2705 0
      vertex 0.405398 -56.2705 34
    endloop
  endfacet
  facet normal 0.960545 -0.278124 0
    outer loop
      vertex 0.405398 -56.2705 0
      vertex 0.256657 -56.7842 34
      vertex 0.256657 -56.7842 0
    endloop
  endfacet
  facet normal 0.948374 -0.317154 0
    outer loop
      vertex 0.405398 -56.2705 34
      vertex 0.601434 -55.6843 0
      vertex 0.601434 -55.6843 34
    endloop
  endfacet
  facet normal 0.948374 -0.317154 0
    outer loop
      vertex 0.601434 -55.6843 0
      vertex 0.405398 -56.2705 34
      vertex 0.405398 -56.2705 0
    endloop
  endfacet
  facet normal 0.934914 -0.354875 0
    outer loop
      vertex 0.601434 -55.6843 34
      vertex 0.850439 -55.0283 0
      vertex 0.850439 -55.0283 34
    endloop
  endfacet
  facet normal 0.934914 -0.354875 0
    outer loop
      vertex 0.850439 -55.0283 0
      vertex 0.601434 -55.6843 34
      vertex 0.601434 -55.6843 0
    endloop
  endfacet
  facet normal 0.920348 -0.391101 0
    outer loop
      vertex 0.850439 -55.0283 34
      vertex 1.15755 -54.3056 0
      vertex 1.15755 -54.3056 34
    endloop
  endfacet
  facet normal 0.920348 -0.391101 0
    outer loop
      vertex 1.15755 -54.3056 0
      vertex 0.850439 -55.0283 34
      vertex 0.850439 -55.0283 0
    endloop
  endfacet
  facet normal 0.904915 -0.425592 0
    outer loop
      vertex 1.15755 -54.3056 34
      vertex 1.52745 -53.5191 0
      vertex 1.52745 -53.5191 34
    endloop
  endfacet
  facet normal 0.904915 -0.425592 0
    outer loop
      vertex 1.52745 -53.5191 0
      vertex 1.15755 -54.3056 34
      vertex 1.15755 -54.3056 0
    endloop
  endfacet
  facet normal 0.88869 -0.458509 0
    outer loop
      vertex 1.52745 -53.5191 34
      vertex 1.96445 -52.6721 0
      vertex 1.96445 -52.6721 34
    endloop
  endfacet
  facet normal 0.88869 -0.458509 0
    outer loop
      vertex 1.96445 -52.6721 0
      vertex 1.52745 -53.5191 34
      vertex 1.52745 -53.5191 0
    endloop
  endfacet
  facet normal 0.871927 -0.489636 0
    outer loop
      vertex 1.96445 -52.6721 34
      vertex 2.47204 -51.7682 0
      vertex 2.47204 -51.7682 34
    endloop
  endfacet
  facet normal 0.871927 -0.489636 0
    outer loop
      vertex 2.47204 -51.7682 0
      vertex 1.96445 -52.6721 34
      vertex 1.96445 -52.6721 0
    endloop
  endfacet
  facet normal 0.854811 -0.518939 0
    outer loop
      vertex 2.47204 -51.7682 34
      vertex 3.05338 -50.8106 0
      vertex 3.05338 -50.8106 34
    endloop
  endfacet
  facet normal 0.854811 -0.518939 0
    outer loop
      vertex 3.05338 -50.8106 0
      vertex 2.47204 -51.7682 34
      vertex 2.47204 -51.7682 0
    endloop
  endfacet
  facet normal 0.837392 -0.546603 0
    outer loop
      vertex 3.05338 -50.8106 34
      vertex 3.71089 -49.8033 0
      vertex 3.71089 -49.8033 34
    endloop
  endfacet
  facet normal 0.837392 -0.546603 0
    outer loop
      vertex 3.71089 -49.8033 0
      vertex 3.05338 -50.8106 34
      vertex 3.05338 -50.8106 0
    endloop
  endfacet
  facet normal 0.820075 -0.572255 0
    outer loop
      vertex 3.71089 -49.8033 34
      vertex 4.44631 -48.7494 0
      vertex 4.44631 -48.7494 34
    endloop
  endfacet
  facet normal 0.820075 -0.572255 0
    outer loop
      vertex 4.44631 -48.7494 0
      vertex 3.71089 -49.8033 34
      vertex 3.71089 -49.8033 0
    endloop
  endfacet
  facet normal 0.802785 -0.596269 0
    outer loop
      vertex 4.44631 -48.7494 34
      vertex 5.26081 -47.6528 0
      vertex 5.26081 -47.6528 34
    endloop
  endfacet
  facet normal 0.802785 -0.596269 0
    outer loop
      vertex 5.26081 -47.6528 0
      vertex 4.44631 -48.7494 34
      vertex 4.44631 -48.7494 0
    endloop
  endfacet
  facet normal 0.785838 -0.618433 0
    outer loop
      vertex 5.26081 -47.6528 34
      vertex 6.15489 -46.5167 0
      vertex 6.15489 -46.5167 34
    endloop
  endfacet
  facet normal 0.785838 -0.618433 0
    outer loop
      vertex 6.15489 -46.5167 0
      vertex 5.26081 -47.6528 34
      vertex 5.26081 -47.6528 0
    endloop
  endfacet
  facet normal 0.769298 -0.63889 0
    outer loop
      vertex 6.15489 -46.5167 34
      vertex 7.1283 -45.3446 0
      vertex 7.1283 -45.3446 34
    endloop
  endfacet
  facet normal 0.769298 -0.63889 0
    outer loop
      vertex 7.1283 -45.3446 0
      vertex 6.15489 -46.5167 34
      vertex 6.15489 -46.5167 0
    endloop
  endfacet
  facet normal 0.753398 -0.657565 0
    outer loop
      vertex 7.1283 -45.3446 34
      vertex 8.18011 -44.1395 0
      vertex 8.18011 -44.1395 34
    endloop
  endfacet
  facet normal 0.753398 -0.657565 0
    outer loop
      vertex 8.18011 -44.1395 0
      vertex 7.1283 -45.3446 34
      vertex 7.1283 -45.3446 0
    endloop
  endfacet
  facet normal 0.738142 -0.674645 0
    outer loop
      vertex 8.18011 -44.1395 34
      vertex 9.30878 -42.9046 0
      vertex 9.30878 -42.9046 34
    endloop
  endfacet
  facet normal 0.738142 -0.674645 0
    outer loop
      vertex 9.30878 -42.9046 0
      vertex 8.18011 -44.1395 34
      vertex 8.18011 -44.1395 0
    endloop
  endfacet
  facet normal 0.72376 -0.690052 0
    outer loop
      vertex 9.30878 -42.9046 34
      vertex 10.5121 -41.6425 0
      vertex 10.5121 -41.6425 34
    endloop
  endfacet
  facet normal 0.72376 -0.690052 0
    outer loop
      vertex 10.5121 -41.6425 0
      vertex 9.30878 -42.9046 34
      vertex 9.30878 -42.9046 0
    endloop
  endfacet
  facet normal 0.710357 -0.703842 0
    outer loop
      vertex 10.5121 -41.6425 34
      vertex 11.787 -40.3558 0
      vertex 11.787 -40.3558 34
    endloop
  endfacet
  facet normal 0.710357 -0.703842 0
    outer loop
      vertex 11.787 -40.3558 0
      vertex 10.5121 -41.6425 34
      vertex 10.5121 -41.6425 0
    endloop
  endfacet
  facet normal 0.697931 -0.716165 0
    outer loop
      vertex 11.787 -40.3558 0
      vertex 13.1302 -39.0468 34
      vertex 11.787 -40.3558 34
    endloop
  endfacet
  facet normal 0.697931 -0.716165 0
    outer loop
      vertex 13.1302 -39.0468 34
      vertex 11.787 -40.3558 0
      vertex 13.1302 -39.0468 0
    endloop
  endfacet
  facet normal 0.686778 -0.726867 0
    outer loop
      vertex 13.1302 -39.0468 0
      vertex 14.5372 -37.7174 34
      vertex 13.1302 -39.0468 34
    endloop
  endfacet
  facet normal 0.686778 -0.726867 0
    outer loop
      vertex 14.5372 -37.7174 34
      vertex 13.1302 -39.0468 0
      vertex 14.5372 -37.7174 0
    endloop
  endfacet
  facet normal 0.676836 -0.736134 0
    outer loop
      vertex 14.5372 -37.7174 0
      vertex 16.0033 -36.3694 34
      vertex 14.5372 -37.7174 34
    endloop
  endfacet
  facet normal 0.676836 -0.736134 0
    outer loop
      vertex 16.0033 -36.3694 34
      vertex 14.5372 -37.7174 0
      vertex 16.0033 -36.3694 0
    endloop
  endfacet
  facet normal 0.668232 -0.743953 0
    outer loop
      vertex 16.0033 -36.3694 0
      vertex 17.5232 -35.0042 34
      vertex 16.0033 -36.3694 34
    endloop
  endfacet
  facet normal 0.668232 -0.743953 0
    outer loop
      vertex 17.5232 -35.0042 34
      vertex 16.0033 -36.3694 0
      vertex 17.5232 -35.0042 0
    endloop
  endfacet
  facet normal 0.661072 -0.750322 0
    outer loop
      vertex 17.5232 -35.0042 0
      vertex 19.0911 -33.6228 34
      vertex 17.5232 -35.0042 34
    endloop
  endfacet
  facet normal 0.661072 -0.750322 0
    outer loop
      vertex 19.0911 -33.6228 34
      vertex 17.5232 -35.0042 0
      vertex 19.0911 -33.6228 0
    endloop
  endfacet
  facet normal 0.655406 -0.755277 0
    outer loop
      vertex 19.0911 -33.6228 0
      vertex 20.7004 -32.2263 34
      vertex 19.0911 -33.6228 34
    endloop
  endfacet
  facet normal 0.655406 -0.755277 0
    outer loop
      vertex 20.7004 -32.2263 34
      vertex 19.0911 -33.6228 0
      vertex 20.7004 -32.2263 0
    endloop
  endfacet
  facet normal 0.651388 -0.758745 0
    outer loop
      vertex 20.7004 -32.2263 0
      vertex 22.3443 -30.815 34
      vertex 20.7004 -32.2263 34
    endloop
  endfacet
  facet normal 0.651388 -0.758745 0
    outer loop
      vertex 22.3443 -30.815 34
      vertex 20.7004 -32.2263 0
      vertex 22.3443 -30.815 0
    endloop
  endfacet
  facet normal 0.648998 -0.76079 0
    outer loop
      vertex 22.3443 -30.815 0
      vertex 24.0157 -29.3892 34
      vertex 22.3443 -30.815 34
    endloop
  endfacet
  facet normal 0.648998 -0.76079 0
    outer loop
      vertex 24.0157 -29.3892 34
      vertex 22.3443 -30.815 0
      vertex 24.0157 -29.3892 0
    endloop
  endfacet
  facet normal 0.648345 -0.761347 0
    outer loop
      vertex 24.0157 -29.3892 0
      vertex 25.7068 -27.9491 34
      vertex 24.0157 -29.3892 34
    endloop
  endfacet
  facet normal 0.648345 -0.761347 0
    outer loop
      vertex 25.7068 -27.9491 34
      vertex 24.0157 -29.3892 0
      vertex 25.7068 -27.9491 0
    endloop
  endfacet
  facet normal 0.649474 -0.760384 0
    outer loop
      vertex 25.7068 -27.9491 0
      vertex 27.4098 -26.4945 34
      vertex 25.7068 -27.9491 34
    endloop
  endfacet
  facet normal 0.649474 -0.760384 0
    outer loop
      vertex 27.4098 -26.4945 34
      vertex 25.7068 -27.9491 0
      vertex 27.4098 -26.4945 0
    endloop
  endfacet
  facet normal 0.652461 -0.757822 0
    outer loop
      vertex 27.4098 -26.4945 0
      vertex 29.1166 -25.025 34
      vertex 27.4098 -26.4945 34
    endloop
  endfacet
  facet normal 0.652461 -0.757822 0
    outer loop
      vertex 29.1166 -25.025 34
      vertex 27.4098 -26.4945 0
      vertex 29.1166 -25.025 0
    endloop
  endfacet
  facet normal 0.657391 -0.753549 0
    outer loop
      vertex 29.1166 -25.025 0
      vertex 30.8187 -23.5401 34
      vertex 29.1166 -25.025 34
    endloop
  endfacet
  facet normal 0.657391 -0.753549 0
    outer loop
      vertex 30.8187 -23.5401 34
      vertex 29.1166 -25.025 0
      vertex 30.8187 -23.5401 0
    endloop
  endfacet
  facet normal 0.664257 -0.747505 0
    outer loop
      vertex 30.8187 -23.5401 0
      vertex 32.5077 -22.0392 34
      vertex 30.8187 -23.5401 34
    endloop
  endfacet
  facet normal 0.664257 -0.747505 0
    outer loop
      vertex 32.5077 -22.0392 34
      vertex 30.8187 -23.5401 0
      vertex 32.5077 -22.0392 0
    endloop
  endfacet
  facet normal 0.673127 -0.739526 0
    outer loop
      vertex 32.5077 -22.0392 0
      vertex 34.175 -20.5216 34
      vertex 32.5077 -22.0392 34
    endloop
  endfacet
  facet normal 0.673127 -0.739526 0
    outer loop
      vertex 34.175 -20.5216 34
      vertex 32.5077 -22.0392 0
      vertex 34.175 -20.5216 0
    endloop
  endfacet
  facet normal 0.683992 -0.72949 0
    outer loop
      vertex 34.175 -20.5216 0
      vertex 35.812 -18.9867 34
      vertex 34.175 -20.5216 34
    endloop
  endfacet
  facet normal 0.683992 -0.72949 0
    outer loop
      vertex 35.812 -18.9867 34
      vertex 34.175 -20.5216 0
      vertex 35.812 -18.9867 0
    endloop
  endfacet
  facet normal 0.696916 -0.717153 0
    outer loop
      vertex 35.812 -18.9867 0
      vertex 37.4102 -17.4336 34
      vertex 35.812 -18.9867 34
    endloop
  endfacet
  facet normal 0.696916 -0.717153 0
    outer loop
      vertex 37.4102 -17.4336 34
      vertex 35.812 -18.9867 0
      vertex 37.4102 -17.4336 0
    endloop
  endfacet
  facet normal 0.711801 -0.702381 0
    outer loop
      vertex 37.4102 -17.4336 34
      vertex 38.9611 -15.8619 0
      vertex 38.9611 -15.8619 34
    endloop
  endfacet
  facet normal 0.711801 -0.702381 0
    outer loop
      vertex 38.9611 -15.8619 0
      vertex 37.4102 -17.4336 34
      vertex 37.4102 -17.4336 0
    endloop
  endfacet
  facet normal 0.728683 -0.684852 0
    outer loop
      vertex 38.9611 -15.8619 34
      vertex 40.4564 -14.2709 0
      vertex 40.4564 -14.2709 34
    endloop
  endfacet
  facet normal 0.728683 -0.684852 0
    outer loop
      vertex 40.4564 -14.2709 0
      vertex 38.9611 -15.8619 34
      vertex 38.9611 -15.8619 0
    endloop
  endfacet
  facet normal 0.747394 -0.664381 0
    outer loop
      vertex 40.4564 -14.2709 34
      vertex 41.8882 -12.6602 0
      vertex 41.8882 -12.6602 34
    endloop
  endfacet
  facet normal 0.747394 -0.664381 0
    outer loop
      vertex 41.8882 -12.6602 0
      vertex 40.4564 -14.2709 34
      vertex 40.4564 -14.2709 0
    endloop
  endfacet
  facet normal 0.767843 -0.640638 0
    outer loop
      vertex 41.8882 -12.6602 34
      vertex 43.2485 -11.0298 0
      vertex 43.2485 -11.0298 34
    endloop
  endfacet
  facet normal 0.767843 -0.640638 0
    outer loop
      vertex 43.2485 -11.0298 0
      vertex 41.8882 -12.6602 34
      vertex 41.8882 -12.6602 0
    endloop
  endfacet
  facet normal 0.789792 -0.613375 0
    outer loop
      vertex 43.2485 -11.0298 34
      vertex 44.53 -9.37972 0
      vertex 44.53 -9.37972 34
    endloop
  endfacet
  facet normal 0.789792 -0.613375 0
    outer loop
      vertex 44.53 -9.37972 0
      vertex 43.2485 -11.0298 34
      vertex 43.2485 -11.0298 0
    endloop
  endfacet
  facet normal 0.81304 -0.582208 0
    outer loop
      vertex 44.53 -9.37972 34
      vertex 45.7255 -7.71023 0
      vertex 45.7255 -7.71023 34
    endloop
  endfacet
  facet normal 0.81304 -0.582208 0
    outer loop
      vertex 45.7255 -7.71023 0
      vertex 44.53 -9.37972 34
      vertex 44.53 -9.37972 0
    endloop
  endfacet
  facet normal 0.837125 -0.547012 0
    outer loop
      vertex 45.7255 -7.71023 34
      vertex 46.8286 -6.02209 0
      vertex 46.8286 -6.02209 34
    endloop
  endfacet
  facet normal 0.837125 -0.547012 0
    outer loop
      vertex 46.8286 -6.02209 0
      vertex 45.7255 -7.71023 34
      vertex 45.7255 -7.71023 0
    endloop
  endfacet
  facet normal 0.861755 -0.507325 0
    outer loop
      vertex 46.8286 -6.02209 34
      vertex 47.8328 -4.31633 0
      vertex 47.8328 -4.31633 34
    endloop
  endfacet
  facet normal 0.861755 -0.507325 0
    outer loop
      vertex 47.8328 -4.31633 0
      vertex 46.8286 -6.02209 34
      vertex 46.8286 -6.02209 0
    endloop
  endfacet
  facet normal 0.88625 -0.463208 0
    outer loop
      vertex 47.8328 -4.31633 34
      vertex 48.7328 -2.59437 0
      vertex 48.7328 -2.59437 34
    endloop
  endfacet
  facet normal 0.88625 -0.463208 0
    outer loop
      vertex 48.7328 -2.59437 0
      vertex 47.8328 -4.31633 34
      vertex 47.8328 -4.31633 0
    endloop
  endfacet
  facet normal 0.910107 -0.414374 0
    outer loop
      vertex 48.7328 -2.59437 34
      vertex 49.5234 -0.857943 0
      vertex 49.5234 -0.857943 34
    endloop
  endfacet
  facet normal 0.910107 -0.414374 0
    outer loop
      vertex 49.5234 -0.857943 0
      vertex 48.7328 -2.59437 34
      vertex 48.7328 -2.59437 0
    endloop
  endfacet
  facet normal 0.932616 -0.360871 0
    outer loop
      vertex 49.5234 -0.857943 34
      vertex 50.2 0.890624 0
      vertex 50.2 0.890624 34
    endloop
  endfacet
  facet normal 0.932616 -0.360871 0
    outer loop
      vertex 50.2 0.890624 0
      vertex 49.5234 -0.857943 34
      vertex 49.5234 -0.857943 0
    endloop
  endfacet
  facet normal 0.952983 -0.303025 0
    outer loop
      vertex 50.2 0.890624 34
      vertex 50.759 2.64862 0
      vertex 50.759 2.64862 34
    endloop
  endfacet
  facet normal 0.952983 -0.303025 0
    outer loop
      vertex 50.759 2.64862 0
      vertex 50.2 0.890624 34
      vertex 50.2 0.890624 0
    endloop
  endfacet
  facet normal 0.970527 -0.240992 0
    outer loop
      vertex 50.759 2.64862 34
      vertex 51.1971 4.41294 0
      vertex 51.1971 4.41294 34
    endloop
  endfacet
  facet normal 0.970527 -0.240992 0
    outer loop
      vertex 51.1971 4.41294 0
      vertex 50.759 2.64862 34
      vertex 50.759 2.64862 0
    endloop
  endfacet
  facet normal 0.984509 -0.175332 0
    outer loop
      vertex 51.1971 4.41294 34
      vertex 51.5118 6.18002 0
      vertex 51.5118 6.18002 34
    endloop
  endfacet
  facet normal 0.984509 -0.175332 0
    outer loop
      vertex 51.5118 6.18002 0
      vertex 51.1971 4.41294 34
      vertex 51.1971 4.41294 0
    endloop
  endfacet
  facet normal 0.994285 -0.10676 0
    outer loop
      vertex 51.5118 6.18002 34
      vertex 51.7014 7.94581 0
      vertex 51.7014 7.94581 34
    endloop
  endfacet
  facet normal 0.994285 -0.10676 0
    outer loop
      vertex 51.7014 7.94581 0
      vertex 51.5118 6.18002 34
      vertex 51.5118 6.18002 0
    endloop
  endfacet
  facet normal 0.999354 -0.0359412 0
    outer loop
      vertex 51.7014 7.94581 34
      vertex 51.7647 9.70588 0
      vertex 51.7647 9.70588 34
    endloop
  endfacet
  facet normal 0.999354 -0.0359412 0
    outer loop
      vertex 51.7647 9.70588 0
      vertex 51.7014 7.94581 34
      vertex 51.7014 7.94581 0
    endloop
  endfacet
  facet normal 0.999346 0.0361598 0
    outer loop
      vertex 51.7647 9.70588 34
      vertex 51.7014 11.4553 0
      vertex 51.7014 11.4553 34
    endloop
  endfacet
  facet normal 0.999346 0.0361598 0
    outer loop
      vertex 51.7014 11.4553 0
      vertex 51.7647 9.70588 34
      vertex 51.7647 9.70588 0
    endloop
  endfacet
  facet normal 0.994072 0.10872 0
    outer loop
      vertex 51.7014 11.4553 34
      vertex 51.5118 13.1889 0
      vertex 51.5118 13.1889 34
    endloop
  endfacet
  facet normal 0.994072 0.10872 0
    outer loop
      vertex 51.5118 13.1889 0
      vertex 51.7014 11.4553 34
      vertex 51.7014 11.4553 0
    endloop
  endfacet
  facet normal 0.983527 0.18076 0
    outer loop
      vertex 51.5118 13.1889 34
      vertex 51.1971 14.9012 0
      vertex 51.1971 14.9012 34
    endloop
  endfacet
  facet normal 0.983527 0.18076 0
    outer loop
      vertex 51.1971 14.9012 0
      vertex 51.5118 13.1889 34
      vertex 51.5118 13.1889 0
    endloop
  endfacet
  facet normal 0.967823 0.251634 0
    outer loop
      vertex 51.1971 14.9012 34
      vertex 50.759 16.5862 0
      vertex 50.759 16.5862 34
    endloop
  endfacet
  facet normal 0.967823 0.251634 0
    outer loop
      vertex 50.759 16.5862 0
      vertex 51.1971 14.9012 34
      vertex 51.1971 14.9012 0
    endloop
  endfacet
  facet normal 0.947217 0.320595 0
    outer loop
      vertex 50.759 16.5862 34
      vertex 50.2 18.2378 0
      vertex 50.2 18.2378 34
    endloop
  endfacet
  facet normal 0.947217 0.320595 0
    outer loop
      vertex 50.2 18.2378 0
      vertex 50.759 16.5862 34
      vertex 50.759 16.5862 0
    endloop
  endfacet
  facet normal 0.922055 0.387059 0
    outer loop
      vertex 50.2 18.2378 34
      vertex 49.5234 19.8496 0
      vertex 49.5234 19.8496 34
    endloop
  endfacet
  facet normal 0.922055 0.387059 0
    outer loop
      vertex 49.5234 19.8496 0
      vertex 50.2 18.2378 34
      vertex 50.2 18.2378 0
    endloop
  endfacet
  facet normal 0.892641 0.450768 0
    outer loop
      vertex 49.5234 19.8496 34
      vertex 48.7328 21.4152 0
      vertex 48.7328 21.4152 34
    endloop
  endfacet
  facet normal 0.892641 0.450768 0
    outer loop
      vertex 48.7328 21.4152 0
      vertex 49.5234 19.8496 34
      vertex 49.5234 19.8496 0
    endloop
  endfacet
  facet normal 0.859412 0.511284 0
    outer loop
      vertex 48.7328 21.4152 34
      vertex 47.8328 22.928 0
      vertex 47.8328 22.928 34
    endloop
  endfacet
  facet normal 0.859412 0.511284 0
    outer loop
      vertex 47.8328 22.928 0
      vertex 48.7328 21.4152 34
      vertex 48.7328 21.4152 0
    endloop
  endfacet
  facet normal 0.822703 0.568471 0
    outer loop
      vertex 47.8328 22.928 34
      vertex 46.8286 24.3813 0
      vertex 46.8286 24.3813 34
    endloop
  endfacet
  facet normal 0.822703 0.568471 0
    outer loop
      vertex 46.8286 24.3813 0
      vertex 47.8328 22.928 34
      vertex 47.8328 22.928 0
    endloop
  endfacet
  facet normal 0.782742 0.622346 0
    outer loop
      vertex 46.8286 24.3813 34
      vertex 45.7255 25.7687 0
      vertex 45.7255 25.7687 34
    endloop
  endfacet
  facet normal 0.782742 0.622346 0
    outer loop
      vertex 45.7255 25.7687 0
      vertex 46.8286 24.3813 34
      vertex 46.8286 24.3813 0
    endloop
  endfacet
  facet normal 0.739927 0.672687 0
    outer loop
      vertex 45.7255 25.7687 34
      vertex 44.53 27.0837 0
      vertex 44.53 27.0837 34
    endloop
  endfacet
  facet normal 0.739927 0.672687 0
    outer loop
      vertex 44.53 27.0837 0
      vertex 45.7255 25.7687 34
      vertex 45.7255 25.7687 0
    endloop
  endfacet
  facet normal 0.694301 0.719685 -0
    outer loop
      vertex 44.53 27.0837 0
      vertex 43.2485 28.32 34
      vertex 44.53 27.0837 34
    endloop
  endfacet
  facet normal 0.694301 0.719685 0
    outer loop
      vertex 43.2485 28.32 34
      vertex 44.53 27.0837 0
      vertex 43.2485 28.32 0
    endloop
  endfacet
  facet normal 0.646164 0.763199 -0
    outer loop
      vertex 43.2485 28.32 0
      vertex 41.8882 29.4717 34
      vertex 43.2485 28.32 34
    endloop
  endfacet
  facet normal 0.646164 0.763199 0
    outer loop
      vertex 41.8882 29.4717 34
      vertex 43.2485 28.32 0
      vertex 41.8882 29.4717 0
    endloop
  endfacet
  facet normal 0.595484 0.803367 -0
    outer loop
      vertex 41.8882 29.4717 0
      vertex 40.4564 30.533 34
      vertex 41.8882 29.4717 34
    endloop
  endfacet
  facet normal 0.595484 0.803367 0
    outer loop
      vertex 40.4564 30.533 34
      vertex 41.8882 29.4717 0
      vertex 40.4564 30.533 0
    endloop
  endfacet
  facet normal 0.542559 0.840018 -0
    outer loop
      vertex 40.4564 30.533 0
      vertex 38.9611 31.4988 34
      vertex 40.4564 30.533 34
    endloop
  endfacet
  facet normal 0.542559 0.840018 0
    outer loop
      vertex 38.9611 31.4988 34
      vertex 40.4564 30.533 0
      vertex 38.9611 31.4988 0
    endloop
  endfacet
  facet normal 0.487272 0.87325 -0
    outer loop
      vertex 38.9611 31.4988 0
      vertex 37.4102 32.3642 34
      vertex 38.9611 31.4988 34
    endloop
  endfacet
  facet normal 0.487272 0.87325 0
    outer loop
      vertex 37.4102 32.3642 34
      vertex 38.9611 31.4988 0
      vertex 37.4102 32.3642 0
    endloop
  endfacet
  facet normal 0.42982 0.902915 -0
    outer loop
      vertex 37.4102 32.3642 0
      vertex 35.812 33.125 34
      vertex 37.4102 32.3642 34
    endloop
  endfacet
  facet normal 0.42982 0.902915 0
    outer loop
      vertex 35.812 33.125 34
      vertex 37.4102 32.3642 0
      vertex 35.812 33.125 0
    endloop
  endfacet
  facet normal 0.370314 0.928907 -0
    outer loop
      vertex 35.812 33.125 0
      vertex 34.175 33.7776 34
      vertex 35.812 33.125 34
    endloop
  endfacet
  facet normal 0.370314 0.928907 0
    outer loop
      vertex 34.175 33.7776 34
      vertex 35.812 33.125 0
      vertex 34.175 33.7776 0
    endloop
  endfacet
  facet normal 0.308842 0.951113 -0
    outer loop
      vertex 34.175 33.7776 0
      vertex 32.5077 34.319 34
      vertex 34.175 33.7776 34
    endloop
  endfacet
  facet normal 0.308842 0.951113 0
    outer loop
      vertex 32.5077 34.319 34
      vertex 34.175 33.7776 0
      vertex 32.5077 34.319 0
    endloop
  endfacet
  facet normal 0.245479 0.969402 -0
    outer loop
      vertex 32.5077 34.319 0
      vertex 30.8187 34.7467 34
      vertex 32.5077 34.319 34
    endloop
  endfacet
  facet normal 0.245479 0.969402 0
    outer loop
      vertex 30.8187 34.7467 34
      vertex 32.5077 34.319 0
      vertex 30.8187 34.7467 0
    endloop
  endfacet
  facet normal 0.180746 0.98353 -0
    outer loop
      vertex 30.8187 34.7467 0
      vertex 29.1166 35.0595 34
      vertex 30.8187 34.7467 34
    endloop
  endfacet
  facet normal 0.180746 0.98353 0
    outer loop
      vertex 29.1166 35.0595 34
      vertex 30.8187 34.7467 0
      vertex 29.1166 35.0595 0
    endloop
  endfacet
  facet normal 0.114545 0.993418 -0
    outer loop
      vertex 29.1166 35.0595 0
      vertex 27.4098 35.2563 34
      vertex 29.1166 35.0595 34
    endloop
  endfacet
  facet normal 0.114545 0.993418 0
    outer loop
      vertex 27.4098 35.2563 34
      vertex 29.1166 35.0595 0
      vertex 27.4098 35.2563 0
    endloop
  endfacet
  facet normal 0.0476265 0.998865 -0
    outer loop
      vertex 27.4098 35.2563 0
      vertex 25.7068 35.3375 34
      vertex 27.4098 35.2563 34
    endloop
  endfacet
  facet normal 0.0476265 0.998865 0
    outer loop
      vertex 25.7068 35.3375 34
      vertex 27.4098 35.2563 0
      vertex 25.7068 35.3375 0
    endloop
  endfacet
  facet normal -0.0199239 0.999801 0
    outer loop
      vertex 25.7068 35.3375 0
      vertex 24.0157 35.3038 34
      vertex 25.7068 35.3375 34
    endloop
  endfacet
  facet normal -0.0199239 0.999801 0
    outer loop
      vertex 24.0157 35.3038 34
      vertex 25.7068 35.3375 0
      vertex 24.0157 35.3038 0
    endloop
  endfacet
  facet normal -0.0873754 0.996175 0
    outer loop
      vertex 24.0157 35.3038 0
      vertex 22.3443 35.1572 34
      vertex 24.0157 35.3038 34
    endloop
  endfacet
  facet normal -0.0873754 0.996175 0
    outer loop
      vertex 22.3443 35.1572 34
      vertex 24.0157 35.3038 0
      vertex 22.3443 35.1572 0
    endloop
  endfacet
  facet normal -0.154518 0.98799 0
    outer loop
      vertex 22.3443 35.1572 0
      vertex 20.7004 34.9001 34
      vertex 22.3443 35.1572 34
    endloop
  endfacet
  facet normal -0.154518 0.98799 0
    outer loop
      vertex 20.7004 34.9001 34
      vertex 22.3443 35.1572 0
      vertex 20.7004 34.9001 0
    endloop
  endfacet
  facet normal -0.220555 0.975375 0
    outer loop
      vertex 20.7004 34.9001 0
      vertex 19.0911 34.5362 34
      vertex 20.7004 34.9001 34
    endloop
  endfacet
  facet normal -0.220555 0.975375 0
    outer loop
      vertex 19.0911 34.5362 34
      vertex 20.7004 34.9001 0
      vertex 19.0911 34.5362 0
    endloop
  endfacet
  facet normal -0.285177 0.958475 0
    outer loop
      vertex 19.0911 34.5362 0
      vertex 17.5232 34.0697 34
      vertex 19.0911 34.5362 34
    endloop
  endfacet
  facet normal -0.285177 0.958475 0
    outer loop
      vertex 17.5232 34.0697 34
      vertex 19.0911 34.5362 0
      vertex 17.5232 34.0697 0
    endloop
  endfacet
  facet normal -0.347734 0.937593 0
    outer loop
      vertex 17.5232 34.0697 0
      vertex 16.0033 33.506 34
      vertex 17.5232 34.0697 34
    endloop
  endfacet
  facet normal -0.347734 0.937593 0
    outer loop
      vertex 16.0033 33.506 34
      vertex 17.5232 34.0697 0
      vertex 16.0033 33.506 0
    endloop
  endfacet
  facet normal -0.407906 0.913024 0
    outer loop
      vertex 16.0033 33.506 0
      vertex 14.5372 32.851 34
      vertex 16.0033 33.506 34
    endloop
  endfacet
  facet normal -0.407906 0.913024 0
    outer loop
      vertex 14.5372 32.851 34
      vertex 16.0033 33.506 0
      vertex 14.5372 32.851 0
    endloop
  endfacet
  facet normal -0.46529 0.885158 0
    outer loop
      vertex 14.5372 32.851 0
      vertex 13.1302 32.1114 34
      vertex 14.5372 32.851 34
    endloop
  endfacet
  facet normal -0.46529 0.885158 0
    outer loop
      vertex 13.1302 32.1114 34
      vertex 14.5372 32.851 0
      vertex 13.1302 32.1114 0
    endloop
  endfacet
  facet normal -0.519529 0.854453 0
    outer loop
      vertex 13.1302 32.1114 0
      vertex 11.787 31.2947 34
      vertex 13.1302 32.1114 34
    endloop
  endfacet
  facet normal -0.519529 0.854453 0
    outer loop
      vertex 11.787 31.2947 34
      vertex 13.1302 32.1114 0
      vertex 11.787 31.2947 0
    endloop
  endfacet
  facet normal -0.570506 0.821294 0
    outer loop
      vertex 11.787 31.2947 0
      vertex 10.5121 30.4091 34
      vertex 11.787 31.2947 34
    endloop
  endfacet
  facet normal -0.570506 0.821294 0
    outer loop
      vertex 10.5121 30.4091 34
      vertex 11.787 31.2947 0
      vertex 10.5121 30.4091 0
    endloop
  endfacet
  facet normal -0.617957 0.786212 0
    outer loop
      vertex 10.5121 30.4091 0
      vertex 9.30878 29.4633 34
      vertex 10.5121 30.4091 34
    endloop
  endfacet
  facet normal -0.617957 0.786212 0
    outer loop
      vertex 9.30878 29.4633 34
      vertex 10.5121 30.4091 0
      vertex 9.30878 29.4633 0
    endloop
  endfacet
  facet normal -0.662 0.749503 0
    outer loop
      vertex 9.30878 29.4633 0
      vertex 8.18011 28.4664 34
      vertex 9.30878 29.4633 34
    endloop
  endfacet
  facet normal -0.662 0.749503 0
    outer loop
      vertex 8.18011 28.4664 34
      vertex 9.30878 29.4633 0
      vertex 8.18011 28.4664 0
    endloop
  endfacet
  facet normal -0.702487 0.711696 0
    outer loop
      vertex 8.18011 28.4664 0
      vertex 7.1283 27.4282 34
      vertex 8.18011 28.4664 34
    endloop
  endfacet
  facet normal -0.702487 0.711696 0
    outer loop
      vertex 7.1283 27.4282 34
      vertex 8.18011 28.4664 0
      vertex 7.1283 27.4282 0
    endloop
  endfacet
  facet normal -0.739517 0.673138 0
    outer loop
      vertex 6.15489 26.3588 0
      vertex 7.1283 27.4282 34
      vertex 7.1283 27.4282 0
    endloop
  endfacet
  facet normal -0.739517 0.673138 0
    outer loop
      vertex 7.1283 27.4282 34
      vertex 6.15489 26.3588 0
      vertex 6.15489 26.3588 34
    endloop
  endfacet
  facet normal -0.773284 0.634059 0
    outer loop
      vertex 5.26081 25.2684 0
      vertex 6.15489 26.3588 34
      vertex 6.15489 26.3588 0
    endloop
  endfacet
  facet normal -0.773284 0.634059 0
    outer loop
      vertex 6.15489 26.3588 34
      vertex 5.26081 25.2684 0
      vertex 5.26081 25.2684 34
    endloop
  endfacet
  facet normal -0.803874 0.5948 0
    outer loop
      vertex 4.44631 24.1676 0
      vertex 5.26081 25.2684 34
      vertex 5.26081 25.2684 0
    endloop
  endfacet
  facet normal -0.803874 0.5948 0
    outer loop
      vertex 5.26081 25.2684 34
      vertex 4.44631 24.1676 0
      vertex 4.44631 24.1676 34
    endloop
  endfacet
  facet normal -0.831485 0.555547 0
    outer loop
      vertex 3.71089 23.0669 0
      vertex 4.44631 24.1676 34
      vertex 4.44631 24.1676 0
    endloop
  endfacet
  facet normal -0.831485 0.555547 0
    outer loop
      vertex 4.44631 24.1676 34
      vertex 3.71089 23.0669 0
      vertex 3.71089 23.0669 34
    endloop
  endfacet
  facet normal -0.856274 0.516522 0
    outer loop
      vertex 3.05338 21.9769 0
      vertex 3.71089 23.0669 34
      vertex 3.71089 23.0669 0
    endloop
  endfacet
  facet normal -0.856274 0.516522 0
    outer loop
      vertex 3.71089 23.0669 34
      vertex 3.05338 21.9769 0
      vertex 3.05338 21.9769 34
    endloop
  endfacet
  facet normal -0.878462 0.477812 0
    outer loop
      vertex 2.47204 20.9081 0
      vertex 3.05338 21.9769 34
      vertex 3.05338 21.9769 0
    endloop
  endfacet
  facet normal -0.878462 0.477812 0
    outer loop
      vertex 3.05338 21.9769 34
      vertex 2.47204 20.9081 0
      vertex 2.47204 20.9081 34
    endloop
  endfacet
  facet normal -0.898225 0.439535 0
    outer loop
      vertex 1.96445 19.8708 0
      vertex 2.47204 20.9081 34
      vertex 2.47204 20.9081 0
    endloop
  endfacet
  facet normal -0.898225 0.439535 0
    outer loop
      vertex 2.47204 20.9081 34
      vertex 1.96445 19.8708 0
      vertex 1.96445 19.8708 34
    endloop
  endfacet
  facet normal -0.91572 0.401817 0
    outer loop
      vertex 1.52745 18.8749 0
      vertex 1.96445 19.8708 34
      vertex 1.96445 19.8708 0
    endloop
  endfacet
  facet normal -0.91572 0.401817 0
    outer loop
      vertex 1.96445 19.8708 34
      vertex 1.52745 18.8749 0
      vertex 1.52745 18.8749 34
    endloop
  endfacet
  facet normal -0.93119 0.364533 0
    outer loop
      vertex 1.15755 17.93 0
      vertex 1.52745 18.8749 34
      vertex 1.52745 18.8749 0
    endloop
  endfacet
  facet normal -0.93119 0.364533 0
    outer loop
      vertex 1.52745 18.8749 34
      vertex 1.15755 17.93 0
      vertex 1.15755 17.93 34
    endloop
  endfacet
  facet normal -0.94471 0.327906 0
    outer loop
      vertex 0.850439 17.0452 0
      vertex 1.15755 17.93 34
      vertex 1.15755 17.93 0
    endloop
  endfacet
  facet normal -0.94471 0.327906 0
    outer loop
      vertex 1.15755 17.93 34
      vertex 0.850439 17.0452 0
      vertex 0.850439 17.0452 34
    endloop
  endfacet
  facet normal -0.956489 0.291768 0
    outer loop
      vertex 0.601434 16.2289 0
      vertex 0.850439 17.0452 34
      vertex 0.850439 17.0452 0
    endloop
  endfacet
  facet normal -0.956489 0.291768 0
    outer loop
      vertex 0.850439 17.0452 34
      vertex 0.601434 16.2289 0
      vertex 0.601434 16.2289 34
    endloop
  endfacet
  facet normal -0.96663 0.256177 0
    outer loop
      vertex 0.405398 15.4892 0
      vertex 0.601434 16.2289 34
      vertex 0.601434 16.2289 0
    endloop
  endfacet
  facet normal -0.96663 0.256177 0
    outer loop
      vertex 0.601434 16.2289 34
      vertex 0.405398 15.4892 0
      vertex 0.405398 15.4892 34
    endloop
  endfacet
  facet normal -0.97526 0.221062 0
    outer loop
      vertex 0.256657 14.833 0
      vertex 0.405398 15.4892 34
      vertex 0.405398 15.4892 0
    endloop
  endfacet
  facet normal -0.97526 0.221062 0
    outer loop
      vertex 0.405398 15.4892 34
      vertex 0.256657 14.833 0
      vertex 0.256657 14.833 34
    endloop
  endfacet
  facet normal -0.98247 0.18642 0
    outer loop
      vertex 0.149185 14.2666 0
      vertex 0.256657 14.833 34
      vertex 0.256657 14.833 0
    endloop
  endfacet
  facet normal -0.98247 0.18642 0
    outer loop
      vertex 0.256657 14.833 34
      vertex 0.149185 14.2666 0
      vertex 0.149185 14.2666 34
    endloop
  endfacet
  facet normal -0.988349 0.152207 0
    outer loop
      vertex 0.0766659 13.7957 0
      vertex 0.149185 14.2666 34
      vertex 0.149185 14.2666 0
    endloop
  endfacet
  facet normal -0.988349 0.152207 0
    outer loop
      vertex 0.149185 14.2666 34
      vertex 0.0766659 13.7957 0
      vertex 0.0766659 13.7957 34
    endloop
  endfacet
  facet normal -0.992975 0.118323 0
    outer loop
      vertex 0.0324335 13.4245 0
      vertex 0.0766659 13.7957 34
      vertex 0.0766659 13.7957 0
    endloop
  endfacet
  facet normal -0.992975 0.118323 0
    outer loop
      vertex 0.0766659 13.7957 34
      vertex 0.0324335 13.4245 0
      vertex 0.0324335 13.4245 34
    endloop
  endfacet
  facet normal -0.996388 0.0849205 0
    outer loop
      vertex 0.00962639 13.1569 0
      vertex 0.0324335 13.4245 34
      vertex 0.0324335 13.4245 0
    endloop
  endfacet
  facet normal -0.996388 0.0849205 0
    outer loop
      vertex 0.0324335 13.4245 34
      vertex 0.00962639 13.1569 0
      vertex 0.00962639 13.1569 34
    endloop
  endfacet
  facet normal -0.99864 0.0521364 0
    outer loop
      vertex 0.00118446 12.9952 0
      vertex 0.00962639 13.1569 34
      vertex 0.00962639 13.1569 0
    endloop
  endfacet
  facet normal -0.99864 0.0521364 0
    outer loop
      vertex 0.00962639 13.1569 34
      vertex 0.00118446 12.9952 0
      vertex 0.00118446 12.9952 34
    endloop
  endfacet
  facet normal -0.99976 0.0219292 0
    outer loop
      vertex 0 12.9412 0
      vertex 0.00118446 12.9952 34
      vertex 0.00118446 12.9952 0
    endloop
  endfacet
  facet normal -0.99976 0.0219292 0
    outer loop
      vertex 0.00118446 12.9952 34
      vertex 0 12.9412 0
      vertex 0 12.9412 34
    endloop
  endfacet
  facet normal 0.99976 0.0219292 0
    outer loop
      vertex 0 12.9412 34
      vertex -0.00118446 12.9952 0
      vertex -0.00118446 12.9952 34
    endloop
  endfacet
  facet normal 0.99976 0.0219292 0
    outer loop
      vertex -0.00118446 12.9952 0
      vertex 0 12.9412 34
      vertex 0 12.9412 0
    endloop
  endfacet
  facet normal 0.99864 0.0521364 0
    outer loop
      vertex -0.00118446 12.9952 34
      vertex -0.00962639 13.1569 0
      vertex -0.00962639 13.1569 34
    endloop
  endfacet
  facet normal 0.99864 0.0521364 0
    outer loop
      vertex -0.00962639 13.1569 0
      vertex -0.00118446 12.9952 34
      vertex -0.00118446 12.9952 0
    endloop
  endfacet
  facet normal 0.996388 0.0849205 0
    outer loop
      vertex -0.00962639 13.1569 34
      vertex -0.0324335 13.4245 0
      vertex -0.0324335 13.4245 34
    endloop
  endfacet
  facet normal 0.996388 0.0849205 0
    outer loop
      vertex -0.0324335 13.4245 0
      vertex -0.00962639 13.1569 34
      vertex -0.00962639 13.1569 0
    endloop
  endfacet
  facet normal 0.992975 0.118323 0
    outer loop
      vertex -0.0324335 13.4245 34
      vertex -0.0766659 13.7957 0
      vertex -0.0766659 13.7957 34
    endloop
  endfacet
  facet normal 0.992975 0.118323 0
    outer loop
      vertex -0.0766659 13.7957 0
      vertex -0.0324335 13.4245 34
      vertex -0.0324335 13.4245 0
    endloop
  endfacet
  facet normal 0.988349 0.152207 0
    outer loop
      vertex -0.0766659 13.7957 34
      vertex -0.149185 14.2666 0
      vertex -0.149185 14.2666 34
    endloop
  endfacet
  facet normal 0.988349 0.152207 0
    outer loop
      vertex -0.149185 14.2666 0
      vertex -0.0766659 13.7957 34
      vertex -0.0766659 13.7957 0
    endloop
  endfacet
  facet normal 0.98247 0.18642 0
    outer loop
      vertex -0.149185 14.2666 34
      vertex -0.256657 14.833 0
      vertex -0.256657 14.833 34
    endloop
  endfacet
  facet normal 0.98247 0.18642 0
    outer loop
      vertex -0.256657 14.833 0
      vertex -0.149185 14.2666 34
      vertex -0.149185 14.2666 0
    endloop
  endfacet
  facet normal 0.97526 0.221062 0
    outer loop
      vertex -0.256657 14.833 34
      vertex -0.405398 15.4892 0
      vertex -0.405398 15.4892 34
    endloop
  endfacet
  facet normal 0.97526 0.221062 0
    outer loop
      vertex -0.405398 15.4892 0
      vertex -0.256657 14.833 34
      vertex -0.256657 14.833 0
    endloop
  endfacet
  facet normal 0.96663 0.256177 0
    outer loop
      vertex -0.405398 15.4892 34
      vertex -0.601434 16.2289 0
      vertex -0.601434 16.2289 34
    endloop
  endfacet
  facet normal 0.96663 0.256177 0
    outer loop
      vertex -0.601434 16.2289 0
      vertex -0.405398 15.4892 34
      vertex -0.405398 15.4892 0
    endloop
  endfacet
  facet normal 0.956489 0.291768 0
    outer loop
      vertex -0.601434 16.2289 34
      vertex -0.850439 17.0452 0
      vertex -0.850439 17.0452 34
    endloop
  endfacet
  facet normal 0.956489 0.291768 0
    outer loop
      vertex -0.850439 17.0452 0
      vertex -0.601434 16.2289 34
      vertex -0.601434 16.2289 0
    endloop
  endfacet
  facet normal 0.94471 0.327906 0
    outer loop
      vertex -0.850439 17.0452 34
      vertex -1.15755 17.93 0
      vertex -1.15755 17.93 34
    endloop
  endfacet
  facet normal 0.94471 0.327906 0
    outer loop
      vertex -1.15755 17.93 0
      vertex -0.850439 17.0452 34
      vertex -0.850439 17.0452 0
    endloop
  endfacet
  facet normal 0.93119 0.364533 0
    outer loop
      vertex -1.15755 17.93 34
      vertex -1.52745 18.8749 0
      vertex -1.52745 18.8749 34
    endloop
  endfacet
  facet normal 0.93119 0.364533 0
    outer loop
      vertex -1.52745 18.8749 0
      vertex -1.15755 17.93 34
      vertex -1.15755 17.93 0
    endloop
  endfacet
  facet normal 0.91572 0.401817 0
    outer loop
      vertex -1.52745 18.8749 34
      vertex -1.96445 19.8708 0
      vertex -1.96445 19.8708 34
    endloop
  endfacet
  facet normal 0.91572 0.401817 0
    outer loop
      vertex -1.96445 19.8708 0
      vertex -1.52745 18.8749 34
      vertex -1.52745 18.8749 0
    endloop
  endfacet
  facet normal 0.898225 0.439535 0
    outer loop
      vertex -1.96445 19.8708 34
      vertex -2.47204 20.9081 0
      vertex -2.47204 20.9081 34
    endloop
  endfacet
  facet normal 0.898225 0.439535 0
    outer loop
      vertex -2.47204 20.9081 0
      vertex -1.96445 19.8708 34
      vertex -1.96445 19.8708 0
    endloop
  endfacet
  facet normal 0.878462 0.477812 0
    outer loop
      vertex -2.47204 20.9081 34
      vertex -3.05338 21.9769 0
      vertex -3.05338 21.9769 34
    endloop
  endfacet
  facet normal 0.878462 0.477812 0
    outer loop
      vertex -3.05338 21.9769 0
      vertex -2.47204 20.9081 34
      vertex -2.47204 20.9081 0
    endloop
  endfacet
  facet normal 0.856274 0.516522 0
    outer loop
      vertex -3.05338 21.9769 34
      vertex -3.71089 23.0669 0
      vertex -3.71089 23.0669 34
    endloop
  endfacet
  facet normal 0.856274 0.516522 0
    outer loop
      vertex -3.71089 23.0669 0
      vertex -3.05338 21.9769 34
      vertex -3.05338 21.9769 0
    endloop
  endfacet
  facet normal 0.831485 0.555547 0
    outer loop
      vertex -3.71089 23.0669 34
      vertex -4.44631 24.1676 0
      vertex -4.44631 24.1676 34
    endloop
  endfacet
  facet normal 0.831485 0.555547 0
    outer loop
      vertex -4.44631 24.1676 0
      vertex -3.71089 23.0669 34
      vertex -3.71089 23.0669 0
    endloop
  endfacet
  facet normal 0.803874 0.5948 0
    outer loop
      vertex -4.44631 24.1676 34
      vertex -5.26081 25.2684 0
      vertex -5.26081 25.2684 34
    endloop
  endfacet
  facet normal 0.803874 0.5948 0
    outer loop
      vertex -5.26081 25.2684 0
      vertex -4.44631 24.1676 34
      vertex -4.44631 24.1676 0
    endloop
  endfacet
  facet normal 0.773284 0.634059 0
    outer loop
      vertex -5.26081 25.2684 34
      vertex -6.15489 26.3588 0
      vertex -6.15489 26.3588 34
    endloop
  endfacet
  facet normal 0.773284 0.634059 0
    outer loop
      vertex -6.15489 26.3588 0
      vertex -5.26081 25.2684 34
      vertex -5.26081 25.2684 0
    endloop
  endfacet
  facet normal 0.739517 0.673138 0
    outer loop
      vertex -6.15489 26.3588 34
      vertex -7.1283 27.4282 0
      vertex -7.1283 27.4282 34
    endloop
  endfacet
  facet normal 0.739517 0.673138 0
    outer loop
      vertex -7.1283 27.4282 0
      vertex -6.15489 26.3588 34
      vertex -6.15489 26.3588 0
    endloop
  endfacet
  facet normal 0.702487 0.711696 -0
    outer loop
      vertex -7.1283 27.4282 0
      vertex -8.18011 28.4664 34
      vertex -7.1283 27.4282 34
    endloop
  endfacet
  facet normal 0.702487 0.711696 0
    outer loop
      vertex -8.18011 28.4664 34
      vertex -7.1283 27.4282 0
      vertex -8.18011 28.4664 0
    endloop
  endfacet
  facet normal 0.662 0.749503 -0
    outer loop
      vertex -8.18011 28.4664 0
      vertex -9.30878 29.4633 34
      vertex -8.18011 28.4664 34
    endloop
  endfacet
  facet normal 0.662 0.749503 0
    outer loop
      vertex -9.30878 29.4633 34
      vertex -8.18011 28.4664 0
      vertex -9.30878 29.4633 0
    endloop
  endfacet
  facet normal 0.617957 0.786212 -0
    outer loop
      vertex -9.30878 29.4633 0
      vertex -10.5121 30.4091 34
      vertex -9.30878 29.4633 34
    endloop
  endfacet
  facet normal 0.617957 0.786212 0
    outer loop
      vertex -10.5121 30.4091 34
      vertex -9.30878 29.4633 0
      vertex -10.5121 30.4091 0
    endloop
  endfacet
  facet normal 0.570506 0.821294 -0
    outer loop
      vertex -10.5121 30.4091 0
      vertex -11.787 31.2947 34
      vertex -10.5121 30.4091 34
    endloop
  endfacet
  facet normal 0.570506 0.821294 0
    outer loop
      vertex -11.787 31.2947 34
      vertex -10.5121 30.4091 0
      vertex -11.787 31.2947 0
    endloop
  endfacet
  facet normal 0.519529 0.854453 -0
    outer loop
      vertex -11.787 31.2947 0
      vertex -13.1302 32.1114 34
      vertex -11.787 31.2947 34
    endloop
  endfacet
  facet normal 0.519529 0.854453 0
    outer loop
      vertex -13.1302 32.1114 34
      vertex -11.787 31.2947 0
      vertex -13.1302 32.1114 0
    endloop
  endfacet
  facet normal 0.46529 0.885158 -0
    outer loop
      vertex -13.1302 32.1114 0
      vertex -14.5372 32.851 34
      vertex -13.1302 32.1114 34
    endloop
  endfacet
  facet normal 0.46529 0.885158 0
    outer loop
      vertex -14.5372 32.851 34
      vertex -13.1302 32.1114 0
      vertex -14.5372 32.851 0
    endloop
  endfacet
  facet normal 0.407906 0.913024 -0
    outer loop
      vertex -14.5372 32.851 0
      vertex -16.0033 33.506 34
      vertex -14.5372 32.851 34
    endloop
  endfacet
  facet normal 0.407906 0.913024 0
    outer loop
      vertex -16.0033 33.506 34
      vertex -14.5372 32.851 0
      vertex -16.0033 33.506 0
    endloop
  endfacet
  facet normal 0.347734 0.937593 -0
    outer loop
      vertex -16.0033 33.506 0
      vertex -17.5232 34.0697 34
      vertex -16.0033 33.506 34
    endloop
  endfacet
  facet normal 0.347734 0.937593 0
    outer loop
      vertex -17.5232 34.0697 34
      vertex -16.0033 33.506 0
      vertex -17.5232 34.0697 0
    endloop
  endfacet
  facet normal 0.285177 0.958475 -0
    outer loop
      vertex -17.5232 34.0697 0
      vertex -19.0911 34.5362 34
      vertex -17.5232 34.0697 34
    endloop
  endfacet
  facet normal 0.285177 0.958475 0
    outer loop
      vertex -19.0911 34.5362 34
      vertex -17.5232 34.0697 0
      vertex -19.0911 34.5362 0
    endloop
  endfacet
  facet normal 0.220555 0.975375 -0
    outer loop
      vertex -19.0911 34.5362 0
      vertex -20.7004 34.9001 34
      vertex -19.0911 34.5362 34
    endloop
  endfacet
  facet normal 0.220555 0.975375 0
    outer loop
      vertex -20.7004 34.9001 34
      vertex -19.0911 34.5362 0
      vertex -20.7004 34.9001 0
    endloop
  endfacet
  facet normal 0.154518 0.98799 -0
    outer loop
      vertex -20.7004 34.9001 0
      vertex -22.3443 35.1572 34
      vertex -20.7004 34.9001 34
    endloop
  endfacet
  facet normal 0.154518 0.98799 0
    outer loop
      vertex -22.3443 35.1572 34
      vertex -20.7004 34.9001 0
      vertex -22.3443 35.1572 0
    endloop
  endfacet
  facet normal 0.0873754 0.996175 -0
    outer loop
      vertex -22.3443 35.1572 0
      vertex -24.0157 35.3038 34
      vertex -22.3443 35.1572 34
    endloop
  endfacet
  facet normal 0.0873754 0.996175 0
    outer loop
      vertex -24.0157 35.3038 34
      vertex -22.3443 35.1572 0
      vertex -24.0157 35.3038 0
    endloop
  endfacet
  facet normal 0.0199239 0.999801 -0
    outer loop
      vertex -24.0157 35.3038 0
      vertex -25.7068 35.3375 34
      vertex -24.0157 35.3038 34
    endloop
  endfacet
  facet normal 0.0199239 0.999801 0
    outer loop
      vertex -25.7068 35.3375 34
      vertex -24.0157 35.3038 0
      vertex -25.7068 35.3375 0
    endloop
  endfacet
  facet normal -0.0476265 0.998865 0
    outer loop
      vertex -25.7068 35.3375 0
      vertex -27.4098 35.2563 34
      vertex -25.7068 35.3375 34
    endloop
  endfacet
  facet normal -0.0476265 0.998865 0
    outer loop
      vertex -27.4098 35.2563 34
      vertex -25.7068 35.3375 0
      vertex -27.4098 35.2563 0
    endloop
  endfacet
  facet normal -0.114545 0.993418 0
    outer loop
      vertex -27.4098 35.2563 0
      vertex -29.1166 35.0595 34
      vertex -27.4098 35.2563 34
    endloop
  endfacet
  facet normal -0.114545 0.993418 0
    outer loop
      vertex -29.1166 35.0595 34
      vertex -27.4098 35.2563 0
      vertex -29.1166 35.0595 0
    endloop
  endfacet
  facet normal -0.180746 0.98353 0
    outer loop
      vertex -29.1166 35.0595 0
      vertex -30.8187 34.7467 34
      vertex -29.1166 35.0595 34
    endloop
  endfacet
  facet normal -0.180746 0.98353 0
    outer loop
      vertex -30.8187 34.7467 34
      vertex -29.1166 35.0595 0
      vertex -30.8187 34.7467 0
    endloop
  endfacet
  facet normal -0.245479 0.969402 0
    outer loop
      vertex -30.8187 34.7467 0
      vertex -32.5077 34.319 34
      vertex -30.8187 34.7467 34
    endloop
  endfacet
  facet normal -0.245479 0.969402 0
    outer loop
      vertex -32.5077 34.319 34
      vertex -30.8187 34.7467 0
      vertex -32.5077 34.319 0
    endloop
  endfacet
  facet normal -0.308842 0.951113 0
    outer loop
      vertex -32.5077 34.319 0
      vertex -34.175 33.7776 34
      vertex -32.5077 34.319 34
    endloop
  endfacet
  facet normal -0.308842 0.951113 0
    outer loop
      vertex -34.175 33.7776 34
      vertex -32.5077 34.319 0
      vertex -34.175 33.7776 0
    endloop
  endfacet
  facet normal -0.370314 0.928907 0
    outer loop
      vertex -34.175 33.7776 0
      vertex -35.812 33.125 34
      vertex -34.175 33.7776 34
    endloop
  endfacet
  facet normal -0.370314 0.928907 0
    outer loop
      vertex -35.812 33.125 34
      vertex -34.175 33.7776 0
      vertex -35.812 33.125 0
    endloop
  endfacet
  facet normal -0.42982 0.902915 0
    outer loop
      vertex -35.812 33.125 0
      vertex -37.4102 32.3642 34
      vertex -35.812 33.125 34
    endloop
  endfacet
  facet normal -0.42982 0.902915 0
    outer loop
      vertex -37.4102 32.3642 34
      vertex -35.812 33.125 0
      vertex -37.4102 32.3642 0
    endloop
  endfacet
  facet normal -0.487272 0.87325 0
    outer loop
      vertex -37.4102 32.3642 0
      vertex -38.9611 31.4988 34
      vertex -37.4102 32.3642 34
    endloop
  endfacet
  facet normal -0.487272 0.87325 0
    outer loop
      vertex -38.9611 31.4988 34
      vertex -37.4102 32.3642 0
      vertex -38.9611 31.4988 0
    endloop
  endfacet
  facet normal -0.542559 0.840018 0
    outer loop
      vertex -38.9611 31.4988 0
      vertex -40.4564 30.533 34
      vertex -38.9611 31.4988 34
    endloop
  endfacet
  facet normal -0.542559 0.840018 0
    outer loop
      vertex -40.4564 30.533 34
      vertex -38.9611 31.4988 0
      vertex -40.4564 30.533 0
    endloop
  endfacet
  facet normal -0.595484 0.803367 0
    outer loop
      vertex -40.4564 30.533 0
      vertex -41.8882 29.4717 34
      vertex -40.4564 30.533 34
    endloop
  endfacet
  facet normal -0.595484 0.803367 0
    outer loop
      vertex -41.8882 29.4717 34
      vertex -40.4564 30.533 0
      vertex -41.8882 29.4717 0
    endloop
  endfacet
  facet normal -0.646164 0.763199 0
    outer loop
      vertex -41.8882 29.4717 0
      vertex -43.2485 28.32 34
      vertex -41.8882 29.4717 34
    endloop
  endfacet
  facet normal -0.646164 0.763199 0
    outer loop
      vertex -43.2485 28.32 34
      vertex -41.8882 29.4717 0
      vertex -43.2485 28.32 0
    endloop
  endfacet
  facet normal -0.694301 0.719685 0
    outer loop
      vertex -43.2485 28.32 0
      vertex -44.53 27.0837 34
      vertex -43.2485 28.32 34
    endloop
  endfacet
  facet normal -0.694301 0.719685 0
    outer loop
      vertex -44.53 27.0837 34
      vertex -43.2485 28.32 0
      vertex -44.53 27.0837 0
    endloop
  endfacet
  facet normal -0.739927 0.672687 0
    outer loop
      vertex -45.7255 25.7687 0
      vertex -44.53 27.0837 34
      vertex -44.53 27.0837 0
    endloop
  endfacet
  facet normal -0.739927 0.672687 0
    outer loop
      vertex -44.53 27.0837 34
      vertex -45.7255 25.7687 0
      vertex -45.7255 25.7687 34
    endloop
  endfacet
  facet normal -0.782742 0.622346 0
    outer loop
      vertex -46.8286 24.3813 0
      vertex -45.7255 25.7687 34
      vertex -45.7255 25.7687 0
    endloop
  endfacet
  facet normal -0.782742 0.622346 0
    outer loop
      vertex -45.7255 25.7687 34
      vertex -46.8286 24.3813 0
      vertex -46.8286 24.3813 34
    endloop
  endfacet
  facet normal -0.822703 0.568471 0
    outer loop
      vertex -47.8328 22.928 0
      vertex -46.8286 24.3813 34
      vertex -46.8286 24.3813 0
    endloop
  endfacet
  facet normal -0.822703 0.568471 0
    outer loop
      vertex -46.8286 24.3813 34
      vertex -47.8328 22.928 0
      vertex -47.8328 22.928 34
    endloop
  endfacet
  facet normal -0.859412 0.511284 0
    outer loop
      vertex -48.7328 21.4152 0
      vertex -47.8328 22.928 34
      vertex -47.8328 22.928 0
    endloop
  endfacet
  facet normal -0.859412 0.511284 0
    outer loop
      vertex -47.8328 22.928 34
      vertex -48.7328 21.4152 0
      vertex -48.7328 21.4152 34
    endloop
  endfacet
  facet normal -0.892641 0.450768 0
    outer loop
      vertex -49.5234 19.8496 0
      vertex -48.7328 21.4152 34
      vertex -48.7328 21.4152 0
    endloop
  endfacet
  facet normal -0.892641 0.450768 0
    outer loop
      vertex -48.7328 21.4152 34
      vertex -49.5234 19.8496 0
      vertex -49.5234 19.8496 34
    endloop
  endfacet
  facet normal -0.922055 0.387059 0
    outer loop
      vertex -50.2 18.2378 0
      vertex -49.5234 19.8496 34
      vertex -49.5234 19.8496 0
    endloop
  endfacet
  facet normal -0.922055 0.387059 0
    outer loop
      vertex -49.5234 19.8496 34
      vertex -50.2 18.2378 0
      vertex -50.2 18.2378 34
    endloop
  endfacet
  facet normal -0.947217 0.320595 0
    outer loop
      vertex -50.759 16.5862 0
      vertex -50.2 18.2378 34
      vertex -50.2 18.2378 0
    endloop
  endfacet
  facet normal -0.947217 0.320595 0
    outer loop
      vertex -50.2 18.2378 34
      vertex -50.759 16.5862 0
      vertex -50.759 16.5862 34
    endloop
  endfacet
  facet normal -0.967823 0.251634 0
    outer loop
      vertex -51.1971 14.9012 0
      vertex -50.759 16.5862 34
      vertex -50.759 16.5862 0
    endloop
  endfacet
  facet normal -0.967823 0.251634 0
    outer loop
      vertex -50.759 16.5862 34
      vertex -51.1971 14.9012 0
      vertex -51.1971 14.9012 34
    endloop
  endfacet
  facet normal -0.983527 0.18076 0
    outer loop
      vertex -51.5118 13.1889 0
      vertex -51.1971 14.9012 34
      vertex -51.1971 14.9012 0
    endloop
  endfacet
  facet normal -0.983527 0.18076 0
    outer loop
      vertex -51.1971 14.9012 34
      vertex -51.5118 13.1889 0
      vertex -51.5118 13.1889 34
    endloop
  endfacet
  facet normal -0.994072 0.10872 0
    outer loop
      vertex -51.7014 11.4553 0
      vertex -51.5118 13.1889 34
      vertex -51.5118 13.1889 0
    endloop
  endfacet
  facet normal -0.994072 0.10872 0
    outer loop
      vertex -51.5118 13.1889 34
      vertex -51.7014 11.4553 0
      vertex -51.7014 11.4553 34
    endloop
  endfacet
  facet normal -0.999346 0.0361598 0
    outer loop
      vertex -51.7647 9.70588 0
      vertex -51.7014 11.4553 34
      vertex -51.7014 11.4553 0
    endloop
  endfacet
  facet normal -0.999346 0.0361598 0
    outer loop
      vertex -51.7014 11.4553 34
      vertex -51.7647 9.70588 0
      vertex -51.7647 9.70588 34
    endloop
  endfacet
  facet normal -0.999354 -0.0359412 0
    outer loop
      vertex -51.7014 7.94581 0
      vertex -51.7647 9.70588 34
      vertex -51.7647 9.70588 0
    endloop
  endfacet
  facet normal -0.999354 -0.0359412 0
    outer loop
      vertex -51.7647 9.70588 34
      vertex -51.7014 7.94581 0
      vertex -51.7014 7.94581 34
    endloop
  endfacet
  facet normal -0.994285 -0.10676 0
    outer loop
      vertex -51.5118 6.18002 0
      vertex -51.7014 7.94581 34
      vertex -51.7014 7.94581 0
    endloop
  endfacet
  facet normal -0.994285 -0.10676 0
    outer loop
      vertex -51.7014 7.94581 34
      vertex -51.5118 6.18002 0
      vertex -51.5118 6.18002 34
    endloop
  endfacet
  facet normal -0.984509 -0.175332 0
    outer loop
      vertex -51.1971 4.41294 0
      vertex -51.5118 6.18002 34
      vertex -51.5118 6.18002 0
    endloop
  endfacet
  facet normal -0.984509 -0.175332 0
    outer loop
      vertex -51.5118 6.18002 34
      vertex -51.1971 4.41294 0
      vertex -51.1971 4.41294 34
    endloop
  endfacet
  facet normal -0.970527 -0.240992 0
    outer loop
      vertex -50.759 2.64862 0
      vertex -51.1971 4.41294 34
      vertex -51.1971 4.41294 0
    endloop
  endfacet
  facet normal -0.970527 -0.240992 0
    outer loop
      vertex -51.1971 4.41294 34
      vertex -50.759 2.64862 0
      vertex -50.759 2.64862 34
    endloop
  endfacet
  facet normal -0.952983 -0.303025 0
    outer loop
      vertex -50.2 0.890624 0
      vertex -50.759 2.64862 34
      vertex -50.759 2.64862 0
    endloop
  endfacet
  facet normal -0.952983 -0.303025 0
    outer loop
      vertex -50.759 2.64862 34
      vertex -50.2 0.890624 0
      vertex -50.2 0.890624 34
    endloop
  endfacet
  facet normal -0.932616 -0.360871 0
    outer loop
      vertex -49.5234 -0.857943 0
      vertex -50.2 0.890624 34
      vertex -50.2 0.890624 0
    endloop
  endfacet
  facet normal -0.932616 -0.360871 0
    outer loop
      vertex -50.2 0.890624 34
      vertex -49.5234 -0.857943 0
      vertex -49.5234 -0.857943 34
    endloop
  endfacet
  facet normal -0.910107 -0.414374 0
    outer loop
      vertex -48.7328 -2.59437 0
      vertex -49.5234 -0.857943 34
      vertex -49.5234 -0.857943 0
    endloop
  endfacet
  facet normal -0.910107 -0.414374 0
    outer loop
      vertex -49.5234 -0.857943 34
      vertex -48.7328 -2.59437 0
      vertex -48.7328 -2.59437 34
    endloop
  endfacet
  facet normal -0.88625 -0.463208 0
    outer loop
      vertex -47.8328 -4.31633 0
      vertex -48.7328 -2.59437 34
      vertex -48.7328 -2.59437 0
    endloop
  endfacet
  facet normal -0.88625 -0.463208 0
    outer loop
      vertex -48.7328 -2.59437 34
      vertex -47.8328 -4.31633 0
      vertex -47.8328 -4.31633 34
    endloop
  endfacet
  facet normal -0.861755 -0.507325 0
    outer loop
      vertex -46.8286 -6.02209 0
      vertex -47.8328 -4.31633 34
      vertex -47.8328 -4.31633 0
    endloop
  endfacet
  facet normal -0.861755 -0.507325 0
    outer loop
      vertex -47.8328 -4.31633 34
      vertex -46.8286 -6.02209 0
      vertex -46.8286 -6.02209 34
    endloop
  endfacet
  facet normal -0.837125 -0.547012 0
    outer loop
      vertex -45.7255 -7.71023 0
      vertex -46.8286 -6.02209 34
      vertex -46.8286 -6.02209 0
    endloop
  endfacet
  facet normal -0.837125 -0.547012 0
    outer loop
      vertex -46.8286 -6.02209 34
      vertex -45.7255 -7.71023 0
      vertex -45.7255 -7.71023 34
    endloop
  endfacet
  facet normal -0.81304 -0.582208 0
    outer loop
      vertex -44.53 -9.37972 0
      vertex -45.7255 -7.71023 34
      vertex -45.7255 -7.71023 0
    endloop
  endfacet
  facet normal -0.81304 -0.582208 0
    outer loop
      vertex -45.7255 -7.71023 34
      vertex -44.53 -9.37972 0
      vertex -44.53 -9.37972 34
    endloop
  endfacet
  facet normal -0.789792 -0.613375 0
    outer loop
      vertex -43.2485 -11.0298 0
      vertex -44.53 -9.37972 34
      vertex -44.53 -9.37972 0
    endloop
  endfacet
  facet normal -0.789792 -0.613375 0
    outer loop
      vertex -44.53 -9.37972 34
      vertex -43.2485 -11.0298 0
      vertex -43.2485 -11.0298 34
    endloop
  endfacet
  facet normal -0.767843 -0.640638 0
    outer loop
      vertex -41.8882 -12.6602 0
      vertex -43.2485 -11.0298 34
      vertex -43.2485 -11.0298 0
    endloop
  endfacet
  facet normal -0.767843 -0.640638 0
    outer loop
      vertex -43.2485 -11.0298 34
      vertex -41.8882 -12.6602 0
      vertex -41.8882 -12.6602 34
    endloop
  endfacet
  facet normal -0.747394 -0.664381 0
    outer loop
      vertex -40.4564 -14.2709 0
      vertex -41.8882 -12.6602 34
      vertex -41.8882 -12.6602 0
    endloop
  endfacet
  facet normal -0.747394 -0.664381 0
    outer loop
      vertex -41.8882 -12.6602 34
      vertex -40.4564 -14.2709 0
      vertex -40.4564 -14.2709 34
    endloop
  endfacet
  facet normal -0.728683 -0.684852 0
    outer loop
      vertex -38.9611 -15.8619 0
      vertex -40.4564 -14.2709 34
      vertex -40.4564 -14.2709 0
    endloop
  endfacet
  facet normal -0.728683 -0.684852 0
    outer loop
      vertex -40.4564 -14.2709 34
      vertex -38.9611 -15.8619 0
      vertex -38.9611 -15.8619 34
    endloop
  endfacet
  facet normal -0.711801 -0.702381 0
    outer loop
      vertex -37.4102 -17.4336 0
      vertex -38.9611 -15.8619 34
      vertex -38.9611 -15.8619 0
    endloop
  endfacet
  facet normal -0.711801 -0.702381 0
    outer loop
      vertex -38.9611 -15.8619 34
      vertex -37.4102 -17.4336 0
      vertex -37.4102 -17.4336 34
    endloop
  endfacet
  facet normal -0.696916 -0.717153 0
    outer loop
      vertex -37.4102 -17.4336 0
      vertex -35.812 -18.9867 34
      vertex -37.4102 -17.4336 34
    endloop
  endfacet
  facet normal -0.696916 -0.717153 -0
    outer loop
      vertex -35.812 -18.9867 34
      vertex -37.4102 -17.4336 0
      vertex -35.812 -18.9867 0
    endloop
  endfacet
  facet normal -0.683992 -0.72949 0
    outer loop
      vertex -35.812 -18.9867 0
      vertex -34.175 -20.5216 34
      vertex -35.812 -18.9867 34
    endloop
  endfacet
  facet normal -0.683992 -0.72949 -0
    outer loop
      vertex -34.175 -20.5216 34
      vertex -35.812 -18.9867 0
      vertex -34.175 -20.5216 0
    endloop
  endfacet
  facet normal -0.673127 -0.739526 0
    outer loop
      vertex -34.175 -20.5216 0
      vertex -32.5077 -22.0392 34
      vertex -34.175 -20.5216 34
    endloop
  endfacet
  facet normal -0.673127 -0.739526 -0
    outer loop
      vertex -32.5077 -22.0392 34
      vertex -34.175 -20.5216 0
      vertex -32.5077 -22.0392 0
    endloop
  endfacet
  facet normal -0.664257 -0.747505 0
    outer loop
      vertex -32.5077 -22.0392 0
      vertex -30.8187 -23.5401 34
      vertex -32.5077 -22.0392 34
    endloop
  endfacet
  facet normal -0.664257 -0.747505 -0
    outer loop
      vertex -30.8187 -23.5401 34
      vertex -32.5077 -22.0392 0
      vertex -30.8187 -23.5401 0
    endloop
  endfacet
  facet normal -0.657391 -0.753549 0
    outer loop
      vertex -30.8187 -23.5401 0
      vertex -29.1166 -25.025 34
      vertex -30.8187 -23.5401 34
    endloop
  endfacet
  facet normal -0.657391 -0.753549 -0
    outer loop
      vertex -29.1166 -25.025 34
      vertex -30.8187 -23.5401 0
      vertex -29.1166 -25.025 0
    endloop
  endfacet
  facet normal -0.652461 -0.757822 0
    outer loop
      vertex -29.1166 -25.025 0
      vertex -27.4098 -26.4945 34
      vertex -29.1166 -25.025 34
    endloop
  endfacet
  facet normal -0.652461 -0.757822 -0
    outer loop
      vertex -27.4098 -26.4945 34
      vertex -29.1166 -25.025 0
      vertex -27.4098 -26.4945 0
    endloop
  endfacet
  facet normal -0.649474 -0.760384 0
    outer loop
      vertex -27.4098 -26.4945 0
      vertex -25.7068 -27.9491 34
      vertex -27.4098 -26.4945 34
    endloop
  endfacet
  facet normal -0.649474 -0.760384 -0
    outer loop
      vertex -25.7068 -27.9491 34
      vertex -27.4098 -26.4945 0
      vertex -25.7068 -27.9491 0
    endloop
  endfacet
  facet normal -0.648345 -0.761347 0
    outer loop
      vertex -25.7068 -27.9491 0
      vertex -24.0157 -29.3892 34
      vertex -25.7068 -27.9491 34
    endloop
  endfacet
  facet normal -0.648345 -0.761347 -0
    outer loop
      vertex -24.0157 -29.3892 34
      vertex -25.7068 -27.9491 0
      vertex -24.0157 -29.3892 0
    endloop
  endfacet
  facet normal -0.648998 -0.76079 0
    outer loop
      vertex -24.0157 -29.3892 0
      vertex -22.3443 -30.815 34
      vertex -24.0157 -29.3892 34
    endloop
  endfacet
  facet normal -0.648998 -0.76079 -0
    outer loop
      vertex -22.3443 -30.815 34
      vertex -24.0157 -29.3892 0
      vertex -22.3443 -30.815 0
    endloop
  endfacet
  facet normal -0.651388 -0.758745 0
    outer loop
      vertex -22.3443 -30.815 0
      vertex -20.7004 -32.2263 34
      vertex -22.3443 -30.815 34
    endloop
  endfacet
  facet normal -0.651388 -0.758745 -0
    outer loop
      vertex -20.7004 -32.2263 34
      vertex -22.3443 -30.815 0
      vertex -20.7004 -32.2263 0
    endloop
  endfacet
  facet normal -0.655406 -0.755277 0
    outer loop
      vertex -20.7004 -32.2263 0
      vertex -19.0911 -33.6228 34
      vertex -20.7004 -32.2263 34
    endloop
  endfacet
  facet normal -0.655406 -0.755277 -0
    outer loop
      vertex -19.0911 -33.6228 34
      vertex -20.7004 -32.2263 0
      vertex -19.0911 -33.6228 0
    endloop
  endfacet
  facet normal -0.661072 -0.750322 0
    outer loop
      vertex -19.0911 -33.6228 0
      vertex -17.5232 -35.0042 34
      vertex -19.0911 -33.6228 34
    endloop
  endfacet
  facet normal -0.661072 -0.750322 -0
    outer loop
      vertex -17.5232 -35.0042 34
      vertex -19.0911 -33.6228 0
      vertex -17.5232 -35.0042 0
    endloop
  endfacet
  facet normal -0.668232 -0.743953 0
    outer loop
      vertex -17.5232 -35.0042 0
      vertex -16.0033 -36.3694 34
      vertex -17.5232 -35.0042 34
    endloop
  endfacet
  facet normal -0.668232 -0.743953 -0
    outer loop
      vertex -16.0033 -36.3694 34
      vertex -17.5232 -35.0042 0
      vertex -16.0033 -36.3694 0
    endloop
  endfacet
  facet normal -0.676836 -0.736134 0
    outer loop
      vertex -16.0033 -36.3694 0
      vertex -14.5372 -37.7174 34
      vertex -16.0033 -36.3694 34
    endloop
  endfacet
  facet normal -0.676836 -0.736134 -0
    outer loop
      vertex -14.5372 -37.7174 34
      vertex -16.0033 -36.3694 0
      vertex -14.5372 -37.7174 0
    endloop
  endfacet
  facet normal -0.686778 -0.726867 0
    outer loop
      vertex -14.5372 -37.7174 0
      vertex -13.1302 -39.0468 34
      vertex -14.5372 -37.7174 34
    endloop
  endfacet
  facet normal -0.686778 -0.726867 -0
    outer loop
      vertex -13.1302 -39.0468 34
      vertex -14.5372 -37.7174 0
      vertex -13.1302 -39.0468 0
    endloop
  endfacet
  facet normal -0.697931 -0.716165 0
    outer loop
      vertex -13.1302 -39.0468 0
      vertex -11.787 -40.3558 34
      vertex -13.1302 -39.0468 34
    endloop
  endfacet
  facet normal -0.697931 -0.716165 -0
    outer loop
      vertex -11.787 -40.3558 34
      vertex -13.1302 -39.0468 0
      vertex -11.787 -40.3558 0
    endloop
  endfacet
  facet normal -0.710357 -0.703842 0
    outer loop
      vertex -10.5121 -41.6425 0
      vertex -11.787 -40.3558 34
      vertex -11.787 -40.3558 0
    endloop
  endfacet
  facet normal -0.710357 -0.703842 0
    outer loop
      vertex -11.787 -40.3558 34
      vertex -10.5121 -41.6425 0
      vertex -10.5121 -41.6425 34
    endloop
  endfacet
  facet normal -0.72376 -0.690052 0
    outer loop
      vertex -9.30878 -42.9046 0
      vertex -10.5121 -41.6425 34
      vertex -10.5121 -41.6425 0
    endloop
  endfacet
  facet normal -0.72376 -0.690052 0
    outer loop
      vertex -10.5121 -41.6425 34
      vertex -9.30878 -42.9046 0
      vertex -9.30878 -42.9046 34
    endloop
  endfacet
  facet normal -0.738142 -0.674645 0
    outer loop
      vertex -8.18011 -44.1395 0
      vertex -9.30878 -42.9046 34
      vertex -9.30878 -42.9046 0
    endloop
  endfacet
  facet normal -0.738142 -0.674645 0
    outer loop
      vertex -9.30878 -42.9046 34
      vertex -8.18011 -44.1395 0
      vertex -8.18011 -44.1395 34
    endloop
  endfacet
  facet normal -0.753398 -0.657565 0
    outer loop
      vertex -7.1283 -45.3446 0
      vertex -8.18011 -44.1395 34
      vertex -8.18011 -44.1395 0
    endloop
  endfacet
  facet normal -0.753398 -0.657565 0
    outer loop
      vertex -8.18011 -44.1395 34
      vertex -7.1283 -45.3446 0
      vertex -7.1283 -45.3446 34
    endloop
  endfacet
  facet normal -0.769298 -0.63889 0
    outer loop
      vertex -6.15489 -46.5167 0
      vertex -7.1283 -45.3446 34
      vertex -7.1283 -45.3446 0
    endloop
  endfacet
  facet normal -0.769298 -0.63889 0
    outer loop
      vertex -7.1283 -45.3446 34
      vertex -6.15489 -46.5167 0
      vertex -6.15489 -46.5167 34
    endloop
  endfacet
  facet normal -0.785838 -0.618433 0
    outer loop
      vertex -5.26081 -47.6528 0
      vertex -6.15489 -46.5167 34
      vertex -6.15489 -46.5167 0
    endloop
  endfacet
  facet normal -0.785838 -0.618433 0
    outer loop
      vertex -6.15489 -46.5167 34
      vertex -5.26081 -47.6528 0
      vertex -5.26081 -47.6528 34
    endloop
  endfacet
  facet normal -0.802785 -0.596269 0
    outer loop
      vertex -4.44631 -48.7494 0
      vertex -5.26081 -47.6528 34
      vertex -5.26081 -47.6528 0
    endloop
  endfacet
  facet normal -0.802785 -0.596269 0
    outer loop
      vertex -5.26081 -47.6528 34
      vertex -4.44631 -48.7494 0
      vertex -4.44631 -48.7494 34
    endloop
  endfacet
  facet normal -0.820075 -0.572255 0
    outer loop
      vertex -3.71089 -49.8033 0
      vertex -4.44631 -48.7494 34
      vertex -4.44631 -48.7494 0
    endloop
  endfacet
  facet normal -0.820075 -0.572255 0
    outer loop
      vertex -4.44631 -48.7494 34
      vertex -3.71089 -49.8033 0
      vertex -3.71089 -49.8033 34
    endloop
  endfacet
  facet normal -0.837392 -0.546603 0
    outer loop
      vertex -3.05338 -50.8106 0
      vertex -3.71089 -49.8033 34
      vertex -3.71089 -49.8033 0
    endloop
  endfacet
  facet normal -0.837392 -0.546603 0
    outer loop
      vertex -3.71089 -49.8033 34
      vertex -3.05338 -50.8106 0
      vertex -3.05338 -50.8106 34
    endloop
  endfacet
  facet normal -0.854811 -0.518939 0
    outer loop
      vertex -2.47204 -51.7682 0
      vertex -3.05338 -50.8106 34
      vertex -3.05338 -50.8106 0
    endloop
  endfacet
  facet normal -0.854811 -0.518939 0
    outer loop
      vertex -3.05338 -50.8106 34
      vertex -2.47204 -51.7682 0
      vertex -2.47204 -51.7682 34
    endloop
  endfacet
  facet normal -0.871927 -0.489636 0
    outer loop
      vertex -1.96445 -52.6721 0
      vertex -2.47204 -51.7682 34
      vertex -2.47204 -51.7682 0
    endloop
  endfacet
  facet normal -0.871927 -0.489636 0
    outer loop
      vertex -2.47204 -51.7682 34
      vertex -1.96445 -52.6721 0
      vertex -1.96445 -52.6721 34
    endloop
  endfacet
  facet normal -0.88869 -0.458509 0
    outer loop
      vertex -1.52745 -53.5191 0
      vertex -1.96445 -52.6721 34
      vertex -1.96445 -52.6721 0
    endloop
  endfacet
  facet normal -0.88869 -0.458509 0
    outer loop
      vertex -1.96445 -52.6721 34
      vertex -1.52745 -53.5191 0
      vertex -1.52745 -53.5191 34
    endloop
  endfacet
  facet normal -0.904915 -0.425592 0
    outer loop
      vertex -1.15755 -54.3056 0
      vertex -1.52745 -53.5191 34
      vertex -1.52745 -53.5191 0
    endloop
  endfacet
  facet normal -0.904915 -0.425592 0
    outer loop
      vertex -1.52745 -53.5191 34
      vertex -1.15755 -54.3056 0
      vertex -1.15755 -54.3056 34
    endloop
  endfacet
  facet normal -0.920348 -0.391101 0
    outer loop
      vertex -0.850439 -55.0283 0
      vertex -1.15755 -54.3056 34
      vertex -1.15755 -54.3056 0
    endloop
  endfacet
  facet normal -0.920348 -0.391101 0
    outer loop
      vertex -1.15755 -54.3056 34
      vertex -0.850439 -55.0283 0
      vertex -0.850439 -55.0283 34
    endloop
  endfacet
  facet normal -0.934914 -0.354875 0
    outer loop
      vertex -0.601434 -55.6843 0
      vertex -0.850439 -55.0283 34
      vertex -0.850439 -55.0283 0
    endloop
  endfacet
  facet normal -0.934914 -0.354875 0
    outer loop
      vertex -0.850439 -55.0283 34
      vertex -0.601434 -55.6843 0
      vertex -0.601434 -55.6843 34
    endloop
  endfacet
  facet normal -0.948374 -0.317154 0
    outer loop
      vertex -0.405398 -56.2705 0
      vertex -0.601434 -55.6843 34
      vertex -0.601434 -55.6843 0
    endloop
  endfacet
  facet normal -0.948374 -0.317154 0
    outer loop
      vertex -0.601434 -55.6843 34
      vertex -0.405398 -56.2705 0
      vertex -0.405398 -56.2705 34
    endloop
  endfacet
  facet normal -0.960545 -0.278124 0
    outer loop
      vertex -0.256657 -56.7842 0
      vertex -0.405398 -56.2705 34
      vertex -0.405398 -56.2705 0
    endloop
  endfacet
  facet normal -0.960545 -0.278124 0
    outer loop
      vertex -0.405398 -56.2705 34
      vertex -0.256657 -56.7842 0
      vertex -0.256657 -56.7842 34
    endloop
  endfacet
  facet normal -0.971292 -0.237891 0
    outer loop
      vertex -0.149185 -57.223 0
      vertex -0.256657 -56.7842 34
      vertex -0.256657 -56.7842 0
    endloop
  endfacet
  facet normal -0.971292 -0.237891 0
    outer loop
      vertex -0.256657 -56.7842 34
      vertex -0.149185 -57.223 0
      vertex -0.149185 -57.223 34
    endloop
  endfacet
  facet normal -0.980529 -0.196374 0
    outer loop
      vertex -0.0766659 -57.5851 0
      vertex -0.149185 -57.223 34
      vertex -0.149185 -57.223 0
    endloop
  endfacet
  facet normal -0.980529 -0.196374 0
    outer loop
      vertex -0.149185 -57.223 34
      vertex -0.0766659 -57.5851 0
      vertex -0.0766659 -57.5851 34
    endloop
  endfacet
  facet normal -0.988038 -0.154211 0
    outer loop
      vertex -0.0324335 -57.8685 0
      vertex -0.0766659 -57.5851 34
      vertex -0.0766659 -57.5851 0
    endloop
  endfacet
  facet normal -0.988038 -0.154211 0
    outer loop
      vertex -0.0766659 -57.5851 34
      vertex -0.0324335 -57.8685 0
      vertex -0.0324335 -57.8685 34
    endloop
  endfacet
  facet normal -0.993772 -0.111431 0
    outer loop
      vertex -0.00962639 -58.0719 0
      vertex -0.0324335 -57.8685 34
      vertex -0.0324335 -57.8685 0
    endloop
  endfacet
  facet normal -0.993772 -0.111431 0
    outer loop
      vertex -0.0324335 -57.8685 34
      vertex -0.00962639 -58.0719 0
      vertex -0.00962639 -58.0719 34
    endloop
  endfacet
  facet normal -0.997634 -0.0687507 0
    outer loop
      vertex -0.00118446 -58.1944 0
      vertex -0.00962639 -58.0719 34
      vertex -0.00962639 -58.0719 0
    endloop
  endfacet
  facet normal -0.997634 -0.0687507 0
    outer loop
      vertex -0.00962639 -58.0719 34
      vertex -0.00118446 -58.1944 0
      vertex -0.00118446 -58.1944 34
    endloop
  endfacet
  facet normal -0.999581 -0.0289478 0
    outer loop
      vertex 0 -58.2353 0
      vertex -0.00118446 -58.1944 34
      vertex -0.00118446 -58.1944 0
    endloop
  endfacet
  facet normal -0.999581 -0.0289478 0
    outer loop
      vertex -0.00118446 -58.1944 34
      vertex 0 -58.2353 0
      vertex 0 -58.2353 34
    endloop
  endfacet
  facet normal 0.999581 -0.0289478 0
    outer loop
      vertex 0 -58.2353 34
      vertex 0.00118446 -58.1944 0
      vertex 0.00118446 -58.1944 34
    endloop
  endfacet
  facet normal 0.999581 -0.0289478 0
    outer loop
      vertex 0.00118446 -58.1944 0
      vertex 0 -58.2353 34
      vertex 0 -58.2353 0
    endloop
  endfacet
  facet normal 0 0 1
    outer loop
      vertex 48.7073 11.2376 3
      vertex 48.7071 8.15997 3
      vertex 48.7627 9.70564 3
    endloop
  endfacet
  facet normal 0 0 1
    outer loop
      vertex 48.5415 12.7543 3
      vertex 48.7071 8.15997 3
      vertex 48.7073 11.2376 3
    endloop
  endfacet
  facet normal 0 0 1
    outer loop
      vertex 48.5415 12.7543 3
      vertex 48.5401 6.60364 3
      vertex 48.7071 8.15997 3
    endloop
  endfacet
  facet normal 0 0 1
    outer loop
      vertex 48.2662 14.2517 3
      vertex 48.5401 6.60364 3
      vertex 48.5415 12.7543 3
    endloop
  endfacet
  facet normal 0 0 1
    outer loop
      vertex 48.2662 14.2517 3
      vertex 48.2612 5.03825 3
      vertex 48.5401 6.60364 3
    endloop
  endfacet
  facet normal 0 0 1
    outer loop
      vertex 47.8827 15.7267 3
      vertex 48.2612 5.03825 3
      vertex 48.2662 14.2517 3
    endloop
  endfacet
  facet normal 0 0 1
    outer loop
      vertex 47.3926 17.175 3
      vertex 48.2612 5.03825 3
      vertex 47.8827 15.7267 3
    endloop
  endfacet
  facet normal 0 0 1
    outer loop
      vertex 46.798 18.5912 3
      vertex 48.2612 5.03825 3
      vertex 47.3926 17.175 3
    endloop
  endfacet
  facet normal 0 0 1
    outer loop
      vertex 48.2612 5.03825 3
      vertex 46.798 18.5912 3
      vertex 47.8707 3.46544 3
    endloop
  endfacet
  facet normal 0 0 1
    outer loop
      vertex 46.1015 19.9705 3
      vertex 47.8707 3.46544 3
      vertex 46.798 18.5912 3
    endloop
  endfacet
  facet normal 0 0 1
    outer loop
      vertex 45.3068 21.3064 3
      vertex 47.8707 3.46544 3
      vertex 46.1015 19.9705 3
    endloop
  endfacet
  facet normal 0 0 1
    outer loop
      vertex 44.4177 22.593 3
      vertex 47.8707 3.46544 3
      vertex 45.3068 21.3064 3
    endloop
  endfacet
  facet normal 0 0 1
    outer loop
      vertex 47.8707 3.46544 3
      vertex 44.4177 22.593 3
      vertex 47.369 1.88751 3
    endloop
  endfacet
  facet normal 0 0 1
    outer loop
      vertex 43.439 23.824 3
      vertex 47.369 1.88751 3
      vertex 44.4177 22.593 3
    endloop
  endfacet
  facet normal 0 0 1
    outer loop
      vertex 42.3763 24.9929 3
      vertex 47.369 1.88751 3
      vertex 43.439 23.824 3
    endloop
  endfacet
  facet normal 0 0 1
    outer loop
      vertex 41.2357 26.0933 3
      vertex 47.369 1.88751 3
      vertex 42.3763 24.9929 3
    endloop
  endfacet
  facet normal 0 0 1
    outer loop
      vertex 47.369 1.88751 3
      vertex 41.2357 26.0933 3
      vertex 46.7569 0.305923 3
    endloop
  endfacet
  facet normal -0 0 1
    outer loop
      vertex 2.96339 12.4739 3
      vertex 46.7569 0.305923 3
      vertex 41.2357 26.0933 3
    endloop
  endfacet
  facet normal 0 0 1
    outer loop
      vertex 46.7569 0.305923 3
      vertex 2.96339 12.4739 3
      vertex 46.0362 -1.27715 3
    endloop
  endfacet
  facet normal 0 0 1
    outer loop
      vertex 46.0362 -1.27715 3
      vertex 2.96339 12.4739 3
      vertex 45.2092 -2.85957 3
    endloop
  endfacet
  facet normal -0 0 1
    outer loop
      vertex 2.93944 12.3414 3
      vertex 45.2092 -2.85957 3
      vertex 2.96339 12.4739 3
    endloop
  endfacet
  facet normal 0 0 1
    outer loop
      vertex 45.2092 -2.85957 3
      vertex 2.93944 12.3414 3
      vertex 44.2789 -4.4397 3
    endloop
  endfacet
  facet normal 0 0 1
    outer loop
      vertex 44.2789 -4.4397 3
      vertex 2.93944 12.3414 3
      vertex 43.2492 -6.01558 3
    endloop
  endfacet
  facet normal 0 0 1
    outer loop
      vertex 2.96339 12.4739 3
      vertex 41.2357 26.0933 3
      vertex 40.0237 27.1194 3
    endloop
  endfacet
  facet normal -0 0 1
    outer loop
      vertex 2.90958 12.2102 3
      vertex 43.2492 -6.01558 3
      vertex 2.93944 12.3414 3
    endloop
  endfacet
  facet normal 0 0 1
    outer loop
      vertex 2.96339 12.4739 3
      vertex 40.0237 27.1194 3
      vertex 38.7475 28.0654 3
    endloop
  endfacet
  facet normal -0 0 1
    outer loop
      vertex 2.87386 12.0804 3
      vertex 42.1249 -7.58557 3
      vertex 2.90958 12.2102 3
    endloop
  endfacet
  facet normal 0 0 1
    outer loop
      vertex 2.96339 12.4739 3
      vertex 38.7475 28.0654 3
      vertex 37.4148 28.9261 3
    endloop
  endfacet
  facet normal 0 0 1
    outer loop
      vertex 42.1249 -7.58557 3
      vertex 2.87386 12.0804 3
      vertex 40.9113 -9.14828 3
    endloop
  endfacet
  facet normal 0 0 1
    outer loop
      vertex 2.96339 12.4739 3
      vertex 37.4148 28.9261 3
      vertex 36.033 29.6972 3
    endloop
  endfacet
  facet normal -0 0 1
    outer loop
      vertex 2.83234 11.9523 3
      vertex 40.9113 -9.14828 3
      vertex 2.87386 12.0804 3
    endloop
  endfacet
  facet normal 0 0 1
    outer loop
      vertex 2.96339 12.4739 3
      vertex 36.033 29.6972 3
      vertex 34.6104 30.3745 3
    endloop
  endfacet
  facet normal 0 0 1
    outer loop
      vertex 40.9113 -9.14828 3
      vertex 2.83234 11.9523 3
      vertex 39.6146 -10.7023 3
    endloop
  endfacet
  facet normal 0 0 1
    outer loop
      vertex 2.96339 12.4739 3
      vertex 34.6104 30.3745 3
      vertex 33.1553 30.9545 3
    endloop
  endfacet
  facet normal -0 0 1
    outer loop
      vertex 2.73228 11.7024 3
      vertex 39.6146 -10.7023 3
      vertex 2.78511 11.8262 3
    endloop
  endfacet
  facet normal 0 0 1
    outer loop
      vertex 2.96339 12.4739 3
      vertex 33.1553 30.9545 3
      vertex 31.6752 31.4351 3
    endloop
  endfacet
  facet normal 0 0 1
    outer loop
      vertex 39.6146 -10.7023 3
      vertex 2.73228 11.7024 3
      vertex 38.2422 -12.2462 3
    endloop
  endfacet
  facet normal 0 0 1
    outer loop
      vertex 2.96339 12.4739 3
      vertex 31.6752 31.4351 3
      vertex 30.1787 31.8141 3
    endloop
  endfacet
  facet normal -0 0 1
    outer loop
      vertex 2.67397 11.581 3
      vertex 38.2422 -12.2462 3
      vertex 2.73228 11.7024 3
    endloop
  endfacet
  facet normal 0 0 1
    outer loop
      vertex 2.96339 12.4739 3
      vertex 30.1787 31.8141 3
      vertex 28.6731 32.0907 3
    endloop
  endfacet
  facet normal 0 0 1
    outer loop
      vertex 2.96339 12.4739 3
      vertex 28.6731 32.0907 3
      vertex 27.1662 32.2645 3
    endloop
  endfacet
  facet normal 0 0 1
    outer loop
      vertex 38.2422 -12.2462 3
      vertex 2.67397 11.581 3
      vertex 36.7999 -13.7808 3
    endloop
  endfacet
  facet normal 0 0 1
    outer loop
      vertex 2.96339 12.4739 3
      vertex 27.1662 32.2645 3
      vertex 25.6652 32.3361 3
    endloop
  endfacet
  facet normal 0 0 1
    outer loop
      vertex 36.7999 -13.7808 3
      vertex 2.61024 11.4624 3
      vertex 35.297 -15.304 3
    endloop
  endfacet
  facet normal 0 0 1
    outer loop
      vertex 2.96339 12.4739 3
      vertex 25.6652 32.3361 3
      vertex 24.1767 32.3064 3
    endloop
  endfacet
  facet normal -0 0 1
    outer loop
      vertex 2.54128 11.3468 3
      vertex 35.297 -15.304 3
      vertex 2.61024 11.4624 3
    endloop
  endfacet
  facet normal 0 0 1
    outer loop
      vertex 2.96339 12.4739 3
      vertex 24.1767 32.3064 3
      vertex 22.7078 32.1775 3
    endloop
  endfacet
  facet normal -0 0 1
    outer loop
      vertex 2.46719 11.2344 3
      vertex 35.297 -15.304 3
      vertex 2.54128 11.3468 3
    endloop
  endfacet
  facet normal 0 0 1
    outer loop
      vertex 2.96339 12.4739 3
      vertex 22.7078 32.1775 3
      vertex 21.2635 31.9516 3
    endloop
  endfacet
  facet normal 0 0 1
    outer loop
      vertex 35.297 -15.304 3
      vertex 2.46719 11.2344 3
      vertex 33.7401 -16.8169 3
    endloop
  endfacet
  facet normal 0 0 1
    outer loop
      vertex 2.96339 12.4739 3
      vertex 21.2635 31.9516 3
      vertex 19.8505 31.6322 3
    endloop
  endfacet
  facet normal -0 0 1
    outer loop
      vertex 2.30426 11.0201 3
      vertex 33.7401 -16.8169 3
      vertex 2.38814 11.1254 3
    endloop
  endfacet
  facet normal 0 0 1
    outer loop
      vertex 33.7401 -16.8169 3
      vertex 2.30426 11.0201 3
      vertex 32.1391 -18.318 3
    endloop
  endfacet
  facet normal 0 0 1
    outer loop
      vertex 2.96339 12.4739 3
      vertex 19.8505 31.6322 3
      vertex 18.4736 31.2225 3
    endloop
  endfacet
  facet normal 0 0 1
    outer loop
      vertex 2.96339 12.4739 3
      vertex 18.4736 31.2225 3
      vertex 17.138 30.7271 3
    endloop
  endfacet
  facet normal -0 0 1
    outer loop
      vertex 2.21576 10.9187 3
      vertex 32.1391 -18.318 3
      vertex 2.30426 11.0201 3
    endloop
  endfacet
  facet normal 0 0 1
    outer loop
      vertex 32.1391 -18.318 3
      vertex 2.21576 10.9187 3
      vertex 30.5017 -19.8084 3
    endloop
  endfacet
  facet normal 0 0 1
    outer loop
      vertex 2.96339 12.4739 3
      vertex 17.138 30.7271 3
      vertex 15.8482 30.1509 3
    endloop
  endfacet
  facet normal -0 0 1
    outer loop
      vertex 2.12279 10.8213 3
      vertex 30.5017 -19.8084 3
      vertex 2.21576 10.9187 3
    endloop
  endfacet
  facet normal -0 0 1
    outer loop
      vertex 2.02554 10.7282 3
      vertex 30.5017 -19.8084 3
      vertex 2.12279 10.8213 3
    endloop
  endfacet
  facet normal 0 0 1
    outer loop
      vertex 2.96339 12.4739 3
      vertex 15.8482 30.1509 3
      vertex 14.6088 29.4994 3
    endloop
  endfacet
  facet normal 0 0 1
    outer loop
      vertex 30.5017 -19.8084 3
      vertex 2.02554 10.7282 3
      vertex 28.8358 -21.2888 3
    endloop
  endfacet
  facet normal -0 0 1
    outer loop
      vertex 1.92422 10.6396 3
      vertex 28.8358 -21.2888 3
      vertex 2.02554 10.7282 3
    endloop
  endfacet
  facet normal 0 0 1
    outer loop
      vertex 2.96339 12.4739 3
      vertex 14.6088 29.4994 3
      vertex 13.4237 28.7788 3
    endloop
  endfacet
  facet normal -0 0 1
    outer loop
      vertex 1.81902 10.5555 3
      vertex 28.8358 -21.2888 3
      vertex 1.92422 10.6396 3
    endloop
  endfacet
  facet normal 0 0 1
    outer loop
      vertex 28.8358 -21.2888 3
      vertex 1.81902 10.5555 3
      vertex 27.1515 -22.7582 3
    endloop
  endfacet
  facet normal 0 0 1
    outer loop
      vertex 2.96339 12.4739 3
      vertex 13.4237 28.7788 3
      vertex 12.2963 27.9957 3
    endloop
  endfacet
  facet normal 0 0 1
    outer loop
      vertex 2.96339 12.4739 3
      vertex 12.2963 27.9957 3
      vertex 11.2304 27.1579 3
    endloop
  endfacet
  facet normal -0 0 1
    outer loop
      vertex 1.71016 10.4763 3
      vertex 27.1515 -22.7582 3
      vertex 1.81902 10.5555 3
    endloop
  endfacet
  facet normal -0 0 1
    outer loop
      vertex 1.59785 10.4021 3
      vertex 27.1515 -22.7582 3
      vertex 1.71016 10.4763 3
    endloop
  endfacet
  facet normal 0 0 1
    outer loop
      vertex 2.96339 12.4739 3
      vertex 11.2304 27.1579 3
      vertex 10.2283 26.2728 3
    endloop
  endfacet
  facet normal 0 0 1
    outer loop
      vertex 27.1515 -22.7582 3
      vertex 1.59785 10.4021 3
      vertex 25.4563 -24.2177 3
    endloop
  endfacet
  facet normal -0 0 1
    outer loop
      vertex 1.48233 10.333 3
      vertex 25.4563 -24.2177 3
      vertex 1.59785 10.4021 3
    endloop
  endfacet
  facet normal 0 0 1
    outer loop
      vertex 2.96339 12.4739 3
      vertex 10.2283 26.2728 3
      vertex 9.29282 25.3494 3
    endloop
  endfacet
  facet normal 0 0 1
    outer loop
      vertex 2.96339 12.4739 3
      vertex 9.29282 25.3494 3
      vertex 8.42566 24.3967 3
    endloop
  endfacet
  facet normal -0 0 1
    outer loop
      vertex 2.38814 11.1254 3
      vertex 33.7401 -16.8169 3
      vertex 2.46719 11.2344 3
    endloop
  endfacet
  facet normal -0 0 1
    outer loop
      vertex 1.36382 10.2691 3
      vertex 25.4563 -24.2177 3
      vertex 1.48233 10.333 3
    endloop
  endfacet
  facet normal 0 0 1
    outer loop
      vertex 2.96339 12.4739 3
      vertex 8.42566 24.3967 3
      vertex 7.62804 23.424 3
    endloop
  endfacet
  facet normal 0 0 1
    outer loop
      vertex 25.4563 -24.2177 3
      vertex 1.36382 10.2691 3
      vertex 23.7618 -25.665 3
    endloop
  endfacet
  facet normal -0 0 1
    outer loop
      vertex 1.24257 10.2106 3
      vertex 23.7618 -25.665 3
      vertex 1.36382 10.2691 3
    endloop
  endfacet
  facet normal 0 0 1
    outer loop
      vertex 2.96339 12.4739 3
      vertex 7.62804 23.424 3
      vertex 6.90074 22.441 3
    endloop
  endfacet
  facet normal 0 0 1
    outer loop
      vertex 2.96339 12.4739 3
      vertex 6.90074 22.441 3
      vertex 6.24379 21.4578 3
    endloop
  endfacet
  facet normal -0 0 1
    outer loop
      vertex 1.1188 10.1576 3
      vertex 23.7618 -25.665 3
      vertex 1.24257 10.2106 3
    endloop
  endfacet
  facet normal 0 0 1
    outer loop
      vertex 23.7618 -25.665 3
      vertex 1.1188 10.1576 3
      vertex 22.0707 -27.1051 3
    endloop
  endfacet
  facet normal 0 0 1
    outer loop
      vertex 2.96339 12.4739 3
      vertex 6.24379 21.4578 3
      vertex 5.65678 20.4846 3
    endloop
  endfacet
  facet normal 0 0 1
    outer loop
      vertex 2.96339 12.4739 3
      vertex 5.65678 20.4846 3
      vertex 5.13837 19.5316 3
    endloop
  endfacet
  facet normal -0 0 1
    outer loop
      vertex 2.61024 11.4624 3
      vertex 36.7999 -13.7808 3
      vertex 2.67397 11.581 3
    endloop
  endfacet
  facet normal -0 0 1
    outer loop
      vertex 0.992798 10.1102 3
      vertex 22.0707 -27.1051 3
      vertex 1.1188 10.1576 3
    endloop
  endfacet
  facet normal 0 0 1
    outer loop
      vertex 2.98137 12.6073 3
      vertex 5.13837 19.5316 3
      vertex 4.68658 18.6083 3
    endloop
  endfacet
  facet normal 0 0 1
    outer loop
      vertex 2.98137 12.6073 3
      vertex 4.68658 18.6083 3
      vertex 4.2989 17.7248 3
    endloop
  endfacet
  facet normal 0 0 1
    outer loop
      vertex 2.98137 12.6073 3
      vertex 4.2989 17.7248 3
      vertex 3.97243 16.8908 3
    endloop
  endfacet
  facet normal -0 0 1
    outer loop
      vertex 2.78511 11.8262 3
      vertex 39.6146 -10.7023 3
      vertex 2.83234 11.9523 3
    endloop
  endfacet
  facet normal -0 0 1
    outer loop
      vertex 0.864792 10.0685 3
      vertex 22.0707 -27.1051 3
      vertex 0.992798 10.1102 3
    endloop
  endfacet
  facet normal 0 0 1
    outer loop
      vertex 2.98137 12.6073 3
      vertex 3.97243 16.8908 3
      vertex 3.70332 16.1155 3
    endloop
  endfacet
  facet normal 0 0 1
    outer loop
      vertex 2.98137 12.6073 3
      vertex 3.70332 16.1155 3
      vertex 3.48709 15.4067 3
    endloop
  endfacet
  facet normal 0 0 1
    outer loop
      vertex 2.99335 12.7414 3
      vertex 3.48709 15.4067 3
      vertex 3.31914 14.7729 3
    endloop
  endfacet
  facet normal 0 0 1
    outer loop
      vertex 2.99335 12.7414 3
      vertex 3.31914 14.7729 3
      vertex 3.1942 14.2217 3
    endloop
  endfacet
  facet normal 0 0 1
    outer loop
      vertex 2.99335 12.7414 3
      vertex 3.1942 14.2217 3
      vertex 3.10626 13.7583 3
    endloop
  endfacet
  facet normal 0 0 1
    outer loop
      vertex 2.99335 12.7414 3
      vertex 3.10626 13.7583 3
      vertex 3.04951 13.3898 3
    endloop
  endfacet
  facet normal 0 0 1
    outer loop
      vertex 2.99335 12.7414 3
      vertex 3.04951 13.3898 3
      vertex 3.01732 13.1197 3
    endloop
  endfacet
  facet normal 0 0 1
    outer loop
      vertex 2.9993 12.8759 3
      vertex 3.01732 13.1197 3
      vertex 3.00298 12.9513 3
    endloop
  endfacet
  facet normal 0 0 1
    outer loop
      vertex 2.9993 12.8759 3
      vertex 3.00298 12.9513 3
      vertex 2.99948 12.8845 3
    endloop
  endfacet
  facet normal 0 0 1
    outer loop
      vertex 2.99335 12.7414 3
      vertex 3.01732 13.1197 3
      vertex 2.9993 12.8759 3
    endloop
  endfacet
  facet normal 0 0 1
    outer loop
      vertex 3.48709 15.4067 3
      vertex 2.99335 12.7414 3
      vertex 2.98137 12.6073 3
    endloop
  endfacet
  facet normal 0 0 1
    outer loop
      vertex 5.13837 19.5316 3
      vertex 2.98137 12.6073 3
      vertex 2.96339 12.4739 3
    endloop
  endfacet
  facet normal 0 0 1
    outer loop
      vertex 43.2492 -6.01558 3
      vertex 2.90958 12.2102 3
      vertex 42.1249 -7.58557 3
    endloop
  endfacet
  facet normal 0 0 1
    outer loop
      vertex 22.0707 -27.1051 3
      vertex 0.864792 10.0685 3
      vertex 20.3973 -28.5326 3
    endloop
  endfacet
  facet normal -0 0 1
    outer loop
      vertex 0.735031 10.0326 3
      vertex 20.3973 -28.5326 3
      vertex 0.864792 10.0685 3
    endloop
  endfacet
  facet normal -0 0 1
    outer loop
      vertex 0.603806 10.0025 3
      vertex 20.3973 -28.5326 3
      vertex 0.735031 10.0326 3
    endloop
  endfacet
  facet normal 0 0 1
    outer loop
      vertex 20.3973 -28.5326 3
      vertex 0.603806 10.0025 3
      vertex 18.7462 -29.95 3
    endloop
  endfacet
  facet normal -0 0 1
    outer loop
      vertex 0.471359 9.97842 3
      vertex 18.7462 -29.95 3
      vertex 0.603806 10.0025 3
    endloop
  endfacet
  facet normal 0 0 1
    outer loop
      vertex 18.7462 -29.95 3
      vertex 0.471359 9.97842 3
      vertex 18.7341 -29.9605 3
    endloop
  endfacet
  facet normal -0 0 1
    outer loop
      vertex 0.337952 9.96027 3
      vertex 18.7341 -29.9605 3
      vertex 0.471359 9.97842 3
    endloop
  endfacet
  facet normal 0 0 1
    outer loop
      vertex 18.7341 -29.9605 3
      vertex 0.337952 9.96027 3
      vertex 17.1248 -31.3571 3
    endloop
  endfacet
  facet normal -0 0 1
    outer loop
      vertex 0.203873 9.9481 3
      vertex 17.1248 -31.3571 3
      vertex 0.337952 9.96027 3
    endloop
  endfacet
  facet normal 0 0 1
    outer loop
      vertex 17.1248 -31.3571 3
      vertex 0.203873 9.9481 3
      vertex 17.1079 -31.3719 3
    endloop
  endfacet
  facet normal -0 0 1
    outer loop
      vertex 0.069397 9.94197 3
      vertex 17.1079 -31.3719 3
      vertex 0.203873 9.9481 3
    endloop
  endfacet
  facet normal 0 0 1
    outer loop
      vertex 17.1079 -31.3719 3
      vertex 0.069397 9.94197 3
      vertex 15.54 -32.7532 3
    endloop
  endfacet
  facet normal 0 0 1
    outer loop
      vertex -15.54 -32.7532 3
      vertex 15.54 -32.7532 3
      vertex 0.069397 9.94197 3
    endloop
  endfacet
  facet normal 0 0 1
    outer loop
      vertex 15.54 -32.7532 3
      vertex -15.54 -32.7532 3
      vertex 15.5186 -32.7723 3
    endloop
  endfacet
  facet normal 0 -0 1
    outer loop
      vertex -15.5186 -32.7723 3
      vertex 15.5186 -32.7723 3
      vertex -15.54 -32.7532 3
    endloop
  endfacet
  facet normal 0 0 1
    outer loop
      vertex 15.5186 -32.7723 3
      vertex -15.5186 -32.7723 3
      vertex 13.9987 -34.1375 3
    endloop
  endfacet
  facet normal 0 -0 1
    outer loop
      vertex -13.9987 -34.1375 3
      vertex 13.9987 -34.1375 3
      vertex -15.5186 -32.7723 3
    endloop
  endfacet
  facet normal 0 0 1
    outer loop
      vertex 13.9987 -34.1375 3
      vertex -13.9987 -34.1375 3
      vertex 13.9729 -34.1609 3
    endloop
  endfacet
  facet normal 0 0 1
    outer loop
      vertex 13.9729 -34.1609 3
      vertex -13.9729 -34.1609 3
      vertex 12.5067 -35.5089 3
    endloop
  endfacet
  facet normal 0 0 1
    outer loop
      vertex 12.5067 -35.5089 3
      vertex -12.5067 -35.5089 3
      vertex 12.4768 -35.5368 3
    endloop
  endfacet
  facet normal 0 -0 1
    outer loop
      vertex -11.0698 -36.8661 3
      vertex 11.0698 -36.8661 3
      vertex -12.4768 -35.5368 3
    endloop
  endfacet
  facet normal 0 0 1
    outer loop
      vertex 11.0698 -36.8661 3
      vertex -11.0698 -36.8661 3
      vertex 11.0363 -36.8983 3
    endloop
  endfacet
  facet normal 0 0 1
    outer loop
      vertex 11.0363 -36.8983 3
      vertex -11.0363 -36.8983 3
      vertex 9.69316 -38.2073 3
    endloop
  endfacet
  facet normal 0 -0 1
    outer loop
      vertex -8.34082 -39.5723 3
      vertex 8.34082 -39.5723 3
      vertex -8.38103 -39.531 3
    endloop
  endfacet
  facet normal 0 0 1
    outer loop
      vertex 5.96564 -42.1156 3
      vertex -5.96564 -42.1156 3
      vertex 5.91995 -42.1668 3
    endloop
  endfacet
  facet normal 0 0 1
    outer loop
      vertex 4.82036 -43.4279 3
      vertex -4.82036 -43.4279 3
      vertex 3.84694 -44.6001 3
    endloop
  endfacet
  facet normal 0 0 1
    outer loop
      vertex 4.86815 -43.3718 3
      vertex -4.86815 -43.3718 3
      vertex 4.82036 -43.4279 3
    endloop
  endfacet
  facet normal 0 -0 1
    outer loop
      vertex -3.79738 -44.6614 3
      vertex 3.79738 -44.6614 3
      vertex -3.84694 -44.6001 3
    endloop
  endfacet
  facet normal 0 -0 1
    outer loop
      vertex -5.91995 -42.1668 3
      vertex 5.91995 -42.1668 3
      vertex -5.96564 -42.1156 3
    endloop
  endfacet
  facet normal 0 0 1
    outer loop
      vertex 7.13751 -40.8344 3
      vertex -7.13751 -40.8344 3
      vertex 7.09431 -40.8807 3
    endloop
  endfacet
  facet normal 0 -0 1
    outer loop
      vertex -7.09431 -40.8807 3
      vertex 7.09431 -40.8807 3
      vertex -7.13751 -40.8344 3
    endloop
  endfacet
  facet normal 0 0 1
    outer loop
      vertex 8.34082 -39.5723 3
      vertex -8.34082 -39.5723 3
      vertex 7.13751 -40.8344 3
    endloop
  endfacet
  facet normal 0 0 1
    outer loop
      vertex 9.65598 -38.2442 3
      vertex -9.65598 -38.2442 3
      vertex 8.38103 -39.531 3
    endloop
  endfacet
  facet normal 0 -0 1
    outer loop
      vertex -2.90331 -45.7975 3
      vertex 2.90331 -45.7975 3
      vertex -3.79738 -44.6614 3
    endloop
  endfacet
  facet normal 0 0 1
    outer loop
      vertex 2.03792 -46.9607 3
      vertex -2.03792 -46.9607 3
      vertex 1.98611 -47.0326 3
    endloop
  endfacet
  facet normal 0 -0 1
    outer loop
      vertex -9.65598 -38.2442 3
      vertex 9.65598 -38.2442 3
      vertex -9.69316 -38.2073 3
    endloop
  endfacet
  facet normal 0 -0 1
    outer loop
      vertex -9.69316 -38.2073 3
      vertex 9.69316 -38.2073 3
      vertex -11.0363 -36.8983 3
    endloop
  endfacet
  facet normal 0 -0 1
    outer loop
      vertex -12.4768 -35.5368 3
      vertex 12.4768 -35.5368 3
      vertex -12.5067 -35.5089 3
    endloop
  endfacet
  facet normal 0 -0 1
    outer loop
      vertex -12.5067 -35.5089 3
      vertex 12.5067 -35.5089 3
      vertex -13.9729 -34.1609 3
    endloop
  endfacet
  facet normal 0 -0 1
    outer loop
      vertex -1.98611 -47.0326 3
      vertex 1.98611 -47.0326 3
      vertex -2.03792 -46.9607 3
    endloop
  endfacet
  facet normal 0 0 1
    outer loop
      vertex -15.54 -32.7532 3
      vertex 0.069397 9.94197 3
      vertex -0.0652313 9.94186 3
    endloop
  endfacet
  facet normal 0 0 1
    outer loop
      vertex -17.1079 -31.3719 3
      vertex -0.0652313 9.94186 3
      vertex -0.199738 9.94781 3
    endloop
  endfacet
  facet normal 0 0 1
    outer loop
      vertex -17.1248 -31.3571 3
      vertex -0.199738 9.94781 3
      vertex -0.333832 9.95979 3
    endloop
  endfacet
  facet normal 0 0 1
    outer loop
      vertex -18.7341 -29.9605 3
      vertex -0.333832 9.95979 3
      vertex -0.467255 9.97777 3
    endloop
  endfacet
  facet normal 0 0 1
    outer loop
      vertex 0.488998 -49.2537 3
      vertex -0.488998 -49.2537 3
      vertex 0 -50.0591 3
    endloop
  endfacet
  facet normal 0 0 1
    outer loop
      vertex 0.488998 -49.2537 3
      vertex -0.541153 -49.1709 3
      vertex -0.488998 -49.2537 3
    endloop
  endfacet
  facet normal 0 0 1
    outer loop
      vertex -18.7462 -29.95 3
      vertex -0.467255 9.97777 3
      vertex -0.599731 10.0017 3
    endloop
  endfacet
  facet normal 0 0 1
    outer loop
      vertex -20.3901 -28.5387 3
      vertex -0.599731 10.0017 3
      vertex -0.731003 10.0316 3
    endloop
  endfacet
  facet normal 0 0 1
    outer loop
      vertex -20.3901 -28.5387 3
      vertex -0.731003 10.0316 3
      vertex -0.860809 10.0673 3
    endloop
  endfacet
  facet normal 0 0 1
    outer loop
      vertex -22.0686 -27.1068 3
      vertex -0.860809 10.0673 3
      vertex -0.988876 10.1088 3
    endloop
  endfacet
  facet normal 0 0 1
    outer loop
      vertex -22.0686 -27.1068 3
      vertex -0.988876 10.1088 3
      vertex -1.11496 10.1561 3
    endloop
  endfacet
  facet normal 0 0 1
    outer loop
      vertex 0.541153 -49.1709 3
      vertex -0.541153 -49.1709 3
      vertex 0.488998 -49.2537 3
    endloop
  endfacet
  facet normal 0 0 1
    outer loop
      vertex -23.7618 -25.665 3
      vertex -1.11496 10.1561 3
      vertex -1.23878 10.2089 3
    endloop
  endfacet
  facet normal 0 -0 1
    outer loop
      vertex -0.541153 -49.1709 3
      vertex 0.541153 -49.1709 3
      vertex -1.19867 -48.1635 3
    endloop
  endfacet
  facet normal 0 0 1
    outer loop
      vertex -23.7618 -25.665 3
      vertex -1.23878 10.2089 3
      vertex -1.36012 10.2672 3
    endloop
  endfacet
  facet normal 0 0 1
    outer loop
      vertex -25.4563 -24.2177 3
      vertex -1.36012 10.2672 3
      vertex -1.47871 10.3309 3
    endloop
  endfacet
  facet normal 0 0 1
    outer loop
      vertex -25.4563 -24.2177 3
      vertex -1.47871 10.3309 3
      vertex -1.59435 10.3999 3
    endloop
  endfacet
  facet normal 0 0 1
    outer loop
      vertex -27.1515 -22.7582 3
      vertex -1.59435 10.3999 3
      vertex -1.70674 10.474 3
    endloop
  endfacet
  facet normal 0 0 1
    outer loop
      vertex -27.1515 -22.7582 3
      vertex -1.70674 10.474 3
      vertex -1.81572 10.553 3
    endloop
  endfacet
  facet normal 0 0 1
    outer loop
      vertex -28.8358 -21.2888 3
      vertex -1.81572 10.553 3
      vertex -1.92104 10.6369 3
    endloop
  endfacet
  facet normal 0 0 1
    outer loop
      vertex 1.19867 -48.1635 3
      vertex -1.19867 -48.1635 3
      vertex 0.541153 -49.1709 3
    endloop
  endfacet
  facet normal 0 0 1
    outer loop
      vertex -28.8358 -21.2888 3
      vertex -1.92104 10.6369 3
      vertex -2.02248 10.7254 3
    endloop
  endfacet
  facet normal 0 -0 1
    outer loop
      vertex -1.19867 -48.1635 3
      vertex 1.19867 -48.1635 3
      vertex -1.2507 -48.0864 3
    endloop
  endfacet
  facet normal 0 0 1
    outer loop
      vertex -30.5017 -19.8084 3
      vertex -2.02248 10.7254 3
      vertex -2.11986 10.8184 3
    endloop
  endfacet
  facet normal 0 0 1
    outer loop
      vertex -30.5017 -19.8084 3
      vertex -2.11986 10.8184 3
      vertex -2.21295 10.9156 3
    endloop
  endfacet
  facet normal 0 0 1
    outer loop
      vertex -32.1391 -18.318 3
      vertex -2.21295 10.9156 3
      vertex -2.30161 11.0169 3
    endloop
  endfacet
  facet normal 0 0 1
    outer loop
      vertex -33.7401 -16.8169 3
      vertex -2.30161 11.0169 3
      vertex -2.38562 11.1221 3
    endloop
  endfacet
  facet normal 0 0 1
    outer loop
      vertex -33.7401 -16.8169 3
      vertex -2.38562 11.1221 3
      vertex -2.46483 11.231 3
    endloop
  endfacet
  facet normal 0 0 1
    outer loop
      vertex -35.297 -15.304 3
      vertex -2.46483 11.231 3
      vertex -2.53906 11.3433 3
    endloop
  endfacet
  facet normal 0 0 1
    outer loop
      vertex -35.297 -15.304 3
      vertex -2.53906 11.3433 3
      vertex -2.6082 11.4588 3
    endloop
  endfacet
  facet normal 0 0 1
    outer loop
      vertex -36.7999 -13.7808 3
      vertex -2.6082 11.4588 3
      vertex -2.67207 11.5773 3
    endloop
  endfacet
  facet normal 0 0 1
    outer loop
      vertex -38.2422 -12.2462 3
      vertex -2.67207 11.5773 3
      vertex -2.73058 11.6986 3
    endloop
  endfacet
  facet normal 0 0 1
    outer loop
      vertex -39.6146 -10.7023 3
      vertex -2.73058 11.6986 3
      vertex -2.78357 11.8224 3
    endloop
  endfacet
  facet normal 0 0 1
    outer loop
      vertex -39.6146 -10.7023 3
      vertex -2.78357 11.8224 3
      vertex -2.83096 11.9484 3
    endloop
  endfacet
  facet normal 0 0 1
    outer loop
      vertex 1.2507 -48.0864 3
      vertex -1.2507 -48.0864 3
      vertex 1.19867 -48.1635 3
    endloop
  endfacet
  facet normal 0 0 1
    outer loop
      vertex -40.9113 -9.14828 3
      vertex -2.83096 11.9484 3
      vertex -2.87265 12.0764 3
    endloop
  endfacet
  facet normal 0 -0 1
    outer loop
      vertex -1.2507 -48.0864 3
      vertex 1.2507 -48.0864 3
      vertex -1.98611 -47.0326 3
    endloop
  endfacet
  facet normal 0 0 1
    outer loop
      vertex -42.1249 -7.58557 3
      vertex -2.87265 12.0764 3
      vertex -2.90855 12.2061 3
    endloop
  endfacet
  facet normal 0 0 1
    outer loop
      vertex -43.2492 -6.01558 3
      vertex -2.90855 12.2061 3
      vertex -2.93861 12.3374 3
    endloop
  endfacet
  facet normal 0 0 1
    outer loop
      vertex -45.2092 -2.85957 3
      vertex -2.93861 12.3374 3
      vertex -2.96274 12.4698 3
    endloop
  endfacet
  facet normal 0 0 1
    outer loop
      vertex -46.0362 -1.27715 3
      vertex -2.96274 12.4698 3
      vertex -2.9809 12.6032 3
    endloop
  endfacet
  facet normal 0 0 1
    outer loop
      vertex -3.97243 16.8908 3
      vertex -2.9809 12.6032 3
      vertex -2.99306 12.7373 3
    endloop
  endfacet
  facet normal 0 0 1
    outer loop
      vertex -3.04951 13.3898 3
      vertex -2.99306 12.7373 3
      vertex -2.9993 12.8759 3
    endloop
  endfacet
  facet normal 0 0 1
    outer loop
      vertex -3.00298 12.9513 3
      vertex -2.9993 12.8759 3
      vertex -2.99948 12.8845 3
    endloop
  endfacet
  facet normal 0 0 1
    outer loop
      vertex -2.9993 12.8759 3
      vertex -3.00298 12.9513 3
      vertex -3.01732 13.1197 3
    endloop
  endfacet
  facet normal 0 0 1
    outer loop
      vertex -2.9993 12.8759 3
      vertex -3.01732 13.1197 3
      vertex -3.04951 13.3898 3
    endloop
  endfacet
  facet normal 0 0 1
    outer loop
      vertex -2.99306 12.7373 3
      vertex -3.04951 13.3898 3
      vertex -3.10626 13.7583 3
    endloop
  endfacet
  facet normal 0 0 1
    outer loop
      vertex -2.99306 12.7373 3
      vertex -3.10626 13.7583 3
      vertex -3.1942 14.2217 3
    endloop
  endfacet
  facet normal 0 0 1
    outer loop
      vertex -2.99306 12.7373 3
      vertex -3.1942 14.2217 3
      vertex -3.31914 14.7729 3
    endloop
  endfacet
  facet normal 0 0 1
    outer loop
      vertex -2.99306 12.7373 3
      vertex -3.31914 14.7729 3
      vertex -3.48709 15.4067 3
    endloop
  endfacet
  facet normal 0 0 1
    outer loop
      vertex -2.99306 12.7373 3
      vertex -3.48709 15.4067 3
      vertex -3.70332 16.1155 3
    endloop
  endfacet
  facet normal 0 0 1
    outer loop
      vertex -2.99306 12.7373 3
      vertex -3.70332 16.1155 3
      vertex -3.97243 16.8908 3
    endloop
  endfacet
  facet normal 0 0 1
    outer loop
      vertex 1.98611 -47.0326 3
      vertex -1.98611 -47.0326 3
      vertex 1.2507 -48.0864 3
    endloop
  endfacet
  facet normal 0 -0 1
    outer loop
      vertex -2.03792 -46.9607 3
      vertex 2.03792 -46.9607 3
      vertex -2.85242 -45.864 3
    endloop
  endfacet
  facet normal 0 0 1
    outer loop
      vertex -2.9809 12.6032 3
      vertex -3.97243 16.8908 3
      vertex -4.2989 17.7248 3
    endloop
  endfacet
  facet normal 0 0 1
    outer loop
      vertex -2.9809 12.6032 3
      vertex -4.2989 17.7248 3
      vertex -4.68658 18.6083 3
    endloop
  endfacet
  facet normal 0 0 1
    outer loop
      vertex -2.9809 12.6032 3
      vertex -4.68658 18.6083 3
      vertex -5.13837 19.5316 3
    endloop
  endfacet
  facet normal 0 0 1
    outer loop
      vertex 2.85242 -45.864 3
      vertex -2.85242 -45.864 3
      vertex 2.03792 -46.9607 3
    endloop
  endfacet
  facet normal 0 -0 1
    outer loop
      vertex -2.85242 -45.864 3
      vertex 2.85242 -45.864 3
      vertex -2.90331 -45.7975 3
    endloop
  endfacet
  facet normal 0 0 1
    outer loop
      vertex -2.9809 12.6032 3
      vertex -5.13837 19.5316 3
      vertex -5.65678 20.4846 3
    endloop
  endfacet
  facet normal 0 0 1
    outer loop
      vertex -2.9809 12.6032 3
      vertex -5.65678 20.4846 3
      vertex -46.0362 -1.27715 3
    endloop
  endfacet
  facet normal 0 0 1
    outer loop
      vertex 2.90331 -45.7975 3
      vertex -2.90331 -45.7975 3
      vertex 2.85242 -45.864 3
    endloop
  endfacet
  facet normal 0 0 1
    outer loop
      vertex 3.79738 -44.6614 3
      vertex -3.79738 -44.6614 3
      vertex 2.90331 -45.7975 3
    endloop
  endfacet
  facet normal 0 0 1
    outer loop
      vertex -46.0362 -1.27715 3
      vertex -5.65678 20.4846 3
      vertex -6.24379 21.4578 3
    endloop
  endfacet
  facet normal 0 0 1
    outer loop
      vertex -46.0362 -1.27715 3
      vertex -6.24379 21.4578 3
      vertex -6.90074 22.441 3
    endloop
  endfacet
  facet normal 0 0 1
    outer loop
      vertex 3.84694 -44.6001 3
      vertex -3.84694 -44.6001 3
      vertex 3.79738 -44.6614 3
    endloop
  endfacet
  facet normal 0 -0 1
    outer loop
      vertex -3.84694 -44.6001 3
      vertex 3.84694 -44.6001 3
      vertex -4.82036 -43.4279 3
    endloop
  endfacet
  facet normal 0 0 1
    outer loop
      vertex -46.0362 -1.27715 3
      vertex -6.90074 22.441 3
      vertex -7.62804 23.424 3
    endloop
  endfacet
  facet normal 0 -0 1
    outer loop
      vertex -4.82036 -43.4279 3
      vertex 4.82036 -43.4279 3
      vertex -4.86815 -43.3718 3
    endloop
  endfacet
  facet normal 0 -0 1
    outer loop
      vertex -4.86815 -43.3718 3
      vertex 4.86815 -43.3718 3
      vertex -5.91995 -42.1668 3
    endloop
  endfacet
  facet normal 0 0 1
    outer loop
      vertex -46.0362 -1.27715 3
      vertex -7.62804 23.424 3
      vertex -8.42566 24.3967 3
    endloop
  endfacet
  facet normal 0 0 1
    outer loop
      vertex -46.0362 -1.27715 3
      vertex -8.42566 24.3967 3
      vertex -9.29282 25.3494 3
    endloop
  endfacet
  facet normal 0 0 1
    outer loop
      vertex 5.91995 -42.1668 3
      vertex -5.91995 -42.1668 3
      vertex 4.86815 -43.3718 3
    endloop
  endfacet
  facet normal 0 -0 1
    outer loop
      vertex -5.96564 -42.1156 3
      vertex 5.96564 -42.1156 3
      vertex -7.09431 -40.8807 3
    endloop
  endfacet
  facet normal 0 0 1
    outer loop
      vertex -46.0362 -1.27715 3
      vertex -9.29282 25.3494 3
      vertex -10.2283 26.2728 3
    endloop
  endfacet
  facet normal 0 0 1
    outer loop
      vertex 7.09431 -40.8807 3
      vertex -7.09431 -40.8807 3
      vertex 5.96564 -42.1156 3
    endloop
  endfacet
  facet normal 0 -0 1
    outer loop
      vertex -7.13751 -40.8344 3
      vertex 7.13751 -40.8344 3
      vertex -8.34082 -39.5723 3
    endloop
  endfacet
  facet normal 0 0 1
    outer loop
      vertex -46.0362 -1.27715 3
      vertex -10.2283 26.2728 3
      vertex -11.2304 27.1579 3
    endloop
  endfacet
  facet normal 0 0 1
    outer loop
      vertex -46.0362 -1.27715 3
      vertex -11.2304 27.1579 3
      vertex -12.2963 27.9957 3
    endloop
  endfacet
  facet normal 0 0 1
    outer loop
      vertex 8.38103 -39.531 3
      vertex -8.38103 -39.531 3
      vertex 8.34082 -39.5723 3
    endloop
  endfacet
  facet normal 0 -0 1
    outer loop
      vertex -8.38103 -39.531 3
      vertex 8.38103 -39.531 3
      vertex -9.65598 -38.2442 3
    endloop
  endfacet
  facet normal 0 0 1
    outer loop
      vertex -46.0362 -1.27715 3
      vertex -12.2963 27.9957 3
      vertex -13.4237 28.7788 3
    endloop
  endfacet
  facet normal 0 0 1
    outer loop
      vertex 9.69316 -38.2073 3
      vertex -9.69316 -38.2073 3
      vertex 9.65598 -38.2442 3
    endloop
  endfacet
  facet normal 0 -0 1
    outer loop
      vertex -11.0363 -36.8983 3
      vertex 11.0363 -36.8983 3
      vertex -11.0698 -36.8661 3
    endloop
  endfacet
  facet normal 0 0 1
    outer loop
      vertex -46.0362 -1.27715 3
      vertex -13.4237 28.7788 3
      vertex -14.6088 29.4994 3
    endloop
  endfacet
  facet normal 0 0 1
    outer loop
      vertex 12.4768 -35.5368 3
      vertex -12.4768 -35.5368 3
      vertex 11.0698 -36.8661 3
    endloop
  endfacet
  facet normal 0 -0 1
    outer loop
      vertex -13.9729 -34.1609 3
      vertex 13.9729 -34.1609 3
      vertex -13.9987 -34.1375 3
    endloop
  endfacet
  facet normal 0 0 1
    outer loop
      vertex -46.0362 -1.27715 3
      vertex -14.6088 29.4994 3
      vertex -15.8482 30.1509 3
    endloop
  endfacet
  facet normal 0 0 1
    outer loop
      vertex -0.0652313 9.94186 3
      vertex -17.1079 -31.3719 3
      vertex -15.54 -32.7532 3
    endloop
  endfacet
  facet normal 0 0 1
    outer loop
      vertex -0.199738 9.94781 3
      vertex -17.1248 -31.3571 3
      vertex -17.1079 -31.3719 3
    endloop
  endfacet
  facet normal 0 0 1
    outer loop
      vertex -46.0362 -1.27715 3
      vertex -15.8482 30.1509 3
      vertex -17.138 30.7271 3
    endloop
  endfacet
  facet normal 0 0 1
    outer loop
      vertex -46.0362 -1.27715 3
      vertex -17.138 30.7271 3
      vertex -18.4736 31.2225 3
    endloop
  endfacet
  facet normal 0 0 1
    outer loop
      vertex -0.333832 9.95979 3
      vertex -18.7341 -29.9605 3
      vertex -17.1248 -31.3571 3
    endloop
  endfacet
  facet normal 0 0 1
    outer loop
      vertex -0.467255 9.97777 3
      vertex -18.7462 -29.95 3
      vertex -18.7341 -29.9605 3
    endloop
  endfacet
  facet normal 0 0 1
    outer loop
      vertex -46.0362 -1.27715 3
      vertex -18.4736 31.2225 3
      vertex -19.8505 31.6322 3
    endloop
  endfacet
  facet normal 0 0 1
    outer loop
      vertex -0.599731 10.0017 3
      vertex -20.3901 -28.5387 3
      vertex -18.7462 -29.95 3
    endloop
  endfacet
  facet normal 0 0 1
    outer loop
      vertex -46.0362 -1.27715 3
      vertex -19.8505 31.6322 3
      vertex -21.2635 31.9516 3
    endloop
  endfacet
  facet normal 0 0 1
    outer loop
      vertex -0.860809 10.0673 3
      vertex -22.0686 -27.1068 3
      vertex -20.3901 -28.5387 3
    endloop
  endfacet
  facet normal 0 0 1
    outer loop
      vertex -46.0362 -1.27715 3
      vertex -21.2635 31.9516 3
      vertex -22.7078 32.1775 3
    endloop
  endfacet
  facet normal 0 0 1
    outer loop
      vertex -1.11496 10.1561 3
      vertex -23.7618 -25.665 3
      vertex -22.0686 -27.1068 3
    endloop
  endfacet
  facet normal 0 0 1
    outer loop
      vertex -46.0362 -1.27715 3
      vertex -22.7078 32.1775 3
      vertex -24.1767 32.3064 3
    endloop
  endfacet
  facet normal 0 0 1
    outer loop
      vertex -1.36012 10.2672 3
      vertex -25.4563 -24.2177 3
      vertex -23.7618 -25.665 3
    endloop
  endfacet
  facet normal 0 0 1
    outer loop
      vertex -46.0362 -1.27715 3
      vertex -24.1767 32.3064 3
      vertex -25.6652 32.3361 3
    endloop
  endfacet
  facet normal 0 0 1
    outer loop
      vertex -1.59435 10.3999 3
      vertex -27.1515 -22.7582 3
      vertex -25.4563 -24.2177 3
    endloop
  endfacet
  facet normal 0 0 1
    outer loop
      vertex -46.0362 -1.27715 3
      vertex -25.6652 32.3361 3
      vertex -27.1662 32.2645 3
    endloop
  endfacet
  facet normal 0 0 1
    outer loop
      vertex -46.0362 -1.27715 3
      vertex -27.1662 32.2645 3
      vertex -28.6731 32.0907 3
    endloop
  endfacet
  facet normal 0 0 1
    outer loop
      vertex -1.81572 10.553 3
      vertex -28.8358 -21.2888 3
      vertex -27.1515 -22.7582 3
    endloop
  endfacet
  facet normal 0 0 1
    outer loop
      vertex -46.0362 -1.27715 3
      vertex -28.6731 32.0907 3
      vertex -30.1787 31.8141 3
    endloop
  endfacet
  facet normal 0 0 1
    outer loop
      vertex -2.02248 10.7254 3
      vertex -30.5017 -19.8084 3
      vertex -28.8358 -21.2888 3
    endloop
  endfacet
  facet normal 0 0 1
    outer loop
      vertex -46.0362 -1.27715 3
      vertex -30.1787 31.8141 3
      vertex -31.6752 31.4351 3
    endloop
  endfacet
  facet normal 0 0 1
    outer loop
      vertex -2.21295 10.9156 3
      vertex -32.1391 -18.318 3
      vertex -30.5017 -19.8084 3
    endloop
  endfacet
  facet normal 0 0 1
    outer loop
      vertex -46.0362 -1.27715 3
      vertex -31.6752 31.4351 3
      vertex -33.1553 30.9545 3
    endloop
  endfacet
  facet normal 0 0 1
    outer loop
      vertex -2.30161 11.0169 3
      vertex -33.7401 -16.8169 3
      vertex -32.1391 -18.318 3
    endloop
  endfacet
  facet normal 0 0 1
    outer loop
      vertex -46.0362 -1.27715 3
      vertex -33.1553 30.9545 3
      vertex -34.6104 30.3745 3
    endloop
  endfacet
  facet normal 0 0 1
    outer loop
      vertex -2.46483 11.231 3
      vertex -35.297 -15.304 3
      vertex -33.7401 -16.8169 3
    endloop
  endfacet
  facet normal 0 0 1
    outer loop
      vertex -46.0362 -1.27715 3
      vertex -34.6104 30.3745 3
      vertex -36.033 29.6972 3
    endloop
  endfacet
  facet normal 0 0 1
    outer loop
      vertex -2.6082 11.4588 3
      vertex -36.7999 -13.7808 3
      vertex -35.297 -15.304 3
    endloop
  endfacet
  facet normal 0 0 1
    outer loop
      vertex -46.0362 -1.27715 3
      vertex -36.033 29.6972 3
      vertex -37.4148 28.9261 3
    endloop
  endfacet
  facet normal 0 0 1
    outer loop
      vertex -2.67207 11.5773 3
      vertex -38.2422 -12.2462 3
      vertex -36.7999 -13.7808 3
    endloop
  endfacet
  facet normal 0 0 1
    outer loop
      vertex -46.7569 0.305923 3
      vertex -37.4148 28.9261 3
      vertex -38.7475 28.0654 3
    endloop
  endfacet
  facet normal 0 0 1
    outer loop
      vertex -2.73058 11.6986 3
      vertex -39.6146 -10.7023 3
      vertex -38.2422 -12.2462 3
    endloop
  endfacet
  facet normal 0 0 1
    outer loop
      vertex -46.7569 0.305923 3
      vertex -38.7475 28.0654 3
      vertex -40.0237 27.1194 3
    endloop
  endfacet
  facet normal 0 0 1
    outer loop
      vertex -2.83096 11.9484 3
      vertex -40.9113 -9.14828 3
      vertex -39.6146 -10.7023 3
    endloop
  endfacet
  facet normal 0 0 1
    outer loop
      vertex -46.7569 0.305923 3
      vertex -40.0237 27.1194 3
      vertex -41.2357 26.0933 3
    endloop
  endfacet
  facet normal 0 0 1
    outer loop
      vertex -2.87265 12.0764 3
      vertex -42.1249 -7.58557 3
      vertex -40.9113 -9.14828 3
    endloop
  endfacet
  facet normal 0 0 1
    outer loop
      vertex -47.369 1.88751 3
      vertex -41.2357 26.0933 3
      vertex -42.3763 24.9929 3
    endloop
  endfacet
  facet normal 0 0 1
    outer loop
      vertex -2.90855 12.2061 3
      vertex -43.2492 -6.01558 3
      vertex -42.1249 -7.58557 3
    endloop
  endfacet
  facet normal 0 0 1
    outer loop
      vertex -47.369 1.88751 3
      vertex -42.3763 24.9929 3
      vertex -43.439 23.824 3
    endloop
  endfacet
  facet normal 0 0 1
    outer loop
      vertex -2.93861 12.3374 3
      vertex -44.2789 -4.4397 3
      vertex -43.2492 -6.01558 3
    endloop
  endfacet
  facet normal 0 0 1
    outer loop
      vertex -47.369 1.88751 3
      vertex -43.439 23.824 3
      vertex -44.4177 22.593 3
    endloop
  endfacet
  facet normal 0 0 1
    outer loop
      vertex -2.93861 12.3374 3
      vertex -45.2092 -2.85957 3
      vertex -44.2789 -4.4397 3
    endloop
  endfacet
  facet normal 0 0 1
    outer loop
      vertex -47.8707 3.46544 3
      vertex -44.4177 22.593 3
      vertex -45.3068 21.3064 3
    endloop
  endfacet
  facet normal 0 0 1
    outer loop
      vertex -2.96274 12.4698 3
      vertex -46.0362 -1.27715 3
      vertex -45.2092 -2.85957 3
    endloop
  endfacet
  facet normal 0 0 1
    outer loop
      vertex -47.8707 3.46544 3
      vertex -45.3068 21.3064 3
      vertex -46.1015 19.9705 3
    endloop
  endfacet
  facet normal 0 0 1
    outer loop
      vertex -37.4148 28.9261 3
      vertex -46.7569 0.305923 3
      vertex -46.0362 -1.27715 3
    endloop
  endfacet
  facet normal 0 0 1
    outer loop
      vertex -47.8707 3.46544 3
      vertex -46.1015 19.9705 3
      vertex -46.798 18.5912 3
    endloop
  endfacet
  facet normal 0 0 1
    outer loop
      vertex -41.2357 26.0933 3
      vertex -47.369 1.88751 3
      vertex -46.7569 0.305923 3
    endloop
  endfacet
  facet normal 0 0 1
    outer loop
      vertex -48.2612 5.03825 3
      vertex -46.798 18.5912 3
      vertex -47.3926 17.175 3
    endloop
  endfacet
  facet normal 0 0 1
    outer loop
      vertex -44.4177 22.593 3
      vertex -47.8707 3.46544 3
      vertex -47.369 1.88751 3
    endloop
  endfacet
  facet normal 0 0 1
    outer loop
      vertex -48.2612 5.03825 3
      vertex -47.3926 17.175 3
      vertex -47.8827 15.7267 3
    endloop
  endfacet
  facet normal 0 0 1
    outer loop
      vertex -46.798 18.5912 3
      vertex -48.2612 5.03825 3
      vertex -47.8707 3.46544 3
    endloop
  endfacet
  facet normal -0 0 1
    outer loop
      vertex -48.2662 14.2517 3
      vertex -48.2612 5.03825 3
      vertex -47.8827 15.7267 3
    endloop
  endfacet
  facet normal 0 0 1
    outer loop
      vertex -48.2662 14.2517 3
      vertex -48.5401 6.60364 3
      vertex -48.2612 5.03825 3
    endloop
  endfacet
  facet normal -0 0 1
    outer loop
      vertex -48.5415 12.7543 3
      vertex -48.5401 6.60364 3
      vertex -48.2662 14.2517 3
    endloop
  endfacet
  facet normal 0 0 1
    outer loop
      vertex -48.5415 12.7543 3
      vertex -48.7071 8.15997 3
      vertex -48.5401 6.60364 3
    endloop
  endfacet
  facet normal -0 0 1
    outer loop
      vertex -48.7073 11.2376 3
      vertex -48.7071 8.15997 3
      vertex -48.5415 12.7543 3
    endloop
  endfacet
  facet normal 0 0 1
    outer loop
      vertex -48.7071 8.15997 3
      vertex -48.7073 11.2376 3
      vertex -48.7627 9.70564 3
    endloop
  endfacet
  facet normal -0.846133 0.532972 0
    outer loop
      vertex 0.488998 -49.2537 3
      vertex 0.541153 -49.1709 26.5
      vertex 0.541153 -49.1709 3
    endloop
  endfacet
  facet normal -0.846133 0.532972 0
    outer loop
      vertex 0.541153 -49.1709 26.5
      vertex 0.488998 -49.2537 3
      vertex 0.488998 -49.2537 26.5
    endloop
  endfacet
  facet normal -0.837414 0.546569 0
    outer loop
      vertex 0.541153 -49.1709 3
      vertex 1.19867 -48.1635 26.5
      vertex 1.19867 -48.1635 3
    endloop
  endfacet
  facet normal -0.837414 0.546569 0
    outer loop
      vertex 1.19867 -48.1635 26.5
      vertex 0.541153 -49.1709 3
      vertex 0.541153 -49.1709 26.5
    endloop
  endfacet
  facet normal -0.828911 0.559381 0
    outer loop
      vertex 1.19867 -48.1635 3
      vertex 1.2507 -48.0864 26.5
      vertex 1.2507 -48.0864 3
    endloop
  endfacet
  facet normal -0.828911 0.559381 0
    outer loop
      vertex 1.2507 -48.0864 26.5
      vertex 1.19867 -48.1635 3
      vertex 1.19867 -48.1635 26.5
    endloop
  endfacet
  facet normal -0.820054 0.572287 0
    outer loop
      vertex 1.2507 -48.0864 3
      vertex 1.98611 -47.0326 26.5
      vertex 1.98611 -47.0326 3
    endloop
  endfacet
  facet normal -0.820054 0.572287 0
    outer loop
      vertex 1.98611 -47.0326 26.5
      vertex 1.2507 -48.0864 3
      vertex 1.2507 -48.0864 26.5
    endloop
  endfacet
  facet normal -0.81131 0.584617 0
    outer loop
      vertex 1.98611 -47.0326 3
      vertex 2.03792 -46.9607 26.5
      vertex 2.03792 -46.9607 3
    endloop
  endfacet
  facet normal -0.81131 0.584617 0
    outer loop
      vertex 2.03792 -46.9607 26.5
      vertex 1.98611 -47.0326 3
      vertex 1.98611 -47.0326 26.5
    endloop
  endfacet
  facet normal -0.802811 0.596234 0
    outer loop
      vertex 2.03792 -46.9607 3
      vertex 2.85242 -45.864 26.5
      vertex 2.85242 -45.864 3
    endloop
  endfacet
  facet normal -0.802811 0.596234 0
    outer loop
      vertex 2.85242 -45.864 26.5
      vertex 2.03792 -46.9607 3
      vertex 2.03792 -46.9607 26.5
    endloop
  endfacet
  facet normal -0.794144 0.607729 0
    outer loop
      vertex 2.85242 -45.864 3
      vertex 2.90331 -45.7975 26.5
      vertex 2.90331 -45.7975 3
    endloop
  endfacet
  facet normal -0.794144 0.607729 0
    outer loop
      vertex 2.90331 -45.7975 26.5
      vertex 2.85242 -45.864 3
      vertex 2.85242 -45.864 26.5
    endloop
  endfacet
  facet normal -0.785841 0.618429 0
    outer loop
      vertex 2.90331 -45.7975 3
      vertex 3.79738 -44.6614 26.5
      vertex 3.79738 -44.6614 3
    endloop
  endfacet
  facet normal -0.785841 0.618429 0
    outer loop
      vertex 3.79738 -44.6614 26.5
      vertex 2.90331 -45.7975 3
      vertex 2.90331 -45.7975 26.5
    endloop
  endfacet
  facet normal -0.777641 0.628709 0
    outer loop
      vertex 3.79738 -44.6614 3
      vertex 3.84694 -44.6001 26.5
      vertex 3.84694 -44.6001 3
    endloop
  endfacet
  facet normal -0.777641 0.628709 0
    outer loop
      vertex 3.84694 -44.6001 26.5
      vertex 3.79738 -44.6614 3
      vertex 3.79738 -44.6614 26.5
    endloop
  endfacet
  facet normal -0.769322 0.638861 0
    outer loop
      vertex 3.84694 -44.6001 3
      vertex 4.82036 -43.4279 26.5
      vertex 4.82036 -43.4279 3
    endloop
  endfacet
  facet normal -0.769322 0.638861 0
    outer loop
      vertex 4.82036 -43.4279 26.5
      vertex 3.84694 -44.6001 3
      vertex 3.84694 -44.6001 26.5
    endloop
  endfacet
  facet normal -0.761236 0.648475 0
    outer loop
      vertex 4.82036 -43.4279 3
      vertex 4.86815 -43.3718 26.5
      vertex 4.86815 -43.3718 3
    endloop
  endfacet
  facet normal -0.761236 0.648475 0
    outer loop
      vertex 4.86815 -43.3718 26.5
      vertex 4.82036 -43.4279 3
      vertex 4.82036 -43.4279 26.5
    endloop
  endfacet
  facet normal -0.753374 0.657592 0
    outer loop
      vertex 4.86815 -43.3718 3
      vertex 5.91995 -42.1668 26.5
      vertex 5.91995 -42.1668 3
    endloop
  endfacet
  facet normal -0.753374 0.657592 0
    outer loop
      vertex 5.91995 -42.1668 26.5
      vertex 4.86815 -43.3718 3
      vertex 4.86815 -43.3718 26.5
    endloop
  endfacet
  facet normal -0.746113 0.665819 0
    outer loop
      vertex 5.91995 -42.1668 3
      vertex 5.96564 -42.1156 26.5
      vertex 5.96564 -42.1156 3
    endloop
  endfacet
  facet normal -0.746113 0.665819 0
    outer loop
      vertex 5.96564 -42.1156 26.5
      vertex 5.91995 -42.1668 3
      vertex 5.91995 -42.1668 26.5
    endloop
  endfacet
  facet normal -0.738142 0.674645 0
    outer loop
      vertex 5.96564 -42.1156 3
      vertex 7.09431 -40.8807 26.5
      vertex 7.09431 -40.8807 3
    endloop
  endfacet
  facet normal -0.738142 0.674645 0
    outer loop
      vertex 7.09431 -40.8807 26.5
      vertex 5.96564 -42.1156 3
      vertex 5.96564 -42.1156 26.5
    endloop
  endfacet
  facet normal -0.73116 0.682206 0
    outer loop
      vertex 7.09431 -40.8807 3
      vertex 7.13751 -40.8344 26.5
      vertex 7.13751 -40.8344 3
    endloop
  endfacet
  facet normal -0.73116 0.682206 0
    outer loop
      vertex 7.13751 -40.8344 26.5
      vertex 7.09431 -40.8807 3
      vertex 7.09431 -40.8807 26.5
    endloop
  endfacet
  facet normal -0.723763 0.690049 0
    outer loop
      vertex 7.13751 -40.8344 3
      vertex 8.34082 -39.5723 26.5
      vertex 8.34082 -39.5723 3
    endloop
  endfacet
  facet normal -0.723763 0.690049 0
    outer loop
      vertex 8.34082 -39.5723 26.5
      vertex 7.13751 -40.8344 3
      vertex 7.13751 -40.8344 26.5
    endloop
  endfacet
  facet normal -0.716499 0.697589 0
    outer loop
      vertex 8.34082 -39.5723 3
      vertex 8.38103 -39.531 26.5
      vertex 8.38103 -39.531 3
    endloop
  endfacet
  facet normal -0.716499 0.697589 0
    outer loop
      vertex 8.38103 -39.531 26.5
      vertex 8.34082 -39.5723 3
      vertex 8.34082 -39.5723 26.5
    endloop
  endfacet
  facet normal -0.71037 0.703828 0
    outer loop
      vertex 8.38103 -39.531 3
      vertex 9.65598 -38.2442 26.5
      vertex 9.65598 -38.2442 3
    endloop
  endfacet
  facet normal -0.71037 0.703828 0
    outer loop
      vertex 9.65598 -38.2442 26.5
      vertex 8.38103 -39.531 3
      vertex 8.38103 -39.531 26.5
    endloop
  endfacet
  facet normal -0.704429 0.709774 0
    outer loop
      vertex 9.69316 -38.2073 3
      vertex 9.65598 -38.2442 26.5
      vertex 9.69316 -38.2073 26.5
    endloop
  endfacet
  facet normal -0.704429 0.709774 0
    outer loop
      vertex 9.65598 -38.2442 26.5
      vertex 9.69316 -38.2073 3
      vertex 9.65598 -38.2442 3
    endloop
  endfacet
  facet normal -0.697947 0.71615 0
    outer loop
      vertex 11.0363 -36.8983 3
      vertex 9.69316 -38.2073 26.5
      vertex 11.0363 -36.8983 26.5
    endloop
  endfacet
  facet normal -0.697947 0.71615 0
    outer loop
      vertex 9.69316 -38.2073 26.5
      vertex 11.0363 -36.8983 3
      vertex 9.69316 -38.2073 3
    endloop
  endfacet
  facet normal -0.69298 0.720957 0
    outer loop
      vertex 11.0698 -36.8661 3
      vertex 11.0363 -36.8983 26.5
      vertex 11.0698 -36.8661 26.5
    endloop
  endfacet
  facet normal -0.69298 0.720957 0
    outer loop
      vertex 11.0363 -36.8983 26.5
      vertex 11.0698 -36.8661 3
      vertex 11.0363 -36.8983 3
    endloop
  endfacet
  facet normal -0.686751 0.726893 0
    outer loop
      vertex 12.4768 -35.5368 3
      vertex 11.0698 -36.8661 26.5
      vertex 12.4768 -35.5368 26.5
    endloop
  endfacet
  facet normal -0.686751 0.726893 0
    outer loop
      vertex 11.0698 -36.8661 26.5
      vertex 12.4768 -35.5368 3
      vertex 11.0698 -36.8661 3
    endloop
  endfacet
  facet normal -0.682231 0.731137 0
    outer loop
      vertex 12.5067 -35.5089 3
      vertex 12.4768 -35.5368 26.5
      vertex 12.5067 -35.5089 26.5
    endloop
  endfacet
  facet normal -0.682231 0.731137 0
    outer loop
      vertex 12.4768 -35.5368 26.5
      vertex 12.5067 -35.5089 3
      vertex 12.4768 -35.5368 3
    endloop
  endfacet
  facet normal -0.676811 0.736157 0
    outer loop
      vertex 13.9729 -34.1609 3
      vertex 12.5067 -35.5089 26.5
      vertex 13.9729 -34.1609 26.5
    endloop
  endfacet
  facet normal -0.676811 0.736157 0
    outer loop
      vertex 12.5067 -35.5089 26.5
      vertex 13.9729 -34.1609 3
      vertex 12.5067 -35.5089 3
    endloop
  endfacet
  facet normal -0.671815 0.740719 0
    outer loop
      vertex 13.9987 -34.1375 3
      vertex 13.9729 -34.1609 26.5
      vertex 13.9987 -34.1375 26.5
    endloop
  endfacet
  facet normal -0.671815 0.740719 0
    outer loop
      vertex 13.9729 -34.1609 26.5
      vertex 13.9987 -34.1375 3
      vertex 13.9729 -34.1609 3
    endloop
  endfacet
  facet normal -0.668232 0.743953 0
    outer loop
      vertex 15.5186 -32.7723 3
      vertex 13.9987 -34.1375 26.5
      vertex 15.5186 -32.7723 26.5
    endloop
  endfacet
  facet normal -0.668232 0.743953 0
    outer loop
      vertex 13.9987 -34.1375 26.5
      vertex 15.5186 -32.7723 3
      vertex 13.9987 -34.1375 3
    endloop
  endfacet
  facet normal -0.665877 0.746061 0
    outer loop
      vertex 15.54 -32.7532 3
      vertex 15.5186 -32.7723 26.5
      vertex 15.54 -32.7532 26.5
    endloop
  endfacet
  facet normal -0.665877 0.746061 0
    outer loop
      vertex 15.5186 -32.7723 26.5
      vertex 15.54 -32.7532 3
      vertex 15.5186 -32.7723 3
    endloop
  endfacet
  facet normal -0.661045 0.750346 0
    outer loop
      vertex 17.1079 -31.3719 3
      vertex 15.54 -32.7532 26.5
      vertex 17.1079 -31.3719 26.5
    endloop
  endfacet
  facet normal -0.661045 0.750346 0
    outer loop
      vertex 15.54 -32.7532 26.5
      vertex 17.1079 -31.3719 3
      vertex 15.54 -32.7532 3
    endloop
  endfacet
  facet normal -0.65882 0.752301 0
    outer loop
      vertex 17.1248 -31.3571 3
      vertex 17.1079 -31.3719 26.5
      vertex 17.1248 -31.3571 26.5
    endloop
  endfacet
  facet normal -0.65882 0.752301 0
    outer loop
      vertex 17.1079 -31.3719 26.5
      vertex 17.1248 -31.3571 3
      vertex 17.1079 -31.3719 3
    endloop
  endfacet
  facet normal -0.655432 0.755254 0
    outer loop
      vertex 18.7341 -29.9605 3
      vertex 17.1248 -31.3571 26.5
      vertex 18.7341 -29.9605 26.5
    endloop
  endfacet
  facet normal -0.655432 0.755254 0
    outer loop
      vertex 17.1248 -31.3571 26.5
      vertex 18.7341 -29.9605 3
      vertex 17.1248 -31.3571 3
    endloop
  endfacet
  facet normal -0.655406 0.755277 0
    outer loop
      vertex 18.7462 -29.95 3
      vertex 18.7341 -29.9605 26.5
      vertex 18.7462 -29.95 26.5
    endloop
  endfacet
  facet normal -0.655406 0.755277 0
    outer loop
      vertex 18.7341 -29.9605 26.5
      vertex 18.7462 -29.95 3
      vertex 18.7341 -29.9605 3
    endloop
  endfacet
  facet normal -0.651366 0.758763 0
    outer loop
      vertex 20.3973 -28.5326 3
      vertex 18.7462 -29.95 26.5
      vertex 20.3973 -28.5326 26.5
    endloop
  endfacet
  facet normal -0.651366 0.758763 0
    outer loop
      vertex 18.7462 -29.95 26.5
      vertex 20.3973 -28.5326 3
      vertex 18.7462 -29.95 3
    endloop
  endfacet
  facet normal -0.648996 0.760792 0
    outer loop
      vertex 22.0707 -27.1051 3
      vertex 20.3973 -28.5326 26.5
      vertex 22.0707 -27.1051 26.5
    endloop
  endfacet
  facet normal -0.648996 0.760792 0
    outer loop
      vertex 20.3973 -28.5326 26.5
      vertex 22.0707 -27.1051 3
      vertex 20.3973 -28.5326 3
    endloop
  endfacet
  facet normal -0.648345 0.761347 0
    outer loop
      vertex 23.7618 -25.665 3
      vertex 22.0707 -27.1051 26.5
      vertex 23.7618 -25.665 26.5
    endloop
  endfacet
  facet normal -0.648345 0.761347 0
    outer loop
      vertex 22.0707 -27.1051 26.5
      vertex 23.7618 -25.665 3
      vertex 22.0707 -27.1051 3
    endloop
  endfacet
  facet normal -0.649464 0.760393 0
    outer loop
      vertex 25.4563 -24.2177 3
      vertex 23.7618 -25.665 26.5
      vertex 25.4563 -24.2177 26.5
    endloop
  endfacet
  facet normal -0.649464 0.760393 0
    outer loop
      vertex 23.7618 -25.665 26.5
      vertex 25.4563 -24.2177 3
      vertex 23.7618 -25.665 3
    endloop
  endfacet
  facet normal -0.652458 0.757825 0
    outer loop
      vertex 27.1515 -22.7582 3
      vertex 25.4563 -24.2177 26.5
      vertex 27.1515 -22.7582 26.5
    endloop
  endfacet
  facet normal -0.652458 0.757825 0
    outer loop
      vertex 25.4563 -24.2177 26.5
      vertex 27.1515 -22.7582 3
      vertex 25.4563 -24.2177 3
    endloop
  endfacet
  facet normal -0.657398 0.753543 0
    outer loop
      vertex 28.8358 -21.2888 3
      vertex 27.1515 -22.7582 26.5
      vertex 28.8358 -21.2888 26.5
    endloop
  endfacet
  facet normal -0.657398 0.753543 0
    outer loop
      vertex 27.1515 -22.7582 26.5
      vertex 28.8358 -21.2888 3
      vertex 27.1515 -22.7582 3
    endloop
  endfacet
  facet normal -0.664264 0.747498 0
    outer loop
      vertex 30.5017 -19.8084 3
      vertex 28.8358 -21.2888 26.5
      vertex 30.5017 -19.8084 26.5
    endloop
  endfacet
  facet normal -0.664264 0.747498 0
    outer loop
      vertex 28.8358 -21.2888 26.5
      vertex 30.5017 -19.8084 3
      vertex 28.8358 -21.2888 3
    endloop
  endfacet
  facet normal -0.673131 0.739523 0
    outer loop
      vertex 32.1391 -18.318 3
      vertex 30.5017 -19.8084 26.5
      vertex 32.1391 -18.318 26.5
    endloop
  endfacet
  facet normal -0.673131 0.739523 0
    outer loop
      vertex 30.5017 -19.8084 26.5
      vertex 32.1391 -18.318 3
      vertex 30.5017 -19.8084 3
    endloop
  endfacet
  facet normal -0.683981 0.7295 0
    outer loop
      vertex 33.7401 -16.8169 3
      vertex 32.1391 -18.318 26.5
      vertex 33.7401 -16.8169 26.5
    endloop
  endfacet
  facet normal -0.683981 0.7295 0
    outer loop
      vertex 32.1391 -18.318 26.5
      vertex 33.7401 -16.8169 3
      vertex 32.1391 -18.318 3
    endloop
  endfacet
  facet normal -0.6969 0.717168 0
    outer loop
      vertex 35.297 -15.304 3
      vertex 33.7401 -16.8169 26.5
      vertex 35.297 -15.304 26.5
    endloop
  endfacet
  facet normal -0.6969 0.717168 0
    outer loop
      vertex 33.7401 -16.8169 26.5
      vertex 35.297 -15.304 3
      vertex 33.7401 -16.8169 3
    endloop
  endfacet
  facet normal -0.711834 0.702347 0
    outer loop
      vertex 35.297 -15.304 3
      vertex 36.7999 -13.7808 26.5
      vertex 36.7999 -13.7808 3
    endloop
  endfacet
  facet normal -0.711834 0.702347 0
    outer loop
      vertex 36.7999 -13.7808 26.5
      vertex 35.297 -15.304 3
      vertex 35.297 -15.304 26.5
    endloop
  endfacet
  facet normal -0.728681 0.684854 0
    outer loop
      vertex 36.7999 -13.7808 3
      vertex 38.2422 -12.2462 26.5
      vertex 38.2422 -12.2462 3
    endloop
  endfacet
  facet normal -0.728681 0.684854 0
    outer loop
      vertex 38.2422 -12.2462 26.5
      vertex 36.7999 -13.7808 3
      vertex 36.7999 -13.7808 26.5
    endloop
  endfacet
  facet normal -0.747399 0.664376 0
    outer loop
      vertex 38.2422 -12.2462 3
      vertex 39.6146 -10.7023 26.5
      vertex 39.6146 -10.7023 3
    endloop
  endfacet
  facet normal -0.747399 0.664376 0
    outer loop
      vertex 39.6146 -10.7023 26.5
      vertex 38.2422 -12.2462 3
      vertex 38.2422 -12.2462 26.5
    endloop
  endfacet
  facet normal -0.767812 0.640675 0
    outer loop
      vertex 39.6146 -10.7023 3
      vertex 40.9113 -9.14828 26.5
      vertex 40.9113 -9.14828 3
    endloop
  endfacet
  facet normal -0.767812 0.640675 0
    outer loop
      vertex 40.9113 -9.14828 26.5
      vertex 39.6146 -10.7023 3
      vertex 39.6146 -10.7023 26.5
    endloop
  endfacet
  facet normal -0.789803 0.613361 0
    outer loop
      vertex 40.9113 -9.14828 3
      vertex 42.1249 -7.58557 26.5
      vertex 42.1249 -7.58557 3
    endloop
  endfacet
  facet normal -0.789803 0.613361 0
    outer loop
      vertex 42.1249 -7.58557 26.5
      vertex 40.9113 -9.14828 3
      vertex 40.9113 -9.14828 26.5
    endloop
  endfacet
  facet normal -0.813028 0.582225 0
    outer loop
      vertex 42.1249 -7.58557 3
      vertex 43.2492 -6.01558 26.5
      vertex 43.2492 -6.01558 3
    endloop
  endfacet
  facet normal -0.813028 0.582225 0
    outer loop
      vertex 43.2492 -6.01558 26.5
      vertex 42.1249 -7.58557 3
      vertex 42.1249 -7.58557 26.5
    endloop
  endfacet
  facet normal -0.837136 0.546995 0
    outer loop
      vertex 43.2492 -6.01558 3
      vertex 44.2789 -4.4397 26.5
      vertex 44.2789 -4.4397 3
    endloop
  endfacet
  facet normal -0.837136 0.546995 0
    outer loop
      vertex 44.2789 -4.4397 26.5
      vertex 43.2492 -6.01558 3
      vertex 43.2492 -6.01558 26.5
    endloop
  endfacet
  facet normal -0.861741 0.507349 0
    outer loop
      vertex 44.2789 -4.4397 3
      vertex 45.2092 -2.85957 26.5
      vertex 45.2092 -2.85957 3
    endloop
  endfacet
  facet normal -0.861741 0.507349 0
    outer loop
      vertex 45.2092 -2.85957 26.5
      vertex 44.2789 -4.4397 3
      vertex 44.2789 -4.4397 26.5
    endloop
  endfacet
  facet normal -0.886265 0.463178 0
    outer loop
      vertex 45.2092 -2.85957 3
      vertex 46.0362 -1.27715 26.5
      vertex 46.0362 -1.27715 3
    endloop
  endfacet
  facet normal -0.886265 0.463178 0
    outer loop
      vertex 46.0362 -1.27715 26.5
      vertex 45.2092 -2.85957 3
      vertex 45.2092 -2.85957 26.5
    endloop
  endfacet
  facet normal -0.910123 0.414337 0
    outer loop
      vertex 46.0362 -1.27715 3
      vertex 46.7569 0.305923 26.5
      vertex 46.7569 0.305923 3
    endloop
  endfacet
  facet normal -0.910123 0.414337 0
    outer loop
      vertex 46.7569 0.305923 26.5
      vertex 46.0362 -1.27715 3
      vertex 46.0362 -1.27715 26.5
    endloop
  endfacet
  facet normal -0.932593 0.360929 0
    outer loop
      vertex 46.7569 0.305923 3
      vertex 47.369 1.88751 26.5
      vertex 47.369 1.88751 3
    endloop
  endfacet
  facet normal -0.932593 0.360929 0
    outer loop
      vertex 47.369 1.88751 26.5
      vertex 46.7569 0.305923 3
      vertex 46.7569 0.305923 26.5
    endloop
  endfacet
  facet normal -0.95299 0.303001 0
    outer loop
      vertex 47.369 1.88751 3
      vertex 47.8707 3.46544 26.5
      vertex 47.8707 3.46544 3
    endloop
  endfacet
  facet normal -0.95299 0.303001 0
    outer loop
      vertex 47.8707 3.46544 26.5
      vertex 47.369 1.88751 3
      vertex 47.369 1.88751 26.5
    endloop
  endfacet
  facet normal -0.970534 0.240966 0
    outer loop
      vertex 47.8707 3.46544 3
      vertex 48.2612 5.03825 26.5
      vertex 48.2612 5.03825 3
    endloop
  endfacet
  facet normal -0.970534 0.240966 0
    outer loop
      vertex 48.2612 5.03825 26.5
      vertex 47.8707 3.46544 3
      vertex 47.8707 3.46544 26.5
    endloop
  endfacet
  facet normal -0.984496 0.175404 0
    outer loop
      vertex 48.2612 5.03825 3
      vertex 48.5401 6.60364 26.5
      vertex 48.5401 6.60364 3
    endloop
  endfacet
  facet normal -0.984496 0.175404 0
    outer loop
      vertex 48.5401 6.60364 26.5
      vertex 48.2612 5.03825 3
      vertex 48.2612 5.03825 26.5
    endloop
  endfacet
  facet normal -0.994292 0.106691 0
    outer loop
      vertex 48.5401 6.60364 3
      vertex 48.7071 8.15997 26.5
      vertex 48.7071 8.15997 3
    endloop
  endfacet
  facet normal -0.994292 0.106691 0
    outer loop
      vertex 48.7071 8.15997 26.5
      vertex 48.5401 6.60364 3
      vertex 48.5401 6.60364 26.5
    endloop
  endfacet
  facet normal -0.999354 0.0359482 0
    outer loop
      vertex 48.7071 8.15997 3
      vertex 48.7627 9.70564 26.5
      vertex 48.7627 9.70564 3
    endloop
  endfacet
  facet normal -0.999354 0.0359482 0
    outer loop
      vertex 48.7627 9.70564 26.5
      vertex 48.7071 8.15997 3
      vertex 48.7071 8.15997 26.5
    endloop
  endfacet
  facet normal -0.999347 -0.0361392 0
    outer loop
      vertex 48.7627 9.70564 3
      vertex 48.7073 11.2376 26.5
      vertex 48.7073 11.2376 3
    endloop
  endfacet
  facet normal -0.999347 -0.0361392 0
    outer loop
      vertex 48.7073 11.2376 26.5
      vertex 48.7627 9.70564 3
      vertex 48.7627 9.70564 26.5
    endloop
  endfacet
  facet normal -0.994078 -0.108669 0
    outer loop
      vertex 48.7073 11.2376 3
      vertex 48.5415 12.7543 26.5
      vertex 48.5415 12.7543 3
    endloop
  endfacet
  facet normal -0.994078 -0.108669 0
    outer loop
      vertex 48.5415 12.7543 26.5
      vertex 48.7073 11.2376 3
      vertex 48.7073 11.2376 26.5
    endloop
  endfacet
  facet normal -0.983516 -0.180821 0
    outer loop
      vertex 48.5415 12.7543 3
      vertex 48.2662 14.2517 26.5
      vertex 48.2662 14.2517 3
    endloop
  endfacet
  facet normal -0.983516 -0.180821 0
    outer loop
      vertex 48.2662 14.2517 26.5
      vertex 48.5415 12.7543 3
      vertex 48.5415 12.7543 26.5
    endloop
  endfacet
  facet normal -0.967823 -0.251634 0
    outer loop
      vertex 48.2662 14.2517 3
      vertex 47.8827 15.7267 26.5
      vertex 47.8827 15.7267 3
    endloop
  endfacet
  facet normal -0.967823 -0.251634 0
    outer loop
      vertex 47.8827 15.7267 26.5
      vertex 48.2662 14.2517 3
      vertex 48.2662 14.2517 26.5
    endloop
  endfacet
  facet normal -0.947235 -0.320541 0
    outer loop
      vertex 47.8827 15.7267 3
      vertex 47.3926 17.175 26.5
      vertex 47.3926 17.175 3
    endloop
  endfacet
  facet normal -0.947235 -0.320541 0
    outer loop
      vertex 47.3926 17.175 26.5
      vertex 47.8827 15.7267 3
      vertex 47.8827 15.7267 26.5
    endloop
  endfacet
  facet normal -0.92203 -0.38712 0
    outer loop
      vertex 47.3926 17.175 3
      vertex 46.798 18.5912 26.5
      vertex 46.798 18.5912 3
    endloop
  endfacet
  facet normal -0.92203 -0.38712 0
    outer loop
      vertex 46.798 18.5912 26.5
      vertex 47.3926 17.175 3
      vertex 47.3926 17.175 26.5
    endloop
  endfacet
  facet normal -0.892647 -0.450757 0
    outer loop
      vertex 46.798 18.5912 3
      vertex 46.1015 19.9705 26.5
      vertex 46.1015 19.9705 3
    endloop
  endfacet
  facet normal -0.892647 -0.450757 0
    outer loop
      vertex 46.1015 19.9705 26.5
      vertex 46.798 18.5912 3
      vertex 46.798 18.5912 26.5
    endloop
  endfacet
  facet normal -0.859428 -0.511257 0
    outer loop
      vertex 46.1015 19.9705 3
      vertex 45.3068 21.3064 26.5
      vertex 45.3068 21.3064 3
    endloop
  endfacet
  facet normal -0.859428 -0.511257 0
    outer loop
      vertex 45.3068 21.3064 26.5
      vertex 46.1015 19.9705 3
      vertex 46.1015 19.9705 26.5
    endloop
  endfacet
  facet normal -0.822678 -0.568508 0
    outer loop
      vertex 45.3068 21.3064 3
      vertex 44.4177 22.593 26.5
      vertex 44.4177 22.593 3
    endloop
  endfacet
  facet normal -0.822678 -0.568508 0
    outer loop
      vertex 44.4177 22.593 26.5
      vertex 45.3068 21.3064 3
      vertex 45.3068 21.3064 26.5
    endloop
  endfacet
  facet normal -0.782757 -0.622327 0
    outer loop
      vertex 44.4177 22.593 3
      vertex 43.439 23.824 26.5
      vertex 43.439 23.824 3
    endloop
  endfacet
  facet normal -0.782757 -0.622327 0
    outer loop
      vertex 43.439 23.824 26.5
      vertex 44.4177 22.593 3
      vertex 44.4177 22.593 26.5
    endloop
  endfacet
  facet normal -0.73992 -0.672695 0
    outer loop
      vertex 43.439 23.824 3
      vertex 42.3763 24.9929 26.5
      vertex 42.3763 24.9929 3
    endloop
  endfacet
  facet normal -0.73992 -0.672695 0
    outer loop
      vertex 42.3763 24.9929 26.5
      vertex 43.439 23.824 3
      vertex 43.439 23.824 26.5
    endloop
  endfacet
  facet normal -0.694311 -0.719675 0
    outer loop
      vertex 41.2357 26.0933 3
      vertex 42.3763 24.9929 26.5
      vertex 41.2357 26.0933 26.5
    endloop
  endfacet
  facet normal -0.694311 -0.719675 -0
    outer loop
      vertex 42.3763 24.9929 26.5
      vertex 41.2357 26.0933 3
      vertex 42.3763 24.9929 3
    endloop
  endfacet
  facet normal -0.646148 -0.763212 0
    outer loop
      vertex 40.0237 27.1194 3
      vertex 41.2357 26.0933 26.5
      vertex 40.0237 27.1194 26.5
    endloop
  endfacet
  facet normal -0.646148 -0.763212 -0
    outer loop
      vertex 41.2357 26.0933 26.5
      vertex 40.0237 27.1194 3
      vertex 41.2357 26.0933 3
    endloop
  endfacet
  facet normal -0.595498 -0.803356 0
    outer loop
      vertex 38.7475 28.0654 3
      vertex 40.0237 27.1194 26.5
      vertex 38.7475 28.0654 26.5
    endloop
  endfacet
  facet normal -0.595498 -0.803356 -0
    outer loop
      vertex 40.0237 27.1194 26.5
      vertex 38.7475 28.0654 3
      vertex 40.0237 27.1194 3
    endloop
  endfacet
  facet normal -0.542525 -0.84004 0
    outer loop
      vertex 37.4148 28.9261 3
      vertex 38.7475 28.0654 26.5
      vertex 37.4148 28.9261 26.5
    endloop
  endfacet
  facet normal -0.542525 -0.84004 -0
    outer loop
      vertex 38.7475 28.0654 26.5
      vertex 37.4148 28.9261 3
      vertex 38.7475 28.0654 3
    endloop
  endfacet
  facet normal -0.4873 -0.873235 0
    outer loop
      vertex 36.033 29.6972 3
      vertex 37.4148 28.9261 26.5
      vertex 36.033 29.6972 26.5
    endloop
  endfacet
  facet normal -0.4873 -0.873235 -0
    outer loop
      vertex 37.4148 28.9261 26.5
      vertex 36.033 29.6972 3
      vertex 37.4148 28.9261 3
    endloop
  endfacet
  facet normal -0.429867 -0.902892 0
    outer loop
      vertex 34.6104 30.3745 3
      vertex 36.033 29.6972 26.5
      vertex 34.6104 30.3745 26.5
    endloop
  endfacet
  facet normal -0.429867 -0.902892 -0
    outer loop
      vertex 36.033 29.6972 26.5
      vertex 34.6104 30.3745 3
      vertex 36.033 29.6972 3
    endloop
  endfacet
  facet normal -0.370268 -0.928925 0
    outer loop
      vertex 33.1553 30.9545 3
      vertex 34.6104 30.3745 26.5
      vertex 33.1553 30.9545 26.5
    endloop
  endfacet
  facet normal -0.370268 -0.928925 -0
    outer loop
      vertex 34.6104 30.3745 26.5
      vertex 33.1553 30.9545 3
      vertex 34.6104 30.3745 3
    endloop
  endfacet
  facet normal -0.308835 -0.951116 0
    outer loop
      vertex 31.6752 31.4351 3
      vertex 33.1553 30.9545 26.5
      vertex 31.6752 31.4351 26.5
    endloop
  endfacet
  facet normal -0.308835 -0.951116 -0
    outer loop
      vertex 33.1553 30.9545 26.5
      vertex 31.6752 31.4351 3
      vertex 33.1553 30.9545 3
    endloop
  endfacet
  facet normal -0.245507 -0.969395 0
    outer loop
      vertex 30.1787 31.8141 3
      vertex 31.6752 31.4351 26.5
      vertex 30.1787 31.8141 26.5
    endloop
  endfacet
  facet normal -0.245507 -0.969395 -0
    outer loop
      vertex 31.6752 31.4351 26.5
      vertex 30.1787 31.8141 3
      vertex 31.6752 31.4351 3
    endloop
  endfacet
  facet normal -0.18069 -0.98354 0
    outer loop
      vertex 28.6731 32.0907 3
      vertex 30.1787 31.8141 26.5
      vertex 28.6731 32.0907 26.5
    endloop
  endfacet
  facet normal -0.18069 -0.98354 -0
    outer loop
      vertex 30.1787 31.8141 26.5
      vertex 28.6731 32.0907 3
      vertex 30.1787 31.8141 3
    endloop
  endfacet
  facet normal -0.114577 -0.993414 0
    outer loop
      vertex 27.1662 32.2645 3
      vertex 28.6731 32.0907 26.5
      vertex 27.1662 32.2645 26.5
    endloop
  endfacet
  facet normal -0.114577 -0.993414 -0
    outer loop
      vertex 28.6731 32.0907 26.5
      vertex 27.1662 32.2645 3
      vertex 28.6731 32.0907 3
    endloop
  endfacet
  facet normal -0.0476474 -0.998864 0
    outer loop
      vertex 25.6652 32.3361 3
      vertex 27.1662 32.2645 26.5
      vertex 25.6652 32.3361 26.5
    endloop
  endfacet
  facet normal -0.0476474 -0.998864 -0
    outer loop
      vertex 27.1662 32.2645 26.5
      vertex 25.6652 32.3361 3
      vertex 27.1662 32.2645 3
    endloop
  endfacet
  facet normal 0.019949 -0.999801 0
    outer loop
      vertex 24.1767 32.3064 3
      vertex 25.6652 32.3361 26.5
      vertex 24.1767 32.3064 26.5
    endloop
  endfacet
  facet normal 0.019949 -0.999801 0
    outer loop
      vertex 25.6652 32.3361 26.5
      vertex 24.1767 32.3064 3
      vertex 25.6652 32.3361 3
    endloop
  endfacet
  facet normal 0.0874168 -0.996172 0
    outer loop
      vertex 22.7078 32.1775 3
      vertex 24.1767 32.3064 26.5
      vertex 22.7078 32.1775 26.5
    endloop
  endfacet
  facet normal 0.0874168 -0.996172 0
    outer loop
      vertex 24.1767 32.3064 26.5
      vertex 22.7078 32.1775 3
      vertex 24.1767 32.3064 3
    endloop
  endfacet
  facet normal 0.154529 -0.987988 0
    outer loop
      vertex 21.2635 31.9516 3
      vertex 22.7078 32.1775 26.5
      vertex 21.2635 31.9516 26.5
    endloop
  endfacet
  facet normal 0.154529 -0.987988 0
    outer loop
      vertex 22.7078 32.1775 26.5
      vertex 21.2635 31.9516 3
      vertex 22.7078 32.1775 3
    endloop
  endfacet
  facet normal 0.220481 -0.975391 0
    outer loop
      vertex 19.8505 31.6322 3
      vertex 21.2635 31.9516 26.5
      vertex 19.8505 31.6322 26.5
    endloop
  endfacet
  facet normal 0.220481 -0.975391 0
    outer loop
      vertex 21.2635 31.9516 26.5
      vertex 19.8505 31.6322 3
      vertex 21.2635 31.9516 3
    endloop
  endfacet
  facet normal 0.285195 -0.95847 0
    outer loop
      vertex 18.4736 31.2225 3
      vertex 19.8505 31.6322 26.5
      vertex 18.4736 31.2225 26.5
    endloop
  endfacet
  facet normal 0.285195 -0.95847 0
    outer loop
      vertex 19.8505 31.6322 26.5
      vertex 18.4736 31.2225 3
      vertex 19.8505 31.6322 3
    endloop
  endfacet
  facet normal 0.347767 -0.937581 0
    outer loop
      vertex 17.138 30.7271 3
      vertex 18.4736 31.2225 26.5
      vertex 17.138 30.7271 26.5
    endloop
  endfacet
  facet normal 0.347767 -0.937581 0
    outer loop
      vertex 18.4736 31.2225 26.5
      vertex 17.138 30.7271 3
      vertex 18.4736 31.2225 3
    endloop
  endfacet
  facet normal 0.407885 -0.913033 0
    outer loop
      vertex 15.8482 30.1509 3
      vertex 17.138 30.7271 26.5
      vertex 15.8482 30.1509 26.5
    endloop
  endfacet
  facet normal 0.407885 -0.913033 0
    outer loop
      vertex 17.138 30.7271 26.5
      vertex 15.8482 30.1509 3
      vertex 17.138 30.7271 3
    endloop
  endfacet
  facet normal 0.46529 -0.885158 0
    outer loop
      vertex 14.6088 29.4994 3
      vertex 15.8482 30.1509 26.5
      vertex 14.6088 29.4994 26.5
    endloop
  endfacet
  facet normal 0.46529 -0.885158 0
    outer loop
      vertex 15.8482 30.1509 26.5
      vertex 14.6088 29.4994 3
      vertex 15.8482 30.1509 3
    endloop
  endfacet
  facet normal 0.519544 -0.854443 0
    outer loop
      vertex 13.4237 28.7788 3
      vertex 14.6088 29.4994 26.5
      vertex 13.4237 28.7788 26.5
    endloop
  endfacet
  facet normal 0.519544 -0.854443 0
    outer loop
      vertex 14.6088 29.4994 26.5
      vertex 13.4237 28.7788 3
      vertex 14.6088 29.4994 3
    endloop
  endfacet
  facet normal 0.570486 -0.821307 0
    outer loop
      vertex 12.2963 27.9957 3
      vertex 13.4237 28.7788 26.5
      vertex 12.2963 27.9957 26.5
    endloop
  endfacet
  facet normal 0.570486 -0.821307 0
    outer loop
      vertex 13.4237 28.7788 26.5
      vertex 12.2963 27.9957 3
      vertex 13.4237 28.7788 3
    endloop
  endfacet
  facet normal 0.617962 -0.786208 0
    outer loop
      vertex 11.2304 27.1579 3
      vertex 12.2963 27.9957 26.5
      vertex 11.2304 27.1579 26.5
    endloop
  endfacet
  facet normal 0.617962 -0.786208 0
    outer loop
      vertex 12.2963 27.9957 26.5
      vertex 11.2304 27.1579 3
      vertex 12.2963 27.9957 3
    endloop
  endfacet
  facet normal 0.661998 -0.749506 0
    outer loop
      vertex 10.2283 26.2728 3
      vertex 11.2304 27.1579 26.5
      vertex 10.2283 26.2728 26.5
    endloop
  endfacet
  facet normal 0.661998 -0.749506 0
    outer loop
      vertex 11.2304 27.1579 26.5
      vertex 10.2283 26.2728 3
      vertex 11.2304 27.1579 3
    endloop
  endfacet
  facet normal 0.702497 -0.711687 0
    outer loop
      vertex 9.29282 25.3494 3
      vertex 10.2283 26.2728 26.5
      vertex 9.29282 25.3494 26.5
    endloop
  endfacet
  facet normal 0.702497 -0.711687 0
    outer loop
      vertex 10.2283 26.2728 26.5
      vertex 9.29282 25.3494 3
      vertex 10.2283 26.2728 3
    endloop
  endfacet
  facet normal 0.739527 -0.673127 0
    outer loop
      vertex 8.42566 24.3967 26.5
      vertex 9.29282 25.3494 3
      vertex 9.29282 25.3494 26.5
    endloop
  endfacet
  facet normal 0.739527 -0.673127 0
    outer loop
      vertex 9.29282 25.3494 3
      vertex 8.42566 24.3967 26.5
      vertex 8.42566 24.3967 3
    endloop
  endfacet
  facet normal 0.773265 -0.634082 0
    outer loop
      vertex 7.62804 23.424 26.5
      vertex 8.42566 24.3967 3
      vertex 8.42566 24.3967 26.5
    endloop
  endfacet
  facet normal 0.773265 -0.634082 0
    outer loop
      vertex 8.42566 24.3967 3
      vertex 7.62804 23.424 26.5
      vertex 7.62804 23.424 3
    endloop
  endfacet
  facet normal 0.803889 -0.59478 0
    outer loop
      vertex 6.90074 22.441 26.5
      vertex 7.62804 23.424 3
      vertex 7.62804 23.424 26.5
    endloop
  endfacet
  facet normal 0.803889 -0.59478 0
    outer loop
      vertex 7.62804 23.424 3
      vertex 6.90074 22.441 26.5
      vertex 6.90074 22.441 3
    endloop
  endfacet
  facet normal 0.831471 -0.555568 0
    outer loop
      vertex 6.24379 21.4578 26.5
      vertex 6.90074 22.441 3
      vertex 6.90074 22.441 26.5
    endloop
  endfacet
  facet normal 0.831471 -0.555568 0
    outer loop
      vertex 6.90074 22.441 3
      vertex 6.24379 21.4578 26.5
      vertex 6.24379 21.4578 3
    endloop
  endfacet
  facet normal 0.856291 -0.516493 0
    outer loop
      vertex 5.65678 20.4846 26.5
      vertex 6.24379 21.4578 3
      vertex 6.24379 21.4578 26.5
    endloop
  endfacet
  facet normal 0.856291 -0.516493 0
    outer loop
      vertex 6.24379 21.4578 3
      vertex 5.65678 20.4846 26.5
      vertex 5.65678 20.4846 3
    endloop
  endfacet
  facet normal 0.878441 -0.477851 0
    outer loop
      vertex 5.13837 19.5316 26.5
      vertex 5.65678 20.4846 3
      vertex 5.65678 20.4846 26.5
    endloop
  endfacet
  facet normal 0.878441 -0.477851 0
    outer loop
      vertex 5.65678 20.4846 3
      vertex 5.13837 19.5316 26.5
      vertex 5.13837 19.5316 3
    endloop
  endfacet
  facet normal 0.898231 -0.439523 0
    outer loop
      vertex 4.68658 18.6083 26.5
      vertex 5.13837 19.5316 3
      vertex 5.13837 19.5316 26.5
    endloop
  endfacet
  facet normal 0.898231 -0.439523 0
    outer loop
      vertex 5.13837 19.5316 3
      vertex 4.68658 18.6083 26.5
      vertex 4.68658 18.6083 3
    endloop
  endfacet
  facet normal 0.91572 -0.401818 0
    outer loop
      vertex 4.2989 17.7248 26.5
      vertex 4.68658 18.6083 3
      vertex 4.68658 18.6083 26.5
    endloop
  endfacet
  facet normal 0.91572 -0.401818 0
    outer loop
      vertex 4.68658 18.6083 3
      vertex 4.2989 17.7248 26.5
      vertex 4.2989 17.7248 3
    endloop
  endfacet
  facet normal 0.931196 -0.364518 0
    outer loop
      vertex 3.97243 16.8908 26.5
      vertex 4.2989 17.7248 3
      vertex 4.2989 17.7248 26.5
    endloop
  endfacet
  facet normal 0.931196 -0.364518 0
    outer loop
      vertex 4.2989 17.7248 3
      vertex 3.97243 16.8908 26.5
      vertex 3.97243 16.8908 3
    endloop
  endfacet
  facet normal 0.944708 -0.327912 0
    outer loop
      vertex 3.70332 16.1155 26.5
      vertex 3.97243 16.8908 3
      vertex 3.97243 16.8908 26.5
    endloop
  endfacet
  facet normal 0.944708 -0.327912 0
    outer loop
      vertex 3.97243 16.8908 3
      vertex 3.70332 16.1155 26.5
      vertex 3.70332 16.1155 3
    endloop
  endfacet
  facet normal 0.956483 -0.291789 0
    outer loop
      vertex 3.48709 15.4067 26.5
      vertex 3.70332 16.1155 3
      vertex 3.70332 16.1155 26.5
    endloop
  endfacet
  facet normal 0.956483 -0.291789 0
    outer loop
      vertex 3.70332 16.1155 3
      vertex 3.48709 15.4067 26.5
      vertex 3.48709 15.4067 3
    endloop
  endfacet
  facet normal 0.966638 -0.256148 0
    outer loop
      vertex 3.31914 14.7729 26.5
      vertex 3.48709 15.4067 3
      vertex 3.48709 15.4067 26.5
    endloop
  endfacet
  facet normal 0.966638 -0.256148 0
    outer loop
      vertex 3.48709 15.4067 3
      vertex 3.31914 14.7729 26.5
      vertex 3.31914 14.7729 3
    endloop
  endfacet
  facet normal 0.97526 -0.221061 0
    outer loop
      vertex 3.1942 14.2217 26.5
      vertex 3.31914 14.7729 3
      vertex 3.31914 14.7729 26.5
    endloop
  endfacet
  facet normal 0.97526 -0.221061 0
    outer loop
      vertex 3.31914 14.7729 3
      vertex 3.1942 14.2217 26.5
      vertex 3.1942 14.2217 3
    endloop
  endfacet
  facet normal 0.982466 -0.186444 0
    outer loop
      vertex 3.10626 13.7583 26.5
      vertex 3.1942 14.2217 3
      vertex 3.1942 14.2217 26.5
    endloop
  endfacet
  facet normal 0.982466 -0.186444 0
    outer loop
      vertex 3.1942 14.2217 3
      vertex 3.10626 13.7583 26.5
      vertex 3.10626 13.7583 3
    endloop
  endfacet
  facet normal 0.988348 -0.152208 0
    outer loop
      vertex 3.04951 13.3898 26.5
      vertex 3.10626 13.7583 3
      vertex 3.10626 13.7583 26.5
    endloop
  endfacet
  facet normal 0.988348 -0.152208 0
    outer loop
      vertex 3.10626 13.7583 3
      vertex 3.04951 13.3898 26.5
      vertex 3.04951 13.3898 3
    endloop
  endfacet
  facet normal 0.992973 -0.118341 0
    outer loop
      vertex 3.01732 13.1197 26.5
      vertex 3.04951 13.3898 3
      vertex 3.04951 13.3898 26.5
    endloop
  endfacet
  facet normal 0.992973 -0.118341 0
    outer loop
      vertex 3.04951 13.3898 3
      vertex 3.01732 13.1197 26.5
      vertex 3.01732 13.1197 3
    endloop
  endfacet
  facet normal 0.996394 -0.0848473 0
    outer loop
      vertex 3.00298 12.9513 26.5
      vertex 3.01732 13.1197 3
      vertex 3.01732 13.1197 26.5
    endloop
  endfacet
  facet normal 0.996394 -0.0848473 0
    outer loop
      vertex 3.01732 13.1197 3
      vertex 3.00298 12.9513 26.5
      vertex 3.00298 12.9513 3
    endloop
  endfacet
  facet normal 0.99863 -0.0523234 0
    outer loop
      vertex 2.99948 12.8845 26.5
      vertex 3.00298 12.9513 3
      vertex 3.00298 12.9513 26.5
    endloop
  endfacet
  facet normal 0.99863 -0.0523234 0
    outer loop
      vertex 3.00298 12.9513 3
      vertex 2.99948 12.8845 26.5
      vertex 2.99948 12.8845 3
    endloop
  endfacet
  facet normal 0.999781 -0.0209256 0
    outer loop
      vertex 2.9993 12.8759 26.5
      vertex 2.99948 12.8845 3
      vertex 2.99948 12.8845 26.5
    endloop
  endfacet
  facet normal 0.999781 -0.0209256 0
    outer loop
      vertex 2.99948 12.8845 3
      vertex 2.9993 12.8759 26.5
      vertex 2.9993 12.8759 3
    endloop
  endfacet
  facet normal 0.999023 -0.0441947 0
    outer loop
      vertex 2.99335 12.7414 26.5
      vertex 2.9993 12.8759 3
      vertex 2.9993 12.8759 26.5
    endloop
  endfacet
  facet normal 0.999023 -0.0441947 0
    outer loop
      vertex 2.9993 12.8759 3
      vertex 2.99335 12.7414 26.5
      vertex 2.99335 12.7414 3
    endloop
  endfacet
  facet normal 0.996033 -0.0889819 0
    outer loop
      vertex 2.98137 12.6073 26.5
      vertex 2.99335 12.7414 3
      vertex 2.99335 12.7414 26.5
    endloop
  endfacet
  facet normal 0.996033 -0.0889819 0
    outer loop
      vertex 2.99335 12.7414 3
      vertex 2.98137 12.6073 26.5
      vertex 2.98137 12.6073 3
    endloop
  endfacet
  facet normal 0.991039 -0.133575 0
    outer loop
      vertex 2.96339 12.4739 26.5
      vertex 2.98137 12.6073 3
      vertex 2.98137 12.6073 26.5
    endloop
  endfacet
  facet normal 0.991039 -0.133575 0
    outer loop
      vertex 2.98137 12.6073 3
      vertex 2.96339 12.4739 26.5
      vertex 2.96339 12.4739 3
    endloop
  endfacet
  facet normal 0.984054 -0.177872 0
    outer loop
      vertex 2.93944 12.3414 26.5
      vertex 2.96339 12.4739 3
      vertex 2.96339 12.4739 26.5
    endloop
  endfacet
  facet normal 0.984054 -0.177872 0
    outer loop
      vertex 2.96339 12.4739 3
      vertex 2.93944 12.3414 26.5
      vertex 2.93944 12.3414 3
    endloop
  endfacet
  facet normal 0.975066 -0.221917 0
    outer loop
      vertex 2.90958 12.2102 26.5
      vertex 2.93944 12.3414 3
      vertex 2.93944 12.3414 26.5
    endloop
  endfacet
  facet normal 0.975066 -0.221917 0
    outer loop
      vertex 2.93944 12.3414 3
      vertex 2.90958 12.2102 26.5
      vertex 2.90958 12.2102 3
    endloop
  endfacet
  facet normal 0.964158 -0.265329 0
    outer loop
      vertex 2.87386 12.0804 26.5
      vertex 2.90958 12.2102 3
      vertex 2.90958 12.2102 26.5
    endloop
  endfacet
  facet normal 0.964158 -0.265329 0
    outer loop
      vertex 2.90958 12.2102 3
      vertex 2.87386 12.0804 26.5
      vertex 2.87386 12.0804 3
    endloop
  endfacet
  facet normal 0.951279 -0.30833 0
    outer loop
      vertex 2.83234 11.9523 26.5
      vertex 2.87386 12.0804 3
      vertex 2.87386 12.0804 26.5
    endloop
  endfacet
  facet normal 0.951279 -0.30833 0
    outer loop
      vertex 2.87386 12.0804 3
      vertex 2.83234 11.9523 26.5
      vertex 2.83234 11.9523 3
    endloop
  endfacet
  facet normal 0.936469 -0.350749 0
    outer loop
      vertex 2.78511 11.8262 26.5
      vertex 2.83234 11.9523 3
      vertex 2.83234 11.9523 26.5
    endloop
  endfacet
  facet normal 0.936469 -0.350749 0
    outer loop
      vertex 2.83234 11.9523 3
      vertex 2.78511 11.8262 26.5
      vertex 2.78511 11.8262 3
    endloop
  endfacet
  facet normal 0.919755 -0.392493 0
    outer loop
      vertex 2.73228 11.7024 26.5
      vertex 2.78511 11.8262 3
      vertex 2.78511 11.8262 26.5
    endloop
  endfacet
  facet normal 0.919755 -0.392493 0
    outer loop
      vertex 2.78511 11.8262 3
      vertex 2.73228 11.7024 26.5
      vertex 2.73228 11.7024 3
    endloop
  endfacet
  facet normal 0.901413 -0.43296 0
    outer loop
      vertex 2.67397 11.581 26.5
      vertex 2.73228 11.7024 3
      vertex 2.73228 11.7024 26.5
    endloop
  endfacet
  facet normal 0.901413 -0.43296 0
    outer loop
      vertex 2.73228 11.7024 3
      vertex 2.67397 11.581 26.5
      vertex 2.67397 11.581 3
    endloop
  endfacet
  facet normal 0.880879 -0.473342 0
    outer loop
      vertex 2.61024 11.4624 26.5
      vertex 2.67397 11.581 3
      vertex 2.67397 11.581 26.5
    endloop
  endfacet
  facet normal 0.880879 -0.473342 0
    outer loop
      vertex 2.67397 11.581 3
      vertex 2.61024 11.4624 26.5
      vertex 2.61024 11.4624 3
    endloop
  endfacet
  facet normal 0.858801 -0.512309 0
    outer loop
      vertex 2.54128 11.3468 26.5
      vertex 2.61024 11.4624 3
      vertex 2.61024 11.4624 26.5
    endloop
  endfacet
  facet normal 0.858801 -0.512309 0
    outer loop
      vertex 2.61024 11.4624 3
      vertex 2.54128 11.3468 26.5
      vertex 2.54128 11.3468 3
    endloop
  endfacet
  facet normal 0.83493 -0.550356 0
    outer loop
      vertex 2.46719 11.2344 26.5
      vertex 2.54128 11.3468 3
      vertex 2.54128 11.3468 26.5
    endloop
  endfacet
  facet normal 0.83493 -0.550356 0
    outer loop
      vertex 2.54128 11.3468 3
      vertex 2.46719 11.2344 26.5
      vertex 2.46719 11.2344 3
    endloop
  endfacet
  facet normal 0.809522 -0.587089 0
    outer loop
      vertex 2.38814 11.1254 26.5
      vertex 2.46719 11.2344 3
      vertex 2.46719 11.2344 26.5
    endloop
  endfacet
  facet normal 0.809522 -0.587089 0
    outer loop
      vertex 2.46719 11.2344 3
      vertex 2.38814 11.1254 26.5
      vertex 2.38814 11.1254 3
    endloop
  endfacet
  facet normal 0.782172 -0.623063 0
    outer loop
      vertex 2.30426 11.0201 26.5
      vertex 2.38814 11.1254 3
      vertex 2.38814 11.1254 26.5
    endloop
  endfacet
  facet normal 0.782172 -0.623063 0
    outer loop
      vertex 2.38814 11.1254 3
      vertex 2.30426 11.0201 26.5
      vertex 2.30426 11.0201 3
    endloop
  endfacet
  facet normal 0.753405 -0.657557 0
    outer loop
      vertex 2.21576 10.9187 26.5
      vertex 2.30426 11.0201 3
      vertex 2.30426 11.0201 26.5
    endloop
  endfacet
  facet normal 0.753405 -0.657557 0
    outer loop
      vertex 2.30426 11.0201 3
      vertex 2.21576 10.9187 26.5
      vertex 2.21576 10.9187 3
    endloop
  endfacet
  facet normal 0.723366 -0.690465 0
    outer loop
      vertex 2.12279 10.8213 26.5
      vertex 2.21576 10.9187 3
      vertex 2.21576 10.9187 26.5
    endloop
  endfacet
  facet normal 0.723366 -0.690465 0
    outer loop
      vertex 2.21576 10.9187 3
      vertex 2.12279 10.8213 26.5
      vertex 2.12279 10.8213 3
    endloop
  endfacet
  facet normal 0.691526 -0.722351 0
    outer loop
      vertex 2.02554 10.7282 3
      vertex 2.12279 10.8213 26.5
      vertex 2.02554 10.7282 26.5
    endloop
  endfacet
  facet normal 0.691526 -0.722351 0
    outer loop
      vertex 2.12279 10.8213 26.5
      vertex 2.02554 10.7282 3
      vertex 2.12279 10.8213 3
    endloop
  endfacet
  facet normal 0.658273 -0.752779 0
    outer loop
      vertex 1.92422 10.6396 3
      vertex 2.02554 10.7282 26.5
      vertex 1.92422 10.6396 26.5
    endloop
  endfacet
  facet normal 0.658273 -0.752779 0
    outer loop
      vertex 2.02554 10.7282 26.5
      vertex 1.92422 10.6396 3
      vertex 2.02554 10.7282 3
    endloop
  endfacet
  facet normal 0.624423 -0.781086 0
    outer loop
      vertex 1.81902 10.5555 3
      vertex 1.92422 10.6396 26.5
      vertex 1.81902 10.5555 26.5
    endloop
  endfacet
  facet normal 0.624423 -0.781086 0
    outer loop
      vertex 1.92422 10.6396 26.5
      vertex 1.81902 10.5555 3
      vertex 1.92422 10.6396 3
    endloop
  endfacet
  facet normal 0.588313 -0.808633 0
    outer loop
      vertex 1.71016 10.4763 3
      vertex 1.81902 10.5555 26.5
      vertex 1.71016 10.4763 26.5
    endloop
  endfacet
  facet normal 0.588313 -0.808633 0
    outer loop
      vertex 1.81902 10.5555 26.5
      vertex 1.71016 10.4763 3
      vertex 1.81902 10.5555 3
    endloop
  endfacet
  facet normal 0.551232 -0.834352 0
    outer loop
      vertex 1.59785 10.4021 3
      vertex 1.71016 10.4763 26.5
      vertex 1.59785 10.4021 26.5
    endloop
  endfacet
  facet normal 0.551232 -0.834352 0
    outer loop
      vertex 1.71016 10.4763 26.5
      vertex 1.59785 10.4021 3
      vertex 1.71016 10.4763 3
    endloop
  endfacet
  facet normal 0.513337 -0.858187 0
    outer loop
      vertex 1.48233 10.333 3
      vertex 1.59785 10.4021 26.5
      vertex 1.48233 10.333 26.5
    endloop
  endfacet
  facet normal 0.513337 -0.858187 0
    outer loop
      vertex 1.59785 10.4021 26.5
      vertex 1.48233 10.333 3
      vertex 1.59785 10.4021 3
    endloop
  endfacet
  facet normal 0.4746 -0.880201 0
    outer loop
      vertex 1.36382 10.2691 3
      vertex 1.48233 10.333 26.5
      vertex 1.36382 10.2691 26.5
    endloop
  endfacet
  facet normal 0.4746 -0.880201 0
    outer loop
      vertex 1.48233 10.333 26.5
      vertex 1.36382 10.2691 3
      vertex 1.48233 10.333 3
    endloop
  endfacet
  facet normal 0.434541 -0.900652 0
    outer loop
      vertex 1.24257 10.2106 3
      vertex 1.36382 10.2691 26.5
      vertex 1.24257 10.2106 26.5
    endloop
  endfacet
  facet normal 0.434541 -0.900652 0
    outer loop
      vertex 1.36382 10.2691 26.5
      vertex 1.24257 10.2106 3
      vertex 1.36382 10.2691 3
    endloop
  endfacet
  facet normal 0.393641 -0.919264 0
    outer loop
      vertex 1.1188 10.1576 3
      vertex 1.24257 10.2106 26.5
      vertex 1.1188 10.1576 26.5
    endloop
  endfacet
  facet normal 0.393641 -0.919264 0
    outer loop
      vertex 1.24257 10.2106 26.5
      vertex 1.1188 10.1576 3
      vertex 1.24257 10.2106 3
    endloop
  endfacet
  facet normal 0.352095 -0.935964 0
    outer loop
      vertex 0.992798 10.1102 3
      vertex 1.1188 10.1576 26.5
      vertex 0.992798 10.1102 26.5
    endloop
  endfacet
  facet normal 0.352095 -0.935964 0
    outer loop
      vertex 1.1188 10.1576 26.5
      vertex 0.992798 10.1102 3
      vertex 1.1188 10.1576 3
    endloop
  endfacet
  facet normal 0.309745 -0.95082 0
    outer loop
      vertex 0.864792 10.0685 3
      vertex 0.992798 10.1102 26.5
      vertex 0.864792 10.0685 26.5
    endloop
  endfacet
  facet normal 0.309745 -0.95082 0
    outer loop
      vertex 0.992798 10.1102 26.5
      vertex 0.864792 10.0685 3
      vertex 0.992798 10.1102 3
    endloop
  endfacet
  facet normal 0.266646 -0.963795 0
    outer loop
      vertex 0.735031 10.0326 3
      vertex 0.864792 10.0685 26.5
      vertex 0.735031 10.0326 26.5
    endloop
  endfacet
  facet normal 0.266646 -0.963795 0
    outer loop
      vertex 0.864792 10.0685 26.5
      vertex 0.735031 10.0326 3
      vertex 0.864792 10.0685 3
    endloop
  endfacet
  facet normal 0.223571 -0.974688 0
    outer loop
      vertex 0.603806 10.0025 3
      vertex 0.735031 10.0326 26.5
      vertex 0.603806 10.0025 26.5
    endloop
  endfacet
  facet normal 0.223571 -0.974688 0
    outer loop
      vertex 0.735031 10.0326 26.5
      vertex 0.603806 10.0025 3
      vertex 0.735031 10.0326 3
    endloop
  endfacet
  facet normal 0.178876 -0.983872 0
    outer loop
      vertex 0.471359 9.97842 3
      vertex 0.603806 10.0025 26.5
      vertex 0.471359 9.97842 26.5
    endloop
  endfacet
  facet normal 0.178876 -0.983872 0
    outer loop
      vertex 0.603806 10.0025 26.5
      vertex 0.471359 9.97842 3
      vertex 0.603806 10.0025 3
    endloop
  endfacet
  facet normal 0.134808 -0.990872 0
    outer loop
      vertex 0.337952 9.96027 3
      vertex 0.471359 9.97842 26.5
      vertex 0.337952 9.96027 26.5
    endloop
  endfacet
  facet normal 0.134808 -0.990872 0
    outer loop
      vertex 0.471359 9.97842 26.5
      vertex 0.337952 9.96027 3
      vertex 0.471359 9.97842 3
    endloop
  endfacet
  facet normal 0.0903958 -0.995906 0
    outer loop
      vertex 0.203873 9.9481 3
      vertex 0.337952 9.96027 26.5
      vertex 0.203873 9.9481 26.5
    endloop
  endfacet
  facet normal 0.0903958 -0.995906 0
    outer loop
      vertex 0.337952 9.96027 26.5
      vertex 0.203873 9.9481 3
      vertex 0.337952 9.96027 3
    endloop
  endfacet
  facet normal 0.0455371 -0.998963 0
    outer loop
      vertex 0.069397 9.94197 3
      vertex 0.203873 9.9481 26.5
      vertex 0.069397 9.94197 26.5
    endloop
  endfacet
  facet normal 0.0455371 -0.998963 0
    outer loop
      vertex 0.203873 9.9481 26.5
      vertex 0.069397 9.94197 3
      vertex 0.203873 9.9481 3
    endloop
  endfacet
  facet normal 0.000817064 -1 0
    outer loop
      vertex -0.0652313 9.94186 3
      vertex 0.069397 9.94197 26.5
      vertex -0.0652313 9.94186 26.5
    endloop
  endfacet
  facet normal 0.000817064 -1 0
    outer loop
      vertex 0.069397 9.94197 26.5
      vertex -0.0652313 9.94186 3
      vertex 0.069397 9.94197 3
    endloop
  endfacet
  facet normal -0.0441925 -0.999023 0
    outer loop
      vertex -0.199738 9.94781 3
      vertex -0.0652313 9.94186 26.5
      vertex -0.199738 9.94781 26.5
    endloop
  endfacet
  facet normal -0.0441925 -0.999023 -0
    outer loop
      vertex -0.0652313 9.94186 26.5
      vertex -0.199738 9.94781 3
      vertex -0.0652313 9.94186 3
    endloop
  endfacet
  facet normal -0.0889859 -0.996033 0
    outer loop
      vertex -0.333832 9.95979 3
      vertex -0.199738 9.94781 26.5
      vertex -0.333832 9.95979 26.5
    endloop
  endfacet
  facet normal -0.0889859 -0.996033 -0
    outer loop
      vertex -0.199738 9.94781 26.5
      vertex -0.333832 9.95979 3
      vertex -0.199738 9.94781 3
    endloop
  endfacet
  facet normal -0.133552 -0.991042 0
    outer loop
      vertex -0.467255 9.97777 3
      vertex -0.333832 9.95979 26.5
      vertex -0.467255 9.97777 26.5
    endloop
  endfacet
  facet normal -0.133552 -0.991042 -0
    outer loop
      vertex -0.333832 9.95979 26.5
      vertex -0.467255 9.97777 3
      vertex -0.333832 9.95979 3
    endloop
  endfacet
  facet normal -0.17776 -0.984074 0
    outer loop
      vertex -0.599731 10.0017 3
      vertex -0.467255 9.97777 26.5
      vertex -0.599731 10.0017 26.5
    endloop
  endfacet
  facet normal -0.17776 -0.984074 -0
    outer loop
      vertex -0.467255 9.97777 26.5
      vertex -0.599731 10.0017 3
      vertex -0.467255 9.97777 3
    endloop
  endfacet
  facet normal -0.222083 -0.975028 0
    outer loop
      vertex -0.731003 10.0316 3
      vertex -0.599731 10.0017 26.5
      vertex -0.731003 10.0316 26.5
    endloop
  endfacet
  facet normal -0.222083 -0.975028 -0
    outer loop
      vertex -0.599731 10.0017 26.5
      vertex -0.731003 10.0316 3
      vertex -0.599731 10.0017 3
    endloop
  endfacet
  facet normal -0.26518 -0.964199 0
    outer loop
      vertex -0.860809 10.0673 3
      vertex -0.731003 10.0316 26.5
      vertex -0.860809 10.0673 26.5
    endloop
  endfacet
  facet normal -0.26518 -0.964199 -0
    outer loop
      vertex -0.731003 10.0316 26.5
      vertex -0.860809 10.0673 3
      vertex -0.731003 10.0316 3
    endloop
  endfacet
  facet normal -0.308268 -0.9513 0
    outer loop
      vertex -0.988876 10.1088 3
      vertex -0.860809 10.0673 26.5
      vertex -0.988876 10.1088 26.5
    endloop
  endfacet
  facet normal -0.308268 -0.9513 -0
    outer loop
      vertex -0.860809 10.0673 26.5
      vertex -0.988876 10.1088 3
      vertex -0.860809 10.0673 3
    endloop
  endfacet
  facet normal -0.351244 -0.936284 0
    outer loop
      vertex -1.11496 10.1561 3
      vertex -0.988876 10.1088 26.5
      vertex -1.11496 10.1561 26.5
    endloop
  endfacet
  facet normal -0.351244 -0.936284 -0
    outer loop
      vertex -0.988876 10.1088 26.5
      vertex -1.11496 10.1561 3
      vertex -0.988876 10.1088 3
    endloop
  endfacet
  facet normal -0.392251 -0.919858 0
    outer loop
      vertex -1.23878 10.2089 3
      vertex -1.11496 10.1561 26.5
      vertex -1.23878 10.2089 26.5
    endloop
  endfacet
  facet normal -0.392251 -0.919858 -0
    outer loop
      vertex -1.11496 10.1561 26.5
      vertex -1.23878 10.2089 3
      vertex -1.11496 10.1561 3
    endloop
  endfacet
  facet normal -0.433074 -0.901358 0
    outer loop
      vertex -1.36012 10.2672 3
      vertex -1.23878 10.2089 26.5
      vertex -1.36012 10.2672 26.5
    endloop
  endfacet
  facet normal -0.433074 -0.901358 -0
    outer loop
      vertex -1.23878 10.2089 26.5
      vertex -1.36012 10.2672 3
      vertex -1.23878 10.2089 3
    endloop
  endfacet
  facet normal -0.4732 -0.880955 0
    outer loop
      vertex -1.47871 10.3309 3
      vertex -1.36012 10.2672 26.5
      vertex -1.47871 10.3309 26.5
    endloop
  endfacet
  facet normal -0.4732 -0.880955 -0
    outer loop
      vertex -1.36012 10.2672 26.5
      vertex -1.47871 10.3309 3
      vertex -1.36012 10.2672 3
    endloop
  endfacet
  facet normal -0.512397 -0.858748 0
    outer loop
      vertex -1.59435 10.3999 3
      vertex -1.47871 10.3309 26.5
      vertex -1.59435 10.3999 26.5
    endloop
  endfacet
  facet normal -0.512397 -0.858748 -0
    outer loop
      vertex -1.47871 10.3309 26.5
      vertex -1.59435 10.3999 3
      vertex -1.47871 10.3309 3
    endloop
  endfacet
  facet normal -0.550442 -0.834874 0
    outer loop
      vertex -1.70674 10.474 3
      vertex -1.59435 10.3999 26.5
      vertex -1.70674 10.474 26.5
    endloop
  endfacet
  facet normal -0.550442 -0.834874 -0
    outer loop
      vertex -1.59435 10.3999 26.5
      vertex -1.70674 10.474 3
      vertex -1.59435 10.3999 3
    endloop
  endfacet
  facet normal -0.586916 -0.809648 0
    outer loop
      vertex -1.81572 10.553 3
      vertex -1.70674 10.474 26.5
      vertex -1.81572 10.553 26.5
    endloop
  endfacet
  facet normal -0.586916 -0.809648 -0
    outer loop
      vertex -1.70674 10.474 26.5
      vertex -1.81572 10.553 3
      vertex -1.70674 10.474 3
    endloop
  endfacet
  facet normal -0.623082 -0.782157 0
    outer loop
      vertex -1.92104 10.6369 3
      vertex -1.81572 10.553 26.5
      vertex -1.92104 10.6369 26.5
    endloop
  endfacet
  facet normal -0.623082 -0.782157 -0
    outer loop
      vertex -1.81572 10.553 26.5
      vertex -1.92104 10.6369 3
      vertex -1.81572 10.553 3
    endloop
  endfacet
  facet normal -0.65741 -0.753533 0
    outer loop
      vertex -2.02248 10.7254 3
      vertex -1.92104 10.6369 26.5
      vertex -2.02248 10.7254 26.5
    endloop
  endfacet
  facet normal -0.65741 -0.753533 -0
    outer loop
      vertex -1.92104 10.6369 26.5
      vertex -2.02248 10.7254 3
      vertex -1.92104 10.6369 3
    endloop
  endfacet
  facet normal -0.690656 -0.723184 0
    outer loop
      vertex -2.11986 10.8184 3
      vertex -2.02248 10.7254 26.5
      vertex -2.11986 10.8184 26.5
    endloop
  endfacet
  facet normal -0.690656 -0.723184 -0
    outer loop
      vertex -2.02248 10.7254 26.5
      vertex -2.11986 10.8184 3
      vertex -2.02248 10.7254 3
    endloop
  endfacet
  facet normal -0.722211 -0.691673 0
    outer loop
      vertex -2.11986 10.8184 3
      vertex -2.21295 10.9156 26.5
      vertex -2.21295 10.9156 3
    endloop
  endfacet
  facet normal -0.722211 -0.691673 0
    outer loop
      vertex -2.21295 10.9156 26.5
      vertex -2.11986 10.8184 3
      vertex -2.11986 10.8184 26.5
    endloop
  endfacet
  facet normal -0.752494 -0.658599 0
    outer loop
      vertex -2.21295 10.9156 3
      vertex -2.30161 11.0169 26.5
      vertex -2.30161 11.0169 3
    endloop
  endfacet
  facet normal -0.752494 -0.658599 0
    outer loop
      vertex -2.30161 11.0169 26.5
      vertex -2.21295 10.9156 3
      vertex -2.21295 10.9156 26.5
    endloop
  endfacet
  facet normal -0.781412 -0.624015 0
    outer loop
      vertex -2.30161 11.0169 3
      vertex -2.38562 11.1221 26.5
      vertex -2.38562 11.1221 3
    endloop
  endfacet
  facet normal -0.781412 -0.624015 0
    outer loop
      vertex -2.38562 11.1221 26.5
      vertex -2.30161 11.0169 3
      vertex -2.30161 11.0169 26.5
    endloop
  endfacet
  facet normal -0.808701 -0.58822 0
    outer loop
      vertex -2.38562 11.1221 3
      vertex -2.46483 11.231 26.5
      vertex -2.46483 11.231 3
    endloop
  endfacet
  facet normal -0.808701 -0.58822 0
    outer loop
      vertex -2.46483 11.231 26.5
      vertex -2.38562 11.1221 3
      vertex -2.38562 11.1221 26.5
    endloop
  endfacet
  facet normal -0.834227 -0.551422 0
    outer loop
      vertex -2.46483 11.231 3
      vertex -2.53906 11.3433 26.5
      vertex -2.53906 11.3433 3
    endloop
  endfacet
  facet normal -0.834227 -0.551422 0
    outer loop
      vertex -2.53906 11.3433 26.5
      vertex -2.46483 11.231 3
      vertex -2.46483 11.231 26.5
    endloop
  endfacet
  facet normal -0.858017 -0.513622 0
    outer loop
      vertex -2.53906 11.3433 3
      vertex -2.6082 11.4588 26.5
      vertex -2.6082 11.4588 3
    endloop
  endfacet
  facet normal -0.858017 -0.513622 0
    outer loop
      vertex -2.6082 11.4588 26.5
      vertex -2.53906 11.3433 3
      vertex -2.53906 11.3433 26.5
    endloop
  endfacet
  facet normal -0.880278 -0.474459 0
    outer loop
      vertex -2.6082 11.4588 3
      vertex -2.67207 11.5773 26.5
      vertex -2.67207 11.5773 3
    endloop
  endfacet
  facet normal -0.880278 -0.474459 0
    outer loop
      vertex -2.67207 11.5773 26.5
      vertex -2.6082 11.4588 3
      vertex -2.6082 11.4588 26.5
    endloop
  endfacet
  facet normal -0.900693 -0.434456 0
    outer loop
      vertex -2.67207 11.5773 3
      vertex -2.73058 11.6986 26.5
      vertex -2.73058 11.6986 3
    endloop
  endfacet
  facet normal -0.900693 -0.434456 0
    outer loop
      vertex -2.73058 11.6986 26.5
      vertex -2.67207 11.5773 3
      vertex -2.67207 11.5773 26.5
    endloop
  endfacet
  facet normal -0.919325 -0.393498 0
    outer loop
      vertex -2.73058 11.6986 3
      vertex -2.78357 11.8224 26.5
      vertex -2.78357 11.8224 3
    endloop
  endfacet
  facet normal -0.919325 -0.393498 0
    outer loop
      vertex -2.78357 11.8224 26.5
      vertex -2.73058 11.6986 3
      vertex -2.73058 11.6986 26.5
    endloop
  endfacet
  facet normal -0.935987 -0.352035 0
    outer loop
      vertex -2.78357 11.8224 3
      vertex -2.83096 11.9484 26.5
      vertex -2.83096 11.9484 3
    endloop
  endfacet
  facet normal -0.935987 -0.352035 0
    outer loop
      vertex -2.83096 11.9484 26.5
      vertex -2.78357 11.8224 3
      vertex -2.78357 11.8224 26.5
    endloop
  endfacet
  facet normal -0.950837 -0.309691 0
    outer loop
      vertex -2.83096 11.9484 3
      vertex -2.87265 12.0764 26.5
      vertex -2.87265 12.0764 3
    endloop
  endfacet
  facet normal -0.950837 -0.309691 0
    outer loop
      vertex -2.87265 12.0764 26.5
      vertex -2.83096 11.9484 3
      vertex -2.83096 11.9484 26.5
    endloop
  endfacet
  facet normal -0.963762 -0.266762 0
    outer loop
      vertex -2.87265 12.0764 3
      vertex -2.90855 12.2061 26.5
      vertex -2.90855 12.2061 3
    endloop
  endfacet
  facet normal -0.963762 -0.266762 0
    outer loop
      vertex -2.90855 12.2061 26.5
      vertex -2.87265 12.0764 3
      vertex -2.87265 12.0764 26.5
    endloop
  endfacet
  facet normal -0.97478 -0.223167 0
    outer loop
      vertex -2.90855 12.2061 3
      vertex -2.93861 12.3374 26.5
      vertex -2.93861 12.3374 3
    endloop
  endfacet
  facet normal -0.97478 -0.223167 0
    outer loop
      vertex -2.93861 12.3374 26.5
      vertex -2.90855 12.2061 3
      vertex -2.90855 12.2061 26.5
    endloop
  endfacet
  facet normal -0.983795 -0.179297 0
    outer loop
      vertex -2.93861 12.3374 3
      vertex -2.96274 12.4698 26.5
      vertex -2.96274 12.4698 3
    endloop
  endfacet
  facet normal -0.983795 -0.179297 0
    outer loop
      vertex -2.96274 12.4698 26.5
      vertex -2.93861 12.3374 3
      vertex -2.93861 12.3374 26.5
    endloop
  endfacet
  facet normal -0.990861 -0.134888 0
    outer loop
      vertex -2.96274 12.4698 3
      vertex -2.9809 12.6032 26.5
      vertex -2.9809 12.6032 3
    endloop
  endfacet
  facet normal -0.990861 -0.134888 0
    outer loop
      vertex -2.9809 12.6032 26.5
      vertex -2.96274 12.4698 3
      vertex -2.96274 12.4698 26.5
    endloop
  endfacet
  facet normal -0.995914 -0.0903081 0
    outer loop
      vertex -2.9809 12.6032 3
      vertex -2.99306 12.7373 26.5
      vertex -2.99306 12.7373 3
    endloop
  endfacet
  facet normal -0.995914 -0.0903081 0
    outer loop
      vertex -2.99306 12.7373 26.5
      vertex -2.9809 12.6032 3
      vertex -2.9809 12.6032 26.5
    endloop
  endfacet
  facet normal -0.998988 -0.0449761 0
    outer loop
      vertex -2.99306 12.7373 3
      vertex -2.9993 12.8759 26.5
      vertex -2.9993 12.8759 3
    endloop
  endfacet
  facet normal -0.998988 -0.0449761 0
    outer loop
      vertex -2.9993 12.8759 26.5
      vertex -2.99306 12.7373 3
      vertex -2.99306 12.7373 26.5
    endloop
  endfacet
  facet normal -0.999781 -0.0209256 0
    outer loop
      vertex -2.9993 12.8759 3
      vertex -2.99948 12.8845 26.5
      vertex -2.99948 12.8845 3
    endloop
  endfacet
  facet normal -0.999781 -0.0209256 0
    outer loop
      vertex -2.99948 12.8845 26.5
      vertex -2.9993 12.8759 3
      vertex -2.9993 12.8759 26.5
    endloop
  endfacet
  facet normal -0.99863 -0.0523234 0
    outer loop
      vertex -2.99948 12.8845 3
      vertex -3.00298 12.9513 26.5
      vertex -3.00298 12.9513 3
    endloop
  endfacet
  facet normal -0.99863 -0.0523234 0
    outer loop
      vertex -3.00298 12.9513 26.5
      vertex -2.99948 12.8845 3
      vertex -2.99948 12.8845 26.5
    endloop
  endfacet
  facet normal -0.996394 -0.0848473 0
    outer loop
      vertex -3.00298 12.9513 3
      vertex -3.01732 13.1197 26.5
      vertex -3.01732 13.1197 3
    endloop
  endfacet
  facet normal -0.996394 -0.0848473 0
    outer loop
      vertex -3.01732 13.1197 26.5
      vertex -3.00298 12.9513 3
      vertex -3.00298 12.9513 26.5
    endloop
  endfacet
  facet normal -0.992973 -0.118341 0
    outer loop
      vertex -3.01732 13.1197 3
      vertex -3.04951 13.3898 26.5
      vertex -3.04951 13.3898 3
    endloop
  endfacet
  facet normal -0.992973 -0.118341 0
    outer loop
      vertex -3.04951 13.3898 26.5
      vertex -3.01732 13.1197 3
      vertex -3.01732 13.1197 26.5
    endloop
  endfacet
  facet normal -0.988348 -0.152208 0
    outer loop
      vertex -3.04951 13.3898 3
      vertex -3.10626 13.7583 26.5
      vertex -3.10626 13.7583 3
    endloop
  endfacet
  facet normal -0.988348 -0.152208 0
    outer loop
      vertex -3.10626 13.7583 26.5
      vertex -3.04951 13.3898 3
      vertex -3.04951 13.3898 26.5
    endloop
  endfacet
  facet normal -0.982466 -0.186444 0
    outer loop
      vertex -3.10626 13.7583 3
      vertex -3.1942 14.2217 26.5
      vertex -3.1942 14.2217 3
    endloop
  endfacet
  facet normal -0.982466 -0.186444 0
    outer loop
      vertex -3.1942 14.2217 26.5
      vertex -3.10626 13.7583 3
      vertex -3.10626 13.7583 26.5
    endloop
  endfacet
  facet normal -0.97526 -0.221061 0
    outer loop
      vertex -3.1942 14.2217 3
      vertex -3.31914 14.7729 26.5
      vertex -3.31914 14.7729 3
    endloop
  endfacet
  facet normal -0.97526 -0.221061 0
    outer loop
      vertex -3.31914 14.7729 26.5
      vertex -3.1942 14.2217 3
      vertex -3.1942 14.2217 26.5
    endloop
  endfacet
  facet normal -0.966638 -0.256148 0
    outer loop
      vertex -3.31914 14.7729 3
      vertex -3.48709 15.4067 26.5
      vertex -3.48709 15.4067 3
    endloop
  endfacet
  facet normal -0.966638 -0.256148 0
    outer loop
      vertex -3.48709 15.4067 26.5
      vertex -3.31914 14.7729 3
      vertex -3.31914 14.7729 26.5
    endloop
  endfacet
  facet normal -0.956483 -0.291789 0
    outer loop
      vertex -3.48709 15.4067 3
      vertex -3.70332 16.1155 26.5
      vertex -3.70332 16.1155 3
    endloop
  endfacet
  facet normal -0.956483 -0.291789 0
    outer loop
      vertex -3.70332 16.1155 26.5
      vertex -3.48709 15.4067 3
      vertex -3.48709 15.4067 26.5
    endloop
  endfacet
  facet normal -0.944708 -0.327912 0
    outer loop
      vertex -3.70332 16.1155 3
      vertex -3.97243 16.8908 26.5
      vertex -3.97243 16.8908 3
    endloop
  endfacet
  facet normal -0.944708 -0.327912 0
    outer loop
      vertex -3.97243 16.8908 26.5
      vertex -3.70332 16.1155 3
      vertex -3.70332 16.1155 26.5
    endloop
  endfacet
  facet normal -0.931196 -0.364518 0
    outer loop
      vertex -3.97243 16.8908 3
      vertex -4.2989 17.7248 26.5
      vertex -4.2989 17.7248 3
    endloop
  endfacet
  facet normal -0.931196 -0.364518 0
    outer loop
      vertex -4.2989 17.7248 26.5
      vertex -3.97243 16.8908 3
      vertex -3.97243 16.8908 26.5
    endloop
  endfacet
  facet normal -0.91572 -0.401818 0
    outer loop
      vertex -4.2989 17.7248 3
      vertex -4.68658 18.6083 26.5
      vertex -4.68658 18.6083 3
    endloop
  endfacet
  facet normal -0.91572 -0.401818 0
    outer loop
      vertex -4.68658 18.6083 26.5
      vertex -4.2989 17.7248 3
      vertex -4.2989 17.7248 26.5
    endloop
  endfacet
  facet normal -0.898231 -0.439523 0
    outer loop
      vertex -4.68658 18.6083 3
      vertex -5.13837 19.5316 26.5
      vertex -5.13837 19.5316 3
    endloop
  endfacet
  facet normal -0.898231 -0.439523 0
    outer loop
      vertex -5.13837 19.5316 26.5
      vertex -4.68658 18.6083 3
      vertex -4.68658 18.6083 26.5
    endloop
  endfacet
  facet normal -0.878441 -0.477851 0
    outer loop
      vertex -5.13837 19.5316 3
      vertex -5.65678 20.4846 26.5
      vertex -5.65678 20.4846 3
    endloop
  endfacet
  facet normal -0.878441 -0.477851 0
    outer loop
      vertex -5.65678 20.4846 26.5
      vertex -5.13837 19.5316 3
      vertex -5.13837 19.5316 26.5
    endloop
  endfacet
  facet normal -0.856291 -0.516493 0
    outer loop
      vertex -5.65678 20.4846 3
      vertex -6.24379 21.4578 26.5
      vertex -6.24379 21.4578 3
    endloop
  endfacet
  facet normal -0.856291 -0.516493 0
    outer loop
      vertex -6.24379 21.4578 26.5
      vertex -5.65678 20.4846 3
      vertex -5.65678 20.4846 26.5
    endloop
  endfacet
  facet normal -0.831471 -0.555568 0
    outer loop
      vertex -6.24379 21.4578 3
      vertex -6.90074 22.441 26.5
      vertex -6.90074 22.441 3
    endloop
  endfacet
  facet normal -0.831471 -0.555568 0
    outer loop
      vertex -6.90074 22.441 26.5
      vertex -6.24379 21.4578 3
      vertex -6.24379 21.4578 26.5
    endloop
  endfacet
  facet normal -0.803889 -0.59478 0
    outer loop
      vertex -6.90074 22.441 3
      vertex -7.62804 23.424 26.5
      vertex -7.62804 23.424 3
    endloop
  endfacet
  facet normal -0.803889 -0.59478 0
    outer loop
      vertex -7.62804 23.424 26.5
      vertex -6.90074 22.441 3
      vertex -6.90074 22.441 26.5
    endloop
  endfacet
  facet normal -0.773265 -0.634082 0
    outer loop
      vertex -7.62804 23.424 3
      vertex -8.42566 24.3967 26.5
      vertex -8.42566 24.3967 3
    endloop
  endfacet
  facet normal -0.773265 -0.634082 0
    outer loop
      vertex -8.42566 24.3967 26.5
      vertex -7.62804 23.424 3
      vertex -7.62804 23.424 26.5
    endloop
  endfacet
  facet normal -0.739527 -0.673127 0
    outer loop
      vertex -8.42566 24.3967 3
      vertex -9.29282 25.3494 26.5
      vertex -9.29282 25.3494 3
    endloop
  endfacet
  facet normal -0.739527 -0.673127 0
    outer loop
      vertex -9.29282 25.3494 26.5
      vertex -8.42566 24.3967 3
      vertex -8.42566 24.3967 26.5
    endloop
  endfacet
  facet normal -0.702497 -0.711687 0
    outer loop
      vertex -10.2283 26.2728 3
      vertex -9.29282 25.3494 26.5
      vertex -10.2283 26.2728 26.5
    endloop
  endfacet
  facet normal -0.702497 -0.711687 -0
    outer loop
      vertex -9.29282 25.3494 26.5
      vertex -10.2283 26.2728 3
      vertex -9.29282 25.3494 3
    endloop
  endfacet
  facet normal -0.661998 -0.749506 0
    outer loop
      vertex -11.2304 27.1579 3
      vertex -10.2283 26.2728 26.5
      vertex -11.2304 27.1579 26.5
    endloop
  endfacet
  facet normal -0.661998 -0.749506 -0
    outer loop
      vertex -10.2283 26.2728 26.5
      vertex -11.2304 27.1579 3
      vertex -10.2283 26.2728 3
    endloop
  endfacet
  facet normal -0.617962 -0.786208 0
    outer loop
      vertex -12.2963 27.9957 3
      vertex -11.2304 27.1579 26.5
      vertex -12.2963 27.9957 26.5
    endloop
  endfacet
  facet normal -0.617962 -0.786208 -0
    outer loop
      vertex -11.2304 27.1579 26.5
      vertex -12.2963 27.9957 3
      vertex -11.2304 27.1579 3
    endloop
  endfacet
  facet normal -0.570486 -0.821307 0
    outer loop
      vertex -13.4237 28.7788 3
      vertex -12.2963 27.9957 26.5
      vertex -13.4237 28.7788 26.5
    endloop
  endfacet
  facet normal -0.570486 -0.821307 -0
    outer loop
      vertex -12.2963 27.9957 26.5
      vertex -13.4237 28.7788 3
      vertex -12.2963 27.9957 3
    endloop
  endfacet
  facet normal -0.519544 -0.854443 0
    outer loop
      vertex -14.6088 29.4994 3
      vertex -13.4237 28.7788 26.5
      vertex -14.6088 29.4994 26.5
    endloop
  endfacet
  facet normal -0.519544 -0.854443 -0
    outer loop
      vertex -13.4237 28.7788 26.5
      vertex -14.6088 29.4994 3
      vertex -13.4237 28.7788 3
    endloop
  endfacet
  facet normal -0.46529 -0.885158 0
    outer loop
      vertex -15.8482 30.1509 3
      vertex -14.6088 29.4994 26.5
      vertex -15.8482 30.1509 26.5
    endloop
  endfacet
  facet normal -0.46529 -0.885158 -0
    outer loop
      vertex -14.6088 29.4994 26.5
      vertex -15.8482 30.1509 3
      vertex -14.6088 29.4994 3
    endloop
  endfacet
  facet normal -0.407885 -0.913033 0
    outer loop
      vertex -17.138 30.7271 3
      vertex -15.8482 30.1509 26.5
      vertex -17.138 30.7271 26.5
    endloop
  endfacet
  facet normal -0.407885 -0.913033 -0
    outer loop
      vertex -15.8482 30.1509 26.5
      vertex -17.138 30.7271 3
      vertex -15.8482 30.1509 3
    endloop
  endfacet
  facet normal -0.347767 -0.937581 0
    outer loop
      vertex -18.4736 31.2225 3
      vertex -17.138 30.7271 26.5
      vertex -18.4736 31.2225 26.5
    endloop
  endfacet
  facet normal -0.347767 -0.937581 -0
    outer loop
      vertex -17.138 30.7271 26.5
      vertex -18.4736 31.2225 3
      vertex -17.138 30.7271 3
    endloop
  endfacet
  facet normal -0.285195 -0.95847 0
    outer loop
      vertex -19.8505 31.6322 3
      vertex -18.4736 31.2225 26.5
      vertex -19.8505 31.6322 26.5
    endloop
  endfacet
  facet normal -0.285195 -0.95847 -0
    outer loop
      vertex -18.4736 31.2225 26.5
      vertex -19.8505 31.6322 3
      vertex -18.4736 31.2225 3
    endloop
  endfacet
  facet normal -0.220481 -0.975391 0
    outer loop
      vertex -21.2635 31.9516 3
      vertex -19.8505 31.6322 26.5
      vertex -21.2635 31.9516 26.5
    endloop
  endfacet
  facet normal -0.220481 -0.975391 -0
    outer loop
      vertex -19.8505 31.6322 26.5
      vertex -21.2635 31.9516 3
      vertex -19.8505 31.6322 3
    endloop
  endfacet
  facet normal -0.154529 -0.987988 0
    outer loop
      vertex -22.7078 32.1775 3
      vertex -21.2635 31.9516 26.5
      vertex -22.7078 32.1775 26.5
    endloop
  endfacet
  facet normal -0.154529 -0.987988 -0
    outer loop
      vertex -21.2635 31.9516 26.5
      vertex -22.7078 32.1775 3
      vertex -21.2635 31.9516 3
    endloop
  endfacet
  facet normal -0.0874168 -0.996172 0
    outer loop
      vertex -24.1767 32.3064 3
      vertex -22.7078 32.1775 26.5
      vertex -24.1767 32.3064 26.5
    endloop
  endfacet
  facet normal -0.0874168 -0.996172 -0
    outer loop
      vertex -22.7078 32.1775 26.5
      vertex -24.1767 32.3064 3
      vertex -22.7078 32.1775 3
    endloop
  endfacet
  facet normal -0.019949 -0.999801 0
    outer loop
      vertex -25.6652 32.3361 3
      vertex -24.1767 32.3064 26.5
      vertex -25.6652 32.3361 26.5
    endloop
  endfacet
  facet normal -0.019949 -0.999801 -0
    outer loop
      vertex -24.1767 32.3064 26.5
      vertex -25.6652 32.3361 3
      vertex -24.1767 32.3064 3
    endloop
  endfacet
  facet normal 0.0476474 -0.998864 0
    outer loop
      vertex -27.1662 32.2645 3
      vertex -25.6652 32.3361 26.5
      vertex -27.1662 32.2645 26.5
    endloop
  endfacet
  facet normal 0.0476474 -0.998864 0
    outer loop
      vertex -25.6652 32.3361 26.5
      vertex -27.1662 32.2645 3
      vertex -25.6652 32.3361 3
    endloop
  endfacet
  facet normal 0.114577 -0.993414 0
    outer loop
      vertex -28.6731 32.0907 3
      vertex -27.1662 32.2645 26.5
      vertex -28.6731 32.0907 26.5
    endloop
  endfacet
  facet normal 0.114577 -0.993414 0
    outer loop
      vertex -27.1662 32.2645 26.5
      vertex -28.6731 32.0907 3
      vertex -27.1662 32.2645 3
    endloop
  endfacet
  facet normal 0.18069 -0.98354 0
    outer loop
      vertex -30.1787 31.8141 3
      vertex -28.6731 32.0907 26.5
      vertex -30.1787 31.8141 26.5
    endloop
  endfacet
  facet normal 0.18069 -0.98354 0
    outer loop
      vertex -28.6731 32.0907 26.5
      vertex -30.1787 31.8141 3
      vertex -28.6731 32.0907 3
    endloop
  endfacet
  facet normal 0.245507 -0.969395 0
    outer loop
      vertex -31.6752 31.4351 3
      vertex -30.1787 31.8141 26.5
      vertex -31.6752 31.4351 26.5
    endloop
  endfacet
  facet normal 0.245507 -0.969395 0
    outer loop
      vertex -30.1787 31.8141 26.5
      vertex -31.6752 31.4351 3
      vertex -30.1787 31.8141 3
    endloop
  endfacet
  facet normal 0.308835 -0.951116 0
    outer loop
      vertex -33.1553 30.9545 3
      vertex -31.6752 31.4351 26.5
      vertex -33.1553 30.9545 26.5
    endloop
  endfacet
  facet normal 0.308835 -0.951116 0
    outer loop
      vertex -31.6752 31.4351 26.5
      vertex -33.1553 30.9545 3
      vertex -31.6752 31.4351 3
    endloop
  endfacet
  facet normal 0.370268 -0.928925 0
    outer loop
      vertex -34.6104 30.3745 3
      vertex -33.1553 30.9545 26.5
      vertex -34.6104 30.3745 26.5
    endloop
  endfacet
  facet normal 0.370268 -0.928925 0
    outer loop
      vertex -33.1553 30.9545 26.5
      vertex -34.6104 30.3745 3
      vertex -33.1553 30.9545 3
    endloop
  endfacet
  facet normal 0.429867 -0.902892 0
    outer loop
      vertex -36.033 29.6972 3
      vertex -34.6104 30.3745 26.5
      vertex -36.033 29.6972 26.5
    endloop
  endfacet
  facet normal 0.429867 -0.902892 0
    outer loop
      vertex -34.6104 30.3745 26.5
      vertex -36.033 29.6972 3
      vertex -34.6104 30.3745 3
    endloop
  endfacet
  facet normal 0.4873 -0.873235 0
    outer loop
      vertex -37.4148 28.9261 3
      vertex -36.033 29.6972 26.5
      vertex -37.4148 28.9261 26.5
    endloop
  endfacet
  facet normal 0.4873 -0.873235 0
    outer loop
      vertex -36.033 29.6972 26.5
      vertex -37.4148 28.9261 3
      vertex -36.033 29.6972 3
    endloop
  endfacet
  facet normal 0.542525 -0.84004 0
    outer loop
      vertex -38.7475 28.0654 3
      vertex -37.4148 28.9261 26.5
      vertex -38.7475 28.0654 26.5
    endloop
  endfacet
  facet normal 0.542525 -0.84004 0
    outer loop
      vertex -37.4148 28.9261 26.5
      vertex -38.7475 28.0654 3
      vertex -37.4148 28.9261 3
    endloop
  endfacet
  facet normal 0.595498 -0.803356 0
    outer loop
      vertex -40.0237 27.1194 3
      vertex -38.7475 28.0654 26.5
      vertex -40.0237 27.1194 26.5
    endloop
  endfacet
  facet normal 0.595498 -0.803356 0
    outer loop
      vertex -38.7475 28.0654 26.5
      vertex -40.0237 27.1194 3
      vertex -38.7475 28.0654 3
    endloop
  endfacet
  facet normal 0.646148 -0.763212 0
    outer loop
      vertex -41.2357 26.0933 3
      vertex -40.0237 27.1194 26.5
      vertex -41.2357 26.0933 26.5
    endloop
  endfacet
  facet normal 0.646148 -0.763212 0
    outer loop
      vertex -40.0237 27.1194 26.5
      vertex -41.2357 26.0933 3
      vertex -40.0237 27.1194 3
    endloop
  endfacet
  facet normal 0.694311 -0.719675 0
    outer loop
      vertex -42.3763 24.9929 3
      vertex -41.2357 26.0933 26.5
      vertex -42.3763 24.9929 26.5
    endloop
  endfacet
  facet normal 0.694311 -0.719675 0
    outer loop
      vertex -41.2357 26.0933 26.5
      vertex -42.3763 24.9929 3
      vertex -41.2357 26.0933 3
    endloop
  endfacet
  facet normal 0.73992 -0.672695 0
    outer loop
      vertex -43.439 23.824 26.5
      vertex -42.3763 24.9929 3
      vertex -42.3763 24.9929 26.5
    endloop
  endfacet
  facet normal 0.73992 -0.672695 0
    outer loop
      vertex -42.3763 24.9929 3
      vertex -43.439 23.824 26.5
      vertex -43.439 23.824 3
    endloop
  endfacet
  facet normal 0.782757 -0.622327 0
    outer loop
      vertex -44.4177 22.593 26.5
      vertex -43.439 23.824 3
      vertex -43.439 23.824 26.5
    endloop
  endfacet
  facet normal 0.782757 -0.622327 0
    outer loop
      vertex -43.439 23.824 3
      vertex -44.4177 22.593 26.5
      vertex -44.4177 22.593 3
    endloop
  endfacet
  facet normal 0.822678 -0.568508 0
    outer loop
      vertex -45.3068 21.3064 26.5
      vertex -44.4177 22.593 3
      vertex -44.4177 22.593 26.5
    endloop
  endfacet
  facet normal 0.822678 -0.568508 0
    outer loop
      vertex -44.4177 22.593 3
      vertex -45.3068 21.3064 26.5
      vertex -45.3068 21.3064 3
    endloop
  endfacet
  facet normal 0.859428 -0.511257 0
    outer loop
      vertex -46.1015 19.9705 26.5
      vertex -45.3068 21.3064 3
      vertex -45.3068 21.3064 26.5
    endloop
  endfacet
  facet normal 0.859428 -0.511257 0
    outer loop
      vertex -45.3068 21.3064 3
      vertex -46.1015 19.9705 26.5
      vertex -46.1015 19.9705 3
    endloop
  endfacet
  facet normal 0.892647 -0.450757 0
    outer loop
      vertex -46.798 18.5912 26.5
      vertex -46.1015 19.9705 3
      vertex -46.1015 19.9705 26.5
    endloop
  endfacet
  facet normal 0.892647 -0.450757 0
    outer loop
      vertex -46.1015 19.9705 3
      vertex -46.798 18.5912 26.5
      vertex -46.798 18.5912 3
    endloop
  endfacet
  facet normal 0.92203 -0.38712 0
    outer loop
      vertex -47.3926 17.175 26.5
      vertex -46.798 18.5912 3
      vertex -46.798 18.5912 26.5
    endloop
  endfacet
  facet normal 0.92203 -0.38712 0
    outer loop
      vertex -46.798 18.5912 3
      vertex -47.3926 17.175 26.5
      vertex -47.3926 17.175 3
    endloop
  endfacet
  facet normal 0.947235 -0.320541 0
    outer loop
      vertex -47.8827 15.7267 26.5
      vertex -47.3926 17.175 3
      vertex -47.3926 17.175 26.5
    endloop
  endfacet
  facet normal 0.947235 -0.320541 0
    outer loop
      vertex -47.3926 17.175 3
      vertex -47.8827 15.7267 26.5
      vertex -47.8827 15.7267 3
    endloop
  endfacet
  facet normal 0.967823 -0.251634 0
    outer loop
      vertex -48.2662 14.2517 26.5
      vertex -47.8827 15.7267 3
      vertex -47.8827 15.7267 26.5
    endloop
  endfacet
  facet normal 0.967823 -0.251634 0
    outer loop
      vertex -47.8827 15.7267 3
      vertex -48.2662 14.2517 26.5
      vertex -48.2662 14.2517 3
    endloop
  endfacet
  facet normal 0.983516 -0.180821 0
    outer loop
      vertex -48.5415 12.7543 26.5
      vertex -48.2662 14.2517 3
      vertex -48.2662 14.2517 26.5
    endloop
  endfacet
  facet normal 0.983516 -0.180821 0
    outer loop
      vertex -48.2662 14.2517 3
      vertex -48.5415 12.7543 26.5
      vertex -48.5415 12.7543 3
    endloop
  endfacet
  facet normal 0.994078 -0.108669 0
    outer loop
      vertex -48.7073 11.2376 26.5
      vertex -48.5415 12.7543 3
      vertex -48.5415 12.7543 26.5
    endloop
  endfacet
  facet normal 0.994078 -0.108669 0
    outer loop
      vertex -48.5415 12.7543 3
      vertex -48.7073 11.2376 26.5
      vertex -48.7073 11.2376 3
    endloop
  endfacet
  facet normal 0.999347 -0.0361392 0
    outer loop
      vertex -48.7627 9.70564 26.5
      vertex -48.7073 11.2376 3
      vertex -48.7073 11.2376 26.5
    endloop
  endfacet
  facet normal 0.999347 -0.0361392 0
    outer loop
      vertex -48.7073 11.2376 3
      vertex -48.7627 9.70564 26.5
      vertex -48.7627 9.70564 3
    endloop
  endfacet
  facet normal 0.999354 0.0359482 0
    outer loop
      vertex -48.7071 8.15997 26.5
      vertex -48.7627 9.70564 3
      vertex -48.7627 9.70564 26.5
    endloop
  endfacet
  facet normal 0.999354 0.0359482 0
    outer loop
      vertex -48.7627 9.70564 3
      vertex -48.7071 8.15997 26.5
      vertex -48.7071 8.15997 3
    endloop
  endfacet
  facet normal 0.994292 0.106691 0
    outer loop
      vertex -48.5401 6.60364 26.5
      vertex -48.7071 8.15997 3
      vertex -48.7071 8.15997 26.5
    endloop
  endfacet
  facet normal 0.994292 0.106691 0
    outer loop
      vertex -48.7071 8.15997 3
      vertex -48.5401 6.60364 26.5
      vertex -48.5401 6.60364 3
    endloop
  endfacet
  facet normal 0.984496 0.175404 0
    outer loop
      vertex -48.2612 5.03825 26.5
      vertex -48.5401 6.60364 3
      vertex -48.5401 6.60364 26.5
    endloop
  endfacet
  facet normal 0.984496 0.175404 0
    outer loop
      vertex -48.5401 6.60364 3
      vertex -48.2612 5.03825 26.5
      vertex -48.2612 5.03825 3
    endloop
  endfacet
  facet normal 0.970534 0.240966 0
    outer loop
      vertex -47.8707 3.46544 26.5
      vertex -48.2612 5.03825 3
      vertex -48.2612 5.03825 26.5
    endloop
  endfacet
  facet normal 0.970534 0.240966 0
    outer loop
      vertex -48.2612 5.03825 3
      vertex -47.8707 3.46544 26.5
      vertex -47.8707 3.46544 3
    endloop
  endfacet
  facet normal 0.95299 0.303001 0
    outer loop
      vertex -47.369 1.88751 26.5
      vertex -47.8707 3.46544 3
      vertex -47.8707 3.46544 26.5
    endloop
  endfacet
  facet normal 0.95299 0.303001 0
    outer loop
      vertex -47.8707 3.46544 3
      vertex -47.369 1.88751 26.5
      vertex -47.369 1.88751 3
    endloop
  endfacet
  facet normal 0.932593 0.360929 0
    outer loop
      vertex -46.7569 0.305923 26.5
      vertex -47.369 1.88751 3
      vertex -47.369 1.88751 26.5
    endloop
  endfacet
  facet normal 0.932593 0.360929 0
    outer loop
      vertex -47.369 1.88751 3
      vertex -46.7569 0.305923 26.5
      vertex -46.7569 0.305923 3
    endloop
  endfacet
  facet normal 0.910123 0.414337 0
    outer loop
      vertex -46.0362 -1.27715 26.5
      vertex -46.7569 0.305923 3
      vertex -46.7569 0.305923 26.5
    endloop
  endfacet
  facet normal 0.910123 0.414337 0
    outer loop
      vertex -46.7569 0.305923 3
      vertex -46.0362 -1.27715 26.5
      vertex -46.0362 -1.27715 3
    endloop
  endfacet
  facet normal 0.886265 0.463178 0
    outer loop
      vertex -45.2092 -2.85957 26.5
      vertex -46.0362 -1.27715 3
      vertex -46.0362 -1.27715 26.5
    endloop
  endfacet
  facet normal 0.886265 0.463178 0
    outer loop
      vertex -46.0362 -1.27715 3
      vertex -45.2092 -2.85957 26.5
      vertex -45.2092 -2.85957 3
    endloop
  endfacet
  facet normal 0.861741 0.507349 0
    outer loop
      vertex -44.2789 -4.4397 26.5
      vertex -45.2092 -2.85957 3
      vertex -45.2092 -2.85957 26.5
    endloop
  endfacet
  facet normal 0.861741 0.507349 0
    outer loop
      vertex -45.2092 -2.85957 3
      vertex -44.2789 -4.4397 26.5
      vertex -44.2789 -4.4397 3
    endloop
  endfacet
  facet normal 0.837136 0.546995 0
    outer loop
      vertex -43.2492 -6.01558 26.5
      vertex -44.2789 -4.4397 3
      vertex -44.2789 -4.4397 26.5
    endloop
  endfacet
  facet normal 0.837136 0.546995 0
    outer loop
      vertex -44.2789 -4.4397 3
      vertex -43.2492 -6.01558 26.5
      vertex -43.2492 -6.01558 3
    endloop
  endfacet
  facet normal 0.813028 0.582225 0
    outer loop
      vertex -42.1249 -7.58557 26.5
      vertex -43.2492 -6.01558 3
      vertex -43.2492 -6.01558 26.5
    endloop
  endfacet
  facet normal 0.813028 0.582225 0
    outer loop
      vertex -43.2492 -6.01558 3
      vertex -42.1249 -7.58557 26.5
      vertex -42.1249 -7.58557 3
    endloop
  endfacet
  facet normal 0.789803 0.613361 0
    outer loop
      vertex -40.9113 -9.14828 26.5
      vertex -42.1249 -7.58557 3
      vertex -42.1249 -7.58557 26.5
    endloop
  endfacet
  facet normal 0.789803 0.613361 0
    outer loop
      vertex -42.1249 -7.58557 3
      vertex -40.9113 -9.14828 26.5
      vertex -40.9113 -9.14828 3
    endloop
  endfacet
  facet normal 0.767812 0.640675 0
    outer loop
      vertex -39.6146 -10.7023 26.5
      vertex -40.9113 -9.14828 3
      vertex -40.9113 -9.14828 26.5
    endloop
  endfacet
  facet normal 0.767812 0.640675 0
    outer loop
      vertex -40.9113 -9.14828 3
      vertex -39.6146 -10.7023 26.5
      vertex -39.6146 -10.7023 3
    endloop
  endfacet
  facet normal 0.747399 0.664376 0
    outer loop
      vertex -38.2422 -12.2462 26.5
      vertex -39.6146 -10.7023 3
      vertex -39.6146 -10.7023 26.5
    endloop
  endfacet
  facet normal 0.747399 0.664376 0
    outer loop
      vertex -39.6146 -10.7023 3
      vertex -38.2422 -12.2462 26.5
      vertex -38.2422 -12.2462 3
    endloop
  endfacet
  facet normal 0.728681 0.684854 0
    outer loop
      vertex -36.7999 -13.7808 26.5
      vertex -38.2422 -12.2462 3
      vertex -38.2422 -12.2462 26.5
    endloop
  endfacet
  facet normal 0.728681 0.684854 0
    outer loop
      vertex -38.2422 -12.2462 3
      vertex -36.7999 -13.7808 26.5
      vertex -36.7999 -13.7808 3
    endloop
  endfacet
  facet normal 0.711834 0.702347 0
    outer loop
      vertex -35.297 -15.304 26.5
      vertex -36.7999 -13.7808 3
      vertex -36.7999 -13.7808 26.5
    endloop
  endfacet
  facet normal 0.711834 0.702347 0
    outer loop
      vertex -36.7999 -13.7808 3
      vertex -35.297 -15.304 26.5
      vertex -35.297 -15.304 3
    endloop
  endfacet
  facet normal 0.6969 0.717168 -0
    outer loop
      vertex -33.7401 -16.8169 3
      vertex -35.297 -15.304 26.5
      vertex -33.7401 -16.8169 26.5
    endloop
  endfacet
  facet normal 0.6969 0.717168 0
    outer loop
      vertex -35.297 -15.304 26.5
      vertex -33.7401 -16.8169 3
      vertex -35.297 -15.304 3
    endloop
  endfacet
  facet normal 0.683981 0.7295 -0
    outer loop
      vertex -32.1391 -18.318 3
      vertex -33.7401 -16.8169 26.5
      vertex -32.1391 -18.318 26.5
    endloop
  endfacet
  facet normal 0.683981 0.7295 0
    outer loop
      vertex -33.7401 -16.8169 26.5
      vertex -32.1391 -18.318 3
      vertex -33.7401 -16.8169 3
    endloop
  endfacet
  facet normal 0.673131 0.739523 -0
    outer loop
      vertex -30.5017 -19.8084 3
      vertex -32.1391 -18.318 26.5
      vertex -30.5017 -19.8084 26.5
    endloop
  endfacet
  facet normal 0.673131 0.739523 0
    outer loop
      vertex -32.1391 -18.318 26.5
      vertex -30.5017 -19.8084 3
      vertex -32.1391 -18.318 3
    endloop
  endfacet
  facet normal 0.664264 0.747498 -0
    outer loop
      vertex -28.8358 -21.2888 3
      vertex -30.5017 -19.8084 26.5
      vertex -28.8358 -21.2888 26.5
    endloop
  endfacet
  facet normal 0.664264 0.747498 0
    outer loop
      vertex -30.5017 -19.8084 26.5
      vertex -28.8358 -21.2888 3
      vertex -30.5017 -19.8084 3
    endloop
  endfacet
  facet normal 0.657398 0.753543 -0
    outer loop
      vertex -27.1515 -22.7582 3
      vertex -28.8358 -21.2888 26.5
      vertex -27.1515 -22.7582 26.5
    endloop
  endfacet
  facet normal 0.657398 0.753543 0
    outer loop
      vertex -28.8358 -21.2888 26.5
      vertex -27.1515 -22.7582 3
      vertex -28.8358 -21.2888 3
    endloop
  endfacet
  facet normal 0.652458 0.757825 -0
    outer loop
      vertex -25.4563 -24.2177 3
      vertex -27.1515 -22.7582 26.5
      vertex -25.4563 -24.2177 26.5
    endloop
  endfacet
  facet normal 0.652458 0.757825 0
    outer loop
      vertex -27.1515 -22.7582 26.5
      vertex -25.4563 -24.2177 3
      vertex -27.1515 -22.7582 3
    endloop
  endfacet
  facet normal 0.649464 0.760393 -0
    outer loop
      vertex -23.7618 -25.665 3
      vertex -25.4563 -24.2177 26.5
      vertex -23.7618 -25.665 26.5
    endloop
  endfacet
  facet normal 0.649464 0.760393 0
    outer loop
      vertex -25.4563 -24.2177 26.5
      vertex -23.7618 -25.665 3
      vertex -25.4563 -24.2177 3
    endloop
  endfacet
  facet normal 0.648322 0.761367 -0
    outer loop
      vertex -22.0686 -27.1068 3
      vertex -23.7618 -25.665 26.5
      vertex -22.0686 -27.1068 26.5
    endloop
  endfacet
  facet normal 0.648322 0.761367 0
    outer loop
      vertex -23.7618 -25.665 26.5
      vertex -22.0686 -27.1068 3
      vertex -23.7618 -25.665 3
    endloop
  endfacet
  facet normal 0.649009 0.760781 -0
    outer loop
      vertex -20.3901 -28.5387 3
      vertex -22.0686 -27.1068 26.5
      vertex -20.3901 -28.5387 26.5
    endloop
  endfacet
  facet normal 0.649009 0.760781 0
    outer loop
      vertex -22.0686 -27.1068 26.5
      vertex -20.3901 -28.5387 3
      vertex -22.0686 -27.1068 3
    endloop
  endfacet
  facet normal 0.651388 0.758745 -0
    outer loop
      vertex -18.7462 -29.95 3
      vertex -20.3901 -28.5387 26.5
      vertex -18.7462 -29.95 26.5
    endloop
  endfacet
  facet normal 0.651388 0.758745 0
    outer loop
      vertex -20.3901 -28.5387 26.5
      vertex -18.7462 -29.95 3
      vertex -20.3901 -28.5387 3
    endloop
  endfacet
  facet normal 0.655406 0.755277 -0
    outer loop
      vertex -18.7341 -29.9605 3
      vertex -18.7462 -29.95 26.5
      vertex -18.7341 -29.9605 26.5
    endloop
  endfacet
  facet normal 0.655406 0.755277 0
    outer loop
      vertex -18.7462 -29.95 26.5
      vertex -18.7341 -29.9605 3
      vertex -18.7462 -29.95 3
    endloop
  endfacet
  facet normal 0.655432 0.755254 -0
    outer loop
      vertex -17.1248 -31.3571 3
      vertex -18.7341 -29.9605 26.5
      vertex -17.1248 -31.3571 26.5
    endloop
  endfacet
  facet normal 0.655432 0.755254 0
    outer loop
      vertex -18.7341 -29.9605 26.5
      vertex -17.1248 -31.3571 3
      vertex -18.7341 -29.9605 3
    endloop
  endfacet
  facet normal 0.65882 0.752301 -0
    outer loop
      vertex -17.1079 -31.3719 3
      vertex -17.1248 -31.3571 26.5
      vertex -17.1079 -31.3719 26.5
    endloop
  endfacet
  facet normal 0.65882 0.752301 0
    outer loop
      vertex -17.1248 -31.3571 26.5
      vertex -17.1079 -31.3719 3
      vertex -17.1248 -31.3571 3
    endloop
  endfacet
  facet normal 0.661045 0.750346 -0
    outer loop
      vertex -15.54 -32.7532 3
      vertex -17.1079 -31.3719 26.5
      vertex -15.54 -32.7532 26.5
    endloop
  endfacet
  facet normal 0.661045 0.750346 0
    outer loop
      vertex -17.1079 -31.3719 26.5
      vertex -15.54 -32.7532 3
      vertex -17.1079 -31.3719 3
    endloop
  endfacet
  facet normal 0.665877 0.746061 -0
    outer loop
      vertex -15.5186 -32.7723 3
      vertex -15.54 -32.7532 26.5
      vertex -15.5186 -32.7723 26.5
    endloop
  endfacet
  facet normal 0.665877 0.746061 0
    outer loop
      vertex -15.54 -32.7532 26.5
      vertex -15.5186 -32.7723 3
      vertex -15.54 -32.7532 3
    endloop
  endfacet
  facet normal 0.668232 0.743953 -0
    outer loop
      vertex -13.9987 -34.1375 3
      vertex -15.5186 -32.7723 26.5
      vertex -13.9987 -34.1375 26.5
    endloop
  endfacet
  facet normal 0.668232 0.743953 0
    outer loop
      vertex -15.5186 -32.7723 26.5
      vertex -13.9987 -34.1375 3
      vertex -15.5186 -32.7723 3
    endloop
  endfacet
  facet normal 0.671815 0.740719 -0
    outer loop
      vertex -13.9729 -34.1609 3
      vertex -13.9987 -34.1375 26.5
      vertex -13.9729 -34.1609 26.5
    endloop
  endfacet
  facet normal 0.671815 0.740719 0
    outer loop
      vertex -13.9987 -34.1375 26.5
      vertex -13.9729 -34.1609 3
      vertex -13.9987 -34.1375 3
    endloop
  endfacet
  facet normal 0.676811 0.736157 -0
    outer loop
      vertex -12.5067 -35.5089 3
      vertex -13.9729 -34.1609 26.5
      vertex -12.5067 -35.5089 26.5
    endloop
  endfacet
  facet normal 0.676811 0.736157 0
    outer loop
      vertex -13.9729 -34.1609 26.5
      vertex -12.5067 -35.5089 3
      vertex -13.9729 -34.1609 3
    endloop
  endfacet
  facet normal 0.682231 0.731137 -0
    outer loop
      vertex -12.4768 -35.5368 3
      vertex -12.5067 -35.5089 26.5
      vertex -12.4768 -35.5368 26.5
    endloop
  endfacet
  facet normal 0.682231 0.731137 0
    outer loop
      vertex -12.5067 -35.5089 26.5
      vertex -12.4768 -35.5368 3
      vertex -12.5067 -35.5089 3
    endloop
  endfacet
  facet normal 0.686751 0.726893 -0
    outer loop
      vertex -11.0698 -36.8661 3
      vertex -12.4768 -35.5368 26.5
      vertex -11.0698 -36.8661 26.5
    endloop
  endfacet
  facet normal 0.686751 0.726893 0
    outer loop
      vertex -12.4768 -35.5368 26.5
      vertex -11.0698 -36.8661 3
      vertex -12.4768 -35.5368 3
    endloop
  endfacet
  facet normal 0.69298 0.720957 -0
    outer loop
      vertex -11.0363 -36.8983 3
      vertex -11.0698 -36.8661 26.5
      vertex -11.0363 -36.8983 26.5
    endloop
  endfacet
  facet normal 0.69298 0.720957 0
    outer loop
      vertex -11.0698 -36.8661 26.5
      vertex -11.0363 -36.8983 3
      vertex -11.0698 -36.8661 3
    endloop
  endfacet
  facet normal 0.697947 0.71615 -0
    outer loop
      vertex -9.69316 -38.2073 3
      vertex -11.0363 -36.8983 26.5
      vertex -9.69316 -38.2073 26.5
    endloop
  endfacet
  facet normal 0.697947 0.71615 0
    outer loop
      vertex -11.0363 -36.8983 26.5
      vertex -9.69316 -38.2073 3
      vertex -11.0363 -36.8983 3
    endloop
  endfacet
  facet normal 0.704429 0.709774 -0
    outer loop
      vertex -9.65598 -38.2442 3
      vertex -9.69316 -38.2073 26.5
      vertex -9.65598 -38.2442 26.5
    endloop
  endfacet
  facet normal 0.704429 0.709774 0
    outer loop
      vertex -9.69316 -38.2073 26.5
      vertex -9.65598 -38.2442 3
      vertex -9.69316 -38.2073 3
    endloop
  endfacet
  facet normal 0.71037 0.703828 0
    outer loop
      vertex -8.38103 -39.531 26.5
      vertex -9.65598 -38.2442 3
      vertex -9.65598 -38.2442 26.5
    endloop
  endfacet
  facet normal 0.71037 0.703828 0
    outer loop
      vertex -9.65598 -38.2442 3
      vertex -8.38103 -39.531 26.5
      vertex -8.38103 -39.531 3
    endloop
  endfacet
  facet normal 0.716499 0.697589 0
    outer loop
      vertex -8.34082 -39.5723 26.5
      vertex -8.38103 -39.531 3
      vertex -8.38103 -39.531 26.5
    endloop
  endfacet
  facet normal 0.716499 0.697589 0
    outer loop
      vertex -8.38103 -39.531 3
      vertex -8.34082 -39.5723 26.5
      vertex -8.34082 -39.5723 3
    endloop
  endfacet
  facet normal 0.723763 0.690049 0
    outer loop
      vertex -7.13751 -40.8344 26.5
      vertex -8.34082 -39.5723 3
      vertex -8.34082 -39.5723 26.5
    endloop
  endfacet
  facet normal 0.723763 0.690049 0
    outer loop
      vertex -8.34082 -39.5723 3
      vertex -7.13751 -40.8344 26.5
      vertex -7.13751 -40.8344 3
    endloop
  endfacet
  facet normal 0.73116 0.682206 0
    outer loop
      vertex -7.09431 -40.8807 26.5
      vertex -7.13751 -40.8344 3
      vertex -7.13751 -40.8344 26.5
    endloop
  endfacet
  facet normal 0.73116 0.682206 0
    outer loop
      vertex -7.13751 -40.8344 3
      vertex -7.09431 -40.8807 26.5
      vertex -7.09431 -40.8807 3
    endloop
  endfacet
  facet normal 0.738142 0.674645 0
    outer loop
      vertex -5.96564 -42.1156 26.5
      vertex -7.09431 -40.8807 3
      vertex -7.09431 -40.8807 26.5
    endloop
  endfacet
  facet normal 0.738142 0.674645 0
    outer loop
      vertex -7.09431 -40.8807 3
      vertex -5.96564 -42.1156 26.5
      vertex -5.96564 -42.1156 3
    endloop
  endfacet
  facet normal 0.746113 0.665819 0
    outer loop
      vertex -5.91995 -42.1668 26.5
      vertex -5.96564 -42.1156 3
      vertex -5.96564 -42.1156 26.5
    endloop
  endfacet
  facet normal 0.746113 0.665819 0
    outer loop
      vertex -5.96564 -42.1156 3
      vertex -5.91995 -42.1668 26.5
      vertex -5.91995 -42.1668 3
    endloop
  endfacet
  facet normal 0.753374 0.657592 0
    outer loop
      vertex -4.86815 -43.3718 26.5
      vertex -5.91995 -42.1668 3
      vertex -5.91995 -42.1668 26.5
    endloop
  endfacet
  facet normal 0.753374 0.657592 0
    outer loop
      vertex -5.91995 -42.1668 3
      vertex -4.86815 -43.3718 26.5
      vertex -4.86815 -43.3718 3
    endloop
  endfacet
  facet normal 0.761236 0.648475 0
    outer loop
      vertex -4.82036 -43.4279 26.5
      vertex -4.86815 -43.3718 3
      vertex -4.86815 -43.3718 26.5
    endloop
  endfacet
  facet normal 0.761236 0.648475 0
    outer loop
      vertex -4.86815 -43.3718 3
      vertex -4.82036 -43.4279 26.5
      vertex -4.82036 -43.4279 3
    endloop
  endfacet
  facet normal 0.769322 0.638861 0
    outer loop
      vertex -3.84694 -44.6001 26.5
      vertex -4.82036 -43.4279 3
      vertex -4.82036 -43.4279 26.5
    endloop
  endfacet
  facet normal 0.769322 0.638861 0
    outer loop
      vertex -4.82036 -43.4279 3
      vertex -3.84694 -44.6001 26.5
      vertex -3.84694 -44.6001 3
    endloop
  endfacet
  facet normal 0.777641 0.628709 0
    outer loop
      vertex -3.79738 -44.6614 26.5
      vertex -3.84694 -44.6001 3
      vertex -3.84694 -44.6001 26.5
    endloop
  endfacet
  facet normal 0.777641 0.628709 0
    outer loop
      vertex -3.84694 -44.6001 3
      vertex -3.79738 -44.6614 26.5
      vertex -3.79738 -44.6614 3
    endloop
  endfacet
  facet normal 0.785841 0.618429 0
    outer loop
      vertex -2.90331 -45.7975 26.5
      vertex -3.79738 -44.6614 3
      vertex -3.79738 -44.6614 26.5
    endloop
  endfacet
  facet normal 0.785841 0.618429 0
    outer loop
      vertex -3.79738 -44.6614 3
      vertex -2.90331 -45.7975 26.5
      vertex -2.90331 -45.7975 3
    endloop
  endfacet
  facet normal 0.794144 0.607729 0
    outer loop
      vertex -2.85242 -45.864 26.5
      vertex -2.90331 -45.7975 3
      vertex -2.90331 -45.7975 26.5
    endloop
  endfacet
  facet normal 0.794144 0.607729 0
    outer loop
      vertex -2.90331 -45.7975 3
      vertex -2.85242 -45.864 26.5
      vertex -2.85242 -45.864 3
    endloop
  endfacet
  facet normal 0.802811 0.596234 0
    outer loop
      vertex -2.03792 -46.9607 26.5
      vertex -2.85242 -45.864 3
      vertex -2.85242 -45.864 26.5
    endloop
  endfacet
  facet normal 0.802811 0.596234 0
    outer loop
      vertex -2.85242 -45.864 3
      vertex -2.03792 -46.9607 26.5
      vertex -2.03792 -46.9607 3
    endloop
  endfacet
  facet normal 0.81131 0.584617 0
    outer loop
      vertex -1.98611 -47.0326 26.5
      vertex -2.03792 -46.9607 3
      vertex -2.03792 -46.9607 26.5
    endloop
  endfacet
  facet normal 0.81131 0.584617 0
    outer loop
      vertex -2.03792 -46.9607 3
      vertex -1.98611 -47.0326 26.5
      vertex -1.98611 -47.0326 3
    endloop
  endfacet
  facet normal 0.820054 0.572287 0
    outer loop
      vertex -1.2507 -48.0864 26.5
      vertex -1.98611 -47.0326 3
      vertex -1.98611 -47.0326 26.5
    endloop
  endfacet
  facet normal 0.820054 0.572287 0
    outer loop
      vertex -1.98611 -47.0326 3
      vertex -1.2507 -48.0864 26.5
      vertex -1.2507 -48.0864 3
    endloop
  endfacet
  facet normal 0.828911 0.559381 0
    outer loop
      vertex -1.19867 -48.1635 26.5
      vertex -1.2507 -48.0864 3
      vertex -1.2507 -48.0864 26.5
    endloop
  endfacet
  facet normal 0.828911 0.559381 0
    outer loop
      vertex -1.2507 -48.0864 3
      vertex -1.19867 -48.1635 26.5
      vertex -1.19867 -48.1635 3
    endloop
  endfacet
  facet normal 0.837414 0.546569 0
    outer loop
      vertex -0.541153 -49.1709 26.5
      vertex -1.19867 -48.1635 3
      vertex -1.19867 -48.1635 26.5
    endloop
  endfacet
  facet normal 0.837414 0.546569 0
    outer loop
      vertex -1.19867 -48.1635 3
      vertex -0.541153 -49.1709 26.5
      vertex -0.541153 -49.1709 3
    endloop
  endfacet
  facet normal 0.846133 0.532972 0
    outer loop
      vertex -0.488998 -49.2537 26.5
      vertex -0.541153 -49.1709 3
      vertex -0.541153 -49.1709 26.5
    endloop
  endfacet
  facet normal 0.846133 0.532972 0
    outer loop
      vertex -0.541153 -49.1709 3
      vertex -0.488998 -49.2537 26.5
      vertex -0.488998 -49.2537 3
    endloop
  endfacet
  facet normal 0.854785 0.518982 0
    outer loop
      vertex 0 -50.0591 26.5
      vertex -0.488998 -49.2537 3
      vertex -0.488998 -49.2537 26.5
    endloop
  endfacet
  facet normal 0.854785 0.518982 0
    outer loop
      vertex -0.488998 -49.2537 3
      vertex 0 -50.0591 26.5
      vertex 0 -50.0591 3
    endloop
  endfacet
  facet normal -0.854785 0.518982 0
    outer loop
      vertex 0 -50.0591 3
      vertex 0.488998 -49.2537 26.5
      vertex 0.488998 -49.2537 3
    endloop
  endfacet
  facet normal -0.854785 0.518982 0
    outer loop
      vertex 0.488998 -49.2537 26.5
      vertex 0 -50.0591 3
      vertex 0 -50.0591 26.5
    endloop
  endfacet
  facet normal -0 0 1
    outer loop
      vertex 48.7627 9.70564 26.5
      vertex 49.9635 9.70547 26.5
      vertex 49.9049 11.3249 26.5
    endloop
  endfacet
  facet normal 0 0 1
    outer loop
      vertex 48.7073 11.2376 26.5
      vertex 49.9049 11.3249 26.5
      vertex 49.7296 12.928 26.5
    endloop
  endfacet
  facet normal 0 0 1
    outer loop
      vertex 49.9635 9.70547 26.5
      vertex 48.7627 9.70564 26.5
      vertex 49.9048 8.07443 26.5
    endloop
  endfacet
  facet normal 0 0 1
    outer loop
      vertex 48.5415 12.7543 26.5
      vertex 49.7296 12.928 26.5
      vertex 49.4385 14.5116 26.5
    endloop
  endfacet
  facet normal -0 0 1
    outer loop
      vertex 48.7071 8.15997 26.5
      vertex 49.9048 8.07443 26.5
      vertex 48.7627 9.70564 26.5
    endloop
  endfacet
  facet normal 0 0 1
    outer loop
      vertex 48.2662 14.2517 26.5
      vertex 49.4385 14.5116 26.5
      vertex 49.0332 16.0706 26.5
    endloop
  endfacet
  facet normal 0 0 1
    outer loop
      vertex 49.9048 8.07443 26.5
      vertex 48.7071 8.15997 26.5
      vertex 49.7288 6.4343 26.5
    endloop
  endfacet
  facet normal -0 0 1
    outer loop
      vertex 48.5401 6.60364 26.5
      vertex 49.7288 6.4343 26.5
      vertex 48.7071 8.15997 26.5
    endloop
  endfacet
  facet normal 0 0 1
    outer loop
      vertex 49.9049 11.3249 26.5
      vertex 48.7073 11.2376 26.5
      vertex 48.7627 9.70564 26.5
    endloop
  endfacet
  facet normal 0 0 1
    outer loop
      vertex 49.7296 12.928 26.5
      vertex 48.5415 12.7543 26.5
      vertex 48.7073 11.2376 26.5
    endloop
  endfacet
  facet normal 0 0 1
    outer loop
      vertex 47.8827 15.7267 26.5
      vertex 49.0332 16.0706 26.5
      vertex 48.5156 17.6 26.5
    endloop
  endfacet
  facet normal 0 0 1
    outer loop
      vertex 49.4385 14.5116 26.5
      vertex 48.2662 14.2517 26.5
      vertex 48.5415 12.7543 26.5
    endloop
  endfacet
  facet normal 0 0 1
    outer loop
      vertex 47.3926 17.175 26.5
      vertex 48.5156 17.6 26.5
      vertex 47.8882 19.0945 26.5
    endloop
  endfacet
  facet normal 0 0 1
    outer loop
      vertex 49.0332 16.0706 26.5
      vertex 47.8827 15.7267 26.5
      vertex 48.2662 14.2517 26.5
    endloop
  endfacet
  facet normal 0 0 1
    outer loop
      vertex 48.5156 17.6 26.5
      vertex 47.3926 17.175 26.5
      vertex 47.8827 15.7267 26.5
    endloop
  endfacet
  facet normal 0 0 1
    outer loop
      vertex 46.798 18.5912 26.5
      vertex 47.8882 19.0945 26.5
      vertex 47.1541 20.5483 26.5
    endloop
  endfacet
  facet normal 0 0 1
    outer loop
      vertex 47.8882 19.0945 26.5
      vertex 46.798 18.5912 26.5
      vertex 47.3926 17.175 26.5
    endloop
  endfacet
  facet normal 0 0 1
    outer loop
      vertex 46.1015 19.9705 26.5
      vertex 47.1541 20.5483 26.5
      vertex 46.3172 21.9551 26.5
    endloop
  endfacet
  facet normal 0 0 1
    outer loop
      vertex 47.1541 20.5483 26.5
      vertex 46.1015 19.9705 26.5
      vertex 46.798 18.5912 26.5
    endloop
  endfacet
  facet normal 0 0 1
    outer loop
      vertex 45.3068 21.3064 26.5
      vertex 46.3172 21.9551 26.5
      vertex 45.382 23.3084 26.5
    endloop
  endfacet
  facet normal 0 0 1
    outer loop
      vertex 46.3172 21.9551 26.5
      vertex 45.3068 21.3064 26.5
      vertex 46.1015 19.9705 26.5
    endloop
  endfacet
  facet normal 0 0 1
    outer loop
      vertex 45.382 23.3084 26.5
      vertex 44.4177 22.593 26.5
      vertex 45.3068 21.3064 26.5
    endloop
  endfacet
  facet normal 0 0 1
    outer loop
      vertex 44.3537 24.6019 26.5
      vertex 44.4177 22.593 26.5
      vertex 45.382 23.3084 26.5
    endloop
  endfacet
  facet normal 0 0 1
    outer loop
      vertex 44.3537 24.6019 26.5
      vertex 43.439 23.824 26.5
      vertex 44.4177 22.593 26.5
    endloop
  endfacet
  facet normal 0 0 1
    outer loop
      vertex 43.2377 25.8293 26.5
      vertex 43.439 23.824 26.5
      vertex 44.3537 24.6019 26.5
    endloop
  endfacet
  facet normal 0 0 1
    outer loop
      vertex 43.2377 25.8293 26.5
      vertex 42.3763 24.9929 26.5
      vertex 43.439 23.824 26.5
    endloop
  endfacet
  facet normal 0 0 1
    outer loop
      vertex 42.0409 26.9839 26.5
      vertex 42.3763 24.9929 26.5
      vertex 43.2377 25.8293 26.5
    endloop
  endfacet
  facet normal 0 0 1
    outer loop
      vertex 42.0409 26.9839 26.5
      vertex 41.2357 26.0933 26.5
      vertex 42.3763 24.9929 26.5
    endloop
  endfacet
  facet normal 0 0 1
    outer loop
      vertex 40.7695 28.0603 26.5
      vertex 41.2357 26.0933 26.5
      vertex 42.0409 26.9839 26.5
    endloop
  endfacet
  facet normal 0 0 1
    outer loop
      vertex 40.7695 28.0603 26.5
      vertex 40.0237 27.1194 26.5
      vertex 41.2357 26.0933 26.5
    endloop
  endfacet
  facet normal 0 0 1
    outer loop
      vertex 39.4311 29.0524 26.5
      vertex 40.0237 27.1194 26.5
      vertex 40.7695 28.0603 26.5
    endloop
  endfacet
  facet normal 0 0 1
    outer loop
      vertex 39.4311 29.0524 26.5
      vertex 38.7475 28.0654 26.5
      vertex 40.0237 27.1194 26.5
    endloop
  endfacet
  facet normal 0 0 1
    outer loop
      vertex 38.033 29.9554 26.5
      vertex 38.7475 28.0654 26.5
      vertex 39.4311 29.0524 26.5
    endloop
  endfacet
  facet normal 0 0 1
    outer loop
      vertex 38.033 29.9554 26.5
      vertex 37.4148 28.9261 26.5
      vertex 38.7475 28.0654 26.5
    endloop
  endfacet
  facet normal 0 0 1
    outer loop
      vertex 36.5841 30.7639 26.5
      vertex 37.4148 28.9261 26.5
      vertex 38.033 29.9554 26.5
    endloop
  endfacet
  facet normal 0 0 1
    outer loop
      vertex 36.5841 30.7639 26.5
      vertex 36.033 29.6972 26.5
      vertex 37.4148 28.9261 26.5
    endloop
  endfacet
  facet normal 0 0 1
    outer loop
      vertex 35.091 31.4747 26.5
      vertex 36.033 29.6972 26.5
      vertex 36.5841 30.7639 26.5
    endloop
  endfacet
  facet normal 0 0 1
    outer loop
      vertex 35.091 31.4747 26.5
      vertex 34.6104 30.3745 26.5
      vertex 36.033 29.6972 26.5
    endloop
  endfacet
  facet normal 0 0 1
    outer loop
      vertex 33.563 32.0838 26.5
      vertex 34.6104 30.3745 26.5
      vertex 35.091 31.4747 26.5
    endloop
  endfacet
  facet normal 0 0 1
    outer loop
      vertex 33.563 32.0838 26.5
      vertex 33.1553 30.9545 26.5
      vertex 34.6104 30.3745 26.5
    endloop
  endfacet
  facet normal 0 0 1
    outer loop
      vertex 32.0081 32.5886 26.5
      vertex 33.1553 30.9545 26.5
      vertex 33.563 32.0838 26.5
    endloop
  endfacet
  facet normal 0 0 1
    outer loop
      vertex 32.0081 32.5886 26.5
      vertex 31.6752 31.4351 26.5
      vertex 33.1553 30.9545 26.5
    endloop
  endfacet
  facet normal 0 0 1
    outer loop
      vertex 30.4348 32.9871 26.5
      vertex 31.6752 31.4351 26.5
      vertex 32.0081 32.5886 26.5
    endloop
  endfacet
  facet normal 0 0 1
    outer loop
      vertex 30.4348 32.9871 26.5
      vertex 30.1787 31.8141 26.5
      vertex 31.6752 31.4351 26.5
    endloop
  endfacet
  facet normal 0 0 1
    outer loop
      vertex 28.8504 33.2782 26.5
      vertex 30.1787 31.8141 26.5
      vertex 30.4348 32.9871 26.5
    endloop
  endfacet
  facet normal 0 0 1
    outer loop
      vertex 28.8504 33.2782 26.5
      vertex 28.6731 32.0907 26.5
      vertex 30.1787 31.8141 26.5
    endloop
  endfacet
  facet normal 0 0 1
    outer loop
      vertex 27.2636 33.4613 26.5
      vertex 28.6731 32.0907 26.5
      vertex 28.8504 33.2782 26.5
    endloop
  endfacet
  facet normal 0 0 1
    outer loop
      vertex 27.2636 33.4613 26.5
      vertex 27.1662 32.2645 26.5
      vertex 28.6731 32.0907 26.5
    endloop
  endfacet
  facet normal 0 0 1
    outer loop
      vertex 25.6817 33.5367 26.5
      vertex 27.1662 32.2645 26.5
      vertex 27.2636 33.4613 26.5
    endloop
  endfacet
  facet normal 0 0 1
    outer loop
      vertex 25.6817 33.5367 26.5
      vertex 25.6652 32.3361 26.5
      vertex 27.1662 32.2645 26.5
    endloop
  endfacet
  facet normal 0 0 1
    outer loop
      vertex 25.6817 33.5367 26.5
      vertex 24.1767 32.3064 26.5
      vertex 25.6652 32.3361 26.5
    endloop
  endfacet
  facet normal -0 0 1
    outer loop
      vertex 24.1124 33.5054 26.5
      vertex 24.1767 32.3064 26.5
      vertex 25.6817 33.5367 26.5
    endloop
  endfacet
  facet normal 0 0 1
    outer loop
      vertex 24.1124 33.5054 26.5
      vertex 22.7078 32.1775 26.5
      vertex 24.1767 32.3064 26.5
    endloop
  endfacet
  facet normal -0 0 1
    outer loop
      vertex 22.5623 33.3694 26.5
      vertex 22.7078 32.1775 26.5
      vertex 24.1124 33.5054 26.5
    endloop
  endfacet
  facet normal 0 0 1
    outer loop
      vertex 22.5623 33.3694 26.5
      vertex 21.2635 31.9516 26.5
      vertex 22.7078 32.1775 26.5
    endloop
  endfacet
  facet normal -0 0 1
    outer loop
      vertex 21.0383 33.131 26.5
      vertex 21.2635 31.9516 26.5
      vertex 22.5623 33.3694 26.5
    endloop
  endfacet
  facet normal 0 0 1
    outer loop
      vertex 21.0383 33.131 26.5
      vertex 19.8505 31.6322 26.5
      vertex 21.2635 31.9516 26.5
    endloop
  endfacet
  facet normal -0 0 1
    outer loop
      vertex 19.5467 32.7938 26.5
      vertex 19.8505 31.6322 26.5
      vertex 21.0383 33.131 26.5
    endloop
  endfacet
  facet normal 0 0 1
    outer loop
      vertex 19.5467 32.7938 26.5
      vertex 18.4736 31.2225 26.5
      vertex 19.8505 31.6322 26.5
    endloop
  endfacet
  facet normal -0 0 1
    outer loop
      vertex 18.0936 32.3614 26.5
      vertex 18.4736 31.2225 26.5
      vertex 19.5467 32.7938 26.5
    endloop
  endfacet
  facet normal 0 0 1
    outer loop
      vertex 18.0936 32.3614 26.5
      vertex 17.138 30.7271 26.5
      vertex 18.4736 31.2225 26.5
    endloop
  endfacet
  facet normal -0 0 1
    outer loop
      vertex 16.6841 31.8387 26.5
      vertex 17.138 30.7271 26.5
      vertex 18.0936 32.3614 26.5
    endloop
  endfacet
  facet normal 0 0 1
    outer loop
      vertex 16.6841 31.8387 26.5
      vertex 15.8482 30.1509 26.5
      vertex 17.138 30.7271 26.5
    endloop
  endfacet
  facet normal -0 0 1
    outer loop
      vertex 15.3239 31.231 26.5
      vertex 15.8482 30.1509 26.5
      vertex 16.6841 31.8387 26.5
    endloop
  endfacet
  facet normal 0 0 1
    outer loop
      vertex 15.3239 31.231 26.5
      vertex 14.6088 29.4994 26.5
      vertex 15.8482 30.1509 26.5
    endloop
  endfacet
  facet normal -0 0 1
    outer loop
      vertex 14.0172 30.5441 26.5
      vertex 14.6088 29.4994 26.5
      vertex 15.3239 31.231 26.5
    endloop
  endfacet
  facet normal 0 0 1
    outer loop
      vertex 14.0172 30.5441 26.5
      vertex 13.4237 28.7788 26.5
      vertex 14.6088 29.4994 26.5
    endloop
  endfacet
  facet normal -0 0 1
    outer loop
      vertex 12.7689 29.7851 26.5
      vertex 13.4237 28.7788 26.5
      vertex 14.0172 30.5441 26.5
    endloop
  endfacet
  facet normal 0 0 1
    outer loop
      vertex 12.7689 29.7851 26.5
      vertex 12.2963 27.9957 26.5
      vertex 13.4237 28.7788 26.5
    endloop
  endfacet
  facet normal -0 0 1
    outer loop
      vertex 11.5828 28.9613 26.5
      vertex 12.2963 27.9957 26.5
      vertex 12.7689 29.7851 26.5
    endloop
  endfacet
  facet normal 0 0 1
    outer loop
      vertex 11.5828 28.9613 26.5
      vertex 11.2304 27.1579 26.5
      vertex 12.2963 27.9957 26.5
    endloop
  endfacet
  facet normal -0 0 1
    outer loop
      vertex 10.4617 28.0799 26.5
      vertex 11.2304 27.1579 26.5
      vertex 11.5828 28.9613 26.5
    endloop
  endfacet
  facet normal 0 0 1
    outer loop
      vertex 10.4617 28.0799 26.5
      vertex 10.2283 26.2728 26.5
      vertex 11.2304 27.1579 26.5
    endloop
  endfacet
  facet normal -0 0 1
    outer loop
      vertex 9.40901 27.1503 26.5
      vertex 10.2283 26.2728 26.5
      vertex 10.4617 28.0799 26.5
    endloop
  endfacet
  facet normal 0 0 1
    outer loop
      vertex 9.40901 27.1503 26.5
      vertex 9.29282 25.3494 26.5
      vertex 10.2283 26.2728 26.5
    endloop
  endfacet
  facet normal -0 0 1
    outer loop
      vertex 8.42709 26.181 26.5
      vertex 9.29282 25.3494 26.5
      vertex 9.40901 27.1503 26.5
    endloop
  endfacet
  facet normal 0 0 1
    outer loop
      vertex 8.42709 26.181 26.5
      vertex 8.42566 24.3967 26.5
      vertex 9.29282 25.3494 26.5
    endloop
  endfacet
  facet normal -0 0 1
    outer loop
      vertex 7.51726 25.1815 26.5
      vertex 8.42566 24.3967 26.5
      vertex 8.42709 26.181 26.5
    endloop
  endfacet
  facet normal 0 0 1
    outer loop
      vertex 8.42566 24.3967 26.5
      vertex 7.51726 25.1815 26.5
      vertex 7.62804 23.424 26.5
    endloop
  endfacet
  facet normal -0 0 1
    outer loop
      vertex 6.68114 24.1617 26.5
      vertex 7.62804 23.424 26.5
      vertex 7.51726 25.1815 26.5
    endloop
  endfacet
  facet normal 0 0 1
    outer loop
      vertex 7.62804 23.424 26.5
      vertex 6.68114 24.1617 26.5
      vertex 6.90074 22.441 26.5
    endloop
  endfacet
  facet normal -0 0 1
    outer loop
      vertex 5.91896 23.1316 26.5
      vertex 6.90074 22.441 26.5
      vertex 6.68114 24.1617 26.5
    endloop
  endfacet
  facet normal 0 0 1
    outer loop
      vertex 6.90074 22.441 26.5
      vertex 5.91896 23.1316 26.5
      vertex 6.24379 21.4578 26.5
    endloop
  endfacet
  facet normal -0 0 1
    outer loop
      vertex 5.23061 22.1014 26.5
      vertex 6.24379 21.4578 26.5
      vertex 5.91896 23.1316 26.5
    endloop
  endfacet
  facet normal 0 0 1
    outer loop
      vertex 6.24379 21.4578 26.5
      vertex 5.23061 22.1014 26.5
      vertex 5.65678 20.4846 26.5
    endloop
  endfacet
  facet normal -0 0 1
    outer loop
      vertex 4.61546 21.0816 26.5
      vertex 5.65678 20.4846 26.5
      vertex 5.23061 22.1014 26.5
    endloop
  endfacet
  facet normal 0 0 1
    outer loop
      vertex 5.65678 20.4846 26.5
      vertex 4.61546 21.0816 26.5
      vertex 5.13837 19.5316 26.5
    endloop
  endfacet
  facet normal -0 0 1
    outer loop
      vertex 4.07182 20.0822 26.5
      vertex 5.13837 19.5316 26.5
      vertex 4.61546 21.0816 26.5
    endloop
  endfacet
  facet normal 0 0 1
    outer loop
      vertex 5.13837 19.5316 26.5
      vertex 4.07182 20.0822 26.5
      vertex 4.68658 18.6083 26.5
    endloop
  endfacet
  facet normal -0 0 1
    outer loop
      vertex 3.59776 19.1134 26.5
      vertex 4.68658 18.6083 26.5
      vertex 4.07182 20.0822 26.5
    endloop
  endfacet
  facet normal 0 0 1
    outer loop
      vertex 4.68658 18.6083 26.5
      vertex 3.59776 19.1134 26.5
      vertex 4.2989 17.7248 26.5
    endloop
  endfacet
  facet normal -0 0 1
    outer loop
      vertex 3.19026 18.1847 26.5
      vertex 4.2989 17.7248 26.5
      vertex 3.59776 19.1134 26.5
    endloop
  endfacet
  facet normal 0 0 1
    outer loop
      vertex 4.2989 17.7248 26.5
      vertex 3.19026 18.1847 26.5
      vertex 3.97243 16.8908 26.5
    endloop
  endfacet
  facet normal -0 0 1
    outer loop
      vertex 2.84647 17.3065 26.5
      vertex 3.97243 16.8908 26.5
      vertex 3.19026 18.1847 26.5
    endloop
  endfacet
  facet normal 0 0 1
    outer loop
      vertex 3.97243 16.8908 26.5
      vertex 2.84647 17.3065 26.5
      vertex 3.70332 16.1155 26.5
    endloop
  endfacet
  facet normal -0 0 1
    outer loop
      vertex 2.56216 16.4874 26.5
      vertex 3.70332 16.1155 26.5
      vertex 2.84647 17.3065 26.5
    endloop
  endfacet
  facet normal 0 0 1
    outer loop
      vertex 3.70332 16.1155 26.5
      vertex 2.56216 16.4874 26.5
      vertex 3.48709 15.4067 26.5
    endloop
  endfacet
  facet normal -0 0 1
    outer loop
      vertex 2.33281 15.7356 26.5
      vertex 3.48709 15.4067 26.5
      vertex 2.56216 16.4874 26.5
    endloop
  endfacet
  facet normal 0 0 1
    outer loop
      vertex 3.48709 15.4067 26.5
      vertex 2.33281 15.7356 26.5
      vertex 3.31914 14.7729 26.5
    endloop
  endfacet
  facet normal -0 0 1
    outer loop
      vertex 2.15373 15.0598 26.5
      vertex 3.31914 14.7729 26.5
      vertex 2.33281 15.7356 26.5
    endloop
  endfacet
  facet normal 0 0 1
    outer loop
      vertex 3.31914 14.7729 26.5
      vertex 2.15373 15.0598 26.5
      vertex 3.1942 14.2217 26.5
    endloop
  endfacet
  facet normal -0 0 1
    outer loop
      vertex 2.01917 14.4661 26.5
      vertex 3.1942 14.2217 26.5
      vertex 2.15373 15.0598 26.5
    endloop
  endfacet
  facet normal 0 0 1
    outer loop
      vertex 1.79958 12.902 26.5
      vertex 2.9993 12.8759 26.5
      vertex 2.99948 12.8845 26.5
    endloop
  endfacet
  facet normal 0 0 1
    outer loop
      vertex 3.1942 14.2217 26.5
      vertex 2.01917 14.4661 26.5
      vertex 3.10626 13.7583 26.5
    endloop
  endfacet
  facet normal -0 0 1
    outer loop
      vertex 1.92339 13.9613 26.5
      vertex 3.10626 13.7583 26.5
      vertex 2.01917 14.4661 26.5
    endloop
  endfacet
  facet normal 0 0 1
    outer loop
      vertex 3.10626 13.7583 26.5
      vertex 1.92339 13.9613 26.5
      vertex 3.04951 13.3898 26.5
    endloop
  endfacet
  facet normal -0 0 1
    outer loop
      vertex 1.86041 13.5524 26.5
      vertex 3.04951 13.3898 26.5
      vertex 1.92339 13.9613 26.5
    endloop
  endfacet
  facet normal 0 0 1
    outer loop
      vertex 3.04951 13.3898 26.5
      vertex 1.86041 13.5524 26.5
      vertex 3.01732 13.1197 26.5
    endloop
  endfacet
  facet normal -0 0 1
    outer loop
      vertex 1.82336 13.2415 26.5
      vertex 3.01732 13.1197 26.5
      vertex 1.86041 13.5524 26.5
    endloop
  endfacet
  facet normal 0 0 1
    outer loop
      vertex 3.01732 13.1197 26.5
      vertex 1.82336 13.2415 26.5
      vertex 3.00298 12.9513 26.5
    endloop
  endfacet
  facet normal -0 0 1
    outer loop
      vertex 1.8056 13.0332 26.5
      vertex 3.00298 12.9513 26.5
      vertex 1.82336 13.2415 26.5
    endloop
  endfacet
  facet normal 0 0 1
    outer loop
      vertex 3.00298 12.9513 26.5
      vertex 1.8056 13.0332 26.5
      vertex 2.99948 12.8845 26.5
    endloop
  endfacet
  facet normal -0 0 1
    outer loop
      vertex 1.80016 12.9289 26.5
      vertex 2.99948 12.8845 26.5
      vertex 1.8056 13.0332 26.5
    endloop
  endfacet
  facet normal -0 0 1
    outer loop
      vertex 1.79958 12.902 26.5
      vertex 2.99948 12.8845 26.5
      vertex 1.80016 12.9289 26.5
    endloop
  endfacet
  facet normal 0 0 1
    outer loop
      vertex 2.9993 12.8759 26.5
      vertex 1.79958 12.902 26.5
      vertex 2.99335 12.7414 26.5
    endloop
  endfacet
  facet normal -0 0 1
    outer loop
      vertex 1.79601 12.8213 26.5
      vertex 2.99335 12.7414 26.5
      vertex 1.79958 12.902 26.5
    endloop
  endfacet
  facet normal 0 0 1
    outer loop
      vertex 2.99335 12.7414 26.5
      vertex 1.79601 12.8213 26.5
      vertex 2.98137 12.6073 26.5
    endloop
  endfacet
  facet normal -0 0 1
    outer loop
      vertex 1.78882 12.7409 26.5
      vertex 2.98137 12.6073 26.5
      vertex 1.79601 12.8213 26.5
    endloop
  endfacet
  facet normal 0 0 1
    outer loop
      vertex 2.98137 12.6073 26.5
      vertex 1.78882 12.7409 26.5
      vertex 2.96339 12.4739 26.5
    endloop
  endfacet
  facet normal -0 0 1
    outer loop
      vertex 1.77803 12.6608 26.5
      vertex 2.96339 12.4739 26.5
      vertex 1.78882 12.7409 26.5
    endloop
  endfacet
  facet normal 0 0 1
    outer loop
      vertex 2.96339 12.4739 26.5
      vertex 1.77803 12.6608 26.5
      vertex 2.93944 12.3414 26.5
    endloop
  endfacet
  facet normal -0 0 1
    outer loop
      vertex 1.76367 12.5813 26.5
      vertex 2.93944 12.3414 26.5
      vertex 1.77803 12.6608 26.5
    endloop
  endfacet
  facet normal 0 0 1
    outer loop
      vertex 2.93944 12.3414 26.5
      vertex 1.76367 12.5813 26.5
      vertex 2.90958 12.2102 26.5
    endloop
  endfacet
  facet normal 0 0 1
    outer loop
      vertex 2.90958 12.2102 26.5
      vertex 1.74574 12.5026 26.5
      vertex 2.87386 12.0804 26.5
    endloop
  endfacet
  facet normal -0 0 1
    outer loop
      vertex 1.7243 12.4247 26.5
      vertex 2.87386 12.0804 26.5
      vertex 1.74574 12.5026 26.5
    endloop
  endfacet
  facet normal 0 0 1
    outer loop
      vertex 2.87386 12.0804 26.5
      vertex 1.7243 12.4247 26.5
      vertex 2.83234 11.9523 26.5
    endloop
  endfacet
  facet normal 0 0 1
    outer loop
      vertex 2.83234 11.9523 26.5
      vertex 1.6994 12.3478 26.5
      vertex 2.78511 11.8262 26.5
    endloop
  endfacet
  facet normal -0 0 1
    outer loop
      vertex 1.67107 12.2722 26.5
      vertex 2.78511 11.8262 26.5
      vertex 1.6994 12.3478 26.5
    endloop
  endfacet
  facet normal 0 0 1
    outer loop
      vertex 2.73228 11.7024 26.5
      vertex 1.63937 12.1979 26.5
      vertex 2.67397 11.581 26.5
    endloop
  endfacet
  facet normal 0 0 1
    outer loop
      vertex 2.78511 11.8262 26.5
      vertex 1.67107 12.2722 26.5
      vertex 2.73228 11.7024 26.5
    endloop
  endfacet
  facet normal -0 0 1
    outer loop
      vertex 1.60437 12.1251 26.5
      vertex 2.67397 11.581 26.5
      vertex 1.63937 12.1979 26.5
    endloop
  endfacet
  facet normal -0 0 1
    outer loop
      vertex 1.6994 12.3478 26.5
      vertex 2.83234 11.9523 26.5
      vertex 1.7243 12.4247 26.5
    endloop
  endfacet
  facet normal -0 0 1
    outer loop
      vertex 1.74574 12.5026 26.5
      vertex 2.90958 12.2102 26.5
      vertex 1.76367 12.5813 26.5
    endloop
  endfacet
  facet normal -0 0 1
    outer loop
      vertex 1.63937 12.1979 26.5
      vertex 2.73228 11.7024 26.5
      vertex 1.67107 12.2722 26.5
    endloop
  endfacet
  facet normal 0 0 1
    outer loop
      vertex 2.67397 11.581 26.5
      vertex 1.60437 12.1251 26.5
      vertex 2.61024 11.4624 26.5
    endloop
  endfacet
  facet normal -0 0 1
    outer loop
      vertex 1.56615 12.0539 26.5
      vertex 2.61024 11.4624 26.5
      vertex 1.60437 12.1251 26.5
    endloop
  endfacet
  facet normal 0 0 1
    outer loop
      vertex 2.61024 11.4624 26.5
      vertex 1.56615 12.0539 26.5
      vertex 2.54128 11.3468 26.5
    endloop
  endfacet
  facet normal -0 0 1
    outer loop
      vertex 1.52477 11.9846 26.5
      vertex 2.54128 11.3468 26.5
      vertex 1.56615 12.0539 26.5
    endloop
  endfacet
  facet normal 0 0 1
    outer loop
      vertex 2.54128 11.3468 26.5
      vertex 1.52477 11.9846 26.5
      vertex 2.46719 11.2344 26.5
    endloop
  endfacet
  facet normal -0 0 1
    outer loop
      vertex 1.48032 11.9171 26.5
      vertex 2.46719 11.2344 26.5
      vertex 1.52477 11.9846 26.5
    endloop
  endfacet
  facet normal 0 0 1
    outer loop
      vertex 2.46719 11.2344 26.5
      vertex 1.48032 11.9171 26.5
      vertex 2.38814 11.1254 26.5
    endloop
  endfacet
  facet normal -0 0 1
    outer loop
      vertex 1.43288 11.8517 26.5
      vertex 2.38814 11.1254 26.5
      vertex 1.48032 11.9171 26.5
    endloop
  endfacet
  facet normal 0 0 1
    outer loop
      vertex 2.38814 11.1254 26.5
      vertex 1.43288 11.8517 26.5
      vertex 2.30426 11.0201 26.5
    endloop
  endfacet
  facet normal -0 0 1
    outer loop
      vertex 1.38255 11.7885 26.5
      vertex 2.30426 11.0201 26.5
      vertex 1.43288 11.8517 26.5
    endloop
  endfacet
  facet normal 0 0 1
    outer loop
      vertex 2.30426 11.0201 26.5
      vertex 1.38255 11.7885 26.5
      vertex 2.21576 10.9187 26.5
    endloop
  endfacet
  facet normal -0 0 1
    outer loop
      vertex 1.32945 11.7277 26.5
      vertex 2.21576 10.9187 26.5
      vertex 1.38255 11.7885 26.5
    endloop
  endfacet
  facet normal 0 0 1
    outer loop
      vertex 2.21576 10.9187 26.5
      vertex 1.32945 11.7277 26.5
      vertex 2.12279 10.8213 26.5
    endloop
  endfacet
  facet normal -0 0 1
    outer loop
      vertex 1.27367 11.6693 26.5
      vertex 2.12279 10.8213 26.5
      vertex 1.32945 11.7277 26.5
    endloop
  endfacet
  facet normal 0 0 1
    outer loop
      vertex 2.12279 10.8213 26.5
      vertex 1.27367 11.6693 26.5
      vertex 2.02554 10.7282 26.5
    endloop
  endfacet
  facet normal -0 0 1
    outer loop
      vertex 1.21533 11.6134 26.5
      vertex 2.02554 10.7282 26.5
      vertex 1.27367 11.6693 26.5
    endloop
  endfacet
  facet normal 0 0 1
    outer loop
      vertex 2.02554 10.7282 26.5
      vertex 1.21533 11.6134 26.5
      vertex 1.92422 10.6396 26.5
    endloop
  endfacet
  facet normal -0 0 1
    outer loop
      vertex 1.15453 11.5602 26.5
      vertex 1.92422 10.6396 26.5
      vertex 1.21533 11.6134 26.5
    endloop
  endfacet
  facet normal 0 0 1
    outer loop
      vertex 1.92422 10.6396 26.5
      vertex 1.15453 11.5602 26.5
      vertex 1.81902 10.5555 26.5
    endloop
  endfacet
  facet normal -0 0 1
    outer loop
      vertex 1.09142 11.5098 26.5
      vertex 1.81902 10.5555 26.5
      vertex 1.15453 11.5602 26.5
    endloop
  endfacet
  facet normal 0 0 1
    outer loop
      vertex 1.81902 10.5555 26.5
      vertex 1.09142 11.5098 26.5
      vertex 1.71016 10.4763 26.5
    endloop
  endfacet
  facet normal -0 0 1
    outer loop
      vertex 1.02609 11.4623 26.5
      vertex 1.71016 10.4763 26.5
      vertex 1.09142 11.5098 26.5
    endloop
  endfacet
  facet normal 0 0 1
    outer loop
      vertex 1.71016 10.4763 26.5
      vertex 1.02609 11.4623 26.5
      vertex 1.59785 10.4021 26.5
    endloop
  endfacet
  facet normal -0 0 1
    outer loop
      vertex 0.95871 11.4177 26.5
      vertex 1.59785 10.4021 26.5
      vertex 1.02609 11.4623 26.5
    endloop
  endfacet
  facet normal 0 0 1
    outer loop
      vertex 1.59785 10.4021 26.5
      vertex 0.95871 11.4177 26.5
      vertex 1.48233 10.333 26.5
    endloop
  endfacet
  facet normal -0 0 1
    outer loop
      vertex 0.889404 11.3762 26.5
      vertex 1.48233 10.333 26.5
      vertex 0.95871 11.4177 26.5
    endloop
  endfacet
  facet normal 0 0 1
    outer loop
      vertex 1.48233 10.333 26.5
      vertex 0.889404 11.3762 26.5
      vertex 1.36382 10.2691 26.5
    endloop
  endfacet
  facet normal -0 0 1
    outer loop
      vertex 0.818298 11.3379 26.5
      vertex 1.36382 10.2691 26.5
      vertex 0.889404 11.3762 26.5
    endloop
  endfacet
  facet normal 0 0 1
    outer loop
      vertex 1.36382 10.2691 26.5
      vertex 0.818298 11.3379 26.5
      vertex 1.24257 10.2106 26.5
    endloop
  endfacet
  facet normal -0 0 1
    outer loop
      vertex 0.745544 11.3028 26.5
      vertex 1.24257 10.2106 26.5
      vertex 0.818298 11.3379 26.5
    endloop
  endfacet
  facet normal 0 0 1
    outer loop
      vertex 1.24257 10.2106 26.5
      vertex 0.745544 11.3028 26.5
      vertex 1.1188 10.1576 26.5
    endloop
  endfacet
  facet normal -0 0 1
    outer loop
      vertex 0.67128 11.271 26.5
      vertex 1.1188 10.1576 26.5
      vertex 0.745544 11.3028 26.5
    endloop
  endfacet
  facet normal 0 0 1
    outer loop
      vertex 1.1188 10.1576 26.5
      vertex 0.67128 11.271 26.5
      vertex 0.992798 10.1102 26.5
    endloop
  endfacet
  facet normal -0 0 1
    outer loop
      vertex 0.595673 11.2426 26.5
      vertex 0.992798 10.1102 26.5
      vertex 0.67128 11.271 26.5
    endloop
  endfacet
  facet normal 0 0 1
    outer loop
      vertex 0.992798 10.1102 26.5
      vertex 0.595673 11.2426 26.5
      vertex 0.864792 10.0685 26.5
    endloop
  endfacet
  facet normal -0 0 1
    outer loop
      vertex 0.518875 11.2176 26.5
      vertex 0.864792 10.0685 26.5
      vertex 0.595673 11.2426 26.5
    endloop
  endfacet
  facet normal 0 0 1
    outer loop
      vertex 0.864792 10.0685 26.5
      vertex 0.518875 11.2176 26.5
      vertex 0.735031 10.0326 26.5
    endloop
  endfacet
  facet normal -0 0 1
    outer loop
      vertex 0.441025 11.196 26.5
      vertex 0.735031 10.0326 26.5
      vertex 0.518875 11.2176 26.5
    endloop
  endfacet
  facet normal 0 0 1
    outer loop
      vertex 0.735031 10.0326 26.5
      vertex 0.441025 11.196 26.5
      vertex 0.603806 10.0025 26.5
    endloop
  endfacet
  facet normal -0 0 1
    outer loop
      vertex 0.362274 11.178 26.5
      vertex 0.603806 10.0025 26.5
      vertex 0.441025 11.196 26.5
    endloop
  endfacet
  facet normal 0 0 1
    outer loop
      vertex 0.603806 10.0025 26.5
      vertex 0.362274 11.178 26.5
      vertex 0.471359 9.97842 26.5
    endloop
  endfacet
  facet normal -0 0 1
    outer loop
      vertex 0.282806 11.1635 26.5
      vertex 0.471359 9.97842 26.5
      vertex 0.362274 11.178 26.5
    endloop
  endfacet
  facet normal 0 0 1
    outer loop
      vertex 0.471359 9.97842 26.5
      vertex 0.282806 11.1635 26.5
      vertex 0.337952 9.96027 26.5
    endloop
  endfacet
  facet normal -0 0 1
    outer loop
      vertex 0.202774 11.1526 26.5
      vertex 0.337952 9.96027 26.5
      vertex 0.282806 11.1635 26.5
    endloop
  endfacet
  facet normal 0 0 1
    outer loop
      vertex 0.337952 9.96027 26.5
      vertex 0.202774 11.1526 26.5
      vertex 0.203873 9.9481 26.5
    endloop
  endfacet
  facet normal -0 0 1
    outer loop
      vertex 0.12233 11.1453 26.5
      vertex 0.203873 9.9481 26.5
      vertex 0.202774 11.1526 26.5
    endloop
  endfacet
  facet normal 0 0 1
    outer loop
      vertex 0.12233 11.1453 26.5
      vertex 0.069397 9.94197 26.5
      vertex 0.203873 9.9481 26.5
    endloop
  endfacet
  facet normal -0 0 1
    outer loop
      vertex 0.0416412 11.1416 26.5
      vertex 0.069397 9.94197 26.5
      vertex 0.12233 11.1453 26.5
    endloop
  endfacet
  facet normal -0 0 1
    outer loop
      vertex -0.0391388 11.1416 26.5
      vertex 0.069397 9.94197 26.5
      vertex 0.0416412 11.1416 26.5
    endloop
  endfacet
  facet normal 0 0 1
    outer loop
      vertex -0.0391388 11.1416 26.5
      vertex -0.0652313 9.94186 26.5
      vertex 0.069397 9.94197 26.5
    endloop
  endfacet
  facet normal 0 0 1
    outer loop
      vertex -0.119843 11.1452 26.5
      vertex -0.0652313 9.94186 26.5
      vertex -0.0391388 11.1416 26.5
    endloop
  endfacet
  facet normal 0 0 1
    outer loop
      vertex -0.119843 11.1452 26.5
      vertex -0.199738 9.94781 26.5
      vertex -0.0652313 9.94186 26.5
    endloop
  endfacet
  facet normal 0 0 1
    outer loop
      vertex -0.200302 11.1523 26.5
      vertex -0.199738 9.94781 26.5
      vertex -0.119843 11.1452 26.5
    endloop
  endfacet
  facet normal 0 0 1
    outer loop
      vertex -0.333832 9.95979 26.5
      vertex -0.200302 11.1523 26.5
      vertex -0.28035 11.1631 26.5
    endloop
  endfacet
  facet normal 0 0 1
    outer loop
      vertex -0.200302 11.1523 26.5
      vertex -0.333832 9.95979 26.5
      vertex -0.199738 9.94781 26.5
    endloop
  endfacet
  facet normal 0 0 1
    outer loop
      vertex -0.467255 9.97777 26.5
      vertex -0.28035 11.1631 26.5
      vertex -0.359848 11.1775 26.5
    endloop
  endfacet
  facet normal 0 0 1
    outer loop
      vertex -0.599731 10.0017 26.5
      vertex -0.359848 11.1775 26.5
      vertex -0.438599 11.1954 26.5
    endloop
  endfacet
  facet normal 0 0 1
    outer loop
      vertex -0.28035 11.1631 26.5
      vertex -0.467255 9.97777 26.5
      vertex -0.333832 9.95979 26.5
    endloop
  endfacet
  facet normal 0 0 1
    outer loop
      vertex -0.731003 10.0316 26.5
      vertex -0.438599 11.1954 26.5
      vertex -0.516479 11.2169 26.5
    endloop
  endfacet
  facet normal 0 0 1
    outer loop
      vertex -0.860809 10.0673 26.5
      vertex -0.516479 11.2169 26.5
      vertex -0.593323 11.2418 26.5
    endloop
  endfacet
  facet normal 0 0 1
    outer loop
      vertex -0.359848 11.1775 26.5
      vertex -0.599731 10.0017 26.5
      vertex -0.467255 9.97777 26.5
    endloop
  endfacet
  facet normal 0 0 1
    outer loop
      vertex -0.988876 10.1088 26.5
      vertex -0.593323 11.2418 26.5
      vertex -0.668976 11.2701 26.5
    endloop
  endfacet
  facet normal 0 0 1
    outer loop
      vertex -0.438599 11.1954 26.5
      vertex -0.731003 10.0316 26.5
      vertex -0.599731 10.0017 26.5
    endloop
  endfacet
  facet normal 0 0 1
    outer loop
      vertex -1.11496 10.1561 26.5
      vertex -0.668976 11.2701 26.5
      vertex -0.743271 11.3018 26.5
    endloop
  endfacet
  facet normal 0 0 1
    outer loop
      vertex -1.23878 10.2089 26.5
      vertex -0.743271 11.3018 26.5
      vertex -0.816071 11.3368 26.5
    endloop
  endfacet
  facet normal 0 0 1
    outer loop
      vertex -0.516479 11.2169 26.5
      vertex -0.860809 10.0673 26.5
      vertex -0.731003 10.0316 26.5
    endloop
  endfacet
  facet normal 0 0 1
    outer loop
      vertex -1.36012 10.2672 26.5
      vertex -0.816071 11.3368 26.5
      vertex -0.887238 11.375 26.5
    endloop
  endfacet
  facet normal 0 0 1
    outer loop
      vertex -1.47871 10.3309 26.5
      vertex -0.887238 11.375 26.5
      vertex -0.956604 11.4164 26.5
    endloop
  endfacet
  facet normal 0 0 1
    outer loop
      vertex -0.593323 11.2418 26.5
      vertex -0.988876 10.1088 26.5
      vertex -0.860809 10.0673 26.5
    endloop
  endfacet
  facet normal 0 0 1
    outer loop
      vertex -1.59435 10.3999 26.5
      vertex -0.956604 11.4164 26.5
      vertex -1.02405 11.4608 26.5
    endloop
  endfacet
  facet normal 0 0 1
    outer loop
      vertex -1.70674 10.474 26.5
      vertex -1.02405 11.4608 26.5
      vertex -1.08943 11.5083 26.5
    endloop
  endfacet
  facet normal 0 0 1
    outer loop
      vertex -0.668976 11.2701 26.5
      vertex -1.11496 10.1561 26.5
      vertex -0.988876 10.1088 26.5
    endloop
  endfacet
  facet normal 0 0 1
    outer loop
      vertex -1.81572 10.553 26.5
      vertex -1.08943 11.5083 26.5
      vertex -1.15262 11.5586 26.5
    endloop
  endfacet
  facet normal 0 0 1
    outer loop
      vertex -1.92104 10.6369 26.5
      vertex -1.15262 11.5586 26.5
      vertex -1.21349 11.6117 26.5
    endloop
  endfacet
  facet normal 0 0 1
    outer loop
      vertex -0.743271 11.3018 26.5
      vertex -1.23878 10.2089 26.5
      vertex -1.11496 10.1561 26.5
    endloop
  endfacet
  facet normal 0 0 1
    outer loop
      vertex -2.02248 10.7254 26.5
      vertex -1.21349 11.6117 26.5
      vertex -1.27191 11.6675 26.5
    endloop
  endfacet
  facet normal 0 0 1
    outer loop
      vertex -2.11986 10.8184 26.5
      vertex -1.27191 11.6675 26.5
      vertex -1.32777 11.7258 26.5
    endloop
  endfacet
  facet normal 0 0 1
    outer loop
      vertex -0.816071 11.3368 26.5
      vertex -1.36012 10.2672 26.5
      vertex -1.23878 10.2089 26.5
    endloop
  endfacet
  facet normal 0 0 1
    outer loop
      vertex -2.21295 10.9156 26.5
      vertex -1.32777 11.7258 26.5
      vertex -1.38097 11.7866 26.5
    endloop
  endfacet
  facet normal 0 0 1
    outer loop
      vertex -2.30161 11.0169 26.5
      vertex -1.38097 11.7866 26.5
      vertex -1.43137 11.8497 26.5
    endloop
  endfacet
  facet normal 0 0 1
    outer loop
      vertex -0.887238 11.375 26.5
      vertex -1.47871 10.3309 26.5
      vertex -1.36012 10.2672 26.5
    endloop
  endfacet
  facet normal 0 0 1
    outer loop
      vertex -2.38562 11.1221 26.5
      vertex -1.43137 11.8497 26.5
      vertex -1.4789 11.9151 26.5
    endloop
  endfacet
  facet normal 0 0 1
    outer loop
      vertex -2.46483 11.231 26.5
      vertex -1.4789 11.9151 26.5
      vertex -1.52344 11.9825 26.5
    endloop
  endfacet
  facet normal 0 0 1
    outer loop
      vertex -2.53906 11.3433 26.5
      vertex -1.52344 11.9825 26.5
      vertex -1.56493 12.0518 26.5
    endloop
  endfacet
  facet normal 0 0 1
    outer loop
      vertex -0.956604 11.4164 26.5
      vertex -1.59435 10.3999 26.5
      vertex -1.47871 10.3309 26.5
    endloop
  endfacet
  facet normal 0 0 1
    outer loop
      vertex -2.6082 11.4588 26.5
      vertex -1.56493 12.0518 26.5
      vertex -1.60324 12.1229 26.5
    endloop
  endfacet
  facet normal 0 0 1
    outer loop
      vertex -2.67207 11.5773 26.5
      vertex -1.60324 12.1229 26.5
      vertex -1.63835 12.1956 26.5
    endloop
  endfacet
  facet normal 0 0 1
    outer loop
      vertex -2.73058 11.6986 26.5
      vertex -1.63835 12.1956 26.5
      vertex -1.67014 12.2699 26.5
    endloop
  endfacet
  facet normal 0 0 1
    outer loop
      vertex -2.78357 11.8224 26.5
      vertex -1.67014 12.2699 26.5
      vertex -1.69858 12.3455 26.5
    endloop
  endfacet
  facet normal 0 0 1
    outer loop
      vertex -1.02405 11.4608 26.5
      vertex -1.70674 10.474 26.5
      vertex -1.59435 10.3999 26.5
    endloop
  endfacet
  facet normal 0 0 1
    outer loop
      vertex -2.83096 11.9484 26.5
      vertex -1.69858 12.3455 26.5
      vertex -1.72359 12.4223 26.5
    endloop
  endfacet
  facet normal 0 0 1
    outer loop
      vertex -2.87265 12.0764 26.5
      vertex -1.72359 12.4223 26.5
      vertex -1.74513 12.5001 26.5
    endloop
  endfacet
  facet normal 0 0 1
    outer loop
      vertex -2.90855 12.2061 26.5
      vertex -1.74513 12.5001 26.5
      vertex -1.76317 12.5789 26.5
    endloop
  endfacet
  facet normal 0 0 1
    outer loop
      vertex -2.93861 12.3374 26.5
      vertex -1.76317 12.5789 26.5
      vertex -1.77765 12.6584 26.5
    endloop
  endfacet
  facet normal 0 0 1
    outer loop
      vertex -2.96274 12.4698 26.5
      vertex -1.77765 12.6584 26.5
      vertex -1.78854 12.7384 26.5
    endloop
  endfacet
  facet normal 0 0 1
    outer loop
      vertex -2.9809 12.6032 26.5
      vertex -1.78854 12.7384 26.5
      vertex -1.79584 12.8188 26.5
    endloop
  endfacet
  facet normal 0 0 1
    outer loop
      vertex -2.99306 12.7373 26.5
      vertex -1.79584 12.8188 26.5
      vertex -1.79958 12.902 26.5
    endloop
  endfacet
  facet normal 0 0 1
    outer loop
      vertex -2.99948 12.8845 26.5
      vertex -1.80016 12.9289 26.5
      vertex -1.8056 13.0332 26.5
    endloop
  endfacet
  facet normal 0 0 1
    outer loop
      vertex -1.80016 12.9289 26.5
      vertex -2.99948 12.8845 26.5
      vertex -1.79958 12.902 26.5
    endloop
  endfacet
  facet normal 0 0 1
    outer loop
      vertex -1.08943 11.5083 26.5
      vertex -1.81572 10.553 26.5
      vertex -1.70674 10.474 26.5
    endloop
  endfacet
  facet normal 0 0 1
    outer loop
      vertex -3.00298 12.9513 26.5
      vertex -1.8056 13.0332 26.5
      vertex -1.82336 13.2415 26.5
    endloop
  endfacet
  facet normal 0 0 1
    outer loop
      vertex -3.01732 13.1197 26.5
      vertex -1.82336 13.2415 26.5
      vertex -1.86041 13.5524 26.5
    endloop
  endfacet
  facet normal 0 0 1
    outer loop
      vertex -1.15262 11.5586 26.5
      vertex -1.92104 10.6369 26.5
      vertex -1.81572 10.553 26.5
    endloop
  endfacet
  facet normal 0 0 1
    outer loop
      vertex -3.04951 13.3898 26.5
      vertex -1.86041 13.5524 26.5
      vertex -1.92339 13.9613 26.5
    endloop
  endfacet
  facet normal 0 0 1
    outer loop
      vertex -3.10626 13.7583 26.5
      vertex -1.92339 13.9613 26.5
      vertex -2.01917 14.4661 26.5
    endloop
  endfacet
  facet normal 0 0 1
    outer loop
      vertex -1.21349 11.6117 26.5
      vertex -2.02248 10.7254 26.5
      vertex -1.92104 10.6369 26.5
    endloop
  endfacet
  facet normal 0 0 1
    outer loop
      vertex -1.27191 11.6675 26.5
      vertex -2.11986 10.8184 26.5
      vertex -2.02248 10.7254 26.5
    endloop
  endfacet
  facet normal 0 0 1
    outer loop
      vertex -3.1942 14.2217 26.5
      vertex -2.01917 14.4661 26.5
      vertex -2.15373 15.0598 26.5
    endloop
  endfacet
  facet normal 0 0 1
    outer loop
      vertex -1.32777 11.7258 26.5
      vertex -2.21295 10.9156 26.5
      vertex -2.11986 10.8184 26.5
    endloop
  endfacet
  facet normal 0 0 1
    outer loop
      vertex -1.38097 11.7866 26.5
      vertex -2.30161 11.0169 26.5
      vertex -2.21295 10.9156 26.5
    endloop
  endfacet
  facet normal 0 0 1
    outer loop
      vertex -3.31914 14.7729 26.5
      vertex -2.15373 15.0598 26.5
      vertex -2.33281 15.7356 26.5
    endloop
  endfacet
  facet normal 0 0 1
    outer loop
      vertex -1.8056 13.0332 26.5
      vertex -3.00298 12.9513 26.5
      vertex -2.99948 12.8845 26.5
    endloop
  endfacet
  facet normal 0 0 1
    outer loop
      vertex -1.79958 12.902 26.5
      vertex -2.99948 12.8845 26.5
      vertex -2.9993 12.8759 26.5
    endloop
  endfacet
  facet normal 0 0 1
    outer loop
      vertex -1.43137 11.8497 26.5
      vertex -2.38562 11.1221 26.5
      vertex -2.30161 11.0169 26.5
    endloop
  endfacet
  facet normal 0 0 1
    outer loop
      vertex -3.48709 15.4067 26.5
      vertex -2.33281 15.7356 26.5
      vertex -2.56216 16.4874 26.5
    endloop
  endfacet
  facet normal 0 0 1
    outer loop
      vertex -1.82336 13.2415 26.5
      vertex -3.01732 13.1197 26.5
      vertex -3.00298 12.9513 26.5
    endloop
  endfacet
  facet normal 0 0 1
    outer loop
      vertex -1.4789 11.9151 26.5
      vertex -2.46483 11.231 26.5
      vertex -2.38562 11.1221 26.5
    endloop
  endfacet
  facet normal 0 0 1
    outer loop
      vertex -1.52344 11.9825 26.5
      vertex -2.53906 11.3433 26.5
      vertex -2.46483 11.231 26.5
    endloop
  endfacet
  facet normal 0 0 1
    outer loop
      vertex -1.56493 12.0518 26.5
      vertex -2.6082 11.4588 26.5
      vertex -2.53906 11.3433 26.5
    endloop
  endfacet
  facet normal 0 0 1
    outer loop
      vertex -1.60324 12.1229 26.5
      vertex -2.67207 11.5773 26.5
      vertex -2.6082 11.4588 26.5
    endloop
  endfacet
  facet normal 0 0 1
    outer loop
      vertex -3.70332 16.1155 26.5
      vertex -2.56216 16.4874 26.5
      vertex -2.84647 17.3065 26.5
    endloop
  endfacet
  facet normal 0 0 1
    outer loop
      vertex -1.63835 12.1956 26.5
      vertex -2.73058 11.6986 26.5
      vertex -2.67207 11.5773 26.5
    endloop
  endfacet
  facet normal 0 0 1
    outer loop
      vertex -1.67014 12.2699 26.5
      vertex -2.78357 11.8224 26.5
      vertex -2.73058 11.6986 26.5
    endloop
  endfacet
  facet normal 0 0 1
    outer loop
      vertex -1.69858 12.3455 26.5
      vertex -2.83096 11.9484 26.5
      vertex -2.78357 11.8224 26.5
    endloop
  endfacet
  facet normal 0 0 1
    outer loop
      vertex -1.74513 12.5001 26.5
      vertex -2.90855 12.2061 26.5
      vertex -2.87265 12.0764 26.5
    endloop
  endfacet
  facet normal 0 0 1
    outer loop
      vertex -1.76317 12.5789 26.5
      vertex -2.93861 12.3374 26.5
      vertex -2.90855 12.2061 26.5
    endloop
  endfacet
  facet normal 0 0 1
    outer loop
      vertex -1.78854 12.7384 26.5
      vertex -2.9809 12.6032 26.5
      vertex -2.96274 12.4698 26.5
    endloop
  endfacet
  facet normal 0 0 1
    outer loop
      vertex -1.79584 12.8188 26.5
      vertex -2.99306 12.7373 26.5
      vertex -2.9809 12.6032 26.5
    endloop
  endfacet
  facet normal 0 0 1
    outer loop
      vertex -1.79958 12.902 26.5
      vertex -2.9993 12.8759 26.5
      vertex -2.99306 12.7373 26.5
    endloop
  endfacet
  facet normal 0 0 1
    outer loop
      vertex -1.77765 12.6584 26.5
      vertex -2.96274 12.4698 26.5
      vertex -2.93861 12.3374 26.5
    endloop
  endfacet
  facet normal 0 0 1
    outer loop
      vertex -1.72359 12.4223 26.5
      vertex -2.87265 12.0764 26.5
      vertex -2.83096 11.9484 26.5
    endloop
  endfacet
  facet normal 0 0 1
    outer loop
      vertex -1.86041 13.5524 26.5
      vertex -3.04951 13.3898 26.5
      vertex -3.01732 13.1197 26.5
    endloop
  endfacet
  facet normal 0 0 1
    outer loop
      vertex -1.92339 13.9613 26.5
      vertex -3.10626 13.7583 26.5
      vertex -3.04951 13.3898 26.5
    endloop
  endfacet
  facet normal 0 0 1
    outer loop
      vertex -3.97243 16.8908 26.5
      vertex -2.84647 17.3065 26.5
      vertex -3.19026 18.1847 26.5
    endloop
  endfacet
  facet normal 0 0 1
    outer loop
      vertex -2.01917 14.4661 26.5
      vertex -3.1942 14.2217 26.5
      vertex -3.10626 13.7583 26.5
    endloop
  endfacet
  facet normal 0 0 1
    outer loop
      vertex -2.15373 15.0598 26.5
      vertex -3.31914 14.7729 26.5
      vertex -3.1942 14.2217 26.5
    endloop
  endfacet
  facet normal 0 0 1
    outer loop
      vertex -2.33281 15.7356 26.5
      vertex -3.48709 15.4067 26.5
      vertex -3.31914 14.7729 26.5
    endloop
  endfacet
  facet normal 0 0 1
    outer loop
      vertex -4.2989 17.7248 26.5
      vertex -3.19026 18.1847 26.5
      vertex -3.59776 19.1134 26.5
    endloop
  endfacet
  facet normal 0 0 1
    outer loop
      vertex -2.56216 16.4874 26.5
      vertex -3.70332 16.1155 26.5
      vertex -3.48709 15.4067 26.5
    endloop
  endfacet
  facet normal 0 0 1
    outer loop
      vertex -2.84647 17.3065 26.5
      vertex -3.97243 16.8908 26.5
      vertex -3.70332 16.1155 26.5
    endloop
  endfacet
  facet normal 0 0 1
    outer loop
      vertex -4.68658 18.6083 26.5
      vertex -3.59776 19.1134 26.5
      vertex -4.07182 20.0822 26.5
    endloop
  endfacet
  facet normal 0 0 1
    outer loop
      vertex -3.19026 18.1847 26.5
      vertex -4.2989 17.7248 26.5
      vertex -3.97243 16.8908 26.5
    endloop
  endfacet
  facet normal 0 0 1
    outer loop
      vertex -5.13837 19.5316 26.5
      vertex -4.07182 20.0822 26.5
      vertex -4.61546 21.0816 26.5
    endloop
  endfacet
  facet normal 0 0 1
    outer loop
      vertex -3.59776 19.1134 26.5
      vertex -4.68658 18.6083 26.5
      vertex -4.2989 17.7248 26.5
    endloop
  endfacet
  facet normal 0 0 1
    outer loop
      vertex -4.07182 20.0822 26.5
      vertex -5.13837 19.5316 26.5
      vertex -4.68658 18.6083 26.5
    endloop
  endfacet
  facet normal 0 0 1
    outer loop
      vertex -5.65678 20.4846 26.5
      vertex -4.61546 21.0816 26.5
      vertex -5.23061 22.1014 26.5
    endloop
  endfacet
  facet normal 0 0 1
    outer loop
      vertex -4.61546 21.0816 26.5
      vertex -5.65678 20.4846 26.5
      vertex -5.13837 19.5316 26.5
    endloop
  endfacet
  facet normal 0 0 1
    outer loop
      vertex -6.24379 21.4578 26.5
      vertex -5.23061 22.1014 26.5
      vertex -5.91896 23.1316 26.5
    endloop
  endfacet
  facet normal 0 0 1
    outer loop
      vertex -5.23061 22.1014 26.5
      vertex -6.24379 21.4578 26.5
      vertex -5.65678 20.4846 26.5
    endloop
  endfacet
  facet normal 0 0 1
    outer loop
      vertex -6.90074 22.441 26.5
      vertex -5.91896 23.1316 26.5
      vertex -6.68114 24.1617 26.5
    endloop
  endfacet
  facet normal 0 0 1
    outer loop
      vertex -5.91896 23.1316 26.5
      vertex -6.90074 22.441 26.5
      vertex -6.24379 21.4578 26.5
    endloop
  endfacet
  facet normal 0 0 1
    outer loop
      vertex -7.62804 23.424 26.5
      vertex -6.68114 24.1617 26.5
      vertex -7.51726 25.1815 26.5
    endloop
  endfacet
  facet normal 0 0 1
    outer loop
      vertex -6.68114 24.1617 26.5
      vertex -7.62804 23.424 26.5
      vertex -6.90074 22.441 26.5
    endloop
  endfacet
  facet normal 0 0 1
    outer loop
      vertex -7.51726 25.1815 26.5
      vertex -8.42566 24.3967 26.5
      vertex -7.62804 23.424 26.5
    endloop
  endfacet
  facet normal 0 0 1
    outer loop
      vertex -8.42709 26.181 26.5
      vertex -8.42566 24.3967 26.5
      vertex -7.51726 25.1815 26.5
    endloop
  endfacet
  facet normal 0 0 1
    outer loop
      vertex -8.42709 26.181 26.5
      vertex -9.29282 25.3494 26.5
      vertex -8.42566 24.3967 26.5
    endloop
  endfacet
  facet normal 0 0 1
    outer loop
      vertex -9.40901 27.1503 26.5
      vertex -9.29282 25.3494 26.5
      vertex -8.42709 26.181 26.5
    endloop
  endfacet
  facet normal 0 0 1
    outer loop
      vertex -9.40901 27.1503 26.5
      vertex -10.2283 26.2728 26.5
      vertex -9.29282 25.3494 26.5
    endloop
  endfacet
  facet normal 0 0 1
    outer loop
      vertex -10.4617 28.0799 26.5
      vertex -10.2283 26.2728 26.5
      vertex -9.40901 27.1503 26.5
    endloop
  endfacet
  facet normal 0 0 1
    outer loop
      vertex -10.4617 28.0799 26.5
      vertex -11.2304 27.1579 26.5
      vertex -10.2283 26.2728 26.5
    endloop
  endfacet
  facet normal 0 0 1
    outer loop
      vertex -11.5828 28.9613 26.5
      vertex -11.2304 27.1579 26.5
      vertex -10.4617 28.0799 26.5
    endloop
  endfacet
  facet normal 0 0 1
    outer loop
      vertex -11.5828 28.9613 26.5
      vertex -12.2963 27.9957 26.5
      vertex -11.2304 27.1579 26.5
    endloop
  endfacet
  facet normal 0 0 1
    outer loop
      vertex -12.7689 29.7851 26.5
      vertex -12.2963 27.9957 26.5
      vertex -11.5828 28.9613 26.5
    endloop
  endfacet
  facet normal 0 0 1
    outer loop
      vertex -12.7689 29.7851 26.5
      vertex -13.4237 28.7788 26.5
      vertex -12.2963 27.9957 26.5
    endloop
  endfacet
  facet normal 0 0 1
    outer loop
      vertex -14.0172 30.5441 26.5
      vertex -13.4237 28.7788 26.5
      vertex -12.7689 29.7851 26.5
    endloop
  endfacet
  facet normal 0 0 1
    outer loop
      vertex -14.0172 30.5441 26.5
      vertex -14.6088 29.4994 26.5
      vertex -13.4237 28.7788 26.5
    endloop
  endfacet
  facet normal 0 0 1
    outer loop
      vertex -15.3239 31.231 26.5
      vertex -14.6088 29.4994 26.5
      vertex -14.0172 30.5441 26.5
    endloop
  endfacet
  facet normal 0 0 1
    outer loop
      vertex -15.3239 31.231 26.5
      vertex -15.8482 30.1509 26.5
      vertex -14.6088 29.4994 26.5
    endloop
  endfacet
  facet normal 0 0 1
    outer loop
      vertex -16.6841 31.8387 26.5
      vertex -15.8482 30.1509 26.5
      vertex -15.3239 31.231 26.5
    endloop
  endfacet
  facet normal 0 0 1
    outer loop
      vertex -16.6841 31.8387 26.5
      vertex -17.138 30.7271 26.5
      vertex -15.8482 30.1509 26.5
    endloop
  endfacet
  facet normal 0 0 1
    outer loop
      vertex -18.0936 32.3614 26.5
      vertex -17.138 30.7271 26.5
      vertex -16.6841 31.8387 26.5
    endloop
  endfacet
  facet normal 0 0 1
    outer loop
      vertex -18.0936 32.3614 26.5
      vertex -18.4736 31.2225 26.5
      vertex -17.138 30.7271 26.5
    endloop
  endfacet
  facet normal 0 0 1
    outer loop
      vertex -19.5467 32.7938 26.5
      vertex -18.4736 31.2225 26.5
      vertex -18.0936 32.3614 26.5
    endloop
  endfacet
  facet normal 0 0 1
    outer loop
      vertex -19.5467 32.7938 26.5
      vertex -19.8505 31.6322 26.5
      vertex -18.4736 31.2225 26.5
    endloop
  endfacet
  facet normal 0 0 1
    outer loop
      vertex -21.0383 33.131 26.5
      vertex -19.8505 31.6322 26.5
      vertex -19.5467 32.7938 26.5
    endloop
  endfacet
  facet normal 0 0 1
    outer loop
      vertex -21.0383 33.131 26.5
      vertex -21.2635 31.9516 26.5
      vertex -19.8505 31.6322 26.5
    endloop
  endfacet
  facet normal 0 0 1
    outer loop
      vertex -22.5623 33.3694 26.5
      vertex -21.2635 31.9516 26.5
      vertex -21.0383 33.131 26.5
    endloop
  endfacet
  facet normal 0 0 1
    outer loop
      vertex -22.5623 33.3694 26.5
      vertex -22.7078 32.1775 26.5
      vertex -21.2635 31.9516 26.5
    endloop
  endfacet
  facet normal 0 0 1
    outer loop
      vertex -24.1124 33.5054 26.5
      vertex -22.7078 32.1775 26.5
      vertex -22.5623 33.3694 26.5
    endloop
  endfacet
  facet normal 0 0 1
    outer loop
      vertex -24.1124 33.5054 26.5
      vertex -24.1767 32.3064 26.5
      vertex -22.7078 32.1775 26.5
    endloop
  endfacet
  facet normal 0 0 1
    outer loop
      vertex -24.1124 33.5054 26.5
      vertex -25.6652 32.3361 26.5
      vertex -24.1767 32.3064 26.5
    endloop
  endfacet
  facet normal 0 0 1
    outer loop
      vertex -25.6817 33.5367 26.5
      vertex -25.6652 32.3361 26.5
      vertex -24.1124 33.5054 26.5
    endloop
  endfacet
  facet normal 0 0 1
    outer loop
      vertex -25.6817 33.5367 26.5
      vertex -27.1662 32.2645 26.5
      vertex -25.6652 32.3361 26.5
    endloop
  endfacet
  facet normal -0 0 1
    outer loop
      vertex -27.2636 33.4613 26.5
      vertex -27.1662 32.2645 26.5
      vertex -25.6817 33.5367 26.5
    endloop
  endfacet
  facet normal 0 0 1
    outer loop
      vertex -27.2636 33.4613 26.5
      vertex -28.6731 32.0907 26.5
      vertex -27.1662 32.2645 26.5
    endloop
  endfacet
  facet normal -0 0 1
    outer loop
      vertex -28.8504 33.2782 26.5
      vertex -28.6731 32.0907 26.5
      vertex -27.2636 33.4613 26.5
    endloop
  endfacet
  facet normal 0 0 1
    outer loop
      vertex -28.8504 33.2782 26.5
      vertex -30.1787 31.8141 26.5
      vertex -28.6731 32.0907 26.5
    endloop
  endfacet
  facet normal -0 0 1
    outer loop
      vertex -30.4348 32.9871 26.5
      vertex -30.1787 31.8141 26.5
      vertex -28.8504 33.2782 26.5
    endloop
  endfacet
  facet normal 0 0 1
    outer loop
      vertex -30.4348 32.9871 26.5
      vertex -31.6752 31.4351 26.5
      vertex -30.1787 31.8141 26.5
    endloop
  endfacet
  facet normal -0 0 1
    outer loop
      vertex -32.0081 32.5886 26.5
      vertex -31.6752 31.4351 26.5
      vertex -30.4348 32.9871 26.5
    endloop
  endfacet
  facet normal 0 0 1
    outer loop
      vertex -32.0081 32.5886 26.5
      vertex -33.1553 30.9545 26.5
      vertex -31.6752 31.4351 26.5
    endloop
  endfacet
  facet normal -0 0 1
    outer loop
      vertex -33.563 32.0838 26.5
      vertex -33.1553 30.9545 26.5
      vertex -32.0081 32.5886 26.5
    endloop
  endfacet
  facet normal 0 0 1
    outer loop
      vertex -33.563 32.0838 26.5
      vertex -34.6104 30.3745 26.5
      vertex -33.1553 30.9545 26.5
    endloop
  endfacet
  facet normal -0 0 1
    outer loop
      vertex -35.091 31.4747 26.5
      vertex -34.6104 30.3745 26.5
      vertex -33.563 32.0838 26.5
    endloop
  endfacet
  facet normal 0 0 1
    outer loop
      vertex -35.091 31.4747 26.5
      vertex -36.033 29.6972 26.5
      vertex -34.6104 30.3745 26.5
    endloop
  endfacet
  facet normal -0 0 1
    outer loop
      vertex -36.5841 30.7639 26.5
      vertex -36.033 29.6972 26.5
      vertex -35.091 31.4747 26.5
    endloop
  endfacet
  facet normal 0 0 1
    outer loop
      vertex -36.5841 30.7639 26.5
      vertex -37.4148 28.9261 26.5
      vertex -36.033 29.6972 26.5
    endloop
  endfacet
  facet normal -0 0 1
    outer loop
      vertex -38.033 29.9554 26.5
      vertex -37.4148 28.9261 26.5
      vertex -36.5841 30.7639 26.5
    endloop
  endfacet
  facet normal 0 0 1
    outer loop
      vertex -38.033 29.9554 26.5
      vertex -38.7475 28.0654 26.5
      vertex -37.4148 28.9261 26.5
    endloop
  endfacet
  facet normal -0 0 1
    outer loop
      vertex -39.4311 29.0524 26.5
      vertex -38.7475 28.0654 26.5
      vertex -38.033 29.9554 26.5
    endloop
  endfacet
  facet normal 0 0 1
    outer loop
      vertex -39.4311 29.0524 26.5
      vertex -40.0237 27.1194 26.5
      vertex -38.7475 28.0654 26.5
    endloop
  endfacet
  facet normal -0 0 1
    outer loop
      vertex -40.7695 28.0603 26.5
      vertex -40.0237 27.1194 26.5
      vertex -39.4311 29.0524 26.5
    endloop
  endfacet
  facet normal 0 0 1
    outer loop
      vertex -40.7695 28.0603 26.5
      vertex -41.2357 26.0933 26.5
      vertex -40.0237 27.1194 26.5
    endloop
  endfacet
  facet normal -0 0 1
    outer loop
      vertex -42.0409 26.9839 26.5
      vertex -41.2357 26.0933 26.5
      vertex -40.7695 28.0603 26.5
    endloop
  endfacet
  facet normal 0 0 1
    outer loop
      vertex -42.0409 26.9839 26.5
      vertex -42.3763 24.9929 26.5
      vertex -41.2357 26.0933 26.5
    endloop
  endfacet
  facet normal -0 0 1
    outer loop
      vertex -43.2377 25.8293 26.5
      vertex -42.3763 24.9929 26.5
      vertex -42.0409 26.9839 26.5
    endloop
  endfacet
  facet normal 0 0 1
    outer loop
      vertex -43.2377 25.8293 26.5
      vertex -43.439 23.824 26.5
      vertex -42.3763 24.9929 26.5
    endloop
  endfacet
  facet normal -0 0 1
    outer loop
      vertex -44.3537 24.6019 26.5
      vertex -43.439 23.824 26.5
      vertex -43.2377 25.8293 26.5
    endloop
  endfacet
  facet normal 0 0 1
    outer loop
      vertex -44.3537 24.6019 26.5
      vertex -44.4177 22.593 26.5
      vertex -43.439 23.824 26.5
    endloop
  endfacet
  facet normal -0 0 1
    outer loop
      vertex -45.382 23.3084 26.5
      vertex -44.4177 22.593 26.5
      vertex -44.3537 24.6019 26.5
    endloop
  endfacet
  facet normal 0 0 1
    outer loop
      vertex -44.4177 22.593 26.5
      vertex -45.382 23.3084 26.5
      vertex -45.3068 21.3064 26.5
    endloop
  endfacet
  facet normal -0 0 1
    outer loop
      vertex -46.3172 21.9551 26.5
      vertex -45.3068 21.3064 26.5
      vertex -45.382 23.3084 26.5
    endloop
  endfacet
  facet normal 0 0 1
    outer loop
      vertex -45.3068 21.3064 26.5
      vertex -46.3172 21.9551 26.5
      vertex -46.1015 19.9705 26.5
    endloop
  endfacet
  facet normal -0 0 1
    outer loop
      vertex -47.1541 20.5483 26.5
      vertex -46.1015 19.9705 26.5
      vertex -46.3172 21.9551 26.5
    endloop
  endfacet
  facet normal 0 0 1
    outer loop
      vertex -46.1015 19.9705 26.5
      vertex -47.1541 20.5483 26.5
      vertex -46.798 18.5912 26.5
    endloop
  endfacet
  facet normal -0 0 1
    outer loop
      vertex -47.8882 19.0945 26.5
      vertex -46.798 18.5912 26.5
      vertex -47.1541 20.5483 26.5
    endloop
  endfacet
  facet normal 0 0 1
    outer loop
      vertex -46.798 18.5912 26.5
      vertex -47.8882 19.0945 26.5
      vertex -47.3926 17.175 26.5
    endloop
  endfacet
  facet normal -0 0 1
    outer loop
      vertex -48.5156 17.6 26.5
      vertex -47.3926 17.175 26.5
      vertex -47.8882 19.0945 26.5
    endloop
  endfacet
  facet normal 0 0 1
    outer loop
      vertex -47.3926 17.175 26.5
      vertex -48.5156 17.6 26.5
      vertex -47.8827 15.7267 26.5
    endloop
  endfacet
  facet normal -0 0 1
    outer loop
      vertex -49.0332 16.0706 26.5
      vertex -47.8827 15.7267 26.5
      vertex -48.5156 17.6 26.5
    endloop
  endfacet
  facet normal 0 0 1
    outer loop
      vertex -47.8827 15.7267 26.5
      vertex -49.0332 16.0706 26.5
      vertex -48.2662 14.2517 26.5
    endloop
  endfacet
  facet normal -0 0 1
    outer loop
      vertex -49.4385 14.5116 26.5
      vertex -48.2662 14.2517 26.5
      vertex -49.0332 16.0706 26.5
    endloop
  endfacet
  facet normal 0 0 1
    outer loop
      vertex -48.2662 14.2517 26.5
      vertex -49.4385 14.5116 26.5
      vertex -48.5415 12.7543 26.5
    endloop
  endfacet
  facet normal -0 0 1
    outer loop
      vertex -49.7296 12.928 26.5
      vertex -48.5415 12.7543 26.5
      vertex -49.4385 14.5116 26.5
    endloop
  endfacet
  facet normal 0 0 1
    outer loop
      vertex -48.5415 12.7543 26.5
      vertex -49.7296 12.928 26.5
      vertex -48.7073 11.2376 26.5
    endloop
  endfacet
  facet normal 0 0 1
    outer loop
      vertex -48.7627 9.70564 26.5
      vertex -49.4355 4.78798 26.5
      vertex -49.0261 3.13881 26.5
    endloop
  endfacet
  facet normal -0 0 1
    outer loop
      vertex -49.9049 11.3249 26.5
      vertex -48.7073 11.2376 26.5
      vertex -49.7296 12.928 26.5
    endloop
  endfacet
  facet normal 0 0 1
    outer loop
      vertex -48.7627 9.70564 26.5
      vertex -49.7288 6.4343 26.5
      vertex -49.4355 4.78798 26.5
    endloop
  endfacet
  facet normal 0 0 1
    outer loop
      vertex -48.7073 11.2376 26.5
      vertex -49.9049 11.3249 26.5
      vertex -48.7627 9.70564 26.5
    endloop
  endfacet
  facet normal 0 0 1
    outer loop
      vertex -48.7627 9.70564 26.5
      vertex -49.9048 8.07443 26.5
      vertex -49.7288 6.4343 26.5
    endloop
  endfacet
  facet normal 0 0 1
    outer loop
      vertex -49.9635 9.70547 26.5
      vertex -48.7627 9.70564 26.5
      vertex -49.9049 11.3249 26.5
    endloop
  endfacet
  facet normal 0 0 1
    outer loop
      vertex -48.7627 9.70564 26.5
      vertex -49.9635 9.70547 26.5
      vertex -49.9048 8.07443 26.5
    endloop
  endfacet
  facet normal 0 0 1
    outer loop
      vertex 49.7288 6.4343 26.5
      vertex 48.5401 6.60364 26.5
      vertex 49.4355 4.78798 26.5
    endloop
  endfacet
  facet normal -0 0 1
    outer loop
      vertex 48.2612 5.03825 26.5
      vertex 49.4355 4.78798 26.5
      vertex 48.5401 6.60364 26.5
    endloop
  endfacet
  facet normal 0 0 1
    outer loop
      vertex 49.4355 4.78798 26.5
      vertex 48.2612 5.03825 26.5
      vertex 49.0261 3.13881 26.5
    endloop
  endfacet
  facet normal -0 0 1
    outer loop
      vertex 47.8707 3.46544 26.5
      vertex 49.0261 3.13881 26.5
      vertex 48.2612 5.03825 26.5
    endloop
  endfacet
  facet normal 0 0 1
    outer loop
      vertex 49.0261 3.13881 26.5
      vertex 47.8707 3.46544 26.5
      vertex 48.5014 1.48868 26.5
    endloop
  endfacet
  facet normal -0 0 1
    outer loop
      vertex 47.369 1.88751 26.5
      vertex 48.5014 1.48868 26.5
      vertex 47.8707 3.46544 26.5
    endloop
  endfacet
  facet normal 0 0 1
    outer loop
      vertex 48.5014 1.48868 26.5
      vertex 47.369 1.88751 26.5
      vertex 47.8635 -0.159683 26.5
    endloop
  endfacet
  facet normal -0 0 1
    outer loop
      vertex 46.7569 0.305923 26.5
      vertex 47.8635 -0.159683 26.5
      vertex 47.369 1.88751 26.5
    endloop
  endfacet
  facet normal 0 0 1
    outer loop
      vertex 47.8635 -0.159683 26.5
      vertex 46.7569 0.305923 26.5
      vertex 47.1149 -1.8038 26.5
    endloop
  endfacet
  facet normal -0 0 1
    outer loop
      vertex 46.0362 -1.27715 26.5
      vertex 47.1149 -1.8038 26.5
      vertex 46.7569 0.305923 26.5
    endloop
  endfacet
  facet normal 0 0 1
    outer loop
      vertex 47.1149 -1.8038 26.5
      vertex 46.0362 -1.27715 26.5
      vertex 46.2586 -3.44232 26.5
    endloop
  endfacet
  facet normal -0 0 1
    outer loop
      vertex 45.2092 -2.85957 26.5
      vertex 46.2586 -3.44232 26.5
      vertex 46.0362 -1.27715 26.5
    endloop
  endfacet
  facet normal 0 0 1
    outer loop
      vertex 46.2586 -3.44232 26.5
      vertex 45.2092 -2.85957 26.5
      vertex 45.2987 -5.07265 26.5
    endloop
  endfacet
  facet normal -0 0 1
    outer loop
      vertex 44.2789 -4.4397 26.5
      vertex 45.2987 -5.07265 26.5
      vertex 45.2092 -2.85957 26.5
    endloop
  endfacet
  facet normal 0 0 1
    outer loop
      vertex 44.2789 -4.4397 26.5
      vertex 44.2397 -6.69347 26.5
      vertex 45.2987 -5.07265 26.5
    endloop
  endfacet
  facet normal -0 0 1
    outer loop
      vertex 43.2492 -6.01558 26.5
      vertex 44.2397 -6.69347 26.5
      vertex 44.2789 -4.4397 26.5
    endloop
  endfacet
  facet normal 0 0 1
    outer loop
      vertex 43.2492 -6.01558 26.5
      vertex 43.0868 -8.30339 26.5
      vertex 44.2397 -6.69347 26.5
    endloop
  endfacet
  facet normal -0 0 1
    outer loop
      vertex 42.1249 -7.58557 26.5
      vertex 43.0868 -8.30339 26.5
      vertex 43.2492 -6.01558 26.5
    endloop
  endfacet
  facet normal 0 0 1
    outer loop
      vertex 42.1249 -7.58557 26.5
      vertex 41.8464 -9.90063 26.5
      vertex 43.0868 -8.30339 26.5
    endloop
  endfacet
  facet normal -0 0 1
    outer loop
      vertex 40.9113 -9.14828 26.5
      vertex 41.8464 -9.90063 26.5
      vertex 42.1249 -7.58557 26.5
    endloop
  endfacet
  facet normal 0 0 1
    outer loop
      vertex 40.9113 -9.14828 26.5
      vertex 40.524 -11.4855 26.5
      vertex 41.8464 -9.90063 26.5
    endloop
  endfacet
  facet normal -0 0 1
    outer loop
      vertex 39.6146 -10.7023 26.5
      vertex 40.524 -11.4855 26.5
      vertex 40.9113 -9.14828 26.5
    endloop
  endfacet
  facet normal 0 0 1
    outer loop
      vertex 39.6146 -10.7023 26.5
      vertex 39.1276 -13.0564 26.5
      vertex 40.524 -11.4855 26.5
    endloop
  endfacet
  facet normal -0 0 1
    outer loop
      vertex 38.2422 -12.2462 26.5
      vertex 39.1276 -13.0564 26.5
      vertex 39.6146 -10.7023 26.5
    endloop
  endfacet
  facet normal 0 0 1
    outer loop
      vertex 38.2422 -12.2462 26.5
      vertex 37.6646 -14.613 26.5
      vertex 39.1276 -13.0564 26.5
    endloop
  endfacet
  facet normal -0 0 1
    outer loop
      vertex 36.7999 -13.7808 26.5
      vertex 37.6646 -14.613 26.5
      vertex 38.2422 -12.2462 26.5
    endloop
  endfacet
  facet normal 0 0 1
    outer loop
      vertex 36.7999 -13.7808 26.5
      vertex 36.142 -16.1561 26.5
      vertex 37.6646 -14.613 26.5
    endloop
  endfacet
  facet normal -0 0 1
    outer loop
      vertex 35.297 -15.304 26.5
      vertex 36.142 -16.1561 26.5
      vertex 36.7999 -13.7808 26.5
    endloop
  endfacet
  facet normal 0 0 1
    outer loop
      vertex 35.297 -15.304 26.5
      vertex 34.5691 -17.6846 26.5
      vertex 36.142 -16.1561 26.5
    endloop
  endfacet
  facet normal -0 0 1
    outer loop
      vertex 33.7401 -16.8169 26.5
      vertex 34.5691 -17.6846 26.5
      vertex 35.297 -15.304 26.5
    endloop
  endfacet
  facet normal 0 0 1
    outer loop
      vertex 33.7401 -16.8169 26.5
      vertex 32.9534 -19.1995 26.5
      vertex 34.5691 -17.6846 26.5
    endloop
  endfacet
  facet normal -0 0 1
    outer loop
      vertex 32.1391 -18.318 26.5
      vertex 32.9534 -19.1995 26.5
      vertex 33.7401 -16.8169 26.5
    endloop
  endfacet
  facet normal 0 0 1
    outer loop
      vertex 32.1391 -18.318 26.5
      vertex 31.3041 -20.7007 26.5
      vertex 32.9534 -19.1995 26.5
    endloop
  endfacet
  facet normal -0 0 1
    outer loop
      vertex 30.5017 -19.8084 26.5
      vertex 31.3041 -20.7007 26.5
      vertex 32.1391 -18.318 26.5
    endloop
  endfacet
  facet normal 0 0 1
    outer loop
      vertex 30.5017 -19.8084 26.5
      vertex 29.6291 -22.1892 26.5
      vertex 31.3041 -20.7007 26.5
    endloop
  endfacet
  facet normal -0 0 1
    outer loop
      vertex 28.8358 -21.2888 26.5
      vertex 29.6291 -22.1892 26.5
      vertex 30.5017 -19.8084 26.5
    endloop
  endfacet
  facet normal 0 0 1
    outer loop
      vertex 28.8358 -21.2888 26.5
      vertex 27.9379 -23.6645 26.5
      vertex 29.6291 -22.1892 26.5
    endloop
  endfacet
  facet normal -0 0 1
    outer loop
      vertex 27.1515 -22.7582 26.5
      vertex 27.9379 -23.6645 26.5
      vertex 28.8358 -21.2888 26.5
    endloop
  endfacet
  facet normal 0 0 1
    outer loop
      vertex 27.1515 -22.7582 26.5
      vertex 26.2387 -25.1276 26.5
      vertex 27.9379 -23.6645 26.5
    endloop
  endfacet
  facet normal -0 0 1
    outer loop
      vertex 25.4563 -24.2177 26.5
      vertex 26.2387 -25.1276 26.5
      vertex 27.1515 -22.7582 26.5
    endloop
  endfacet
  facet normal 0 0 1
    outer loop
      vertex 25.4563 -24.2177 26.5
      vertex 24.5377 -26.5804 26.5
      vertex 26.2387 -25.1276 26.5
    endloop
  endfacet
  facet normal -0 0 1
    outer loop
      vertex 23.7618 -25.665 26.5
      vertex 24.5377 -26.5804 26.5
      vertex 25.4563 -24.2177 26.5
    endloop
  endfacet
  facet normal 0 0 1
    outer loop
      vertex 23.7618 -25.665 26.5
      vertex 22.8486 -28.0188 26.5
      vertex 24.5377 -26.5804 26.5
    endloop
  endfacet
  facet normal -0 0 1
    outer loop
      vertex 22.0707 -27.1051 26.5
      vertex 22.8486 -28.0188 26.5
      vertex 23.7618 -25.665 26.5
    endloop
  endfacet
  facet normal 0 0 1
    outer loop
      vertex 22.0707 -27.1051 26.5
      vertex 21.1761 -29.4456 26.5
      vertex 22.8486 -28.0188 26.5
    endloop
  endfacet
  facet normal -0 0 1
    outer loop
      vertex 20.3973 -28.5326 26.5
      vertex 21.1761 -29.4456 26.5
      vertex 22.0707 -27.1051 26.5
    endloop
  endfacet
  facet normal 0 0 1
    outer loop
      vertex 20.3973 -28.5326 26.5
      vertex 19.5279 -30.8605 26.5
      vertex 21.1761 -29.4456 26.5
    endloop
  endfacet
  facet normal -0 0 1
    outer loop
      vertex 18.7462 -29.95 26.5
      vertex 19.5279 -30.8605 26.5
      vertex 20.3973 -28.5326 26.5
    endloop
  endfacet
  facet normal 0 0 1
    outer loop
      vertex 19.5279 -30.8605 26.5
      vertex 18.7462 -29.95 26.5
      vertex 19.5206 -30.8668 26.5
    endloop
  endfacet
  facet normal -0 0 1
    outer loop
      vertex 18.7341 -29.9605 26.5
      vertex 19.5206 -30.8668 26.5
      vertex 18.7462 -29.95 26.5
    endloop
  endfacet
  facet normal 0 0 1
    outer loop
      vertex 18.7341 -29.9605 26.5
      vertex 17.9113 -32.2634 26.5
      vertex 19.5206 -30.8668 26.5
    endloop
  endfacet
  facet normal -0 0 1
    outer loop
      vertex 17.1248 -31.3571 26.5
      vertex 17.9113 -32.2634 26.5
      vertex 18.7341 -29.9605 26.5
    endloop
  endfacet
  facet normal 0 0 1
    outer loop
      vertex 17.9113 -32.2634 26.5
      vertex 17.1248 -31.3571 26.5
      vertex 17.9011 -32.2723 26.5
    endloop
  endfacet
  facet normal -0 0 1
    outer loop
      vertex 17.1079 -31.3719 26.5
      vertex 17.9011 -32.2723 26.5
      vertex 17.1248 -31.3571 26.5
    endloop
  endfacet
  facet normal 0 0 1
    outer loop
      vertex 17.1079 -31.3719 26.5
      vertex 16.3333 -33.6536 26.5
      vertex 17.9011 -32.2723 26.5
    endloop
  endfacet
  facet normal -0 0 1
    outer loop
      vertex 15.54 -32.7532 26.5
      vertex 16.3333 -33.6536 26.5
      vertex 17.1079 -31.3719 26.5
    endloop
  endfacet
  facet normal 0 0 1
    outer loop
      vertex 16.3333 -33.6536 26.5
      vertex 15.54 -32.7532 26.5
      vertex 16.3204 -33.665 26.5
    endloop
  endfacet
  facet normal -0 0 1
    outer loop
      vertex 15.5186 -32.7723 26.5
      vertex 16.3204 -33.665 26.5
      vertex 15.54 -32.7532 26.5
    endloop
  endfacet
  facet normal 0 0 1
    outer loop
      vertex 15.5186 -32.7723 26.5
      vertex 14.8005 -35.0302 26.5
      vertex 16.3204 -33.665 26.5
    endloop
  endfacet
  facet normal -0 0 1
    outer loop
      vertex 13.9987 -34.1375 26.5
      vertex 14.8005 -35.0302 26.5
      vertex 15.5186 -32.7723 26.5
    endloop
  endfacet
  facet normal 0 0 1
    outer loop
      vertex 14.8005 -35.0302 26.5
      vertex 13.9987 -34.1375 26.5
      vertex 14.7851 -35.0443 26.5
    endloop
  endfacet
  facet normal -0 0 1
    outer loop
      vertex 13.9729 -34.1609 26.5
      vertex 14.7851 -35.0443 26.5
      vertex 13.9987 -34.1375 26.5
    endloop
  endfacet
  facet normal 0 0 1
    outer loop
      vertex 13.9729 -34.1609 26.5
      vertex 13.3189 -36.3923 26.5
      vertex 14.7851 -35.0443 26.5
    endloop
  endfacet
  facet normal -0 0 1
    outer loop
      vertex 12.5067 -35.5089 26.5
      vertex 13.3189 -36.3923 26.5
      vertex 13.9729 -34.1609 26.5
    endloop
  endfacet
  facet normal 0 0 1
    outer loop
      vertex 13.3189 -36.3923 26.5
      vertex 12.5067 -35.5089 26.5
      vertex 13.3009 -36.409 26.5
    endloop
  endfacet
  facet normal -0 0 1
    outer loop
      vertex 12.4768 -35.5368 26.5
      vertex 13.3009 -36.409 26.5
      vertex 12.5067 -35.5089 26.5
    endloop
  endfacet
  facet normal 0 0 1
    outer loop
      vertex 12.4768 -35.5368 26.5
      vertex 11.894 -37.7384 26.5
      vertex 13.3009 -36.409 26.5
    endloop
  endfacet
  facet normal -0 0 1
    outer loop
      vertex 11.0698 -36.8661 26.5
      vertex 11.894 -37.7384 26.5
      vertex 12.4768 -35.5368 26.5
    endloop
  endfacet
  facet normal 0 0 1
    outer loop
      vertex 11.894 -37.7384 26.5
      vertex 11.0698 -36.8661 26.5
      vertex 11.8738 -37.7577 26.5
    endloop
  endfacet
  facet normal -0 0 1
    outer loop
      vertex 11.0363 -36.8983 26.5
      vertex 11.8738 -37.7577 26.5
      vertex 11.0698 -36.8661 26.5
    endloop
  endfacet
  facet normal 0 0 1
    outer loop
      vertex 11.0363 -36.8983 26.5
      vertex 10.5307 -39.0667 26.5
      vertex 11.8738 -37.7577 26.5
    endloop
  endfacet
  facet normal -0 0 1
    outer loop
      vertex 9.69316 -38.2073 26.5
      vertex 10.5307 -39.0667 26.5
      vertex 11.0363 -36.8983 26.5
    endloop
  endfacet
  facet normal 0 0 1
    outer loop
      vertex 10.5307 -39.0667 26.5
      vertex 9.69316 -38.2073 26.5
      vertex 10.5084 -39.0888 26.5
    endloop
  endfacet
  facet normal -0 0 1
    outer loop
      vertex 9.65598 -38.2442 26.5
      vertex 10.5084 -39.0888 26.5
      vertex 9.69316 -38.2073 26.5
    endloop
  endfacet
  facet normal 0 0 1
    outer loop
      vertex 9.65598 -38.2442 26.5
      vertex 9.23344 -40.3756 26.5
      vertex 10.5084 -39.0888 26.5
    endloop
  endfacet
  facet normal -0 0 1
    outer loop
      vertex 8.38103 -39.531 26.5
      vertex 9.23344 -40.3756 26.5
      vertex 9.65598 -38.2442 26.5
    endloop
  endfacet
  facet normal 0 0 1
    outer loop
      vertex 9.23344 -40.3756 26.5
      vertex 8.38103 -39.531 26.5
      vertex 9.20932 -40.4004 26.5
    endloop
  endfacet
  facet normal -0 0 1
    outer loop
      vertex 8.34082 -39.5723 26.5
      vertex 9.20932 -40.4004 26.5
      vertex 8.38103 -39.531 26.5
    endloop
  endfacet
  facet normal 0 0 1
    outer loop
      vertex 8.34082 -39.5723 26.5
      vertex 8.00601 -41.6625 26.5
      vertex 9.20932 -40.4004 26.5
    endloop
  endfacet
  facet normal -0 0 1
    outer loop
      vertex 7.13751 -40.8344 26.5
      vertex 8.00601 -41.6625 26.5
      vertex 8.34082 -39.5723 26.5
    endloop
  endfacet
  facet normal 0 0 1
    outer loop
      vertex 8.00601 -41.6625 26.5
      vertex 7.13751 -40.8344 26.5
      vertex 7.9801 -41.6902 26.5
    endloop
  endfacet
  facet normal -0 0 1
    outer loop
      vertex 7.09431 -40.8807 26.5
      vertex 7.9801 -41.6902 26.5
      vertex 7.13751 -40.8344 26.5
    endloop
  endfacet
  facet normal 0 0 1
    outer loop
      vertex 7.09431 -40.8807 26.5
      vertex 6.85143 -42.9252 26.5
      vertex 7.9801 -41.6902 26.5
    endloop
  endfacet
  facet normal -0 0 1
    outer loop
      vertex 5.96564 -42.1156 26.5
      vertex 6.85143 -42.9252 26.5
      vertex 7.09431 -40.8807 26.5
    endloop
  endfacet
  facet normal 0 0 1
    outer loop
      vertex 6.85143 -42.9252 26.5
      vertex 5.96564 -42.1156 26.5
      vertex 6.82401 -42.9559 26.5
    endloop
  endfacet
  facet normal -0 0 1
    outer loop
      vertex 5.91995 -42.1668 26.5
      vertex 6.82401 -42.9559 26.5
      vertex 5.96564 -42.1156 26.5
    endloop
  endfacet
  facet normal 0 0 1
    outer loop
      vertex 5.91995 -42.1668 26.5
      vertex 5.7722 -44.1609 26.5
      vertex 6.82401 -42.9559 26.5
    endloop
  endfacet
  facet normal -0 0 1
    outer loop
      vertex 4.86815 -43.3718 26.5
      vertex 5.7722 -44.1609 26.5
      vertex 5.91995 -42.1668 26.5
    endloop
  endfacet
  facet normal 0 0 1
    outer loop
      vertex 5.7722 -44.1609 26.5
      vertex 4.86815 -43.3718 26.5
      vertex 5.74353 -44.1946 26.5
    endloop
  endfacet
  facet normal -0 0 1
    outer loop
      vertex 4.82036 -43.4279 26.5
      vertex 5.74353 -44.1946 26.5
      vertex 4.86815 -43.3718 26.5
    endloop
  endfacet
  facet normal 0 0 1
    outer loop
      vertex 4.82036 -43.4279 26.5
      vertex 4.77011 -45.3668 26.5
      vertex 5.74353 -44.1946 26.5
    endloop
  endfacet
  facet normal -0 0 1
    outer loop
      vertex 3.84694 -44.6001 26.5
      vertex 4.77011 -45.3668 26.5
      vertex 4.82036 -43.4279 26.5
    endloop
  endfacet
  facet normal 0 0 1
    outer loop
      vertex 4.77011 -45.3668 26.5
      vertex 3.84694 -44.6001 26.5
      vertex 4.74037 -45.4035 26.5
    endloop
  endfacet
  facet normal -0 0 1
    outer loop
      vertex 3.79738 -44.6614 26.5
      vertex 4.74037 -45.4035 26.5
      vertex 3.84694 -44.6001 26.5
    endloop
  endfacet
  facet normal 0 0 1
    outer loop
      vertex 4.74037 -45.4035 26.5
      vertex 3.79738 -44.6614 26.5
      vertex 3.8463 -46.5396 26.5
    endloop
  endfacet
  facet normal -0 0 1
    outer loop
      vertex 2.90331 -45.7975 26.5
      vertex 3.8463 -46.5396 26.5
      vertex 3.79738 -44.6614 26.5
    endloop
  endfacet
  facet normal 0 0 1
    outer loop
      vertex 3.8463 -46.5396 26.5
      vertex 2.90331 -45.7975 26.5
      vertex 3.81578 -46.5795 26.5
    endloop
  endfacet
  facet normal -0 0 1
    outer loop
      vertex 2.85242 -45.864 26.5
      vertex 3.81578 -46.5795 26.5
      vertex 2.90331 -45.7975 26.5
    endloop
  endfacet
  facet normal 0 0 1
    outer loop
      vertex 3.81578 -46.5795 26.5
      vertex 2.85242 -45.864 26.5
      vertex 3.00128 -47.6762 26.5
    endloop
  endfacet
  facet normal -0 0 1
    outer loop
      vertex 2.03792 -46.9607 26.5
      vertex 3.00128 -47.6762 26.5
      vertex 2.85242 -45.864 26.5
    endloop
  endfacet
  facet normal 0 0 1
    outer loop
      vertex 3.00128 -47.6762 26.5
      vertex 2.03792 -46.9607 26.5
      vertex 2.9702 -47.7193 26.5
    endloop
  endfacet
  facet normal -0 0 1
    outer loop
      vertex 1.98611 -47.0326 26.5
      vertex 2.9702 -47.7193 26.5
      vertex 2.03792 -46.9607 26.5
    endloop
  endfacet
  facet normal 0 0 1
    outer loop
      vertex 2.9702 -47.7193 26.5
      vertex 1.98611 -47.0326 26.5
      vertex 2.23479 -48.7732 26.5
    endloop
  endfacet
  facet normal -0 0 1
    outer loop
      vertex 1.2507 -48.0864 26.5
      vertex 2.23479 -48.7732 26.5
      vertex 1.98611 -47.0326 26.5
    endloop
  endfacet
  facet normal 0 0 1
    outer loop
      vertex 2.23479 -48.7732 26.5
      vertex 1.2507 -48.0864 26.5
      vertex 2.20355 -48.8194 26.5
    endloop
  endfacet
  facet normal -0 0 1
    outer loop
      vertex 1.19867 -48.1635 26.5
      vertex 2.20355 -48.8194 26.5
      vertex 1.2507 -48.0864 26.5
    endloop
  endfacet
  facet normal 0 0 1
    outer loop
      vertex 2.20355 -48.8194 26.5
      vertex 1.19867 -48.1635 26.5
      vertex 1.54604 -49.8268 26.5
    endloop
  endfacet
  facet normal -0 0 1
    outer loop
      vertex 0.541153 -49.1709 26.5
      vertex 1.54604 -49.8268 26.5
      vertex 1.19867 -48.1635 26.5
    endloop
  endfacet
  facet normal 0 0 1
    outer loop
      vertex 1.54604 -49.8268 26.5
      vertex 0.541153 -49.1709 26.5
      vertex 1.51476 -49.8765 26.5
    endloop
  endfacet
  facet normal -0 0 1
    outer loop
      vertex 0.488998 -49.2537 26.5
      vertex 1.51476 -49.8765 26.5
      vertex 0.541153 -49.1709 26.5
    endloop
  endfacet
  facet normal 0 0 1
    outer loop
      vertex 0 -50.0591 26.5
      vertex 1.51476 -49.8765 26.5
      vertex 0.488998 -49.2537 26.5
    endloop
  endfacet
  facet normal 0 0 1
    outer loop
      vertex 1.51476 -49.8765 26.5
      vertex 0 -50.0591 26.5
      vertex 0.933411 -50.834 26.5
    endloop
  endfacet
  facet normal 0 0 1
    outer loop
      vertex 0.933411 -50.834 26.5
      vertex 0 -50.0591 26.5
      vertex 0.902542 -50.8869 26.5
    endloop
  endfacet
  facet normal 0 0 1
    outer loop
      vertex 0.902542 -50.8869 26.5
      vertex 0 -50.0591 26.5
      vertex 0.394958 -51.7908 26.5
    endloop
  endfacet
  facet normal 0 0 1
    outer loop
      vertex -0.394958 -51.7908 26.5
      vertex 0.394958 -51.7908 26.5
      vertex 0 -50.0591 26.5
    endloop
  endfacet
  facet normal 0 0 1
    outer loop
      vertex 0.394958 -51.7908 26.5
      vertex -0.394958 -51.7908 26.5
      vertex 0.364822 -51.8467 26.5
    endloop
  endfacet
  facet normal 0 0 1
    outer loop
      vertex 0.364822 -51.8467 26.5
      vertex -0.364822 -51.8467 26.5
      vertex 0 -52.5538 26.5
    endloop
  endfacet
  facet normal 0 0 1
    outer loop
      vertex 0.364822 -51.8467 26.5
      vertex -0.394958 -51.7908 26.5
      vertex -0.364822 -51.8467 26.5
    endloop
  endfacet
  facet normal -0 0 1
    outer loop
      vertex -1.51476 -49.8765 26.5
      vertex 0 -50.0591 26.5
      vertex -0.488998 -49.2537 26.5
    endloop
  endfacet
  facet normal 0 0 1
    outer loop
      vertex -1.51476 -49.8765 26.5
      vertex -0.488998 -49.2537 26.5
      vertex -0.541153 -49.1709 26.5
    endloop
  endfacet
  facet normal 0 0 1
    outer loop
      vertex 0 -50.0591 26.5
      vertex -0.902542 -50.8869 26.5
      vertex -0.394958 -51.7908 26.5
    endloop
  endfacet
  facet normal 0 0 1
    outer loop
      vertex 0 -50.0591 26.5
      vertex -0.933411 -50.834 26.5
      vertex -0.902542 -50.8869 26.5
    endloop
  endfacet
  facet normal 0 0 1
    outer loop
      vertex -1.54604 -49.8268 26.5
      vertex -0.541153 -49.1709 26.5
      vertex -1.19867 -48.1635 26.5
    endloop
  endfacet
  facet normal 0 0 1
    outer loop
      vertex -2.20355 -48.8194 26.5
      vertex -1.19867 -48.1635 26.5
      vertex -1.2507 -48.0864 26.5
    endloop
  endfacet
  facet normal 0 0 1
    outer loop
      vertex 0 -50.0591 26.5
      vertex -1.51476 -49.8765 26.5
      vertex -0.933411 -50.834 26.5
    endloop
  endfacet
  facet normal 0 0 1
    outer loop
      vertex -0.541153 -49.1709 26.5
      vertex -1.54604 -49.8268 26.5
      vertex -1.51476 -49.8765 26.5
    endloop
  endfacet
  facet normal 0 0 1
    outer loop
      vertex -2.23479 -48.7732 26.5
      vertex -1.2507 -48.0864 26.5
      vertex -1.98611 -47.0326 26.5
    endloop
  endfacet
  facet normal 0 0 1
    outer loop
      vertex -2.9702 -47.7193 26.5
      vertex -1.98611 -47.0326 26.5
      vertex -2.03792 -46.9607 26.5
    endloop
  endfacet
  facet normal 0 0 1
    outer loop
      vertex -1.19867 -48.1635 26.5
      vertex -2.20355 -48.8194 26.5
      vertex -1.54604 -49.8268 26.5
    endloop
  endfacet
  facet normal 0 0 1
    outer loop
      vertex -1.2507 -48.0864 26.5
      vertex -2.23479 -48.7732 26.5
      vertex -2.20355 -48.8194 26.5
    endloop
  endfacet
  facet normal 0 0 1
    outer loop
      vertex -3.00128 -47.6762 26.5
      vertex -2.03792 -46.9607 26.5
      vertex -2.85242 -45.864 26.5
    endloop
  endfacet
  facet normal 0 0 1
    outer loop
      vertex -3.81578 -46.5795 26.5
      vertex -2.85242 -45.864 26.5
      vertex -2.90331 -45.7975 26.5
    endloop
  endfacet
  facet normal 0 0 1
    outer loop
      vertex -1.98611 -47.0326 26.5
      vertex -2.9702 -47.7193 26.5
      vertex -2.23479 -48.7732 26.5
    endloop
  endfacet
  facet normal 0 0 1
    outer loop
      vertex -2.03792 -46.9607 26.5
      vertex -3.00128 -47.6762 26.5
      vertex -2.9702 -47.7193 26.5
    endloop
  endfacet
  facet normal 0 0 1
    outer loop
      vertex -3.8463 -46.5396 26.5
      vertex -2.90331 -45.7975 26.5
      vertex -3.79738 -44.6614 26.5
    endloop
  endfacet
  facet normal 0 0 1
    outer loop
      vertex -2.85242 -45.864 26.5
      vertex -3.81578 -46.5795 26.5
      vertex -3.00128 -47.6762 26.5
    endloop
  endfacet
  facet normal 0 0 1
    outer loop
      vertex -2.90331 -45.7975 26.5
      vertex -3.8463 -46.5396 26.5
      vertex -3.81578 -46.5795 26.5
    endloop
  endfacet
  facet normal 0 0 1
    outer loop
      vertex -4.74037 -45.4035 26.5
      vertex -3.79738 -44.6614 26.5
      vertex -3.84694 -44.6001 26.5
    endloop
  endfacet
  facet normal 0 0 1
    outer loop
      vertex -3.79738 -44.6614 26.5
      vertex -4.74037 -45.4035 26.5
      vertex -3.8463 -46.5396 26.5
    endloop
  endfacet
  facet normal 0 0 1
    outer loop
      vertex -3.84694 -44.6001 26.5
      vertex -4.77011 -45.3668 26.5
      vertex -4.74037 -45.4035 26.5
    endloop
  endfacet
  facet normal 0 0 1
    outer loop
      vertex -4.82036 -43.4279 26.5
      vertex -4.77011 -45.3668 26.5
      vertex -3.84694 -44.6001 26.5
    endloop
  endfacet
  facet normal 0 0 1
    outer loop
      vertex -5.74353 -44.1946 26.5
      vertex -4.82036 -43.4279 26.5
      vertex -4.86815 -43.3718 26.5
    endloop
  endfacet
  facet normal 0 0 1
    outer loop
      vertex -4.82036 -43.4279 26.5
      vertex -5.74353 -44.1946 26.5
      vertex -4.77011 -45.3668 26.5
    endloop
  endfacet
  facet normal 0 0 1
    outer loop
      vertex -4.86815 -43.3718 26.5
      vertex -5.7722 -44.1609 26.5
      vertex -5.74353 -44.1946 26.5
    endloop
  endfacet
  facet normal 0 0 1
    outer loop
      vertex -5.91995 -42.1668 26.5
      vertex -5.7722 -44.1609 26.5
      vertex -4.86815 -43.3718 26.5
    endloop
  endfacet
  facet normal 0 0 1
    outer loop
      vertex -6.82401 -42.9559 26.5
      vertex -5.91995 -42.1668 26.5
      vertex -5.96564 -42.1156 26.5
    endloop
  endfacet
  facet normal 0 0 1
    outer loop
      vertex -5.91995 -42.1668 26.5
      vertex -6.82401 -42.9559 26.5
      vertex -5.7722 -44.1609 26.5
    endloop
  endfacet
  facet normal 0 0 1
    outer loop
      vertex -5.96564 -42.1156 26.5
      vertex -6.85143 -42.9252 26.5
      vertex -6.82401 -42.9559 26.5
    endloop
  endfacet
  facet normal 0 0 1
    outer loop
      vertex -7.09431 -40.8807 26.5
      vertex -6.85143 -42.9252 26.5
      vertex -5.96564 -42.1156 26.5
    endloop
  endfacet
  facet normal 0 0 1
    outer loop
      vertex -7.9801 -41.6902 26.5
      vertex -7.09431 -40.8807 26.5
      vertex -7.13751 -40.8344 26.5
    endloop
  endfacet
  facet normal 0 0 1
    outer loop
      vertex -7.09431 -40.8807 26.5
      vertex -7.9801 -41.6902 26.5
      vertex -6.85143 -42.9252 26.5
    endloop
  endfacet
  facet normal 0 0 1
    outer loop
      vertex -7.13751 -40.8344 26.5
      vertex -8.00601 -41.6625 26.5
      vertex -7.9801 -41.6902 26.5
    endloop
  endfacet
  facet normal 0 0 1
    outer loop
      vertex -8.34082 -39.5723 26.5
      vertex -8.00601 -41.6625 26.5
      vertex -7.13751 -40.8344 26.5
    endloop
  endfacet
  facet normal 0 0 1
    outer loop
      vertex -9.20932 -40.4004 26.5
      vertex -8.34082 -39.5723 26.5
      vertex -8.38103 -39.531 26.5
    endloop
  endfacet
  facet normal 0 0 1
    outer loop
      vertex -8.34082 -39.5723 26.5
      vertex -9.20932 -40.4004 26.5
      vertex -8.00601 -41.6625 26.5
    endloop
  endfacet
  facet normal 0 0 1
    outer loop
      vertex -8.38103 -39.531 26.5
      vertex -9.23344 -40.3756 26.5
      vertex -9.20932 -40.4004 26.5
    endloop
  endfacet
  facet normal 0 0 1
    outer loop
      vertex -9.65598 -38.2442 26.5
      vertex -9.23344 -40.3756 26.5
      vertex -8.38103 -39.531 26.5
    endloop
  endfacet
  facet normal 0 0 1
    outer loop
      vertex -10.5084 -39.0888 26.5
      vertex -9.65598 -38.2442 26.5
      vertex -9.69316 -38.2073 26.5
    endloop
  endfacet
  facet normal 0 0 1
    outer loop
      vertex -9.65598 -38.2442 26.5
      vertex -10.5084 -39.0888 26.5
      vertex -9.23344 -40.3756 26.5
    endloop
  endfacet
  facet normal 0 0 1
    outer loop
      vertex -9.69316 -38.2073 26.5
      vertex -10.5307 -39.0667 26.5
      vertex -10.5084 -39.0888 26.5
    endloop
  endfacet
  facet normal 0 0 1
    outer loop
      vertex -11.0363 -36.8983 26.5
      vertex -10.5307 -39.0667 26.5
      vertex -9.69316 -38.2073 26.5
    endloop
  endfacet
  facet normal 0 0 1
    outer loop
      vertex -11.8738 -37.7577 26.5
      vertex -11.0363 -36.8983 26.5
      vertex -11.0698 -36.8661 26.5
    endloop
  endfacet
  facet normal 0 0 1
    outer loop
      vertex -11.0363 -36.8983 26.5
      vertex -11.8738 -37.7577 26.5
      vertex -10.5307 -39.0667 26.5
    endloop
  endfacet
  facet normal 0 0 1
    outer loop
      vertex -11.0698 -36.8661 26.5
      vertex -11.894 -37.7384 26.5
      vertex -11.8738 -37.7577 26.5
    endloop
  endfacet
  facet normal 0 0 1
    outer loop
      vertex -12.4768 -35.5368 26.5
      vertex -11.894 -37.7384 26.5
      vertex -11.0698 -36.8661 26.5
    endloop
  endfacet
  facet normal 0 0 1
    outer loop
      vertex -13.3009 -36.409 26.5
      vertex -12.4768 -35.5368 26.5
      vertex -12.5067 -35.5089 26.5
    endloop
  endfacet
  facet normal 0 0 1
    outer loop
      vertex -12.4768 -35.5368 26.5
      vertex -13.3009 -36.409 26.5
      vertex -11.894 -37.7384 26.5
    endloop
  endfacet
  facet normal 0 0 1
    outer loop
      vertex -12.5067 -35.5089 26.5
      vertex -13.3189 -36.3923 26.5
      vertex -13.3009 -36.409 26.5
    endloop
  endfacet
  facet normal 0 0 1
    outer loop
      vertex -13.9729 -34.1609 26.5
      vertex -13.3189 -36.3923 26.5
      vertex -12.5067 -35.5089 26.5
    endloop
  endfacet
  facet normal 0 0 1
    outer loop
      vertex -14.7851 -35.0443 26.5
      vertex -13.9729 -34.1609 26.5
      vertex -13.9987 -34.1375 26.5
    endloop
  endfacet
  facet normal 0 0 1
    outer loop
      vertex -13.9729 -34.1609 26.5
      vertex -14.7851 -35.0443 26.5
      vertex -13.3189 -36.3923 26.5
    endloop
  endfacet
  facet normal 0 0 1
    outer loop
      vertex -13.9987 -34.1375 26.5
      vertex -14.8005 -35.0302 26.5
      vertex -14.7851 -35.0443 26.5
    endloop
  endfacet
  facet normal 0 0 1
    outer loop
      vertex -15.5186 -32.7723 26.5
      vertex -14.8005 -35.0302 26.5
      vertex -13.9987 -34.1375 26.5
    endloop
  endfacet
  facet normal 0 0 1
    outer loop
      vertex -16.3204 -33.665 26.5
      vertex -15.5186 -32.7723 26.5
      vertex -15.54 -32.7532 26.5
    endloop
  endfacet
  facet normal 0 0 1
    outer loop
      vertex -15.5186 -32.7723 26.5
      vertex -16.3204 -33.665 26.5
      vertex -14.8005 -35.0302 26.5
    endloop
  endfacet
  facet normal 0 0 1
    outer loop
      vertex -15.54 -32.7532 26.5
      vertex -16.3333 -33.6536 26.5
      vertex -16.3204 -33.665 26.5
    endloop
  endfacet
  facet normal 0 0 1
    outer loop
      vertex -17.1079 -31.3719 26.5
      vertex -16.3333 -33.6536 26.5
      vertex -15.54 -32.7532 26.5
    endloop
  endfacet
  facet normal 0 0 1
    outer loop
      vertex -17.9011 -32.2723 26.5
      vertex -17.1079 -31.3719 26.5
      vertex -17.1248 -31.3571 26.5
    endloop
  endfacet
  facet normal 0 0 1
    outer loop
      vertex -17.1079 -31.3719 26.5
      vertex -17.9011 -32.2723 26.5
      vertex -16.3333 -33.6536 26.5
    endloop
  endfacet
  facet normal 0 0 1
    outer loop
      vertex -17.1248 -31.3571 26.5
      vertex -17.9113 -32.2634 26.5
      vertex -17.9011 -32.2723 26.5
    endloop
  endfacet
  facet normal 0 0 1
    outer loop
      vertex -18.7341 -29.9605 26.5
      vertex -17.9113 -32.2634 26.5
      vertex -17.1248 -31.3571 26.5
    endloop
  endfacet
  facet normal 0 0 1
    outer loop
      vertex -19.5206 -30.8668 26.5
      vertex -18.7341 -29.9605 26.5
      vertex -18.7462 -29.95 26.5
    endloop
  endfacet
  facet normal 0 0 1
    outer loop
      vertex -18.7341 -29.9605 26.5
      vertex -19.5206 -30.8668 26.5
      vertex -17.9113 -32.2634 26.5
    endloop
  endfacet
  facet normal 0 0 1
    outer loop
      vertex -18.7462 -29.95 26.5
      vertex -19.5279 -30.8605 26.5
      vertex -19.5206 -30.8668 26.5
    endloop
  endfacet
  facet normal 0 0 1
    outer loop
      vertex -20.3901 -28.5387 26.5
      vertex -19.5279 -30.8605 26.5
      vertex -18.7462 -29.95 26.5
    endloop
  endfacet
  facet normal 0 0 1
    outer loop
      vertex -20.3901 -28.5387 26.5
      vertex -21.1718 -29.4492 26.5
      vertex -19.5279 -30.8605 26.5
    endloop
  endfacet
  facet normal 0 0 1
    outer loop
      vertex -22.0686 -27.1068 26.5
      vertex -21.1718 -29.4492 26.5
      vertex -20.3901 -28.5387 26.5
    endloop
  endfacet
  facet normal 0 0 1
    outer loop
      vertex -22.0686 -27.1068 26.5
      vertex -22.8474 -28.0198 26.5
      vertex -21.1718 -29.4492 26.5
    endloop
  endfacet
  facet normal 0 0 1
    outer loop
      vertex -23.7618 -25.665 26.5
      vertex -22.8474 -28.0198 26.5
      vertex -22.0686 -27.1068 26.5
    endloop
  endfacet
  facet normal 0 0 1
    outer loop
      vertex -23.7618 -25.665 26.5
      vertex -24.5398 -26.5787 26.5
      vertex -22.8474 -28.0198 26.5
    endloop
  endfacet
  facet normal 0 0 1
    outer loop
      vertex -25.4563 -24.2177 26.5
      vertex -24.5398 -26.5787 26.5
      vertex -23.7618 -25.665 26.5
    endloop
  endfacet
  facet normal 0 0 1
    outer loop
      vertex -25.4563 -24.2177 26.5
      vertex -26.2387 -25.1276 26.5
      vertex -24.5398 -26.5787 26.5
    endloop
  endfacet
  facet normal 0 0 1
    outer loop
      vertex -27.1515 -22.7582 26.5
      vertex -26.2387 -25.1276 26.5
      vertex -25.4563 -24.2177 26.5
    endloop
  endfacet
  facet normal 0 0 1
    outer loop
      vertex -27.1515 -22.7582 26.5
      vertex -27.9379 -23.6645 26.5
      vertex -26.2387 -25.1276 26.5
    endloop
  endfacet
  facet normal 0 0 1
    outer loop
      vertex -28.8358 -21.2888 26.5
      vertex -27.9379 -23.6645 26.5
      vertex -27.1515 -22.7582 26.5
    endloop
  endfacet
  facet normal 0 0 1
    outer loop
      vertex -28.8358 -21.2888 26.5
      vertex -29.6291 -22.1892 26.5
      vertex -27.9379 -23.6645 26.5
    endloop
  endfacet
  facet normal 0 0 1
    outer loop
      vertex -30.5017 -19.8084 26.5
      vertex -29.6291 -22.1892 26.5
      vertex -28.8358 -21.2888 26.5
    endloop
  endfacet
  facet normal 0 0 1
    outer loop
      vertex -30.5017 -19.8084 26.5
      vertex -31.3041 -20.7007 26.5
      vertex -29.6291 -22.1892 26.5
    endloop
  endfacet
  facet normal 0 0 1
    outer loop
      vertex -32.1391 -18.318 26.5
      vertex -31.3041 -20.7007 26.5
      vertex -30.5017 -19.8084 26.5
    endloop
  endfacet
  facet normal 0 0 1
    outer loop
      vertex -32.1391 -18.318 26.5
      vertex -32.9534 -19.1995 26.5
      vertex -31.3041 -20.7007 26.5
    endloop
  endfacet
  facet normal 0 0 1
    outer loop
      vertex -33.7401 -16.8169 26.5
      vertex -32.9534 -19.1995 26.5
      vertex -32.1391 -18.318 26.5
    endloop
  endfacet
  facet normal 0 0 1
    outer loop
      vertex -33.7401 -16.8169 26.5
      vertex -34.5691 -17.6846 26.5
      vertex -32.9534 -19.1995 26.5
    endloop
  endfacet
  facet normal 0 0 1
    outer loop
      vertex -35.297 -15.304 26.5
      vertex -34.5691 -17.6846 26.5
      vertex -33.7401 -16.8169 26.5
    endloop
  endfacet
  facet normal 0 0 1
    outer loop
      vertex -35.297 -15.304 26.5
      vertex -36.142 -16.1561 26.5
      vertex -34.5691 -17.6846 26.5
    endloop
  endfacet
  facet normal 0 0 1
    outer loop
      vertex -36.7999 -13.7808 26.5
      vertex -36.142 -16.1561 26.5
      vertex -35.297 -15.304 26.5
    endloop
  endfacet
  facet normal 0 0 1
    outer loop
      vertex -36.7999 -13.7808 26.5
      vertex -37.6646 -14.613 26.5
      vertex -36.142 -16.1561 26.5
    endloop
  endfacet
  facet normal 0 0 1
    outer loop
      vertex -38.2422 -12.2462 26.5
      vertex -37.6646 -14.613 26.5
      vertex -36.7999 -13.7808 26.5
    endloop
  endfacet
  facet normal 0 0 1
    outer loop
      vertex -38.2422 -12.2462 26.5
      vertex -39.1276 -13.0564 26.5
      vertex -37.6646 -14.613 26.5
    endloop
  endfacet
  facet normal 0 0 1
    outer loop
      vertex -39.6146 -10.7023 26.5
      vertex -39.1276 -13.0564 26.5
      vertex -38.2422 -12.2462 26.5
    endloop
  endfacet
  facet normal 0 0 1
    outer loop
      vertex -39.6146 -10.7023 26.5
      vertex -40.524 -11.4855 26.5
      vertex -39.1276 -13.0564 26.5
    endloop
  endfacet
  facet normal 0 0 1
    outer loop
      vertex -40.9113 -9.14828 26.5
      vertex -40.524 -11.4855 26.5
      vertex -39.6146 -10.7023 26.5
    endloop
  endfacet
  facet normal 0 0 1
    outer loop
      vertex -40.9113 -9.14828 26.5
      vertex -41.8464 -9.90063 26.5
      vertex -40.524 -11.4855 26.5
    endloop
  endfacet
  facet normal 0 0 1
    outer loop
      vertex -42.1249 -7.58557 26.5
      vertex -41.8464 -9.90063 26.5
      vertex -40.9113 -9.14828 26.5
    endloop
  endfacet
  facet normal 0 0 1
    outer loop
      vertex -42.1249 -7.58557 26.5
      vertex -43.0868 -8.30339 26.5
      vertex -41.8464 -9.90063 26.5
    endloop
  endfacet
  facet normal 0 0 1
    outer loop
      vertex -43.2492 -6.01558 26.5
      vertex -43.0868 -8.30339 26.5
      vertex -42.1249 -7.58557 26.5
    endloop
  endfacet
  facet normal 0 0 1
    outer loop
      vertex -43.2492 -6.01558 26.5
      vertex -44.2397 -6.69347 26.5
      vertex -43.0868 -8.30339 26.5
    endloop
  endfacet
  facet normal 0 0 1
    outer loop
      vertex -44.2789 -4.4397 26.5
      vertex -44.2397 -6.69347 26.5
      vertex -43.2492 -6.01558 26.5
    endloop
  endfacet
  facet normal 0 0 1
    outer loop
      vertex -45.2987 -5.07265 26.5
      vertex -44.2789 -4.4397 26.5
      vertex -45.2092 -2.85957 26.5
    endloop
  endfacet
  facet normal 0 0 1
    outer loop
      vertex -44.2789 -4.4397 26.5
      vertex -45.2987 -5.07265 26.5
      vertex -44.2397 -6.69347 26.5
    endloop
  endfacet
  facet normal 0 0 1
    outer loop
      vertex -46.2586 -3.44232 26.5
      vertex -45.2092 -2.85957 26.5
      vertex -46.0362 -1.27715 26.5
    endloop
  endfacet
  facet normal 0 0 1
    outer loop
      vertex -45.2092 -2.85957 26.5
      vertex -46.2586 -3.44232 26.5
      vertex -45.2987 -5.07265 26.5
    endloop
  endfacet
  facet normal 0 0 1
    outer loop
      vertex -47.1149 -1.8038 26.5
      vertex -46.0362 -1.27715 26.5
      vertex -46.7569 0.305923 26.5
    endloop
  endfacet
  facet normal 0 0 1
    outer loop
      vertex -46.0362 -1.27715 26.5
      vertex -47.1149 -1.8038 26.5
      vertex -46.2586 -3.44232 26.5
    endloop
  endfacet
  facet normal 0 0 1
    outer loop
      vertex -47.8635 -0.159683 26.5
      vertex -46.7569 0.305923 26.5
      vertex -47.369 1.88751 26.5
    endloop
  endfacet
  facet normal 0 0 1
    outer loop
      vertex -46.7569 0.305923 26.5
      vertex -47.8635 -0.159683 26.5
      vertex -47.1149 -1.8038 26.5
    endloop
  endfacet
  facet normal 0 0 1
    outer loop
      vertex -48.5014 1.48868 26.5
      vertex -47.369 1.88751 26.5
      vertex -47.8707 3.46544 26.5
    endloop
  endfacet
  facet normal 0 0 1
    outer loop
      vertex -49.0261 3.13881 26.5
      vertex -47.8707 3.46544 26.5
      vertex -48.2612 5.03825 26.5
    endloop
  endfacet
  facet normal 0 0 1
    outer loop
      vertex -47.369 1.88751 26.5
      vertex -48.5014 1.48868 26.5
      vertex -47.8635 -0.159683 26.5
    endloop
  endfacet
  facet normal 0 0 1
    outer loop
      vertex -49.0261 3.13881 26.5
      vertex -48.2612 5.03825 26.5
      vertex -48.5401 6.60364 26.5
    endloop
  endfacet
  facet normal 0 0 1
    outer loop
      vertex -49.0261 3.13881 26.5
      vertex -48.5401 6.60364 26.5
      vertex -48.7071 8.15997 26.5
    endloop
  endfacet
  facet normal 0 0 1
    outer loop
      vertex -49.0261 3.13881 26.5
      vertex -48.7071 8.15997 26.5
      vertex -48.7627 9.70564 26.5
    endloop
  endfacet
  facet normal 0 0 1
    outer loop
      vertex -47.8707 3.46544 26.5
      vertex -49.0261 3.13881 26.5
      vertex -48.5014 1.48868 26.5
    endloop
  endfacet
  facet normal -0.880234 0.474539 0
    outer loop
      vertex 0.364822 -51.8467 26.5
      vertex 0.394958 -51.7908 34
      vertex 0.394958 -51.7908 26.5
    endloop
  endfacet
  facet normal -0.880234 0.474539 0
    outer loop
      vertex 0.394958 -51.7908 34
      vertex 0.364822 -51.8467 26.5
      vertex 0.364822 -51.8467 34
    endloop
  endfacet
  facet normal -0.87193 0.489631 0
    outer loop
      vertex 0.394958 -51.7908 26.5
      vertex 0.902542 -50.8869 34
      vertex 0.902542 -50.8869 26.5
    endloop
  endfacet
  facet normal -0.87193 0.489631 0
    outer loop
      vertex 0.902542 -50.8869 34
      vertex 0.394958 -51.7908 26.5
      vertex 0.394958 -51.7908 34
    endloop
  endfacet
  facet normal -0.863703 0.504001 0
    outer loop
      vertex 0.902542 -50.8869 26.5
      vertex 0.933411 -50.834 34
      vertex 0.933411 -50.834 26.5
    endloop
  endfacet
  facet normal -0.863703 0.504001 0
    outer loop
      vertex 0.933411 -50.834 34
      vertex 0.902542 -50.8869 26.5
      vertex 0.902542 -50.8869 34
    endloop
  endfacet
  facet normal -0.854784 0.518984 0
    outer loop
      vertex 0.933411 -50.834 26.5
      vertex 1.51476 -49.8765 34
      vertex 1.51476 -49.8765 26.5
    endloop
  endfacet
  facet normal -0.854784 0.518984 0
    outer loop
      vertex 1.51476 -49.8765 34
      vertex 0.933411 -50.834 26.5
      vertex 0.933411 -50.834 34
    endloop
  endfacet
  facet normal -0.84633 0.53266 0
    outer loop
      vertex 1.51476 -49.8765 26.5
      vertex 1.54604 -49.8268 34
      vertex 1.54604 -49.8268 26.5
    endloop
  endfacet
  facet normal -0.84633 0.53266 0
    outer loop
      vertex 1.54604 -49.8268 34
      vertex 1.51476 -49.8765 26.5
      vertex 1.51476 -49.8765 34
    endloop
  endfacet
  facet normal -0.837417 0.546565 0
    outer loop
      vertex 1.54604 -49.8268 26.5
      vertex 2.20355 -48.8194 34
      vertex 2.20355 -48.8194 26.5
    endloop
  endfacet
  facet normal -0.837417 0.546565 0
    outer loop
      vertex 2.20355 -48.8194 34
      vertex 1.54604 -49.8268 26.5
      vertex 1.54604 -49.8268 34
    endloop
  endfacet
  facet normal -0.828391 0.56015 0
    outer loop
      vertex 2.20355 -48.8194 26.5
      vertex 2.23479 -48.7732 34
      vertex 2.23479 -48.7732 26.5
    endloop
  endfacet
  facet normal -0.828391 0.56015 0
    outer loop
      vertex 2.23479 -48.7732 34
      vertex 2.20355 -48.8194 26.5
      vertex 2.20355 -48.8194 34
    endloop
  endfacet
  facet normal -0.820079 0.57225 0
    outer loop
      vertex 2.23479 -48.7732 26.5
      vertex 2.9702 -47.7193 34
      vertex 2.9702 -47.7193 26.5
    endloop
  endfacet
  facet normal -0.820079 0.57225 0
    outer loop
      vertex 2.9702 -47.7193 34
      vertex 2.23479 -48.7732 26.5
      vertex 2.23479 -48.7732 34
    endloop
  endfacet
  facet normal -0.811106 0.584899 0
    outer loop
      vertex 2.9702 -47.7193 26.5
      vertex 3.00128 -47.6762 34
      vertex 3.00128 -47.6762 26.5
    endloop
  endfacet
  facet normal -0.811106 0.584899 0
    outer loop
      vertex 3.00128 -47.6762 34
      vertex 2.9702 -47.7193 26.5
      vertex 2.9702 -47.7193 34
    endloop
  endfacet
  facet normal -0.802811 0.596234 0
    outer loop
      vertex 3.00128 -47.6762 26.5
      vertex 3.81578 -46.5795 34
      vertex 3.81578 -46.5795 26.5
    endloop
  endfacet
  facet normal -0.802811 0.596234 0
    outer loop
      vertex 3.81578 -46.5795 34
      vertex 3.00128 -47.6762 26.5
      vertex 3.00128 -47.6762 34
    endloop
  endfacet
  facet normal -0.794279 0.607554 0
    outer loop
      vertex 3.81578 -46.5795 26.5
      vertex 3.8463 -46.5396 34
      vertex 3.8463 -46.5396 26.5
    endloop
  endfacet
  facet normal -0.794279 0.607554 0
    outer loop
      vertex 3.8463 -46.5396 34
      vertex 3.81578 -46.5795 26.5
      vertex 3.81578 -46.5795 34
    endloop
  endfacet
  facet normal -0.785841 0.618429 0
    outer loop
      vertex 3.8463 -46.5396 26.5
      vertex 4.74037 -45.4035 34
      vertex 4.74037 -45.4035 26.5
    endloop
  endfacet
  facet normal -0.785841 0.618429 0
    outer loop
      vertex 4.74037 -45.4035 34
      vertex 3.8463 -46.5396 26.5
      vertex 3.8463 -46.5396 34
    endloop
  endfacet
  facet normal -0.776929 0.629588 0
    outer loop
      vertex 4.74037 -45.4035 26.5
      vertex 4.77011 -45.3668 34
      vertex 4.77011 -45.3668 26.5
    endloop
  endfacet
  facet normal -0.776929 0.629588 0
    outer loop
      vertex 4.77011 -45.3668 34
      vertex 4.74037 -45.4035 26.5
      vertex 4.74037 -45.4035 34
    endloop
  endfacet
  facet normal -0.769322 0.638861 0
    outer loop
      vertex 4.77011 -45.3668 26.5
      vertex 5.74353 -44.1946 34
      vertex 5.74353 -44.1946 26.5
    endloop
  endfacet
  facet normal -0.769322 0.638861 0
    outer loop
      vertex 5.74353 -44.1946 34
      vertex 4.77011 -45.3668 26.5
      vertex 4.77011 -45.3668 34
    endloop
  endfacet
  facet normal -0.76166 0.647976 0
    outer loop
      vertex 5.74353 -44.1946 26.5
      vertex 5.7722 -44.1609 34
      vertex 5.7722 -44.1609 26.5
    endloop
  endfacet
  facet normal -0.76166 0.647976 0
    outer loop
      vertex 5.7722 -44.1609 34
      vertex 5.74353 -44.1946 26.5
      vertex 5.74353 -44.1946 34
    endloop
  endfacet
  facet normal -0.753371 0.657596 0
    outer loop
      vertex 5.7722 -44.1609 26.5
      vertex 6.82401 -42.9559 34
      vertex 6.82401 -42.9559 26.5
    endloop
  endfacet
  facet normal -0.753371 0.657596 0
    outer loop
      vertex 6.82401 -42.9559 34
      vertex 5.7722 -44.1609 26.5
      vertex 5.7722 -44.1609 34
    endloop
  endfacet
  facet normal -0.745826 0.666141 0
    outer loop
      vertex 6.82401 -42.9559 26.5
      vertex 6.85143 -42.9252 34
      vertex 6.85143 -42.9252 26.5
    endloop
  endfacet
  facet normal -0.745826 0.666141 0
    outer loop
      vertex 6.85143 -42.9252 34
      vertex 6.82401 -42.9559 26.5
      vertex 6.82401 -42.9559 34
    endloop
  endfacet
  facet normal -0.73817 0.674615 0
    outer loop
      vertex 6.85143 -42.9252 26.5
      vertex 7.9801 -41.6902 34
      vertex 7.9801 -41.6902 26.5
    endloop
  endfacet
  facet normal -0.73817 0.674615 0
    outer loop
      vertex 7.9801 -41.6902 34
      vertex 6.85143 -42.9252 26.5
      vertex 6.85143 -42.9252 34
    endloop
  endfacet
  facet normal -0.73031 0.683116 0
    outer loop
      vertex 7.9801 -41.6902 26.5
      vertex 8.00601 -41.6625 34
      vertex 8.00601 -41.6625 26.5
    endloop
  endfacet
  facet normal -0.73031 0.683116 0
    outer loop
      vertex 8.00601 -41.6625 34
      vertex 7.9801 -41.6902 26.5
      vertex 7.9801 -41.6902 34
    endloop
  endfacet
  facet normal -0.723763 0.690049 0
    outer loop
      vertex 8.00601 -41.6625 26.5
      vertex 9.20932 -40.4004 34
      vertex 9.20932 -40.4004 26.5
    endloop
  endfacet
  facet normal -0.723763 0.690049 0
    outer loop
      vertex 9.20932 -40.4004 34
      vertex 8.00601 -41.6625 26.5
      vertex 8.00601 -41.6625 34
    endloop
  endfacet
  facet normal -0.716866 0.69721 0
    outer loop
      vertex 9.20932 -40.4004 26.5
      vertex 9.23344 -40.3756 34
      vertex 9.23344 -40.3756 26.5
    endloop
  endfacet
  facet normal -0.716866 0.69721 0
    outer loop
      vertex 9.23344 -40.3756 34
      vertex 9.20932 -40.4004 26.5
      vertex 9.20932 -40.4004 34
    endloop
  endfacet
  facet normal -0.710367 0.703831 0
    outer loop
      vertex 9.23344 -40.3756 26.5
      vertex 10.5084 -39.0888 34
      vertex 10.5084 -39.0888 26.5
    endloop
  endfacet
  facet normal -0.710367 0.703831 0
    outer loop
      vertex 10.5084 -39.0888 34
      vertex 9.23344 -40.3756 26.5
      vertex 9.23344 -40.3756 34
    endloop
  endfacet
  facet normal -0.703914 0.710285 0
    outer loop
      vertex 10.5307 -39.0667 26.5
      vertex 10.5084 -39.0888 34
      vertex 10.5307 -39.0667 34
    endloop
  endfacet
  facet normal -0.703914 0.710285 0
    outer loop
      vertex 10.5084 -39.0888 34
      vertex 10.5307 -39.0667 26.5
      vertex 10.5084 -39.0888 26.5
    endloop
  endfacet
  facet normal -0.697957 0.716139 0
    outer loop
      vertex 11.8738 -37.7577 26.5
      vertex 10.5307 -39.0667 34
      vertex 11.8738 -37.7577 34
    endloop
  endfacet
  facet normal -0.697957 0.716139 0
    outer loop
      vertex 10.5307 -39.0667 34
      vertex 11.8738 -37.7577 26.5
      vertex 10.5307 -39.0667 26.5
    endloop
  endfacet
  facet normal -0.690816 0.72303 0
    outer loop
      vertex 11.894 -37.7384 26.5
      vertex 11.8738 -37.7577 34
      vertex 11.894 -37.7384 34
    endloop
  endfacet
  facet normal -0.690816 0.72303 0
    outer loop
      vertex 11.8738 -37.7577 34
      vertex 11.894 -37.7384 26.5
      vertex 11.8738 -37.7577 26.5
    endloop
  endfacet
  facet normal -0.686804 0.726843 0
    outer loop
      vertex 13.3009 -36.409 26.5
      vertex 11.894 -37.7384 34
      vertex 13.3009 -36.409 34
    endloop
  endfacet
  facet normal -0.686804 0.726843 0
    outer loop
      vertex 11.894 -37.7384 34
      vertex 13.3009 -36.409 26.5
      vertex 11.894 -37.7384 26.5
    endloop
  endfacet
  facet normal -0.680139 0.733084 0
    outer loop
      vertex 13.3189 -36.3923 26.5
      vertex 13.3009 -36.409 34
      vertex 13.3189 -36.3923 34
    endloop
  endfacet
  facet normal -0.680139 0.733084 0
    outer loop
      vertex 13.3009 -36.409 34
      vertex 13.3189 -36.3923 26.5
      vertex 13.3009 -36.409 26.5
    endloop
  endfacet
  facet normal -0.676811 0.736157 0
    outer loop
      vertex 14.7851 -35.0443 26.5
      vertex 13.3189 -36.3923 34
      vertex 14.7851 -35.0443 34
    endloop
  endfacet
  facet normal -0.676811 0.736157 0
    outer loop
      vertex 13.3189 -36.3923 34
      vertex 14.7851 -35.0443 26.5
      vertex 13.3189 -36.3923 26.5
    endloop
  endfacet
  facet normal -0.675291 0.737552 0
    outer loop
      vertex 14.8005 -35.0302 26.5
      vertex 14.7851 -35.0443 34
      vertex 14.8005 -35.0302 34
    endloop
  endfacet
  facet normal -0.675291 0.737552 0
    outer loop
      vertex 14.7851 -35.0443 34
      vertex 14.8005 -35.0302 26.5
      vertex 14.7851 -35.0443 26.5
    endloop
  endfacet
  facet normal -0.668232 0.743953 0
    outer loop
      vertex 16.3204 -33.665 26.5
      vertex 14.8005 -35.0302 34
      vertex 16.3204 -33.665 34
    endloop
  endfacet
  facet normal -0.668232 0.743953 0
    outer loop
      vertex 14.8005 -35.0302 34
      vertex 16.3204 -33.665 26.5
      vertex 14.8005 -35.0302 26.5
    endloop
  endfacet
  facet normal -0.662198 0.749329 0
    outer loop
      vertex 16.3333 -33.6536 26.5
      vertex 16.3204 -33.665 34
      vertex 16.3333 -33.6536 34
    endloop
  endfacet
  facet normal -0.662198 0.749329 0
    outer loop
      vertex 16.3204 -33.665 34
      vertex 16.3333 -33.6536 26.5
      vertex 16.3204 -33.665 26.5
    endloop
  endfacet
  facet normal -0.661069 0.750325 0
    outer loop
      vertex 17.9011 -32.2723 26.5
      vertex 16.3333 -33.6536 34
      vertex 17.9011 -32.2723 34
    endloop
  endfacet
  facet normal -0.661069 0.750325 0
    outer loop
      vertex 16.3333 -33.6536 34
      vertex 17.9011 -32.2723 26.5
      vertex 16.3333 -33.6536 26.5
    endloop
  endfacet
  facet normal -0.657458 0.753491 0
    outer loop
      vertex 17.9113 -32.2634 26.5
      vertex 17.9011 -32.2723 34
      vertex 17.9113 -32.2634 34
    endloop
  endfacet
  facet normal -0.657458 0.753491 0
    outer loop
      vertex 17.9011 -32.2723 34
      vertex 17.9113 -32.2634 26.5
      vertex 17.9011 -32.2723 26.5
    endloop
  endfacet
  facet normal -0.655432 0.755254 0
    outer loop
      vertex 19.5206 -30.8668 26.5
      vertex 17.9113 -32.2634 34
      vertex 19.5206 -30.8668 34
    endloop
  endfacet
  facet normal -0.655432 0.755254 0
    outer loop
      vertex 17.9113 -32.2634 34
      vertex 19.5206 -30.8668 26.5
      vertex 17.9113 -32.2634 26.5
    endloop
  endfacet
  facet normal -0.65335 0.757056 0
    outer loop
      vertex 19.5279 -30.8605 26.5
      vertex 19.5206 -30.8668 34
      vertex 19.5279 -30.8605 34
    endloop
  endfacet
  facet normal -0.65335 0.757056 0
    outer loop
      vertex 19.5206 -30.8668 34
      vertex 19.5279 -30.8605 26.5
      vertex 19.5206 -30.8668 26.5
    endloop
  endfacet
  facet normal -0.651364 0.758766 0
    outer loop
      vertex 21.1761 -29.4456 26.5
      vertex 19.5279 -30.8605 34
      vertex 21.1761 -29.4456 34
    endloop
  endfacet
  facet normal -0.651364 0.758766 0
    outer loop
      vertex 19.5279 -30.8605 34
      vertex 21.1761 -29.4456 26.5
      vertex 19.5279 -30.8605 26.5
    endloop
  endfacet
  facet normal -0.649014 0.760776 0
    outer loop
      vertex 22.8486 -28.0188 26.5
      vertex 21.1761 -29.4456 34
      vertex 22.8486 -28.0188 34
    endloop
  endfacet
  facet normal -0.649014 0.760776 0
    outer loop
      vertex 21.1761 -29.4456 34
      vertex 22.8486 -28.0188 26.5
      vertex 21.1761 -29.4456 26.5
    endloop
  endfacet
  facet normal -0.648346 0.761346 0
    outer loop
      vertex 24.5377 -26.5804 26.5
      vertex 22.8486 -28.0188 34
      vertex 24.5377 -26.5804 34
    endloop
  endfacet
  facet normal -0.648346 0.761346 0
    outer loop
      vertex 22.8486 -28.0188 34
      vertex 24.5377 -26.5804 26.5
      vertex 22.8486 -28.0188 26.5
    endloop
  endfacet
  facet normal -0.64945 0.760404 0
    outer loop
      vertex 26.2387 -25.1276 26.5
      vertex 24.5377 -26.5804 34
      vertex 26.2387 -25.1276 34
    endloop
  endfacet
  facet normal -0.64945 0.760404 0
    outer loop
      vertex 24.5377 -26.5804 34
      vertex 26.2387 -25.1276 26.5
      vertex 24.5377 -26.5804 26.5
    endloop
  endfacet
  facet normal -0.652498 0.757791 0
    outer loop
      vertex 27.9379 -23.6645 26.5
      vertex 26.2387 -25.1276 34
      vertex 27.9379 -23.6645 34
    endloop
  endfacet
  facet normal -0.652498 0.757791 0
    outer loop
      vertex 26.2387 -25.1276 34
      vertex 27.9379 -23.6645 26.5
      vertex 26.2387 -25.1276 26.5
    endloop
  endfacet
  facet normal -0.657368 0.75357 0
    outer loop
      vertex 29.6291 -22.1892 26.5
      vertex 27.9379 -23.6645 34
      vertex 29.6291 -22.1892 34
    endloop
  endfacet
  facet normal -0.657368 0.75357 0
    outer loop
      vertex 27.9379 -23.6645 34
      vertex 29.6291 -22.1892 26.5
      vertex 27.9379 -23.6645 26.5
    endloop
  endfacet
  facet normal -0.664267 0.747495 0
    outer loop
      vertex 31.3041 -20.7007 26.5
      vertex 29.6291 -22.1892 34
      vertex 31.3041 -20.7007 34
    endloop
  endfacet
  facet normal -0.664267 0.747495 0
    outer loop
      vertex 29.6291 -22.1892 34
      vertex 31.3041 -20.7007 26.5
      vertex 29.6291 -22.1892 26.5
    endloop
  endfacet
  facet normal -0.673123 0.73953 0
    outer loop
      vertex 32.9534 -19.1995 26.5
      vertex 31.3041 -20.7007 34
      vertex 32.9534 -19.1995 34
    endloop
  endfacet
  facet normal -0.673123 0.73953 0
    outer loop
      vertex 31.3041 -20.7007 34
      vertex 32.9534 -19.1995 26.5
      vertex 31.3041 -20.7007 26.5
    endloop
  endfacet
  facet normal -0.683985 0.729496 0
    outer loop
      vertex 34.5691 -17.6846 26.5
      vertex 32.9534 -19.1995 34
      vertex 34.5691 -17.6846 34
    endloop
  endfacet
  facet normal -0.683985 0.729496 0
    outer loop
      vertex 32.9534 -19.1995 34
      vertex 34.5691 -17.6846 26.5
      vertex 32.9534 -19.1995 26.5
    endloop
  endfacet
  facet normal -0.696912 0.717156 0
    outer loop
      vertex 36.142 -16.1561 26.5
      vertex 34.5691 -17.6846 34
      vertex 36.142 -16.1561 34
    endloop
  endfacet
  facet normal -0.696912 0.717156 0
    outer loop
      vertex 34.5691 -17.6846 34
      vertex 36.142 -16.1561 26.5
      vertex 34.5691 -17.6846 26.5
    endloop
  endfacet
  facet normal -0.711819 0.702363 0
    outer loop
      vertex 36.142 -16.1561 26.5
      vertex 37.6646 -14.613 34
      vertex 37.6646 -14.613 26.5
    endloop
  endfacet
  facet normal -0.711819 0.702363 0
    outer loop
      vertex 37.6646 -14.613 34
      vertex 36.142 -16.1561 26.5
      vertex 36.142 -16.1561 34
    endloop
  endfacet
  facet normal -0.728675 0.684859 0
    outer loop
      vertex 37.6646 -14.613 26.5
      vertex 39.1276 -13.0564 34
      vertex 39.1276 -13.0564 26.5
    endloop
  endfacet
  facet normal -0.728675 0.684859 0
    outer loop
      vertex 39.1276 -13.0564 34
      vertex 37.6646 -14.613 26.5
      vertex 37.6646 -14.613 34
    endloop
  endfacet
  facet normal -0.747399 0.664376 0
    outer loop
      vertex 39.1276 -13.0564 26.5
      vertex 40.524 -11.4855 34
      vertex 40.524 -11.4855 26.5
    endloop
  endfacet
  facet normal -0.747399 0.664376 0
    outer loop
      vertex 40.524 -11.4855 34
      vertex 39.1276 -13.0564 26.5
      vertex 39.1276 -13.0564 34
    endloop
  endfacet
  facet normal -0.767822 0.640663 0
    outer loop
      vertex 40.524 -11.4855 26.5
      vertex 41.8464 -9.90063 34
      vertex 41.8464 -9.90063 26.5
    endloop
  endfacet
  facet normal -0.767822 0.640663 0
    outer loop
      vertex 41.8464 -9.90063 34
      vertex 40.524 -11.4855 26.5
      vertex 40.524 -11.4855 34
    endloop
  endfacet
  facet normal -0.789807 0.613356 0
    outer loop
      vertex 41.8464 -9.90063 26.5
      vertex 43.0868 -8.30339 34
      vertex 43.0868 -8.30339 26.5
    endloop
  endfacet
  facet normal -0.789807 0.613356 0
    outer loop
      vertex 43.0868 -8.30339 34
      vertex 41.8464 -9.90063 26.5
      vertex 41.8464 -9.90063 34
    endloop
  endfacet
  facet normal -0.813027 0.582227 0
    outer loop
      vertex 43.0868 -8.30339 26.5
      vertex 44.2397 -6.69347 34
      vertex 44.2397 -6.69347 26.5
    endloop
  endfacet
  facet normal -0.813027 0.582227 0
    outer loop
      vertex 44.2397 -6.69347 34
      vertex 43.0868 -8.30339 26.5
      vertex 43.0868 -8.30339 34
    endloop
  endfacet
  facet normal -0.837151 0.546972 0
    outer loop
      vertex 44.2397 -6.69347 26.5
      vertex 45.2987 -5.07265 34
      vertex 45.2987 -5.07265 26.5
    endloop
  endfacet
  facet normal -0.837151 0.546972 0
    outer loop
      vertex 45.2987 -5.07265 34
      vertex 44.2397 -6.69347 26.5
      vertex 44.2397 -6.69347 34
    endloop
  endfacet
  facet normal -0.86173 0.507367 0
    outer loop
      vertex 45.2987 -5.07265 26.5
      vertex 46.2586 -3.44232 34
      vertex 46.2586 -3.44232 26.5
    endloop
  endfacet
  facet normal -0.86173 0.507367 0
    outer loop
      vertex 46.2586 -3.44232 34
      vertex 45.2987 -5.07265 26.5
      vertex 45.2987 -5.07265 34
    endloop
  endfacet
  facet normal -0.88627 0.46317 0
    outer loop
      vertex 46.2586 -3.44232 26.5
      vertex 47.1149 -1.8038 34
      vertex 47.1149 -1.8038 26.5
    endloop
  endfacet
  facet normal -0.88627 0.46317 0
    outer loop
      vertex 47.1149 -1.8038 34
      vertex 46.2586 -3.44232 26.5
      vertex 46.2586 -3.44232 34
    endloop
  endfacet
  facet normal -0.910101 0.414387 0
    outer loop
      vertex 47.1149 -1.8038 26.5
      vertex 47.8635 -0.159683 34
      vertex 47.8635 -0.159683 26.5
    endloop
  endfacet
  facet normal -0.910101 0.414387 0
    outer loop
      vertex 47.8635 -0.159683 34
      vertex 47.1149 -1.8038 26.5
      vertex 47.1149 -1.8038 34
    endloop
  endfacet
  facet normal -0.932602 0.360908 0
    outer loop
      vertex 47.8635 -0.159683 26.5
      vertex 48.5014 1.48868 34
      vertex 48.5014 1.48868 26.5
    endloop
  endfacet
  facet normal -0.932602 0.360908 0
    outer loop
      vertex 48.5014 1.48868 34
      vertex 47.8635 -0.159683 26.5
      vertex 47.8635 -0.159683 34
    endloop
  endfacet
  facet normal -0.952983 0.303025 0
    outer loop
      vertex 48.5014 1.48868 26.5
      vertex 49.0261 3.13881 34
      vertex 49.0261 3.13881 26.5
    endloop
  endfacet
  facet normal -0.952983 0.303025 0
    outer loop
      vertex 49.0261 3.13881 34
      vertex 48.5014 1.48868 26.5
      vertex 48.5014 1.48868 34
    endloop
  endfacet
  facet normal -0.970542 0.240933 0
    outer loop
      vertex 49.0261 3.13881 26.5
      vertex 49.4355 4.78798 34
      vertex 49.4355 4.78798 26.5
    endloop
  endfacet
  facet normal -0.970542 0.240933 0
    outer loop
      vertex 49.4355 4.78798 34
      vertex 49.0261 3.13881 26.5
      vertex 49.0261 3.13881 34
    endloop
  endfacet
  facet normal -0.984498 0.175393 0
    outer loop
      vertex 49.4355 4.78798 26.5
      vertex 49.7288 6.4343 34
      vertex 49.7288 6.4343 26.5
    endloop
  endfacet
  facet normal -0.984498 0.175393 0
    outer loop
      vertex 49.7288 6.4343 34
      vertex 49.4355 4.78798 26.5
      vertex 49.4355 4.78798 34
    endloop
  endfacet
  facet normal -0.994292 0.106696 0
    outer loop
      vertex 49.7288 6.4343 26.5
      vertex 49.9048 8.07443 34
      vertex 49.9048 8.07443 26.5
    endloop
  endfacet
  facet normal -0.994292 0.106696 0
    outer loop
      vertex 49.9048 8.07443 34
      vertex 49.7288 6.4343 26.5
      vertex 49.7288 6.4343 34
    endloop
  endfacet
  facet normal -0.999353 0.035966 0
    outer loop
      vertex 49.9048 8.07443 26.5
      vertex 49.9635 9.70547 34
      vertex 49.9635 9.70547 26.5
    endloop
  endfacet
  facet normal -0.999353 0.035966 0
    outer loop
      vertex 49.9635 9.70547 34
      vertex 49.9048 8.07443 26.5
      vertex 49.9048 8.07443 34
    endloop
  endfacet
  facet normal -0.999346 -0.0361619 0
    outer loop
      vertex 49.9635 9.70547 26.5
      vertex 49.9049 11.3249 34
      vertex 49.9049 11.3249 26.5
    endloop
  endfacet
  facet normal -0.999346 -0.0361619 0
    outer loop
      vertex 49.9049 11.3249 34
      vertex 49.9635 9.70547 26.5
      vertex 49.9635 9.70547 34
    endloop
  endfacet
  facet normal -0.994074 -0.108703 0
    outer loop
      vertex 49.9049 11.3249 26.5
      vertex 49.7296 12.928 34
      vertex 49.7296 12.928 26.5
    endloop
  endfacet
  facet normal -0.994074 -0.108703 0
    outer loop
      vertex 49.7296 12.928 34
      vertex 49.9049 11.3249 26.5
      vertex 49.9049 11.3249 34
    endloop
  endfacet
  facet normal -0.983521 -0.180793 0
    outer loop
      vertex 49.7296 12.928 26.5
      vertex 49.4385 14.5116 34
      vertex 49.4385 14.5116 26.5
    endloop
  endfacet
  facet normal -0.983521 -0.180793 0
    outer loop
      vertex 49.4385 14.5116 34
      vertex 49.7296 12.928 26.5
      vertex 49.7296 12.928 34
    endloop
  endfacet
  facet normal -0.967829 -0.251611 0
    outer loop
      vertex 49.4385 14.5116 26.5
      vertex 49.0332 16.0706 34
      vertex 49.0332 16.0706 26.5
    endloop
  endfacet
  facet normal -0.967829 -0.251611 0
    outer loop
      vertex 49.0332 16.0706 34
      vertex 49.4385 14.5116 26.5
      vertex 49.4385 14.5116 34
    endloop
  endfacet
  facet normal -0.947224 -0.320572 0
    outer loop
      vertex 49.0332 16.0706 26.5
      vertex 48.5156 17.6 34
      vertex 48.5156 17.6 26.5
    endloop
  endfacet
  facet normal -0.947224 -0.320572 0
    outer loop
      vertex 48.5156 17.6 34
      vertex 49.0332 16.0706 26.5
      vertex 49.0332 16.0706 34
    endloop
  endfacet
  facet normal -0.922046 -0.38708 0
    outer loop
      vertex 48.5156 17.6 26.5
      vertex 47.8882 19.0945 34
      vertex 47.8882 19.0945 26.5
    endloop
  endfacet
  facet normal -0.922046 -0.38708 0
    outer loop
      vertex 47.8882 19.0945 34
      vertex 48.5156 17.6 26.5
      vertex 48.5156 17.6 34
    endloop
  endfacet
  facet normal -0.892652 -0.450747 0
    outer loop
      vertex 47.8882 19.0945 26.5
      vertex 47.1541 20.5483 34
      vertex 47.1541 20.5483 26.5
    endloop
  endfacet
  facet normal -0.892652 -0.450747 0
    outer loop
      vertex 47.1541 20.5483 34
      vertex 47.8882 19.0945 26.5
      vertex 47.8882 19.0945 34
    endloop
  endfacet
  facet normal -0.859422 -0.511267 0
    outer loop
      vertex 47.1541 20.5483 26.5
      vertex 46.3172 21.9551 34
      vertex 46.3172 21.9551 26.5
    endloop
  endfacet
  facet normal -0.859422 -0.511267 0
    outer loop
      vertex 46.3172 21.9551 34
      vertex 47.1541 20.5483 26.5
      vertex 47.1541 20.5483 34
    endloop
  endfacet
  facet normal -0.822676 -0.568511 0
    outer loop
      vertex 46.3172 21.9551 26.5
      vertex 45.382 23.3084 34
      vertex 45.382 23.3084 26.5
    endloop
  endfacet
  facet normal -0.822676 -0.568511 0
    outer loop
      vertex 45.382 23.3084 34
      vertex 46.3172 21.9551 26.5
      vertex 46.3172 21.9551 34
    endloop
  endfacet
  facet normal -0.782784 -0.622294 0
    outer loop
      vertex 45.382 23.3084 26.5
      vertex 44.3537 24.6019 34
      vertex 44.3537 24.6019 26.5
    endloop
  endfacet
  facet normal -0.782784 -0.622294 0
    outer loop
      vertex 44.3537 24.6019 34
      vertex 45.382 23.3084 26.5
      vertex 45.382 23.3084 34
    endloop
  endfacet
  facet normal -0.739886 -0.672733 0
    outer loop
      vertex 44.3537 24.6019 26.5
      vertex 43.2377 25.8293 34
      vertex 43.2377 25.8293 26.5
    endloop
  endfacet
  facet normal -0.739886 -0.672733 0
    outer loop
      vertex 43.2377 25.8293 34
      vertex 44.3537 24.6019 26.5
      vertex 44.3537 24.6019 34
    endloop
  endfacet
  facet normal -0.694305 -0.719681 0
    outer loop
      vertex 42.0409 26.9839 26.5
      vertex 43.2377 25.8293 34
      vertex 42.0409 26.9839 34
    endloop
  endfacet
  facet normal -0.694305 -0.719681 -0
    outer loop
      vertex 43.2377 25.8293 34
      vertex 42.0409 26.9839 26.5
      vertex 43.2377 25.8293 26.5
    endloop
  endfacet
  facet normal -0.646152 -0.763209 0
    outer loop
      vertex 40.7695 28.0603 26.5
      vertex 42.0409 26.9839 34
      vertex 40.7695 28.0603 34
    endloop
  endfacet
  facet normal -0.646152 -0.763209 -0
    outer loop
      vertex 42.0409 26.9839 34
      vertex 40.7695 28.0603 26.5
      vertex 42.0409 26.9839 26.5
    endloop
  endfacet
  facet normal -0.595496 -0.803358 0
    outer loop
      vertex 39.4311 29.0524 26.5
      vertex 40.7695 28.0603 34
      vertex 39.4311 29.0524 34
    endloop
  endfacet
  facet normal -0.595496 -0.803358 -0
    outer loop
      vertex 40.7695 28.0603 34
      vertex 39.4311 29.0524 26.5
      vertex 40.7695 28.0603 26.5
    endloop
  endfacet
  facet normal -0.542551 -0.840023 0
    outer loop
      vertex 38.033 29.9554 26.5
      vertex 39.4311 29.0524 34
      vertex 38.033 29.9554 34
    endloop
  endfacet
  facet normal -0.542551 -0.840023 -0
    outer loop
      vertex 39.4311 29.0524 34
      vertex 38.033 29.9554 26.5
      vertex 39.4311 29.0524 26.5
    endloop
  endfacet
  facet normal -0.48728 -0.873246 0
    outer loop
      vertex 36.5841 30.7639 26.5
      vertex 38.033 29.9554 34
      vertex 36.5841 30.7639 34
    endloop
  endfacet
  facet normal -0.48728 -0.873246 -0
    outer loop
      vertex 38.033 29.9554 34
      vertex 36.5841 30.7639 26.5
      vertex 38.033 29.9554 26.5
    endloop
  endfacet
  facet normal -0.429835 -0.902907 0
    outer loop
      vertex 35.091 31.4747 26.5
      vertex 36.5841 30.7639 34
      vertex 35.091 31.4747 34
    endloop
  endfacet
  facet normal -0.429835 -0.902907 -0
    outer loop
      vertex 36.5841 30.7639 34
      vertex 35.091 31.4747 26.5
      vertex 36.5841 30.7639 26.5
    endloop
  endfacet
  facet normal -0.37029 -0.928916 0
    outer loop
      vertex 33.563 32.0838 26.5
      vertex 35.091 31.4747 34
      vertex 33.563 32.0838 34
    endloop
  endfacet
  facet normal -0.37029 -0.928916 -0
    outer loop
      vertex 35.091 31.4747 34
      vertex 33.563 32.0838 26.5
      vertex 35.091 31.4747 26.5
    endloop
  endfacet
  facet normal -0.308786 -0.951132 0
    outer loop
      vertex 32.0081 32.5886 26.5
      vertex 33.563 32.0838 34
      vertex 32.0081 32.5886 34
    endloop
  endfacet
  facet normal -0.308786 -0.951132 -0
    outer loop
      vertex 33.563 32.0838 34
      vertex 32.0081 32.5886 26.5
      vertex 33.563 32.0838 26.5
    endloop
  endfacet
  facet normal -0.245535 -0.969388 0
    outer loop
      vertex 30.4348 32.9871 26.5
      vertex 32.0081 32.5886 34
      vertex 30.4348 32.9871 34
    endloop
  endfacet
  facet normal -0.245535 -0.969388 -0
    outer loop
      vertex 32.0081 32.5886 34
      vertex 30.4348 32.9871 26.5
      vertex 32.0081 32.5886 26.5
    endloop
  endfacet
  facet normal -0.180704 -0.983537 0
    outer loop
      vertex 28.8504 33.2782 26.5
      vertex 30.4348 32.9871 34
      vertex 28.8504 33.2782 34
    endloop
  endfacet
  facet normal -0.180704 -0.983537 -0
    outer loop
      vertex 30.4348 32.9871 34
      vertex 28.8504 33.2782 26.5
      vertex 30.4348 32.9871 26.5
    endloop
  endfacet
  facet normal -0.114629 -0.993408 0
    outer loop
      vertex 27.2636 33.4613 26.5
      vertex 28.8504 33.2782 34
      vertex 27.2636 33.4613 34
    endloop
  endfacet
  facet normal -0.114629 -0.993408 -0
    outer loop
      vertex 28.8504 33.2782 34
      vertex 27.2636 33.4613 26.5
      vertex 28.8504 33.2782 26.5
    endloop
  endfacet
  facet normal -0.0476101 -0.998866 0
    outer loop
      vertex 25.6817 33.5367 26.5
      vertex 27.2636 33.4613 34
      vertex 25.6817 33.5367 34
    endloop
  endfacet
  facet normal -0.0476101 -0.998866 -0
    outer loop
      vertex 27.2636 33.4613 34
      vertex 25.6817 33.5367 26.5
      vertex 27.2636 33.4613 26.5
    endloop
  endfacet
  facet normal 0.0199412 -0.999801 0
    outer loop
      vertex 24.1124 33.5054 26.5
      vertex 25.6817 33.5367 34
      vertex 24.1124 33.5054 34
    endloop
  endfacet
  facet normal 0.0199412 -0.999801 0
    outer loop
      vertex 25.6817 33.5367 34
      vertex 24.1124 33.5054 26.5
      vertex 25.6817 33.5367 26.5
    endloop
  endfacet
  facet normal 0.0874005 -0.996173 0
    outer loop
      vertex 22.5623 33.3694 26.5
      vertex 24.1124 33.5054 34
      vertex 22.5623 33.3694 34
    endloop
  endfacet
  facet normal 0.0874005 -0.996173 0
    outer loop
      vertex 24.1124 33.5054 34
      vertex 22.5623 33.3694 26.5
      vertex 24.1124 33.5054 26.5
    endloop
  endfacet
  facet normal 0.154551 -0.987985 0
    outer loop
      vertex 21.0383 33.131 26.5
      vertex 22.5623 33.3694 34
      vertex 21.0383 33.131 34
    endloop
  endfacet
  facet normal 0.154551 -0.987985 0
    outer loop
      vertex 22.5623 33.3694 34
      vertex 21.0383 33.131 26.5
      vertex 22.5623 33.3694 26.5
    endloop
  endfacet
  facet normal 0.220502 -0.975387 0
    outer loop
      vertex 19.5467 32.7938 26.5
      vertex 21.0383 33.131 34
      vertex 19.5467 32.7938 34
    endloop
  endfacet
  facet normal 0.220502 -0.975387 0
    outer loop
      vertex 21.0383 33.131 34
      vertex 19.5467 32.7938 26.5
      vertex 21.0383 33.131 26.5
    endloop
  endfacet
  facet normal 0.285211 -0.958465 0
    outer loop
      vertex 18.0936 32.3614 26.5
      vertex 19.5467 32.7938 34
      vertex 18.0936 32.3614 34
    endloop
  endfacet
  facet normal 0.285211 -0.958465 0
    outer loop
      vertex 19.5467 32.7938 34
      vertex 18.0936 32.3614 26.5
      vertex 19.5467 32.7938 26.5
    endloop
  endfacet
  facet normal 0.347702 -0.937605 0
    outer loop
      vertex 16.6841 31.8387 26.5
      vertex 18.0936 32.3614 34
      vertex 16.6841 31.8387 34
    endloop
  endfacet
  facet normal 0.347702 -0.937605 0
    outer loop
      vertex 18.0936 32.3614 34
      vertex 16.6841 31.8387 26.5
      vertex 18.0936 32.3614 26.5
    endloop
  endfacet
  facet normal 0.407913 -0.913021 0
    outer loop
      vertex 15.3239 31.231 26.5
      vertex 16.6841 31.8387 34
      vertex 15.3239 31.231 34
    endloop
  endfacet
  facet normal 0.407913 -0.913021 0
    outer loop
      vertex 16.6841 31.8387 34
      vertex 15.3239 31.231 26.5
      vertex 16.6841 31.8387 26.5
    endloop
  endfacet
  facet normal 0.465302 -0.885152 0
    outer loop
      vertex 14.0172 30.5441 26.5
      vertex 15.3239 31.231 34
      vertex 14.0172 30.5441 34
    endloop
  endfacet
  facet normal 0.465302 -0.885152 0
    outer loop
      vertex 15.3239 31.231 34
      vertex 14.0172 30.5441 26.5
      vertex 15.3239 31.231 26.5
    endloop
  endfacet
  facet normal 0.51953 -0.854452 0
    outer loop
      vertex 12.7689 29.7851 26.5
      vertex 14.0172 30.5441 34
      vertex 12.7689 29.7851 34
    endloop
  endfacet
  facet normal 0.51953 -0.854452 0
    outer loop
      vertex 14.0172 30.5441 34
      vertex 12.7689 29.7851 26.5
      vertex 14.0172 30.5441 26.5
    endloop
  endfacet
  facet normal 0.570452 -0.821331 0
    outer loop
      vertex 11.5828 28.9613 26.5
      vertex 12.7689 29.7851 34
      vertex 11.5828 28.9613 34
    endloop
  endfacet
  facet normal 0.570452 -0.821331 0
    outer loop
      vertex 12.7689 29.7851 34
      vertex 11.5828 28.9613 26.5
      vertex 12.7689 29.7851 26.5
    endloop
  endfacet
  facet normal 0.618054 -0.786136 0
    outer loop
      vertex 10.4617 28.0799 26.5
      vertex 11.5828 28.9613 34
      vertex 10.4617 28.0799 34
    endloop
  endfacet
  facet normal 0.618054 -0.786136 0
    outer loop
      vertex 11.5828 28.9613 34
      vertex 10.4617 28.0799 26.5
      vertex 11.5828 28.9613 26.5
    endloop
  endfacet
  facet normal 0.661924 -0.749571 0
    outer loop
      vertex 9.40901 27.1503 26.5
      vertex 10.4617 28.0799 34
      vertex 9.40901 27.1503 34
    endloop
  endfacet
  facet normal 0.661924 -0.749571 0
    outer loop
      vertex 10.4617 28.0799 34
      vertex 9.40901 27.1503 26.5
      vertex 10.4617 28.0799 26.5
    endloop
  endfacet
  facet normal 0.702519 -0.711665 0
    outer loop
      vertex 8.42709 26.181 26.5
      vertex 9.40901 27.1503 34
      vertex 8.42709 26.181 34
    endloop
  endfacet
  facet normal 0.702519 -0.711665 0
    outer loop
      vertex 9.40901 27.1503 34
      vertex 8.42709 26.181 26.5
      vertex 9.40901 27.1503 26.5
    endloop
  endfacet
  facet normal 0.7395 -0.673156 0
    outer loop
      vertex 7.51726 25.1815 34
      vertex 8.42709 26.181 26.5
      vertex 8.42709 26.181 34
    endloop
  endfacet
  facet normal 0.7395 -0.673156 0
    outer loop
      vertex 8.42709 26.181 26.5
      vertex 7.51726 25.1815 34
      vertex 7.51726 25.1815 26.5
    endloop
  endfacet
  facet normal 0.773311 -0.634027 0
    outer loop
      vertex 6.68114 24.1617 34
      vertex 7.51726 25.1815 26.5
      vertex 7.51726 25.1815 34
    endloop
  endfacet
  facet normal 0.773311 -0.634027 0
    outer loop
      vertex 7.51726 25.1815 26.5
      vertex 6.68114 24.1617 34
      vertex 6.68114 24.1617 26.5
    endloop
  endfacet
  facet normal 0.803877 -0.594796 0
    outer loop
      vertex 5.91896 23.1316 34
      vertex 6.68114 24.1617 26.5
      vertex 6.68114 24.1617 34
    endloop
  endfacet
  facet normal 0.803877 -0.594796 0
    outer loop
      vertex 6.68114 24.1617 26.5
      vertex 5.91896 23.1316 34
      vertex 5.91896 23.1316 26.5
    endloop
  endfacet
  facet normal 0.831472 -0.555566 0
    outer loop
      vertex 5.23061 22.1014 34
      vertex 5.91896 23.1316 26.5
      vertex 5.91896 23.1316 34
    endloop
  endfacet
  facet normal 0.831472 -0.555566 0
    outer loop
      vertex 5.91896 23.1316 26.5
      vertex 5.23061 22.1014 34
      vertex 5.23061 22.1014 26.5
    endloop
  endfacet
  facet normal 0.856279 -0.516513 0
    outer loop
      vertex 4.61546 21.0816 34
      vertex 5.23061 22.1014 26.5
      vertex 5.23061 22.1014 34
    endloop
  endfacet
  facet normal 0.856279 -0.516513 0
    outer loop
      vertex 5.23061 22.1014 26.5
      vertex 4.61546 21.0816 34
      vertex 4.61546 21.0816 26.5
    endloop
  endfacet
  facet normal 0.878445 -0.477844 0
    outer loop
      vertex 4.07182 20.0822 34
      vertex 4.61546 21.0816 26.5
      vertex 4.61546 21.0816 34
    endloop
  endfacet
  facet normal 0.878445 -0.477844 0
    outer loop
      vertex 4.61546 21.0816 26.5
      vertex 4.07182 20.0822 34
      vertex 4.07182 20.0822 26.5
    endloop
  endfacet
  facet normal 0.898229 -0.439528 0
    outer loop
      vertex 3.59776 19.1134 34
      vertex 4.07182 20.0822 26.5
      vertex 4.07182 20.0822 34
    endloop
  endfacet
  facet normal 0.898229 -0.439528 0
    outer loop
      vertex 4.07182 20.0822 26.5
      vertex 3.59776 19.1134 34
      vertex 3.59776 19.1134 26.5
    endloop
  endfacet
  facet normal 0.915725 -0.401807 0
    outer loop
      vertex 3.19026 18.1847 34
      vertex 3.59776 19.1134 26.5
      vertex 3.59776 19.1134 34
    endloop
  endfacet
  facet normal 0.915725 -0.401807 0
    outer loop
      vertex 3.59776 19.1134 26.5
      vertex 3.19026 18.1847 34
      vertex 3.19026 18.1847 26.5
    endloop
  endfacet
  facet normal 0.93119 -0.364534 0
    outer loop
      vertex 2.84647 17.3065 34
      vertex 3.19026 18.1847 26.5
      vertex 3.19026 18.1847 34
    endloop
  endfacet
  facet normal 0.93119 -0.364534 0
    outer loop
      vertex 3.19026 18.1847 26.5
      vertex 2.84647 17.3065 34
      vertex 2.84647 17.3065 26.5
    endloop
  endfacet
  facet normal 0.944709 -0.327909 0
    outer loop
      vertex 2.56216 16.4874 34
      vertex 2.84647 17.3065 26.5
      vertex 2.84647 17.3065 34
    endloop
  endfacet
  facet normal 0.944709 -0.327909 0
    outer loop
      vertex 2.84647 17.3065 26.5
      vertex 2.56216 16.4874 34
      vertex 2.56216 16.4874 26.5
    endloop
  endfacet
  facet normal 0.956482 -0.291792 0
    outer loop
      vertex 2.33281 15.7356 34
      vertex 2.56216 16.4874 26.5
      vertex 2.56216 16.4874 34
    endloop
  endfacet
  facet normal 0.956482 -0.291792 0
    outer loop
      vertex 2.56216 16.4874 26.5
      vertex 2.33281 15.7356 34
      vertex 2.33281 15.7356 26.5
    endloop
  endfacet
  facet normal 0.966637 -0.256149 0
    outer loop
      vertex 2.15373 15.0598 34
      vertex 2.33281 15.7356 26.5
      vertex 2.33281 15.7356 34
    endloop
  endfacet
  facet normal 0.966637 -0.256149 0
    outer loop
      vertex 2.33281 15.7356 26.5
      vertex 2.15373 15.0598 34
      vertex 2.15373 15.0598 26.5
    endloop
  endfacet
  facet normal 0.975265 -0.22104 0
    outer loop
      vertex 2.01917 14.4661 34
      vertex 2.15373 15.0598 26.5
      vertex 2.15373 15.0598 34
    endloop
  endfacet
  facet normal 0.975265 -0.22104 0
    outer loop
      vertex 2.15373 15.0598 26.5
      vertex 2.01917 14.4661 34
      vertex 2.01917 14.4661 26.5
    endloop
  endfacet
  facet normal 0.982472 -0.186413 0
    outer loop
      vertex 1.92339 13.9613 34
      vertex 2.01917 14.4661 26.5
      vertex 2.01917 14.4661 34
    endloop
  endfacet
  facet normal 0.982472 -0.186413 0
    outer loop
      vertex 2.01917 14.4661 26.5
      vertex 1.92339 13.9613 34
      vertex 1.92339 13.9613 26.5
    endloop
  endfacet
  facet normal 0.988345 -0.152228 0
    outer loop
      vertex 1.86041 13.5524 34
      vertex 1.92339 13.9613 26.5
      vertex 1.92339 13.9613 34
    endloop
  endfacet
  facet normal 0.988345 -0.152228 0
    outer loop
      vertex 1.92339 13.9613 26.5
      vertex 1.86041 13.5524 34
      vertex 1.86041 13.5524 26.5
    endloop
  endfacet
  facet normal 0.992974 -0.118333 0
    outer loop
      vertex 1.82336 13.2415 34
      vertex 1.86041 13.5524 26.5
      vertex 1.86041 13.5524 34
    endloop
  endfacet
  facet normal 0.992974 -0.118333 0
    outer loop
      vertex 1.86041 13.5524 26.5
      vertex 1.82336 13.2415 34
      vertex 1.82336 13.2415 26.5
    endloop
  endfacet
  facet normal 0.996385 -0.0849534 0
    outer loop
      vertex 1.8056 13.0332 34
      vertex 1.82336 13.2415 26.5
      vertex 1.82336 13.2415 34
    endloop
  endfacet
  facet normal 0.996385 -0.0849534 0
    outer loop
      vertex 1.82336 13.2415 26.5
      vertex 1.8056 13.0332 34
      vertex 1.8056 13.0332 26.5
    endloop
  endfacet
  facet normal 0.998643 -0.0520864 0
    outer loop
      vertex 1.80016 12.9289 34
      vertex 1.8056 13.0332 26.5
      vertex 1.8056 13.0332 34
    endloop
  endfacet
  facet normal 0.998643 -0.0520864 0
    outer loop
      vertex 1.8056 13.0332 26.5
      vertex 1.80016 12.9289 34
      vertex 1.80016 12.9289 26.5
    endloop
  endfacet
  facet normal 0.999768 -0.0215563 0
    outer loop
      vertex 1.79958 12.902 34
      vertex 1.80016 12.9289 26.5
      vertex 1.80016 12.9289 34
    endloop
  endfacet
  facet normal 0.999768 -0.0215563 0
    outer loop
      vertex 1.80016 12.9289 26.5
      vertex 1.79958 12.902 34
      vertex 1.79958 12.902 26.5
    endloop
  endfacet
  facet normal 0.999023 -0.0441947 0
    outer loop
      vertex 1.79601 12.8213 34
      vertex 1.79958 12.902 26.5
      vertex 1.79958 12.902 34
    endloop
  endfacet
  facet normal 0.999023 -0.0441947 0
    outer loop
      vertex 1.79958 12.902 26.5
      vertex 1.79601 12.8213 34
      vertex 1.79601 12.8213 26.5
    endloop
  endfacet
  facet normal 0.996025 -0.0890724 0
    outer loop
      vertex 1.78882 12.7409 34
      vertex 1.79601 12.8213 26.5
      vertex 1.79601 12.8213 34
    endloop
  endfacet
  facet normal 0.996025 -0.0890724 0
    outer loop
      vertex 1.79601 12.8213 26.5
      vertex 1.78882 12.7409 34
      vertex 1.78882 12.7409 26.5
    endloop
  endfacet
  facet normal 0.991049 -0.133501 0
    outer loop
      vertex 1.77803 12.6608 34
      vertex 1.78882 12.7409 26.5
      vertex 1.78882 12.7409 34
    endloop
  endfacet
  facet normal 0.991049 -0.133501 0
    outer loop
      vertex 1.78882 12.7409 26.5
      vertex 1.77803 12.6608 34
      vertex 1.77803 12.6608 26.5
    endloop
  endfacet
  facet normal 0.984075 -0.177752 0
    outer loop
      vertex 1.76367 12.5813 34
      vertex 1.77803 12.6608 26.5
      vertex 1.77803 12.6608 34
    endloop
  endfacet
  facet normal 0.984075 -0.177752 0
    outer loop
      vertex 1.77803 12.6608 26.5
      vertex 1.76367 12.5813 34
      vertex 1.76367 12.5813 26.5
    endloop
  endfacet
  facet normal 0.975016 -0.222135 0
    outer loop
      vertex 1.74574 12.5026 34
      vertex 1.76367 12.5813 26.5
      vertex 1.76367 12.5813 34
    endloop
  endfacet
  facet normal 0.975016 -0.222135 0
    outer loop
      vertex 1.76367 12.5813 26.5
      vertex 1.74574 12.5026 34
      vertex 1.74574 12.5026 26.5
    endloop
  endfacet
  facet normal 0.96415 -0.265358 0
    outer loop
      vertex 1.7243 12.4247 34
      vertex 1.74574 12.5026 26.5
      vertex 1.74574 12.5026 34
    endloop
  endfacet
  facet normal 0.96415 -0.265358 0
    outer loop
      vertex 1.74574 12.5026 26.5
      vertex 1.7243 12.4247 34
      vertex 1.7243 12.4247 26.5
    endloop
  endfacet
  facet normal 0.95137 -0.308051 0
    outer loop
      vertex 1.6994 12.3478 34
      vertex 1.7243 12.4247 26.5
      vertex 1.7243 12.4247 34
    endloop
  endfacet
  facet normal 0.95137 -0.308051 0
    outer loop
      vertex 1.7243 12.4247 26.5
      vertex 1.6994 12.3478 34
      vertex 1.6994 12.3478 26.5
    endloop
  endfacet
  facet normal 0.936411 -0.350906 0
    outer loop
      vertex 1.67107 12.2722 34
      vertex 1.6994 12.3478 26.5
      vertex 1.6994 12.3478 34
    endloop
  endfacet
  facet normal 0.936411 -0.350906 0
    outer loop
      vertex 1.6994 12.3478 26.5
      vertex 1.67107 12.2722 34
      vertex 1.67107 12.2722 26.5
    endloop
  endfacet
  facet normal 0.919784 -0.392425 0
    outer loop
      vertex 1.63937 12.1979 34
      vertex 1.67107 12.2722 26.5
      vertex 1.67107 12.2722 34
    endloop
  endfacet
  facet normal 0.919784 -0.392425 0
    outer loop
      vertex 1.67107 12.2722 26.5
      vertex 1.63937 12.1979 34
      vertex 1.63937 12.1979 26.5
    endloop
  endfacet
  facet normal 0.901252 -0.433294 0
    outer loop
      vertex 1.60437 12.1251 34
      vertex 1.63937 12.1979 26.5
      vertex 1.63937 12.1979 34
    endloop
  endfacet
  facet normal 0.901252 -0.433294 0
    outer loop
      vertex 1.63937 12.1979 26.5
      vertex 1.60437 12.1251 34
      vertex 1.60437 12.1251 26.5
    endloop
  endfacet
  facet normal 0.881082 -0.472963 0
    outer loop
      vertex 1.56615 12.0539 34
      vertex 1.60437 12.1251 26.5
      vertex 1.60437 12.1251 34
    endloop
  endfacet
  facet normal 0.881082 -0.472963 0
    outer loop
      vertex 1.60437 12.1251 26.5
      vertex 1.56615 12.0539 34
      vertex 1.56615 12.0539 26.5
    endloop
  endfacet
  facet normal 0.858584 -0.512673 0
    outer loop
      vertex 1.52477 11.9846 34
      vertex 1.56615 12.0539 26.5
      vertex 1.56615 12.0539 34
    endloop
  endfacet
  facet normal 0.858584 -0.512673 0
    outer loop
      vertex 1.56615 12.0539 26.5
      vertex 1.52477 11.9846 34
      vertex 1.52477 11.9846 26.5
    endloop
  endfacet
  facet normal 0.835178 -0.54998 0
    outer loop
      vertex 1.48032 11.9171 34
      vertex 1.52477 11.9846 26.5
      vertex 1.52477 11.9846 34
    endloop
  endfacet
  facet normal 0.835178 -0.54998 0
    outer loop
      vertex 1.52477 11.9846 26.5
      vertex 1.48032 11.9171 34
      vertex 1.48032 11.9171 26.5
    endloop
  endfacet
  facet normal 0.809463 -0.58717 0
    outer loop
      vertex 1.43288 11.8517 34
      vertex 1.48032 11.9171 26.5
      vertex 1.48032 11.9171 34
    endloop
  endfacet
  facet normal 0.809463 -0.58717 0
    outer loop
      vertex 1.48032 11.9171 26.5
      vertex 1.43288 11.8517 34
      vertex 1.43288 11.8517 26.5
    endloop
  endfacet
  facet normal 0.782256 -0.622958 0
    outer loop
      vertex 1.38255 11.7885 34
      vertex 1.43288 11.8517 26.5
      vertex 1.43288 11.8517 34
    endloop
  endfacet
  facet normal 0.782256 -0.622958 0
    outer loop
      vertex 1.43288 11.8517 26.5
      vertex 1.38255 11.7885 34
      vertex 1.38255 11.7885 26.5
    endloop
  endfacet
  facet normal 0.75319 -0.657803 0
    outer loop
      vertex 1.32945 11.7277 34
      vertex 1.38255 11.7885 26.5
      vertex 1.38255 11.7885 34
    endloop
  endfacet
  facet normal 0.75319 -0.657803 0
    outer loop
      vertex 1.38255 11.7885 26.5
      vertex 1.32945 11.7277 34
      vertex 1.32945 11.7277 26.5
    endloop
  endfacet
  facet normal 0.723142 -0.6907 0
    outer loop
      vertex 1.27367 11.6693 34
      vertex 1.32945 11.7277 26.5
      vertex 1.32945 11.7277 34
    endloop
  endfacet
  facet normal 0.723142 -0.6907 0
    outer loop
      vertex 1.32945 11.7277 26.5
      vertex 1.27367 11.6693 34
      vertex 1.27367 11.6693 26.5
    endloop
  endfacet
  facet normal 0.691846 -0.722045 0
    outer loop
      vertex 1.21533 11.6134 26.5
      vertex 1.27367 11.6693 34
      vertex 1.21533 11.6134 34
    endloop
  endfacet
  facet normal 0.691846 -0.722045 0
    outer loop
      vertex 1.27367 11.6693 34
      vertex 1.21533 11.6134 26.5
      vertex 1.27367 11.6693 26.5
    endloop
  endfacet
  facet normal 0.658505 -0.752577 0
    outer loop
      vertex 1.15453 11.5602 26.5
      vertex 1.21533 11.6134 34
      vertex 1.15453 11.5602 34
    endloop
  endfacet
  facet normal 0.658505 -0.752577 0
    outer loop
      vertex 1.21533 11.6134 34
      vertex 1.15453 11.5602 26.5
      vertex 1.21533 11.6134 26.5
    endloop
  endfacet
  facet normal 0.62403 -0.7814 0
    outer loop
      vertex 1.09142 11.5098 26.5
      vertex 1.15453 11.5602 34
      vertex 1.09142 11.5098 34
    endloop
  endfacet
  facet normal 0.62403 -0.7814 0
    outer loop
      vertex 1.15453 11.5602 34
      vertex 1.09142 11.5098 26.5
      vertex 1.15453 11.5602 26.5
    endloop
  endfacet
  facet normal 0.588069 -0.808811 0
    outer loop
      vertex 1.02609 11.4623 26.5
      vertex 1.09142 11.5098 34
      vertex 1.02609 11.4623 34
    endloop
  endfacet
  facet normal 0.588069 -0.808811 0
    outer loop
      vertex 1.09142 11.5098 34
      vertex 1.02609 11.4623 26.5
      vertex 1.09142 11.5098 26.5
    endloop
  endfacet
  facet normal 0.551955 -0.833874 0
    outer loop
      vertex 0.95871 11.4177 26.5
      vertex 1.02609 11.4623 34
      vertex 0.95871 11.4177 34
    endloop
  endfacet
  facet normal 0.551955 -0.833874 0
    outer loop
      vertex 1.02609 11.4623 34
      vertex 0.95871 11.4177 26.5
      vertex 1.02609 11.4623 26.5
    endloop
  endfacet
  facet normal 0.513735 -0.857949 0
    outer loop
      vertex 0.889404 11.3762 26.5
      vertex 0.95871 11.4177 34
      vertex 0.889404 11.3762 34
    endloop
  endfacet
  facet normal 0.513735 -0.857949 0
    outer loop
      vertex 0.95871 11.4177 34
      vertex 0.889404 11.3762 26.5
      vertex 0.95871 11.4177 26.5
    endloop
  endfacet
  facet normal 0.474216 -0.880408 0
    outer loop
      vertex 0.818298 11.3379 26.5
      vertex 0.889404 11.3762 34
      vertex 0.818298 11.3379 34
    endloop
  endfacet
  facet normal 0.474216 -0.880408 0
    outer loop
      vertex 0.889404 11.3762 34
      vertex 0.818298 11.3379 26.5
      vertex 0.889404 11.3762 26.5
    endloop
  endfacet
  facet normal 0.434522 -0.900661 0
    outer loop
      vertex 0.745544 11.3028 26.5
      vertex 0.818298 11.3379 34
      vertex 0.745544 11.3028 34
    endloop
  endfacet
  facet normal 0.434522 -0.900661 0
    outer loop
      vertex 0.818298 11.3379 34
      vertex 0.745544 11.3028 26.5
      vertex 0.818298 11.3379 26.5
    endloop
  endfacet
  facet normal 0.393632 -0.919268 0
    outer loop
      vertex 0.67128 11.271 26.5
      vertex 0.745544 11.3028 34
      vertex 0.67128 11.271 34
    endloop
  endfacet
  facet normal 0.393632 -0.919268 0
    outer loop
      vertex 0.745544 11.3028 34
      vertex 0.67128 11.271 26.5
      vertex 0.745544 11.3028 26.5
    endloop
  endfacet
  facet normal 0.351638 -0.936136 0
    outer loop
      vertex 0.595673 11.2426 26.5
      vertex 0.67128 11.271 34
      vertex 0.595673 11.2426 34
    endloop
  endfacet
  facet normal 0.351638 -0.936136 0
    outer loop
      vertex 0.67128 11.271 34
      vertex 0.595673 11.2426 26.5
      vertex 0.67128 11.271 26.5
    endloop
  endfacet
  facet normal 0.309541 -0.950886 0
    outer loop
      vertex 0.518875 11.2176 26.5
      vertex 0.595673 11.2426 34
      vertex 0.518875 11.2176 34
    endloop
  endfacet
  facet normal 0.309541 -0.950886 0
    outer loop
      vertex 0.595673 11.2426 34
      vertex 0.518875 11.2176 26.5
      vertex 0.595673 11.2426 26.5
    endloop
  endfacet
  facet normal 0.267357 -0.963598 0
    outer loop
      vertex 0.441025 11.196 26.5
      vertex 0.518875 11.2176 34
      vertex 0.441025 11.196 34
    endloop
  endfacet
  facet normal 0.267357 -0.963598 0
    outer loop
      vertex 0.518875 11.2176 34
      vertex 0.441025 11.196 26.5
      vertex 0.518875 11.2176 26.5
    endloop
  endfacet
  facet normal 0.222822 -0.974859 0
    outer loop
      vertex 0.362274 11.178 26.5
      vertex 0.441025 11.196 34
      vertex 0.362274 11.178 34
    endloop
  endfacet
  facet normal 0.222822 -0.974859 0
    outer loop
      vertex 0.441025 11.196 34
      vertex 0.362274 11.178 26.5
      vertex 0.441025 11.196 26.5
    endloop
  endfacet
  facet normal 0.1795 -0.983758 0
    outer loop
      vertex 0.282806 11.1635 26.5
      vertex 0.362274 11.178 34
      vertex 0.282806 11.1635 34
    endloop
  endfacet
  facet normal 0.1795 -0.983758 0
    outer loop
      vertex 0.362274 11.178 34
      vertex 0.282806 11.1635 26.5
      vertex 0.362274 11.178 26.5
    endloop
  endfacet
  facet normal 0.13495 -0.990852 0
    outer loop
      vertex 0.202774 11.1526 26.5
      vertex 0.282806 11.1635 34
      vertex 0.202774 11.1526 34
    endloop
  endfacet
  facet normal 0.13495 -0.990852 0
    outer loop
      vertex 0.282806 11.1635 34
      vertex 0.202774 11.1526 26.5
      vertex 0.282806 11.1635 26.5
    endloop
  endfacet
  facet normal 0.090375 -0.995908 0
    outer loop
      vertex 0.12233 11.1453 26.5
      vertex 0.202774 11.1526 34
      vertex 0.12233 11.1453 34
    endloop
  endfacet
  facet normal 0.090375 -0.995908 0
    outer loop
      vertex 0.202774 11.1526 34
      vertex 0.12233 11.1453 26.5
      vertex 0.202774 11.1526 26.5
    endloop
  endfacet
  facet normal 0.0458071 -0.99895 0
    outer loop
      vertex 0.0416412 11.1416 26.5
      vertex 0.12233 11.1453 34
      vertex 0.0416412 11.1416 34
    endloop
  endfacet
  facet normal 0.0458071 -0.99895 0
    outer loop
      vertex 0.12233 11.1453 34
      vertex 0.0416412 11.1416 26.5
      vertex 0.12233 11.1453 26.5
    endloop
  endfacet
  facet normal 0 -1 0
    outer loop
      vertex -0.0391388 11.1416 26.5
      vertex 0.0416412 11.1416 34
      vertex -0.0391388 11.1416 34
    endloop
  endfacet
  facet normal 0 -1 -0
    outer loop
      vertex 0.0416412 11.1416 34
      vertex -0.0391388 11.1416 26.5
      vertex 0.0416412 11.1416 26.5
    endloop
  endfacet
  facet normal -0.044563 -0.999007 0
    outer loop
      vertex -0.119843 11.1452 26.5
      vertex -0.0391388 11.1416 34
      vertex -0.119843 11.1452 34
    endloop
  endfacet
  facet normal -0.044563 -0.999007 -0
    outer loop
      vertex -0.0391388 11.1416 34
      vertex -0.119843 11.1452 26.5
      vertex -0.0391388 11.1416 26.5
    endloop
  endfacet
  facet normal -0.0879021 -0.996129 0
    outer loop
      vertex -0.200302 11.1523 26.5
      vertex -0.119843 11.1452 34
      vertex -0.200302 11.1523 34
    endloop
  endfacet
  facet normal -0.0879021 -0.996129 -0
    outer loop
      vertex -0.119843 11.1452 34
      vertex -0.200302 11.1523 26.5
      vertex -0.119843 11.1452 26.5
    endloop
  endfacet
  facet normal -0.133708 -0.991021 0
    outer loop
      vertex -0.28035 11.1631 26.5
      vertex -0.200302 11.1523 34
      vertex -0.28035 11.1631 34
    endloop
  endfacet
  facet normal -0.133708 -0.991021 -0
    outer loop
      vertex -0.200302 11.1523 34
      vertex -0.28035 11.1631 26.5
      vertex -0.200302 11.1523 26.5
    endloop
  endfacet
  facet normal -0.178236 -0.983988 0
    outer loop
      vertex -0.359848 11.1775 26.5
      vertex -0.28035 11.1631 34
      vertex -0.359848 11.1775 34
    endloop
  endfacet
  facet normal -0.178236 -0.983988 -0
    outer loop
      vertex -0.28035 11.1631 34
      vertex -0.359848 11.1775 26.5
      vertex -0.28035 11.1631 26.5
    endloop
  endfacet
  facet normal -0.221645 -0.975127 0
    outer loop
      vertex -0.438599 11.1954 26.5
      vertex -0.359848 11.1775 34
      vertex -0.438599 11.1954 34
    endloop
  endfacet
  facet normal -0.221645 -0.975127 -0
    outer loop
      vertex -0.359848 11.1775 34
      vertex -0.438599 11.1954 26.5
      vertex -0.359848 11.1775 26.5
    endloop
  endfacet
  facet normal -0.266111 -0.963942 0
    outer loop
      vertex -0.516479 11.2169 26.5
      vertex -0.438599 11.1954 34
      vertex -0.516479 11.2169 34
    endloop
  endfacet
  facet normal -0.266111 -0.963942 -0
    outer loop
      vertex -0.438599 11.1954 34
      vertex -0.516479 11.2169 26.5
      vertex -0.438599 11.1954 26.5
    endloop
  endfacet
  facet normal -0.308254 -0.951304 0
    outer loop
      vertex -0.593323 11.2418 26.5
      vertex -0.516479 11.2169 34
      vertex -0.593323 11.2418 34
    endloop
  endfacet
  facet normal -0.308254 -0.951304 -0
    outer loop
      vertex -0.516479 11.2169 34
      vertex -0.593323 11.2418 26.5
      vertex -0.516479 11.2169 26.5
    endloop
  endfacet
  facet normal -0.350365 -0.936613 0
    outer loop
      vertex -0.668976 11.2701 26.5
      vertex -0.593323 11.2418 34
      vertex -0.668976 11.2701 34
    endloop
  endfacet
  facet normal -0.350365 -0.936613 -0
    outer loop
      vertex -0.593323 11.2418 34
      vertex -0.668976 11.2701 26.5
      vertex -0.593323 11.2418 26.5
    endloop
  endfacet
  facet normal -0.392447 -0.919775 0
    outer loop
      vertex -0.743271 11.3018 26.5
      vertex -0.668976 11.2701 34
      vertex -0.743271 11.3018 34
    endloop
  endfacet
  facet normal -0.392447 -0.919775 -0
    outer loop
      vertex -0.668976 11.2701 34
      vertex -0.743271 11.3018 26.5
      vertex -0.668976 11.2701 26.5
    endloop
  endfacet
  facet normal -0.433294 -0.901252 0
    outer loop
      vertex -0.816071 11.3368 26.5
      vertex -0.743271 11.3018 34
      vertex -0.816071 11.3368 34
    endloop
  endfacet
  facet normal -0.433294 -0.901252 -0
    outer loop
      vertex -0.743271 11.3018 34
      vertex -0.816071 11.3368 26.5
      vertex -0.743271 11.3018 26.5
    endloop
  endfacet
  facet normal -0.472941 -0.881094 0
    outer loop
      vertex -0.887238 11.375 26.5
      vertex -0.816071 11.3368 34
      vertex -0.887238 11.375 34
    endloop
  endfacet
  facet normal -0.472941 -0.881094 -0
    outer loop
      vertex -0.816071 11.3368 34
      vertex -0.887238 11.375 26.5
      vertex -0.816071 11.3368 26.5
    endloop
  endfacet
  facet normal -0.512495 -0.85869 0
    outer loop
      vertex -0.956604 11.4164 26.5
      vertex -0.887238 11.375 34
      vertex -0.956604 11.4164 34
    endloop
  endfacet
  facet normal -0.512495 -0.85869 -0
    outer loop
      vertex -0.887238 11.375 34
      vertex -0.956604 11.4164 26.5
      vertex -0.887238 11.375 26.5
    endloop
  endfacet
  facet normal -0.549855 -0.83526 0
    outer loop
      vertex -1.02405 11.4608 26.5
      vertex -0.956604 11.4164 34
      vertex -1.02405 11.4608 34
    endloop
  endfacet
  facet normal -0.549855 -0.83526 -0
    outer loop
      vertex -0.956604 11.4164 34
      vertex -1.02405 11.4608 26.5
      vertex -0.956604 11.4164 26.5
    endloop
  endfacet
  facet normal -0.587774 -0.809025 0
    outer loop
      vertex -1.08943 11.5083 26.5
      vertex -1.02405 11.4608 34
      vertex -1.08943 11.5083 34
    endloop
  endfacet
  facet normal -0.587774 -0.809025 -0
    outer loop
      vertex -1.02405 11.4608 34
      vertex -1.08943 11.5083 26.5
      vertex -1.02405 11.4608 26.5
    endloop
  endfacet
  facet normal -0.622791 -0.782389 0
    outer loop
      vertex -1.15262 11.5586 26.5
      vertex -1.08943 11.5083 34
      vertex -1.15262 11.5586 34
    endloop
  endfacet
  facet normal -0.622791 -0.782389 -0
    outer loop
      vertex -1.08943 11.5083 34
      vertex -1.15262 11.5586 26.5
      vertex -1.08943 11.5083 26.5
    endloop
  endfacet
  facet normal -0.657373 -0.753565 0
    outer loop
      vertex -1.21349 11.6117 26.5
      vertex -1.15262 11.5586 34
      vertex -1.21349 11.6117 34
    endloop
  endfacet
  facet normal -0.657373 -0.753565 -0
    outer loop
      vertex -1.15262 11.5586 34
      vertex -1.21349 11.6117 26.5
      vertex -1.15262 11.5586 26.5
    endloop
  endfacet
  facet normal -0.690705 -0.723136 0
    outer loop
      vertex -1.27191 11.6675 26.5
      vertex -1.21349 11.6117 34
      vertex -1.27191 11.6675 34
    endloop
  endfacet
  facet normal -0.690705 -0.723136 -0
    outer loop
      vertex -1.21349 11.6117 34
      vertex -1.27191 11.6675 26.5
      vertex -1.21349 11.6117 26.5
    endloop
  endfacet
  facet normal -0.722055 -0.691835 0
    outer loop
      vertex -1.27191 11.6675 26.5
      vertex -1.32777 11.7258 34
      vertex -1.32777 11.7258 26.5
    endloop
  endfacet
  facet normal -0.722055 -0.691835 0
    outer loop
      vertex -1.32777 11.7258 34
      vertex -1.27191 11.6675 26.5
      vertex -1.27191 11.6675 34
    endloop
  endfacet
  facet normal -0.752577 -0.658505 0
    outer loop
      vertex -1.32777 11.7258 26.5
      vertex -1.38097 11.7866 34
      vertex -1.38097 11.7866 26.5
    endloop
  endfacet
  facet normal -0.752577 -0.658505 0
    outer loop
      vertex -1.38097 11.7866 34
      vertex -1.32777 11.7258 26.5
      vertex -1.32777 11.7258 34
    endloop
  endfacet
  facet normal -0.781352 -0.624091 0
    outer loop
      vertex -1.38097 11.7866 26.5
      vertex -1.43137 11.8497 34
      vertex -1.43137 11.8497 26.5
    endloop
  endfacet
  facet normal -0.781352 -0.624091 0
    outer loop
      vertex -1.43137 11.8497 34
      vertex -1.38097 11.7866 26.5
      vertex -1.38097 11.7866 34
    endloop
  endfacet
  facet normal -0.808934 -0.5879 0
    outer loop
      vertex -1.43137 11.8497 26.5
      vertex -1.4789 11.9151 34
      vertex -1.4789 11.9151 26.5
    endloop
  endfacet
  facet normal -0.808934 -0.5879 0
    outer loop
      vertex -1.4789 11.9151 34
      vertex -1.43137 11.8497 26.5
      vertex -1.43137 11.8497 34
    endloop
  endfacet
  facet normal -0.834291 -0.551325 0
    outer loop
      vertex -1.4789 11.9151 26.5
      vertex -1.52344 11.9825 34
      vertex -1.52344 11.9825 26.5
    endloop
  endfacet
  facet normal -0.834291 -0.551325 0
    outer loop
      vertex -1.52344 11.9825 34
      vertex -1.4789 11.9151 26.5
      vertex -1.4789 11.9151 34
    endloop
  endfacet
  facet normal -0.857984 -0.513676 0
    outer loop
      vertex -1.52344 11.9825 26.5
      vertex -1.56493 12.0518 34
      vertex -1.56493 12.0518 26.5
    endloop
  endfacet
  facet normal -0.857984 -0.513676 0
    outer loop
      vertex -1.56493 12.0518 34
      vertex -1.52344 11.9825 26.5
      vertex -1.52344 11.9825 34
    endloop
  endfacet
  facet normal -0.88034 -0.474343 0
    outer loop
      vertex -1.56493 12.0518 26.5
      vertex -1.60324 12.1229 34
      vertex -1.60324 12.1229 26.5
    endloop
  endfacet
  facet normal -0.88034 -0.474343 0
    outer loop
      vertex -1.60324 12.1229 34
      vertex -1.56493 12.0518 26.5
      vertex -1.56493 12.0518 34
    endloop
  endfacet
  facet normal -0.900486 -0.434884 0
    outer loop
      vertex -1.60324 12.1229 26.5
      vertex -1.63835 12.1956 34
      vertex -1.63835 12.1956 26.5
    endloop
  endfacet
  facet normal -0.900486 -0.434884 0
    outer loop
      vertex -1.63835 12.1956 34
      vertex -1.60324 12.1229 26.5
      vertex -1.60324 12.1229 34
    endloop
  endfacet
  facet normal -0.919382 -0.393367 0
    outer loop
      vertex -1.63835 12.1956 26.5
      vertex -1.67014 12.2699 34
      vertex -1.67014 12.2699 26.5
    endloop
  endfacet
  facet normal -0.919382 -0.393367 0
    outer loop
      vertex -1.67014 12.2699 34
      vertex -1.63835 12.1956 26.5
      vertex -1.63835 12.1956 34
    endloop
  endfacet
  facet normal -0.935962 -0.3521 0
    outer loop
      vertex -1.67014 12.2699 26.5
      vertex -1.69858 12.3455 34
      vertex -1.69858 12.3455 26.5
    endloop
  endfacet
  facet normal -0.935962 -0.3521 0
    outer loop
      vertex -1.69858 12.3455 34
      vertex -1.67014 12.2699 26.5
      vertex -1.67014 12.2699 34
    endloop
  endfacet
  facet normal -0.950852 -0.309646 0
    outer loop
      vertex -1.69858 12.3455 26.5
      vertex -1.72359 12.4223 34
      vertex -1.72359 12.4223 26.5
    endloop
  endfacet
  facet normal -0.950852 -0.309646 0
    outer loop
      vertex -1.72359 12.4223 34
      vertex -1.69858 12.3455 26.5
      vertex -1.69858 12.3455 34
    endloop
  endfacet
  facet normal -0.963745 -0.266826 0
    outer loop
      vertex -1.72359 12.4223 26.5
      vertex -1.74513 12.5001 34
      vertex -1.74513 12.5001 26.5
    endloop
  endfacet
  facet normal -0.963745 -0.266826 0
    outer loop
      vertex -1.74513 12.5001 34
      vertex -1.72359 12.4223 26.5
      vertex -1.72359 12.4223 34
    endloop
  endfacet
  facet normal -0.974782 -0.223161 0
    outer loop
      vertex -1.74513 12.5001 26.5
      vertex -1.76317 12.5789 34
      vertex -1.76317 12.5789 26.5
    endloop
  endfacet
  facet normal -0.974782 -0.223161 0
    outer loop
      vertex -1.76317 12.5789 34
      vertex -1.74513 12.5001 26.5
      vertex -1.74513 12.5001 34
    endloop
  endfacet
  facet normal -0.983814 -0.17919 0
    outer loop
      vertex -1.76317 12.5789 26.5
      vertex -1.77765 12.6584 34
      vertex -1.77765 12.6584 26.5
    endloop
  endfacet
  facet normal -0.983814 -0.17919 0
    outer loop
      vertex -1.77765 12.6584 34
      vertex -1.76317 12.5789 26.5
      vertex -1.76317 12.5789 34
    endloop
  endfacet
  facet normal -0.990862 -0.134881 0
    outer loop
      vertex -1.77765 12.6584 26.5
      vertex -1.78854 12.7384 34
      vertex -1.78854 12.7384 26.5
    endloop
  endfacet
  facet normal -0.990862 -0.134881 0
    outer loop
      vertex -1.78854 12.7384 34
      vertex -1.77765 12.6584 26.5
      vertex -1.77765 12.6584 34
    endloop
  endfacet
  facet normal -0.995903 -0.0904241 0
    outer loop
      vertex -1.78854 12.7384 26.5
      vertex -1.79584 12.8188 34
      vertex -1.79584 12.8188 26.5
    endloop
  endfacet
  facet normal -0.995903 -0.0904241 0
    outer loop
      vertex -1.79584 12.8188 34
      vertex -1.78854 12.7384 26.5
      vertex -1.78854 12.7384 34
    endloop
  endfacet
  facet normal -0.998991 -0.0449066 0
    outer loop
      vertex -1.79584 12.8188 26.5
      vertex -1.79958 12.902 34
      vertex -1.79958 12.902 26.5
    endloop
  endfacet
  facet normal -0.998991 -0.0449066 0
    outer loop
      vertex -1.79958 12.902 34
      vertex -1.79584 12.8188 26.5
      vertex -1.79584 12.8188 34
    endloop
  endfacet
  facet normal -0.999768 -0.0215563 0
    outer loop
      vertex -1.79958 12.902 26.5
      vertex -1.80016 12.9289 34
      vertex -1.80016 12.9289 26.5
    endloop
  endfacet
  facet normal -0.999768 -0.0215563 0
    outer loop
      vertex -1.80016 12.9289 34
      vertex -1.79958 12.902 26.5
      vertex -1.79958 12.902 34
    endloop
  endfacet
  facet normal -0.998643 -0.0520864 0
    outer loop
      vertex -1.80016 12.9289 26.5
      vertex -1.8056 13.0332 34
      vertex -1.8056 13.0332 26.5
    endloop
  endfacet
  facet normal -0.998643 -0.0520864 0
    outer loop
      vertex -1.8056 13.0332 34
      vertex -1.80016 12.9289 26.5
      vertex -1.80016 12.9289 34
    endloop
  endfacet
  facet normal -0.996385 -0.0849534 0
    outer loop
      vertex -1.8056 13.0332 26.5
      vertex -1.82336 13.2415 34
      vertex -1.82336 13.2415 26.5
    endloop
  endfacet
  facet normal -0.996385 -0.0849534 0
    outer loop
      vertex -1.82336 13.2415 34
      vertex -1.8056 13.0332 26.5
      vertex -1.8056 13.0332 34
    endloop
  endfacet
  facet normal -0.992974 -0.118333 0
    outer loop
      vertex -1.82336 13.2415 26.5
      vertex -1.86041 13.5524 34
      vertex -1.86041 13.5524 26.5
    endloop
  endfacet
  facet normal -0.992974 -0.118333 0
    outer loop
      vertex -1.86041 13.5524 34
      vertex -1.82336 13.2415 26.5
      vertex -1.82336 13.2415 34
    endloop
  endfacet
  facet normal -0.988345 -0.152228 0
    outer loop
      vertex -1.86041 13.5524 26.5
      vertex -1.92339 13.9613 34
      vertex -1.92339 13.9613 26.5
    endloop
  endfacet
  facet normal -0.988345 -0.152228 0
    outer loop
      vertex -1.92339 13.9613 34
      vertex -1.86041 13.5524 26.5
      vertex -1.86041 13.5524 34
    endloop
  endfacet
  facet normal -0.982472 -0.186413 0
    outer loop
      vertex -1.92339 13.9613 26.5
      vertex -2.01917 14.4661 34
      vertex -2.01917 14.4661 26.5
    endloop
  endfacet
  facet normal -0.982472 -0.186413 0
    outer loop
      vertex -2.01917 14.4661 34
      vertex -1.92339 13.9613 26.5
      vertex -1.92339 13.9613 34
    endloop
  endfacet
  facet normal -0.975265 -0.22104 0
    outer loop
      vertex -2.01917 14.4661 26.5
      vertex -2.15373 15.0598 34
      vertex -2.15373 15.0598 26.5
    endloop
  endfacet
  facet normal -0.975265 -0.22104 0
    outer loop
      vertex -2.15373 15.0598 34
      vertex -2.01917 14.4661 26.5
      vertex -2.01917 14.4661 34
    endloop
  endfacet
  facet normal -0.966637 -0.256149 0
    outer loop
      vertex -2.15373 15.0598 26.5
      vertex -2.33281 15.7356 34
      vertex -2.33281 15.7356 26.5
    endloop
  endfacet
  facet normal -0.966637 -0.256149 0
    outer loop
      vertex -2.33281 15.7356 34
      vertex -2.15373 15.0598 26.5
      vertex -2.15373 15.0598 34
    endloop
  endfacet
  facet normal -0.956482 -0.291792 0
    outer loop
      vertex -2.33281 15.7356 26.5
      vertex -2.56216 16.4874 34
      vertex -2.56216 16.4874 26.5
    endloop
  endfacet
  facet normal -0.956482 -0.291792 0
    outer loop
      vertex -2.56216 16.4874 34
      vertex -2.33281 15.7356 26.5
      vertex -2.33281 15.7356 34
    endloop
  endfacet
  facet normal -0.944709 -0.327909 0
    outer loop
      vertex -2.56216 16.4874 26.5
      vertex -2.84647 17.3065 34
      vertex -2.84647 17.3065 26.5
    endloop
  endfacet
  facet normal -0.944709 -0.327909 0
    outer loop
      vertex -2.84647 17.3065 34
      vertex -2.56216 16.4874 26.5
      vertex -2.56216 16.4874 34
    endloop
  endfacet
  facet normal -0.93119 -0.364534 0
    outer loop
      vertex -2.84647 17.3065 26.5
      vertex -3.19026 18.1847 34
      vertex -3.19026 18.1847 26.5
    endloop
  endfacet
  facet normal -0.93119 -0.364534 0
    outer loop
      vertex -3.19026 18.1847 34
      vertex -2.84647 17.3065 26.5
      vertex -2.84647 17.3065 34
    endloop
  endfacet
  facet normal -0.915725 -0.401807 0
    outer loop
      vertex -3.19026 18.1847 26.5
      vertex -3.59776 19.1134 34
      vertex -3.59776 19.1134 26.5
    endloop
  endfacet
  facet normal -0.915725 -0.401807 0
    outer loop
      vertex -3.59776 19.1134 34
      vertex -3.19026 18.1847 26.5
      vertex -3.19026 18.1847 34
    endloop
  endfacet
  facet normal -0.898229 -0.439528 0
    outer loop
      vertex -3.59776 19.1134 26.5
      vertex -4.07182 20.0822 34
      vertex -4.07182 20.0822 26.5
    endloop
  endfacet
  facet normal -0.898229 -0.439528 0
    outer loop
      vertex -4.07182 20.0822 34
      vertex -3.59776 19.1134 26.5
      vertex -3.59776 19.1134 34
    endloop
  endfacet
  facet normal -0.878445 -0.477844 0
    outer loop
      vertex -4.07182 20.0822 26.5
      vertex -4.61546 21.0816 34
      vertex -4.61546 21.0816 26.5
    endloop
  endfacet
  facet normal -0.878445 -0.477844 0
    outer loop
      vertex -4.61546 21.0816 34
      vertex -4.07182 20.0822 26.5
      vertex -4.07182 20.0822 34
    endloop
  endfacet
  facet normal -0.856279 -0.516513 0
    outer loop
      vertex -4.61546 21.0816 26.5
      vertex -5.23061 22.1014 34
      vertex -5.23061 22.1014 26.5
    endloop
  endfacet
  facet normal -0.856279 -0.516513 0
    outer loop
      vertex -5.23061 22.1014 34
      vertex -4.61546 21.0816 26.5
      vertex -4.61546 21.0816 34
    endloop
  endfacet
  facet normal -0.831472 -0.555566 0
    outer loop
      vertex -5.23061 22.1014 26.5
      vertex -5.91896 23.1316 34
      vertex -5.91896 23.1316 26.5
    endloop
  endfacet
  facet normal -0.831472 -0.555566 0
    outer loop
      vertex -5.91896 23.1316 34
      vertex -5.23061 22.1014 26.5
      vertex -5.23061 22.1014 34
    endloop
  endfacet
  facet normal -0.803877 -0.594796 0
    outer loop
      vertex -5.91896 23.1316 26.5
      vertex -6.68114 24.1617 34
      vertex -6.68114 24.1617 26.5
    endloop
  endfacet
  facet normal -0.803877 -0.594796 0
    outer loop
      vertex -6.68114 24.1617 34
      vertex -5.91896 23.1316 26.5
      vertex -5.91896 23.1316 34
    endloop
  endfacet
  facet normal -0.773311 -0.634027 0
    outer loop
      vertex -6.68114 24.1617 26.5
      vertex -7.51726 25.1815 34
      vertex -7.51726 25.1815 26.5
    endloop
  endfacet
  facet normal -0.773311 -0.634027 0
    outer loop
      vertex -7.51726 25.1815 34
      vertex -6.68114 24.1617 26.5
      vertex -6.68114 24.1617 34
    endloop
  endfacet
  facet normal -0.7395 -0.673156 0
    outer loop
      vertex -7.51726 25.1815 26.5
      vertex -8.42709 26.181 34
      vertex -8.42709 26.181 26.5
    endloop
  endfacet
  facet normal -0.7395 -0.673156 0
    outer loop
      vertex -8.42709 26.181 34
      vertex -7.51726 25.1815 26.5
      vertex -7.51726 25.1815 34
    endloop
  endfacet
  facet normal -0.702519 -0.711665 0
    outer loop
      vertex -9.40901 27.1503 26.5
      vertex -8.42709 26.181 34
      vertex -9.40901 27.1503 34
    endloop
  endfacet
  facet normal -0.702519 -0.711665 -0
    outer loop
      vertex -8.42709 26.181 34
      vertex -9.40901 27.1503 26.5
      vertex -8.42709 26.181 26.5
    endloop
  endfacet
  facet normal -0.661924 -0.749571 0
    outer loop
      vertex -10.4617 28.0799 26.5
      vertex -9.40901 27.1503 34
      vertex -10.4617 28.0799 34
    endloop
  endfacet
  facet normal -0.661924 -0.749571 -0
    outer loop
      vertex -9.40901 27.1503 34
      vertex -10.4617 28.0799 26.5
      vertex -9.40901 27.1503 26.5
    endloop
  endfacet
  facet normal -0.618054 -0.786136 0
    outer loop
      vertex -11.5828 28.9613 26.5
      vertex -10.4617 28.0799 34
      vertex -11.5828 28.9613 34
    endloop
  endfacet
  facet normal -0.618054 -0.786136 -0
    outer loop
      vertex -10.4617 28.0799 34
      vertex -11.5828 28.9613 26.5
      vertex -10.4617 28.0799 26.5
    endloop
  endfacet
  facet normal -0.570452 -0.821331 0
    outer loop
      vertex -12.7689 29.7851 26.5
      vertex -11.5828 28.9613 34
      vertex -12.7689 29.7851 34
    endloop
  endfacet
  facet normal -0.570452 -0.821331 -0
    outer loop
      vertex -11.5828 28.9613 34
      vertex -12.7689 29.7851 26.5
      vertex -11.5828 28.9613 26.5
    endloop
  endfacet
  facet normal -0.51953 -0.854452 0
    outer loop
      vertex -14.0172 30.5441 26.5
      vertex -12.7689 29.7851 34
      vertex -14.0172 30.5441 34
    endloop
  endfacet
  facet normal -0.51953 -0.854452 -0
    outer loop
      vertex -12.7689 29.7851 34
      vertex -14.0172 30.5441 26.5
      vertex -12.7689 29.7851 26.5
    endloop
  endfacet
  facet normal -0.465302 -0.885152 0
    outer loop
      vertex -15.3239 31.231 26.5
      vertex -14.0172 30.5441 34
      vertex -15.3239 31.231 34
    endloop
  endfacet
  facet normal -0.465302 -0.885152 -0
    outer loop
      vertex -14.0172 30.5441 34
      vertex -15.3239 31.231 26.5
      vertex -14.0172 30.5441 26.5
    endloop
  endfacet
  facet normal -0.407913 -0.913021 0
    outer loop
      vertex -16.6841 31.8387 26.5
      vertex -15.3239 31.231 34
      vertex -16.6841 31.8387 34
    endloop
  endfacet
  facet normal -0.407913 -0.913021 -0
    outer loop
      vertex -15.3239 31.231 34
      vertex -16.6841 31.8387 26.5
      vertex -15.3239 31.231 26.5
    endloop
  endfacet
  facet normal -0.347702 -0.937605 0
    outer loop
      vertex -18.0936 32.3614 26.5
      vertex -16.6841 31.8387 34
      vertex -18.0936 32.3614 34
    endloop
  endfacet
  facet normal -0.347702 -0.937605 -0
    outer loop
      vertex -16.6841 31.8387 34
      vertex -18.0936 32.3614 26.5
      vertex -16.6841 31.8387 26.5
    endloop
  endfacet
  facet normal -0.285211 -0.958465 0
    outer loop
      vertex -19.5467 32.7938 26.5
      vertex -18.0936 32.3614 34
      vertex -19.5467 32.7938 34
    endloop
  endfacet
  facet normal -0.285211 -0.958465 -0
    outer loop
      vertex -18.0936 32.3614 34
      vertex -19.5467 32.7938 26.5
      vertex -18.0936 32.3614 26.5
    endloop
  endfacet
  facet normal -0.220502 -0.975387 0
    outer loop
      vertex -21.0383 33.131 26.5
      vertex -19.5467 32.7938 34
      vertex -21.0383 33.131 34
    endloop
  endfacet
  facet normal -0.220502 -0.975387 -0
    outer loop
      vertex -19.5467 32.7938 34
      vertex -21.0383 33.131 26.5
      vertex -19.5467 32.7938 26.5
    endloop
  endfacet
  facet normal -0.154551 -0.987985 0
    outer loop
      vertex -22.5623 33.3694 26.5
      vertex -21.0383 33.131 34
      vertex -22.5623 33.3694 34
    endloop
  endfacet
  facet normal -0.154551 -0.987985 -0
    outer loop
      vertex -21.0383 33.131 34
      vertex -22.5623 33.3694 26.5
      vertex -21.0383 33.131 26.5
    endloop
  endfacet
  facet normal -0.0874005 -0.996173 0
    outer loop
      vertex -24.1124 33.5054 26.5
      vertex -22.5623 33.3694 34
      vertex -24.1124 33.5054 34
    endloop
  endfacet
  facet normal -0.0874005 -0.996173 -0
    outer loop
      vertex -22.5623 33.3694 34
      vertex -24.1124 33.5054 26.5
      vertex -22.5623 33.3694 26.5
    endloop
  endfacet
  facet normal -0.0199412 -0.999801 0
    outer loop
      vertex -25.6817 33.5367 26.5
      vertex -24.1124 33.5054 34
      vertex -25.6817 33.5367 34
    endloop
  endfacet
  facet normal -0.0199412 -0.999801 -0
    outer loop
      vertex -24.1124 33.5054 34
      vertex -25.6817 33.5367 26.5
      vertex -24.1124 33.5054 26.5
    endloop
  endfacet
  facet normal 0.0476101 -0.998866 0
    outer loop
      vertex -27.2636 33.4613 26.5
      vertex -25.6817 33.5367 34
      vertex -27.2636 33.4613 34
    endloop
  endfacet
  facet normal 0.0476101 -0.998866 0
    outer loop
      vertex -25.6817 33.5367 34
      vertex -27.2636 33.4613 26.5
      vertex -25.6817 33.5367 26.5
    endloop
  endfacet
  facet normal 0.114629 -0.993408 0
    outer loop
      vertex -28.8504 33.2782 26.5
      vertex -27.2636 33.4613 34
      vertex -28.8504 33.2782 34
    endloop
  endfacet
  facet normal 0.114629 -0.993408 0
    outer loop
      vertex -27.2636 33.4613 34
      vertex -28.8504 33.2782 26.5
      vertex -27.2636 33.4613 26.5
    endloop
  endfacet
  facet normal 0.180704 -0.983537 0
    outer loop
      vertex -30.4348 32.9871 26.5
      vertex -28.8504 33.2782 34
      vertex -30.4348 32.9871 34
    endloop
  endfacet
  facet normal 0.180704 -0.983537 0
    outer loop
      vertex -28.8504 33.2782 34
      vertex -30.4348 32.9871 26.5
      vertex -28.8504 33.2782 26.5
    endloop
  endfacet
  facet normal 0.245535 -0.969388 0
    outer loop
      vertex -32.0081 32.5886 26.5
      vertex -30.4348 32.9871 34
      vertex -32.0081 32.5886 34
    endloop
  endfacet
  facet normal 0.245535 -0.969388 0
    outer loop
      vertex -30.4348 32.9871 34
      vertex -32.0081 32.5886 26.5
      vertex -30.4348 32.9871 26.5
    endloop
  endfacet
  facet normal 0.308786 -0.951132 0
    outer loop
      vertex -33.563 32.0838 26.5
      vertex -32.0081 32.5886 34
      vertex -33.563 32.0838 34
    endloop
  endfacet
  facet normal 0.308786 -0.951132 0
    outer loop
      vertex -32.0081 32.5886 34
      vertex -33.563 32.0838 26.5
      vertex -32.0081 32.5886 26.5
    endloop
  endfacet
  facet normal 0.37029 -0.928916 0
    outer loop
      vertex -35.091 31.4747 26.5
      vertex -33.563 32.0838 34
      vertex -35.091 31.4747 34
    endloop
  endfacet
  facet normal 0.37029 -0.928916 0
    outer loop
      vertex -33.563 32.0838 34
      vertex -35.091 31.4747 26.5
      vertex -33.563 32.0838 26.5
    endloop
  endfacet
  facet normal 0.429835 -0.902907 0
    outer loop
      vertex -36.5841 30.7639 26.5
      vertex -35.091 31.4747 34
      vertex -36.5841 30.7639 34
    endloop
  endfacet
  facet normal 0.429835 -0.902907 0
    outer loop
      vertex -35.091 31.4747 34
      vertex -36.5841 30.7639 26.5
      vertex -35.091 31.4747 26.5
    endloop
  endfacet
  facet normal 0.48728 -0.873246 0
    outer loop
      vertex -38.033 29.9554 26.5
      vertex -36.5841 30.7639 34
      vertex -38.033 29.9554 34
    endloop
  endfacet
  facet normal 0.48728 -0.873246 0
    outer loop
      vertex -36.5841 30.7639 34
      vertex -38.033 29.9554 26.5
      vertex -36.5841 30.7639 26.5
    endloop
  endfacet
  facet normal 0.542551 -0.840023 0
    outer loop
      vertex -39.4311 29.0524 26.5
      vertex -38.033 29.9554 34
      vertex -39.4311 29.0524 34
    endloop
  endfacet
  facet normal 0.542551 -0.840023 0
    outer loop
      vertex -38.033 29.9554 34
      vertex -39.4311 29.0524 26.5
      vertex -38.033 29.9554 26.5
    endloop
  endfacet
  facet normal 0.595496 -0.803358 0
    outer loop
      vertex -40.7695 28.0603 26.5
      vertex -39.4311 29.0524 34
      vertex -40.7695 28.0603 34
    endloop
  endfacet
  facet normal 0.595496 -0.803358 0
    outer loop
      vertex -39.4311 29.0524 34
      vertex -40.7695 28.0603 26.5
      vertex -39.4311 29.0524 26.5
    endloop
  endfacet
  facet normal 0.646152 -0.763209 0
    outer loop
      vertex -42.0409 26.9839 26.5
      vertex -40.7695 28.0603 34
      vertex -42.0409 26.9839 34
    endloop
  endfacet
  facet normal 0.646152 -0.763209 0
    outer loop
      vertex -40.7695 28.0603 34
      vertex -42.0409 26.9839 26.5
      vertex -40.7695 28.0603 26.5
    endloop
  endfacet
  facet normal 0.694305 -0.719681 0
    outer loop
      vertex -43.2377 25.8293 26.5
      vertex -42.0409 26.9839 34
      vertex -43.2377 25.8293 34
    endloop
  endfacet
  facet normal 0.694305 -0.719681 0
    outer loop
      vertex -42.0409 26.9839 34
      vertex -43.2377 25.8293 26.5
      vertex -42.0409 26.9839 26.5
    endloop
  endfacet
  facet normal 0.739886 -0.672733 0
    outer loop
      vertex -44.3537 24.6019 34
      vertex -43.2377 25.8293 26.5
      vertex -43.2377 25.8293 34
    endloop
  endfacet
  facet normal 0.739886 -0.672733 0
    outer loop
      vertex -43.2377 25.8293 26.5
      vertex -44.3537 24.6019 34
      vertex -44.3537 24.6019 26.5
    endloop
  endfacet
  facet normal 0.782784 -0.622294 0
    outer loop
      vertex -45.382 23.3084 34
      vertex -44.3537 24.6019 26.5
      vertex -44.3537 24.6019 34
    endloop
  endfacet
  facet normal 0.782784 -0.622294 0
    outer loop
      vertex -44.3537 24.6019 26.5
      vertex -45.382 23.3084 34
      vertex -45.382 23.3084 26.5
    endloop
  endfacet
  facet normal 0.822676 -0.568511 0
    outer loop
      vertex -46.3172 21.9551 34
      vertex -45.382 23.3084 26.5
      vertex -45.382 23.3084 34
    endloop
  endfacet
  facet normal 0.822676 -0.568511 0
    outer loop
      vertex -45.382 23.3084 26.5
      vertex -46.3172 21.9551 34
      vertex -46.3172 21.9551 26.5
    endloop
  endfacet
  facet normal 0.859422 -0.511267 0
    outer loop
      vertex -47.1541 20.5483 34
      vertex -46.3172 21.9551 26.5
      vertex -46.3172 21.9551 34
    endloop
  endfacet
  facet normal 0.859422 -0.511267 0
    outer loop
      vertex -46.3172 21.9551 26.5
      vertex -47.1541 20.5483 34
      vertex -47.1541 20.5483 26.5
    endloop
  endfacet
  facet normal 0.892652 -0.450747 0
    outer loop
      vertex -47.8882 19.0945 34
      vertex -47.1541 20.5483 26.5
      vertex -47.1541 20.5483 34
    endloop
  endfacet
  facet normal 0.892652 -0.450747 0
    outer loop
      vertex -47.1541 20.5483 26.5
      vertex -47.8882 19.0945 34
      vertex -47.8882 19.0945 26.5
    endloop
  endfacet
  facet normal 0.922046 -0.38708 0
    outer loop
      vertex -48.5156 17.6 34
      vertex -47.8882 19.0945 26.5
      vertex -47.8882 19.0945 34
    endloop
  endfacet
  facet normal 0.922046 -0.38708 0
    outer loop
      vertex -47.8882 19.0945 26.5
      vertex -48.5156 17.6 34
      vertex -48.5156 17.6 26.5
    endloop
  endfacet
  facet normal 0.947224 -0.320572 0
    outer loop
      vertex -49.0332 16.0706 34
      vertex -48.5156 17.6 26.5
      vertex -48.5156 17.6 34
    endloop
  endfacet
  facet normal 0.947224 -0.320572 0
    outer loop
      vertex -48.5156 17.6 26.5
      vertex -49.0332 16.0706 34
      vertex -49.0332 16.0706 26.5
    endloop
  endfacet
  facet normal 0.967829 -0.251611 0
    outer loop
      vertex -49.4385 14.5116 34
      vertex -49.0332 16.0706 26.5
      vertex -49.0332 16.0706 34
    endloop
  endfacet
  facet normal 0.967829 -0.251611 0
    outer loop
      vertex -49.0332 16.0706 26.5
      vertex -49.4385 14.5116 34
      vertex -49.4385 14.5116 26.5
    endloop
  endfacet
  facet normal 0.983521 -0.180793 0
    outer loop
      vertex -49.7296 12.928 34
      vertex -49.4385 14.5116 26.5
      vertex -49.4385 14.5116 34
    endloop
  endfacet
  facet normal 0.983521 -0.180793 0
    outer loop
      vertex -49.4385 14.5116 26.5
      vertex -49.7296 12.928 34
      vertex -49.7296 12.928 26.5
    endloop
  endfacet
  facet normal 0.994074 -0.108703 0
    outer loop
      vertex -49.9049 11.3249 34
      vertex -49.7296 12.928 26.5
      vertex -49.7296 12.928 34
    endloop
  endfacet
  facet normal 0.994074 -0.108703 0
    outer loop
      vertex -49.7296 12.928 26.5
      vertex -49.9049 11.3249 34
      vertex -49.9049 11.3249 26.5
    endloop
  endfacet
  facet normal 0.999346 -0.0361619 0
    outer loop
      vertex -49.9635 9.70547 34
      vertex -49.9049 11.3249 26.5
      vertex -49.9049 11.3249 34
    endloop
  endfacet
  facet normal 0.999346 -0.0361619 0
    outer loop
      vertex -49.9049 11.3249 26.5
      vertex -49.9635 9.70547 34
      vertex -49.9635 9.70547 26.5
    endloop
  endfacet
  facet normal 0.999353 0.035966 0
    outer loop
      vertex -49.9048 8.07443 34
      vertex -49.9635 9.70547 26.5
      vertex -49.9635 9.70547 34
    endloop
  endfacet
  facet normal 0.999353 0.035966 0
    outer loop
      vertex -49.9635 9.70547 26.5
      vertex -49.9048 8.07443 34
      vertex -49.9048 8.07443 26.5
    endloop
  endfacet
  facet normal 0.994292 0.106696 0
    outer loop
      vertex -49.7288 6.4343 34
      vertex -49.9048 8.07443 26.5
      vertex -49.9048 8.07443 34
    endloop
  endfacet
  facet normal 0.994292 0.106696 0
    outer loop
      vertex -49.9048 8.07443 26.5
      vertex -49.7288 6.4343 34
      vertex -49.7288 6.4343 26.5
    endloop
  endfacet
  facet normal 0.984498 0.175393 0
    outer loop
      vertex -49.4355 4.78798 34
      vertex -49.7288 6.4343 26.5
      vertex -49.7288 6.4343 34
    endloop
  endfacet
  facet normal 0.984498 0.175393 0
    outer loop
      vertex -49.7288 6.4343 26.5
      vertex -49.4355 4.78798 34
      vertex -49.4355 4.78798 26.5
    endloop
  endfacet
  facet normal 0.970542 0.240933 0
    outer loop
      vertex -49.0261 3.13881 34
      vertex -49.4355 4.78798 26.5
      vertex -49.4355 4.78798 34
    endloop
  endfacet
  facet normal 0.970542 0.240933 0
    outer loop
      vertex -49.4355 4.78798 26.5
      vertex -49.0261 3.13881 34
      vertex -49.0261 3.13881 26.5
    endloop
  endfacet
  facet normal 0.952983 0.303025 0
    outer loop
      vertex -48.5014 1.48868 34
      vertex -49.0261 3.13881 26.5
      vertex -49.0261 3.13881 34
    endloop
  endfacet
  facet normal 0.952983 0.303025 0
    outer loop
      vertex -49.0261 3.13881 26.5
      vertex -48.5014 1.48868 34
      vertex -48.5014 1.48868 26.5
    endloop
  endfacet
  facet normal 0.932602 0.360908 0
    outer loop
      vertex -47.8635 -0.159683 34
      vertex -48.5014 1.48868 26.5
      vertex -48.5014 1.48868 34
    endloop
  endfacet
  facet normal 0.932602 0.360908 0
    outer loop
      vertex -48.5014 1.48868 26.5
      vertex -47.8635 -0.159683 34
      vertex -47.8635 -0.159683 26.5
    endloop
  endfacet
  facet normal 0.910101 0.414387 0
    outer loop
      vertex -47.1149 -1.8038 34
      vertex -47.8635 -0.159683 26.5
      vertex -47.8635 -0.159683 34
    endloop
  endfacet
  facet normal 0.910101 0.414387 0
    outer loop
      vertex -47.8635 -0.159683 26.5
      vertex -47.1149 -1.8038 34
      vertex -47.1149 -1.8038 26.5
    endloop
  endfacet
  facet normal 0.88627 0.46317 0
    outer loop
      vertex -46.2586 -3.44232 34
      vertex -47.1149 -1.8038 26.5
      vertex -47.1149 -1.8038 34
    endloop
  endfacet
  facet normal 0.88627 0.46317 0
    outer loop
      vertex -47.1149 -1.8038 26.5
      vertex -46.2586 -3.44232 34
      vertex -46.2586 -3.44232 26.5
    endloop
  endfacet
  facet normal 0.86173 0.507367 0
    outer loop
      vertex -45.2987 -5.07265 34
      vertex -46.2586 -3.44232 26.5
      vertex -46.2586 -3.44232 34
    endloop
  endfacet
  facet normal 0.86173 0.507367 0
    outer loop
      vertex -46.2586 -3.44232 26.5
      vertex -45.2987 -5.07265 34
      vertex -45.2987 -5.07265 26.5
    endloop
  endfacet
  facet normal 0.837151 0.546972 0
    outer loop
      vertex -44.2397 -6.69347 34
      vertex -45.2987 -5.07265 26.5
      vertex -45.2987 -5.07265 34
    endloop
  endfacet
  facet normal 0.837151 0.546972 0
    outer loop
      vertex -45.2987 -5.07265 26.5
      vertex -44.2397 -6.69347 34
      vertex -44.2397 -6.69347 26.5
    endloop
  endfacet
  facet normal 0.813027 0.582227 0
    outer loop
      vertex -43.0868 -8.30339 34
      vertex -44.2397 -6.69347 26.5
      vertex -44.2397 -6.69347 34
    endloop
  endfacet
  facet normal 0.813027 0.582227 0
    outer loop
      vertex -44.2397 -6.69347 26.5
      vertex -43.0868 -8.30339 34
      vertex -43.0868 -8.30339 26.5
    endloop
  endfacet
  facet normal 0.789807 0.613356 0
    outer loop
      vertex -41.8464 -9.90063 34
      vertex -43.0868 -8.30339 26.5
      vertex -43.0868 -8.30339 34
    endloop
  endfacet
  facet normal 0.789807 0.613356 0
    outer loop
      vertex -43.0868 -8.30339 26.5
      vertex -41.8464 -9.90063 34
      vertex -41.8464 -9.90063 26.5
    endloop
  endfacet
  facet normal 0.767822 0.640663 0
    outer loop
      vertex -40.524 -11.4855 34
      vertex -41.8464 -9.90063 26.5
      vertex -41.8464 -9.90063 34
    endloop
  endfacet
  facet normal 0.767822 0.640663 0
    outer loop
      vertex -41.8464 -9.90063 26.5
      vertex -40.524 -11.4855 34
      vertex -40.524 -11.4855 26.5
    endloop
  endfacet
  facet normal 0.747399 0.664376 0
    outer loop
      vertex -39.1276 -13.0564 34
      vertex -40.524 -11.4855 26.5
      vertex -40.524 -11.4855 34
    endloop
  endfacet
  facet normal 0.747399 0.664376 0
    outer loop
      vertex -40.524 -11.4855 26.5
      vertex -39.1276 -13.0564 34
      vertex -39.1276 -13.0564 26.5
    endloop
  endfacet
  facet normal 0.728675 0.684859 0
    outer loop
      vertex -37.6646 -14.613 34
      vertex -39.1276 -13.0564 26.5
      vertex -39.1276 -13.0564 34
    endloop
  endfacet
  facet normal 0.728675 0.684859 0
    outer loop
      vertex -39.1276 -13.0564 26.5
      vertex -37.6646 -14.613 34
      vertex -37.6646 -14.613 26.5
    endloop
  endfacet
  facet normal 0.711819 0.702363 0
    outer loop
      vertex -36.142 -16.1561 34
      vertex -37.6646 -14.613 26.5
      vertex -37.6646 -14.613 34
    endloop
  endfacet
  facet normal 0.711819 0.702363 0
    outer loop
      vertex -37.6646 -14.613 26.5
      vertex -36.142 -16.1561 34
      vertex -36.142 -16.1561 26.5
    endloop
  endfacet
  facet normal 0.696912 0.717156 -0
    outer loop
      vertex -34.5691 -17.6846 26.5
      vertex -36.142 -16.1561 34
      vertex -34.5691 -17.6846 34
    endloop
  endfacet
  facet normal 0.696912 0.717156 0
    outer loop
      vertex -36.142 -16.1561 34
      vertex -34.5691 -17.6846 26.5
      vertex -36.142 -16.1561 26.5
    endloop
  endfacet
  facet normal 0.683985 0.729496 -0
    outer loop
      vertex -32.9534 -19.1995 26.5
      vertex -34.5691 -17.6846 34
      vertex -32.9534 -19.1995 34
    endloop
  endfacet
  facet normal 0.683985 0.729496 0
    outer loop
      vertex -34.5691 -17.6846 34
      vertex -32.9534 -19.1995 26.5
      vertex -34.5691 -17.6846 26.5
    endloop
  endfacet
  facet normal 0.673123 0.73953 -0
    outer loop
      vertex -31.3041 -20.7007 26.5
      vertex -32.9534 -19.1995 34
      vertex -31.3041 -20.7007 34
    endloop
  endfacet
  facet normal 0.673123 0.73953 0
    outer loop
      vertex -32.9534 -19.1995 34
      vertex -31.3041 -20.7007 26.5
      vertex -32.9534 -19.1995 26.5
    endloop
  endfacet
  facet normal 0.664267 0.747495 -0
    outer loop
      vertex -29.6291 -22.1892 26.5
      vertex -31.3041 -20.7007 34
      vertex -29.6291 -22.1892 34
    endloop
  endfacet
  facet normal 0.664267 0.747495 0
    outer loop
      vertex -31.3041 -20.7007 34
      vertex -29.6291 -22.1892 26.5
      vertex -31.3041 -20.7007 26.5
    endloop
  endfacet
  facet normal 0.657368 0.75357 -0
    outer loop
      vertex -27.9379 -23.6645 26.5
      vertex -29.6291 -22.1892 34
      vertex -27.9379 -23.6645 34
    endloop
  endfacet
  facet normal 0.657368 0.75357 0
    outer loop
      vertex -29.6291 -22.1892 34
      vertex -27.9379 -23.6645 26.5
      vertex -29.6291 -22.1892 26.5
    endloop
  endfacet
  facet normal 0.652498 0.757791 -0
    outer loop
      vertex -26.2387 -25.1276 26.5
      vertex -27.9379 -23.6645 34
      vertex -26.2387 -25.1276 34
    endloop
  endfacet
  facet normal 0.652498 0.757791 0
    outer loop
      vertex -27.9379 -23.6645 34
      vertex -26.2387 -25.1276 26.5
      vertex -27.9379 -23.6645 26.5
    endloop
  endfacet
  facet normal 0.649475 0.760383 -0
    outer loop
      vertex -24.5398 -26.5787 26.5
      vertex -26.2387 -25.1276 34
      vertex -24.5398 -26.5787 34
    endloop
  endfacet
  facet normal 0.649475 0.760383 0
    outer loop
      vertex -26.2387 -25.1276 34
      vertex -24.5398 -26.5787 26.5
      vertex -26.2387 -25.1276 26.5
    endloop
  endfacet
  facet normal 0.648317 0.761371 -0
    outer loop
      vertex -22.8474 -28.0198 26.5
      vertex -24.5398 -26.5787 34
      vertex -22.8474 -28.0198 34
    endloop
  endfacet
  facet normal 0.648317 0.761371 0
    outer loop
      vertex -24.5398 -26.5787 34
      vertex -22.8474 -28.0198 26.5
      vertex -24.5398 -26.5787 26.5
    endloop
  endfacet
  facet normal 0.649002 0.760786 -0
    outer loop
      vertex -21.1718 -29.4492 26.5
      vertex -22.8474 -28.0198 34
      vertex -21.1718 -29.4492 34
    endloop
  endfacet
  facet normal 0.649002 0.760786 0
    outer loop
      vertex -22.8474 -28.0198 34
      vertex -21.1718 -29.4492 26.5
      vertex -22.8474 -28.0198 26.5
    endloop
  endfacet
  facet normal 0.651388 0.758745 -0
    outer loop
      vertex -19.5279 -30.8605 26.5
      vertex -21.1718 -29.4492 34
      vertex -19.5279 -30.8605 34
    endloop
  endfacet
  facet normal 0.651388 0.758745 0
    outer loop
      vertex -21.1718 -29.4492 34
      vertex -19.5279 -30.8605 26.5
      vertex -21.1718 -29.4492 26.5
    endloop
  endfacet
  facet normal 0.65335 0.757056 -0
    outer loop
      vertex -19.5206 -30.8668 26.5
      vertex -19.5279 -30.8605 34
      vertex -19.5206 -30.8668 34
    endloop
  endfacet
  facet normal 0.65335 0.757056 0
    outer loop
      vertex -19.5279 -30.8605 34
      vertex -19.5206 -30.8668 26.5
      vertex -19.5279 -30.8605 26.5
    endloop
  endfacet
  facet normal 0.655432 0.755254 -0
    outer loop
      vertex -17.9113 -32.2634 26.5
      vertex -19.5206 -30.8668 34
      vertex -17.9113 -32.2634 34
    endloop
  endfacet
  facet normal 0.655432 0.755254 0
    outer loop
      vertex -19.5206 -30.8668 34
      vertex -17.9113 -32.2634 26.5
      vertex -19.5206 -30.8668 26.5
    endloop
  endfacet
  facet normal 0.657458 0.753491 -0
    outer loop
      vertex -17.9011 -32.2723 26.5
      vertex -17.9113 -32.2634 34
      vertex -17.9011 -32.2723 34
    endloop
  endfacet
  facet normal 0.657458 0.753491 0
    outer loop
      vertex -17.9113 -32.2634 34
      vertex -17.9011 -32.2723 26.5
      vertex -17.9113 -32.2634 26.5
    endloop
  endfacet
  facet normal 0.661069 0.750325 -0
    outer loop
      vertex -16.3333 -33.6536 26.5
      vertex -17.9011 -32.2723 34
      vertex -16.3333 -33.6536 34
    endloop
  endfacet
  facet normal 0.661069 0.750325 0
    outer loop
      vertex -17.9011 -32.2723 34
      vertex -16.3333 -33.6536 26.5
      vertex -17.9011 -32.2723 26.5
    endloop
  endfacet
  facet normal 0.662198 0.749329 -0
    outer loop
      vertex -16.3204 -33.665 26.5
      vertex -16.3333 -33.6536 34
      vertex -16.3204 -33.665 34
    endloop
  endfacet
  facet normal 0.662198 0.749329 0
    outer loop
      vertex -16.3333 -33.6536 34
      vertex -16.3204 -33.665 26.5
      vertex -16.3333 -33.6536 26.5
    endloop
  endfacet
  facet normal 0.668232 0.743953 -0
    outer loop
      vertex -14.8005 -35.0302 26.5
      vertex -16.3204 -33.665 34
      vertex -14.8005 -35.0302 34
    endloop
  endfacet
  facet normal 0.668232 0.743953 0
    outer loop
      vertex -16.3204 -33.665 34
      vertex -14.8005 -35.0302 26.5
      vertex -16.3204 -33.665 26.5
    endloop
  endfacet
  facet normal 0.675291 0.737552 -0
    outer loop
      vertex -14.7851 -35.0443 26.5
      vertex -14.8005 -35.0302 34
      vertex -14.7851 -35.0443 34
    endloop
  endfacet
  facet normal 0.675291 0.737552 0
    outer loop
      vertex -14.8005 -35.0302 34
      vertex -14.7851 -35.0443 26.5
      vertex -14.8005 -35.0302 26.5
    endloop
  endfacet
  facet normal 0.676811 0.736157 -0
    outer loop
      vertex -13.3189 -36.3923 26.5
      vertex -14.7851 -35.0443 34
      vertex -13.3189 -36.3923 34
    endloop
  endfacet
  facet normal 0.676811 0.736157 0
    outer loop
      vertex -14.7851 -35.0443 34
      vertex -13.3189 -36.3923 26.5
      vertex -14.7851 -35.0443 26.5
    endloop
  endfacet
  facet normal 0.680139 0.733084 -0
    outer loop
      vertex -13.3009 -36.409 26.5
      vertex -13.3189 -36.3923 34
      vertex -13.3009 -36.409 34
    endloop
  endfacet
  facet normal 0.680139 0.733084 0
    outer loop
      vertex -13.3189 -36.3923 34
      vertex -13.3009 -36.409 26.5
      vertex -13.3189 -36.3923 26.5
    endloop
  endfacet
  facet normal 0.686804 0.726843 -0
    outer loop
      vertex -11.894 -37.7384 26.5
      vertex -13.3009 -36.409 34
      vertex -11.894 -37.7384 34
    endloop
  endfacet
  facet normal 0.686804 0.726843 0
    outer loop
      vertex -13.3009 -36.409 34
      vertex -11.894 -37.7384 26.5
      vertex -13.3009 -36.409 26.5
    endloop
  endfacet
  facet normal 0.690816 0.72303 -0
    outer loop
      vertex -11.8738 -37.7577 26.5
      vertex -11.894 -37.7384 34
      vertex -11.8738 -37.7577 34
    endloop
  endfacet
  facet normal 0.690816 0.72303 0
    outer loop
      vertex -11.894 -37.7384 34
      vertex -11.8738 -37.7577 26.5
      vertex -11.894 -37.7384 26.5
    endloop
  endfacet
  facet normal 0.697957 0.716139 -0
    outer loop
      vertex -10.5307 -39.0667 26.5
      vertex -11.8738 -37.7577 34
      vertex -10.5307 -39.0667 34
    endloop
  endfacet
  facet normal 0.697957 0.716139 0
    outer loop
      vertex -11.8738 -37.7577 34
      vertex -10.5307 -39.0667 26.5
      vertex -11.8738 -37.7577 26.5
    endloop
  endfacet
  facet normal 0.703914 0.710285 -0
    outer loop
      vertex -10.5084 -39.0888 26.5
      vertex -10.5307 -39.0667 34
      vertex -10.5084 -39.0888 34
    endloop
  endfacet
  facet normal 0.703914 0.710285 0
    outer loop
      vertex -10.5307 -39.0667 34
      vertex -10.5084 -39.0888 26.5
      vertex -10.5307 -39.0667 26.5
    endloop
  endfacet
  facet normal 0.710367 0.703831 0
    outer loop
      vertex -9.23344 -40.3756 34
      vertex -10.5084 -39.0888 26.5
      vertex -10.5084 -39.0888 34
    endloop
  endfacet
  facet normal 0.710367 0.703831 0
    outer loop
      vertex -10.5084 -39.0888 26.5
      vertex -9.23344 -40.3756 34
      vertex -9.23344 -40.3756 26.5
    endloop
  endfacet
  facet normal 0.716866 0.69721 0
    outer loop
      vertex -9.20932 -40.4004 34
      vertex -9.23344 -40.3756 26.5
      vertex -9.23344 -40.3756 34
    endloop
  endfacet
  facet normal 0.716866 0.69721 0
    outer loop
      vertex -9.23344 -40.3756 26.5
      vertex -9.20932 -40.4004 34
      vertex -9.20932 -40.4004 26.5
    endloop
  endfacet
  facet normal 0.723763 0.690049 0
    outer loop
      vertex -8.00601 -41.6625 34
      vertex -9.20932 -40.4004 26.5
      vertex -9.20932 -40.4004 34
    endloop
  endfacet
  facet normal 0.723763 0.690049 0
    outer loop
      vertex -9.20932 -40.4004 26.5
      vertex -8.00601 -41.6625 34
      vertex -8.00601 -41.6625 26.5
    endloop
  endfacet
  facet normal 0.73031 0.683116 0
    outer loop
      vertex -7.9801 -41.6902 34
      vertex -8.00601 -41.6625 26.5
      vertex -8.00601 -41.6625 34
    endloop
  endfacet
  facet normal 0.73031 0.683116 0
    outer loop
      vertex -8.00601 -41.6625 26.5
      vertex -7.9801 -41.6902 34
      vertex -7.9801 -41.6902 26.5
    endloop
  endfacet
  facet normal 0.73817 0.674615 0
    outer loop
      vertex -6.85143 -42.9252 34
      vertex -7.9801 -41.6902 26.5
      vertex -7.9801 -41.6902 34
    endloop
  endfacet
  facet normal 0.73817 0.674615 0
    outer loop
      vertex -7.9801 -41.6902 26.5
      vertex -6.85143 -42.9252 34
      vertex -6.85143 -42.9252 26.5
    endloop
  endfacet
  facet normal 0.745826 0.666141 0
    outer loop
      vertex -6.82401 -42.9559 34
      vertex -6.85143 -42.9252 26.5
      vertex -6.85143 -42.9252 34
    endloop
  endfacet
  facet normal 0.745826 0.666141 0
    outer loop
      vertex -6.85143 -42.9252 26.5
      vertex -6.82401 -42.9559 34
      vertex -6.82401 -42.9559 26.5
    endloop
  endfacet
  facet normal 0.753371 0.657596 0
    outer loop
      vertex -5.7722 -44.1609 34
      vertex -6.82401 -42.9559 26.5
      vertex -6.82401 -42.9559 34
    endloop
  endfacet
  facet normal 0.753371 0.657596 0
    outer loop
      vertex -6.82401 -42.9559 26.5
      vertex -5.7722 -44.1609 34
      vertex -5.7722 -44.1609 26.5
    endloop
  endfacet
  facet normal 0.76166 0.647976 0
    outer loop
      vertex -5.74353 -44.1946 34
      vertex -5.7722 -44.1609 26.5
      vertex -5.7722 -44.1609 34
    endloop
  endfacet
  facet normal 0.76166 0.647976 0
    outer loop
      vertex -5.7722 -44.1609 26.5
      vertex -5.74353 -44.1946 34
      vertex -5.74353 -44.1946 26.5
    endloop
  endfacet
  facet normal 0.769322 0.638861 0
    outer loop
      vertex -4.77011 -45.3668 34
      vertex -5.74353 -44.1946 26.5
      vertex -5.74353 -44.1946 34
    endloop
  endfacet
  facet normal 0.769322 0.638861 0
    outer loop
      vertex -5.74353 -44.1946 26.5
      vertex -4.77011 -45.3668 34
      vertex -4.77011 -45.3668 26.5
    endloop
  endfacet
  facet normal 0.776929 0.629588 0
    outer loop
      vertex -4.74037 -45.4035 34
      vertex -4.77011 -45.3668 26.5
      vertex -4.77011 -45.3668 34
    endloop
  endfacet
  facet normal 0.776929 0.629588 0
    outer loop
      vertex -4.77011 -45.3668 26.5
      vertex -4.74037 -45.4035 34
      vertex -4.74037 -45.4035 26.5
    endloop
  endfacet
  facet normal 0.785841 0.618429 0
    outer loop
      vertex -3.8463 -46.5396 34
      vertex -4.74037 -45.4035 26.5
      vertex -4.74037 -45.4035 34
    endloop
  endfacet
  facet normal 0.785841 0.618429 0
    outer loop
      vertex -4.74037 -45.4035 26.5
      vertex -3.8463 -46.5396 34
      vertex -3.8463 -46.5396 26.5
    endloop
  endfacet
  facet normal 0.794279 0.607554 0
    outer loop
      vertex -3.81578 -46.5795 34
      vertex -3.8463 -46.5396 26.5
      vertex -3.8463 -46.5396 34
    endloop
  endfacet
  facet normal 0.794279 0.607554 0
    outer loop
      vertex -3.8463 -46.5396 26.5
      vertex -3.81578 -46.5795 34
      vertex -3.81578 -46.5795 26.5
    endloop
  endfacet
  facet normal 0.802811 0.596234 0
    outer loop
      vertex -3.00128 -47.6762 34
      vertex -3.81578 -46.5795 26.5
      vertex -3.81578 -46.5795 34
    endloop
  endfacet
  facet normal 0.802811 0.596234 0
    outer loop
      vertex -3.81578 -46.5795 26.5
      vertex -3.00128 -47.6762 34
      vertex -3.00128 -47.6762 26.5
    endloop
  endfacet
  facet normal 0.811106 0.584899 0
    outer loop
      vertex -2.9702 -47.7193 34
      vertex -3.00128 -47.6762 26.5
      vertex -3.00128 -47.6762 34
    endloop
  endfacet
  facet normal 0.811106 0.584899 0
    outer loop
      vertex -3.00128 -47.6762 26.5
      vertex -2.9702 -47.7193 34
      vertex -2.9702 -47.7193 26.5
    endloop
  endfacet
  facet normal 0.820079 0.57225 0
    outer loop
      vertex -2.23479 -48.7732 34
      vertex -2.9702 -47.7193 26.5
      vertex -2.9702 -47.7193 34
    endloop
  endfacet
  facet normal 0.820079 0.57225 0
    outer loop
      vertex -2.9702 -47.7193 26.5
      vertex -2.23479 -48.7732 34
      vertex -2.23479 -48.7732 26.5
    endloop
  endfacet
  facet normal 0.828391 0.56015 0
    outer loop
      vertex -2.20355 -48.8194 34
      vertex -2.23479 -48.7732 26.5
      vertex -2.23479 -48.7732 34
    endloop
  endfacet
  facet normal 0.828391 0.56015 0
    outer loop
      vertex -2.23479 -48.7732 26.5
      vertex -2.20355 -48.8194 34
      vertex -2.20355 -48.8194 26.5
    endloop
  endfacet
  facet normal 0.837417 0.546565 0
    outer loop
      vertex -1.54604 -49.8268 34
      vertex -2.20355 -48.8194 26.5
      vertex -2.20355 -48.8194 34
    endloop
  endfacet
  facet normal 0.837417 0.546565 0
    outer loop
      vertex -2.20355 -48.8194 26.5
      vertex -1.54604 -49.8268 34
      vertex -1.54604 -49.8268 26.5
    endloop
  endfacet
  facet normal 0.84633 0.53266 0
    outer loop
      vertex -1.51476 -49.8765 34
      vertex -1.54604 -49.8268 26.5
      vertex -1.54604 -49.8268 34
    endloop
  endfacet
  facet normal 0.84633 0.53266 0
    outer loop
      vertex -1.54604 -49.8268 26.5
      vertex -1.51476 -49.8765 34
      vertex -1.51476 -49.8765 26.5
    endloop
  endfacet
  facet normal 0.854784 0.518984 0
    outer loop
      vertex -0.933411 -50.834 34
      vertex -1.51476 -49.8765 26.5
      vertex -1.51476 -49.8765 34
    endloop
  endfacet
  facet normal 0.854784 0.518984 0
    outer loop
      vertex -1.51476 -49.8765 26.5
      vertex -0.933411 -50.834 34
      vertex -0.933411 -50.834 26.5
    endloop
  endfacet
  facet normal 0.863703 0.504001 0
    outer loop
      vertex -0.902542 -50.8869 34
      vertex -0.933411 -50.834 26.5
      vertex -0.933411 -50.834 34
    endloop
  endfacet
  facet normal 0.863703 0.504001 0
    outer loop
      vertex -0.933411 -50.834 26.5
      vertex -0.902542 -50.8869 34
      vertex -0.902542 -50.8869 26.5
    endloop
  endfacet
  facet normal 0.87193 0.489631 0
    outer loop
      vertex -0.394958 -51.7908 34
      vertex -0.902542 -50.8869 26.5
      vertex -0.902542 -50.8869 34
    endloop
  endfacet
  facet normal 0.87193 0.489631 0
    outer loop
      vertex -0.902542 -50.8869 26.5
      vertex -0.394958 -51.7908 34
      vertex -0.394958 -51.7908 26.5
    endloop
  endfacet
  facet normal 0.880234 0.474539 0
    outer loop
      vertex -0.364822 -51.8467 34
      vertex -0.394958 -51.7908 26.5
      vertex -0.394958 -51.7908 34
    endloop
  endfacet
  facet normal 0.880234 0.474539 0
    outer loop
      vertex -0.394958 -51.7908 26.5
      vertex -0.364822 -51.8467 34
      vertex -0.364822 -51.8467 26.5
    endloop
  endfacet
  facet normal 0.888689 0.458511 0
    outer loop
      vertex 0 -52.5538 34
      vertex -0.364822 -51.8467 26.5
      vertex -0.364822 -51.8467 34
    endloop
  endfacet
  facet normal 0.888689 0.458511 0
    outer loop
      vertex -0.364822 -51.8467 26.5
      vertex 0 -52.5538 34
      vertex 0 -52.5538 26.5
    endloop
  endfacet
  facet normal -0.888689 0.458511 0
    outer loop
      vertex 0 -52.5538 26.5
      vertex 0.364822 -51.8467 34
      vertex 0.364822 -51.8467 26.5
    endloop
  endfacet
  facet normal -0.888689 0.458511 0
    outer loop
      vertex 0.364822 -51.8467 34
      vertex 0 -52.5538 26.5
      vertex 0 -52.5538 34
    endloop
  endfacet
endsolid OpenSCAD_Model
