solid OpenSCAD_Model
  facet normal 0 0 -1
    outer loop
      vertex 88.0986 61.4 4.83333
      vertex 87.5307 61.6955 4.83333
      vertex 87.8856 61.5277 4.83333
    endloop
  endfacet
  facet normal 0 0 -1
    outer loop
      vertex 88.0986 61.4 4.83333
      vertex 87.1611 61.8278 4.83333
      vertex 87.5307 61.6955 4.83333
    endloop
  endfacet
  facet normal 0 0 -1
    outer loop
      vertex 88.0986 61.4 4.83333
      vertex 86.7804 61.9231 4.83333
      vertex 87.1611 61.8278 4.83333
    endloop
  endfacet
  facet normal 0 0 -1
    outer loop
      vertex 88.0986 61.4 4.83333
      vertex 86.3921 61.9807 4.83333
      vertex 86.7804 61.9231 4.83333
    endloop
  endfacet
  facet normal 0 0 -1
    outer loop
      vertex 88.0986 61.4 4.83333
      vertex 86 62 4.83333
      vertex 86.3921 61.9807 4.83333
    endloop
  endfacet
  facet normal 0 0 -1
    outer loop
      vertex 6 61.4 4.83333
      vertex 86 62 4.83333
      vertex 88.0986 61.4 4.83333
    endloop
  endfacet
  facet normal -0 0 -1
    outer loop
      vertex 86 62 4.83333
      vertex 6 61.4 4.83333
      vertex 6 62 4.83333
    endloop
  endfacet
  facet normal 0 0 -1
    outer loop
      vertex 87.5307 0.304482 4.83333
      vertex 88.0986 0.599999 4.83333
      vertex 87.8856 0.472315 4.83333
    endloop
  endfacet
  facet normal 0 0 -1
    outer loop
      vertex 87.1611 0.172238 4.83333
      vertex 88.0986 0.599999 4.83333
      vertex 87.5307 0.304482 4.83333
    endloop
  endfacet
  facet normal 0 0 -1
    outer loop
      vertex 86.7804 0.0768585 4.83333
      vertex 88.0986 0.599999 4.83333
      vertex 87.1611 0.172238 4.83333
    endloop
  endfacet
  facet normal 0 0 -1
    outer loop
      vertex 86.3921 0.0192604 4.83333
      vertex 88.0986 0.599999 4.83333
      vertex 86.7804 0.0768585 4.83333
    endloop
  endfacet
  facet normal 0 0 -1
    outer loop
      vertex 86 0 4.83333
      vertex 88.0986 0.599999 4.83333
      vertex 86.3921 0.0192604 4.83333
    endloop
  endfacet
  facet normal 0 0 -1
    outer loop
      vertex 6 0.599999 4.83333
      vertex 86 0 4.83333
      vertex 6 0 4.83333
    endloop
  endfacet
  facet normal 0 0 -1
    outer loop
      vertex 86 0 4.83333
      vertex 6 0.599999 4.83333
      vertex 88.0986 0.599999 4.83333
    endloop
  endfacet
  facet normal 0 0 -1
    outer loop
      vertex 89.4 1.90138 4.83333
      vertex 90 4 4.83333
      vertex 89.9807 3.60793 4.83333
    endloop
  endfacet
  facet normal -0 0 -1
    outer loop
      vertex 90 4 4.83333
      vertex 89.4 1.90138 4.83333
      vertex 90 58 4.83333
    endloop
  endfacet
  facet normal 0 0 -1
    outer loop
      vertex 89.4 1.90138 4.83333
      vertex 89.9807 3.60793 4.83333
      vertex 89.9231 3.21964 4.83333
    endloop
  endfacet
  facet normal 0 0 -1
    outer loop
      vertex 89.4 60.0986 4.83333
      vertex 90 58 4.83333
      vertex 89.4 1.90138 4.83333
    endloop
  endfacet
  facet normal 0 0 -1
    outer loop
      vertex 89.4 1.90138 4.83333
      vertex 89.9231 3.21964 4.83333
      vertex 89.8278 2.83886 4.83333
    endloop
  endfacet
  facet normal 0 0 -1
    outer loop
      vertex 90 58 4.83333
      vertex 89.4 60.0986 4.83333
      vertex 89.9807 58.3921 4.83333
    endloop
  endfacet
  facet normal 0 0 -1
    outer loop
      vertex 89.4 1.90138 4.83333
      vertex 89.8278 2.83886 4.83333
      vertex 89.6955 2.46927 4.83333
    endloop
  endfacet
  facet normal 0 0 -1
    outer loop
      vertex 89.9807 58.3921 4.83333
      vertex 89.4 60.0986 4.83333
      vertex 89.9231 58.7804 4.83333
    endloop
  endfacet
  facet normal 0 0 -1
    outer loop
      vertex 89.4 1.90138 4.83333
      vertex 89.6955 2.46927 4.83333
      vertex 89.5277 2.11441 4.83333
    endloop
  endfacet
  facet normal 0 0 -1
    outer loop
      vertex 89.9231 58.7804 4.83333
      vertex 89.4 60.0986 4.83333
      vertex 89.8278 59.1611 4.83333
    endloop
  endfacet
  facet normal 0 0 -1
    outer loop
      vertex 89.8278 59.1611 4.83333
      vertex 89.4 60.0986 4.83333
      vertex 89.6955 59.5307 4.83333
    endloop
  endfacet
  facet normal 0 0 -1
    outer loop
      vertex 89.6955 59.5307 4.83333
      vertex 89.4 60.0986 4.83333
      vertex 89.5277 59.8856 4.83333
    endloop
  endfacet
  facet normal 0 0 1
    outer loop
      vertex 87.5307 61.6955 4.33333
      vertex 88.0986 61.4 4.33333
      vertex 87.8856 61.5277 4.33333
    endloop
  endfacet
  facet normal 0 0 1
    outer loop
      vertex 87.1611 61.8278 4.33333
      vertex 88.0986 61.4 4.33333
      vertex 87.5307 61.6955 4.33333
    endloop
  endfacet
  facet normal 0 0 1
    outer loop
      vertex 86.7804 61.9231 4.33333
      vertex 88.0986 61.4 4.33333
      vertex 87.1611 61.8278 4.33333
    endloop
  endfacet
  facet normal 0 0 1
    outer loop
      vertex 86.3921 61.9807 4.33333
      vertex 88.0986 61.4 4.33333
      vertex 86.7804 61.9231 4.33333
    endloop
  endfacet
  facet normal 0 0 1
    outer loop
      vertex 86 62 4.33333
      vertex 88.0986 61.4 4.33333
      vertex 86.3921 61.9807 4.33333
    endloop
  endfacet
  facet normal 0 0 1
    outer loop
      vertex 6 61.4 4.33333
      vertex 86 62 4.33333
      vertex 6 62 4.33333
    endloop
  endfacet
  facet normal 0 0 1
    outer loop
      vertex 86 62 4.33333
      vertex 6 61.4 4.33333
      vertex 88.0986 61.4 4.33333
    endloop
  endfacet
  facet normal 0 0 1
    outer loop
      vertex 88.0986 0.599999 4.33333
      vertex 87.5307 0.304482 4.33333
      vertex 87.8856 0.472315 4.33333
    endloop
  endfacet
  facet normal 0 0 1
    outer loop
      vertex 88.0986 0.599999 4.33333
      vertex 87.1611 0.172238 4.33333
      vertex 87.5307 0.304482 4.33333
    endloop
  endfacet
  facet normal 0 0 1
    outer loop
      vertex 88.0986 0.599999 4.33333
      vertex 86.7804 0.0768585 4.33333
      vertex 87.1611 0.172238 4.33333
    endloop
  endfacet
  facet normal 0 0 1
    outer loop
      vertex 88.0986 0.599999 4.33333
      vertex 86.3921 0.0192604 4.33333
      vertex 86.7804 0.0768585 4.33333
    endloop
  endfacet
  facet normal 0 0 1
    outer loop
      vertex 88.0986 0.599999 4.33333
      vertex 86 0 4.33333
      vertex 86.3921 0.0192604 4.33333
    endloop
  endfacet
  facet normal -0 0 1
    outer loop
      vertex 6 0.599999 4.33333
      vertex 86 0 4.33333
      vertex 88.0986 0.599999 4.33333
    endloop
  endfacet
  facet normal 0 0 1
    outer loop
      vertex 86 0 4.33333
      vertex 6 0.599999 4.33333
      vertex 6 0 4.33333
    endloop
  endfacet
  facet normal 0 0 1
    outer loop
      vertex 89.4 60.0986 4.33333
      vertex 90 58 4.33333
      vertex 89.9807 58.3921 4.33333
    endloop
  endfacet
  facet normal 0 0 1
    outer loop
      vertex 90 58 4.33333
      vertex 89.4 60.0986 4.33333
      vertex 90 4 4.33333
    endloop
  endfacet
  facet normal 0 0 1
    outer loop
      vertex 89.4 60.0986 4.33333
      vertex 89.9807 58.3921 4.33333
      vertex 89.9231 58.7804 4.33333
    endloop
  endfacet
  facet normal 0 0 1
    outer loop
      vertex 89.4 1.90138 4.33333
      vertex 90 4 4.33333
      vertex 89.4 60.0986 4.33333
    endloop
  endfacet
  facet normal 0 0 1
    outer loop
      vertex 89.4 60.0986 4.33333
      vertex 89.9231 58.7804 4.33333
      vertex 89.8278 59.1611 4.33333
    endloop
  endfacet
  facet normal 0 0 1
    outer loop
      vertex 90 4 4.33333
      vertex 89.4 1.90138 4.33333
      vertex 89.9807 3.60793 4.33333
    endloop
  endfacet
  facet normal 0 0 1
    outer loop
      vertex 89.4 60.0986 4.33333
      vertex 89.8278 59.1611 4.33333
      vertex 89.6955 59.5307 4.33333
    endloop
  endfacet
  facet normal 0 0 1
    outer loop
      vertex 89.9807 3.60793 4.33333
      vertex 89.4 1.90138 4.33333
      vertex 89.9231 3.21964 4.33333
    endloop
  endfacet
  facet normal 0 0 1
    outer loop
      vertex 89.4 60.0986 4.33333
      vertex 89.6955 59.5307 4.33333
      vertex 89.5277 59.8856 4.33333
    endloop
  endfacet
  facet normal 0 0 1
    outer loop
      vertex 89.9231 3.21964 4.33333
      vertex 89.4 1.90138 4.33333
      vertex 89.8278 2.83886 4.33333
    endloop
  endfacet
  facet normal 0 0 1
    outer loop
      vertex 89.8278 2.83886 4.33333
      vertex 89.4 1.90138 4.33333
      vertex 89.6955 2.46927 4.33333
    endloop
  endfacet
  facet normal 0 0 1
    outer loop
      vertex 89.6955 2.46927 4.33333
      vertex 89.4 1.90138 4.33333
      vertex 89.5277 2.11441 4.33333
    endloop
  endfacet
  facet normal 1 -0 0
    outer loop
      vertex 89.4 1.90138 4.83333
      vertex 89.4 60.0986 4.33333
      vertex 89.4 60.0986 4.83333
    endloop
  endfacet
  facet normal 1 0 0
    outer loop
      vertex 89.4 60.0986 4.33333
      vertex 89.4 1.90138 4.83333
      vertex 89.4 1.90138 4.33333
    endloop
  endfacet
  facet normal 1 -0 0
    outer loop
      vertex 6 0 4.83333
      vertex 6 0.599999 4.33333
      vertex 6 0.599999 4.83333
    endloop
  endfacet
  facet normal 1 0 0
    outer loop
      vertex 6 0.599999 4.33333
      vertex 6 0 4.83333
      vertex 6 0 4.33333
    endloop
  endfacet
  facet normal 0 -1 0
    outer loop
      vertex 6 0.599999 4.33333
      vertex 88.0986 0.599999 4.83333
      vertex 6 0.599999 4.83333
    endloop
  endfacet
  facet normal 0 -1 -0
    outer loop
      vertex 88.0986 0.599999 4.83333
      vertex 6 0.599999 4.33333
      vertex 88.0986 0.599999 4.33333
    endloop
  endfacet
  facet normal 1 -0 0
    outer loop
      vertex 6 61.4 4.83333
      vertex 6 62 4.33333
      vertex 6 62 4.83333
    endloop
  endfacet
  facet normal 1 0 0
    outer loop
      vertex 6 62 4.33333
      vertex 6 61.4 4.83333
      vertex 6 61.4 4.33333
    endloop
  endfacet
  facet normal 0 1 -0
    outer loop
      vertex 88.0986 61.4 4.33333
      vertex 6 61.4 4.83333
      vertex 88.0986 61.4 4.83333
    endloop
  endfacet
  facet normal 0 1 0
    outer loop
      vertex 6 61.4 4.83333
      vertex 88.0986 61.4 4.33333
      vertex 6 61.4 4.33333
    endloop
  endfacet
  facet normal 0 0 -1
    outer loop
      vertex 88.0986 61.4 6.16667
      vertex 87.5307 61.6955 6.16667
      vertex 87.8856 61.5277 6.16667
    endloop
  endfacet
  facet normal 0 0 -1
    outer loop
      vertex 88.0986 61.4 6.16667
      vertex 87.1611 61.8278 6.16667
      vertex 87.5307 61.6955 6.16667
    endloop
  endfacet
  facet normal 0 0 -1
    outer loop
      vertex 88.0986 61.4 6.16667
      vertex 86.7804 61.9231 6.16667
      vertex 87.1611 61.8278 6.16667
    endloop
  endfacet
  facet normal 0 0 -1
    outer loop
      vertex 88.0986 61.4 6.16667
      vertex 86.3921 61.9807 6.16667
      vertex 86.7804 61.9231 6.16667
    endloop
  endfacet
  facet normal 0 0 -1
    outer loop
      vertex 88.0986 61.4 6.16667
      vertex 86 62 6.16667
      vertex 86.3921 61.9807 6.16667
    endloop
  endfacet
  facet normal 0 0 -1
    outer loop
      vertex 6 61.4 6.16667
      vertex 86 62 6.16667
      vertex 88.0986 61.4 6.16667
    endloop
  endfacet
  facet normal -0 0 -1
    outer loop
      vertex 86 62 6.16667
      vertex 6 61.4 6.16667
      vertex 6 62 6.16667
    endloop
  endfacet
  facet normal 0 0 -1
    outer loop
      vertex 87.5307 0.304482 6.16667
      vertex 88.0986 0.599999 6.16667
      vertex 87.8856 0.472315 6.16667
    endloop
  endfacet
  facet normal 0 0 -1
    outer loop
      vertex 87.1611 0.172238 6.16667
      vertex 88.0986 0.599999 6.16667
      vertex 87.5307 0.304482 6.16667
    endloop
  endfacet
  facet normal 0 0 -1
    outer loop
      vertex 86.7804 0.0768585 6.16667
      vertex 88.0986 0.599999 6.16667
      vertex 87.1611 0.172238 6.16667
    endloop
  endfacet
  facet normal 0 0 -1
    outer loop
      vertex 86.3921 0.0192604 6.16667
      vertex 88.0986 0.599999 6.16667
      vertex 86.7804 0.0768585 6.16667
    endloop
  endfacet
  facet normal 0 0 -1
    outer loop
      vertex 86 0 6.16667
      vertex 88.0986 0.599999 6.16667
      vertex 86.3921 0.0192604 6.16667
    endloop
  endfacet
  facet normal 0 0 -1
    outer loop
      vertex 6 0.599999 6.16667
      vertex 86 0 6.16667
      vertex 6 0 6.16667
    endloop
  endfacet
  facet normal 0 0 -1
    outer loop
      vertex 86 0 6.16667
      vertex 6 0.599999 6.16667
      vertex 88.0986 0.599999 6.16667
    endloop
  endfacet
  facet normal 0 0 -1
    outer loop
      vertex 89.4 1.90138 6.16667
      vertex 90 4 6.16667
      vertex 89.9807 3.60793 6.16667
    endloop
  endfacet
  facet normal -0 0 -1
    outer loop
      vertex 90 4 6.16667
      vertex 89.4 1.90138 6.16667
      vertex 90 58 6.16667
    endloop
  endfacet
  facet normal 0 0 -1
    outer loop
      vertex 89.4 1.90138 6.16667
      vertex 89.9807 3.60793 6.16667
      vertex 89.9231 3.21964 6.16667
    endloop
  endfacet
  facet normal 0 0 -1
    outer loop
      vertex 89.4 60.0986 6.16667
      vertex 90 58 6.16667
      vertex 89.4 1.90138 6.16667
    endloop
  endfacet
  facet normal 0 0 -1
    outer loop
      vertex 89.4 1.90138 6.16667
      vertex 89.9231 3.21964 6.16667
      vertex 89.8278 2.83886 6.16667
    endloop
  endfacet
  facet normal 0 0 -1
    outer loop
      vertex 90 58 6.16667
      vertex 89.4 60.0986 6.16667
      vertex 89.9807 58.3921 6.16667
    endloop
  endfacet
  facet normal 0 0 -1
    outer loop
      vertex 89.4 1.90138 6.16667
      vertex 89.8278 2.83886 6.16667
      vertex 89.6955 2.46927 6.16667
    endloop
  endfacet
  facet normal 0 0 -1
    outer loop
      vertex 89.9807 58.3921 6.16667
      vertex 89.4 60.0986 6.16667
      vertex 89.9231 58.7804 6.16667
    endloop
  endfacet
  facet normal 0 0 -1
    outer loop
      vertex 89.4 1.90138 6.16667
      vertex 89.6955 2.46927 6.16667
      vertex 89.5277 2.11441 6.16667
    endloop
  endfacet
  facet normal 0 0 -1
    outer loop
      vertex 89.9231 58.7804 6.16667
      vertex 89.4 60.0986 6.16667
      vertex 89.8278 59.1611 6.16667
    endloop
  endfacet
  facet normal 0 0 -1
    outer loop
      vertex 89.8278 59.1611 6.16667
      vertex 89.4 60.0986 6.16667
      vertex 89.6955 59.5307 6.16667
    endloop
  endfacet
  facet normal 0 0 -1
    outer loop
      vertex 89.6955 59.5307 6.16667
      vertex 89.4 60.0986 6.16667
      vertex 89.5277 59.8856 6.16667
    endloop
  endfacet
  facet normal 0 0 1
    outer loop
      vertex 87.5307 61.6955 5.66667
      vertex 88.0986 61.4 5.66667
      vertex 87.8856 61.5277 5.66667
    endloop
  endfacet
  facet normal 0 0 1
    outer loop
      vertex 87.1611 61.8278 5.66667
      vertex 88.0986 61.4 5.66667
      vertex 87.5307 61.6955 5.66667
    endloop
  endfacet
  facet normal 0 0 1
    outer loop
      vertex 86.7804 61.9231 5.66667
      vertex 88.0986 61.4 5.66667
      vertex 87.1611 61.8278 5.66667
    endloop
  endfacet
  facet normal 0 0 1
    outer loop
      vertex 86.3921 61.9807 5.66667
      vertex 88.0986 61.4 5.66667
      vertex 86.7804 61.9231 5.66667
    endloop
  endfacet
  facet normal 0 0 1
    outer loop
      vertex 86 62 5.66667
      vertex 88.0986 61.4 5.66667
      vertex 86.3921 61.9807 5.66667
    endloop
  endfacet
  facet normal 0 0 1
    outer loop
      vertex 6 61.4 5.66667
      vertex 86 62 5.66667
      vertex 6 62 5.66667
    endloop
  endfacet
  facet normal 0 0 1
    outer loop
      vertex 86 62 5.66667
      vertex 6 61.4 5.66667
      vertex 88.0986 61.4 5.66667
    endloop
  endfacet
  facet normal 0 0 1
    outer loop
      vertex 88.0986 0.599999 5.66667
      vertex 87.5307 0.304482 5.66667
      vertex 87.8856 0.472315 5.66667
    endloop
  endfacet
  facet normal 0 0 1
    outer loop
      vertex 88.0986 0.599999 5.66667
      vertex 87.1611 0.172238 5.66667
      vertex 87.5307 0.304482 5.66667
    endloop
  endfacet
  facet normal 0 0 1
    outer loop
      vertex 88.0986 0.599999 5.66667
      vertex 86.7804 0.0768585 5.66667
      vertex 87.1611 0.172238 5.66667
    endloop
  endfacet
  facet normal 0 0 1
    outer loop
      vertex 88.0986 0.599999 5.66667
      vertex 86.3921 0.0192604 5.66667
      vertex 86.7804 0.0768585 5.66667
    endloop
  endfacet
  facet normal 0 0 1
    outer loop
      vertex 88.0986 0.599999 5.66667
      vertex 86 0 5.66667
      vertex 86.3921 0.0192604 5.66667
    endloop
  endfacet
  facet normal -0 0 1
    outer loop
      vertex 6 0.599999 5.66667
      vertex 86 0 5.66667
      vertex 88.0986 0.599999 5.66667
    endloop
  endfacet
  facet normal 0 0 1
    outer loop
      vertex 86 0 5.66667
      vertex 6 0.599999 5.66667
      vertex 6 0 5.66667
    endloop
  endfacet
  facet normal 0 0 1
    outer loop
      vertex 89.4 60.0986 5.66667
      vertex 90 58 5.66667
      vertex 89.9807 58.3921 5.66667
    endloop
  endfacet
  facet normal 0 0 1
    outer loop
      vertex 90 58 5.66667
      vertex 89.4 60.0986 5.66667
      vertex 90 4 5.66667
    endloop
  endfacet
  facet normal 0 0 1
    outer loop
      vertex 89.4 60.0986 5.66667
      vertex 89.9807 58.3921 5.66667
      vertex 89.9231 58.7804 5.66667
    endloop
  endfacet
  facet normal 0 0 1
    outer loop
      vertex 89.4 1.90138 5.66667
      vertex 90 4 5.66667
      vertex 89.4 60.0986 5.66667
    endloop
  endfacet
  facet normal 0 0 1
    outer loop
      vertex 89.4 60.0986 5.66667
      vertex 89.9231 58.7804 5.66667
      vertex 89.8278 59.1611 5.66667
    endloop
  endfacet
  facet normal 0 0 1
    outer loop
      vertex 90 4 5.66667
      vertex 89.4 1.90138 5.66667
      vertex 89.9807 3.60793 5.66667
    endloop
  endfacet
  facet normal 0 0 1
    outer loop
      vertex 89.4 60.0986 5.66667
      vertex 89.8278 59.1611 5.66667
      vertex 89.6955 59.5307 5.66667
    endloop
  endfacet
  facet normal 0 0 1
    outer loop
      vertex 89.9807 3.60793 5.66667
      vertex 89.4 1.90138 5.66667
      vertex 89.9231 3.21964 5.66667
    endloop
  endfacet
  facet normal 0 0 1
    outer loop
      vertex 89.4 60.0986 5.66667
      vertex 89.6955 59.5307 5.66667
      vertex 89.5277 59.8856 5.66667
    endloop
  endfacet
  facet normal 0 0 1
    outer loop
      vertex 89.9231 3.21964 5.66667
      vertex 89.4 1.90138 5.66667
      vertex 89.8278 2.83886 5.66667
    endloop
  endfacet
  facet normal 0 0 1
    outer loop
      vertex 89.8278 2.83886 5.66667
      vertex 89.4 1.90138 5.66667
      vertex 89.6955 2.46927 5.66667
    endloop
  endfacet
  facet normal 0 0 1
    outer loop
      vertex 89.6955 2.46927 5.66667
      vertex 89.4 1.90138 5.66667
      vertex 89.5277 2.11441 5.66667
    endloop
  endfacet
  facet normal 1 -0 0
    outer loop
      vertex 89.4 1.90138 6.16667
      vertex 89.4 60.0986 5.66667
      vertex 89.4 60.0986 6.16667
    endloop
  endfacet
  facet normal 1 0 0
    outer loop
      vertex 89.4 60.0986 5.66667
      vertex 89.4 1.90138 6.16667
      vertex 89.4 1.90138 5.66667
    endloop
  endfacet
  facet normal 1 -0 0
    outer loop
      vertex 6 0 6.16667
      vertex 6 0.599999 5.66667
      vertex 6 0.599999 6.16667
    endloop
  endfacet
  facet normal 1 0 0
    outer loop
      vertex 6 0.599999 5.66667
      vertex 6 0 6.16667
      vertex 6 0 5.66667
    endloop
  endfacet
  facet normal 0 -1 0
    outer loop
      vertex 6 0.599999 5.66667
      vertex 88.0986 0.599999 6.16667
      vertex 6 0.599999 6.16667
    endloop
  endfacet
  facet normal 0 -1 -0
    outer loop
      vertex 88.0986 0.599999 6.16667
      vertex 6 0.599999 5.66667
      vertex 88.0986 0.599999 5.66667
    endloop
  endfacet
  facet normal 1 -0 0
    outer loop
      vertex 6 61.4 6.16667
      vertex 6 62 5.66667
      vertex 6 62 6.16667
    endloop
  endfacet
  facet normal 1 0 0
    outer loop
      vertex 6 62 5.66667
      vertex 6 61.4 6.16667
      vertex 6 61.4 5.66667
    endloop
  endfacet
  facet normal 0 1 -0
    outer loop
      vertex 88.0986 61.4 5.66667
      vertex 6 61.4 6.16667
      vertex 88.0986 61.4 6.16667
    endloop
  endfacet
  facet normal 0 1 0
    outer loop
      vertex 6 61.4 6.16667
      vertex 88.0986 61.4 5.66667
      vertex 6 61.4 5.66667
    endloop
  endfacet
  facet normal 0 0 -1
    outer loop
      vertex 88.0986 61.4 7.5
      vertex 87.5307 61.6955 7.5
      vertex 87.8856 61.5277 7.5
    endloop
  endfacet
  facet normal 0 0 -1
    outer loop
      vertex 88.0986 61.4 7.5
      vertex 87.1611 61.8278 7.5
      vertex 87.5307 61.6955 7.5
    endloop
  endfacet
  facet normal 0 0 -1
    outer loop
      vertex 88.0986 61.4 7.5
      vertex 86.7804 61.9231 7.5
      vertex 87.1611 61.8278 7.5
    endloop
  endfacet
  facet normal 0 0 -1
    outer loop
      vertex 88.0986 61.4 7.5
      vertex 86.3921 61.9807 7.5
      vertex 86.7804 61.9231 7.5
    endloop
  endfacet
  facet normal 0 0 -1
    outer loop
      vertex 88.0986 61.4 7.5
      vertex 86 62 7.5
      vertex 86.3921 61.9807 7.5
    endloop
  endfacet
  facet normal 0 0 -1
    outer loop
      vertex 6 61.4 7.5
      vertex 86 62 7.5
      vertex 88.0986 61.4 7.5
    endloop
  endfacet
  facet normal -0 0 -1
    outer loop
      vertex 86 62 7.5
      vertex 6 61.4 7.5
      vertex 6 62 7.5
    endloop
  endfacet
  facet normal 0 0 -1
    outer loop
      vertex 87.5307 0.304482 7.5
      vertex 88.0986 0.599999 7.5
      vertex 87.8856 0.472315 7.5
    endloop
  endfacet
  facet normal 0 0 -1
    outer loop
      vertex 87.1611 0.172238 7.5
      vertex 88.0986 0.599999 7.5
      vertex 87.5307 0.304482 7.5
    endloop
  endfacet
  facet normal 0 0 -1
    outer loop
      vertex 86.7804 0.0768585 7.5
      vertex 88.0986 0.599999 7.5
      vertex 87.1611 0.172238 7.5
    endloop
  endfacet
  facet normal 0 0 -1
    outer loop
      vertex 86.3921 0.0192604 7.5
      vertex 88.0986 0.599999 7.5
      vertex 86.7804 0.0768585 7.5
    endloop
  endfacet
  facet normal 0 0 -1
    outer loop
      vertex 86 0 7.5
      vertex 88.0986 0.599999 7.5
      vertex 86.3921 0.0192604 7.5
    endloop
  endfacet
  facet normal 0 0 -1
    outer loop
      vertex 6 0.599999 7.5
      vertex 86 0 7.5
      vertex 6 0 7.5
    endloop
  endfacet
  facet normal 0 0 -1
    outer loop
      vertex 86 0 7.5
      vertex 6 0.599999 7.5
      vertex 88.0986 0.599999 7.5
    endloop
  endfacet
  facet normal 0 0 -1
    outer loop
      vertex 89.4 1.90138 7.5
      vertex 90 4 7.5
      vertex 89.9807 3.60793 7.5
    endloop
  endfacet
  facet normal -0 0 -1
    outer loop
      vertex 90 4 7.5
      vertex 89.4 1.90138 7.5
      vertex 90 58 7.5
    endloop
  endfacet
  facet normal 0 0 -1
    outer loop
      vertex 89.4 1.90138 7.5
      vertex 89.9807 3.60793 7.5
      vertex 89.9231 3.21964 7.5
    endloop
  endfacet
  facet normal 0 0 -1
    outer loop
      vertex 89.4 60.0986 7.5
      vertex 90 58 7.5
      vertex 89.4 1.90138 7.5
    endloop
  endfacet
  facet normal 0 0 -1
    outer loop
      vertex 89.4 1.90138 7.5
      vertex 89.9231 3.21964 7.5
      vertex 89.8278 2.83886 7.5
    endloop
  endfacet
  facet normal 0 0 -1
    outer loop
      vertex 90 58 7.5
      vertex 89.4 60.0986 7.5
      vertex 89.9807 58.3921 7.5
    endloop
  endfacet
  facet normal 0 0 -1
    outer loop
      vertex 89.4 1.90138 7.5
      vertex 89.8278 2.83886 7.5
      vertex 89.6955 2.46927 7.5
    endloop
  endfacet
  facet normal 0 0 -1
    outer loop
      vertex 89.9807 58.3921 7.5
      vertex 89.4 60.0986 7.5
      vertex 89.9231 58.7804 7.5
    endloop
  endfacet
  facet normal 0 0 -1
    outer loop
      vertex 89.4 1.90138 7.5
      vertex 89.6955 2.46927 7.5
      vertex 89.5277 2.11441 7.5
    endloop
  endfacet
  facet normal 0 0 -1
    outer loop
      vertex 89.9231 58.7804 7.5
      vertex 89.4 60.0986 7.5
      vertex 89.8278 59.1611 7.5
    endloop
  endfacet
  facet normal 0 0 -1
    outer loop
      vertex 89.8278 59.1611 7.5
      vertex 89.4 60.0986 7.5
      vertex 89.6955 59.5307 7.5
    endloop
  endfacet
  facet normal 0 0 -1
    outer loop
      vertex 89.6955 59.5307 7.5
      vertex 89.4 60.0986 7.5
      vertex 89.5277 59.8856 7.5
    endloop
  endfacet
  facet normal 0 0 1
    outer loop
      vertex 87.5307 61.6955 7
      vertex 88.0986 61.4 7
      vertex 87.8856 61.5277 7
    endloop
  endfacet
  facet normal 0 0 1
    outer loop
      vertex 87.1611 61.8278 7
      vertex 88.0986 61.4 7
      vertex 87.5307 61.6955 7
    endloop
  endfacet
  facet normal 0 0 1
    outer loop
      vertex 86.7804 61.9231 7
      vertex 88.0986 61.4 7
      vertex 87.1611 61.8278 7
    endloop
  endfacet
  facet normal 0 0 1
    outer loop
      vertex 86.3921 61.9807 7
      vertex 88.0986 61.4 7
      vertex 86.7804 61.9231 7
    endloop
  endfacet
  facet normal 0 0 1
    outer loop
      vertex 86 62 7
      vertex 88.0986 61.4 7
      vertex 86.3921 61.9807 7
    endloop
  endfacet
  facet normal 0 0 1
    outer loop
      vertex 6 61.4 7
      vertex 86 62 7
      vertex 6 62 7
    endloop
  endfacet
  facet normal 0 0 1
    outer loop
      vertex 86 62 7
      vertex 6 61.4 7
      vertex 88.0986 61.4 7
    endloop
  endfacet
  facet normal 0 0 1
    outer loop
      vertex 88.0986 0.599999 7
      vertex 87.5307 0.304482 7
      vertex 87.8856 0.472315 7
    endloop
  endfacet
  facet normal 0 0 1
    outer loop
      vertex 88.0986 0.599999 7
      vertex 87.1611 0.172238 7
      vertex 87.5307 0.304482 7
    endloop
  endfacet
  facet normal 0 0 1
    outer loop
      vertex 88.0986 0.599999 7
      vertex 86.7804 0.0768585 7
      vertex 87.1611 0.172238 7
    endloop
  endfacet
  facet normal 0 0 1
    outer loop
      vertex 88.0986 0.599999 7
      vertex 86.3921 0.0192604 7
      vertex 86.7804 0.0768585 7
    endloop
  endfacet
  facet normal 0 0 1
    outer loop
      vertex 88.0986 0.599999 7
      vertex 86 0 7
      vertex 86.3921 0.0192604 7
    endloop
  endfacet
  facet normal -0 0 1
    outer loop
      vertex 6 0.599999 7
      vertex 86 0 7
      vertex 88.0986 0.599999 7
    endloop
  endfacet
  facet normal 0 0 1
    outer loop
      vertex 86 0 7
      vertex 6 0.599999 7
      vertex 6 0 7
    endloop
  endfacet
  facet normal 0 0 1
    outer loop
      vertex 89.4 60.0986 7
      vertex 90 58 7
      vertex 89.9807 58.3921 7
    endloop
  endfacet
  facet normal 0 0 1
    outer loop
      vertex 90 58 7
      vertex 89.4 60.0986 7
      vertex 90 4 7
    endloop
  endfacet
  facet normal 0 0 1
    outer loop
      vertex 89.4 60.0986 7
      vertex 89.9807 58.3921 7
      vertex 89.9231 58.7804 7
    endloop
  endfacet
  facet normal 0 0 1
    outer loop
      vertex 89.4 1.90138 7
      vertex 90 4 7
      vertex 89.4 60.0986 7
    endloop
  endfacet
  facet normal 0 0 1
    outer loop
      vertex 89.4 60.0986 7
      vertex 89.9231 58.7804 7
      vertex 89.8278 59.1611 7
    endloop
  endfacet
  facet normal 0 0 1
    outer loop
      vertex 90 4 7
      vertex 89.4 1.90138 7
      vertex 89.9807 3.60793 7
    endloop
  endfacet
  facet normal 0 0 1
    outer loop
      vertex 89.4 60.0986 7
      vertex 89.8278 59.1611 7
      vertex 89.6955 59.5307 7
    endloop
  endfacet
  facet normal 0 0 1
    outer loop
      vertex 89.9807 3.60793 7
      vertex 89.4 1.90138 7
      vertex 89.9231 3.21964 7
    endloop
  endfacet
  facet normal 0 0 1
    outer loop
      vertex 89.4 60.0986 7
      vertex 89.6955 59.5307 7
      vertex 89.5277 59.8856 7
    endloop
  endfacet
  facet normal 0 0 1
    outer loop
      vertex 89.9231 3.21964 7
      vertex 89.4 1.90138 7
      vertex 89.8278 2.83886 7
    endloop
  endfacet
  facet normal 0 0 1
    outer loop
      vertex 89.8278 2.83886 7
      vertex 89.4 1.90138 7
      vertex 89.6955 2.46927 7
    endloop
  endfacet
  facet normal 0 0 1
    outer loop
      vertex 89.6955 2.46927 7
      vertex 89.4 1.90138 7
      vertex 89.5277 2.11441 7
    endloop
  endfacet
  facet normal 1 -0 0
    outer loop
      vertex 89.4 1.90138 7.5
      vertex 89.4 60.0986 7
      vertex 89.4 60.0986 7.5
    endloop
  endfacet
  facet normal 1 0 0
    outer loop
      vertex 89.4 60.0986 7
      vertex 89.4 1.90138 7.5
      vertex 89.4 1.90138 7
    endloop
  endfacet
  facet normal 1 -0 0
    outer loop
      vertex 6 0 7.5
      vertex 6 0.599999 7
      vertex 6 0.599999 7.5
    endloop
  endfacet
  facet normal 1 0 0
    outer loop
      vertex 6 0.599999 7
      vertex 6 0 7.5
      vertex 6 0 7
    endloop
  endfacet
  facet normal 0 -1 0
    outer loop
      vertex 6 0.599999 7
      vertex 88.0986 0.599999 7.5
      vertex 6 0.599999 7.5
    endloop
  endfacet
  facet normal 0 -1 -0
    outer loop
      vertex 88.0986 0.599999 7.5
      vertex 6 0.599999 7
      vertex 88.0986 0.599999 7
    endloop
  endfacet
  facet normal 1 -0 0
    outer loop
      vertex 6 61.4 7.5
      vertex 6 62 7
      vertex 6 62 7.5
    endloop
  endfacet
  facet normal 1 0 0
    outer loop
      vertex 6 62 7
      vertex 6 61.4 7.5
      vertex 6 61.4 7
    endloop
  endfacet
  facet normal 0 1 -0
    outer loop
      vertex 88.0986 61.4 7
      vertex 6 61.4 7.5
      vertex 88.0986 61.4 7.5
    endloop
  endfacet
  facet normal 0 1 0
    outer loop
      vertex 6 61.4 7.5
      vertex 88.0986 61.4 7
      vertex 6 61.4 7
    endloop
  endfacet
  facet normal 0 0 -1
    outer loop
      vertex 88.0986 61.4 8.83333
      vertex 87.5307 61.6955 8.83333
      vertex 87.8856 61.5277 8.83333
    endloop
  endfacet
  facet normal 0 0 -1
    outer loop
      vertex 88.0986 61.4 8.83333
      vertex 87.1611 61.8278 8.83333
      vertex 87.5307 61.6955 8.83333
    endloop
  endfacet
  facet normal 0 0 -1
    outer loop
      vertex 88.0986 61.4 8.83333
      vertex 86.7804 61.9231 8.83333
      vertex 87.1611 61.8278 8.83333
    endloop
  endfacet
  facet normal 0 0 -1
    outer loop
      vertex 88.0986 61.4 8.83333
      vertex 86.3921 61.9807 8.83333
      vertex 86.7804 61.9231 8.83333
    endloop
  endfacet
  facet normal 0 0 -1
    outer loop
      vertex 88.0986 61.4 8.83333
      vertex 86 62 8.83333
      vertex 86.3921 61.9807 8.83333
    endloop
  endfacet
  facet normal 0 0 -1
    outer loop
      vertex 6 61.4 8.83333
      vertex 86 62 8.83333
      vertex 88.0986 61.4 8.83333
    endloop
  endfacet
  facet normal -0 0 -1
    outer loop
      vertex 86 62 8.83333
      vertex 6 61.4 8.83333
      vertex 6 62 8.83333
    endloop
  endfacet
  facet normal 0 0 -1
    outer loop
      vertex 87.5307 0.304482 8.83333
      vertex 88.0986 0.599999 8.83333
      vertex 87.8856 0.472315 8.83333
    endloop
  endfacet
  facet normal 0 0 -1
    outer loop
      vertex 87.1611 0.172238 8.83333
      vertex 88.0986 0.599999 8.83333
      vertex 87.5307 0.304482 8.83333
    endloop
  endfacet
  facet normal 0 0 -1
    outer loop
      vertex 86.7804 0.0768585 8.83333
      vertex 88.0986 0.599999 8.83333
      vertex 87.1611 0.172238 8.83333
    endloop
  endfacet
  facet normal 0 0 -1
    outer loop
      vertex 86.3921 0.0192604 8.83333
      vertex 88.0986 0.599999 8.83333
      vertex 86.7804 0.0768585 8.83333
    endloop
  endfacet
  facet normal 0 0 -1
    outer loop
      vertex 86 0 8.83333
      vertex 88.0986 0.599999 8.83333
      vertex 86.3921 0.0192604 8.83333
    endloop
  endfacet
  facet normal 0 0 -1
    outer loop
      vertex 6 0.599999 8.83333
      vertex 86 0 8.83333
      vertex 6 0 8.83333
    endloop
  endfacet
  facet normal 0 0 -1
    outer loop
      vertex 86 0 8.83333
      vertex 6 0.599999 8.83333
      vertex 88.0986 0.599999 8.83333
    endloop
  endfacet
  facet normal 0 0 -1
    outer loop
      vertex 89.4 1.90138 8.83333
      vertex 90 4 8.83333
      vertex 89.9807 3.60793 8.83333
    endloop
  endfacet
  facet normal -0 0 -1
    outer loop
      vertex 90 4 8.83333
      vertex 89.4 1.90138 8.83333
      vertex 90 58 8.83333
    endloop
  endfacet
  facet normal 0 0 -1
    outer loop
      vertex 89.4 1.90138 8.83333
      vertex 89.9807 3.60793 8.83333
      vertex 89.9231 3.21964 8.83333
    endloop
  endfacet
  facet normal 0 0 -1
    outer loop
      vertex 89.4 60.0986 8.83333
      vertex 90 58 8.83333
      vertex 89.4 1.90138 8.83333
    endloop
  endfacet
  facet normal 0 0 -1
    outer loop
      vertex 89.4 1.90138 8.83333
      vertex 89.9231 3.21964 8.83333
      vertex 89.8278 2.83886 8.83333
    endloop
  endfacet
  facet normal 0 0 -1
    outer loop
      vertex 90 58 8.83333
      vertex 89.4 60.0986 8.83333
      vertex 89.9807 58.3921 8.83333
    endloop
  endfacet
  facet normal 0 0 -1
    outer loop
      vertex 89.4 1.90138 8.83333
      vertex 89.8278 2.83886 8.83333
      vertex 89.6955 2.46927 8.83333
    endloop
  endfacet
  facet normal 0 0 -1
    outer loop
      vertex 89.9807 58.3921 8.83333
      vertex 89.4 60.0986 8.83333
      vertex 89.9231 58.7804 8.83333
    endloop
  endfacet
  facet normal 0 0 -1
    outer loop
      vertex 89.4 1.90138 8.83333
      vertex 89.6955 2.46927 8.83333
      vertex 89.5277 2.11441 8.83333
    endloop
  endfacet
  facet normal 0 0 -1
    outer loop
      vertex 89.9231 58.7804 8.83333
      vertex 89.4 60.0986 8.83333
      vertex 89.8278 59.1611 8.83333
    endloop
  endfacet
  facet normal 0 0 -1
    outer loop
      vertex 89.8278 59.1611 8.83333
      vertex 89.4 60.0986 8.83333
      vertex 89.6955 59.5307 8.83333
    endloop
  endfacet
  facet normal 0 0 -1
    outer loop
      vertex 89.6955 59.5307 8.83333
      vertex 89.4 60.0986 8.83333
      vertex 89.5277 59.8856 8.83333
    endloop
  endfacet
  facet normal 0 0 1
    outer loop
      vertex 87.5307 61.6955 8.33333
      vertex 88.0986 61.4 8.33333
      vertex 87.8856 61.5277 8.33333
    endloop
  endfacet
  facet normal 0 0 1
    outer loop
      vertex 87.1611 61.8278 8.33333
      vertex 88.0986 61.4 8.33333
      vertex 87.5307 61.6955 8.33333
    endloop
  endfacet
  facet normal 0 0 1
    outer loop
      vertex 86.7804 61.9231 8.33333
      vertex 88.0986 61.4 8.33333
      vertex 87.1611 61.8278 8.33333
    endloop
  endfacet
  facet normal 0 0 1
    outer loop
      vertex 86.3921 61.9807 8.33333
      vertex 88.0986 61.4 8.33333
      vertex 86.7804 61.9231 8.33333
    endloop
  endfacet
  facet normal 0 0 1
    outer loop
      vertex 86 62 8.33333
      vertex 88.0986 61.4 8.33333
      vertex 86.3921 61.9807 8.33333
    endloop
  endfacet
  facet normal 0 0 1
    outer loop
      vertex 6 61.4 8.33333
      vertex 86 62 8.33333
      vertex 6 62 8.33333
    endloop
  endfacet
  facet normal 0 0 1
    outer loop
      vertex 86 62 8.33333
      vertex 6 61.4 8.33333
      vertex 88.0986 61.4 8.33333
    endloop
  endfacet
  facet normal 0 0 1
    outer loop
      vertex 88.0986 0.599999 8.33333
      vertex 87.5307 0.304482 8.33333
      vertex 87.8856 0.472315 8.33333
    endloop
  endfacet
  facet normal 0 0 1
    outer loop
      vertex 88.0986 0.599999 8.33333
      vertex 87.1611 0.172238 8.33333
      vertex 87.5307 0.304482 8.33333
    endloop
  endfacet
  facet normal 0 0 1
    outer loop
      vertex 88.0986 0.599999 8.33333
      vertex 86.7804 0.0768585 8.33333
      vertex 87.1611 0.172238 8.33333
    endloop
  endfacet
  facet normal 0 0 1
    outer loop
      vertex 88.0986 0.599999 8.33333
      vertex 86.3921 0.0192604 8.33333
      vertex 86.7804 0.0768585 8.33333
    endloop
  endfacet
  facet normal 0 0 1
    outer loop
      vertex 88.0986 0.599999 8.33333
      vertex 86 0 8.33333
      vertex 86.3921 0.0192604 8.33333
    endloop
  endfacet
  facet normal -0 0 1
    outer loop
      vertex 6 0.599999 8.33333
      vertex 86 0 8.33333
      vertex 88.0986 0.599999 8.33333
    endloop
  endfacet
  facet normal 0 0 1
    outer loop
      vertex 86 0 8.33333
      vertex 6 0.599999 8.33333
      vertex 6 0 8.33333
    endloop
  endfacet
  facet normal 0 0 1
    outer loop
      vertex 89.4 60.0986 8.33333
      vertex 90 58 8.33333
      vertex 89.9807 58.3921 8.33333
    endloop
  endfacet
  facet normal 0 0 1
    outer loop
      vertex 90 58 8.33333
      vertex 89.4 60.0986 8.33333
      vertex 90 4 8.33333
    endloop
  endfacet
  facet normal 0 0 1
    outer loop
      vertex 89.4 60.0986 8.33333
      vertex 89.9807 58.3921 8.33333
      vertex 89.9231 58.7804 8.33333
    endloop
  endfacet
  facet normal 0 0 1
    outer loop
      vertex 89.4 1.90138 8.33333
      vertex 90 4 8.33333
      vertex 89.4 60.0986 8.33333
    endloop
  endfacet
  facet normal 0 0 1
    outer loop
      vertex 89.4 60.0986 8.33333
      vertex 89.9231 58.7804 8.33333
      vertex 89.8278 59.1611 8.33333
    endloop
  endfacet
  facet normal 0 0 1
    outer loop
      vertex 90 4 8.33333
      vertex 89.4 1.90138 8.33333
      vertex 89.9807 3.60793 8.33333
    endloop
  endfacet
  facet normal 0 0 1
    outer loop
      vertex 89.4 60.0986 8.33333
      vertex 89.8278 59.1611 8.33333
      vertex 89.6955 59.5307 8.33333
    endloop
  endfacet
  facet normal 0 0 1
    outer loop
      vertex 89.9807 3.60793 8.33333
      vertex 89.4 1.90138 8.33333
      vertex 89.9231 3.21964 8.33333
    endloop
  endfacet
  facet normal 0 0 1
    outer loop
      vertex 89.4 60.0986 8.33333
      vertex 89.6955 59.5307 8.33333
      vertex 89.5277 59.8856 8.33333
    endloop
  endfacet
  facet normal 0 0 1
    outer loop
      vertex 89.9231 3.21964 8.33333
      vertex 89.4 1.90138 8.33333
      vertex 89.8278 2.83886 8.33333
    endloop
  endfacet
  facet normal 0 0 1
    outer loop
      vertex 89.8278 2.83886 8.33333
      vertex 89.4 1.90138 8.33333
      vertex 89.6955 2.46927 8.33333
    endloop
  endfacet
  facet normal 0 0 1
    outer loop
      vertex 89.6955 2.46927 8.33333
      vertex 89.4 1.90138 8.33333
      vertex 89.5277 2.11441 8.33333
    endloop
  endfacet
  facet normal 1 -0 0
    outer loop
      vertex 89.4 1.90138 8.83333
      vertex 89.4 60.0986 8.33333
      vertex 89.4 60.0986 8.83333
    endloop
  endfacet
  facet normal 1 0 0
    outer loop
      vertex 89.4 60.0986 8.33333
      vertex 89.4 1.90138 8.83333
      vertex 89.4 1.90138 8.33333
    endloop
  endfacet
  facet normal 1 -0 0
    outer loop
      vertex 6 0 8.83333
      vertex 6 0.599999 8.33333
      vertex 6 0.599999 8.83333
    endloop
  endfacet
  facet normal 1 0 0
    outer loop
      vertex 6 0.599999 8.33333
      vertex 6 0 8.83333
      vertex 6 0 8.33333
    endloop
  endfacet
  facet normal 0 -1 0
    outer loop
      vertex 6 0.599999 8.33333
      vertex 88.0986 0.599999 8.83333
      vertex 6 0.599999 8.83333
    endloop
  endfacet
  facet normal 0 -1 -0
    outer loop
      vertex 88.0986 0.599999 8.83333
      vertex 6 0.599999 8.33333
      vertex 88.0986 0.599999 8.33333
    endloop
  endfacet
  facet normal 1 -0 0
    outer loop
      vertex 6 61.4 8.83333
      vertex 6 62 8.33333
      vertex 6 62 8.83333
    endloop
  endfacet
  facet normal 1 0 0
    outer loop
      vertex 6 62 8.33333
      vertex 6 61.4 8.83333
      vertex 6 61.4 8.33333
    endloop
  endfacet
  facet normal 0 1 -0
    outer loop
      vertex 88.0986 61.4 8.33333
      vertex 6 61.4 8.83333
      vertex 88.0986 61.4 8.83333
    endloop
  endfacet
  facet normal 0 1 0
    outer loop
      vertex 6 61.4 8.83333
      vertex 88.0986 61.4 8.33333
      vertex 6 61.4 8.33333
    endloop
  endfacet
  facet normal 0 0 -1
    outer loop
      vertex 87.5307 0.304482 10.1667
      vertex 88.0986 0.599999 10.1667
      vertex 87.8856 0.472315 10.1667
    endloop
  endfacet
  facet normal 0 0 -1
    outer loop
      vertex 87.1611 0.172238 10.1667
      vertex 88.0986 0.599999 10.1667
      vertex 87.5307 0.304482 10.1667
    endloop
  endfacet
  facet normal 0 0 -1
    outer loop
      vertex 86.7804 0.0768585 10.1667
      vertex 88.0986 0.599999 10.1667
      vertex 87.1611 0.172238 10.1667
    endloop
  endfacet
  facet normal 0 0 -1
    outer loop
      vertex 86.3921 0.0192604 10.1667
      vertex 88.0986 0.599999 10.1667
      vertex 86.7804 0.0768585 10.1667
    endloop
  endfacet
  facet normal 0 0 -1
    outer loop
      vertex 86 0 10.1667
      vertex 88.0986 0.599999 10.1667
      vertex 86.3921 0.0192604 10.1667
    endloop
  endfacet
  facet normal 0 0 -1
    outer loop
      vertex 6 0.599999 10.1667
      vertex 86 0 10.1667
      vertex 6 0 10.1667
    endloop
  endfacet
  facet normal 0 0 -1
    outer loop
      vertex 86 0 10.1667
      vertex 6 0.599999 10.1667
      vertex 88.0986 0.599999 10.1667
    endloop
  endfacet
  facet normal 0 0 -1
    outer loop
      vertex 88.0986 61.4 10.1667
      vertex 87.5307 61.6955 10.1667
      vertex 87.8856 61.5277 10.1667
    endloop
  endfacet
  facet normal 0 0 -1
    outer loop
      vertex 88.0986 61.4 10.1667
      vertex 87.1611 61.8278 10.1667
      vertex 87.5307 61.6955 10.1667
    endloop
  endfacet
  facet normal 0 0 -1
    outer loop
      vertex 88.0986 61.4 10.1667
      vertex 86.7804 61.9231 10.1667
      vertex 87.1611 61.8278 10.1667
    endloop
  endfacet
  facet normal 0 0 -1
    outer loop
      vertex 88.0986 61.4 10.1667
      vertex 86.3921 61.9807 10.1667
      vertex 86.7804 61.9231 10.1667
    endloop
  endfacet
  facet normal 0 0 -1
    outer loop
      vertex 88.0986 61.4 10.1667
      vertex 86 62 10.1667
      vertex 86.3921 61.9807 10.1667
    endloop
  endfacet
  facet normal 0 0 -1
    outer loop
      vertex 6 61.4 10.1667
      vertex 86 62 10.1667
      vertex 88.0986 61.4 10.1667
    endloop
  endfacet
  facet normal -0 0 -1
    outer loop
      vertex 86 62 10.1667
      vertex 6 61.4 10.1667
      vertex 6 62 10.1667
    endloop
  endfacet
  facet normal 0 0 -1
    outer loop
      vertex 89.4 1.90138 10.1667
      vertex 90 4 10.1667
      vertex 89.9807 3.60793 10.1667
    endloop
  endfacet
  facet normal -0 0 -1
    outer loop
      vertex 90 4 10.1667
      vertex 89.4 1.90138 10.1667
      vertex 90 58 10.1667
    endloop
  endfacet
  facet normal 0 0 -1
    outer loop
      vertex 89.4 1.90138 10.1667
      vertex 89.9807 3.60793 10.1667
      vertex 89.9231 3.21964 10.1667
    endloop
  endfacet
  facet normal 0 0 -1
    outer loop
      vertex 89.4 60.0986 10.1667
      vertex 90 58 10.1667
      vertex 89.4 1.90138 10.1667
    endloop
  endfacet
  facet normal 0 0 -1
    outer loop
      vertex 89.4 1.90138 10.1667
      vertex 89.9231 3.21964 10.1667
      vertex 89.8278 2.83886 10.1667
    endloop
  endfacet
  facet normal 0 0 -1
    outer loop
      vertex 90 58 10.1667
      vertex 89.4 60.0986 10.1667
      vertex 89.9807 58.3921 10.1667
    endloop
  endfacet
  facet normal 0 0 -1
    outer loop
      vertex 89.4 1.90138 10.1667
      vertex 89.8278 2.83886 10.1667
      vertex 89.6955 2.46927 10.1667
    endloop
  endfacet
  facet normal 0 0 -1
    outer loop
      vertex 89.9807 58.3921 10.1667
      vertex 89.4 60.0986 10.1667
      vertex 89.9231 58.7804 10.1667
    endloop
  endfacet
  facet normal 0 0 -1
    outer loop
      vertex 89.4 1.90138 10.1667
      vertex 89.6955 2.46927 10.1667
      vertex 89.5277 2.11441 10.1667
    endloop
  endfacet
  facet normal 0 0 -1
    outer loop
      vertex 89.9231 58.7804 10.1667
      vertex 89.4 60.0986 10.1667
      vertex 89.8278 59.1611 10.1667
    endloop
  endfacet
  facet normal 0 0 -1
    outer loop
      vertex 89.8278 59.1611 10.1667
      vertex 89.4 60.0986 10.1667
      vertex 89.6955 59.5307 10.1667
    endloop
  endfacet
  facet normal 0 0 -1
    outer loop
      vertex 89.6955 59.5307 10.1667
      vertex 89.4 60.0986 10.1667
      vertex 89.5277 59.8856 10.1667
    endloop
  endfacet
  facet normal 0 0 1
    outer loop
      vertex 88.0986 0.599999 9.66667
      vertex 87.5307 0.304482 9.66667
      vertex 87.8856 0.472315 9.66667
    endloop
  endfacet
  facet normal 0 0 1
    outer loop
      vertex 88.0986 0.599999 9.66667
      vertex 87.1611 0.172238 9.66667
      vertex 87.5307 0.304482 9.66667
    endloop
  endfacet
  facet normal 0 0 1
    outer loop
      vertex 88.0986 0.599999 9.66667
      vertex 86.7804 0.0768585 9.66667
      vertex 87.1611 0.172238 9.66667
    endloop
  endfacet
  facet normal 0 0 1
    outer loop
      vertex 88.0986 0.599999 9.66667
      vertex 86.3921 0.0192604 9.66667
      vertex 86.7804 0.0768585 9.66667
    endloop
  endfacet
  facet normal 0 0 1
    outer loop
      vertex 88.0986 0.599999 9.66667
      vertex 86 0 9.66667
      vertex 86.3921 0.0192604 9.66667
    endloop
  endfacet
  facet normal -0 0 1
    outer loop
      vertex 6 0.599999 9.66667
      vertex 86 0 9.66667
      vertex 88.0986 0.599999 9.66667
    endloop
  endfacet
  facet normal 0 0 1
    outer loop
      vertex 86 0 9.66667
      vertex 6 0.599999 9.66667
      vertex 6 0 9.66667
    endloop
  endfacet
  facet normal 0 0 1
    outer loop
      vertex 87.5307 61.6955 9.66667
      vertex 88.0986 61.4 9.66667
      vertex 87.8856 61.5277 9.66667
    endloop
  endfacet
  facet normal 0 0 1
    outer loop
      vertex 87.1611 61.8278 9.66667
      vertex 88.0986 61.4 9.66667
      vertex 87.5307 61.6955 9.66667
    endloop
  endfacet
  facet normal 0 0 1
    outer loop
      vertex 86.7804 61.9231 9.66667
      vertex 88.0986 61.4 9.66667
      vertex 87.1611 61.8278 9.66667
    endloop
  endfacet
  facet normal 0 0 1
    outer loop
      vertex 86.3921 61.9807 9.66667
      vertex 88.0986 61.4 9.66667
      vertex 86.7804 61.9231 9.66667
    endloop
  endfacet
  facet normal 0 0 1
    outer loop
      vertex 86 62 9.66667
      vertex 88.0986 61.4 9.66667
      vertex 86.3921 61.9807 9.66667
    endloop
  endfacet
  facet normal 0 0 1
    outer loop
      vertex 6 61.4 9.66667
      vertex 86 62 9.66667
      vertex 6 62 9.66667
    endloop
  endfacet
  facet normal 0 0 1
    outer loop
      vertex 86 62 9.66667
      vertex 6 61.4 9.66667
      vertex 88.0986 61.4 9.66667
    endloop
  endfacet
  facet normal 0 0 1
    outer loop
      vertex 89.4 60.0986 9.66667
      vertex 90 58 9.66667
      vertex 89.9807 58.3921 9.66667
    endloop
  endfacet
  facet normal 0 0 1
    outer loop
      vertex 90 58 9.66667
      vertex 89.4 60.0986 9.66667
      vertex 90 4 9.66667
    endloop
  endfacet
  facet normal 0 0 1
    outer loop
      vertex 89.4 60.0986 9.66667
      vertex 89.9807 58.3921 9.66667
      vertex 89.9231 58.7804 9.66667
    endloop
  endfacet
  facet normal 0 0 1
    outer loop
      vertex 89.4 1.90138 9.66667
      vertex 90 4 9.66667
      vertex 89.4 60.0986 9.66667
    endloop
  endfacet
  facet normal 0 0 1
    outer loop
      vertex 89.4 60.0986 9.66667
      vertex 89.9231 58.7804 9.66667
      vertex 89.8278 59.1611 9.66667
    endloop
  endfacet
  facet normal 0 0 1
    outer loop
      vertex 90 4 9.66667
      vertex 89.4 1.90138 9.66667
      vertex 89.9807 3.60793 9.66667
    endloop
  endfacet
  facet normal 0 0 1
    outer loop
      vertex 89.4 60.0986 9.66667
      vertex 89.8278 59.1611 9.66667
      vertex 89.6955 59.5307 9.66667
    endloop
  endfacet
  facet normal 0 0 1
    outer loop
      vertex 89.9807 3.60793 9.66667
      vertex 89.4 1.90138 9.66667
      vertex 89.9231 3.21964 9.66667
    endloop
  endfacet
  facet normal 0 0 1
    outer loop
      vertex 89.4 60.0986 9.66667
      vertex 89.6955 59.5307 9.66667
      vertex 89.5277 59.8856 9.66667
    endloop
  endfacet
  facet normal 0 0 1
    outer loop
      vertex 89.9231 3.21964 9.66667
      vertex 89.4 1.90138 9.66667
      vertex 89.8278 2.83886 9.66667
    endloop
  endfacet
  facet normal 0 0 1
    outer loop
      vertex 89.8278 2.83886 9.66667
      vertex 89.4 1.90138 9.66667
      vertex 89.6955 2.46927 9.66667
    endloop
  endfacet
  facet normal 0 0 1
    outer loop
      vertex 89.6955 2.46927 9.66667
      vertex 89.4 1.90138 9.66667
      vertex 89.5277 2.11441 9.66667
    endloop
  endfacet
  facet normal 1 -0 0
    outer loop
      vertex 89.4 1.90138 10.1667
      vertex 89.4 60.0986 9.66667
      vertex 89.4 60.0986 10.1667
    endloop
  endfacet
  facet normal 1 0 0
    outer loop
      vertex 89.4 60.0986 9.66667
      vertex 89.4 1.90138 10.1667
      vertex 89.4 1.90138 9.66667
    endloop
  endfacet
  facet normal 1 -0 0
    outer loop
      vertex 6 0 10.1667
      vertex 6 0.599999 9.66667
      vertex 6 0.599999 10.1667
    endloop
  endfacet
  facet normal 1 0 0
    outer loop
      vertex 6 0.599999 9.66667
      vertex 6 0 10.1667
      vertex 6 0 9.66667
    endloop
  endfacet
  facet normal 0 -1 0
    outer loop
      vertex 6 0.599999 9.66667
      vertex 88.0986 0.599999 10.1667
      vertex 6 0.599999 10.1667
    endloop
  endfacet
  facet normal 0 -1 -0
    outer loop
      vertex 88.0986 0.599999 10.1667
      vertex 6 0.599999 9.66667
      vertex 88.0986 0.599999 9.66667
    endloop
  endfacet
  facet normal 1 -0 0
    outer loop
      vertex 6 61.4 10.1667
      vertex 6 62 9.66667
      vertex 6 62 10.1667
    endloop
  endfacet
  facet normal 1 0 0
    outer loop
      vertex 6 62 9.66667
      vertex 6 61.4 10.1667
      vertex 6 61.4 9.66667
    endloop
  endfacet
  facet normal 0 1 -0
    outer loop
      vertex 88.0986 61.4 9.66667
      vertex 6 61.4 10.1667
      vertex 88.0986 61.4 10.1667
    endloop
  endfacet
  facet normal 0 1 0
    outer loop
      vertex 6 61.4 10.1667
      vertex 88.0986 61.4 9.66667
      vertex 6 61.4 9.66667
    endloop
  endfacet
  facet normal 0 0 -1
    outer loop
      vertex 87.5307 0.304482 11.5
      vertex 88.0986 0.599999 11.5
      vertex 87.8856 0.472315 11.5
    endloop
  endfacet
  facet normal 0 0 -1
    outer loop
      vertex 87.1611 0.172238 11.5
      vertex 88.0986 0.599999 11.5
      vertex 87.5307 0.304482 11.5
    endloop
  endfacet
  facet normal 0 0 -1
    outer loop
      vertex 86.7804 0.0768585 11.5
      vertex 88.0986 0.599999 11.5
      vertex 87.1611 0.172238 11.5
    endloop
  endfacet
  facet normal 0 0 -1
    outer loop
      vertex 86.3921 0.0192604 11.5
      vertex 88.0986 0.599999 11.5
      vertex 86.7804 0.0768585 11.5
    endloop
  endfacet
  facet normal 0 0 -1
    outer loop
      vertex 86 0 11.5
      vertex 88.0986 0.599999 11.5
      vertex 86.3921 0.0192604 11.5
    endloop
  endfacet
  facet normal 0 0 -1
    outer loop
      vertex 6 0.599999 11.5
      vertex 86 0 11.5
      vertex 6 0 11.5
    endloop
  endfacet
  facet normal 0 0 -1
    outer loop
      vertex 86 0 11.5
      vertex 6 0.599999 11.5
      vertex 88.0986 0.599999 11.5
    endloop
  endfacet
  facet normal 0 0 -1
    outer loop
      vertex 88.0986 61.4 11.5
      vertex 87.5307 61.6955 11.5
      vertex 87.8856 61.5277 11.5
    endloop
  endfacet
  facet normal 0 0 -1
    outer loop
      vertex 88.0986 61.4 11.5
      vertex 87.1611 61.8278 11.5
      vertex 87.5307 61.6955 11.5
    endloop
  endfacet
  facet normal 0 0 -1
    outer loop
      vertex 88.0986 61.4 11.5
      vertex 86.7804 61.9231 11.5
      vertex 87.1611 61.8278 11.5
    endloop
  endfacet
  facet normal 0 0 -1
    outer loop
      vertex 88.0986 61.4 11.5
      vertex 86.3921 61.9807 11.5
      vertex 86.7804 61.9231 11.5
    endloop
  endfacet
  facet normal 0 0 -1
    outer loop
      vertex 88.0986 61.4 11.5
      vertex 86 62 11.5
      vertex 86.3921 61.9807 11.5
    endloop
  endfacet
  facet normal 0 0 -1
    outer loop
      vertex 6 61.4 11.5
      vertex 86 62 11.5
      vertex 88.0986 61.4 11.5
    endloop
  endfacet
  facet normal -0 0 -1
    outer loop
      vertex 86 62 11.5
      vertex 6 61.4 11.5
      vertex 6 62 11.5
    endloop
  endfacet
  facet normal 0 0 -1
    outer loop
      vertex 89.4 1.90138 11.5
      vertex 90 4 11.5
      vertex 89.9807 3.60793 11.5
    endloop
  endfacet
  facet normal -0 0 -1
    outer loop
      vertex 90 4 11.5
      vertex 89.4 1.90138 11.5
      vertex 90 58 11.5
    endloop
  endfacet
  facet normal 0 0 -1
    outer loop
      vertex 89.4 1.90138 11.5
      vertex 89.9807 3.60793 11.5
      vertex 89.9231 3.21964 11.5
    endloop
  endfacet
  facet normal 0 0 -1
    outer loop
      vertex 89.4 60.0986 11.5
      vertex 90 58 11.5
      vertex 89.4 1.90138 11.5
    endloop
  endfacet
  facet normal 0 0 -1
    outer loop
      vertex 89.4 1.90138 11.5
      vertex 89.9231 3.21964 11.5
      vertex 89.8278 2.83886 11.5
    endloop
  endfacet
  facet normal 0 0 -1
    outer loop
      vertex 90 58 11.5
      vertex 89.4 60.0986 11.5
      vertex 89.9807 58.3921 11.5
    endloop
  endfacet
  facet normal 0 0 -1
    outer loop
      vertex 89.4 1.90138 11.5
      vertex 89.8278 2.83886 11.5
      vertex 89.6955 2.46927 11.5
    endloop
  endfacet
  facet normal 0 0 -1
    outer loop
      vertex 89.9807 58.3921 11.5
      vertex 89.4 60.0986 11.5
      vertex 89.9231 58.7804 11.5
    endloop
  endfacet
  facet normal 0 0 -1
    outer loop
      vertex 89.4 1.90138 11.5
      vertex 89.6955 2.46927 11.5
      vertex 89.5277 2.11441 11.5
    endloop
  endfacet
  facet normal 0 0 -1
    outer loop
      vertex 89.9231 58.7804 11.5
      vertex 89.4 60.0986 11.5
      vertex 89.8278 59.1611 11.5
    endloop
  endfacet
  facet normal 0 0 -1
    outer loop
      vertex 89.8278 59.1611 11.5
      vertex 89.4 60.0986 11.5
      vertex 89.6955 59.5307 11.5
    endloop
  endfacet
  facet normal 0 0 -1
    outer loop
      vertex 89.6955 59.5307 11.5
      vertex 89.4 60.0986 11.5
      vertex 89.5277 59.8856 11.5
    endloop
  endfacet
  facet normal 0 0 1
    outer loop
      vertex 88.0986 0.599999 11
      vertex 87.5307 0.304482 11
      vertex 87.8856 0.472315 11
    endloop
  endfacet
  facet normal 0 0 1
    outer loop
      vertex 88.0986 0.599999 11
      vertex 87.1611 0.172238 11
      vertex 87.5307 0.304482 11
    endloop
  endfacet
  facet normal 0 0 1
    outer loop
      vertex 88.0986 0.599999 11
      vertex 86.7804 0.0768585 11
      vertex 87.1611 0.172238 11
    endloop
  endfacet
  facet normal 0 0 1
    outer loop
      vertex 88.0986 0.599999 11
      vertex 86.3921 0.0192604 11
      vertex 86.7804 0.0768585 11
    endloop
  endfacet
  facet normal 0 0 1
    outer loop
      vertex 88.0986 0.599999 11
      vertex 86 0 11
      vertex 86.3921 0.0192604 11
    endloop
  endfacet
  facet normal -0 0 1
    outer loop
      vertex 6 0.599999 11
      vertex 86 0 11
      vertex 88.0986 0.599999 11
    endloop
  endfacet
  facet normal 0 0 1
    outer loop
      vertex 86 0 11
      vertex 6 0.599999 11
      vertex 6 0 11
    endloop
  endfacet
  facet normal 0 0 1
    outer loop
      vertex 87.5307 61.6955 11
      vertex 88.0986 61.4 11
      vertex 87.8856 61.5277 11
    endloop
  endfacet
  facet normal 0 0 1
    outer loop
      vertex 87.1611 61.8278 11
      vertex 88.0986 61.4 11
      vertex 87.5307 61.6955 11
    endloop
  endfacet
  facet normal 0 0 1
    outer loop
      vertex 86.7804 61.9231 11
      vertex 88.0986 61.4 11
      vertex 87.1611 61.8278 11
    endloop
  endfacet
  facet normal 0 0 1
    outer loop
      vertex 86.3921 61.9807 11
      vertex 88.0986 61.4 11
      vertex 86.7804 61.9231 11
    endloop
  endfacet
  facet normal 0 0 1
    outer loop
      vertex 86 62 11
      vertex 88.0986 61.4 11
      vertex 86.3921 61.9807 11
    endloop
  endfacet
  facet normal 0 0 1
    outer loop
      vertex 6 61.4 11
      vertex 86 62 11
      vertex 6 62 11
    endloop
  endfacet
  facet normal 0 0 1
    outer loop
      vertex 86 62 11
      vertex 6 61.4 11
      vertex 88.0986 61.4 11
    endloop
  endfacet
  facet normal 0 0 1
    outer loop
      vertex 89.4 60.0986 11
      vertex 90 58 11
      vertex 89.9807 58.3921 11
    endloop
  endfacet
  facet normal 0 0 1
    outer loop
      vertex 90 58 11
      vertex 89.4 60.0986 11
      vertex 90 4 11
    endloop
  endfacet
  facet normal 0 0 1
    outer loop
      vertex 89.4 60.0986 11
      vertex 89.9807 58.3921 11
      vertex 89.9231 58.7804 11
    endloop
  endfacet
  facet normal 0 0 1
    outer loop
      vertex 89.4 1.90138 11
      vertex 90 4 11
      vertex 89.4 60.0986 11
    endloop
  endfacet
  facet normal 0 0 1
    outer loop
      vertex 89.4 60.0986 11
      vertex 89.9231 58.7804 11
      vertex 89.8278 59.1611 11
    endloop
  endfacet
  facet normal 0 0 1
    outer loop
      vertex 90 4 11
      vertex 89.4 1.90138 11
      vertex 89.9807 3.60793 11
    endloop
  endfacet
  facet normal 0 0 1
    outer loop
      vertex 89.4 60.0986 11
      vertex 89.8278 59.1611 11
      vertex 89.6955 59.5307 11
    endloop
  endfacet
  facet normal 0 0 1
    outer loop
      vertex 89.9807 3.60793 11
      vertex 89.4 1.90138 11
      vertex 89.9231 3.21964 11
    endloop
  endfacet
  facet normal 0 0 1
    outer loop
      vertex 89.4 60.0986 11
      vertex 89.6955 59.5307 11
      vertex 89.5277 59.8856 11
    endloop
  endfacet
  facet normal 0 0 1
    outer loop
      vertex 89.9231 3.21964 11
      vertex 89.4 1.90138 11
      vertex 89.8278 2.83886 11
    endloop
  endfacet
  facet normal 0 0 1
    outer loop
      vertex 89.8278 2.83886 11
      vertex 89.4 1.90138 11
      vertex 89.6955 2.46927 11
    endloop
  endfacet
  facet normal 0 0 1
    outer loop
      vertex 89.6955 2.46927 11
      vertex 89.4 1.90138 11
      vertex 89.5277 2.11441 11
    endloop
  endfacet
  facet normal 1 -0 0
    outer loop
      vertex 89.4 1.90138 11.5
      vertex 89.4 60.0986 11
      vertex 89.4 60.0986 11.5
    endloop
  endfacet
  facet normal 1 0 0
    outer loop
      vertex 89.4 60.0986 11
      vertex 89.4 1.90138 11.5
      vertex 89.4 1.90138 11
    endloop
  endfacet
  facet normal 1 -0 0
    outer loop
      vertex 6 0 11.5
      vertex 6 0.599999 11
      vertex 6 0.599999 11.5
    endloop
  endfacet
  facet normal 1 0 0
    outer loop
      vertex 6 0.599999 11
      vertex 6 0 11.5
      vertex 6 0 11
    endloop
  endfacet
  facet normal 0 -1 0
    outer loop
      vertex 6 0.599999 11
      vertex 88.0986 0.599999 11.5
      vertex 6 0.599999 11.5
    endloop
  endfacet
  facet normal 0 -1 -0
    outer loop
      vertex 88.0986 0.599999 11.5
      vertex 6 0.599999 11
      vertex 88.0986 0.599999 11
    endloop
  endfacet
  facet normal 1 -0 0
    outer loop
      vertex 6 61.4 11.5
      vertex 6 62 11
      vertex 6 62 11.5
    endloop
  endfacet
  facet normal 1 0 0
    outer loop
      vertex 6 62 11
      vertex 6 61.4 11.5
      vertex 6 61.4 11
    endloop
  endfacet
  facet normal 0 1 -0
    outer loop
      vertex 88.0986 61.4 11
      vertex 6 61.4 11.5
      vertex 88.0986 61.4 11.5
    endloop
  endfacet
  facet normal 0 1 0
    outer loop
      vertex 6 61.4 11.5
      vertex 88.0986 61.4 11
      vertex 6 61.4 11
    endloop
  endfacet
  facet normal 0 0 -1
    outer loop
      vertex 87.5307 0.304482 12.8333
      vertex 88.0986 0.599999 12.8333
      vertex 87.8856 0.472315 12.8333
    endloop
  endfacet
  facet normal 0 0 -1
    outer loop
      vertex 87.1611 0.172238 12.8333
      vertex 88.0986 0.599999 12.8333
      vertex 87.5307 0.304482 12.8333
    endloop
  endfacet
  facet normal 0 0 -1
    outer loop
      vertex 86.7804 0.0768585 12.8333
      vertex 88.0986 0.599999 12.8333
      vertex 87.1611 0.172238 12.8333
    endloop
  endfacet
  facet normal 0 0 -1
    outer loop
      vertex 86.3921 0.0192604 12.8333
      vertex 88.0986 0.599999 12.8333
      vertex 86.7804 0.0768585 12.8333
    endloop
  endfacet
  facet normal 0 0 -1
    outer loop
      vertex 86 0 12.8333
      vertex 88.0986 0.599999 12.8333
      vertex 86.3921 0.0192604 12.8333
    endloop
  endfacet
  facet normal 0 0 -1
    outer loop
      vertex 6 0.599999 12.8333
      vertex 86 0 12.8333
      vertex 6 0 12.8333
    endloop
  endfacet
  facet normal 0 0 -1
    outer loop
      vertex 86 0 12.8333
      vertex 6 0.599999 12.8333
      vertex 88.0986 0.599999 12.8333
    endloop
  endfacet
  facet normal 0 0 -1
    outer loop
      vertex 88.0986 61.4 12.8333
      vertex 87.5307 61.6955 12.8333
      vertex 87.8856 61.5277 12.8333
    endloop
  endfacet
  facet normal 0 0 -1
    outer loop
      vertex 88.0986 61.4 12.8333
      vertex 87.1611 61.8278 12.8333
      vertex 87.5307 61.6955 12.8333
    endloop
  endfacet
  facet normal 0 0 -1
    outer loop
      vertex 88.0986 61.4 12.8333
      vertex 86.7804 61.9231 12.8333
      vertex 87.1611 61.8278 12.8333
    endloop
  endfacet
  facet normal 0 0 -1
    outer loop
      vertex 88.0986 61.4 12.8333
      vertex 86.3921 61.9807 12.8333
      vertex 86.7804 61.9231 12.8333
    endloop
  endfacet
  facet normal 0 0 -1
    outer loop
      vertex 88.0986 61.4 12.8333
      vertex 86 62 12.8333
      vertex 86.3921 61.9807 12.8333
    endloop
  endfacet
  facet normal 0 0 -1
    outer loop
      vertex 6 61.4 12.8333
      vertex 86 62 12.8333
      vertex 88.0986 61.4 12.8333
    endloop
  endfacet
  facet normal -0 0 -1
    outer loop
      vertex 86 62 12.8333
      vertex 6 61.4 12.8333
      vertex 6 62 12.8333
    endloop
  endfacet
  facet normal 0 0 -1
    outer loop
      vertex 89.4 1.90138 12.8333
      vertex 90 4 12.8333
      vertex 89.9807 3.60793 12.8333
    endloop
  endfacet
  facet normal -0 0 -1
    outer loop
      vertex 90 4 12.8333
      vertex 89.4 1.90138 12.8333
      vertex 90 58 12.8333
    endloop
  endfacet
  facet normal 0 0 -1
    outer loop
      vertex 89.4 1.90138 12.8333
      vertex 89.9807 3.60793 12.8333
      vertex 89.9231 3.21964 12.8333
    endloop
  endfacet
  facet normal 0 0 -1
    outer loop
      vertex 89.4 60.0986 12.8333
      vertex 90 58 12.8333
      vertex 89.4 1.90138 12.8333
    endloop
  endfacet
  facet normal 0 0 -1
    outer loop
      vertex 89.4 1.90138 12.8333
      vertex 89.9231 3.21964 12.8333
      vertex 89.8278 2.83886 12.8333
    endloop
  endfacet
  facet normal 0 0 -1
    outer loop
      vertex 90 58 12.8333
      vertex 89.4 60.0986 12.8333
      vertex 89.9807 58.3921 12.8333
    endloop
  endfacet
  facet normal 0 0 -1
    outer loop
      vertex 89.4 1.90138 12.8333
      vertex 89.8278 2.83886 12.8333
      vertex 89.6955 2.46927 12.8333
    endloop
  endfacet
  facet normal 0 0 -1
    outer loop
      vertex 89.9807 58.3921 12.8333
      vertex 89.4 60.0986 12.8333
      vertex 89.9231 58.7804 12.8333
    endloop
  endfacet
  facet normal 0 0 -1
    outer loop
      vertex 89.4 1.90138 12.8333
      vertex 89.6955 2.46927 12.8333
      vertex 89.5277 2.11441 12.8333
    endloop
  endfacet
  facet normal 0 0 -1
    outer loop
      vertex 89.9231 58.7804 12.8333
      vertex 89.4 60.0986 12.8333
      vertex 89.8278 59.1611 12.8333
    endloop
  endfacet
  facet normal 0 0 -1
    outer loop
      vertex 89.8278 59.1611 12.8333
      vertex 89.4 60.0986 12.8333
      vertex 89.6955 59.5307 12.8333
    endloop
  endfacet
  facet normal 0 0 -1
    outer loop
      vertex 89.6955 59.5307 12.8333
      vertex 89.4 60.0986 12.8333
      vertex 89.5277 59.8856 12.8333
    endloop
  endfacet
  facet normal 0 0 1
    outer loop
      vertex 88.0986 0.599999 12.3333
      vertex 87.5307 0.304482 12.3333
      vertex 87.8856 0.472315 12.3333
    endloop
  endfacet
  facet normal 0 0 1
    outer loop
      vertex 88.0986 0.599999 12.3333
      vertex 87.1611 0.172238 12.3333
      vertex 87.5307 0.304482 12.3333
    endloop
  endfacet
  facet normal 0 0 1
    outer loop
      vertex 88.0986 0.599999 12.3333
      vertex 86.7804 0.0768585 12.3333
      vertex 87.1611 0.172238 12.3333
    endloop
  endfacet
  facet normal 0 0 1
    outer loop
      vertex 88.0986 0.599999 12.3333
      vertex 86.3921 0.0192604 12.3333
      vertex 86.7804 0.0768585 12.3333
    endloop
  endfacet
  facet normal 0 0 1
    outer loop
      vertex 88.0986 0.599999 12.3333
      vertex 86 0 12.3333
      vertex 86.3921 0.0192604 12.3333
    endloop
  endfacet
  facet normal -0 0 1
    outer loop
      vertex 6 0.599999 12.3333
      vertex 86 0 12.3333
      vertex 88.0986 0.599999 12.3333
    endloop
  endfacet
  facet normal 0 0 1
    outer loop
      vertex 86 0 12.3333
      vertex 6 0.599999 12.3333
      vertex 6 0 12.3333
    endloop
  endfacet
  facet normal 0 0 1
    outer loop
      vertex 87.5307 61.6955 12.3333
      vertex 88.0986 61.4 12.3333
      vertex 87.8856 61.5277 12.3333
    endloop
  endfacet
  facet normal 0 0 1
    outer loop
      vertex 87.1611 61.8278 12.3333
      vertex 88.0986 61.4 12.3333
      vertex 87.5307 61.6955 12.3333
    endloop
  endfacet
  facet normal 0 0 1
    outer loop
      vertex 86.7804 61.9231 12.3333
      vertex 88.0986 61.4 12.3333
      vertex 87.1611 61.8278 12.3333
    endloop
  endfacet
  facet normal 0 0 1
    outer loop
      vertex 86.3921 61.9807 12.3333
      vertex 88.0986 61.4 12.3333
      vertex 86.7804 61.9231 12.3333
    endloop
  endfacet
  facet normal 0 0 1
    outer loop
      vertex 86 62 12.3333
      vertex 88.0986 61.4 12.3333
      vertex 86.3921 61.9807 12.3333
    endloop
  endfacet
  facet normal 0 0 1
    outer loop
      vertex 6 61.4 12.3333
      vertex 86 62 12.3333
      vertex 6 62 12.3333
    endloop
  endfacet
  facet normal 0 0 1
    outer loop
      vertex 86 62 12.3333
      vertex 6 61.4 12.3333
      vertex 88.0986 61.4 12.3333
    endloop
  endfacet
  facet normal 0 0 1
    outer loop
      vertex 89.4 60.0986 12.3333
      vertex 90 58 12.3333
      vertex 89.9807 58.3921 12.3333
    endloop
  endfacet
  facet normal 0 0 1
    outer loop
      vertex 90 58 12.3333
      vertex 89.4 60.0986 12.3333
      vertex 90 4 12.3333
    endloop
  endfacet
  facet normal 0 0 1
    outer loop
      vertex 89.4 60.0986 12.3333
      vertex 89.9807 58.3921 12.3333
      vertex 89.9231 58.7804 12.3333
    endloop
  endfacet
  facet normal 0 0 1
    outer loop
      vertex 89.4 1.90138 12.3333
      vertex 90 4 12.3333
      vertex 89.4 60.0986 12.3333
    endloop
  endfacet
  facet normal 0 0 1
    outer loop
      vertex 89.4 60.0986 12.3333
      vertex 89.9231 58.7804 12.3333
      vertex 89.8278 59.1611 12.3333
    endloop
  endfacet
  facet normal 0 0 1
    outer loop
      vertex 90 4 12.3333
      vertex 89.4 1.90138 12.3333
      vertex 89.9807 3.60793 12.3333
    endloop
  endfacet
  facet normal 0 0 1
    outer loop
      vertex 89.4 60.0986 12.3333
      vertex 89.8278 59.1611 12.3333
      vertex 89.6955 59.5307 12.3333
    endloop
  endfacet
  facet normal 0 0 1
    outer loop
      vertex 89.9807 3.60793 12.3333
      vertex 89.4 1.90138 12.3333
      vertex 89.9231 3.21964 12.3333
    endloop
  endfacet
  facet normal 0 0 1
    outer loop
      vertex 89.4 60.0986 12.3333
      vertex 89.6955 59.5307 12.3333
      vertex 89.5277 59.8856 12.3333
    endloop
  endfacet
  facet normal 0 0 1
    outer loop
      vertex 89.9231 3.21964 12.3333
      vertex 89.4 1.90138 12.3333
      vertex 89.8278 2.83886 12.3333
    endloop
  endfacet
  facet normal 0 0 1
    outer loop
      vertex 89.8278 2.83886 12.3333
      vertex 89.4 1.90138 12.3333
      vertex 89.6955 2.46927 12.3333
    endloop
  endfacet
  facet normal 0 0 1
    outer loop
      vertex 89.6955 2.46927 12.3333
      vertex 89.4 1.90138 12.3333
      vertex 89.5277 2.11441 12.3333
    endloop
  endfacet
  facet normal 1 -0 0
    outer loop
      vertex 89.4 1.90138 12.8333
      vertex 89.4 60.0986 12.3333
      vertex 89.4 60.0986 12.8333
    endloop
  endfacet
  facet normal 1 0 0
    outer loop
      vertex 89.4 60.0986 12.3333
      vertex 89.4 1.90138 12.8333
      vertex 89.4 1.90138 12.3333
    endloop
  endfacet
  facet normal 1 -0 0
    outer loop
      vertex 6 0 12.8333
      vertex 6 0.599999 12.3333
      vertex 6 0.599999 12.8333
    endloop
  endfacet
  facet normal 1 0 0
    outer loop
      vertex 6 0.599999 12.3333
      vertex 6 0 12.8333
      vertex 6 0 12.3333
    endloop
  endfacet
  facet normal 0 -1 0
    outer loop
      vertex 6 0.599999 12.3333
      vertex 88.0986 0.599999 12.8333
      vertex 6 0.599999 12.8333
    endloop
  endfacet
  facet normal 0 -1 -0
    outer loop
      vertex 88.0986 0.599999 12.8333
      vertex 6 0.599999 12.3333
      vertex 88.0986 0.599999 12.3333
    endloop
  endfacet
  facet normal 1 -0 0
    outer loop
      vertex 6 61.4 12.8333
      vertex 6 62 12.3333
      vertex 6 62 12.8333
    endloop
  endfacet
  facet normal 1 0 0
    outer loop
      vertex 6 62 12.3333
      vertex 6 61.4 12.8333
      vertex 6 61.4 12.3333
    endloop
  endfacet
  facet normal 0 1 -0
    outer loop
      vertex 88.0986 61.4 12.3333
      vertex 6 61.4 12.8333
      vertex 88.0986 61.4 12.8333
    endloop
  endfacet
  facet normal 0 1 0
    outer loop
      vertex 6 61.4 12.8333
      vertex 88.0986 61.4 12.3333
      vertex 6 61.4 12.3333
    endloop
  endfacet
  facet normal 0 0 -1
    outer loop
      vertex 87.5307 0.304482 14.1667
      vertex 88.0986 0.599999 14.1667
      vertex 87.8856 0.472315 14.1667
    endloop
  endfacet
  facet normal 0 0 -1
    outer loop
      vertex 87.1611 0.172238 14.1667
      vertex 88.0986 0.599999 14.1667
      vertex 87.5307 0.304482 14.1667
    endloop
  endfacet
  facet normal 0 0 -1
    outer loop
      vertex 86.7804 0.0768585 14.1667
      vertex 88.0986 0.599999 14.1667
      vertex 87.1611 0.172238 14.1667
    endloop
  endfacet
  facet normal 0 0 -1
    outer loop
      vertex 86.3921 0.0192604 14.1667
      vertex 88.0986 0.599999 14.1667
      vertex 86.7804 0.0768585 14.1667
    endloop
  endfacet
  facet normal 0 0 -1
    outer loop
      vertex 86 0 14.1667
      vertex 88.0986 0.599999 14.1667
      vertex 86.3921 0.0192604 14.1667
    endloop
  endfacet
  facet normal 0 0 -1
    outer loop
      vertex 6 0.599999 14.1667
      vertex 86 0 14.1667
      vertex 6 0 14.1667
    endloop
  endfacet
  facet normal 0 0 -1
    outer loop
      vertex 86 0 14.1667
      vertex 6 0.599999 14.1667
      vertex 88.0986 0.599999 14.1667
    endloop
  endfacet
  facet normal 0 0 -1
    outer loop
      vertex 88.0986 61.4 14.1667
      vertex 87.5307 61.6955 14.1667
      vertex 87.8856 61.5277 14.1667
    endloop
  endfacet
  facet normal 0 0 -1
    outer loop
      vertex 88.0986 61.4 14.1667
      vertex 87.1611 61.8278 14.1667
      vertex 87.5307 61.6955 14.1667
    endloop
  endfacet
  facet normal 0 0 -1
    outer loop
      vertex 88.0986 61.4 14.1667
      vertex 86.7804 61.9231 14.1667
      vertex 87.1611 61.8278 14.1667
    endloop
  endfacet
  facet normal 0 0 -1
    outer loop
      vertex 88.0986 61.4 14.1667
      vertex 86.3921 61.9807 14.1667
      vertex 86.7804 61.9231 14.1667
    endloop
  endfacet
  facet normal 0 0 -1
    outer loop
      vertex 88.0986 61.4 14.1667
      vertex 86 62 14.1667
      vertex 86.3921 61.9807 14.1667
    endloop
  endfacet
  facet normal 0 0 -1
    outer loop
      vertex 6 61.4 14.1667
      vertex 86 62 14.1667
      vertex 88.0986 61.4 14.1667
    endloop
  endfacet
  facet normal -0 0 -1
    outer loop
      vertex 86 62 14.1667
      vertex 6 61.4 14.1667
      vertex 6 62 14.1667
    endloop
  endfacet
  facet normal 0 0 -1
    outer loop
      vertex 89.4 1.90138 14.1667
      vertex 90 4 14.1667
      vertex 89.9807 3.60793 14.1667
    endloop
  endfacet
  facet normal -0 0 -1
    outer loop
      vertex 90 4 14.1667
      vertex 89.4 1.90138 14.1667
      vertex 90 58 14.1667
    endloop
  endfacet
  facet normal 0 0 -1
    outer loop
      vertex 89.4 1.90138 14.1667
      vertex 89.9807 3.60793 14.1667
      vertex 89.9231 3.21964 14.1667
    endloop
  endfacet
  facet normal 0 0 -1
    outer loop
      vertex 89.4 60.0986 14.1667
      vertex 90 58 14.1667
      vertex 89.4 1.90138 14.1667
    endloop
  endfacet
  facet normal 0 0 -1
    outer loop
      vertex 89.4 1.90138 14.1667
      vertex 89.9231 3.21964 14.1667
      vertex 89.8278 2.83886 14.1667
    endloop
  endfacet
  facet normal 0 0 -1
    outer loop
      vertex 90 58 14.1667
      vertex 89.4 60.0986 14.1667
      vertex 89.9807 58.3921 14.1667
    endloop
  endfacet
  facet normal 0 0 -1
    outer loop
      vertex 89.4 1.90138 14.1667
      vertex 89.8278 2.83886 14.1667
      vertex 89.6955 2.46927 14.1667
    endloop
  endfacet
  facet normal 0 0 -1
    outer loop
      vertex 89.9807 58.3921 14.1667
      vertex 89.4 60.0986 14.1667
      vertex 89.9231 58.7804 14.1667
    endloop
  endfacet
  facet normal 0 0 -1
    outer loop
      vertex 89.4 1.90138 14.1667
      vertex 89.6955 2.46927 14.1667
      vertex 89.5277 2.11441 14.1667
    endloop
  endfacet
  facet normal 0 0 -1
    outer loop
      vertex 89.9231 58.7804 14.1667
      vertex 89.4 60.0986 14.1667
      vertex 89.8278 59.1611 14.1667
    endloop
  endfacet
  facet normal 0 0 -1
    outer loop
      vertex 89.8278 59.1611 14.1667
      vertex 89.4 60.0986 14.1667
      vertex 89.6955 59.5307 14.1667
    endloop
  endfacet
  facet normal 0 0 -1
    outer loop
      vertex 89.6955 59.5307 14.1667
      vertex 89.4 60.0986 14.1667
      vertex 89.5277 59.8856 14.1667
    endloop
  endfacet
  facet normal 0 0 1
    outer loop
      vertex 88.0986 0.599999 13.6667
      vertex 87.5307 0.304482 13.6667
      vertex 87.8856 0.472315 13.6667
    endloop
  endfacet
  facet normal 0 0 1
    outer loop
      vertex 88.0986 0.599999 13.6667
      vertex 87.1611 0.172238 13.6667
      vertex 87.5307 0.304482 13.6667
    endloop
  endfacet
  facet normal 0 0 1
    outer loop
      vertex 88.0986 0.599999 13.6667
      vertex 86.7804 0.0768585 13.6667
      vertex 87.1611 0.172238 13.6667
    endloop
  endfacet
  facet normal 0 0 1
    outer loop
      vertex 88.0986 0.599999 13.6667
      vertex 86.3921 0.0192604 13.6667
      vertex 86.7804 0.0768585 13.6667
    endloop
  endfacet
  facet normal 0 0 1
    outer loop
      vertex 88.0986 0.599999 13.6667
      vertex 86 0 13.6667
      vertex 86.3921 0.0192604 13.6667
    endloop
  endfacet
  facet normal -0 0 1
    outer loop
      vertex 6 0.599999 13.6667
      vertex 86 0 13.6667
      vertex 88.0986 0.599999 13.6667
    endloop
  endfacet
  facet normal 0 0 1
    outer loop
      vertex 86 0 13.6667
      vertex 6 0.599999 13.6667
      vertex 6 0 13.6667
    endloop
  endfacet
  facet normal 0 0 1
    outer loop
      vertex 87.5307 61.6955 13.6667
      vertex 88.0986 61.4 13.6667
      vertex 87.8856 61.5277 13.6667
    endloop
  endfacet
  facet normal 0 0 1
    outer loop
      vertex 87.1611 61.8278 13.6667
      vertex 88.0986 61.4 13.6667
      vertex 87.5307 61.6955 13.6667
    endloop
  endfacet
  facet normal 0 0 1
    outer loop
      vertex 86.7804 61.9231 13.6667
      vertex 88.0986 61.4 13.6667
      vertex 87.1611 61.8278 13.6667
    endloop
  endfacet
  facet normal 0 0 1
    outer loop
      vertex 86.3921 61.9807 13.6667
      vertex 88.0986 61.4 13.6667
      vertex 86.7804 61.9231 13.6667
    endloop
  endfacet
  facet normal 0 0 1
    outer loop
      vertex 86 62 13.6667
      vertex 88.0986 61.4 13.6667
      vertex 86.3921 61.9807 13.6667
    endloop
  endfacet
  facet normal 0 0 1
    outer loop
      vertex 6 61.4 13.6667
      vertex 86 62 13.6667
      vertex 6 62 13.6667
    endloop
  endfacet
  facet normal 0 0 1
    outer loop
      vertex 86 62 13.6667
      vertex 6 61.4 13.6667
      vertex 88.0986 61.4 13.6667
    endloop
  endfacet
  facet normal 0 0 1
    outer loop
      vertex 89.4 60.0986 13.6667
      vertex 90 58 13.6667
      vertex 89.9807 58.3921 13.6667
    endloop
  endfacet
  facet normal 0 0 1
    outer loop
      vertex 90 58 13.6667
      vertex 89.4 60.0986 13.6667
      vertex 90 4 13.6667
    endloop
  endfacet
  facet normal 0 0 1
    outer loop
      vertex 89.4 60.0986 13.6667
      vertex 89.9807 58.3921 13.6667
      vertex 89.9231 58.7804 13.6667
    endloop
  endfacet
  facet normal 0 0 1
    outer loop
      vertex 89.4 1.90138 13.6667
      vertex 90 4 13.6667
      vertex 89.4 60.0986 13.6667
    endloop
  endfacet
  facet normal 0 0 1
    outer loop
      vertex 89.4 60.0986 13.6667
      vertex 89.9231 58.7804 13.6667
      vertex 89.8278 59.1611 13.6667
    endloop
  endfacet
  facet normal 0 0 1
    outer loop
      vertex 90 4 13.6667
      vertex 89.4 1.90138 13.6667
      vertex 89.9807 3.60793 13.6667
    endloop
  endfacet
  facet normal 0 0 1
    outer loop
      vertex 89.4 60.0986 13.6667
      vertex 89.8278 59.1611 13.6667
      vertex 89.6955 59.5307 13.6667
    endloop
  endfacet
  facet normal 0 0 1
    outer loop
      vertex 89.9807 3.60793 13.6667
      vertex 89.4 1.90138 13.6667
      vertex 89.9231 3.21964 13.6667
    endloop
  endfacet
  facet normal 0 0 1
    outer loop
      vertex 89.4 60.0986 13.6667
      vertex 89.6955 59.5307 13.6667
      vertex 89.5277 59.8856 13.6667
    endloop
  endfacet
  facet normal 0 0 1
    outer loop
      vertex 89.9231 3.21964 13.6667
      vertex 89.4 1.90138 13.6667
      vertex 89.8278 2.83886 13.6667
    endloop
  endfacet
  facet normal 0 0 1
    outer loop
      vertex 89.8278 2.83886 13.6667
      vertex 89.4 1.90138 13.6667
      vertex 89.6955 2.46927 13.6667
    endloop
  endfacet
  facet normal 0 0 1
    outer loop
      vertex 89.6955 2.46927 13.6667
      vertex 89.4 1.90138 13.6667
      vertex 89.5277 2.11441 13.6667
    endloop
  endfacet
  facet normal 1 -0 0
    outer loop
      vertex 89.4 1.90138 14.1667
      vertex 89.4 60.0986 13.6667
      vertex 89.4 60.0986 14.1667
    endloop
  endfacet
  facet normal 1 0 0
    outer loop
      vertex 89.4 60.0986 13.6667
      vertex 89.4 1.90138 14.1667
      vertex 89.4 1.90138 13.6667
    endloop
  endfacet
  facet normal 1 -0 0
    outer loop
      vertex 6 0 14.1667
      vertex 6 0.599999 13.6667
      vertex 6 0.599999 14.1667
    endloop
  endfacet
  facet normal 1 0 0
    outer loop
      vertex 6 0.599999 13.6667
      vertex 6 0 14.1667
      vertex 6 0 13.6667
    endloop
  endfacet
  facet normal 0 -1 0
    outer loop
      vertex 6 0.599999 13.6667
      vertex 88.0986 0.599999 14.1667
      vertex 6 0.599999 14.1667
    endloop
  endfacet
  facet normal 0 -1 -0
    outer loop
      vertex 88.0986 0.599999 14.1667
      vertex 6 0.599999 13.6667
      vertex 88.0986 0.599999 13.6667
    endloop
  endfacet
  facet normal 1 -0 0
    outer loop
      vertex 6 61.4 14.1667
      vertex 6 62 13.6667
      vertex 6 62 14.1667
    endloop
  endfacet
  facet normal 1 0 0
    outer loop
      vertex 6 62 13.6667
      vertex 6 61.4 14.1667
      vertex 6 61.4 13.6667
    endloop
  endfacet
  facet normal 0 1 -0
    outer loop
      vertex 88.0986 61.4 13.6667
      vertex 6 61.4 14.1667
      vertex 88.0986 61.4 14.1667
    endloop
  endfacet
  facet normal 0 1 0
    outer loop
      vertex 6 61.4 14.1667
      vertex 88.0986 61.4 13.6667
      vertex 6 61.4 13.6667
    endloop
  endfacet
  facet normal 0 0 -1
    outer loop
      vertex 87.5307 0.304482 15.5
      vertex 88.0986 0.599999 15.5
      vertex 87.8856 0.472315 15.5
    endloop
  endfacet
  facet normal 0 0 -1
    outer loop
      vertex 87.1611 0.172238 15.5
      vertex 88.0986 0.599999 15.5
      vertex 87.5307 0.304482 15.5
    endloop
  endfacet
  facet normal 0 0 -1
    outer loop
      vertex 86.7804 0.0768585 15.5
      vertex 88.0986 0.599999 15.5
      vertex 87.1611 0.172238 15.5
    endloop
  endfacet
  facet normal 0 0 -1
    outer loop
      vertex 86.3921 0.0192604 15.5
      vertex 88.0986 0.599999 15.5
      vertex 86.7804 0.0768585 15.5
    endloop
  endfacet
  facet normal 0 0 -1
    outer loop
      vertex 86 0 15.5
      vertex 88.0986 0.599999 15.5
      vertex 86.3921 0.0192604 15.5
    endloop
  endfacet
  facet normal 0 0 -1
    outer loop
      vertex 6 0.599999 15.5
      vertex 86 0 15.5
      vertex 6 0 15.5
    endloop
  endfacet
  facet normal 0 0 -1
    outer loop
      vertex 86 0 15.5
      vertex 6 0.599999 15.5
      vertex 88.0986 0.599999 15.5
    endloop
  endfacet
  facet normal 0 0 -1
    outer loop
      vertex 88.0986 61.4 15.5
      vertex 87.5307 61.6955 15.5
      vertex 87.8856 61.5277 15.5
    endloop
  endfacet
  facet normal 0 0 -1
    outer loop
      vertex 88.0986 61.4 15.5
      vertex 87.1611 61.8278 15.5
      vertex 87.5307 61.6955 15.5
    endloop
  endfacet
  facet normal 0 0 -1
    outer loop
      vertex 88.0986 61.4 15.5
      vertex 86.7804 61.9231 15.5
      vertex 87.1611 61.8278 15.5
    endloop
  endfacet
  facet normal 0 0 -1
    outer loop
      vertex 88.0986 61.4 15.5
      vertex 86.3921 61.9807 15.5
      vertex 86.7804 61.9231 15.5
    endloop
  endfacet
  facet normal 0 0 -1
    outer loop
      vertex 88.0986 61.4 15.5
      vertex 86 62 15.5
      vertex 86.3921 61.9807 15.5
    endloop
  endfacet
  facet normal 0 0 -1
    outer loop
      vertex 6 61.4 15.5
      vertex 86 62 15.5
      vertex 88.0986 61.4 15.5
    endloop
  endfacet
  facet normal -0 0 -1
    outer loop
      vertex 86 62 15.5
      vertex 6 61.4 15.5
      vertex 6 62 15.5
    endloop
  endfacet
  facet normal 0 0 -1
    outer loop
      vertex 89.4 1.90138 15.5
      vertex 90 4 15.5
      vertex 89.9807 3.60793 15.5
    endloop
  endfacet
  facet normal -0 0 -1
    outer loop
      vertex 90 4 15.5
      vertex 89.4 1.90138 15.5
      vertex 90 58 15.5
    endloop
  endfacet
  facet normal 0 0 -1
    outer loop
      vertex 89.4 1.90138 15.5
      vertex 89.9807 3.60793 15.5
      vertex 89.9231 3.21964 15.5
    endloop
  endfacet
  facet normal 0 0 -1
    outer loop
      vertex 89.4 60.0986 15.5
      vertex 90 58 15.5
      vertex 89.4 1.90138 15.5
    endloop
  endfacet
  facet normal 0 0 -1
    outer loop
      vertex 89.4 1.90138 15.5
      vertex 89.9231 3.21964 15.5
      vertex 89.8278 2.83886 15.5
    endloop
  endfacet
  facet normal 0 0 -1
    outer loop
      vertex 90 58 15.5
      vertex 89.4 60.0986 15.5
      vertex 89.9807 58.3921 15.5
    endloop
  endfacet
  facet normal 0 0 -1
    outer loop
      vertex 89.4 1.90138 15.5
      vertex 89.8278 2.83886 15.5
      vertex 89.6955 2.46927 15.5
    endloop
  endfacet
  facet normal 0 0 -1
    outer loop
      vertex 89.9807 58.3921 15.5
      vertex 89.4 60.0986 15.5
      vertex 89.9231 58.7804 15.5
    endloop
  endfacet
  facet normal 0 0 -1
    outer loop
      vertex 89.4 1.90138 15.5
      vertex 89.6955 2.46927 15.5
      vertex 89.5277 2.11441 15.5
    endloop
  endfacet
  facet normal 0 0 -1
    outer loop
      vertex 89.9231 58.7804 15.5
      vertex 89.4 60.0986 15.5
      vertex 89.8278 59.1611 15.5
    endloop
  endfacet
  facet normal 0 0 -1
    outer loop
      vertex 89.8278 59.1611 15.5
      vertex 89.4 60.0986 15.5
      vertex 89.6955 59.5307 15.5
    endloop
  endfacet
  facet normal 0 0 -1
    outer loop
      vertex 89.6955 59.5307 15.5
      vertex 89.4 60.0986 15.5
      vertex 89.5277 59.8856 15.5
    endloop
  endfacet
  facet normal 0 0 1
    outer loop
      vertex 88.0986 0.599999 15
      vertex 87.5307 0.304482 15
      vertex 87.8856 0.472315 15
    endloop
  endfacet
  facet normal 0 0 1
    outer loop
      vertex 88.0986 0.599999 15
      vertex 87.1611 0.172238 15
      vertex 87.5307 0.304482 15
    endloop
  endfacet
  facet normal 0 0 1
    outer loop
      vertex 88.0986 0.599999 15
      vertex 86.7804 0.0768585 15
      vertex 87.1611 0.172238 15
    endloop
  endfacet
  facet normal 0 0 1
    outer loop
      vertex 88.0986 0.599999 15
      vertex 86.3921 0.0192604 15
      vertex 86.7804 0.0768585 15
    endloop
  endfacet
  facet normal 0 0 1
    outer loop
      vertex 88.0986 0.599999 15
      vertex 86 0 15
      vertex 86.3921 0.0192604 15
    endloop
  endfacet
  facet normal -0 0 1
    outer loop
      vertex 6 0.599999 15
      vertex 86 0 15
      vertex 88.0986 0.599999 15
    endloop
  endfacet
  facet normal 0 0 1
    outer loop
      vertex 86 0 15
      vertex 6 0.599999 15
      vertex 6 0 15
    endloop
  endfacet
  facet normal 0 0 1
    outer loop
      vertex 87.5307 61.6955 15
      vertex 88.0986 61.4 15
      vertex 87.8856 61.5277 15
    endloop
  endfacet
  facet normal 0 0 1
    outer loop
      vertex 87.1611 61.8278 15
      vertex 88.0986 61.4 15
      vertex 87.5307 61.6955 15
    endloop
  endfacet
  facet normal 0 0 1
    outer loop
      vertex 86.7804 61.9231 15
      vertex 88.0986 61.4 15
      vertex 87.1611 61.8278 15
    endloop
  endfacet
  facet normal 0 0 1
    outer loop
      vertex 86.3921 61.9807 15
      vertex 88.0986 61.4 15
      vertex 86.7804 61.9231 15
    endloop
  endfacet
  facet normal 0 0 1
    outer loop
      vertex 86 62 15
      vertex 88.0986 61.4 15
      vertex 86.3921 61.9807 15
    endloop
  endfacet
  facet normal 0 0 1
    outer loop
      vertex 6 61.4 15
      vertex 86 62 15
      vertex 6 62 15
    endloop
  endfacet
  facet normal 0 0 1
    outer loop
      vertex 86 62 15
      vertex 6 61.4 15
      vertex 88.0986 61.4 15
    endloop
  endfacet
  facet normal 0 0 1
    outer loop
      vertex 89.4 60.0986 15
      vertex 90 58 15
      vertex 89.9807 58.3921 15
    endloop
  endfacet
  facet normal 0 0 1
    outer loop
      vertex 90 58 15
      vertex 89.4 60.0986 15
      vertex 90 4 15
    endloop
  endfacet
  facet normal 0 0 1
    outer loop
      vertex 89.4 60.0986 15
      vertex 89.9807 58.3921 15
      vertex 89.9231 58.7804 15
    endloop
  endfacet
  facet normal 0 0 1
    outer loop
      vertex 89.4 1.90138 15
      vertex 90 4 15
      vertex 89.4 60.0986 15
    endloop
  endfacet
  facet normal 0 0 1
    outer loop
      vertex 89.4 60.0986 15
      vertex 89.9231 58.7804 15
      vertex 89.8278 59.1611 15
    endloop
  endfacet
  facet normal 0 0 1
    outer loop
      vertex 90 4 15
      vertex 89.4 1.90138 15
      vertex 89.9807 3.60793 15
    endloop
  endfacet
  facet normal 0 0 1
    outer loop
      vertex 89.4 60.0986 15
      vertex 89.8278 59.1611 15
      vertex 89.6955 59.5307 15
    endloop
  endfacet
  facet normal 0 0 1
    outer loop
      vertex 89.9807 3.60793 15
      vertex 89.4 1.90138 15
      vertex 89.9231 3.21964 15
    endloop
  endfacet
  facet normal 0 0 1
    outer loop
      vertex 89.4 60.0986 15
      vertex 89.6955 59.5307 15
      vertex 89.5277 59.8856 15
    endloop
  endfacet
  facet normal 0 0 1
    outer loop
      vertex 89.9231 3.21964 15
      vertex 89.4 1.90138 15
      vertex 89.8278 2.83886 15
    endloop
  endfacet
  facet normal 0 0 1
    outer loop
      vertex 89.8278 2.83886 15
      vertex 89.4 1.90138 15
      vertex 89.6955 2.46927 15
    endloop
  endfacet
  facet normal 0 0 1
    outer loop
      vertex 89.6955 2.46927 15
      vertex 89.4 1.90138 15
      vertex 89.5277 2.11441 15
    endloop
  endfacet
  facet normal 1 -0 0
    outer loop
      vertex 89.4 1.90138 15.5
      vertex 89.4 60.0986 15
      vertex 89.4 60.0986 15.5
    endloop
  endfacet
  facet normal 1 0 0
    outer loop
      vertex 89.4 60.0986 15
      vertex 89.4 1.90138 15.5
      vertex 89.4 1.90138 15
    endloop
  endfacet
  facet normal 1 -0 0
    outer loop
      vertex 6 0 15.5
      vertex 6 0.599999 15
      vertex 6 0.599999 15.5
    endloop
  endfacet
  facet normal 1 0 0
    outer loop
      vertex 6 0.599999 15
      vertex 6 0 15.5
      vertex 6 0 15
    endloop
  endfacet
  facet normal 0 -1 0
    outer loop
      vertex 6 0.599999 15
      vertex 88.0986 0.599999 15.5
      vertex 6 0.599999 15.5
    endloop
  endfacet
  facet normal 0 -1 -0
    outer loop
      vertex 88.0986 0.599999 15.5
      vertex 6 0.599999 15
      vertex 88.0986 0.599999 15
    endloop
  endfacet
  facet normal 1 -0 0
    outer loop
      vertex 6 61.4 15.5
      vertex 6 62 15
      vertex 6 62 15.5
    endloop
  endfacet
  facet normal 1 0 0
    outer loop
      vertex 6 62 15
      vertex 6 61.4 15.5
      vertex 6 61.4 15
    endloop
  endfacet
  facet normal 0 1 -0
    outer loop
      vertex 88.0986 61.4 15
      vertex 6 61.4 15.5
      vertex 88.0986 61.4 15.5
    endloop
  endfacet
  facet normal 0 1 0
    outer loop
      vertex 6 61.4 15.5
      vertex 88.0986 61.4 15
      vertex 6 61.4 15
    endloop
  endfacet
  facet normal 0 0 -1
    outer loop
      vertex 87.5307 0.304482 16.8333
      vertex 88.0986 0.599999 16.8333
      vertex 87.8856 0.472315 16.8333
    endloop
  endfacet
  facet normal 0 0 -1
    outer loop
      vertex 87.1611 0.172238 16.8333
      vertex 88.0986 0.599999 16.8333
      vertex 87.5307 0.304482 16.8333
    endloop
  endfacet
  facet normal 0 0 -1
    outer loop
      vertex 86.7804 0.0768585 16.8333
      vertex 88.0986 0.599999 16.8333
      vertex 87.1611 0.172238 16.8333
    endloop
  endfacet
  facet normal 0 0 -1
    outer loop
      vertex 86.3921 0.0192604 16.8333
      vertex 88.0986 0.599999 16.8333
      vertex 86.7804 0.0768585 16.8333
    endloop
  endfacet
  facet normal 0 0 -1
    outer loop
      vertex 86 0 16.8333
      vertex 88.0986 0.599999 16.8333
      vertex 86.3921 0.0192604 16.8333
    endloop
  endfacet
  facet normal 0 0 -1
    outer loop
      vertex 6 0.599999 16.8333
      vertex 86 0 16.8333
      vertex 6 0 16.8333
    endloop
  endfacet
  facet normal 0 0 -1
    outer loop
      vertex 86 0 16.8333
      vertex 6 0.599999 16.8333
      vertex 88.0986 0.599999 16.8333
    endloop
  endfacet
  facet normal 0 0 -1
    outer loop
      vertex 88.0986 61.4 16.8333
      vertex 87.5307 61.6955 16.8333
      vertex 87.8856 61.5277 16.8333
    endloop
  endfacet
  facet normal 0 0 -1
    outer loop
      vertex 88.0986 61.4 16.8333
      vertex 87.1611 61.8278 16.8333
      vertex 87.5307 61.6955 16.8333
    endloop
  endfacet
  facet normal 0 0 -1
    outer loop
      vertex 88.0986 61.4 16.8333
      vertex 86.7804 61.9231 16.8333
      vertex 87.1611 61.8278 16.8333
    endloop
  endfacet
  facet normal 0 0 -1
    outer loop
      vertex 88.0986 61.4 16.8333
      vertex 86.3921 61.9807 16.8333
      vertex 86.7804 61.9231 16.8333
    endloop
  endfacet
  facet normal 0 0 -1
    outer loop
      vertex 88.0986 61.4 16.8333
      vertex 86 62 16.8333
      vertex 86.3921 61.9807 16.8333
    endloop
  endfacet
  facet normal 0 0 -1
    outer loop
      vertex 6 61.4 16.8333
      vertex 86 62 16.8333
      vertex 88.0986 61.4 16.8333
    endloop
  endfacet
  facet normal -0 0 -1
    outer loop
      vertex 86 62 16.8333
      vertex 6 61.4 16.8333
      vertex 6 62 16.8333
    endloop
  endfacet
  facet normal 0 0 -1
    outer loop
      vertex 89.4 1.90138 16.8333
      vertex 90 4 16.8333
      vertex 89.9807 3.60793 16.8333
    endloop
  endfacet
  facet normal -0 0 -1
    outer loop
      vertex 90 4 16.8333
      vertex 89.4 1.90138 16.8333
      vertex 90 58 16.8333
    endloop
  endfacet
  facet normal 0 0 -1
    outer loop
      vertex 89.4 1.90138 16.8333
      vertex 89.9807 3.60793 16.8333
      vertex 89.9231 3.21964 16.8333
    endloop
  endfacet
  facet normal 0 0 -1
    outer loop
      vertex 89.4 60.0986 16.8333
      vertex 90 58 16.8333
      vertex 89.4 1.90138 16.8333
    endloop
  endfacet
  facet normal 0 0 -1
    outer loop
      vertex 89.4 1.90138 16.8333
      vertex 89.9231 3.21964 16.8333
      vertex 89.8278 2.83886 16.8333
    endloop
  endfacet
  facet normal 0 0 -1
    outer loop
      vertex 90 58 16.8333
      vertex 89.4 60.0986 16.8333
      vertex 89.9807 58.3921 16.8333
    endloop
  endfacet
  facet normal 0 0 -1
    outer loop
      vertex 89.4 1.90138 16.8333
      vertex 89.8278 2.83886 16.8333
      vertex 89.6955 2.46927 16.8333
    endloop
  endfacet
  facet normal 0 0 -1
    outer loop
      vertex 89.9807 58.3921 16.8333
      vertex 89.4 60.0986 16.8333
      vertex 89.9231 58.7804 16.8333
    endloop
  endfacet
  facet normal 0 0 -1
    outer loop
      vertex 89.4 1.90138 16.8333
      vertex 89.6955 2.46927 16.8333
      vertex 89.5277 2.11441 16.8333
    endloop
  endfacet
  facet normal 0 0 -1
    outer loop
      vertex 89.9231 58.7804 16.8333
      vertex 89.4 60.0986 16.8333
      vertex 89.8278 59.1611 16.8333
    endloop
  endfacet
  facet normal 0 0 -1
    outer loop
      vertex 89.8278 59.1611 16.8333
      vertex 89.4 60.0986 16.8333
      vertex 89.6955 59.5307 16.8333
    endloop
  endfacet
  facet normal 0 0 -1
    outer loop
      vertex 89.6955 59.5307 16.8333
      vertex 89.4 60.0986 16.8333
      vertex 89.5277 59.8856 16.8333
    endloop
  endfacet
  facet normal 0 0 1
    outer loop
      vertex 88.0986 0.599999 16.3333
      vertex 87.5307 0.304482 16.3333
      vertex 87.8856 0.472315 16.3333
    endloop
  endfacet
  facet normal 0 0 1
    outer loop
      vertex 88.0986 0.599999 16.3333
      vertex 87.1611 0.172238 16.3333
      vertex 87.5307 0.304482 16.3333
    endloop
  endfacet
  facet normal 0 0 1
    outer loop
      vertex 88.0986 0.599999 16.3333
      vertex 86.7804 0.0768585 16.3333
      vertex 87.1611 0.172238 16.3333
    endloop
  endfacet
  facet normal 0 0 1
    outer loop
      vertex 88.0986 0.599999 16.3333
      vertex 86.3921 0.0192604 16.3333
      vertex 86.7804 0.0768585 16.3333
    endloop
  endfacet
  facet normal 0 0 1
    outer loop
      vertex 88.0986 0.599999 16.3333
      vertex 86 0 16.3333
      vertex 86.3921 0.0192604 16.3333
    endloop
  endfacet
  facet normal -0 0 1
    outer loop
      vertex 6 0.599999 16.3333
      vertex 86 0 16.3333
      vertex 88.0986 0.599999 16.3333
    endloop
  endfacet
  facet normal 0 0 1
    outer loop
      vertex 86 0 16.3333
      vertex 6 0.599999 16.3333
      vertex 6 0 16.3333
    endloop
  endfacet
  facet normal 0 0 1
    outer loop
      vertex 87.5307 61.6955 16.3333
      vertex 88.0986 61.4 16.3333
      vertex 87.8856 61.5277 16.3333
    endloop
  endfacet
  facet normal 0 0 1
    outer loop
      vertex 87.1611 61.8278 16.3333
      vertex 88.0986 61.4 16.3333
      vertex 87.5307 61.6955 16.3333
    endloop
  endfacet
  facet normal 0 0 1
    outer loop
      vertex 86.7804 61.9231 16.3333
      vertex 88.0986 61.4 16.3333
      vertex 87.1611 61.8278 16.3333
    endloop
  endfacet
  facet normal 0 0 1
    outer loop
      vertex 86.3921 61.9807 16.3333
      vertex 88.0986 61.4 16.3333
      vertex 86.7804 61.9231 16.3333
    endloop
  endfacet
  facet normal 0 0 1
    outer loop
      vertex 86 62 16.3333
      vertex 88.0986 61.4 16.3333
      vertex 86.3921 61.9807 16.3333
    endloop
  endfacet
  facet normal 0 0 1
    outer loop
      vertex 6 61.4 16.3333
      vertex 86 62 16.3333
      vertex 6 62 16.3333
    endloop
  endfacet
  facet normal 0 0 1
    outer loop
      vertex 86 62 16.3333
      vertex 6 61.4 16.3333
      vertex 88.0986 61.4 16.3333
    endloop
  endfacet
  facet normal 0 0 1
    outer loop
      vertex 89.4 60.0986 16.3333
      vertex 90 58 16.3333
      vertex 89.9807 58.3921 16.3333
    endloop
  endfacet
  facet normal 0 0 1
    outer loop
      vertex 90 58 16.3333
      vertex 89.4 60.0986 16.3333
      vertex 90 4 16.3333
    endloop
  endfacet
  facet normal 0 0 1
    outer loop
      vertex 89.4 60.0986 16.3333
      vertex 89.9807 58.3921 16.3333
      vertex 89.9231 58.7804 16.3333
    endloop
  endfacet
  facet normal 0 0 1
    outer loop
      vertex 89.4 1.90138 16.3333
      vertex 90 4 16.3333
      vertex 89.4 60.0986 16.3333
    endloop
  endfacet
  facet normal 0 0 1
    outer loop
      vertex 89.4 60.0986 16.3333
      vertex 89.9231 58.7804 16.3333
      vertex 89.8278 59.1611 16.3333
    endloop
  endfacet
  facet normal 0 0 1
    outer loop
      vertex 90 4 16.3333
      vertex 89.4 1.90138 16.3333
      vertex 89.9807 3.60793 16.3333
    endloop
  endfacet
  facet normal 0 0 1
    outer loop
      vertex 89.4 60.0986 16.3333
      vertex 89.8278 59.1611 16.3333
      vertex 89.6955 59.5307 16.3333
    endloop
  endfacet
  facet normal 0 0 1
    outer loop
      vertex 89.9807 3.60793 16.3333
      vertex 89.4 1.90138 16.3333
      vertex 89.9231 3.21964 16.3333
    endloop
  endfacet
  facet normal 0 0 1
    outer loop
      vertex 89.4 60.0986 16.3333
      vertex 89.6955 59.5307 16.3333
      vertex 89.5277 59.8856 16.3333
    endloop
  endfacet
  facet normal 0 0 1
    outer loop
      vertex 89.9231 3.21964 16.3333
      vertex 89.4 1.90138 16.3333
      vertex 89.8278 2.83886 16.3333
    endloop
  endfacet
  facet normal 0 0 1
    outer loop
      vertex 89.8278 2.83886 16.3333
      vertex 89.4 1.90138 16.3333
      vertex 89.6955 2.46927 16.3333
    endloop
  endfacet
  facet normal 0 0 1
    outer loop
      vertex 89.6955 2.46927 16.3333
      vertex 89.4 1.90138 16.3333
      vertex 89.5277 2.11441 16.3333
    endloop
  endfacet
  facet normal 1 -0 0
    outer loop
      vertex 89.4 1.90138 16.8333
      vertex 89.4 60.0986 16.3333
      vertex 89.4 60.0986 16.8333
    endloop
  endfacet
  facet normal 1 0 0
    outer loop
      vertex 89.4 60.0986 16.3333
      vertex 89.4 1.90138 16.8333
      vertex 89.4 1.90138 16.3333
    endloop
  endfacet
  facet normal 1 -0 0
    outer loop
      vertex 6 0 16.8333
      vertex 6 0.599999 16.3333
      vertex 6 0.599999 16.8333
    endloop
  endfacet
  facet normal 1 0 0
    outer loop
      vertex 6 0.599999 16.3333
      vertex 6 0 16.8333
      vertex 6 0 16.3333
    endloop
  endfacet
  facet normal 0 -1 0
    outer loop
      vertex 6 0.599999 16.3333
      vertex 88.0986 0.599999 16.8333
      vertex 6 0.599999 16.8333
    endloop
  endfacet
  facet normal 0 -1 -0
    outer loop
      vertex 88.0986 0.599999 16.8333
      vertex 6 0.599999 16.3333
      vertex 88.0986 0.599999 16.3333
    endloop
  endfacet
  facet normal 1 -0 0
    outer loop
      vertex 6 61.4 16.8333
      vertex 6 62 16.3333
      vertex 6 62 16.8333
    endloop
  endfacet
  facet normal 1 0 0
    outer loop
      vertex 6 62 16.3333
      vertex 6 61.4 16.8333
      vertex 6 61.4 16.3333
    endloop
  endfacet
  facet normal 0 1 -0
    outer loop
      vertex 88.0986 61.4 16.3333
      vertex 6 61.4 16.8333
      vertex 88.0986 61.4 16.8333
    endloop
  endfacet
  facet normal 0 1 0
    outer loop
      vertex 6 61.4 16.8333
      vertex 88.0986 61.4 16.3333
      vertex 6 61.4 16.3333
    endloop
  endfacet
  facet normal 0 0 -1
    outer loop
      vertex 88.0986 61.4 18.1667
      vertex 87.5307 61.6955 18.1667
      vertex 87.8856 61.5277 18.1667
    endloop
  endfacet
  facet normal 0 0 -1
    outer loop
      vertex 88.0986 61.4 18.1667
      vertex 87.1611 61.8278 18.1667
      vertex 87.5307 61.6955 18.1667
    endloop
  endfacet
  facet normal 0 0 -1
    outer loop
      vertex 88.0986 61.4 18.1667
      vertex 86.7804 61.9231 18.1667
      vertex 87.1611 61.8278 18.1667
    endloop
  endfacet
  facet normal 0 0 -1
    outer loop
      vertex 88.0986 61.4 18.1667
      vertex 86.3921 61.9807 18.1667
      vertex 86.7804 61.9231 18.1667
    endloop
  endfacet
  facet normal 0 0 -1
    outer loop
      vertex 88.0986 61.4 18.1667
      vertex 86 62 18.1667
      vertex 86.3921 61.9807 18.1667
    endloop
  endfacet
  facet normal 0 0 -1
    outer loop
      vertex 6 61.4 18.1667
      vertex 86 62 18.1667
      vertex 88.0986 61.4 18.1667
    endloop
  endfacet
  facet normal -0 0 -1
    outer loop
      vertex 86 62 18.1667
      vertex 6 61.4 18.1667
      vertex 6 62 18.1667
    endloop
  endfacet
  facet normal 0 0 -1
    outer loop
      vertex 87.5307 0.304482 18.1667
      vertex 88.0986 0.599999 18.1667
      vertex 87.8856 0.472315 18.1667
    endloop
  endfacet
  facet normal 0 0 -1
    outer loop
      vertex 87.1611 0.172238 18.1667
      vertex 88.0986 0.599999 18.1667
      vertex 87.5307 0.304482 18.1667
    endloop
  endfacet
  facet normal 0 0 -1
    outer loop
      vertex 86.7804 0.0768585 18.1667
      vertex 88.0986 0.599999 18.1667
      vertex 87.1611 0.172238 18.1667
    endloop
  endfacet
  facet normal 0 0 -1
    outer loop
      vertex 86.3921 0.0192604 18.1667
      vertex 88.0986 0.599999 18.1667
      vertex 86.7804 0.0768585 18.1667
    endloop
  endfacet
  facet normal 0 0 -1
    outer loop
      vertex 86 0 18.1667
      vertex 88.0986 0.599999 18.1667
      vertex 86.3921 0.0192604 18.1667
    endloop
  endfacet
  facet normal 0 0 -1
    outer loop
      vertex 6 0.599999 18.1667
      vertex 86 0 18.1667
      vertex 6 0 18.1667
    endloop
  endfacet
  facet normal 0 0 -1
    outer loop
      vertex 86 0 18.1667
      vertex 6 0.599999 18.1667
      vertex 88.0986 0.599999 18.1667
    endloop
  endfacet
  facet normal 0 0 -1
    outer loop
      vertex 89.4 1.90138 18.1667
      vertex 90 4 18.1667
      vertex 89.9807 3.60793 18.1667
    endloop
  endfacet
  facet normal -0 0 -1
    outer loop
      vertex 90 4 18.1667
      vertex 89.4 1.90138 18.1667
      vertex 90 58 18.1667
    endloop
  endfacet
  facet normal 0 0 -1
    outer loop
      vertex 89.4 1.90138 18.1667
      vertex 89.9807 3.60793 18.1667
      vertex 89.9231 3.21964 18.1667
    endloop
  endfacet
  facet normal 0 0 -1
    outer loop
      vertex 89.4 60.0986 18.1667
      vertex 90 58 18.1667
      vertex 89.4 1.90138 18.1667
    endloop
  endfacet
  facet normal 0 0 -1
    outer loop
      vertex 89.4 1.90138 18.1667
      vertex 89.9231 3.21964 18.1667
      vertex 89.8278 2.83886 18.1667
    endloop
  endfacet
  facet normal 0 0 -1
    outer loop
      vertex 90 58 18.1667
      vertex 89.4 60.0986 18.1667
      vertex 89.9807 58.3921 18.1667
    endloop
  endfacet
  facet normal 0 0 -1
    outer loop
      vertex 89.4 1.90138 18.1667
      vertex 89.8278 2.83886 18.1667
      vertex 89.6955 2.46927 18.1667
    endloop
  endfacet
  facet normal 0 0 -1
    outer loop
      vertex 89.9807 58.3921 18.1667
      vertex 89.4 60.0986 18.1667
      vertex 89.9231 58.7804 18.1667
    endloop
  endfacet
  facet normal 0 0 -1
    outer loop
      vertex 89.4 1.90138 18.1667
      vertex 89.6955 2.46927 18.1667
      vertex 89.5277 2.11441 18.1667
    endloop
  endfacet
  facet normal 0 0 -1
    outer loop
      vertex 89.9231 58.7804 18.1667
      vertex 89.4 60.0986 18.1667
      vertex 89.8278 59.1611 18.1667
    endloop
  endfacet
  facet normal 0 0 -1
    outer loop
      vertex 89.8278 59.1611 18.1667
      vertex 89.4 60.0986 18.1667
      vertex 89.6955 59.5307 18.1667
    endloop
  endfacet
  facet normal 0 0 -1
    outer loop
      vertex 89.6955 59.5307 18.1667
      vertex 89.4 60.0986 18.1667
      vertex 89.5277 59.8856 18.1667
    endloop
  endfacet
  facet normal 0 0 1
    outer loop
      vertex 87.5307 61.6955 17.6667
      vertex 88.0986 61.4 17.6667
      vertex 87.8856 61.5277 17.6667
    endloop
  endfacet
  facet normal 0 0 1
    outer loop
      vertex 87.1611 61.8278 17.6667
      vertex 88.0986 61.4 17.6667
      vertex 87.5307 61.6955 17.6667
    endloop
  endfacet
  facet normal 0 0 1
    outer loop
      vertex 86.7804 61.9231 17.6667
      vertex 88.0986 61.4 17.6667
      vertex 87.1611 61.8278 17.6667
    endloop
  endfacet
  facet normal 0 0 1
    outer loop
      vertex 86.3921 61.9807 17.6667
      vertex 88.0986 61.4 17.6667
      vertex 86.7804 61.9231 17.6667
    endloop
  endfacet
  facet normal 0 0 1
    outer loop
      vertex 86 62 17.6667
      vertex 88.0986 61.4 17.6667
      vertex 86.3921 61.9807 17.6667
    endloop
  endfacet
  facet normal 0 0 1
    outer loop
      vertex 6 61.4 17.6667
      vertex 86 62 17.6667
      vertex 6 62 17.6667
    endloop
  endfacet
  facet normal 0 0 1
    outer loop
      vertex 86 62 17.6667
      vertex 6 61.4 17.6667
      vertex 88.0986 61.4 17.6667
    endloop
  endfacet
  facet normal 0 0 1
    outer loop
      vertex 88.0986 0.599999 17.6667
      vertex 87.5307 0.304482 17.6667
      vertex 87.8856 0.472315 17.6667
    endloop
  endfacet
  facet normal 0 0 1
    outer loop
      vertex 88.0986 0.599999 17.6667
      vertex 87.1611 0.172238 17.6667
      vertex 87.5307 0.304482 17.6667
    endloop
  endfacet
  facet normal 0 0 1
    outer loop
      vertex 88.0986 0.599999 17.6667
      vertex 86.7804 0.0768585 17.6667
      vertex 87.1611 0.172238 17.6667
    endloop
  endfacet
  facet normal 0 0 1
    outer loop
      vertex 88.0986 0.599999 17.6667
      vertex 86.3921 0.0192604 17.6667
      vertex 86.7804 0.0768585 17.6667
    endloop
  endfacet
  facet normal 0 0 1
    outer loop
      vertex 88.0986 0.599999 17.6667
      vertex 86 0 17.6667
      vertex 86.3921 0.0192604 17.6667
    endloop
  endfacet
  facet normal -0 0 1
    outer loop
      vertex 6 0.599999 17.6667
      vertex 86 0 17.6667
      vertex 88.0986 0.599999 17.6667
    endloop
  endfacet
  facet normal 0 0 1
    outer loop
      vertex 86 0 17.6667
      vertex 6 0.599999 17.6667
      vertex 6 0 17.6667
    endloop
  endfacet
  facet normal 0 0 1
    outer loop
      vertex 89.4 60.0986 17.6667
      vertex 90 58 17.6667
      vertex 89.9807 58.3921 17.6667
    endloop
  endfacet
  facet normal 0 0 1
    outer loop
      vertex 90 58 17.6667
      vertex 89.4 60.0986 17.6667
      vertex 90 4 17.6667
    endloop
  endfacet
  facet normal 0 0 1
    outer loop
      vertex 89.4 60.0986 17.6667
      vertex 89.9807 58.3921 17.6667
      vertex 89.9231 58.7804 17.6667
    endloop
  endfacet
  facet normal 0 0 1
    outer loop
      vertex 89.4 1.90138 17.6667
      vertex 90 4 17.6667
      vertex 89.4 60.0986 17.6667
    endloop
  endfacet
  facet normal 0 0 1
    outer loop
      vertex 89.4 60.0986 17.6667
      vertex 89.9231 58.7804 17.6667
      vertex 89.8278 59.1611 17.6667
    endloop
  endfacet
  facet normal 0 0 1
    outer loop
      vertex 90 4 17.6667
      vertex 89.4 1.90138 17.6667
      vertex 89.9807 3.60793 17.6667
    endloop
  endfacet
  facet normal 0 0 1
    outer loop
      vertex 89.4 60.0986 17.6667
      vertex 89.8278 59.1611 17.6667
      vertex 89.6955 59.5307 17.6667
    endloop
  endfacet
  facet normal 0 0 1
    outer loop
      vertex 89.9807 3.60793 17.6667
      vertex 89.4 1.90138 17.6667
      vertex 89.9231 3.21964 17.6667
    endloop
  endfacet
  facet normal 0 0 1
    outer loop
      vertex 89.4 60.0986 17.6667
      vertex 89.6955 59.5307 17.6667
      vertex 89.5277 59.8856 17.6667
    endloop
  endfacet
  facet normal 0 0 1
    outer loop
      vertex 89.9231 3.21964 17.6667
      vertex 89.4 1.90138 17.6667
      vertex 89.8278 2.83886 17.6667
    endloop
  endfacet
  facet normal 0 0 1
    outer loop
      vertex 89.8278 2.83886 17.6667
      vertex 89.4 1.90138 17.6667
      vertex 89.6955 2.46927 17.6667
    endloop
  endfacet
  facet normal 0 0 1
    outer loop
      vertex 89.6955 2.46927 17.6667
      vertex 89.4 1.90138 17.6667
      vertex 89.5277 2.11441 17.6667
    endloop
  endfacet
  facet normal 1 -0 0
    outer loop
      vertex 89.4 1.90138 18.1667
      vertex 89.4 60.0986 17.6667
      vertex 89.4 60.0986 18.1667
    endloop
  endfacet
  facet normal 1 0 0
    outer loop
      vertex 89.4 60.0986 17.6667
      vertex 89.4 1.90138 18.1667
      vertex 89.4 1.90138 17.6667
    endloop
  endfacet
  facet normal 1 -0 0
    outer loop
      vertex 6 0 18.1667
      vertex 6 0.599999 17.6667
      vertex 6 0.599999 18.1667
    endloop
  endfacet
  facet normal 1 0 0
    outer loop
      vertex 6 0.599999 17.6667
      vertex 6 0 18.1667
      vertex 6 0 17.6667
    endloop
  endfacet
  facet normal 0 -1 0
    outer loop
      vertex 6 0.599999 17.6667
      vertex 88.0986 0.599999 18.1667
      vertex 6 0.599999 18.1667
    endloop
  endfacet
  facet normal 0 -1 -0
    outer loop
      vertex 88.0986 0.599999 18.1667
      vertex 6 0.599999 17.6667
      vertex 88.0986 0.599999 17.6667
    endloop
  endfacet
  facet normal 1 -0 0
    outer loop
      vertex 6 61.4 18.1667
      vertex 6 62 17.6667
      vertex 6 62 18.1667
    endloop
  endfacet
  facet normal 1 0 0
    outer loop
      vertex 6 62 17.6667
      vertex 6 61.4 18.1667
      vertex 6 61.4 17.6667
    endloop
  endfacet
  facet normal 0 1 -0
    outer loop
      vertex 88.0986 61.4 17.6667
      vertex 6 61.4 18.1667
      vertex 88.0986 61.4 18.1667
    endloop
  endfacet
  facet normal 0 1 0
    outer loop
      vertex 6 61.4 18.1667
      vertex 88.0986 61.4 17.6667
      vertex 6 61.4 17.6667
    endloop
  endfacet
  facet normal 0 0 -1
    outer loop
      vertex 87.5307 0.304482 19.5
      vertex 88.0986 0.599999 19.5
      vertex 87.8856 0.472315 19.5
    endloop
  endfacet
  facet normal 0 0 -1
    outer loop
      vertex 87.1611 0.172238 19.5
      vertex 88.0986 0.599999 19.5
      vertex 87.5307 0.304482 19.5
    endloop
  endfacet
  facet normal 0 0 -1
    outer loop
      vertex 86.7804 0.0768585 19.5
      vertex 88.0986 0.599999 19.5
      vertex 87.1611 0.172238 19.5
    endloop
  endfacet
  facet normal 0 0 -1
    outer loop
      vertex 86.3921 0.0192604 19.5
      vertex 88.0986 0.599999 19.5
      vertex 86.7804 0.0768585 19.5
    endloop
  endfacet
  facet normal 0 0 -1
    outer loop
      vertex 86 0 19.5
      vertex 88.0986 0.599999 19.5
      vertex 86.3921 0.0192604 19.5
    endloop
  endfacet
  facet normal 0 0 -1
    outer loop
      vertex 6 0.599999 19.5
      vertex 86 0 19.5
      vertex 6 0 19.5
    endloop
  endfacet
  facet normal 0 0 -1
    outer loop
      vertex 86 0 19.5
      vertex 6 0.599999 19.5
      vertex 88.0986 0.599999 19.5
    endloop
  endfacet
  facet normal 0 0 -1
    outer loop
      vertex 88.0986 61.4 19.5
      vertex 87.5307 61.6955 19.5
      vertex 87.8856 61.5277 19.5
    endloop
  endfacet
  facet normal 0 0 -1
    outer loop
      vertex 88.0986 61.4 19.5
      vertex 87.1611 61.8278 19.5
      vertex 87.5307 61.6955 19.5
    endloop
  endfacet
  facet normal 0 0 -1
    outer loop
      vertex 88.0986 61.4 19.5
      vertex 86.7804 61.9231 19.5
      vertex 87.1611 61.8278 19.5
    endloop
  endfacet
  facet normal 0 0 -1
    outer loop
      vertex 88.0986 61.4 19.5
      vertex 86.3921 61.9807 19.5
      vertex 86.7804 61.9231 19.5
    endloop
  endfacet
  facet normal 0 0 -1
    outer loop
      vertex 88.0986 61.4 19.5
      vertex 86 62 19.5
      vertex 86.3921 61.9807 19.5
    endloop
  endfacet
  facet normal 0 0 -1
    outer loop
      vertex 6 61.4 19.5
      vertex 86 62 19.5
      vertex 88.0986 61.4 19.5
    endloop
  endfacet
  facet normal -0 0 -1
    outer loop
      vertex 86 62 19.5
      vertex 6 61.4 19.5
      vertex 6 62 19.5
    endloop
  endfacet
  facet normal 0 0 -1
    outer loop
      vertex 89.4 1.90138 19.5
      vertex 90 4 19.5
      vertex 89.9807 3.60793 19.5
    endloop
  endfacet
  facet normal -0 0 -1
    outer loop
      vertex 90 4 19.5
      vertex 89.4 1.90138 19.5
      vertex 90 58 19.5
    endloop
  endfacet
  facet normal 0 0 -1
    outer loop
      vertex 89.4 1.90138 19.5
      vertex 89.9807 3.60793 19.5
      vertex 89.9231 3.21964 19.5
    endloop
  endfacet
  facet normal 0 0 -1
    outer loop
      vertex 89.4 60.0986 19.5
      vertex 90 58 19.5
      vertex 89.4 1.90138 19.5
    endloop
  endfacet
  facet normal 0 0 -1
    outer loop
      vertex 89.4 1.90138 19.5
      vertex 89.9231 3.21964 19.5
      vertex 89.8278 2.83886 19.5
    endloop
  endfacet
  facet normal 0 0 -1
    outer loop
      vertex 90 58 19.5
      vertex 89.4 60.0986 19.5
      vertex 89.9807 58.3921 19.5
    endloop
  endfacet
  facet normal 0 0 -1
    outer loop
      vertex 89.4 1.90138 19.5
      vertex 89.8278 2.83886 19.5
      vertex 89.6955 2.46927 19.5
    endloop
  endfacet
  facet normal 0 0 -1
    outer loop
      vertex 89.9807 58.3921 19.5
      vertex 89.4 60.0986 19.5
      vertex 89.9231 58.7804 19.5
    endloop
  endfacet
  facet normal 0 0 -1
    outer loop
      vertex 89.4 1.90138 19.5
      vertex 89.6955 2.46927 19.5
      vertex 89.5277 2.11441 19.5
    endloop
  endfacet
  facet normal 0 0 -1
    outer loop
      vertex 89.9231 58.7804 19.5
      vertex 89.4 60.0986 19.5
      vertex 89.8278 59.1611 19.5
    endloop
  endfacet
  facet normal 0 0 -1
    outer loop
      vertex 89.8278 59.1611 19.5
      vertex 89.4 60.0986 19.5
      vertex 89.6955 59.5307 19.5
    endloop
  endfacet
  facet normal 0 0 -1
    outer loop
      vertex 89.6955 59.5307 19.5
      vertex 89.4 60.0986 19.5
      vertex 89.5277 59.8856 19.5
    endloop
  endfacet
  facet normal 0 0 1
    outer loop
      vertex 88.0986 0.599999 19
      vertex 87.5307 0.304482 19
      vertex 87.8856 0.472315 19
    endloop
  endfacet
  facet normal 0 0 1
    outer loop
      vertex 88.0986 0.599999 19
      vertex 87.1611 0.172238 19
      vertex 87.5307 0.304482 19
    endloop
  endfacet
  facet normal 0 0 1
    outer loop
      vertex 88.0986 0.599999 19
      vertex 86.7804 0.0768585 19
      vertex 87.1611 0.172238 19
    endloop
  endfacet
  facet normal 0 0 1
    outer loop
      vertex 88.0986 0.599999 19
      vertex 86.3921 0.0192604 19
      vertex 86.7804 0.0768585 19
    endloop
  endfacet
  facet normal 0 0 1
    outer loop
      vertex 88.0986 0.599999 19
      vertex 86 0 19
      vertex 86.3921 0.0192604 19
    endloop
  endfacet
  facet normal -0 0 1
    outer loop
      vertex 6 0.599999 19
      vertex 86 0 19
      vertex 88.0986 0.599999 19
    endloop
  endfacet
  facet normal 0 0 1
    outer loop
      vertex 86 0 19
      vertex 6 0.599999 19
      vertex 6 0 19
    endloop
  endfacet
  facet normal 0 0 1
    outer loop
      vertex 87.5307 61.6955 19
      vertex 88.0986 61.4 19
      vertex 87.8856 61.5277 19
    endloop
  endfacet
  facet normal 0 0 1
    outer loop
      vertex 87.1611 61.8278 19
      vertex 88.0986 61.4 19
      vertex 87.5307 61.6955 19
    endloop
  endfacet
  facet normal 0 0 1
    outer loop
      vertex 86.7804 61.9231 19
      vertex 88.0986 61.4 19
      vertex 87.1611 61.8278 19
    endloop
  endfacet
  facet normal 0 0 1
    outer loop
      vertex 86.3921 61.9807 19
      vertex 88.0986 61.4 19
      vertex 86.7804 61.9231 19
    endloop
  endfacet
  facet normal 0 0 1
    outer loop
      vertex 86 62 19
      vertex 88.0986 61.4 19
      vertex 86.3921 61.9807 19
    endloop
  endfacet
  facet normal 0 0 1
    outer loop
      vertex 6 61.4 19
      vertex 86 62 19
      vertex 6 62 19
    endloop
  endfacet
  facet normal 0 0 1
    outer loop
      vertex 86 62 19
      vertex 6 61.4 19
      vertex 88.0986 61.4 19
    endloop
  endfacet
  facet normal 0 0 1
    outer loop
      vertex 89.4 60.0986 19
      vertex 90 58 19
      vertex 89.9807 58.3921 19
    endloop
  endfacet
  facet normal 0 0 1
    outer loop
      vertex 90 58 19
      vertex 89.4 60.0986 19
      vertex 90 4 19
    endloop
  endfacet
  facet normal 0 0 1
    outer loop
      vertex 89.4 60.0986 19
      vertex 89.9807 58.3921 19
      vertex 89.9231 58.7804 19
    endloop
  endfacet
  facet normal 0 0 1
    outer loop
      vertex 89.4 1.90138 19
      vertex 90 4 19
      vertex 89.4 60.0986 19
    endloop
  endfacet
  facet normal 0 0 1
    outer loop
      vertex 89.4 60.0986 19
      vertex 89.9231 58.7804 19
      vertex 89.8278 59.1611 19
    endloop
  endfacet
  facet normal 0 0 1
    outer loop
      vertex 90 4 19
      vertex 89.4 1.90138 19
      vertex 89.9807 3.60793 19
    endloop
  endfacet
  facet normal 0 0 1
    outer loop
      vertex 89.4 60.0986 19
      vertex 89.8278 59.1611 19
      vertex 89.6955 59.5307 19
    endloop
  endfacet
  facet normal 0 0 1
    outer loop
      vertex 89.9807 3.60793 19
      vertex 89.4 1.90138 19
      vertex 89.9231 3.21964 19
    endloop
  endfacet
  facet normal 0 0 1
    outer loop
      vertex 89.4 60.0986 19
      vertex 89.6955 59.5307 19
      vertex 89.5277 59.8856 19
    endloop
  endfacet
  facet normal 0 0 1
    outer loop
      vertex 89.9231 3.21964 19
      vertex 89.4 1.90138 19
      vertex 89.8278 2.83886 19
    endloop
  endfacet
  facet normal 0 0 1
    outer loop
      vertex 89.8278 2.83886 19
      vertex 89.4 1.90138 19
      vertex 89.6955 2.46927 19
    endloop
  endfacet
  facet normal 0 0 1
    outer loop
      vertex 89.6955 2.46927 19
      vertex 89.4 1.90138 19
      vertex 89.5277 2.11441 19
    endloop
  endfacet
  facet normal 1 -0 0
    outer loop
      vertex 89.4 1.90138 19.5
      vertex 89.4 60.0986 19
      vertex 89.4 60.0986 19.5
    endloop
  endfacet
  facet normal 1 0 0
    outer loop
      vertex 89.4 60.0986 19
      vertex 89.4 1.90138 19.5
      vertex 89.4 1.90138 19
    endloop
  endfacet
  facet normal 1 -0 0
    outer loop
      vertex 6 0 19.5
      vertex 6 0.599999 19
      vertex 6 0.599999 19.5
    endloop
  endfacet
  facet normal 1 0 0
    outer loop
      vertex 6 0.599999 19
      vertex 6 0 19.5
      vertex 6 0 19
    endloop
  endfacet
  facet normal 0 -1 0
    outer loop
      vertex 6 0.599999 19
      vertex 88.0986 0.599999 19.5
      vertex 6 0.599999 19.5
    endloop
  endfacet
  facet normal 0 -1 -0
    outer loop
      vertex 88.0986 0.599999 19.5
      vertex 6 0.599999 19
      vertex 88.0986 0.599999 19
    endloop
  endfacet
  facet normal 1 -0 0
    outer loop
      vertex 6 61.4 19.5
      vertex 6 62 19
      vertex 6 62 19.5
    endloop
  endfacet
  facet normal 1 0 0
    outer loop
      vertex 6 62 19
      vertex 6 61.4 19.5
      vertex 6 61.4 19
    endloop
  endfacet
  facet normal 0 1 -0
    outer loop
      vertex 88.0986 61.4 19
      vertex 6 61.4 19.5
      vertex 88.0986 61.4 19.5
    endloop
  endfacet
  facet normal 0 1 0
    outer loop
      vertex 6 61.4 19.5
      vertex 88.0986 61.4 19
      vertex 6 61.4 19
    endloop
  endfacet
  facet normal 0 0 -1
    outer loop
      vertex 88.0986 61.4 20.8333
      vertex 87.5307 61.6955 20.8333
      vertex 87.8856 61.5277 20.8333
    endloop
  endfacet
  facet normal 0 0 -1
    outer loop
      vertex 88.0986 61.4 20.8333
      vertex 87.1611 61.8278 20.8333
      vertex 87.5307 61.6955 20.8333
    endloop
  endfacet
  facet normal 0 0 -1
    outer loop
      vertex 88.0986 61.4 20.8333
      vertex 86.7804 61.9231 20.8333
      vertex 87.1611 61.8278 20.8333
    endloop
  endfacet
  facet normal 0 0 -1
    outer loop
      vertex 88.0986 61.4 20.8333
      vertex 86.3921 61.9807 20.8333
      vertex 86.7804 61.9231 20.8333
    endloop
  endfacet
  facet normal 0 0 -1
    outer loop
      vertex 88.0986 61.4 20.8333
      vertex 86 62 20.8333
      vertex 86.3921 61.9807 20.8333
    endloop
  endfacet
  facet normal 0 0 -1
    outer loop
      vertex 6 61.4 20.8333
      vertex 86 62 20.8333
      vertex 88.0986 61.4 20.8333
    endloop
  endfacet
  facet normal -0 0 -1
    outer loop
      vertex 86 62 20.8333
      vertex 6 61.4 20.8333
      vertex 6 62 20.8333
    endloop
  endfacet
  facet normal 0 0 -1
    outer loop
      vertex 87.5307 0.304482 20.8333
      vertex 88.0986 0.599999 20.8333
      vertex 87.8856 0.472315 20.8333
    endloop
  endfacet
  facet normal 0 0 -1
    outer loop
      vertex 87.1611 0.172238 20.8333
      vertex 88.0986 0.599999 20.8333
      vertex 87.5307 0.304482 20.8333
    endloop
  endfacet
  facet normal 0 0 -1
    outer loop
      vertex 86.7804 0.0768585 20.8333
      vertex 88.0986 0.599999 20.8333
      vertex 87.1611 0.172238 20.8333
    endloop
  endfacet
  facet normal 0 0 -1
    outer loop
      vertex 86.3921 0.0192604 20.8333
      vertex 88.0986 0.599999 20.8333
      vertex 86.7804 0.0768585 20.8333
    endloop
  endfacet
  facet normal 0 0 -1
    outer loop
      vertex 86 0 20.8333
      vertex 88.0986 0.599999 20.8333
      vertex 86.3921 0.0192604 20.8333
    endloop
  endfacet
  facet normal 0 0 -1
    outer loop
      vertex 6 0.599999 20.8333
      vertex 86 0 20.8333
      vertex 6 0 20.8333
    endloop
  endfacet
  facet normal 0 0 -1
    outer loop
      vertex 86 0 20.8333
      vertex 6 0.599999 20.8333
      vertex 88.0986 0.599999 20.8333
    endloop
  endfacet
  facet normal 0 0 -1
    outer loop
      vertex 89.4 1.90138 20.8333
      vertex 90 4 20.8333
      vertex 89.9807 3.60793 20.8333
    endloop
  endfacet
  facet normal -0 0 -1
    outer loop
      vertex 90 4 20.8333
      vertex 89.4 1.90138 20.8333
      vertex 90 58 20.8333
    endloop
  endfacet
  facet normal 0 0 -1
    outer loop
      vertex 89.4 1.90138 20.8333
      vertex 89.9807 3.60793 20.8333
      vertex 89.9231 3.21964 20.8333
    endloop
  endfacet
  facet normal 0 0 -1
    outer loop
      vertex 89.4 60.0986 20.8333
      vertex 90 58 20.8333
      vertex 89.4 1.90138 20.8333
    endloop
  endfacet
  facet normal 0 0 -1
    outer loop
      vertex 89.4 1.90138 20.8333
      vertex 89.9231 3.21964 20.8333
      vertex 89.8278 2.83886 20.8333
    endloop
  endfacet
  facet normal 0 0 -1
    outer loop
      vertex 90 58 20.8333
      vertex 89.4 60.0986 20.8333
      vertex 89.9807 58.3921 20.8333
    endloop
  endfacet
  facet normal 0 0 -1
    outer loop
      vertex 89.4 1.90138 20.8333
      vertex 89.8278 2.83886 20.8333
      vertex 89.6955 2.46927 20.8333
    endloop
  endfacet
  facet normal 0 0 -1
    outer loop
      vertex 89.9807 58.3921 20.8333
      vertex 89.4 60.0986 20.8333
      vertex 89.9231 58.7804 20.8333
    endloop
  endfacet
  facet normal 0 0 -1
    outer loop
      vertex 89.4 1.90138 20.8333
      vertex 89.6955 2.46927 20.8333
      vertex 89.5277 2.11441 20.8333
    endloop
  endfacet
  facet normal 0 0 -1
    outer loop
      vertex 89.9231 58.7804 20.8333
      vertex 89.4 60.0986 20.8333
      vertex 89.8278 59.1611 20.8333
    endloop
  endfacet
  facet normal 0 0 -1
    outer loop
      vertex 89.8278 59.1611 20.8333
      vertex 89.4 60.0986 20.8333
      vertex 89.6955 59.5307 20.8333
    endloop
  endfacet
  facet normal 0 0 -1
    outer loop
      vertex 89.6955 59.5307 20.8333
      vertex 89.4 60.0986 20.8333
      vertex 89.5277 59.8856 20.8333
    endloop
  endfacet
  facet normal 0 0 1
    outer loop
      vertex 87.5307 61.6955 20.3333
      vertex 88.0986 61.4 20.3333
      vertex 87.8856 61.5277 20.3333
    endloop
  endfacet
  facet normal 0 0 1
    outer loop
      vertex 87.1611 61.8278 20.3333
      vertex 88.0986 61.4 20.3333
      vertex 87.5307 61.6955 20.3333
    endloop
  endfacet
  facet normal 0 0 1
    outer loop
      vertex 86.7804 61.9231 20.3333
      vertex 88.0986 61.4 20.3333
      vertex 87.1611 61.8278 20.3333
    endloop
  endfacet
  facet normal 0 0 1
    outer loop
      vertex 86.3921 61.9807 20.3333
      vertex 88.0986 61.4 20.3333
      vertex 86.7804 61.9231 20.3333
    endloop
  endfacet
  facet normal 0 0 1
    outer loop
      vertex 86 62 20.3333
      vertex 88.0986 61.4 20.3333
      vertex 86.3921 61.9807 20.3333
    endloop
  endfacet
  facet normal 0 0 1
    outer loop
      vertex 6 61.4 20.3333
      vertex 86 62 20.3333
      vertex 6 62 20.3333
    endloop
  endfacet
  facet normal 0 0 1
    outer loop
      vertex 86 62 20.3333
      vertex 6 61.4 20.3333
      vertex 88.0986 61.4 20.3333
    endloop
  endfacet
  facet normal 0 0 1
    outer loop
      vertex 88.0986 0.599999 20.3333
      vertex 87.5307 0.304482 20.3333
      vertex 87.8856 0.472315 20.3333
    endloop
  endfacet
  facet normal 0 0 1
    outer loop
      vertex 88.0986 0.599999 20.3333
      vertex 87.1611 0.172238 20.3333
      vertex 87.5307 0.304482 20.3333
    endloop
  endfacet
  facet normal 0 0 1
    outer loop
      vertex 88.0986 0.599999 20.3333
      vertex 86.7804 0.0768585 20.3333
      vertex 87.1611 0.172238 20.3333
    endloop
  endfacet
  facet normal 0 0 1
    outer loop
      vertex 88.0986 0.599999 20.3333
      vertex 86.3921 0.0192604 20.3333
      vertex 86.7804 0.0768585 20.3333
    endloop
  endfacet
  facet normal 0 0 1
    outer loop
      vertex 88.0986 0.599999 20.3333
      vertex 86 0 20.3333
      vertex 86.3921 0.0192604 20.3333
    endloop
  endfacet
  facet normal -0 0 1
    outer loop
      vertex 6 0.599999 20.3333
      vertex 86 0 20.3333
      vertex 88.0986 0.599999 20.3333
    endloop
  endfacet
  facet normal 0 0 1
    outer loop
      vertex 86 0 20.3333
      vertex 6 0.599999 20.3333
      vertex 6 0 20.3333
    endloop
  endfacet
  facet normal 0 0 1
    outer loop
      vertex 89.4 60.0986 20.3333
      vertex 90 58 20.3333
      vertex 89.9807 58.3921 20.3333
    endloop
  endfacet
  facet normal 0 0 1
    outer loop
      vertex 90 58 20.3333
      vertex 89.4 60.0986 20.3333
      vertex 90 4 20.3333
    endloop
  endfacet
  facet normal 0 0 1
    outer loop
      vertex 89.4 60.0986 20.3333
      vertex 89.9807 58.3921 20.3333
      vertex 89.9231 58.7804 20.3333
    endloop
  endfacet
  facet normal 0 0 1
    outer loop
      vertex 89.4 1.90138 20.3333
      vertex 90 4 20.3333
      vertex 89.4 60.0986 20.3333
    endloop
  endfacet
  facet normal 0 0 1
    outer loop
      vertex 89.4 60.0986 20.3333
      vertex 89.9231 58.7804 20.3333
      vertex 89.8278 59.1611 20.3333
    endloop
  endfacet
  facet normal 0 0 1
    outer loop
      vertex 90 4 20.3333
      vertex 89.4 1.90138 20.3333
      vertex 89.9807 3.60793 20.3333
    endloop
  endfacet
  facet normal 0 0 1
    outer loop
      vertex 89.4 60.0986 20.3333
      vertex 89.8278 59.1611 20.3333
      vertex 89.6955 59.5307 20.3333
    endloop
  endfacet
  facet normal 0 0 1
    outer loop
      vertex 89.9807 3.60793 20.3333
      vertex 89.4 1.90138 20.3333
      vertex 89.9231 3.21964 20.3333
    endloop
  endfacet
  facet normal 0 0 1
    outer loop
      vertex 89.4 60.0986 20.3333
      vertex 89.6955 59.5307 20.3333
      vertex 89.5277 59.8856 20.3333
    endloop
  endfacet
  facet normal 0 0 1
    outer loop
      vertex 89.9231 3.21964 20.3333
      vertex 89.4 1.90138 20.3333
      vertex 89.8278 2.83886 20.3333
    endloop
  endfacet
  facet normal 0 0 1
    outer loop
      vertex 89.8278 2.83886 20.3333
      vertex 89.4 1.90138 20.3333
      vertex 89.6955 2.46927 20.3333
    endloop
  endfacet
  facet normal 0 0 1
    outer loop
      vertex 89.6955 2.46927 20.3333
      vertex 89.4 1.90138 20.3333
      vertex 89.5277 2.11441 20.3333
    endloop
  endfacet
  facet normal 1 -0 0
    outer loop
      vertex 89.4 1.90138 20.8333
      vertex 89.4 60.0986 20.3333
      vertex 89.4 60.0986 20.8333
    endloop
  endfacet
  facet normal 1 0 0
    outer loop
      vertex 89.4 60.0986 20.3333
      vertex 89.4 1.90138 20.8333
      vertex 89.4 1.90138 20.3333
    endloop
  endfacet
  facet normal 1 -0 0
    outer loop
      vertex 6 0 20.8333
      vertex 6 0.599999 20.3333
      vertex 6 0.599999 20.8333
    endloop
  endfacet
  facet normal 1 0 0
    outer loop
      vertex 6 0.599999 20.3333
      vertex 6 0 20.8333
      vertex 6 0 20.3333
    endloop
  endfacet
  facet normal 0 -1 0
    outer loop
      vertex 6 0.599999 20.3333
      vertex 88.0986 0.599999 20.8333
      vertex 6 0.599999 20.8333
    endloop
  endfacet
  facet normal 0 -1 -0
    outer loop
      vertex 88.0986 0.599999 20.8333
      vertex 6 0.599999 20.3333
      vertex 88.0986 0.599999 20.3333
    endloop
  endfacet
  facet normal 1 -0 0
    outer loop
      vertex 6 61.4 20.8333
      vertex 6 62 20.3333
      vertex 6 62 20.8333
    endloop
  endfacet
  facet normal 1 0 0
    outer loop
      vertex 6 62 20.3333
      vertex 6 61.4 20.8333
      vertex 6 61.4 20.3333
    endloop
  endfacet
  facet normal 0 1 -0
    outer loop
      vertex 88.0986 61.4 20.3333
      vertex 6 61.4 20.8333
      vertex 88.0986 61.4 20.8333
    endloop
  endfacet
  facet normal 0 1 0
    outer loop
      vertex 6 61.4 20.8333
      vertex 88.0986 61.4 20.3333
      vertex 6 61.4 20.3333
    endloop
  endfacet
  facet normal 0 0 -1
    outer loop
      vertex 87.5307 0.304482 22.1667
      vertex 88.0986 0.599999 22.1667
      vertex 87.8856 0.472315 22.1667
    endloop
  endfacet
  facet normal 0 0 -1
    outer loop
      vertex 87.1611 0.172238 22.1667
      vertex 88.0986 0.599999 22.1667
      vertex 87.5307 0.304482 22.1667
    endloop
  endfacet
  facet normal 0 0 -1
    outer loop
      vertex 86.7804 0.0768585 22.1667
      vertex 88.0986 0.599999 22.1667
      vertex 87.1611 0.172238 22.1667
    endloop
  endfacet
  facet normal 0 0 -1
    outer loop
      vertex 86.3921 0.0192604 22.1667
      vertex 88.0986 0.599999 22.1667
      vertex 86.7804 0.0768585 22.1667
    endloop
  endfacet
  facet normal 0 0 -1
    outer loop
      vertex 86 0 22.1667
      vertex 88.0986 0.599999 22.1667
      vertex 86.3921 0.0192604 22.1667
    endloop
  endfacet
  facet normal 0 0 -1
    outer loop
      vertex 6 0.599999 22.1667
      vertex 86 0 22.1667
      vertex 6 0 22.1667
    endloop
  endfacet
  facet normal 0 0 -1
    outer loop
      vertex 86 0 22.1667
      vertex 6 0.599999 22.1667
      vertex 88.0986 0.599999 22.1667
    endloop
  endfacet
  facet normal 0 0 -1
    outer loop
      vertex 88.0986 61.4 22.1667
      vertex 87.5307 61.6955 22.1667
      vertex 87.8856 61.5277 22.1667
    endloop
  endfacet
  facet normal 0 0 -1
    outer loop
      vertex 88.0986 61.4 22.1667
      vertex 87.1611 61.8278 22.1667
      vertex 87.5307 61.6955 22.1667
    endloop
  endfacet
  facet normal 0 0 -1
    outer loop
      vertex 88.0986 61.4 22.1667
      vertex 86.7804 61.9231 22.1667
      vertex 87.1611 61.8278 22.1667
    endloop
  endfacet
  facet normal 0 0 -1
    outer loop
      vertex 88.0986 61.4 22.1667
      vertex 86.3921 61.9807 22.1667
      vertex 86.7804 61.9231 22.1667
    endloop
  endfacet
  facet normal 0 0 -1
    outer loop
      vertex 88.0986 61.4 22.1667
      vertex 86 62 22.1667
      vertex 86.3921 61.9807 22.1667
    endloop
  endfacet
  facet normal 0 0 -1
    outer loop
      vertex 6 61.4 22.1667
      vertex 86 62 22.1667
      vertex 88.0986 61.4 22.1667
    endloop
  endfacet
  facet normal -0 0 -1
    outer loop
      vertex 86 62 22.1667
      vertex 6 61.4 22.1667
      vertex 6 62 22.1667
    endloop
  endfacet
  facet normal 0 0 -1
    outer loop
      vertex 89.4 1.90138 22.1667
      vertex 90 4 22.1667
      vertex 89.9807 3.60793 22.1667
    endloop
  endfacet
  facet normal -0 0 -1
    outer loop
      vertex 90 4 22.1667
      vertex 89.4 1.90138 22.1667
      vertex 90 58 22.1667
    endloop
  endfacet
  facet normal 0 0 -1
    outer loop
      vertex 89.4 1.90138 22.1667
      vertex 89.9807 3.60793 22.1667
      vertex 89.9231 3.21964 22.1667
    endloop
  endfacet
  facet normal 0 0 -1
    outer loop
      vertex 89.4 60.0986 22.1667
      vertex 90 58 22.1667
      vertex 89.4 1.90138 22.1667
    endloop
  endfacet
  facet normal 0 0 -1
    outer loop
      vertex 89.4 1.90138 22.1667
      vertex 89.9231 3.21964 22.1667
      vertex 89.8278 2.83886 22.1667
    endloop
  endfacet
  facet normal 0 0 -1
    outer loop
      vertex 90 58 22.1667
      vertex 89.4 60.0986 22.1667
      vertex 89.9807 58.3921 22.1667
    endloop
  endfacet
  facet normal 0 0 -1
    outer loop
      vertex 89.4 1.90138 22.1667
      vertex 89.8278 2.83886 22.1667
      vertex 89.6955 2.46927 22.1667
    endloop
  endfacet
  facet normal 0 0 -1
    outer loop
      vertex 89.9807 58.3921 22.1667
      vertex 89.4 60.0986 22.1667
      vertex 89.9231 58.7804 22.1667
    endloop
  endfacet
  facet normal 0 0 -1
    outer loop
      vertex 89.4 1.90138 22.1667
      vertex 89.6955 2.46927 22.1667
      vertex 89.5277 2.11441 22.1667
    endloop
  endfacet
  facet normal 0 0 -1
    outer loop
      vertex 89.9231 58.7804 22.1667
      vertex 89.4 60.0986 22.1667
      vertex 89.8278 59.1611 22.1667
    endloop
  endfacet
  facet normal 0 0 -1
    outer loop
      vertex 89.8278 59.1611 22.1667
      vertex 89.4 60.0986 22.1667
      vertex 89.6955 59.5307 22.1667
    endloop
  endfacet
  facet normal 0 0 -1
    outer loop
      vertex 89.6955 59.5307 22.1667
      vertex 89.4 60.0986 22.1667
      vertex 89.5277 59.8856 22.1667
    endloop
  endfacet
  facet normal 0 0 1
    outer loop
      vertex 88.0986 0.599999 21.6667
      vertex 87.5307 0.304482 21.6667
      vertex 87.8856 0.472315 21.6667
    endloop
  endfacet
  facet normal 0 0 1
    outer loop
      vertex 88.0986 0.599999 21.6667
      vertex 87.1611 0.172238 21.6667
      vertex 87.5307 0.304482 21.6667
    endloop
  endfacet
  facet normal 0 0 1
    outer loop
      vertex 88.0986 0.599999 21.6667
      vertex 86.7804 0.0768585 21.6667
      vertex 87.1611 0.172238 21.6667
    endloop
  endfacet
  facet normal 0 0 1
    outer loop
      vertex 88.0986 0.599999 21.6667
      vertex 86.3921 0.0192604 21.6667
      vertex 86.7804 0.0768585 21.6667
    endloop
  endfacet
  facet normal 0 0 1
    outer loop
      vertex 88.0986 0.599999 21.6667
      vertex 86 0 21.6667
      vertex 86.3921 0.0192604 21.6667
    endloop
  endfacet
  facet normal -0 0 1
    outer loop
      vertex 6 0.599999 21.6667
      vertex 86 0 21.6667
      vertex 88.0986 0.599999 21.6667
    endloop
  endfacet
  facet normal 0 0 1
    outer loop
      vertex 86 0 21.6667
      vertex 6 0.599999 21.6667
      vertex 6 0 21.6667
    endloop
  endfacet
  facet normal 0 0 1
    outer loop
      vertex 87.5307 61.6955 21.6667
      vertex 88.0986 61.4 21.6667
      vertex 87.8856 61.5277 21.6667
    endloop
  endfacet
  facet normal 0 0 1
    outer loop
      vertex 87.1611 61.8278 21.6667
      vertex 88.0986 61.4 21.6667
      vertex 87.5307 61.6955 21.6667
    endloop
  endfacet
  facet normal 0 0 1
    outer loop
      vertex 86.7804 61.9231 21.6667
      vertex 88.0986 61.4 21.6667
      vertex 87.1611 61.8278 21.6667
    endloop
  endfacet
  facet normal 0 0 1
    outer loop
      vertex 86.3921 61.9807 21.6667
      vertex 88.0986 61.4 21.6667
      vertex 86.7804 61.9231 21.6667
    endloop
  endfacet
  facet normal 0 0 1
    outer loop
      vertex 86 62 21.6667
      vertex 88.0986 61.4 21.6667
      vertex 86.3921 61.9807 21.6667
    endloop
  endfacet
  facet normal 0 0 1
    outer loop
      vertex 6 61.4 21.6667
      vertex 86 62 21.6667
      vertex 6 62 21.6667
    endloop
  endfacet
  facet normal 0 0 1
    outer loop
      vertex 86 62 21.6667
      vertex 6 61.4 21.6667
      vertex 88.0986 61.4 21.6667
    endloop
  endfacet
  facet normal 0 0 1
    outer loop
      vertex 89.4 60.0986 21.6667
      vertex 90 58 21.6667
      vertex 89.9807 58.3921 21.6667
    endloop
  endfacet
  facet normal 0 0 1
    outer loop
      vertex 90 58 21.6667
      vertex 89.4 60.0986 21.6667
      vertex 90 4 21.6667
    endloop
  endfacet
  facet normal 0 0 1
    outer loop
      vertex 89.4 60.0986 21.6667
      vertex 89.9807 58.3921 21.6667
      vertex 89.9231 58.7804 21.6667
    endloop
  endfacet
  facet normal 0 0 1
    outer loop
      vertex 89.4 1.90138 21.6667
      vertex 90 4 21.6667
      vertex 89.4 60.0986 21.6667
    endloop
  endfacet
  facet normal 0 0 1
    outer loop
      vertex 89.4 60.0986 21.6667
      vertex 89.9231 58.7804 21.6667
      vertex 89.8278 59.1611 21.6667
    endloop
  endfacet
  facet normal 0 0 1
    outer loop
      vertex 90 4 21.6667
      vertex 89.4 1.90138 21.6667
      vertex 89.9807 3.60793 21.6667
    endloop
  endfacet
  facet normal 0 0 1
    outer loop
      vertex 89.4 60.0986 21.6667
      vertex 89.8278 59.1611 21.6667
      vertex 89.6955 59.5307 21.6667
    endloop
  endfacet
  facet normal 0 0 1
    outer loop
      vertex 89.9807 3.60793 21.6667
      vertex 89.4 1.90138 21.6667
      vertex 89.9231 3.21964 21.6667
    endloop
  endfacet
  facet normal 0 0 1
    outer loop
      vertex 89.4 60.0986 21.6667
      vertex 89.6955 59.5307 21.6667
      vertex 89.5277 59.8856 21.6667
    endloop
  endfacet
  facet normal 0 0 1
    outer loop
      vertex 89.9231 3.21964 21.6667
      vertex 89.4 1.90138 21.6667
      vertex 89.8278 2.83886 21.6667
    endloop
  endfacet
  facet normal 0 0 1
    outer loop
      vertex 89.8278 2.83886 21.6667
      vertex 89.4 1.90138 21.6667
      vertex 89.6955 2.46927 21.6667
    endloop
  endfacet
  facet normal 0 0 1
    outer loop
      vertex 89.6955 2.46927 21.6667
      vertex 89.4 1.90138 21.6667
      vertex 89.5277 2.11441 21.6667
    endloop
  endfacet
  facet normal 1 -0 0
    outer loop
      vertex 89.4 1.90138 22.1667
      vertex 89.4 60.0986 21.6667
      vertex 89.4 60.0986 22.1667
    endloop
  endfacet
  facet normal 1 0 0
    outer loop
      vertex 89.4 60.0986 21.6667
      vertex 89.4 1.90138 22.1667
      vertex 89.4 1.90138 21.6667
    endloop
  endfacet
  facet normal 1 -0 0
    outer loop
      vertex 6 0 22.1667
      vertex 6 0.599999 21.6667
      vertex 6 0.599999 22.1667
    endloop
  endfacet
  facet normal 1 0 0
    outer loop
      vertex 6 0.599999 21.6667
      vertex 6 0 22.1667
      vertex 6 0 21.6667
    endloop
  endfacet
  facet normal 0 -1 0
    outer loop
      vertex 6 0.599999 21.6667
      vertex 88.0986 0.599999 22.1667
      vertex 6 0.599999 22.1667
    endloop
  endfacet
  facet normal 0 -1 -0
    outer loop
      vertex 88.0986 0.599999 22.1667
      vertex 6 0.599999 21.6667
      vertex 88.0986 0.599999 21.6667
    endloop
  endfacet
  facet normal 1 -0 0
    outer loop
      vertex 6 61.4 22.1667
      vertex 6 62 21.6667
      vertex 6 62 22.1667
    endloop
  endfacet
  facet normal 1 0 0
    outer loop
      vertex 6 62 21.6667
      vertex 6 61.4 22.1667
      vertex 6 61.4 21.6667
    endloop
  endfacet
  facet normal 0 1 -0
    outer loop
      vertex 88.0986 61.4 21.6667
      vertex 6 61.4 22.1667
      vertex 88.0986 61.4 22.1667
    endloop
  endfacet
  facet normal 0 1 0
    outer loop
      vertex 6 61.4 22.1667
      vertex 88.0986 61.4 21.6667
      vertex 6 61.4 21.6667
    endloop
  endfacet
  facet normal -0.989176 -0.146732 0
    outer loop
      vertex 0.0768585 3.21964 0
      vertex 0.0192604 3.60793 23
      vertex 0.0192604 3.60793 0
    endloop
  endfacet
  facet normal -0.989176 -0.146732 0
    outer loop
      vertex 0.0192604 3.60793 23
      vertex 0.0768585 3.21964 0
      vertex 0.0768585 3.21964 23
    endloop
  endfacet
  facet normal -0.514106 -0.857727 0
    outer loop
      vertex 1.77772 0.674121 0
      vertex 2.11441 0.472315 23
      vertex 1.77772 0.674121 23
    endloop
  endfacet
  facet normal -0.514106 -0.857727 -0
    outer loop
      vertex 2.11441 0.472315 23
      vertex 1.77772 0.674121 0
      vertex 2.11441 0.472315 0
    endloop
  endfacet
  facet normal -0.998796 -0.0490657 0
    outer loop
      vertex 0.0192604 3.60793 0
      vertex 0 4 23
      vertex 0 4 0
    endloop
  endfacet
  facet normal -0.998796 -0.0490657 0
    outer loop
      vertex 0 4 23
      vertex 0.0192604 3.60793 0
      vertex 0.0192604 3.60793 23
    endloop
  endfacet
  facet normal 0.243026 -0.97002 0
    outer loop
      vertex 86.7804 0.0768585 22.1667
      vertex 87.1611 0.172238 23
      vertex 86.7804 0.0768585 23
    endloop
  endfacet
  facet normal 0.243026 -0.97002 0
    outer loop
      vertex 87.1611 0.172238 23
      vertex 86.7804 0.0768585 22.1667
      vertex 87.1611 0.172238 22.1667
    endloop
  endfacet
  facet normal 0.243026 -0.97002 0
    outer loop
      vertex 86.7804 0.0768585 0
      vertex 87.1611 0.172238 4.33333
      vertex 86.7804 0.0768585 4.33333
    endloop
  endfacet
  facet normal 0.243026 -0.97002 0
    outer loop
      vertex 87.1611 0.172238 4.33333
      vertex 86.7804 0.0768585 0
      vertex 87.1611 0.172238 0
    endloop
  endfacet
  facet normal 0.243026 -0.97002 0
    outer loop
      vertex 86.7804 0.0768585 4.83333
      vertex 87.1611 0.172238 5.66667
      vertex 86.7804 0.0768585 5.66667
    endloop
  endfacet
  facet normal 0.243026 -0.97002 0
    outer loop
      vertex 87.1611 0.172238 5.66667
      vertex 86.7804 0.0768585 4.83333
      vertex 87.1611 0.172238 4.83333
    endloop
  endfacet
  facet normal 0.243026 -0.97002 0
    outer loop
      vertex 86.7804 0.0768585 6.16667
      vertex 87.1611 0.172238 7
      vertex 86.7804 0.0768585 7
    endloop
  endfacet
  facet normal 0.243026 -0.97002 0
    outer loop
      vertex 87.1611 0.172238 7
      vertex 86.7804 0.0768585 6.16667
      vertex 87.1611 0.172238 6.16667
    endloop
  endfacet
  facet normal 0.243026 -0.97002 0
    outer loop
      vertex 86.7804 0.0768585 7.5
      vertex 87.1611 0.172238 8.33333
      vertex 86.7804 0.0768585 8.33333
    endloop
  endfacet
  facet normal 0.243026 -0.97002 0
    outer loop
      vertex 87.1611 0.172238 8.33333
      vertex 86.7804 0.0768585 7.5
      vertex 87.1611 0.172238 7.5
    endloop
  endfacet
  facet normal 0.243026 -0.97002 0
    outer loop
      vertex 86.7804 0.0768585 8.83333
      vertex 87.1611 0.172238 9.66667
      vertex 86.7804 0.0768585 9.66667
    endloop
  endfacet
  facet normal 0.243026 -0.97002 0
    outer loop
      vertex 87.1611 0.172238 9.66667
      vertex 86.7804 0.0768585 8.83333
      vertex 87.1611 0.172238 8.83333
    endloop
  endfacet
  facet normal 0.243026 -0.97002 0
    outer loop
      vertex 86.7804 0.0768585 10.1667
      vertex 87.1611 0.172238 11
      vertex 86.7804 0.0768585 11
    endloop
  endfacet
  facet normal 0.243026 -0.97002 0
    outer loop
      vertex 87.1611 0.172238 11
      vertex 86.7804 0.0768585 10.1667
      vertex 87.1611 0.172238 10.1667
    endloop
  endfacet
  facet normal 0.243026 -0.97002 0
    outer loop
      vertex 86.7804 0.0768585 11.5
      vertex 87.1611 0.172238 12.3333
      vertex 86.7804 0.0768585 12.3333
    endloop
  endfacet
  facet normal 0.243026 -0.97002 0
    outer loop
      vertex 87.1611 0.172238 12.3333
      vertex 86.7804 0.0768585 11.5
      vertex 87.1611 0.172238 11.5
    endloop
  endfacet
  facet normal 0.243026 -0.97002 0
    outer loop
      vertex 86.7804 0.0768585 12.8333
      vertex 87.1611 0.172238 13.6667
      vertex 86.7804 0.0768585 13.6667
    endloop
  endfacet
  facet normal 0.243026 -0.97002 0
    outer loop
      vertex 87.1611 0.172238 13.6667
      vertex 86.7804 0.0768585 12.8333
      vertex 87.1611 0.172238 12.8333
    endloop
  endfacet
  facet normal 0.243026 -0.97002 0
    outer loop
      vertex 86.7804 0.0768585 14.1667
      vertex 87.1611 0.172238 15
      vertex 86.7804 0.0768585 15
    endloop
  endfacet
  facet normal 0.243026 -0.97002 0
    outer loop
      vertex 87.1611 0.172238 15
      vertex 86.7804 0.0768585 14.1667
      vertex 87.1611 0.172238 14.1667
    endloop
  endfacet
  facet normal 0.243026 -0.97002 0
    outer loop
      vertex 86.7804 0.0768585 15.5
      vertex 87.1611 0.172238 16.3333
      vertex 86.7804 0.0768585 16.3333
    endloop
  endfacet
  facet normal 0.243026 -0.97002 0
    outer loop
      vertex 87.1611 0.172238 16.3333
      vertex 86.7804 0.0768585 15.5
      vertex 87.1611 0.172238 15.5
    endloop
  endfacet
  facet normal 0.243026 -0.97002 0
    outer loop
      vertex 86.7804 0.0768585 16.8333
      vertex 87.1611 0.172238 17.6667
      vertex 86.7804 0.0768585 17.6667
    endloop
  endfacet
  facet normal 0.243026 -0.97002 0
    outer loop
      vertex 87.1611 0.172238 17.6667
      vertex 86.7804 0.0768585 16.8333
      vertex 87.1611 0.172238 16.8333
    endloop
  endfacet
  facet normal 0.243026 -0.97002 0
    outer loop
      vertex 86.7804 0.0768585 18.1667
      vertex 87.1611 0.172238 19
      vertex 86.7804 0.0768585 19
    endloop
  endfacet
  facet normal 0.243026 -0.97002 0
    outer loop
      vertex 87.1611 0.172238 19
      vertex 86.7804 0.0768585 18.1667
      vertex 87.1611 0.172238 18.1667
    endloop
  endfacet
  facet normal 0.243026 -0.97002 0
    outer loop
      vertex 86.7804 0.0768585 19.5
      vertex 87.1611 0.172238 20.3333
      vertex 86.7804 0.0768585 20.3333
    endloop
  endfacet
  facet normal 0.243026 -0.97002 0
    outer loop
      vertex 87.1611 0.172238 20.3333
      vertex 86.7804 0.0768585 19.5
      vertex 87.1611 0.172238 19.5
    endloop
  endfacet
  facet normal 0.243026 -0.97002 0
    outer loop
      vertex 86.7804 0.0768585 20.8333
      vertex 87.1611 0.172238 21.6667
      vertex 86.7804 0.0768585 21.6667
    endloop
  endfacet
  facet normal 0.243026 -0.97002 0
    outer loop
      vertex 87.1611 0.172238 21.6667
      vertex 86.7804 0.0768585 20.8333
      vertex 87.1611 0.172238 20.8333
    endloop
  endfacet
  facet normal 0.970068 0.242835 0
    outer loop
      vertex 89.9231 58.7804 4.33333
      vertex 89.8278 59.1611 0
      vertex 89.8278 59.1611 4.33333
    endloop
  endfacet
  facet normal 0.970068 0.242835 0
    outer loop
      vertex 89.8278 59.1611 0
      vertex 89.9231 58.7804 4.33333
      vertex 89.9231 58.7804 0
    endloop
  endfacet
  facet normal 0.970068 0.242835 0
    outer loop
      vertex 89.9231 58.7804 23
      vertex 89.8278 59.1611 22.1667
      vertex 89.8278 59.1611 23
    endloop
  endfacet
  facet normal 0.970068 0.242835 0
    outer loop
      vertex 89.8278 59.1611 22.1667
      vertex 89.9231 58.7804 23
      vertex 89.9231 58.7804 22.1667
    endloop
  endfacet
  facet normal 0.970068 0.242835 0
    outer loop
      vertex 89.9231 58.7804 5.66667
      vertex 89.8278 59.1611 4.83333
      vertex 89.8278 59.1611 5.66667
    endloop
  endfacet
  facet normal 0.970068 0.242835 0
    outer loop
      vertex 89.8278 59.1611 4.83333
      vertex 89.9231 58.7804 5.66667
      vertex 89.9231 58.7804 4.83333
    endloop
  endfacet
  facet normal 0.970068 0.242835 0
    outer loop
      vertex 89.9231 58.7804 7
      vertex 89.8278 59.1611 6.16667
      vertex 89.8278 59.1611 7
    endloop
  endfacet
  facet normal 0.970068 0.242835 0
    outer loop
      vertex 89.8278 59.1611 6.16667
      vertex 89.9231 58.7804 7
      vertex 89.9231 58.7804 6.16667
    endloop
  endfacet
  facet normal 0.970068 0.242835 0
    outer loop
      vertex 89.9231 58.7804 8.33333
      vertex 89.8278 59.1611 7.5
      vertex 89.8278 59.1611 8.33333
    endloop
  endfacet
  facet normal 0.970068 0.242835 0
    outer loop
      vertex 89.8278 59.1611 7.5
      vertex 89.9231 58.7804 8.33333
      vertex 89.9231 58.7804 7.5
    endloop
  endfacet
  facet normal 0.970068 0.242835 0
    outer loop
      vertex 89.9231 58.7804 9.66667
      vertex 89.8278 59.1611 8.83333
      vertex 89.8278 59.1611 9.66667
    endloop
  endfacet
  facet normal 0.970068 0.242835 0
    outer loop
      vertex 89.8278 59.1611 8.83333
      vertex 89.9231 58.7804 9.66667
      vertex 89.9231 58.7804 8.83333
    endloop
  endfacet
  facet normal 0.970068 0.242835 0
    outer loop
      vertex 89.9231 58.7804 11
      vertex 89.8278 59.1611 10.1667
      vertex 89.8278 59.1611 11
    endloop
  endfacet
  facet normal 0.970068 0.242835 0
    outer loop
      vertex 89.8278 59.1611 10.1667
      vertex 89.9231 58.7804 11
      vertex 89.9231 58.7804 10.1667
    endloop
  endfacet
  facet normal 0.970068 0.242835 0
    outer loop
      vertex 89.9231 58.7804 12.3333
      vertex 89.8278 59.1611 11.5
      vertex 89.8278 59.1611 12.3333
    endloop
  endfacet
  facet normal 0.970068 0.242835 0
    outer loop
      vertex 89.8278 59.1611 11.5
      vertex 89.9231 58.7804 12.3333
      vertex 89.9231 58.7804 11.5
    endloop
  endfacet
  facet normal 0.970068 0.242835 0
    outer loop
      vertex 89.9231 58.7804 13.6667
      vertex 89.8278 59.1611 12.8333
      vertex 89.8278 59.1611 13.6667
    endloop
  endfacet
  facet normal 0.970068 0.242835 0
    outer loop
      vertex 89.8278 59.1611 12.8333
      vertex 89.9231 58.7804 13.6667
      vertex 89.9231 58.7804 12.8333
    endloop
  endfacet
  facet normal 0.970068 0.242835 0
    outer loop
      vertex 89.9231 58.7804 15
      vertex 89.8278 59.1611 14.1667
      vertex 89.8278 59.1611 15
    endloop
  endfacet
  facet normal 0.970068 0.242835 0
    outer loop
      vertex 89.8278 59.1611 14.1667
      vertex 89.9231 58.7804 15
      vertex 89.9231 58.7804 14.1667
    endloop
  endfacet
  facet normal 0.970068 0.242835 0
    outer loop
      vertex 89.9231 58.7804 16.3333
      vertex 89.8278 59.1611 15.5
      vertex 89.8278 59.1611 16.3333
    endloop
  endfacet
  facet normal 0.970068 0.242835 0
    outer loop
      vertex 89.8278 59.1611 15.5
      vertex 89.9231 58.7804 16.3333
      vertex 89.9231 58.7804 15.5
    endloop
  endfacet
  facet normal 0.970068 0.242835 0
    outer loop
      vertex 89.9231 58.7804 17.6667
      vertex 89.8278 59.1611 16.8333
      vertex 89.8278 59.1611 17.6667
    endloop
  endfacet
  facet normal 0.970068 0.242835 0
    outer loop
      vertex 89.8278 59.1611 16.8333
      vertex 89.9231 58.7804 17.6667
      vertex 89.9231 58.7804 16.8333
    endloop
  endfacet
  facet normal 0.970068 0.242835 0
    outer loop
      vertex 89.9231 58.7804 19
      vertex 89.8278 59.1611 18.1667
      vertex 89.8278 59.1611 19
    endloop
  endfacet
  facet normal 0.970068 0.242835 0
    outer loop
      vertex 89.8278 59.1611 18.1667
      vertex 89.9231 58.7804 19
      vertex 89.9231 58.7804 18.1667
    endloop
  endfacet
  facet normal 0.970068 0.242835 0
    outer loop
      vertex 89.9231 58.7804 20.3333
      vertex 89.8278 59.1611 19.5
      vertex 89.8278 59.1611 20.3333
    endloop
  endfacet
  facet normal 0.970068 0.242835 0
    outer loop
      vertex 89.8278 59.1611 19.5
      vertex 89.9231 58.7804 20.3333
      vertex 89.9231 58.7804 19.5
    endloop
  endfacet
  facet normal 0.970068 0.242835 0
    outer loop
      vertex 89.9231 58.7804 21.6667
      vertex 89.8278 59.1611 20.8333
      vertex 89.8278 59.1611 21.6667
    endloop
  endfacet
  facet normal 0.970068 0.242835 0
    outer loop
      vertex 89.8278 59.1611 20.8333
      vertex 89.9231 58.7804 21.6667
      vertex 89.9231 58.7804 20.8333
    endloop
  endfacet
  facet normal -0.903993 -0.427548 0
    outer loop
      vertex 0.472315 2.11441 0
      vertex 0.304482 2.46927 23
      vertex 0.304482 2.46927 0
    endloop
  endfacet
  facet normal -0.903993 -0.427548 0
    outer loop
      vertex 0.304482 2.46927 23
      vertex 0.472315 2.11441 0
      vertex 0.472315 2.11441 23
    endloop
  endfacet
  facet normal 0.595794 0.803137 -0
    outer loop
      vertex 88.5376 61.092 0
      vertex 88.2223 61.3259 23
      vertex 88.5376 61.092 23
    endloop
  endfacet
  facet normal 0.595794 0.803137 0
    outer loop
      vertex 88.2223 61.3259 23
      vertex 88.5376 61.092 0
      vertex 88.2223 61.3259 0
    endloop
  endfacet
  facet normal -0.989177 0.146729 0
    outer loop
      vertex 0.0192604 58.3921 0
      vertex 0.0768585 58.7804 23
      vertex 0.0768585 58.7804 0
    endloop
  endfacet
  facet normal -0.989177 0.146729 0
    outer loop
      vertex 0.0768585 58.7804 23
      vertex 0.0192604 58.3921 0
      vertex 0.0192604 58.3921 23
    endloop
  endfacet
  facet normal -0.671531 0.740977 0
    outer loop
      vertex 1.46243 61.092 0
      vertex 1.17157 60.8284 23
      vertex 1.46243 61.092 23
    endloop
  endfacet
  facet normal -0.671531 0.740977 0
    outer loop
      vertex 1.17157 60.8284 23
      vertex 1.46243 61.092 0
      vertex 1.17157 60.8284 0
    endloop
  endfacet
  facet normal 1 -0 0
    outer loop
      vertex 90 4 23
      vertex 90 58 22.1667
      vertex 90 58 23
    endloop
  endfacet
  facet normal 1 0 0
    outer loop
      vertex 90 58 22.1667
      vertex 90 4 23
      vertex 90 4 22.1667
    endloop
  endfacet
  facet normal 1 -0 0
    outer loop
      vertex 90 4 4.33333
      vertex 90 58 0
      vertex 90 58 4.33333
    endloop
  endfacet
  facet normal 1 0 0
    outer loop
      vertex 90 58 0
      vertex 90 4 4.33333
      vertex 90 4 0
    endloop
  endfacet
  facet normal 1 -0 0
    outer loop
      vertex 90 4 5.66667
      vertex 90 58 4.83333
      vertex 90 58 5.66667
    endloop
  endfacet
  facet normal 1 0 0
    outer loop
      vertex 90 58 4.83333
      vertex 90 4 5.66667
      vertex 90 4 4.83333
    endloop
  endfacet
  facet normal 1 -0 0
    outer loop
      vertex 90 4 7
      vertex 90 58 6.16667
      vertex 90 58 7
    endloop
  endfacet
  facet normal 1 0 0
    outer loop
      vertex 90 58 6.16667
      vertex 90 4 7
      vertex 90 4 6.16667
    endloop
  endfacet
  facet normal 1 -0 0
    outer loop
      vertex 90 4 8.33333
      vertex 90 58 7.5
      vertex 90 58 8.33333
    endloop
  endfacet
  facet normal 1 0 0
    outer loop
      vertex 90 58 7.5
      vertex 90 4 8.33333
      vertex 90 4 7.5
    endloop
  endfacet
  facet normal 1 -0 0
    outer loop
      vertex 90 4 9.66667
      vertex 90 58 8.83333
      vertex 90 58 9.66667
    endloop
  endfacet
  facet normal 1 0 0
    outer loop
      vertex 90 58 8.83333
      vertex 90 4 9.66667
      vertex 90 4 8.83333
    endloop
  endfacet
  facet normal 1 -0 0
    outer loop
      vertex 90 4 11
      vertex 90 58 10.1667
      vertex 90 58 11
    endloop
  endfacet
  facet normal 1 0 0
    outer loop
      vertex 90 58 10.1667
      vertex 90 4 11
      vertex 90 4 10.1667
    endloop
  endfacet
  facet normal 1 -0 0
    outer loop
      vertex 90 4 12.3333
      vertex 90 58 11.5
      vertex 90 58 12.3333
    endloop
  endfacet
  facet normal 1 0 0
    outer loop
      vertex 90 58 11.5
      vertex 90 4 12.3333
      vertex 90 4 11.5
    endloop
  endfacet
  facet normal 1 -0 0
    outer loop
      vertex 90 4 13.6667
      vertex 90 58 12.8333
      vertex 90 58 13.6667
    endloop
  endfacet
  facet normal 1 0 0
    outer loop
      vertex 90 58 12.8333
      vertex 90 4 13.6667
      vertex 90 4 12.8333
    endloop
  endfacet
  facet normal 1 -0 0
    outer loop
      vertex 90 4 15
      vertex 90 58 14.1667
      vertex 90 58 15
    endloop
  endfacet
  facet normal 1 0 0
    outer loop
      vertex 90 58 14.1667
      vertex 90 4 15
      vertex 90 4 14.1667
    endloop
  endfacet
  facet normal 1 -0 0
    outer loop
      vertex 90 4 16.3333
      vertex 90 58 15.5
      vertex 90 58 16.3333
    endloop
  endfacet
  facet normal 1 0 0
    outer loop
      vertex 90 58 15.5
      vertex 90 4 16.3333
      vertex 90 4 15.5
    endloop
  endfacet
  facet normal 1 -0 0
    outer loop
      vertex 90 4 17.6667
      vertex 90 58 16.8333
      vertex 90 58 17.6667
    endloop
  endfacet
  facet normal 1 0 0
    outer loop
      vertex 90 58 16.8333
      vertex 90 4 17.6667
      vertex 90 4 16.8333
    endloop
  endfacet
  facet normal 1 -0 0
    outer loop
      vertex 90 4 19
      vertex 90 58 18.1667
      vertex 90 58 19
    endloop
  endfacet
  facet normal 1 0 0
    outer loop
      vertex 90 58 18.1667
      vertex 90 4 19
      vertex 90 4 18.1667
    endloop
  endfacet
  facet normal 1 -0 0
    outer loop
      vertex 90 4 20.3333
      vertex 90 58 19.5
      vertex 90 58 20.3333
    endloop
  endfacet
  facet normal 1 0 0
    outer loop
      vertex 90 58 19.5
      vertex 90 4 20.3333
      vertex 90 4 19.5
    endloop
  endfacet
  facet normal 1 -0 0
    outer loop
      vertex 90 4 21.6667
      vertex 90 58 20.8333
      vertex 90 58 21.6667
    endloop
  endfacet
  facet normal 1 0 0
    outer loop
      vertex 90 58 20.8333
      vertex 90 4 21.6667
      vertex 90 4 20.8333
    endloop
  endfacet
  facet normal 0 1 0
    outer loop
      vertex 86 62 4.33333
      vertex 86 62 0
      vertex 6 62 4.33333
    endloop
  endfacet
  facet normal 0 1 0
    outer loop
      vertex 86 62 5.66667
      vertex 86 62 4.83333
      vertex 6 62 5.66667
    endloop
  endfacet
  facet normal 0 1 0
    outer loop
      vertex 86 62 7
      vertex 86 62 6.16667
      vertex 6 62 7
    endloop
  endfacet
  facet normal 0 1 0
    outer loop
      vertex 86 62 8.33333
      vertex 86 62 7.5
      vertex 6 62 8.33333
    endloop
  endfacet
  facet normal 0 1 0
    outer loop
      vertex 86 62 9.66667
      vertex 86 62 8.83333
      vertex 6 62 9.66667
    endloop
  endfacet
  facet normal 0 1 0
    outer loop
      vertex 86 62 11
      vertex 86 62 10.1667
      vertex 6 62 11
    endloop
  endfacet
  facet normal 0 1 0
    outer loop
      vertex 86 62 12.3333
      vertex 86 62 11.5
      vertex 6 62 12.3333
    endloop
  endfacet
  facet normal 0 1 0
    outer loop
      vertex 86 62 13.6667
      vertex 86 62 12.8333
      vertex 6 62 13.6667
    endloop
  endfacet
  facet normal 0 1 0
    outer loop
      vertex 86 62 15
      vertex 86 62 14.1667
      vertex 6 62 15
    endloop
  endfacet
  facet normal 0 1 0
    outer loop
      vertex 86 62 16.3333
      vertex 86 62 15.5
      vertex 6 62 16.3333
    endloop
  endfacet
  facet normal 0 1 0
    outer loop
      vertex 86 62 17.6667
      vertex 86 62 16.8333
      vertex 6 62 17.6667
    endloop
  endfacet
  facet normal 0 1 0
    outer loop
      vertex 86 62 19
      vertex 86 62 18.1667
      vertex 6 62 19
    endloop
  endfacet
  facet normal 0 1 0
    outer loop
      vertex 86 62 20.3333
      vertex 86 62 19.5
      vertex 6 62 20.3333
    endloop
  endfacet
  facet normal 0 1 0
    outer loop
      vertex 86 62 21.6667
      vertex 86 62 20.8333
      vertex 6 62 21.6667
    endloop
  endfacet
  facet normal 0 1 0
    outer loop
      vertex 6 62 22.1667
      vertex 86 62 23
      vertex 86 62 22.1667
    endloop
  endfacet
  facet normal 0 1 0
    outer loop
      vertex 86 62 23
      vertex 6 62 22.1667
      vertex 4 62 23
    endloop
  endfacet
  facet normal 0 1 -0
    outer loop
      vertex 6 62 21.6667
      vertex 4 62 23
      vertex 6 62 22.1667
    endloop
  endfacet
  facet normal 0 1 0
    outer loop
      vertex 6 62 20.8333
      vertex 6 62 21.6667
      vertex 86 62 20.8333
    endloop
  endfacet
  facet normal 0 1 -0
    outer loop
      vertex 6 62 20.8333
      vertex 4 62 23
      vertex 6 62 21.6667
    endloop
  endfacet
  facet normal 0 1 -0
    outer loop
      vertex 6 62 20.3333
      vertex 4 62 23
      vertex 6 62 20.8333
    endloop
  endfacet
  facet normal 0 1 0
    outer loop
      vertex 6 62 19.5
      vertex 6 62 20.3333
      vertex 86 62 19.5
    endloop
  endfacet
  facet normal 0 1 -0
    outer loop
      vertex 6 62 19.5
      vertex 4 62 23
      vertex 6 62 20.3333
    endloop
  endfacet
  facet normal 0 1 -0
    outer loop
      vertex 6 62 19
      vertex 4 62 23
      vertex 6 62 19.5
    endloop
  endfacet
  facet normal 0 1 0
    outer loop
      vertex 6 62 18.1667
      vertex 6 62 19
      vertex 86 62 18.1667
    endloop
  endfacet
  facet normal 0 1 -0
    outer loop
      vertex 6 62 18.1667
      vertex 4 62 23
      vertex 6 62 19
    endloop
  endfacet
  facet normal 0 1 -0
    outer loop
      vertex 6 62 17.6667
      vertex 4 62 23
      vertex 6 62 18.1667
    endloop
  endfacet
  facet normal 0 1 0
    outer loop
      vertex 6 62 16.8333
      vertex 6 62 17.6667
      vertex 86 62 16.8333
    endloop
  endfacet
  facet normal 0 1 -0
    outer loop
      vertex 6 62 16.8333
      vertex 4 62 23
      vertex 6 62 17.6667
    endloop
  endfacet
  facet normal 0 1 -0
    outer loop
      vertex 6 62 16.3333
      vertex 4 62 23
      vertex 6 62 16.8333
    endloop
  endfacet
  facet normal 0 1 0
    outer loop
      vertex 6 62 15.5
      vertex 6 62 16.3333
      vertex 86 62 15.5
    endloop
  endfacet
  facet normal 0 1 -0
    outer loop
      vertex 6 62 15.5
      vertex 4 62 23
      vertex 6 62 16.3333
    endloop
  endfacet
  facet normal 0 1 -0
    outer loop
      vertex 6 62 15
      vertex 4 62 23
      vertex 6 62 15.5
    endloop
  endfacet
  facet normal 0 1 0
    outer loop
      vertex 6 62 14.1667
      vertex 6 62 15
      vertex 86 62 14.1667
    endloop
  endfacet
  facet normal 0 1 -0
    outer loop
      vertex 6 62 14.1667
      vertex 4 62 23
      vertex 6 62 15
    endloop
  endfacet
  facet normal 0 1 -0
    outer loop
      vertex 6 62 13.6667
      vertex 4 62 23
      vertex 6 62 14.1667
    endloop
  endfacet
  facet normal 0 1 0
    outer loop
      vertex 6 62 12.8333
      vertex 6 62 13.6667
      vertex 86 62 12.8333
    endloop
  endfacet
  facet normal 0 1 -0
    outer loop
      vertex 6 62 12.8333
      vertex 4 62 23
      vertex 6 62 13.6667
    endloop
  endfacet
  facet normal 0 1 -0
    outer loop
      vertex 6 62 12.3333
      vertex 4 62 23
      vertex 6 62 12.8333
    endloop
  endfacet
  facet normal 0 1 0
    outer loop
      vertex 6 62 11.5
      vertex 6 62 12.3333
      vertex 86 62 11.5
    endloop
  endfacet
  facet normal 0 1 -0
    outer loop
      vertex 6 62 11.5
      vertex 4 62 23
      vertex 6 62 12.3333
    endloop
  endfacet
  facet normal 0 1 -0
    outer loop
      vertex 6 62 11
      vertex 4 62 23
      vertex 6 62 11.5
    endloop
  endfacet
  facet normal 0 1 0
    outer loop
      vertex 6 62 10.1667
      vertex 6 62 11
      vertex 86 62 10.1667
    endloop
  endfacet
  facet normal 0 1 0
    outer loop
      vertex 4 62 0
      vertex 6 62 11
      vertex 6 62 10.1667
    endloop
  endfacet
  facet normal 0 1 0
    outer loop
      vertex 4 62 0
      vertex 6 62 10.1667
      vertex 6 62 9.66667
    endloop
  endfacet
  facet normal 0 1 0
    outer loop
      vertex 6 62 8.83333
      vertex 6 62 9.66667
      vertex 86 62 8.83333
    endloop
  endfacet
  facet normal 0 1 0
    outer loop
      vertex 4 62 0
      vertex 6 62 9.66667
      vertex 6 62 8.83333
    endloop
  endfacet
  facet normal 0 1 0
    outer loop
      vertex 4 62 0
      vertex 6 62 8.83333
      vertex 6 62 8.33333
    endloop
  endfacet
  facet normal 0 1 0
    outer loop
      vertex 6 62 7.5
      vertex 6 62 8.33333
      vertex 86 62 7.5
    endloop
  endfacet
  facet normal 0 1 0
    outer loop
      vertex 4 62 0
      vertex 6 62 8.33333
      vertex 6 62 7.5
    endloop
  endfacet
  facet normal 0 1 0
    outer loop
      vertex 4 62 0
      vertex 6 62 7.5
      vertex 6 62 7
    endloop
  endfacet
  facet normal 0 1 0
    outer loop
      vertex 6 62 6.16667
      vertex 6 62 7
      vertex 86 62 6.16667
    endloop
  endfacet
  facet normal 0 1 0
    outer loop
      vertex 4 62 0
      vertex 6 62 7
      vertex 6 62 6.16667
    endloop
  endfacet
  facet normal 0 1 0
    outer loop
      vertex 4 62 0
      vertex 6 62 6.16667
      vertex 6 62 5.66667
    endloop
  endfacet
  facet normal 0 1 0
    outer loop
      vertex 6 62 4.83333
      vertex 6 62 5.66667
      vertex 86 62 4.83333
    endloop
  endfacet
  facet normal 0 1 0
    outer loop
      vertex 4 62 0
      vertex 6 62 5.66667
      vertex 6 62 4.83333
    endloop
  endfacet
  facet normal 0 1 0
    outer loop
      vertex 4 62 0
      vertex 6 62 4.83333
      vertex 6 62 4.33333
    endloop
  endfacet
  facet normal 0 1 0
    outer loop
      vertex 6 62 11
      vertex 4 62 0
      vertex 4 62 23
    endloop
  endfacet
  facet normal 0 1 0
    outer loop
      vertex 4 62 0
      vertex 6 62 4.33333
      vertex 86 62 0
    endloop
  endfacet
  facet normal 0.740977 -0.671531 0
    outer loop
      vertex 88.8284 1.17157 23
      vertex 89.092 1.46243 0
      vertex 89.092 1.46243 23
    endloop
  endfacet
  facet normal 0.740977 -0.671531 0
    outer loop
      vertex 89.092 1.46243 0
      vertex 88.8284 1.17157 23
      vertex 88.8284 1.17157 0
    endloop
  endfacet
  facet normal -1 0 0
    outer loop
      vertex 0 58 0
      vertex 0 38 3.45
      vertex 0 58 23
    endloop
  endfacet
  facet normal -1 0 0
    outer loop
      vertex 0 58 0
      vertex 0 24 3.45
      vertex 0 38 3.45
    endloop
  endfacet
  facet normal -1 -0 0
    outer loop
      vertex 0 24 3.45
      vertex 0 4 0
      vertex 0 24 19.55
    endloop
  endfacet
  facet normal -1 0 0
    outer loop
      vertex 0 4 0
      vertex 0 24 3.45
      vertex 0 58 0
    endloop
  endfacet
  facet normal -1 0 0
    outer loop
      vertex 0 38 19.55
      vertex 0 58 23
      vertex 0 38 3.45
    endloop
  endfacet
  facet normal -1 0 0
    outer loop
      vertex 0 24 19.55
      vertex 0 58 23
      vertex 0 38 19.55
    endloop
  endfacet
  facet normal -1 0 0
    outer loop
      vertex 0 24 19.55
      vertex 0 4 23
      vertex 0 58 23
    endloop
  endfacet
  facet normal -1 0 0
    outer loop
      vertex 0 4 23
      vertex 0 24 19.55
      vertex 0 4 0
    endloop
  endfacet
  facet normal -0.941542 -0.336896 0
    outer loop
      vertex 0.304482 2.46927 0
      vertex 0.172238 2.83886 23
      vertex 0.172238 2.83886 0
    endloop
  endfacet
  facet normal -0.941542 -0.336896 0
    outer loop
      vertex 0.172238 2.83886 23
      vertex 0.304482 2.46927 0
      vertex 0.304482 2.46927 23
    endloop
  endfacet
  facet normal 0 -1 0
    outer loop
      vertex 4 0 23
      vertex 6 0 22.1667
      vertex 86 0 23
    endloop
  endfacet
  facet normal 0 -1 0
    outer loop
      vertex 4 0 23
      vertex 6 0 21.6667
      vertex 6 0 22.1667
    endloop
  endfacet
  facet normal 0 -1 0
    outer loop
      vertex 6 0 21.6667
      vertex 6 0 20.8333
      vertex 86 0 21.6667
    endloop
  endfacet
  facet normal 0 -1 0
    outer loop
      vertex 4 0 23
      vertex 6 0 20.8333
      vertex 6 0 21.6667
    endloop
  endfacet
  facet normal 0 -1 0
    outer loop
      vertex 4 0 23
      vertex 6 0 20.3333
      vertex 6 0 20.8333
    endloop
  endfacet
  facet normal 0 -1 0
    outer loop
      vertex 6 0 20.3333
      vertex 6 0 19.5
      vertex 86 0 20.3333
    endloop
  endfacet
  facet normal 0 -1 0
    outer loop
      vertex 4 0 23
      vertex 6 0 19.5
      vertex 6 0 20.3333
    endloop
  endfacet
  facet normal 0 -1 0
    outer loop
      vertex 4 0 23
      vertex 6 0 19
      vertex 6 0 19.5
    endloop
  endfacet
  facet normal 0 -1 0
    outer loop
      vertex 6 0 19
      vertex 6 0 18.1667
      vertex 86 0 19
    endloop
  endfacet
  facet normal 0 -1 0
    outer loop
      vertex 4 0 23
      vertex 6 0 18.1667
      vertex 6 0 19
    endloop
  endfacet
  facet normal 0 -1 0
    outer loop
      vertex 4 0 23
      vertex 6 0 17.6667
      vertex 6 0 18.1667
    endloop
  endfacet
  facet normal 0 -1 0
    outer loop
      vertex 6 0 17.6667
      vertex 6 0 16.8333
      vertex 86 0 17.6667
    endloop
  endfacet
  facet normal 0 -1 0
    outer loop
      vertex 4 0 23
      vertex 6 0 16.8333
      vertex 6 0 17.6667
    endloop
  endfacet
  facet normal 0 -1 0
    outer loop
      vertex 4 0 23
      vertex 6 0 16.3333
      vertex 6 0 16.8333
    endloop
  endfacet
  facet normal 0 -1 0
    outer loop
      vertex 6 0 16.3333
      vertex 6 0 15.5
      vertex 86 0 16.3333
    endloop
  endfacet
  facet normal 0 -1 0
    outer loop
      vertex 4 0 23
      vertex 6 0 15.5
      vertex 6 0 16.3333
    endloop
  endfacet
  facet normal 0 -1 0
    outer loop
      vertex 4 0 23
      vertex 6 0 15
      vertex 6 0 15.5
    endloop
  endfacet
  facet normal 0 -1 0
    outer loop
      vertex 6 0 15
      vertex 6 0 14.1667
      vertex 86 0 15
    endloop
  endfacet
  facet normal 0 -1 0
    outer loop
      vertex 4 0 23
      vertex 6 0 14.1667
      vertex 6 0 15
    endloop
  endfacet
  facet normal 0 -1 0
    outer loop
      vertex 4 0 23
      vertex 6 0 13.6667
      vertex 6 0 14.1667
    endloop
  endfacet
  facet normal 0 -1 0
    outer loop
      vertex 6 0 13.6667
      vertex 6 0 12.8333
      vertex 86 0 13.6667
    endloop
  endfacet
  facet normal 0 -1 0
    outer loop
      vertex 4 0 23
      vertex 6 0 12.8333
      vertex 6 0 13.6667
    endloop
  endfacet
  facet normal 0 -1 0
    outer loop
      vertex 4 0 23
      vertex 6 0 12.3333
      vertex 6 0 12.8333
    endloop
  endfacet
  facet normal 0 -1 0
    outer loop
      vertex 6 0 12.3333
      vertex 6 0 11.5
      vertex 86 0 12.3333
    endloop
  endfacet
  facet normal 0 -1 0
    outer loop
      vertex 4 0 23
      vertex 6 0 11.5
      vertex 6 0 12.3333
    endloop
  endfacet
  facet normal 0 -1 0
    outer loop
      vertex 4 0 23
      vertex 6 0 11
      vertex 6 0 11.5
    endloop
  endfacet
  facet normal 0 -1 0
    outer loop
      vertex 6 0 11
      vertex 6 0 10.1667
      vertex 86 0 11
    endloop
  endfacet
  facet normal 0 -1 0
    outer loop
      vertex 4 0 0
      vertex 6 0 11
      vertex 4 0 23
    endloop
  endfacet
  facet normal 0 -1 -0
    outer loop
      vertex 6 0 11
      vertex 4 0 0
      vertex 6 0 10.1667
    endloop
  endfacet
  facet normal 0 -1 0
    outer loop
      vertex 6 0 9.66667
      vertex 6 0 8.83333
      vertex 86 0 9.66667
    endloop
  endfacet
  facet normal 0 -1 -0
    outer loop
      vertex 6 0 10.1667
      vertex 4 0 0
      vertex 6 0 9.66667
    endloop
  endfacet
  facet normal 0 -1 -0
    outer loop
      vertex 6 0 9.66667
      vertex 4 0 0
      vertex 6 0 8.83333
    endloop
  endfacet
  facet normal 0 -1 0
    outer loop
      vertex 6 0 8.33333
      vertex 6 0 7.5
      vertex 86 0 8.33333
    endloop
  endfacet
  facet normal 0 -1 -0
    outer loop
      vertex 6 0 8.83333
      vertex 4 0 0
      vertex 6 0 8.33333
    endloop
  endfacet
  facet normal 0 -1 -0
    outer loop
      vertex 6 0 8.33333
      vertex 4 0 0
      vertex 6 0 7.5
    endloop
  endfacet
  facet normal 0 -1 0
    outer loop
      vertex 6 0 7
      vertex 6 0 6.16667
      vertex 86 0 7
    endloop
  endfacet
  facet normal 0 -1 -0
    outer loop
      vertex 6 0 7.5
      vertex 4 0 0
      vertex 6 0 7
    endloop
  endfacet
  facet normal 0 -1 -0
    outer loop
      vertex 6 0 7
      vertex 4 0 0
      vertex 6 0 6.16667
    endloop
  endfacet
  facet normal 0 -1 0
    outer loop
      vertex 6 0 5.66667
      vertex 6 0 4.83333
      vertex 86 0 5.66667
    endloop
  endfacet
  facet normal 0 -1 -0
    outer loop
      vertex 6 0 6.16667
      vertex 4 0 0
      vertex 6 0 5.66667
    endloop
  endfacet
  facet normal 0 -1 -0
    outer loop
      vertex 6 0 5.66667
      vertex 4 0 0
      vertex 6 0 4.83333
    endloop
  endfacet
  facet normal 0 -1 -0
    outer loop
      vertex 6 0 4.83333
      vertex 4 0 0
      vertex 6 0 4.33333
    endloop
  endfacet
  facet normal 0 -1 0
    outer loop
      vertex 86 0 0
      vertex 6 0 4.33333
      vertex 4 0 0
    endloop
  endfacet
  facet normal 0 -1 0
    outer loop
      vertex 6 0 4.33333
      vertex 86 0 0
      vertex 86 0 4.33333
    endloop
  endfacet
  facet normal 0 -1 -0
    outer loop
      vertex 86 0 23
      vertex 6 0 22.1667
      vertex 86 0 22.1667
    endloop
  endfacet
  facet normal 0 -1 -0
    outer loop
      vertex 86 0 21.6667
      vertex 6 0 20.8333
      vertex 86 0 20.8333
    endloop
  endfacet
  facet normal 0 -1 -0
    outer loop
      vertex 86 0 20.3333
      vertex 6 0 19.5
      vertex 86 0 19.5
    endloop
  endfacet
  facet normal 0 -1 -0
    outer loop
      vertex 86 0 19
      vertex 6 0 18.1667
      vertex 86 0 18.1667
    endloop
  endfacet
  facet normal 0 -1 -0
    outer loop
      vertex 86 0 17.6667
      vertex 6 0 16.8333
      vertex 86 0 16.8333
    endloop
  endfacet
  facet normal 0 -1 -0
    outer loop
      vertex 86 0 16.3333
      vertex 6 0 15.5
      vertex 86 0 15.5
    endloop
  endfacet
  facet normal 0 -1 -0
    outer loop
      vertex 86 0 15
      vertex 6 0 14.1667
      vertex 86 0 14.1667
    endloop
  endfacet
  facet normal 0 -1 -0
    outer loop
      vertex 86 0 13.6667
      vertex 6 0 12.8333
      vertex 86 0 12.8333
    endloop
  endfacet
  facet normal 0 -1 -0
    outer loop
      vertex 86 0 12.3333
      vertex 6 0 11.5
      vertex 86 0 11.5
    endloop
  endfacet
  facet normal 0 -1 -0
    outer loop
      vertex 86 0 11
      vertex 6 0 10.1667
      vertex 86 0 10.1667
    endloop
  endfacet
  facet normal 0 -1 -0
    outer loop
      vertex 86 0 9.66667
      vertex 6 0 8.83333
      vertex 86 0 8.83333
    endloop
  endfacet
  facet normal 0 -1 -0
    outer loop
      vertex 86 0 8.33333
      vertex 6 0 7.5
      vertex 86 0 7.5
    endloop
  endfacet
  facet normal 0 -1 -0
    outer loop
      vertex 86 0 7
      vertex 6 0 6.16667
      vertex 86 0 6.16667
    endloop
  endfacet
  facet normal 0 -1 -0
    outer loop
      vertex 86 0 5.66667
      vertex 6 0 4.83333
      vertex 86 0 4.83333
    endloop
  endfacet
  facet normal 0.989176 0.146733 0
    outer loop
      vertex 89.9807 58.3921 4.33333
      vertex 89.9231 58.7804 0
      vertex 89.9231 58.7804 4.33333
    endloop
  endfacet
  facet normal 0.989176 0.146733 0
    outer loop
      vertex 89.9231 58.7804 0
      vertex 89.9807 58.3921 4.33333
      vertex 89.9807 58.3921 0
    endloop
  endfacet
  facet normal 0.989176 0.146733 0
    outer loop
      vertex 89.9807 58.3921 23
      vertex 89.9231 58.7804 22.1667
      vertex 89.9231 58.7804 23
    endloop
  endfacet
  facet normal 0.989176 0.146733 0
    outer loop
      vertex 89.9231 58.7804 22.1667
      vertex 89.9807 58.3921 23
      vertex 89.9807 58.3921 22.1667
    endloop
  endfacet
  facet normal 0.989176 0.146733 0
    outer loop
      vertex 89.9807 58.3921 5.66667
      vertex 89.9231 58.7804 4.83333
      vertex 89.9231 58.7804 5.66667
    endloop
  endfacet
  facet normal 0.989176 0.146733 0
    outer loop
      vertex 89.9231 58.7804 4.83333
      vertex 89.9807 58.3921 5.66667
      vertex 89.9807 58.3921 4.83333
    endloop
  endfacet
  facet normal 0.989176 0.146733 0
    outer loop
      vertex 89.9807 58.3921 7
      vertex 89.9231 58.7804 6.16667
      vertex 89.9231 58.7804 7
    endloop
  endfacet
  facet normal 0.989176 0.146733 0
    outer loop
      vertex 89.9231 58.7804 6.16667
      vertex 89.9807 58.3921 7
      vertex 89.9807 58.3921 6.16667
    endloop
  endfacet
  facet normal 0.989176 0.146733 0
    outer loop
      vertex 89.9807 58.3921 8.33333
      vertex 89.9231 58.7804 7.5
      vertex 89.9231 58.7804 8.33333
    endloop
  endfacet
  facet normal 0.989176 0.146733 0
    outer loop
      vertex 89.9231 58.7804 7.5
      vertex 89.9807 58.3921 8.33333
      vertex 89.9807 58.3921 7.5
    endloop
  endfacet
  facet normal 0.989176 0.146733 0
    outer loop
      vertex 89.9807 58.3921 9.66667
      vertex 89.9231 58.7804 8.83333
      vertex 89.9231 58.7804 9.66667
    endloop
  endfacet
  facet normal 0.989176 0.146733 0
    outer loop
      vertex 89.9231 58.7804 8.83333
      vertex 89.9807 58.3921 9.66667
      vertex 89.9807 58.3921 8.83333
    endloop
  endfacet
  facet normal 0.989176 0.146733 0
    outer loop
      vertex 89.9807 58.3921 11
      vertex 89.9231 58.7804 10.1667
      vertex 89.9231 58.7804 11
    endloop
  endfacet
  facet normal 0.989176 0.146733 0
    outer loop
      vertex 89.9231 58.7804 10.1667
      vertex 89.9807 58.3921 11
      vertex 89.9807 58.3921 10.1667
    endloop
  endfacet
  facet normal 0.989176 0.146733 0
    outer loop
      vertex 89.9807 58.3921 12.3333
      vertex 89.9231 58.7804 11.5
      vertex 89.9231 58.7804 12.3333
    endloop
  endfacet
  facet normal 0.989176 0.146733 0
    outer loop
      vertex 89.9231 58.7804 11.5
      vertex 89.9807 58.3921 12.3333
      vertex 89.9807 58.3921 11.5
    endloop
  endfacet
  facet normal 0.989176 0.146733 0
    outer loop
      vertex 89.9807 58.3921 13.6667
      vertex 89.9231 58.7804 12.8333
      vertex 89.9231 58.7804 13.6667
    endloop
  endfacet
  facet normal 0.989176 0.146733 0
    outer loop
      vertex 89.9231 58.7804 12.8333
      vertex 89.9807 58.3921 13.6667
      vertex 89.9807 58.3921 12.8333
    endloop
  endfacet
  facet normal 0.989176 0.146733 0
    outer loop
      vertex 89.9807 58.3921 15
      vertex 89.9231 58.7804 14.1667
      vertex 89.9231 58.7804 15
    endloop
  endfacet
  facet normal 0.989176 0.146733 0
    outer loop
      vertex 89.9231 58.7804 14.1667
      vertex 89.9807 58.3921 15
      vertex 89.9807 58.3921 14.1667
    endloop
  endfacet
  facet normal 0.989176 0.146733 0
    outer loop
      vertex 89.9807 58.3921 16.3333
      vertex 89.9231 58.7804 15.5
      vertex 89.9231 58.7804 16.3333
    endloop
  endfacet
  facet normal 0.989176 0.146733 0
    outer loop
      vertex 89.9231 58.7804 15.5
      vertex 89.9807 58.3921 16.3333
      vertex 89.9807 58.3921 15.5
    endloop
  endfacet
  facet normal 0.989176 0.146733 0
    outer loop
      vertex 89.9807 58.3921 17.6667
      vertex 89.9231 58.7804 16.8333
      vertex 89.9231 58.7804 17.6667
    endloop
  endfacet
  facet normal 0.989176 0.146733 0
    outer loop
      vertex 89.9231 58.7804 16.8333
      vertex 89.9807 58.3921 17.6667
      vertex 89.9807 58.3921 16.8333
    endloop
  endfacet
  facet normal 0.989176 0.146733 0
    outer loop
      vertex 89.9807 58.3921 19
      vertex 89.9231 58.7804 18.1667
      vertex 89.9231 58.7804 19
    endloop
  endfacet
  facet normal 0.989176 0.146733 0
    outer loop
      vertex 89.9231 58.7804 18.1667
      vertex 89.9807 58.3921 19
      vertex 89.9807 58.3921 18.1667
    endloop
  endfacet
  facet normal 0.989176 0.146733 0
    outer loop
      vertex 89.9807 58.3921 20.3333
      vertex 89.9231 58.7804 19.5
      vertex 89.9231 58.7804 20.3333
    endloop
  endfacet
  facet normal 0.989176 0.146733 0
    outer loop
      vertex 89.9231 58.7804 19.5
      vertex 89.9807 58.3921 20.3333
      vertex 89.9807 58.3921 19.5
    endloop
  endfacet
  facet normal 0.989176 0.146733 0
    outer loop
      vertex 89.9807 58.3921 21.6667
      vertex 89.9231 58.7804 20.8333
      vertex 89.9231 58.7804 21.6667
    endloop
  endfacet
  facet normal 0.989176 0.146733 0
    outer loop
      vertex 89.9231 58.7804 20.8333
      vertex 89.9807 58.3921 21.6667
      vertex 89.9807 58.3921 20.8333
    endloop
  endfacet
  facet normal -0.970032 -0.242978 0
    outer loop
      vertex 0.172238 2.83886 0
      vertex 0.0768585 3.21964 23
      vertex 0.0768585 3.21964 0
    endloop
  endfacet
  facet normal -0.970032 -0.242978 0
    outer loop
      vertex 0.0768585 3.21964 23
      vertex 0.172238 2.83886 0
      vertex 0.172238 2.83886 23
    endloop
  endfacet
  facet normal 0.671624 -0.740892 0
    outer loop
      vertex 88.5376 0.907958 0
      vertex 88.8284 1.17157 23
      vertex 88.5376 0.907958 23
    endloop
  endfacet
  facet normal 0.671624 -0.740892 0
    outer loop
      vertex 88.8284 1.17157 23
      vertex 88.5376 0.907958 0
      vertex 88.8284 1.17157 0
    endloop
  endfacet
  facet normal 0.336888 -0.941545 0
    outer loop
      vertex 87.1611 0.172238 0
      vertex 87.5307 0.304482 4.33333
      vertex 87.1611 0.172238 4.33333
    endloop
  endfacet
  facet normal 0.336888 -0.941545 0
    outer loop
      vertex 87.5307 0.304482 4.33333
      vertex 87.1611 0.172238 0
      vertex 87.5307 0.304482 0
    endloop
  endfacet
  facet normal 0.336888 -0.941545 0
    outer loop
      vertex 87.1611 0.172238 22.1667
      vertex 87.5307 0.304482 23
      vertex 87.1611 0.172238 23
    endloop
  endfacet
  facet normal 0.336888 -0.941545 0
    outer loop
      vertex 87.5307 0.304482 23
      vertex 87.1611 0.172238 22.1667
      vertex 87.5307 0.304482 22.1667
    endloop
  endfacet
  facet normal 0.336888 -0.941545 0
    outer loop
      vertex 87.1611 0.172238 4.83333
      vertex 87.5307 0.304482 5.66667
      vertex 87.1611 0.172238 5.66667
    endloop
  endfacet
  facet normal 0.336888 -0.941545 0
    outer loop
      vertex 87.5307 0.304482 5.66667
      vertex 87.1611 0.172238 4.83333
      vertex 87.5307 0.304482 4.83333
    endloop
  endfacet
  facet normal 0.336888 -0.941545 0
    outer loop
      vertex 87.1611 0.172238 6.16667
      vertex 87.5307 0.304482 7
      vertex 87.1611 0.172238 7
    endloop
  endfacet
  facet normal 0.336888 -0.941545 0
    outer loop
      vertex 87.5307 0.304482 7
      vertex 87.1611 0.172238 6.16667
      vertex 87.5307 0.304482 6.16667
    endloop
  endfacet
  facet normal 0.336888 -0.941545 0
    outer loop
      vertex 87.1611 0.172238 7.5
      vertex 87.5307 0.304482 8.33333
      vertex 87.1611 0.172238 8.33333
    endloop
  endfacet
  facet normal 0.336888 -0.941545 0
    outer loop
      vertex 87.5307 0.304482 8.33333
      vertex 87.1611 0.172238 7.5
      vertex 87.5307 0.304482 7.5
    endloop
  endfacet
  facet normal 0.336888 -0.941545 0
    outer loop
      vertex 87.1611 0.172238 8.83333
      vertex 87.5307 0.304482 9.66667
      vertex 87.1611 0.172238 9.66667
    endloop
  endfacet
  facet normal 0.336888 -0.941545 0
    outer loop
      vertex 87.5307 0.304482 9.66667
      vertex 87.1611 0.172238 8.83333
      vertex 87.5307 0.304482 8.83333
    endloop
  endfacet
  facet normal 0.336888 -0.941545 0
    outer loop
      vertex 87.1611 0.172238 10.1667
      vertex 87.5307 0.304482 11
      vertex 87.1611 0.172238 11
    endloop
  endfacet
  facet normal 0.336888 -0.941545 0
    outer loop
      vertex 87.5307 0.304482 11
      vertex 87.1611 0.172238 10.1667
      vertex 87.5307 0.304482 10.1667
    endloop
  endfacet
  facet normal 0.336888 -0.941545 0
    outer loop
      vertex 87.1611 0.172238 11.5
      vertex 87.5307 0.304482 12.3333
      vertex 87.1611 0.172238 12.3333
    endloop
  endfacet
  facet normal 0.336888 -0.941545 0
    outer loop
      vertex 87.5307 0.304482 12.3333
      vertex 87.1611 0.172238 11.5
      vertex 87.5307 0.304482 11.5
    endloop
  endfacet
  facet normal 0.336888 -0.941545 0
    outer loop
      vertex 87.1611 0.172238 12.8333
      vertex 87.5307 0.304482 13.6667
      vertex 87.1611 0.172238 13.6667
    endloop
  endfacet
  facet normal 0.336888 -0.941545 0
    outer loop
      vertex 87.5307 0.304482 13.6667
      vertex 87.1611 0.172238 12.8333
      vertex 87.5307 0.304482 12.8333
    endloop
  endfacet
  facet normal 0.336888 -0.941545 0
    outer loop
      vertex 87.1611 0.172238 14.1667
      vertex 87.5307 0.304482 15
      vertex 87.1611 0.172238 15
    endloop
  endfacet
  facet normal 0.336888 -0.941545 0
    outer loop
      vertex 87.5307 0.304482 15
      vertex 87.1611 0.172238 14.1667
      vertex 87.5307 0.304482 14.1667
    endloop
  endfacet
  facet normal 0.336888 -0.941545 0
    outer loop
      vertex 87.1611 0.172238 15.5
      vertex 87.5307 0.304482 16.3333
      vertex 87.1611 0.172238 16.3333
    endloop
  endfacet
  facet normal 0.336888 -0.941545 0
    outer loop
      vertex 87.5307 0.304482 16.3333
      vertex 87.1611 0.172238 15.5
      vertex 87.5307 0.304482 15.5
    endloop
  endfacet
  facet normal 0.336888 -0.941545 0
    outer loop
      vertex 87.1611 0.172238 16.8333
      vertex 87.5307 0.304482 17.6667
      vertex 87.1611 0.172238 17.6667
    endloop
  endfacet
  facet normal 0.336888 -0.941545 0
    outer loop
      vertex 87.5307 0.304482 17.6667
      vertex 87.1611 0.172238 16.8333
      vertex 87.5307 0.304482 16.8333
    endloop
  endfacet
  facet normal 0.336888 -0.941545 0
    outer loop
      vertex 87.1611 0.172238 18.1667
      vertex 87.5307 0.304482 19
      vertex 87.1611 0.172238 19
    endloop
  endfacet
  facet normal 0.336888 -0.941545 0
    outer loop
      vertex 87.5307 0.304482 19
      vertex 87.1611 0.172238 18.1667
      vertex 87.5307 0.304482 18.1667
    endloop
  endfacet
  facet normal 0.336888 -0.941545 0
    outer loop
      vertex 87.1611 0.172238 19.5
      vertex 87.5307 0.304482 20.3333
      vertex 87.1611 0.172238 20.3333
    endloop
  endfacet
  facet normal 0.336888 -0.941545 0
    outer loop
      vertex 87.5307 0.304482 20.3333
      vertex 87.1611 0.172238 19.5
      vertex 87.5307 0.304482 19.5
    endloop
  endfacet
  facet normal 0.336888 -0.941545 0
    outer loop
      vertex 87.1611 0.172238 20.8333
      vertex 87.5307 0.304482 21.6667
      vertex 87.1611 0.172238 21.6667
    endloop
  endfacet
  facet normal 0.336888 -0.941545 0
    outer loop
      vertex 87.5307 0.304482 21.6667
      vertex 87.1611 0.172238 20.8333
      vertex 87.5307 0.304482 20.8333
    endloop
  endfacet
  facet normal 0.9415 0.337014 0
    outer loop
      vertex 89.8278 59.1611 4.33333
      vertex 89.6955 59.5307 0
      vertex 89.6955 59.5307 4.33333
    endloop
  endfacet
  facet normal 0.9415 0.337014 0
    outer loop
      vertex 89.6955 59.5307 0
      vertex 89.8278 59.1611 4.33333
      vertex 89.8278 59.1611 0
    endloop
  endfacet
  facet normal 0.9415 0.337014 0
    outer loop
      vertex 89.8278 59.1611 23
      vertex 89.6955 59.5307 22.1667
      vertex 89.6955 59.5307 23
    endloop
  endfacet
  facet normal 0.9415 0.337014 0
    outer loop
      vertex 89.6955 59.5307 22.1667
      vertex 89.8278 59.1611 23
      vertex 89.8278 59.1611 22.1667
    endloop
  endfacet
  facet normal 0.9415 0.337014 0
    outer loop
      vertex 89.8278 59.1611 5.66667
      vertex 89.6955 59.5307 4.83333
      vertex 89.6955 59.5307 5.66667
    endloop
  endfacet
  facet normal 0.9415 0.337014 0
    outer loop
      vertex 89.6955 59.5307 4.83333
      vertex 89.8278 59.1611 5.66667
      vertex 89.8278 59.1611 4.83333
    endloop
  endfacet
  facet normal 0.9415 0.337014 0
    outer loop
      vertex 89.8278 59.1611 7
      vertex 89.6955 59.5307 6.16667
      vertex 89.6955 59.5307 7
    endloop
  endfacet
  facet normal 0.9415 0.337014 0
    outer loop
      vertex 89.6955 59.5307 6.16667
      vertex 89.8278 59.1611 7
      vertex 89.8278 59.1611 6.16667
    endloop
  endfacet
  facet normal 0.9415 0.337014 0
    outer loop
      vertex 89.8278 59.1611 8.33333
      vertex 89.6955 59.5307 7.5
      vertex 89.6955 59.5307 8.33333
    endloop
  endfacet
  facet normal 0.9415 0.337014 0
    outer loop
      vertex 89.6955 59.5307 7.5
      vertex 89.8278 59.1611 8.33333
      vertex 89.8278 59.1611 7.5
    endloop
  endfacet
  facet normal 0.9415 0.337014 0
    outer loop
      vertex 89.8278 59.1611 9.66667
      vertex 89.6955 59.5307 8.83333
      vertex 89.6955 59.5307 9.66667
    endloop
  endfacet
  facet normal 0.9415 0.337014 0
    outer loop
      vertex 89.6955 59.5307 8.83333
      vertex 89.8278 59.1611 9.66667
      vertex 89.8278 59.1611 8.83333
    endloop
  endfacet
  facet normal 0.9415 0.337014 0
    outer loop
      vertex 89.8278 59.1611 11
      vertex 89.6955 59.5307 10.1667
      vertex 89.6955 59.5307 11
    endloop
  endfacet
  facet normal 0.9415 0.337014 0
    outer loop
      vertex 89.6955 59.5307 10.1667
      vertex 89.8278 59.1611 11
      vertex 89.8278 59.1611 10.1667
    endloop
  endfacet
  facet normal 0.9415 0.337014 0
    outer loop
      vertex 89.8278 59.1611 12.3333
      vertex 89.6955 59.5307 11.5
      vertex 89.6955 59.5307 12.3333
    endloop
  endfacet
  facet normal 0.9415 0.337014 0
    outer loop
      vertex 89.6955 59.5307 11.5
      vertex 89.8278 59.1611 12.3333
      vertex 89.8278 59.1611 11.5
    endloop
  endfacet
  facet normal 0.9415 0.337014 0
    outer loop
      vertex 89.8278 59.1611 13.6667
      vertex 89.6955 59.5307 12.8333
      vertex 89.6955 59.5307 13.6667
    endloop
  endfacet
  facet normal 0.9415 0.337014 0
    outer loop
      vertex 89.6955 59.5307 12.8333
      vertex 89.8278 59.1611 13.6667
      vertex 89.8278 59.1611 12.8333
    endloop
  endfacet
  facet normal 0.9415 0.337014 0
    outer loop
      vertex 89.8278 59.1611 15
      vertex 89.6955 59.5307 14.1667
      vertex 89.6955 59.5307 15
    endloop
  endfacet
  facet normal 0.9415 0.337014 0
    outer loop
      vertex 89.6955 59.5307 14.1667
      vertex 89.8278 59.1611 15
      vertex 89.8278 59.1611 14.1667
    endloop
  endfacet
  facet normal 0.9415 0.337014 0
    outer loop
      vertex 89.8278 59.1611 16.3333
      vertex 89.6955 59.5307 15.5
      vertex 89.6955 59.5307 16.3333
    endloop
  endfacet
  facet normal 0.9415 0.337014 0
    outer loop
      vertex 89.6955 59.5307 15.5
      vertex 89.8278 59.1611 16.3333
      vertex 89.8278 59.1611 15.5
    endloop
  endfacet
  facet normal 0.9415 0.337014 0
    outer loop
      vertex 89.8278 59.1611 17.6667
      vertex 89.6955 59.5307 16.8333
      vertex 89.6955 59.5307 17.6667
    endloop
  endfacet
  facet normal 0.9415 0.337014 0
    outer loop
      vertex 89.6955 59.5307 16.8333
      vertex 89.8278 59.1611 17.6667
      vertex 89.8278 59.1611 16.8333
    endloop
  endfacet
  facet normal 0.9415 0.337014 0
    outer loop
      vertex 89.8278 59.1611 19
      vertex 89.6955 59.5307 18.1667
      vertex 89.6955 59.5307 19
    endloop
  endfacet
  facet normal 0.9415 0.337014 0
    outer loop
      vertex 89.6955 59.5307 18.1667
      vertex 89.8278 59.1611 19
      vertex 89.8278 59.1611 18.1667
    endloop
  endfacet
  facet normal 0.9415 0.337014 0
    outer loop
      vertex 89.8278 59.1611 20.3333
      vertex 89.6955 59.5307 19.5
      vertex 89.6955 59.5307 20.3333
    endloop
  endfacet
  facet normal 0.9415 0.337014 0
    outer loop
      vertex 89.6955 59.5307 19.5
      vertex 89.8278 59.1611 20.3333
      vertex 89.8278 59.1611 19.5
    endloop
  endfacet
  facet normal 0.9415 0.337014 0
    outer loop
      vertex 89.8278 59.1611 21.6667
      vertex 89.6955 59.5307 20.8333
      vertex 89.6955 59.5307 21.6667
    endloop
  endfacet
  facet normal 0.9415 0.337014 0
    outer loop
      vertex 89.6955 59.5307 20.8333
      vertex 89.8278 59.1611 21.6667
      vertex 89.8278 59.1611 20.8333
    endloop
  endfacet
  facet normal -0.595806 0.803128 0
    outer loop
      vertex 1.77772 61.3259 0
      vertex 1.46243 61.092 23
      vertex 1.77772 61.3259 23
    endloop
  endfacet
  facet normal -0.595806 0.803128 0
    outer loop
      vertex 1.46243 61.092 23
      vertex 1.77772 61.3259 0
      vertex 1.46243 61.092 0
    endloop
  endfacet
  facet normal 0.998791 0.0491626 0
    outer loop
      vertex 90 58 23
      vertex 89.9807 58.3921 22.1667
      vertex 89.9807 58.3921 23
    endloop
  endfacet
  facet normal 0.998791 0.0491626 0
    outer loop
      vertex 89.9807 58.3921 22.1667
      vertex 90 58 23
      vertex 90 58 22.1667
    endloop
  endfacet
  facet normal 0.998791 0.0491626 0
    outer loop
      vertex 90 58 4.33333
      vertex 89.9807 58.3921 0
      vertex 89.9807 58.3921 4.33333
    endloop
  endfacet
  facet normal 0.998791 0.0491626 0
    outer loop
      vertex 89.9807 58.3921 0
      vertex 90 58 4.33333
      vertex 90 58 0
    endloop
  endfacet
  facet normal 0.998791 0.0491626 0
    outer loop
      vertex 90 58 5.66667
      vertex 89.9807 58.3921 4.83333
      vertex 89.9807 58.3921 5.66667
    endloop
  endfacet
  facet normal 0.998791 0.0491626 0
    outer loop
      vertex 89.9807 58.3921 4.83333
      vertex 90 58 5.66667
      vertex 90 58 4.83333
    endloop
  endfacet
  facet normal 0.998791 0.0491626 0
    outer loop
      vertex 90 58 7
      vertex 89.9807 58.3921 6.16667
      vertex 89.9807 58.3921 7
    endloop
  endfacet
  facet normal 0.998791 0.0491626 0
    outer loop
      vertex 89.9807 58.3921 6.16667
      vertex 90 58 7
      vertex 90 58 6.16667
    endloop
  endfacet
  facet normal 0.998791 0.0491626 0
    outer loop
      vertex 90 58 8.33333
      vertex 89.9807 58.3921 7.5
      vertex 89.9807 58.3921 8.33333
    endloop
  endfacet
  facet normal 0.998791 0.0491626 0
    outer loop
      vertex 89.9807 58.3921 7.5
      vertex 90 58 8.33333
      vertex 90 58 7.5
    endloop
  endfacet
  facet normal 0.998791 0.0491626 0
    outer loop
      vertex 90 58 9.66667
      vertex 89.9807 58.3921 8.83333
      vertex 89.9807 58.3921 9.66667
    endloop
  endfacet
  facet normal 0.998791 0.0491626 0
    outer loop
      vertex 89.9807 58.3921 8.83333
      vertex 90 58 9.66667
      vertex 90 58 8.83333
    endloop
  endfacet
  facet normal 0.998791 0.0491626 0
    outer loop
      vertex 90 58 11
      vertex 89.9807 58.3921 10.1667
      vertex 89.9807 58.3921 11
    endloop
  endfacet
  facet normal 0.998791 0.0491626 0
    outer loop
      vertex 89.9807 58.3921 10.1667
      vertex 90 58 11
      vertex 90 58 10.1667
    endloop
  endfacet
  facet normal 0.998791 0.0491626 0
    outer loop
      vertex 90 58 12.3333
      vertex 89.9807 58.3921 11.5
      vertex 89.9807 58.3921 12.3333
    endloop
  endfacet
  facet normal 0.998791 0.0491626 0
    outer loop
      vertex 89.9807 58.3921 11.5
      vertex 90 58 12.3333
      vertex 90 58 11.5
    endloop
  endfacet
  facet normal 0.998791 0.0491626 0
    outer loop
      vertex 90 58 13.6667
      vertex 89.9807 58.3921 12.8333
      vertex 89.9807 58.3921 13.6667
    endloop
  endfacet
  facet normal 0.998791 0.0491626 0
    outer loop
      vertex 89.9807 58.3921 12.8333
      vertex 90 58 13.6667
      vertex 90 58 12.8333
    endloop
  endfacet
  facet normal 0.998791 0.0491626 0
    outer loop
      vertex 90 58 15
      vertex 89.9807 58.3921 14.1667
      vertex 89.9807 58.3921 15
    endloop
  endfacet
  facet normal 0.998791 0.0491626 0
    outer loop
      vertex 89.9807 58.3921 14.1667
      vertex 90 58 15
      vertex 90 58 14.1667
    endloop
  endfacet
  facet normal 0.998791 0.0491626 0
    outer loop
      vertex 90 58 16.3333
      vertex 89.9807 58.3921 15.5
      vertex 89.9807 58.3921 16.3333
    endloop
  endfacet
  facet normal 0.998791 0.0491626 0
    outer loop
      vertex 89.9807 58.3921 15.5
      vertex 90 58 16.3333
      vertex 90 58 15.5
    endloop
  endfacet
  facet normal 0.998791 0.0491626 0
    outer loop
      vertex 90 58 17.6667
      vertex 89.9807 58.3921 16.8333
      vertex 89.9807 58.3921 17.6667
    endloop
  endfacet
  facet normal 0.998791 0.0491626 0
    outer loop
      vertex 89.9807 58.3921 16.8333
      vertex 90 58 17.6667
      vertex 90 58 16.8333
    endloop
  endfacet
  facet normal 0.998791 0.0491626 0
    outer loop
      vertex 90 58 19
      vertex 89.9807 58.3921 18.1667
      vertex 89.9807 58.3921 19
    endloop
  endfacet
  facet normal 0.998791 0.0491626 0
    outer loop
      vertex 89.9807 58.3921 18.1667
      vertex 90 58 19
      vertex 90 58 18.1667
    endloop
  endfacet
  facet normal 0.998791 0.0491626 0
    outer loop
      vertex 90 58 20.3333
      vertex 89.9807 58.3921 19.5
      vertex 89.9807 58.3921 20.3333
    endloop
  endfacet
  facet normal 0.998791 0.0491626 0
    outer loop
      vertex 89.9807 58.3921 19.5
      vertex 90 58 20.3333
      vertex 90 58 19.5
    endloop
  endfacet
  facet normal 0.998791 0.0491626 0
    outer loop
      vertex 90 58 21.6667
      vertex 89.9807 58.3921 20.8333
      vertex 89.9807 58.3921 21.6667
    endloop
  endfacet
  facet normal 0.998791 0.0491626 0
    outer loop
      vertex 89.9807 58.3921 20.8333
      vertex 90 58 21.6667
      vertex 90 58 20.8333
    endloop
  endfacet
  facet normal -0.595703 -0.803205 0
    outer loop
      vertex 1.46243 0.907958 0
      vertex 1.77772 0.674121 23
      vertex 1.46243 0.907958 23
    endloop
  endfacet
  facet normal -0.595703 -0.803205 -0
    outer loop
      vertex 1.77772 0.674121 23
      vertex 1.46243 0.907958 0
      vertex 1.77772 0.674121 0
    endloop
  endfacet
  facet normal -0.998796 0.049062 0
    outer loop
      vertex 0 58 0
      vertex 0.0192604 58.3921 23
      vertex 0.0192604 58.3921 0
    endloop
  endfacet
  facet normal -0.998796 0.049062 0
    outer loop
      vertex 0.0192604 58.3921 23
      vertex 0 58 0
      vertex 0 58 23
    endloop
  endfacet
  facet normal -0.97002 0.243026 0
    outer loop
      vertex 0.0768585 58.7804 0
      vertex 0.172238 59.1611 23
      vertex 0.172238 59.1611 0
    endloop
  endfacet
  facet normal -0.97002 0.243026 0
    outer loop
      vertex 0.172238 59.1611 23
      vertex 0.0768585 58.7804 0
      vertex 0.0768585 58.7804 23
    endloop
  endfacet
  facet normal -0.740892 0.671624 0
    outer loop
      vertex 0.907958 60.5376 0
      vertex 1.17157 60.8284 23
      vertex 1.17157 60.8284 0
    endloop
  endfacet
  facet normal -0.740892 0.671624 0
    outer loop
      vertex 1.17157 60.8284 23
      vertex 0.907958 60.5376 0
      vertex 0.907958 60.5376 23
    endloop
  endfacet
  facet normal -0.242978 -0.970032 0
    outer loop
      vertex 2.83886 0.172238 0
      vertex 3.21964 0.0768585 23
      vertex 2.83886 0.172238 23
    endloop
  endfacet
  facet normal -0.242978 -0.970032 -0
    outer loop
      vertex 3.21964 0.0768585 23
      vertex 2.83886 0.172238 0
      vertex 3.21964 0.0768585 0
    endloop
  endfacet
  facet normal 0.59569 -0.803214 0
    outer loop
      vertex 88.2223 0.674121 0
      vertex 88.5376 0.907958 23
      vertex 88.2223 0.674121 23
    endloop
  endfacet
  facet normal 0.59569 -0.803214 0
    outer loop
      vertex 88.5376 0.907958 23
      vertex 88.2223 0.674121 0
      vertex 88.5376 0.907958 0
    endloop
  endfacet
  facet normal 0.941497 -0.337022 0
    outer loop
      vertex 89.6955 2.46927 23
      vertex 89.8278 2.83886 22.1667
      vertex 89.8278 2.83886 23
    endloop
  endfacet
  facet normal 0.941497 -0.337022 0
    outer loop
      vertex 89.8278 2.83886 22.1667
      vertex 89.6955 2.46927 23
      vertex 89.6955 2.46927 22.1667
    endloop
  endfacet
  facet normal 0.941497 -0.337022 0
    outer loop
      vertex 89.6955 2.46927 4.33333
      vertex 89.8278 2.83886 0
      vertex 89.8278 2.83886 4.33333
    endloop
  endfacet
  facet normal 0.941497 -0.337022 0
    outer loop
      vertex 89.8278 2.83886 0
      vertex 89.6955 2.46927 4.33333
      vertex 89.6955 2.46927 0
    endloop
  endfacet
  facet normal 0.941497 -0.337022 0
    outer loop
      vertex 89.6955 2.46927 5.66667
      vertex 89.8278 2.83886 4.83333
      vertex 89.8278 2.83886 5.66667
    endloop
  endfacet
  facet normal 0.941497 -0.337022 0
    outer loop
      vertex 89.8278 2.83886 4.83333
      vertex 89.6955 2.46927 5.66667
      vertex 89.6955 2.46927 4.83333
    endloop
  endfacet
  facet normal 0.941497 -0.337022 0
    outer loop
      vertex 89.6955 2.46927 7
      vertex 89.8278 2.83886 6.16667
      vertex 89.8278 2.83886 7
    endloop
  endfacet
  facet normal 0.941497 -0.337022 0
    outer loop
      vertex 89.8278 2.83886 6.16667
      vertex 89.6955 2.46927 7
      vertex 89.6955 2.46927 6.16667
    endloop
  endfacet
  facet normal 0.941497 -0.337022 0
    outer loop
      vertex 89.6955 2.46927 8.33333
      vertex 89.8278 2.83886 7.5
      vertex 89.8278 2.83886 8.33333
    endloop
  endfacet
  facet normal 0.941497 -0.337022 0
    outer loop
      vertex 89.8278 2.83886 7.5
      vertex 89.6955 2.46927 8.33333
      vertex 89.6955 2.46927 7.5
    endloop
  endfacet
  facet normal 0.941497 -0.337022 0
    outer loop
      vertex 89.6955 2.46927 9.66667
      vertex 89.8278 2.83886 8.83333
      vertex 89.8278 2.83886 9.66667
    endloop
  endfacet
  facet normal 0.941497 -0.337022 0
    outer loop
      vertex 89.8278 2.83886 8.83333
      vertex 89.6955 2.46927 9.66667
      vertex 89.6955 2.46927 8.83333
    endloop
  endfacet
  facet normal 0.941497 -0.337022 0
    outer loop
      vertex 89.6955 2.46927 11
      vertex 89.8278 2.83886 10.1667
      vertex 89.8278 2.83886 11
    endloop
  endfacet
  facet normal 0.941497 -0.337022 0
    outer loop
      vertex 89.8278 2.83886 10.1667
      vertex 89.6955 2.46927 11
      vertex 89.6955 2.46927 10.1667
    endloop
  endfacet
  facet normal 0.941497 -0.337022 0
    outer loop
      vertex 89.6955 2.46927 12.3333
      vertex 89.8278 2.83886 11.5
      vertex 89.8278 2.83886 12.3333
    endloop
  endfacet
  facet normal 0.941497 -0.337022 0
    outer loop
      vertex 89.8278 2.83886 11.5
      vertex 89.6955 2.46927 12.3333
      vertex 89.6955 2.46927 11.5
    endloop
  endfacet
  facet normal 0.941497 -0.337022 0
    outer loop
      vertex 89.6955 2.46927 13.6667
      vertex 89.8278 2.83886 12.8333
      vertex 89.8278 2.83886 13.6667
    endloop
  endfacet
  facet normal 0.941497 -0.337022 0
    outer loop
      vertex 89.8278 2.83886 12.8333
      vertex 89.6955 2.46927 13.6667
      vertex 89.6955 2.46927 12.8333
    endloop
  endfacet
  facet normal 0.941497 -0.337022 0
    outer loop
      vertex 89.6955 2.46927 15
      vertex 89.8278 2.83886 14.1667
      vertex 89.8278 2.83886 15
    endloop
  endfacet
  facet normal 0.941497 -0.337022 0
    outer loop
      vertex 89.8278 2.83886 14.1667
      vertex 89.6955 2.46927 15
      vertex 89.6955 2.46927 14.1667
    endloop
  endfacet
  facet normal 0.941497 -0.337022 0
    outer loop
      vertex 89.6955 2.46927 16.3333
      vertex 89.8278 2.83886 15.5
      vertex 89.8278 2.83886 16.3333
    endloop
  endfacet
  facet normal 0.941497 -0.337022 0
    outer loop
      vertex 89.8278 2.83886 15.5
      vertex 89.6955 2.46927 16.3333
      vertex 89.6955 2.46927 15.5
    endloop
  endfacet
  facet normal 0.941497 -0.337022 0
    outer loop
      vertex 89.6955 2.46927 17.6667
      vertex 89.8278 2.83886 16.8333
      vertex 89.8278 2.83886 17.6667
    endloop
  endfacet
  facet normal 0.941497 -0.337022 0
    outer loop
      vertex 89.8278 2.83886 16.8333
      vertex 89.6955 2.46927 17.6667
      vertex 89.6955 2.46927 16.8333
    endloop
  endfacet
  facet normal 0.941497 -0.337022 0
    outer loop
      vertex 89.6955 2.46927 19
      vertex 89.8278 2.83886 18.1667
      vertex 89.8278 2.83886 19
    endloop
  endfacet
  facet normal 0.941497 -0.337022 0
    outer loop
      vertex 89.8278 2.83886 18.1667
      vertex 89.6955 2.46927 19
      vertex 89.6955 2.46927 18.1667
    endloop
  endfacet
  facet normal 0.941497 -0.337022 0
    outer loop
      vertex 89.6955 2.46927 20.3333
      vertex 89.8278 2.83886 19.5
      vertex 89.8278 2.83886 20.3333
    endloop
  endfacet
  facet normal 0.941497 -0.337022 0
    outer loop
      vertex 89.8278 2.83886 19.5
      vertex 89.6955 2.46927 20.3333
      vertex 89.6955 2.46927 19.5
    endloop
  endfacet
  facet normal 0.941497 -0.337022 0
    outer loop
      vertex 89.6955 2.46927 21.6667
      vertex 89.8278 2.83886 20.8333
      vertex 89.8278 2.83886 21.6667
    endloop
  endfacet
  facet normal 0.941497 -0.337022 0
    outer loop
      vertex 89.8278 2.83886 20.8333
      vertex 89.6955 2.46927 21.6667
      vertex 89.6955 2.46927 20.8333
    endloop
  endfacet
  facet normal -0.146737 0.989176 0
    outer loop
      vertex 3.60793 61.9807 0
      vertex 3.21964 61.9231 23
      vertex 3.60793 61.9807 23
    endloop
  endfacet
  facet normal -0.146737 0.989176 0
    outer loop
      vertex 3.21964 61.9231 23
      vertex 3.60793 61.9807 0
      vertex 3.21964 61.9231 0
    endloop
  endfacet
  facet normal 0.427509 -0.904011 0
    outer loop
      vertex 87.5307 0.304482 0
      vertex 87.8856 0.472315 4.33333
      vertex 87.5307 0.304482 4.33333
    endloop
  endfacet
  facet normal 0.427509 -0.904011 0
    outer loop
      vertex 87.8856 0.472315 4.33333
      vertex 87.5307 0.304482 0
      vertex 87.8856 0.472315 0
    endloop
  endfacet
  facet normal 0.427509 -0.904011 0
    outer loop
      vertex 87.5307 0.304482 22.1667
      vertex 87.8856 0.472315 23
      vertex 87.5307 0.304482 23
    endloop
  endfacet
  facet normal 0.427509 -0.904011 0
    outer loop
      vertex 87.8856 0.472315 23
      vertex 87.5307 0.304482 22.1667
      vertex 87.8856 0.472315 22.1667
    endloop
  endfacet
  facet normal 0.427509 -0.904011 0
    outer loop
      vertex 87.5307 0.304482 4.83333
      vertex 87.8856 0.472315 5.66667
      vertex 87.5307 0.304482 5.66667
    endloop
  endfacet
  facet normal 0.427509 -0.904011 0
    outer loop
      vertex 87.8856 0.472315 5.66667
      vertex 87.5307 0.304482 4.83333
      vertex 87.8856 0.472315 4.83333
    endloop
  endfacet
  facet normal 0.427509 -0.904011 0
    outer loop
      vertex 87.5307 0.304482 6.16667
      vertex 87.8856 0.472315 7
      vertex 87.5307 0.304482 7
    endloop
  endfacet
  facet normal 0.427509 -0.904011 0
    outer loop
      vertex 87.8856 0.472315 7
      vertex 87.5307 0.304482 6.16667
      vertex 87.8856 0.472315 6.16667
    endloop
  endfacet
  facet normal 0.427509 -0.904011 0
    outer loop
      vertex 87.5307 0.304482 7.5
      vertex 87.8856 0.472315 8.33333
      vertex 87.5307 0.304482 8.33333
    endloop
  endfacet
  facet normal 0.427509 -0.904011 0
    outer loop
      vertex 87.8856 0.472315 8.33333
      vertex 87.5307 0.304482 7.5
      vertex 87.8856 0.472315 7.5
    endloop
  endfacet
  facet normal 0.427509 -0.904011 0
    outer loop
      vertex 87.5307 0.304482 8.83333
      vertex 87.8856 0.472315 9.66667
      vertex 87.5307 0.304482 9.66667
    endloop
  endfacet
  facet normal 0.427509 -0.904011 0
    outer loop
      vertex 87.8856 0.472315 9.66667
      vertex 87.5307 0.304482 8.83333
      vertex 87.8856 0.472315 8.83333
    endloop
  endfacet
  facet normal 0.427509 -0.904011 0
    outer loop
      vertex 87.5307 0.304482 10.1667
      vertex 87.8856 0.472315 11
      vertex 87.5307 0.304482 11
    endloop
  endfacet
  facet normal 0.427509 -0.904011 0
    outer loop
      vertex 87.8856 0.472315 11
      vertex 87.5307 0.304482 10.1667
      vertex 87.8856 0.472315 10.1667
    endloop
  endfacet
  facet normal 0.427509 -0.904011 0
    outer loop
      vertex 87.5307 0.304482 11.5
      vertex 87.8856 0.472315 12.3333
      vertex 87.5307 0.304482 12.3333
    endloop
  endfacet
  facet normal 0.427509 -0.904011 0
    outer loop
      vertex 87.8856 0.472315 12.3333
      vertex 87.5307 0.304482 11.5
      vertex 87.8856 0.472315 11.5
    endloop
  endfacet
  facet normal 0.427509 -0.904011 0
    outer loop
      vertex 87.5307 0.304482 12.8333
      vertex 87.8856 0.472315 13.6667
      vertex 87.5307 0.304482 13.6667
    endloop
  endfacet
  facet normal 0.427509 -0.904011 0
    outer loop
      vertex 87.8856 0.472315 13.6667
      vertex 87.5307 0.304482 12.8333
      vertex 87.8856 0.472315 12.8333
    endloop
  endfacet
  facet normal 0.427509 -0.904011 0
    outer loop
      vertex 87.5307 0.304482 14.1667
      vertex 87.8856 0.472315 15
      vertex 87.5307 0.304482 15
    endloop
  endfacet
  facet normal 0.427509 -0.904011 0
    outer loop
      vertex 87.8856 0.472315 15
      vertex 87.5307 0.304482 14.1667
      vertex 87.8856 0.472315 14.1667
    endloop
  endfacet
  facet normal 0.427509 -0.904011 0
    outer loop
      vertex 87.5307 0.304482 15.5
      vertex 87.8856 0.472315 16.3333
      vertex 87.5307 0.304482 16.3333
    endloop
  endfacet
  facet normal 0.427509 -0.904011 0
    outer loop
      vertex 87.8856 0.472315 16.3333
      vertex 87.5307 0.304482 15.5
      vertex 87.8856 0.472315 15.5
    endloop
  endfacet
  facet normal 0.427509 -0.904011 0
    outer loop
      vertex 87.5307 0.304482 16.8333
      vertex 87.8856 0.472315 17.6667
      vertex 87.5307 0.304482 17.6667
    endloop
  endfacet
  facet normal 0.427509 -0.904011 0
    outer loop
      vertex 87.8856 0.472315 17.6667
      vertex 87.5307 0.304482 16.8333
      vertex 87.8856 0.472315 16.8333
    endloop
  endfacet
  facet normal 0.427509 -0.904011 0
    outer loop
      vertex 87.5307 0.304482 18.1667
      vertex 87.8856 0.472315 19
      vertex 87.5307 0.304482 19
    endloop
  endfacet
  facet normal 0.427509 -0.904011 0
    outer loop
      vertex 87.8856 0.472315 19
      vertex 87.5307 0.304482 18.1667
      vertex 87.8856 0.472315 18.1667
    endloop
  endfacet
  facet normal 0.427509 -0.904011 0
    outer loop
      vertex 87.5307 0.304482 19.5
      vertex 87.8856 0.472315 20.3333
      vertex 87.5307 0.304482 20.3333
    endloop
  endfacet
  facet normal 0.427509 -0.904011 0
    outer loop
      vertex 87.8856 0.472315 20.3333
      vertex 87.5307 0.304482 19.5
      vertex 87.8856 0.472315 19.5
    endloop
  endfacet
  facet normal 0.427509 -0.904011 0
    outer loop
      vertex 87.5307 0.304482 20.8333
      vertex 87.8856 0.472315 21.6667
      vertex 87.5307 0.304482 21.6667
    endloop
  endfacet
  facet normal 0.427509 -0.904011 0
    outer loop
      vertex 87.8856 0.472315 21.6667
      vertex 87.5307 0.304482 20.8333
      vertex 87.8856 0.472315 20.8333
    endloop
  endfacet
  facet normal 0.904044 0.42744 0
    outer loop
      vertex 89.6955 59.5307 4.33333
      vertex 89.5277 59.8856 0
      vertex 89.5277 59.8856 4.33333
    endloop
  endfacet
  facet normal 0.904044 0.42744 0
    outer loop
      vertex 89.5277 59.8856 0
      vertex 89.6955 59.5307 4.33333
      vertex 89.6955 59.5307 0
    endloop
  endfacet
  facet normal 0.904044 0.42744 0
    outer loop
      vertex 89.6955 59.5307 23
      vertex 89.5277 59.8856 22.1667
      vertex 89.5277 59.8856 23
    endloop
  endfacet
  facet normal 0.904044 0.42744 0
    outer loop
      vertex 89.5277 59.8856 22.1667
      vertex 89.6955 59.5307 23
      vertex 89.6955 59.5307 22.1667
    endloop
  endfacet
  facet normal 0.904044 0.42744 0
    outer loop
      vertex 89.6955 59.5307 5.66667
      vertex 89.5277 59.8856 4.83333
      vertex 89.5277 59.8856 5.66667
    endloop
  endfacet
  facet normal 0.904044 0.42744 0
    outer loop
      vertex 89.5277 59.8856 4.83333
      vertex 89.6955 59.5307 5.66667
      vertex 89.6955 59.5307 4.83333
    endloop
  endfacet
  facet normal 0.904044 0.42744 0
    outer loop
      vertex 89.6955 59.5307 7
      vertex 89.5277 59.8856 6.16667
      vertex 89.5277 59.8856 7
    endloop
  endfacet
  facet normal 0.904044 0.42744 0
    outer loop
      vertex 89.5277 59.8856 6.16667
      vertex 89.6955 59.5307 7
      vertex 89.6955 59.5307 6.16667
    endloop
  endfacet
  facet normal 0.904044 0.42744 0
    outer loop
      vertex 89.6955 59.5307 8.33333
      vertex 89.5277 59.8856 7.5
      vertex 89.5277 59.8856 8.33333
    endloop
  endfacet
  facet normal 0.904044 0.42744 0
    outer loop
      vertex 89.5277 59.8856 7.5
      vertex 89.6955 59.5307 8.33333
      vertex 89.6955 59.5307 7.5
    endloop
  endfacet
  facet normal 0.904044 0.42744 0
    outer loop
      vertex 89.6955 59.5307 9.66667
      vertex 89.5277 59.8856 8.83333
      vertex 89.5277 59.8856 9.66667
    endloop
  endfacet
  facet normal 0.904044 0.42744 0
    outer loop
      vertex 89.5277 59.8856 8.83333
      vertex 89.6955 59.5307 9.66667
      vertex 89.6955 59.5307 8.83333
    endloop
  endfacet
  facet normal 0.904044 0.42744 0
    outer loop
      vertex 89.6955 59.5307 11
      vertex 89.5277 59.8856 10.1667
      vertex 89.5277 59.8856 11
    endloop
  endfacet
  facet normal 0.904044 0.42744 0
    outer loop
      vertex 89.5277 59.8856 10.1667
      vertex 89.6955 59.5307 11
      vertex 89.6955 59.5307 10.1667
    endloop
  endfacet
  facet normal 0.904044 0.42744 0
    outer loop
      vertex 89.6955 59.5307 12.3333
      vertex 89.5277 59.8856 11.5
      vertex 89.5277 59.8856 12.3333
    endloop
  endfacet
  facet normal 0.904044 0.42744 0
    outer loop
      vertex 89.5277 59.8856 11.5
      vertex 89.6955 59.5307 12.3333
      vertex 89.6955 59.5307 11.5
    endloop
  endfacet
  facet normal 0.904044 0.42744 0
    outer loop
      vertex 89.6955 59.5307 13.6667
      vertex 89.5277 59.8856 12.8333
      vertex 89.5277 59.8856 13.6667
    endloop
  endfacet
  facet normal 0.904044 0.42744 0
    outer loop
      vertex 89.5277 59.8856 12.8333
      vertex 89.6955 59.5307 13.6667
      vertex 89.6955 59.5307 12.8333
    endloop
  endfacet
  facet normal 0.904044 0.42744 0
    outer loop
      vertex 89.6955 59.5307 15
      vertex 89.5277 59.8856 14.1667
      vertex 89.5277 59.8856 15
    endloop
  endfacet
  facet normal 0.904044 0.42744 0
    outer loop
      vertex 89.5277 59.8856 14.1667
      vertex 89.6955 59.5307 15
      vertex 89.6955 59.5307 14.1667
    endloop
  endfacet
  facet normal 0.904044 0.42744 0
    outer loop
      vertex 89.6955 59.5307 16.3333
      vertex 89.5277 59.8856 15.5
      vertex 89.5277 59.8856 16.3333
    endloop
  endfacet
  facet normal 0.904044 0.42744 0
    outer loop
      vertex 89.5277 59.8856 15.5
      vertex 89.6955 59.5307 16.3333
      vertex 89.6955 59.5307 15.5
    endloop
  endfacet
  facet normal 0.904044 0.42744 0
    outer loop
      vertex 89.6955 59.5307 17.6667
      vertex 89.5277 59.8856 16.8333
      vertex 89.5277 59.8856 17.6667
    endloop
  endfacet
  facet normal 0.904044 0.42744 0
    outer loop
      vertex 89.5277 59.8856 16.8333
      vertex 89.6955 59.5307 17.6667
      vertex 89.6955 59.5307 16.8333
    endloop
  endfacet
  facet normal 0.904044 0.42744 0
    outer loop
      vertex 89.6955 59.5307 19
      vertex 89.5277 59.8856 18.1667
      vertex 89.5277 59.8856 19
    endloop
  endfacet
  facet normal 0.904044 0.42744 0
    outer loop
      vertex 89.5277 59.8856 18.1667
      vertex 89.6955 59.5307 19
      vertex 89.6955 59.5307 18.1667
    endloop
  endfacet
  facet normal 0.904044 0.42744 0
    outer loop
      vertex 89.6955 59.5307 20.3333
      vertex 89.5277 59.8856 19.5
      vertex 89.5277 59.8856 20.3333
    endloop
  endfacet
  facet normal 0.904044 0.42744 0
    outer loop
      vertex 89.5277 59.8856 19.5
      vertex 89.6955 59.5307 20.3333
      vertex 89.6955 59.5307 19.5
    endloop
  endfacet
  facet normal 0.904044 0.42744 0
    outer loop
      vertex 89.6955 59.5307 21.6667
      vertex 89.5277 59.8856 20.8333
      vertex 89.5277 59.8856 21.6667
    endloop
  endfacet
  facet normal 0.904044 0.42744 0
    outer loop
      vertex 89.5277 59.8856 20.8333
      vertex 89.6955 59.5307 21.6667
      vertex 89.6955 59.5307 20.8333
    endloop
  endfacet
  facet normal 0.803128 -0.595806 0
    outer loop
      vertex 89.092 1.46243 23
      vertex 89.3259 1.77772 0
      vertex 89.3259 1.77772 23
    endloop
  endfacet
  facet normal 0.803128 -0.595806 0
    outer loop
      vertex 89.3259 1.77772 0
      vertex 89.092 1.46243 23
      vertex 89.092 1.46243 0
    endloop
  endfacet
  facet normal -0.857733 0.514095 0
    outer loop
      vertex 0.472315 59.8856 0
      vertex 0.674121 60.2223 23
      vertex 0.674121 60.2223 0
    endloop
  endfacet
  facet normal -0.857733 0.514095 0
    outer loop
      vertex 0.674121 60.2223 23
      vertex 0.472315 59.8856 0
      vertex 0.472315 59.8856 23
    endloop
  endfacet
  facet normal -0.671548 -0.740961 0
    outer loop
      vertex 1.17157 1.17157 0
      vertex 1.46243 0.907958 23
      vertex 1.17157 1.17157 23
    endloop
  endfacet
  facet normal -0.671548 -0.740961 -0
    outer loop
      vertex 1.46243 0.907958 23
      vertex 1.17157 1.17157 0
      vertex 1.46243 0.907958 0
    endloop
  endfacet
  facet normal 0.857702 -0.514146 0
    outer loop
      vertex 89.5277 2.11441 23
      vertex 89.4 1.90138 22.1667
      vertex 89.5277 2.11441 22.1667
    endloop
  endfacet
  facet normal 0.857787 -0.514006 0
    outer loop
      vertex 89.3259 1.77772 23
      vertex 89.4 1.90138 21.6667
      vertex 89.4 1.90138 22.1667
    endloop
  endfacet
  facet normal 0.857787 -0.514006 0
    outer loop
      vertex 89.4 1.90138 21.6667
      vertex 89.3259 1.77772 23
      vertex 89.4 1.90138 20.8333
    endloop
  endfacet
  facet normal 0.857787 -0.514006 0
    outer loop
      vertex 89.4 1.90138 20.8333
      vertex 89.3259 1.77772 23
      vertex 89.4 1.90138 20.3333
    endloop
  endfacet
  facet normal 0.857787 -0.514006 0
    outer loop
      vertex 89.4 1.90138 20.3333
      vertex 89.3259 1.77772 23
      vertex 89.4 1.90138 19.5
    endloop
  endfacet
  facet normal 0.857787 -0.514006 0
    outer loop
      vertex 89.4 1.90138 19.5
      vertex 89.3259 1.77772 23
      vertex 89.4 1.90138 19
    endloop
  endfacet
  facet normal 0.857787 -0.514006 0
    outer loop
      vertex 89.4 1.90138 19
      vertex 89.3259 1.77772 23
      vertex 89.4 1.90138 18.1667
    endloop
  endfacet
  facet normal 0.857787 -0.514006 0
    outer loop
      vertex 89.4 1.90138 18.1667
      vertex 89.3259 1.77772 23
      vertex 89.4 1.90138 17.6667
    endloop
  endfacet
  facet normal 0.857787 -0.514006 0
    outer loop
      vertex 89.4 1.90138 17.6667
      vertex 89.3259 1.77772 23
      vertex 89.4 1.90138 16.8333
    endloop
  endfacet
  facet normal 0.857787 -0.514006 0
    outer loop
      vertex 89.4 1.90138 16.8333
      vertex 89.3259 1.77772 23
      vertex 89.4 1.90138 16.3333
    endloop
  endfacet
  facet normal 0.857787 -0.514006 0
    outer loop
      vertex 89.4 1.90138 16.3333
      vertex 89.3259 1.77772 23
      vertex 89.4 1.90138 15.5
    endloop
  endfacet
  facet normal 0.857787 -0.514006 0
    outer loop
      vertex 89.4 1.90138 15.5
      vertex 89.3259 1.77772 23
      vertex 89.4 1.90138 15
    endloop
  endfacet
  facet normal 0.857787 -0.514006 0
    outer loop
      vertex 89.4 1.90138 15
      vertex 89.3259 1.77772 23
      vertex 89.4 1.90138 14.1667
    endloop
  endfacet
  facet normal 0.857787 -0.514006 0
    outer loop
      vertex 89.4 1.90138 14.1667
      vertex 89.3259 1.77772 23
      vertex 89.4 1.90138 13.6667
    endloop
  endfacet
  facet normal 0.857787 -0.514006 0
    outer loop
      vertex 89.4 1.90138 13.6667
      vertex 89.3259 1.77772 23
      vertex 89.4 1.90138 12.8333
    endloop
  endfacet
  facet normal 0.857787 -0.514006 0
    outer loop
      vertex 89.4 1.90138 12.8333
      vertex 89.3259 1.77772 23
      vertex 89.4 1.90138 12.3333
    endloop
  endfacet
  facet normal 0.857787 -0.514006 0
    outer loop
      vertex 89.4 1.90138 12.3333
      vertex 89.3259 1.77772 23
      vertex 89.4 1.90138 11.5
    endloop
  endfacet
  facet normal 0.857787 -0.514006 0
    outer loop
      vertex 89.4 1.90138 11.5
      vertex 89.3259 1.77772 23
      vertex 89.4 1.90138 11
    endloop
  endfacet
  facet normal 0.857787 -0.514006 0
    outer loop
      vertex 89.4 1.90138 11
      vertex 89.3259 1.77772 23
      vertex 89.4 1.90138 10.1667
    endloop
  endfacet
  facet normal 0.857787 -0.514006 0
    outer loop
      vertex 89.4 1.90138 10.1667
      vertex 89.3259 1.77772 23
      vertex 89.4 1.90138 9.66667
    endloop
  endfacet
  facet normal 0.857787 -0.514006 0
    outer loop
      vertex 89.4 1.90138 9.66667
      vertex 89.3259 1.77772 23
      vertex 89.4 1.90138 8.83333
    endloop
  endfacet
  facet normal 0.857787 -0.514006 0
    outer loop
      vertex 89.4 1.90138 8.83333
      vertex 89.3259 1.77772 23
      vertex 89.4 1.90138 8.33333
    endloop
  endfacet
  facet normal 0.857787 -0.514006 0
    outer loop
      vertex 89.4 1.90138 8.33333
      vertex 89.3259 1.77772 23
      vertex 89.4 1.90138 7.5
    endloop
  endfacet
  facet normal 0.857787 -0.514006 0
    outer loop
      vertex 89.4 1.90138 7.5
      vertex 89.3259 1.77772 23
      vertex 89.4 1.90138 7
    endloop
  endfacet
  facet normal 0.857787 -0.514006 0
    outer loop
      vertex 89.3259 1.77772 0
      vertex 89.4 1.90138 7
      vertex 89.3259 1.77772 23
    endloop
  endfacet
  facet normal 0.857787 -0.514006 0
    outer loop
      vertex 89.4 1.90138 7
      vertex 89.3259 1.77772 0
      vertex 89.4 1.90138 6.16667
    endloop
  endfacet
  facet normal 0.857787 -0.514006 0
    outer loop
      vertex 89.4 1.90138 6.16667
      vertex 89.3259 1.77772 0
      vertex 89.4 1.90138 5.66667
    endloop
  endfacet
  facet normal 0.857787 -0.514006 0
    outer loop
      vertex 89.4 1.90138 5.66667
      vertex 89.3259 1.77772 0
      vertex 89.4 1.90138 4.83333
    endloop
  endfacet
  facet normal 0.857733 -0.514095 -1.7912e-05
    outer loop
      vertex 89.3259 1.77772 23
      vertex 89.4 1.90138 22.1667
      vertex 89.5277 2.11441 23
    endloop
  endfacet
  facet normal 0.857702 -0.514146 0
    outer loop
      vertex 89.4 1.90138 21.6667
      vertex 89.5277 2.11441 20.8333
      vertex 89.5277 2.11441 21.6667
    endloop
  endfacet
  facet normal 0.857702 -0.514146 0
    outer loop
      vertex 89.5277 2.11441 20.8333
      vertex 89.4 1.90138 21.6667
      vertex 89.4 1.90138 20.8333
    endloop
  endfacet
  facet normal 0.857702 -0.514146 0
    outer loop
      vertex 89.4 1.90138 20.3333
      vertex 89.5277 2.11441 19.5
      vertex 89.5277 2.11441 20.3333
    endloop
  endfacet
  facet normal 0.857702 -0.514146 0
    outer loop
      vertex 89.5277 2.11441 19.5
      vertex 89.4 1.90138 20.3333
      vertex 89.4 1.90138 19.5
    endloop
  endfacet
  facet normal 0.857702 -0.514146 0
    outer loop
      vertex 89.4 1.90138 19
      vertex 89.5277 2.11441 18.1667
      vertex 89.5277 2.11441 19
    endloop
  endfacet
  facet normal 0.857702 -0.514146 0
    outer loop
      vertex 89.5277 2.11441 18.1667
      vertex 89.4 1.90138 19
      vertex 89.4 1.90138 18.1667
    endloop
  endfacet
  facet normal 0.857702 -0.514146 0
    outer loop
      vertex 89.4 1.90138 17.6667
      vertex 89.5277 2.11441 16.8333
      vertex 89.5277 2.11441 17.6667
    endloop
  endfacet
  facet normal 0.857702 -0.514146 0
    outer loop
      vertex 89.5277 2.11441 16.8333
      vertex 89.4 1.90138 17.6667
      vertex 89.4 1.90138 16.8333
    endloop
  endfacet
  facet normal 0.857702 -0.514146 0
    outer loop
      vertex 89.4 1.90138 16.3333
      vertex 89.5277 2.11441 15.5
      vertex 89.5277 2.11441 16.3333
    endloop
  endfacet
  facet normal 0.857702 -0.514146 0
    outer loop
      vertex 89.5277 2.11441 15.5
      vertex 89.4 1.90138 16.3333
      vertex 89.4 1.90138 15.5
    endloop
  endfacet
  facet normal 0.857702 -0.514146 0
    outer loop
      vertex 89.4 1.90138 15
      vertex 89.5277 2.11441 14.1667
      vertex 89.5277 2.11441 15
    endloop
  endfacet
  facet normal 0.857702 -0.514146 0
    outer loop
      vertex 89.5277 2.11441 14.1667
      vertex 89.4 1.90138 15
      vertex 89.4 1.90138 14.1667
    endloop
  endfacet
  facet normal 0.857702 -0.514146 0
    outer loop
      vertex 89.4 1.90138 13.6667
      vertex 89.5277 2.11441 12.8333
      vertex 89.5277 2.11441 13.6667
    endloop
  endfacet
  facet normal 0.857702 -0.514146 0
    outer loop
      vertex 89.5277 2.11441 12.8333
      vertex 89.4 1.90138 13.6667
      vertex 89.4 1.90138 12.8333
    endloop
  endfacet
  facet normal 0.857702 -0.514146 0
    outer loop
      vertex 89.4 1.90138 12.3333
      vertex 89.5277 2.11441 11.5
      vertex 89.5277 2.11441 12.3333
    endloop
  endfacet
  facet normal 0.857702 -0.514146 0
    outer loop
      vertex 89.5277 2.11441 11.5
      vertex 89.4 1.90138 12.3333
      vertex 89.4 1.90138 11.5
    endloop
  endfacet
  facet normal 0.857702 -0.514146 0
    outer loop
      vertex 89.4 1.90138 11
      vertex 89.5277 2.11441 10.1667
      vertex 89.5277 2.11441 11
    endloop
  endfacet
  facet normal 0.857702 -0.514146 0
    outer loop
      vertex 89.5277 2.11441 10.1667
      vertex 89.4 1.90138 11
      vertex 89.4 1.90138 10.1667
    endloop
  endfacet
  facet normal 0.857702 -0.514146 0
    outer loop
      vertex 89.4 1.90138 9.66667
      vertex 89.5277 2.11441 8.83333
      vertex 89.5277 2.11441 9.66667
    endloop
  endfacet
  facet normal 0.857702 -0.514146 0
    outer loop
      vertex 89.5277 2.11441 8.83333
      vertex 89.4 1.90138 9.66667
      vertex 89.4 1.90138 8.83333
    endloop
  endfacet
  facet normal 0.857702 -0.514146 0
    outer loop
      vertex 89.4 1.90138 8.33333
      vertex 89.5277 2.11441 7.5
      vertex 89.5277 2.11441 8.33333
    endloop
  endfacet
  facet normal 0.857702 -0.514146 0
    outer loop
      vertex 89.5277 2.11441 7.5
      vertex 89.4 1.90138 8.33333
      vertex 89.4 1.90138 7.5
    endloop
  endfacet
  facet normal 0.857702 -0.514146 0
    outer loop
      vertex 89.4 1.90138 7
      vertex 89.5277 2.11441 6.16667
      vertex 89.5277 2.11441 7
    endloop
  endfacet
  facet normal 0.857702 -0.514146 0
    outer loop
      vertex 89.5277 2.11441 6.16667
      vertex 89.4 1.90138 7
      vertex 89.4 1.90138 6.16667
    endloop
  endfacet
  facet normal 0.857702 -0.514146 0
    outer loop
      vertex 89.4 1.90138 5.66667
      vertex 89.5277 2.11441 4.83333
      vertex 89.5277 2.11441 5.66667
    endloop
  endfacet
  facet normal 0.857702 -0.514146 0
    outer loop
      vertex 89.5277 2.11441 4.83333
      vertex 89.4 1.90138 5.66667
      vertex 89.4 1.90138 4.83333
    endloop
  endfacet
  facet normal 0.857702 -0.514146 0
    outer loop
      vertex 89.4 1.90138 4.33333
      vertex 89.5277 2.11441 0
      vertex 89.5277 2.11441 4.33333
    endloop
  endfacet
  facet normal 0.857733 -0.514095 3.44448e-06
    outer loop
      vertex 89.4 1.90138 4.33333
      vertex 89.3259 1.77772 0
      vertex 89.5277 2.11441 0
    endloop
  endfacet
  facet normal 0.857787 -0.514006 0
    outer loop
      vertex 89.4 1.90138 4.83333
      vertex 89.3259 1.77772 0
      vertex 89.4 1.90138 4.33333
    endloop
  endfacet
  facet normal 0.049062 -0.998796 0
    outer loop
      vertex 86 0 0
      vertex 86.3921 0.0192604 4.33333
      vertex 86 0 4.33333
    endloop
  endfacet
  facet normal 0.049062 -0.998796 0
    outer loop
      vertex 86.3921 0.0192604 4.33333
      vertex 86 0 0
      vertex 86.3921 0.0192604 0
    endloop
  endfacet
  facet normal 0.049062 -0.998796 0
    outer loop
      vertex 86 0 22.1667
      vertex 86.3921 0.0192604 23
      vertex 86 0 23
    endloop
  endfacet
  facet normal 0.049062 -0.998796 0
    outer loop
      vertex 86.3921 0.0192604 23
      vertex 86 0 22.1667
      vertex 86.3921 0.0192604 22.1667
    endloop
  endfacet
  facet normal 0.049062 -0.998796 0
    outer loop
      vertex 86 0 4.83333
      vertex 86.3921 0.0192604 5.66667
      vertex 86 0 5.66667
    endloop
  endfacet
  facet normal 0.049062 -0.998796 0
    outer loop
      vertex 86.3921 0.0192604 5.66667
      vertex 86 0 4.83333
      vertex 86.3921 0.0192604 4.83333
    endloop
  endfacet
  facet normal 0.049062 -0.998796 0
    outer loop
      vertex 86 0 6.16667
      vertex 86.3921 0.0192604 7
      vertex 86 0 7
    endloop
  endfacet
  facet normal 0.049062 -0.998796 0
    outer loop
      vertex 86.3921 0.0192604 7
      vertex 86 0 6.16667
      vertex 86.3921 0.0192604 6.16667
    endloop
  endfacet
  facet normal 0.049062 -0.998796 0
    outer loop
      vertex 86 0 7.5
      vertex 86.3921 0.0192604 8.33333
      vertex 86 0 8.33333
    endloop
  endfacet
  facet normal 0.049062 -0.998796 0
    outer loop
      vertex 86.3921 0.0192604 8.33333
      vertex 86 0 7.5
      vertex 86.3921 0.0192604 7.5
    endloop
  endfacet
  facet normal 0.049062 -0.998796 0
    outer loop
      vertex 86 0 8.83333
      vertex 86.3921 0.0192604 9.66667
      vertex 86 0 9.66667
    endloop
  endfacet
  facet normal 0.049062 -0.998796 0
    outer loop
      vertex 86.3921 0.0192604 9.66667
      vertex 86 0 8.83333
      vertex 86.3921 0.0192604 8.83333
    endloop
  endfacet
  facet normal 0.049062 -0.998796 0
    outer loop
      vertex 86 0 10.1667
      vertex 86.3921 0.0192604 11
      vertex 86 0 11
    endloop
  endfacet
  facet normal 0.049062 -0.998796 0
    outer loop
      vertex 86.3921 0.0192604 11
      vertex 86 0 10.1667
      vertex 86.3921 0.0192604 10.1667
    endloop
  endfacet
  facet normal 0.049062 -0.998796 0
    outer loop
      vertex 86 0 11.5
      vertex 86.3921 0.0192604 12.3333
      vertex 86 0 12.3333
    endloop
  endfacet
  facet normal 0.049062 -0.998796 0
    outer loop
      vertex 86.3921 0.0192604 12.3333
      vertex 86 0 11.5
      vertex 86.3921 0.0192604 11.5
    endloop
  endfacet
  facet normal 0.049062 -0.998796 0
    outer loop
      vertex 86 0 12.8333
      vertex 86.3921 0.0192604 13.6667
      vertex 86 0 13.6667
    endloop
  endfacet
  facet normal 0.049062 -0.998796 0
    outer loop
      vertex 86.3921 0.0192604 13.6667
      vertex 86 0 12.8333
      vertex 86.3921 0.0192604 12.8333
    endloop
  endfacet
  facet normal 0.049062 -0.998796 0
    outer loop
      vertex 86 0 14.1667
      vertex 86.3921 0.0192604 15
      vertex 86 0 15
    endloop
  endfacet
  facet normal 0.049062 -0.998796 0
    outer loop
      vertex 86.3921 0.0192604 15
      vertex 86 0 14.1667
      vertex 86.3921 0.0192604 14.1667
    endloop
  endfacet
  facet normal 0.049062 -0.998796 0
    outer loop
      vertex 86 0 15.5
      vertex 86.3921 0.0192604 16.3333
      vertex 86 0 16.3333
    endloop
  endfacet
  facet normal 0.049062 -0.998796 0
    outer loop
      vertex 86.3921 0.0192604 16.3333
      vertex 86 0 15.5
      vertex 86.3921 0.0192604 15.5
    endloop
  endfacet
  facet normal 0.049062 -0.998796 0
    outer loop
      vertex 86 0 16.8333
      vertex 86.3921 0.0192604 17.6667
      vertex 86 0 17.6667
    endloop
  endfacet
  facet normal 0.049062 -0.998796 0
    outer loop
      vertex 86.3921 0.0192604 17.6667
      vertex 86 0 16.8333
      vertex 86.3921 0.0192604 16.8333
    endloop
  endfacet
  facet normal 0.049062 -0.998796 0
    outer loop
      vertex 86 0 18.1667
      vertex 86.3921 0.0192604 19
      vertex 86 0 19
    endloop
  endfacet
  facet normal 0.049062 -0.998796 0
    outer loop
      vertex 86.3921 0.0192604 19
      vertex 86 0 18.1667
      vertex 86.3921 0.0192604 18.1667
    endloop
  endfacet
  facet normal 0.049062 -0.998796 0
    outer loop
      vertex 86 0 19.5
      vertex 86.3921 0.0192604 20.3333
      vertex 86 0 20.3333
    endloop
  endfacet
  facet normal 0.049062 -0.998796 0
    outer loop
      vertex 86.3921 0.0192604 20.3333
      vertex 86 0 19.5
      vertex 86.3921 0.0192604 19.5
    endloop
  endfacet
  facet normal 0.049062 -0.998796 0
    outer loop
      vertex 86 0 20.8333
      vertex 86.3921 0.0192604 21.6667
      vertex 86 0 21.6667
    endloop
  endfacet
  facet normal 0.049062 -0.998796 0
    outer loop
      vertex 86.3921 0.0192604 21.6667
      vertex 86 0 20.8333
      vertex 86.3921 0.0192604 20.8333
    endloop
  endfacet
  facet normal -0.0490657 -0.998796 0
    outer loop
      vertex 3.60793 0.0192604 0
      vertex 4 0 23
      vertex 3.60793 0.0192604 23
    endloop
  endfacet
  facet normal -0.0490657 -0.998796 -0
    outer loop
      vertex 4 0 23
      vertex 3.60793 0.0192604 0
      vertex 4 0 0
    endloop
  endfacet
  facet normal -0.0491664 0.998791 0
    outer loop
      vertex 4 62 0
      vertex 3.60793 61.9807 23
      vertex 4 62 23
    endloop
  endfacet
  facet normal -0.0491664 0.998791 0
    outer loop
      vertex 3.60793 61.9807 23
      vertex 4 62 0
      vertex 3.60793 61.9807 0
    endloop
  endfacet
  facet normal -0.904011 0.427509 0
    outer loop
      vertex 0.304482 59.5307 0
      vertex 0.472315 59.8856 23
      vertex 0.472315 59.8856 0
    endloop
  endfacet
  facet normal -0.904011 0.427509 0
    outer loop
      vertex 0.472315 59.8856 23
      vertex 0.304482 59.5307 0
      vertex 0.304482 59.5307 23
    endloop
  endfacet
  facet normal -0.803214 0.59569 0
    outer loop
      vertex 0.674121 60.2223 0
      vertex 0.907958 60.5376 23
      vertex 0.907958 60.5376 0
    endloop
  endfacet
  facet normal -0.803214 0.59569 0
    outer loop
      vertex 0.907958 60.5376 23
      vertex 0.674121 60.2223 0
      vertex 0.674121 60.2223 23
    endloop
  endfacet
  facet normal 0.998791 -0.0491664 0
    outer loop
      vertex 89.9807 3.60793 23
      vertex 90 4 22.1667
      vertex 90 4 23
    endloop
  endfacet
  facet normal 0.998791 -0.0491664 0
    outer loop
      vertex 90 4 22.1667
      vertex 89.9807 3.60793 23
      vertex 89.9807 3.60793 22.1667
    endloop
  endfacet
  facet normal 0.998791 -0.0491664 0
    outer loop
      vertex 89.9807 3.60793 4.33333
      vertex 90 4 0
      vertex 90 4 4.33333
    endloop
  endfacet
  facet normal 0.998791 -0.0491664 0
    outer loop
      vertex 90 4 0
      vertex 89.9807 3.60793 4.33333
      vertex 89.9807 3.60793 0
    endloop
  endfacet
  facet normal 0.998791 -0.0491664 0
    outer loop
      vertex 89.9807 3.60793 5.66667
      vertex 90 4 4.83333
      vertex 90 4 5.66667
    endloop
  endfacet
  facet normal 0.998791 -0.0491664 0
    outer loop
      vertex 90 4 4.83333
      vertex 89.9807 3.60793 5.66667
      vertex 89.9807 3.60793 4.83333
    endloop
  endfacet
  facet normal 0.998791 -0.0491664 0
    outer loop
      vertex 89.9807 3.60793 7
      vertex 90 4 6.16667
      vertex 90 4 7
    endloop
  endfacet
  facet normal 0.998791 -0.0491664 0
    outer loop
      vertex 90 4 6.16667
      vertex 89.9807 3.60793 7
      vertex 89.9807 3.60793 6.16667
    endloop
  endfacet
  facet normal 0.998791 -0.0491664 0
    outer loop
      vertex 89.9807 3.60793 8.33333
      vertex 90 4 7.5
      vertex 90 4 8.33333
    endloop
  endfacet
  facet normal 0.998791 -0.0491664 0
    outer loop
      vertex 90 4 7.5
      vertex 89.9807 3.60793 8.33333
      vertex 89.9807 3.60793 7.5
    endloop
  endfacet
  facet normal 0.998791 -0.0491664 0
    outer loop
      vertex 89.9807 3.60793 9.66667
      vertex 90 4 8.83333
      vertex 90 4 9.66667
    endloop
  endfacet
  facet normal 0.998791 -0.0491664 0
    outer loop
      vertex 90 4 8.83333
      vertex 89.9807 3.60793 9.66667
      vertex 89.9807 3.60793 8.83333
    endloop
  endfacet
  facet normal 0.998791 -0.0491664 0
    outer loop
      vertex 89.9807 3.60793 11
      vertex 90 4 10.1667
      vertex 90 4 11
    endloop
  endfacet
  facet normal 0.998791 -0.0491664 0
    outer loop
      vertex 90 4 10.1667
      vertex 89.9807 3.60793 11
      vertex 89.9807 3.60793 10.1667
    endloop
  endfacet
  facet normal 0.998791 -0.0491664 0
    outer loop
      vertex 89.9807 3.60793 12.3333
      vertex 90 4 11.5
      vertex 90 4 12.3333
    endloop
  endfacet
  facet normal 0.998791 -0.0491664 0
    outer loop
      vertex 90 4 11.5
      vertex 89.9807 3.60793 12.3333
      vertex 89.9807 3.60793 11.5
    endloop
  endfacet
  facet normal 0.998791 -0.0491664 0
    outer loop
      vertex 89.9807 3.60793 13.6667
      vertex 90 4 12.8333
      vertex 90 4 13.6667
    endloop
  endfacet
  facet normal 0.998791 -0.0491664 0
    outer loop
      vertex 90 4 12.8333
      vertex 89.9807 3.60793 13.6667
      vertex 89.9807 3.60793 12.8333
    endloop
  endfacet
  facet normal 0.998791 -0.0491664 0
    outer loop
      vertex 89.9807 3.60793 15
      vertex 90 4 14.1667
      vertex 90 4 15
    endloop
  endfacet
  facet normal 0.998791 -0.0491664 0
    outer loop
      vertex 90 4 14.1667
      vertex 89.9807 3.60793 15
      vertex 89.9807 3.60793 14.1667
    endloop
  endfacet
  facet normal 0.998791 -0.0491664 0
    outer loop
      vertex 89.9807 3.60793 16.3333
      vertex 90 4 15.5
      vertex 90 4 16.3333
    endloop
  endfacet
  facet normal 0.998791 -0.0491664 0
    outer loop
      vertex 90 4 15.5
      vertex 89.9807 3.60793 16.3333
      vertex 89.9807 3.60793 15.5
    endloop
  endfacet
  facet normal 0.998791 -0.0491664 0
    outer loop
      vertex 89.9807 3.60793 17.6667
      vertex 90 4 16.8333
      vertex 90 4 17.6667
    endloop
  endfacet
  facet normal 0.998791 -0.0491664 0
    outer loop
      vertex 90 4 16.8333
      vertex 89.9807 3.60793 17.6667
      vertex 89.9807 3.60793 16.8333
    endloop
  endfacet
  facet normal 0.998791 -0.0491664 0
    outer loop
      vertex 89.9807 3.60793 19
      vertex 90 4 18.1667
      vertex 90 4 19
    endloop
  endfacet
  facet normal 0.998791 -0.0491664 0
    outer loop
      vertex 90 4 18.1667
      vertex 89.9807 3.60793 19
      vertex 89.9807 3.60793 18.1667
    endloop
  endfacet
  facet normal 0.998791 -0.0491664 0
    outer loop
      vertex 89.9807 3.60793 20.3333
      vertex 90 4 19.5
      vertex 90 4 20.3333
    endloop
  endfacet
  facet normal 0.998791 -0.0491664 0
    outer loop
      vertex 90 4 19.5
      vertex 89.9807 3.60793 20.3333
      vertex 89.9807 3.60793 19.5
    endloop
  endfacet
  facet normal 0.998791 -0.0491664 0
    outer loop
      vertex 89.9807 3.60793 21.6667
      vertex 90 4 20.8333
      vertex 90 4 21.6667
    endloop
  endfacet
  facet normal 0.998791 -0.0491664 0
    outer loop
      vertex 90 4 20.8333
      vertex 89.9807 3.60793 21.6667
      vertex 89.9807 3.60793 20.8333
    endloop
  endfacet
  facet normal 0.857671 0.5142 0
    outer loop
      vertex 89.5277 59.8856 5.66667
      vertex 89.4 60.0986 4.83333
      vertex 89.4 60.0986 5.66667
    endloop
  endfacet
  facet normal 0.857671 0.5142 0
    outer loop
      vertex 89.4 60.0986 4.83333
      vertex 89.5277 59.8856 5.66667
      vertex 89.5277 59.8856 4.83333
    endloop
  endfacet
  facet normal 0.857671 0.5142 0
    outer loop
      vertex 89.5277 59.8856 7
      vertex 89.4 60.0986 6.16667
      vertex 89.4 60.0986 7
    endloop
  endfacet
  facet normal 0.857671 0.5142 0
    outer loop
      vertex 89.4 60.0986 6.16667
      vertex 89.5277 59.8856 7
      vertex 89.5277 59.8856 6.16667
    endloop
  endfacet
  facet normal 0.857671 0.5142 0
    outer loop
      vertex 89.5277 59.8856 8.33333
      vertex 89.4 60.0986 7.5
      vertex 89.4 60.0986 8.33333
    endloop
  endfacet
  facet normal 0.857671 0.5142 0
    outer loop
      vertex 89.4 60.0986 7.5
      vertex 89.5277 59.8856 8.33333
      vertex 89.5277 59.8856 7.5
    endloop
  endfacet
  facet normal 0.857671 0.5142 0
    outer loop
      vertex 89.5277 59.8856 9.66667
      vertex 89.4 60.0986 8.83333
      vertex 89.4 60.0986 9.66667
    endloop
  endfacet
  facet normal 0.857671 0.5142 0
    outer loop
      vertex 89.4 60.0986 8.83333
      vertex 89.5277 59.8856 9.66667
      vertex 89.5277 59.8856 8.83333
    endloop
  endfacet
  facet normal 0.857671 0.5142 0
    outer loop
      vertex 89.5277 59.8856 11
      vertex 89.4 60.0986 10.1667
      vertex 89.4 60.0986 11
    endloop
  endfacet
  facet normal 0.857671 0.5142 0
    outer loop
      vertex 89.4 60.0986 10.1667
      vertex 89.5277 59.8856 11
      vertex 89.5277 59.8856 10.1667
    endloop
  endfacet
  facet normal 0.857671 0.5142 0
    outer loop
      vertex 89.5277 59.8856 12.3333
      vertex 89.4 60.0986 11.5
      vertex 89.4 60.0986 12.3333
    endloop
  endfacet
  facet normal 0.857671 0.5142 0
    outer loop
      vertex 89.4 60.0986 11.5
      vertex 89.5277 59.8856 12.3333
      vertex 89.5277 59.8856 11.5
    endloop
  endfacet
  facet normal 0.857671 0.5142 0
    outer loop
      vertex 89.5277 59.8856 13.6667
      vertex 89.4 60.0986 12.8333
      vertex 89.4 60.0986 13.6667
    endloop
  endfacet
  facet normal 0.857671 0.5142 0
    outer loop
      vertex 89.4 60.0986 12.8333
      vertex 89.5277 59.8856 13.6667
      vertex 89.5277 59.8856 12.8333
    endloop
  endfacet
  facet normal 0.857671 0.5142 0
    outer loop
      vertex 89.5277 59.8856 15
      vertex 89.4 60.0986 14.1667
      vertex 89.4 60.0986 15
    endloop
  endfacet
  facet normal 0.857671 0.5142 0
    outer loop
      vertex 89.4 60.0986 14.1667
      vertex 89.5277 59.8856 15
      vertex 89.5277 59.8856 14.1667
    endloop
  endfacet
  facet normal 0.857671 0.5142 0
    outer loop
      vertex 89.5277 59.8856 16.3333
      vertex 89.4 60.0986 15.5
      vertex 89.4 60.0986 16.3333
    endloop
  endfacet
  facet normal 0.857671 0.5142 0
    outer loop
      vertex 89.4 60.0986 15.5
      vertex 89.5277 59.8856 16.3333
      vertex 89.5277 59.8856 15.5
    endloop
  endfacet
  facet normal 0.857671 0.5142 0
    outer loop
      vertex 89.5277 59.8856 17.6667
      vertex 89.4 60.0986 16.8333
      vertex 89.4 60.0986 17.6667
    endloop
  endfacet
  facet normal 0.857671 0.5142 0
    outer loop
      vertex 89.4 60.0986 16.8333
      vertex 89.5277 59.8856 17.6667
      vertex 89.5277 59.8856 16.8333
    endloop
  endfacet
  facet normal 0.857671 0.5142 0
    outer loop
      vertex 89.5277 59.8856 19
      vertex 89.4 60.0986 18.1667
      vertex 89.4 60.0986 19
    endloop
  endfacet
  facet normal 0.857671 0.5142 0
    outer loop
      vertex 89.4 60.0986 18.1667
      vertex 89.5277 59.8856 19
      vertex 89.5277 59.8856 18.1667
    endloop
  endfacet
  facet normal 0.857671 0.5142 0
    outer loop
      vertex 89.5277 59.8856 20.3333
      vertex 89.4 60.0986 19.5
      vertex 89.4 60.0986 20.3333
    endloop
  endfacet
  facet normal 0.857671 0.5142 0
    outer loop
      vertex 89.4 60.0986 19.5
      vertex 89.5277 59.8856 20.3333
      vertex 89.5277 59.8856 19.5
    endloop
  endfacet
  facet normal 0.857671 0.5142 0
    outer loop
      vertex 89.5277 59.8856 21.6667
      vertex 89.4 60.0986 20.8333
      vertex 89.4 60.0986 21.6667
    endloop
  endfacet
  facet normal 0.857671 0.5142 0
    outer loop
      vertex 89.4 60.0986 20.8333
      vertex 89.5277 59.8856 21.6667
      vertex 89.5277 59.8856 20.8333
    endloop
  endfacet
  facet normal 0.85786 0.513884 -0
    outer loop
      vertex 89.4 60.0986 21.6667
      vertex 89.3259 60.2223 23
      vertex 89.4 60.0986 22.1667
    endloop
  endfacet
  facet normal 0.85774 0.514084 -4.03233e-05
    outer loop
      vertex 89.5277 59.8856 23
      vertex 89.4 60.0986 22.1667
      vertex 89.3259 60.2223 23
    endloop
  endfacet
  facet normal 0.857671 0.5142 0
    outer loop
      vertex 89.4 60.0986 22.1667
      vertex 89.5277 59.8856 23
      vertex 89.5277 59.8856 22.1667
    endloop
  endfacet
  facet normal 0.85786 0.513884 -0
    outer loop
      vertex 89.4 60.0986 20.8333
      vertex 89.3259 60.2223 23
      vertex 89.4 60.0986 21.6667
    endloop
  endfacet
  facet normal 0.85786 0.513884 -0
    outer loop
      vertex 89.4 60.0986 20.3333
      vertex 89.3259 60.2223 23
      vertex 89.4 60.0986 20.8333
    endloop
  endfacet
  facet normal 0.85786 0.513884 -0
    outer loop
      vertex 89.4 60.0986 19.5
      vertex 89.3259 60.2223 23
      vertex 89.4 60.0986 20.3333
    endloop
  endfacet
  facet normal 0.85786 0.513884 -0
    outer loop
      vertex 89.4 60.0986 19
      vertex 89.3259 60.2223 23
      vertex 89.4 60.0986 19.5
    endloop
  endfacet
  facet normal 0.85786 0.513884 -0
    outer loop
      vertex 89.4 60.0986 18.1667
      vertex 89.3259 60.2223 23
      vertex 89.4 60.0986 19
    endloop
  endfacet
  facet normal 0.85786 0.513884 -0
    outer loop
      vertex 89.4 60.0986 17.6667
      vertex 89.3259 60.2223 23
      vertex 89.4 60.0986 18.1667
    endloop
  endfacet
  facet normal 0.85786 0.513884 -0
    outer loop
      vertex 89.4 60.0986 16.8333
      vertex 89.3259 60.2223 23
      vertex 89.4 60.0986 17.6667
    endloop
  endfacet
  facet normal 0.85786 0.513884 -0
    outer loop
      vertex 89.4 60.0986 16.3333
      vertex 89.3259 60.2223 23
      vertex 89.4 60.0986 16.8333
    endloop
  endfacet
  facet normal 0.85786 0.513884 -0
    outer loop
      vertex 89.4 60.0986 15.5
      vertex 89.3259 60.2223 23
      vertex 89.4 60.0986 16.3333
    endloop
  endfacet
  facet normal 0.85786 0.513884 0
    outer loop
      vertex 89.3259 60.2223 23
      vertex 89.4 60.0986 15.5
      vertex 89.3259 60.2223 0
    endloop
  endfacet
  facet normal 0.85786 0.513884 -0
    outer loop
      vertex 89.4 60.0986 15
      vertex 89.3259 60.2223 0
      vertex 89.4 60.0986 15.5
    endloop
  endfacet
  facet normal 0.85786 0.513884 -0
    outer loop
      vertex 89.4 60.0986 14.1667
      vertex 89.3259 60.2223 0
      vertex 89.4 60.0986 15
    endloop
  endfacet
  facet normal 0.85786 0.513884 -0
    outer loop
      vertex 89.4 60.0986 13.6667
      vertex 89.3259 60.2223 0
      vertex 89.4 60.0986 14.1667
    endloop
  endfacet
  facet normal 0.85786 0.513884 -0
    outer loop
      vertex 89.4 60.0986 12.8333
      vertex 89.3259 60.2223 0
      vertex 89.4 60.0986 13.6667
    endloop
  endfacet
  facet normal 0.85786 0.513884 -0
    outer loop
      vertex 89.4 60.0986 12.3333
      vertex 89.3259 60.2223 0
      vertex 89.4 60.0986 12.8333
    endloop
  endfacet
  facet normal 0.85786 0.513884 -0
    outer loop
      vertex 89.4 60.0986 11.5
      vertex 89.3259 60.2223 0
      vertex 89.4 60.0986 12.3333
    endloop
  endfacet
  facet normal 0.85786 0.513884 -0
    outer loop
      vertex 89.4 60.0986 11
      vertex 89.3259 60.2223 0
      vertex 89.4 60.0986 11.5
    endloop
  endfacet
  facet normal 0.85786 0.513884 -0
    outer loop
      vertex 89.4 60.0986 10.1667
      vertex 89.3259 60.2223 0
      vertex 89.4 60.0986 11
    endloop
  endfacet
  facet normal 0.85786 0.513884 -0
    outer loop
      vertex 89.4 60.0986 9.66667
      vertex 89.3259 60.2223 0
      vertex 89.4 60.0986 10.1667
    endloop
  endfacet
  facet normal 0.85786 0.513884 -0
    outer loop
      vertex 89.4 60.0986 8.83333
      vertex 89.3259 60.2223 0
      vertex 89.4 60.0986 9.66667
    endloop
  endfacet
  facet normal 0.85786 0.513884 -0
    outer loop
      vertex 89.4 60.0986 8.33333
      vertex 89.3259 60.2223 0
      vertex 89.4 60.0986 8.83333
    endloop
  endfacet
  facet normal 0.85786 0.513884 -0
    outer loop
      vertex 89.4 60.0986 7.5
      vertex 89.3259 60.2223 0
      vertex 89.4 60.0986 8.33333
    endloop
  endfacet
  facet normal 0.85786 0.513884 -0
    outer loop
      vertex 89.4 60.0986 7
      vertex 89.3259 60.2223 0
      vertex 89.4 60.0986 7.5
    endloop
  endfacet
  facet normal 0.85786 0.513884 -0
    outer loop
      vertex 89.4 60.0986 6.16667
      vertex 89.3259 60.2223 0
      vertex 89.4 60.0986 7
    endloop
  endfacet
  facet normal 0.85786 0.513884 -0
    outer loop
      vertex 89.4 60.0986 5.66667
      vertex 89.3259 60.2223 0
      vertex 89.4 60.0986 6.16667
    endloop
  endfacet
  facet normal 0.85786 0.513884 -0
    outer loop
      vertex 89.4 60.0986 4.83333
      vertex 89.3259 60.2223 0
      vertex 89.4 60.0986 5.66667
    endloop
  endfacet
  facet normal 0.85786 0.513884 -0
    outer loop
      vertex 89.4 60.0986 4.33333
      vertex 89.3259 60.2223 0
      vertex 89.4 60.0986 4.83333
    endloop
  endfacet
  facet normal 0.857671 0.5142 -0
    outer loop
      vertex 89.5277 59.8856 0
      vertex 89.4 60.0986 4.33333
      vertex 89.5277 59.8856 4.33333
    endloop
  endfacet
  facet normal 0.85774 0.514084 7.75418e-06
    outer loop
      vertex 89.4 60.0986 4.33333
      vertex 89.5277 59.8856 0
      vertex 89.3259 60.2223 0
    endloop
  endfacet
  facet normal 0.42744 0.904044 -0
    outer loop
      vertex 87.8856 61.5277 0
      vertex 87.5307 61.6955 4.33333
      vertex 87.8856 61.5277 4.33333
    endloop
  endfacet
  facet normal 0.42744 0.904044 0
    outer loop
      vertex 87.5307 61.6955 4.33333
      vertex 87.8856 61.5277 0
      vertex 87.5307 61.6955 0
    endloop
  endfacet
  facet normal 0.42744 0.904044 -0
    outer loop
      vertex 87.8856 61.5277 22.1667
      vertex 87.5307 61.6955 23
      vertex 87.8856 61.5277 23
    endloop
  endfacet
  facet normal 0.42744 0.904044 0
    outer loop
      vertex 87.5307 61.6955 23
      vertex 87.8856 61.5277 22.1667
      vertex 87.5307 61.6955 22.1667
    endloop
  endfacet
  facet normal 0.42744 0.904044 -0
    outer loop
      vertex 87.8856 61.5277 4.83333
      vertex 87.5307 61.6955 5.66667
      vertex 87.8856 61.5277 5.66667
    endloop
  endfacet
  facet normal 0.42744 0.904044 0
    outer loop
      vertex 87.5307 61.6955 5.66667
      vertex 87.8856 61.5277 4.83333
      vertex 87.5307 61.6955 4.83333
    endloop
  endfacet
  facet normal 0.42744 0.904044 -0
    outer loop
      vertex 87.8856 61.5277 6.16667
      vertex 87.5307 61.6955 7
      vertex 87.8856 61.5277 7
    endloop
  endfacet
  facet normal 0.42744 0.904044 0
    outer loop
      vertex 87.5307 61.6955 7
      vertex 87.8856 61.5277 6.16667
      vertex 87.5307 61.6955 6.16667
    endloop
  endfacet
  facet normal 0.42744 0.904044 -0
    outer loop
      vertex 87.8856 61.5277 7.5
      vertex 87.5307 61.6955 8.33333
      vertex 87.8856 61.5277 8.33333
    endloop
  endfacet
  facet normal 0.42744 0.904044 0
    outer loop
      vertex 87.5307 61.6955 8.33333
      vertex 87.8856 61.5277 7.5
      vertex 87.5307 61.6955 7.5
    endloop
  endfacet
  facet normal 0.42744 0.904044 -0
    outer loop
      vertex 87.8856 61.5277 8.83333
      vertex 87.5307 61.6955 9.66667
      vertex 87.8856 61.5277 9.66667
    endloop
  endfacet
  facet normal 0.42744 0.904044 0
    outer loop
      vertex 87.5307 61.6955 9.66667
      vertex 87.8856 61.5277 8.83333
      vertex 87.5307 61.6955 8.83333
    endloop
  endfacet
  facet normal 0.42744 0.904044 -0
    outer loop
      vertex 87.8856 61.5277 10.1667
      vertex 87.5307 61.6955 11
      vertex 87.8856 61.5277 11
    endloop
  endfacet
  facet normal 0.42744 0.904044 0
    outer loop
      vertex 87.5307 61.6955 11
      vertex 87.8856 61.5277 10.1667
      vertex 87.5307 61.6955 10.1667
    endloop
  endfacet
  facet normal 0.42744 0.904044 -0
    outer loop
      vertex 87.8856 61.5277 11.5
      vertex 87.5307 61.6955 12.3333
      vertex 87.8856 61.5277 12.3333
    endloop
  endfacet
  facet normal 0.42744 0.904044 0
    outer loop
      vertex 87.5307 61.6955 12.3333
      vertex 87.8856 61.5277 11.5
      vertex 87.5307 61.6955 11.5
    endloop
  endfacet
  facet normal 0.42744 0.904044 -0
    outer loop
      vertex 87.8856 61.5277 12.8333
      vertex 87.5307 61.6955 13.6667
      vertex 87.8856 61.5277 13.6667
    endloop
  endfacet
  facet normal 0.42744 0.904044 0
    outer loop
      vertex 87.5307 61.6955 13.6667
      vertex 87.8856 61.5277 12.8333
      vertex 87.5307 61.6955 12.8333
    endloop
  endfacet
  facet normal 0.42744 0.904044 -0
    outer loop
      vertex 87.8856 61.5277 14.1667
      vertex 87.5307 61.6955 15
      vertex 87.8856 61.5277 15
    endloop
  endfacet
  facet normal 0.42744 0.904044 0
    outer loop
      vertex 87.5307 61.6955 15
      vertex 87.8856 61.5277 14.1667
      vertex 87.5307 61.6955 14.1667
    endloop
  endfacet
  facet normal 0.42744 0.904044 -0
    outer loop
      vertex 87.8856 61.5277 15.5
      vertex 87.5307 61.6955 16.3333
      vertex 87.8856 61.5277 16.3333
    endloop
  endfacet
  facet normal 0.42744 0.904044 0
    outer loop
      vertex 87.5307 61.6955 16.3333
      vertex 87.8856 61.5277 15.5
      vertex 87.5307 61.6955 15.5
    endloop
  endfacet
  facet normal 0.42744 0.904044 -0
    outer loop
      vertex 87.8856 61.5277 16.8333
      vertex 87.5307 61.6955 17.6667
      vertex 87.8856 61.5277 17.6667
    endloop
  endfacet
  facet normal 0.42744 0.904044 0
    outer loop
      vertex 87.5307 61.6955 17.6667
      vertex 87.8856 61.5277 16.8333
      vertex 87.5307 61.6955 16.8333
    endloop
  endfacet
  facet normal 0.42744 0.904044 -0
    outer loop
      vertex 87.8856 61.5277 18.1667
      vertex 87.5307 61.6955 19
      vertex 87.8856 61.5277 19
    endloop
  endfacet
  facet normal 0.42744 0.904044 0
    outer loop
      vertex 87.5307 61.6955 19
      vertex 87.8856 61.5277 18.1667
      vertex 87.5307 61.6955 18.1667
    endloop
  endfacet
  facet normal 0.42744 0.904044 -0
    outer loop
      vertex 87.8856 61.5277 19.5
      vertex 87.5307 61.6955 20.3333
      vertex 87.8856 61.5277 20.3333
    endloop
  endfacet
  facet normal 0.42744 0.904044 0
    outer loop
      vertex 87.5307 61.6955 20.3333
      vertex 87.8856 61.5277 19.5
      vertex 87.5307 61.6955 19.5
    endloop
  endfacet
  facet normal 0.42744 0.904044 -0
    outer loop
      vertex 87.8856 61.5277 20.8333
      vertex 87.5307 61.6955 21.6667
      vertex 87.8856 61.5277 21.6667
    endloop
  endfacet
  facet normal 0.42744 0.904044 0
    outer loop
      vertex 87.5307 61.6955 21.6667
      vertex 87.8856 61.5277 20.8333
      vertex 87.5307 61.6955 20.8333
    endloop
  endfacet
  facet normal -0.337022 0.941497 0
    outer loop
      vertex 2.83886 61.8278 0
      vertex 2.46927 61.6955 23
      vertex 2.83886 61.8278 23
    endloop
  endfacet
  facet normal -0.337022 0.941497 0
    outer loop
      vertex 2.46927 61.6955 23
      vertex 2.83886 61.8278 0
      vertex 2.46927 61.6955 0
    endloop
  endfacet
  facet normal -0.242787 0.97008 0
    outer loop
      vertex 3.21964 61.9231 0
      vertex 2.83886 61.8278 23
      vertex 3.21964 61.9231 23
    endloop
  endfacet
  facet normal -0.242787 0.97008 0
    outer loop
      vertex 2.83886 61.8278 23
      vertex 3.21964 61.9231 0
      vertex 2.83886 61.8278 0
    endloop
  endfacet
  facet normal -0.146732 -0.989176 0
    outer loop
      vertex 3.21964 0.0768585 0
      vertex 3.60793 0.0192604 23
      vertex 3.21964 0.0768585 23
    endloop
  endfacet
  facet normal -0.146732 -0.989176 -0
    outer loop
      vertex 3.60793 0.0192604 23
      vertex 3.21964 0.0768585 0
      vertex 3.60793 0.0192604 0
    endloop
  endfacet
  facet normal -0.941545 0.336888 0
    outer loop
      vertex 0.172238 59.1611 0
      vertex 0.304482 59.5307 23
      vertex 0.304482 59.5307 0
    endloop
  endfacet
  facet normal -0.941545 0.336888 0
    outer loop
      vertex 0.304482 59.5307 23
      vertex 0.172238 59.1611 0
      vertex 0.172238 59.1611 23
    endloop
  endfacet
  facet normal 0.337014 0.9415 -0
    outer loop
      vertex 87.5307 61.6955 22.1667
      vertex 87.1611 61.8278 23
      vertex 87.5307 61.6955 23
    endloop
  endfacet
  facet normal 0.337014 0.9415 0
    outer loop
      vertex 87.1611 61.8278 23
      vertex 87.5307 61.6955 22.1667
      vertex 87.1611 61.8278 22.1667
    endloop
  endfacet
  facet normal 0.337014 0.9415 -0
    outer loop
      vertex 87.5307 61.6955 0
      vertex 87.1611 61.8278 4.33333
      vertex 87.5307 61.6955 4.33333
    endloop
  endfacet
  facet normal 0.337014 0.9415 0
    outer loop
      vertex 87.1611 61.8278 4.33333
      vertex 87.5307 61.6955 0
      vertex 87.1611 61.8278 0
    endloop
  endfacet
  facet normal 0.337014 0.9415 -0
    outer loop
      vertex 87.5307 61.6955 4.83333
      vertex 87.1611 61.8278 5.66667
      vertex 87.5307 61.6955 5.66667
    endloop
  endfacet
  facet normal 0.337014 0.9415 0
    outer loop
      vertex 87.1611 61.8278 5.66667
      vertex 87.5307 61.6955 4.83333
      vertex 87.1611 61.8278 4.83333
    endloop
  endfacet
  facet normal 0.337014 0.9415 -0
    outer loop
      vertex 87.5307 61.6955 6.16667
      vertex 87.1611 61.8278 7
      vertex 87.5307 61.6955 7
    endloop
  endfacet
  facet normal 0.337014 0.9415 0
    outer loop
      vertex 87.1611 61.8278 7
      vertex 87.5307 61.6955 6.16667
      vertex 87.1611 61.8278 6.16667
    endloop
  endfacet
  facet normal 0.337014 0.9415 -0
    outer loop
      vertex 87.5307 61.6955 7.5
      vertex 87.1611 61.8278 8.33333
      vertex 87.5307 61.6955 8.33333
    endloop
  endfacet
  facet normal 0.337014 0.9415 0
    outer loop
      vertex 87.1611 61.8278 8.33333
      vertex 87.5307 61.6955 7.5
      vertex 87.1611 61.8278 7.5
    endloop
  endfacet
  facet normal 0.337014 0.9415 -0
    outer loop
      vertex 87.5307 61.6955 8.83333
      vertex 87.1611 61.8278 9.66667
      vertex 87.5307 61.6955 9.66667
    endloop
  endfacet
  facet normal 0.337014 0.9415 0
    outer loop
      vertex 87.1611 61.8278 9.66667
      vertex 87.5307 61.6955 8.83333
      vertex 87.1611 61.8278 8.83333
    endloop
  endfacet
  facet normal 0.337014 0.9415 -0
    outer loop
      vertex 87.5307 61.6955 10.1667
      vertex 87.1611 61.8278 11
      vertex 87.5307 61.6955 11
    endloop
  endfacet
  facet normal 0.337014 0.9415 0
    outer loop
      vertex 87.1611 61.8278 11
      vertex 87.5307 61.6955 10.1667
      vertex 87.1611 61.8278 10.1667
    endloop
  endfacet
  facet normal 0.337014 0.9415 -0
    outer loop
      vertex 87.5307 61.6955 11.5
      vertex 87.1611 61.8278 12.3333
      vertex 87.5307 61.6955 12.3333
    endloop
  endfacet
  facet normal 0.337014 0.9415 0
    outer loop
      vertex 87.1611 61.8278 12.3333
      vertex 87.5307 61.6955 11.5
      vertex 87.1611 61.8278 11.5
    endloop
  endfacet
  facet normal 0.337014 0.9415 -0
    outer loop
      vertex 87.5307 61.6955 12.8333
      vertex 87.1611 61.8278 13.6667
      vertex 87.5307 61.6955 13.6667
    endloop
  endfacet
  facet normal 0.337014 0.9415 0
    outer loop
      vertex 87.1611 61.8278 13.6667
      vertex 87.5307 61.6955 12.8333
      vertex 87.1611 61.8278 12.8333
    endloop
  endfacet
  facet normal 0.337014 0.9415 -0
    outer loop
      vertex 87.5307 61.6955 14.1667
      vertex 87.1611 61.8278 15
      vertex 87.5307 61.6955 15
    endloop
  endfacet
  facet normal 0.337014 0.9415 0
    outer loop
      vertex 87.1611 61.8278 15
      vertex 87.5307 61.6955 14.1667
      vertex 87.1611 61.8278 14.1667
    endloop
  endfacet
  facet normal 0.337014 0.9415 -0
    outer loop
      vertex 87.5307 61.6955 15.5
      vertex 87.1611 61.8278 16.3333
      vertex 87.5307 61.6955 16.3333
    endloop
  endfacet
  facet normal 0.337014 0.9415 0
    outer loop
      vertex 87.1611 61.8278 16.3333
      vertex 87.5307 61.6955 15.5
      vertex 87.1611 61.8278 15.5
    endloop
  endfacet
  facet normal 0.337014 0.9415 -0
    outer loop
      vertex 87.5307 61.6955 16.8333
      vertex 87.1611 61.8278 17.6667
      vertex 87.5307 61.6955 17.6667
    endloop
  endfacet
  facet normal 0.337014 0.9415 0
    outer loop
      vertex 87.1611 61.8278 17.6667
      vertex 87.5307 61.6955 16.8333
      vertex 87.1611 61.8278 16.8333
    endloop
  endfacet
  facet normal 0.337014 0.9415 -0
    outer loop
      vertex 87.5307 61.6955 18.1667
      vertex 87.1611 61.8278 19
      vertex 87.5307 61.6955 19
    endloop
  endfacet
  facet normal 0.337014 0.9415 0
    outer loop
      vertex 87.1611 61.8278 19
      vertex 87.5307 61.6955 18.1667
      vertex 87.1611 61.8278 18.1667
    endloop
  endfacet
  facet normal 0.337014 0.9415 -0
    outer loop
      vertex 87.5307 61.6955 19.5
      vertex 87.1611 61.8278 20.3333
      vertex 87.5307 61.6955 20.3333
    endloop
  endfacet
  facet normal 0.337014 0.9415 0
    outer loop
      vertex 87.1611 61.8278 20.3333
      vertex 87.5307 61.6955 19.5
      vertex 87.1611 61.8278 19.5
    endloop
  endfacet
  facet normal 0.337014 0.9415 -0
    outer loop
      vertex 87.5307 61.6955 20.8333
      vertex 87.1611 61.8278 21.6667
      vertex 87.5307 61.6955 21.6667
    endloop
  endfacet
  facet normal 0.337014 0.9415 0
    outer loop
      vertex 87.1611 61.8278 21.6667
      vertex 87.5307 61.6955 20.8333
      vertex 87.1611 61.8278 20.8333
    endloop
  endfacet
  facet normal 0.146729 -0.989177 0
    outer loop
      vertex 86.3921 0.0192604 22.1667
      vertex 86.7804 0.0768585 23
      vertex 86.3921 0.0192604 23
    endloop
  endfacet
  facet normal 0.146729 -0.989177 0
    outer loop
      vertex 86.7804 0.0768585 23
      vertex 86.3921 0.0192604 22.1667
      vertex 86.7804 0.0768585 22.1667
    endloop
  endfacet
  facet normal 0.146729 -0.989177 0
    outer loop
      vertex 86.3921 0.0192604 0
      vertex 86.7804 0.0768585 4.33333
      vertex 86.3921 0.0192604 4.33333
    endloop
  endfacet
  facet normal 0.146729 -0.989177 0
    outer loop
      vertex 86.7804 0.0768585 4.33333
      vertex 86.3921 0.0192604 0
      vertex 86.7804 0.0768585 0
    endloop
  endfacet
  facet normal 0.146729 -0.989177 0
    outer loop
      vertex 86.3921 0.0192604 4.83333
      vertex 86.7804 0.0768585 5.66667
      vertex 86.3921 0.0192604 5.66667
    endloop
  endfacet
  facet normal 0.146729 -0.989177 0
    outer loop
      vertex 86.7804 0.0768585 5.66667
      vertex 86.3921 0.0192604 4.83333
      vertex 86.7804 0.0768585 4.83333
    endloop
  endfacet
  facet normal 0.146729 -0.989177 0
    outer loop
      vertex 86.3921 0.0192604 6.16667
      vertex 86.7804 0.0768585 7
      vertex 86.3921 0.0192604 7
    endloop
  endfacet
  facet normal 0.146729 -0.989177 0
    outer loop
      vertex 86.7804 0.0768585 7
      vertex 86.3921 0.0192604 6.16667
      vertex 86.7804 0.0768585 6.16667
    endloop
  endfacet
  facet normal 0.146729 -0.989177 0
    outer loop
      vertex 86.3921 0.0192604 7.5
      vertex 86.7804 0.0768585 8.33333
      vertex 86.3921 0.0192604 8.33333
    endloop
  endfacet
  facet normal 0.146729 -0.989177 0
    outer loop
      vertex 86.7804 0.0768585 8.33333
      vertex 86.3921 0.0192604 7.5
      vertex 86.7804 0.0768585 7.5
    endloop
  endfacet
  facet normal 0.146729 -0.989177 0
    outer loop
      vertex 86.3921 0.0192604 8.83333
      vertex 86.7804 0.0768585 9.66667
      vertex 86.3921 0.0192604 9.66667
    endloop
  endfacet
  facet normal 0.146729 -0.989177 0
    outer loop
      vertex 86.7804 0.0768585 9.66667
      vertex 86.3921 0.0192604 8.83333
      vertex 86.7804 0.0768585 8.83333
    endloop
  endfacet
  facet normal 0.146729 -0.989177 0
    outer loop
      vertex 86.3921 0.0192604 10.1667
      vertex 86.7804 0.0768585 11
      vertex 86.3921 0.0192604 11
    endloop
  endfacet
  facet normal 0.146729 -0.989177 0
    outer loop
      vertex 86.7804 0.0768585 11
      vertex 86.3921 0.0192604 10.1667
      vertex 86.7804 0.0768585 10.1667
    endloop
  endfacet
  facet normal 0.146729 -0.989177 0
    outer loop
      vertex 86.3921 0.0192604 11.5
      vertex 86.7804 0.0768585 12.3333
      vertex 86.3921 0.0192604 12.3333
    endloop
  endfacet
  facet normal 0.146729 -0.989177 0
    outer loop
      vertex 86.7804 0.0768585 12.3333
      vertex 86.3921 0.0192604 11.5
      vertex 86.7804 0.0768585 11.5
    endloop
  endfacet
  facet normal 0.146729 -0.989177 0
    outer loop
      vertex 86.3921 0.0192604 12.8333
      vertex 86.7804 0.0768585 13.6667
      vertex 86.3921 0.0192604 13.6667
    endloop
  endfacet
  facet normal 0.146729 -0.989177 0
    outer loop
      vertex 86.7804 0.0768585 13.6667
      vertex 86.3921 0.0192604 12.8333
      vertex 86.7804 0.0768585 12.8333
    endloop
  endfacet
  facet normal 0.146729 -0.989177 0
    outer loop
      vertex 86.3921 0.0192604 14.1667
      vertex 86.7804 0.0768585 15
      vertex 86.3921 0.0192604 15
    endloop
  endfacet
  facet normal 0.146729 -0.989177 0
    outer loop
      vertex 86.7804 0.0768585 15
      vertex 86.3921 0.0192604 14.1667
      vertex 86.7804 0.0768585 14.1667
    endloop
  endfacet
  facet normal 0.146729 -0.989177 0
    outer loop
      vertex 86.3921 0.0192604 15.5
      vertex 86.7804 0.0768585 16.3333
      vertex 86.3921 0.0192604 16.3333
    endloop
  endfacet
  facet normal 0.146729 -0.989177 0
    outer loop
      vertex 86.7804 0.0768585 16.3333
      vertex 86.3921 0.0192604 15.5
      vertex 86.7804 0.0768585 15.5
    endloop
  endfacet
  facet normal 0.146729 -0.989177 0
    outer loop
      vertex 86.3921 0.0192604 16.8333
      vertex 86.7804 0.0768585 17.6667
      vertex 86.3921 0.0192604 17.6667
    endloop
  endfacet
  facet normal 0.146729 -0.989177 0
    outer loop
      vertex 86.7804 0.0768585 17.6667
      vertex 86.3921 0.0192604 16.8333
      vertex 86.7804 0.0768585 16.8333
    endloop
  endfacet
  facet normal 0.146729 -0.989177 0
    outer loop
      vertex 86.3921 0.0192604 18.1667
      vertex 86.7804 0.0768585 19
      vertex 86.3921 0.0192604 19
    endloop
  endfacet
  facet normal 0.146729 -0.989177 0
    outer loop
      vertex 86.7804 0.0768585 19
      vertex 86.3921 0.0192604 18.1667
      vertex 86.7804 0.0768585 18.1667
    endloop
  endfacet
  facet normal 0.146729 -0.989177 0
    outer loop
      vertex 86.3921 0.0192604 19.5
      vertex 86.7804 0.0768585 20.3333
      vertex 86.3921 0.0192604 20.3333
    endloop
  endfacet
  facet normal 0.146729 -0.989177 0
    outer loop
      vertex 86.7804 0.0768585 20.3333
      vertex 86.3921 0.0192604 19.5
      vertex 86.7804 0.0768585 19.5
    endloop
  endfacet
  facet normal 0.146729 -0.989177 0
    outer loop
      vertex 86.3921 0.0192604 20.8333
      vertex 86.7804 0.0768585 21.6667
      vertex 86.3921 0.0192604 21.6667
    endloop
  endfacet
  facet normal 0.146729 -0.989177 0
    outer loop
      vertex 86.7804 0.0768585 21.6667
      vertex 86.3921 0.0192604 20.8333
      vertex 86.7804 0.0768585 20.8333
    endloop
  endfacet
  facet normal 0.803137 0.595794 0
    outer loop
      vertex 89.3259 60.2223 23
      vertex 89.092 60.5376 0
      vertex 89.092 60.5376 23
    endloop
  endfacet
  facet normal 0.803137 0.595794 0
    outer loop
      vertex 89.092 60.5376 0
      vertex 89.3259 60.2223 23
      vertex 89.3259 60.2223 0
    endloop
  endfacet
  facet normal -0.42748 0.904025 0
    outer loop
      vertex 2.46927 61.6955 0
      vertex 2.11441 61.5277 23
      vertex 2.46927 61.6955 23
    endloop
  endfacet
  facet normal -0.42748 0.904025 0
    outer loop
      vertex 2.11441 61.5277 23
      vertex 2.46927 61.6955 0
      vertex 2.11441 61.5277 0
    endloop
  endfacet
  facet normal 0.514152 -0.857699 0
    outer loop
      vertex 87.8856 0.472315 4.33333
      vertex 87.8856 0.472315 0
      vertex 88.0986 0.599999 4.33333
    endloop
  endfacet
  facet normal 0.514152 -0.857699 0
    outer loop
      vertex 87.8856 0.472315 5.66667
      vertex 87.8856 0.472315 4.83333
      vertex 88.0986 0.599999 5.66667
    endloop
  endfacet
  facet normal 0.514152 -0.857699 0
    outer loop
      vertex 87.8856 0.472315 7
      vertex 87.8856 0.472315 6.16667
      vertex 88.0986 0.599999 7
    endloop
  endfacet
  facet normal 0.514152 -0.857699 0
    outer loop
      vertex 87.8856 0.472315 8.33333
      vertex 87.8856 0.472315 7.5
      vertex 88.0986 0.599999 8.33333
    endloop
  endfacet
  facet normal 0.514152 -0.857699 0
    outer loop
      vertex 87.8856 0.472315 9.66667
      vertex 87.8856 0.472315 8.83333
      vertex 88.0986 0.599999 9.66667
    endloop
  endfacet
  facet normal 0.514152 -0.857699 0
    outer loop
      vertex 87.8856 0.472315 11
      vertex 87.8856 0.472315 10.1667
      vertex 88.0986 0.599999 11
    endloop
  endfacet
  facet normal 0.514152 -0.857699 0
    outer loop
      vertex 87.8856 0.472315 12.3333
      vertex 87.8856 0.472315 11.5
      vertex 88.0986 0.599999 12.3333
    endloop
  endfacet
  facet normal 0.514152 -0.857699 0
    outer loop
      vertex 87.8856 0.472315 13.6667
      vertex 87.8856 0.472315 12.8333
      vertex 88.0986 0.599999 13.6667
    endloop
  endfacet
  facet normal 0.514152 -0.857699 0
    outer loop
      vertex 87.8856 0.472315 15
      vertex 87.8856 0.472315 14.1667
      vertex 88.0986 0.599999 15
    endloop
  endfacet
  facet normal 0.514152 -0.857699 0
    outer loop
      vertex 87.8856 0.472315 16.3333
      vertex 87.8856 0.472315 15.5
      vertex 88.0986 0.599999 16.3333
    endloop
  endfacet
  facet normal 0.514152 -0.857699 0
    outer loop
      vertex 87.8856 0.472315 17.6667
      vertex 87.8856 0.472315 16.8333
      vertex 88.0986 0.599999 17.6667
    endloop
  endfacet
  facet normal 0.514152 -0.857699 0
    outer loop
      vertex 87.8856 0.472315 19
      vertex 87.8856 0.472315 18.1667
      vertex 88.0986 0.599999 19
    endloop
  endfacet
  facet normal 0.514152 -0.857699 0
    outer loop
      vertex 87.8856 0.472315 20.3333
      vertex 87.8856 0.472315 19.5
      vertex 88.0986 0.599999 20.3333
    endloop
  endfacet
  facet normal 0.514152 -0.857699 0
    outer loop
      vertex 87.8856 0.472315 21.6667
      vertex 87.8856 0.472315 20.8333
      vertex 88.0986 0.599999 21.6667
    endloop
  endfacet
  facet normal 0.514152 -0.857699 0
    outer loop
      vertex 88.0986 0.599999 22.1667
      vertex 87.8856 0.472315 23
      vertex 87.8856 0.472315 22.1667
    endloop
  endfacet
  facet normal 0.514095 -0.857733 -1.99469e-05
    outer loop
      vertex 87.8856 0.472315 23
      vertex 88.0986 0.599999 22.1667
      vertex 88.2223 0.674121 23
    endloop
  endfacet
  facet normal 0.513996 -0.857793 0
    outer loop
      vertex 88.0986 0.599999 21.6667
      vertex 88.2223 0.674121 23
      vertex 88.0986 0.599999 22.1667
    endloop
  endfacet
  facet normal 0.514152 -0.857699 0
    outer loop
      vertex 88.0986 0.599999 20.8333
      vertex 88.0986 0.599999 21.6667
      vertex 87.8856 0.472315 20.8333
    endloop
  endfacet
  facet normal 0.513996 -0.857793 0
    outer loop
      vertex 88.0986 0.599999 20.8333
      vertex 88.2223 0.674121 23
      vertex 88.0986 0.599999 21.6667
    endloop
  endfacet
  facet normal 0.513996 -0.857793 0
    outer loop
      vertex 88.0986 0.599999 20.3333
      vertex 88.2223 0.674121 23
      vertex 88.0986 0.599999 20.8333
    endloop
  endfacet
  facet normal 0.514152 -0.857699 0
    outer loop
      vertex 88.0986 0.599999 19.5
      vertex 88.0986 0.599999 20.3333
      vertex 87.8856 0.472315 19.5
    endloop
  endfacet
  facet normal 0.513996 -0.857793 0
    outer loop
      vertex 88.0986 0.599999 19.5
      vertex 88.2223 0.674121 23
      vertex 88.0986 0.599999 20.3333
    endloop
  endfacet
  facet normal 0.513996 -0.857793 0
    outer loop
      vertex 88.0986 0.599999 19
      vertex 88.2223 0.674121 23
      vertex 88.0986 0.599999 19.5
    endloop
  endfacet
  facet normal 0.514152 -0.857699 0
    outer loop
      vertex 88.0986 0.599999 18.1667
      vertex 88.0986 0.599999 19
      vertex 87.8856 0.472315 18.1667
    endloop
  endfacet
  facet normal 0.513996 -0.857793 0
    outer loop
      vertex 88.0986 0.599999 18.1667
      vertex 88.2223 0.674121 23
      vertex 88.0986 0.599999 19
    endloop
  endfacet
  facet normal 0.513996 -0.857793 0
    outer loop
      vertex 88.0986 0.599999 17.6667
      vertex 88.2223 0.674121 23
      vertex 88.0986 0.599999 18.1667
    endloop
  endfacet
  facet normal 0.514152 -0.857699 0
    outer loop
      vertex 88.0986 0.599999 16.8333
      vertex 88.0986 0.599999 17.6667
      vertex 87.8856 0.472315 16.8333
    endloop
  endfacet
  facet normal 0.513996 -0.857793 0
    outer loop
      vertex 88.0986 0.599999 16.8333
      vertex 88.2223 0.674121 23
      vertex 88.0986 0.599999 17.6667
    endloop
  endfacet
  facet normal 0.513996 -0.857793 0
    outer loop
      vertex 88.0986 0.599999 16.3333
      vertex 88.2223 0.674121 23
      vertex 88.0986 0.599999 16.8333
    endloop
  endfacet
  facet normal 0.514152 -0.857699 0
    outer loop
      vertex 88.0986 0.599999 15.5
      vertex 88.0986 0.599999 16.3333
      vertex 87.8856 0.472315 15.5
    endloop
  endfacet
  facet normal 0.513996 -0.857793 0
    outer loop
      vertex 88.0986 0.599999 15.5
      vertex 88.2223 0.674121 23
      vertex 88.0986 0.599999 16.3333
    endloop
  endfacet
  facet normal 0.513996 -0.857793 0
    outer loop
      vertex 88.0986 0.599999 15
      vertex 88.2223 0.674121 23
      vertex 88.0986 0.599999 15.5
    endloop
  endfacet
  facet normal 0.514152 -0.857699 0
    outer loop
      vertex 88.0986 0.599999 14.1667
      vertex 88.0986 0.599999 15
      vertex 87.8856 0.472315 14.1667
    endloop
  endfacet
  facet normal 0.513996 -0.857793 0
    outer loop
      vertex 88.0986 0.599999 14.1667
      vertex 88.2223 0.674121 23
      vertex 88.0986 0.599999 15
    endloop
  endfacet
  facet normal 0.513996 -0.857793 0
    outer loop
      vertex 88.0986 0.599999 13.6667
      vertex 88.2223 0.674121 23
      vertex 88.0986 0.599999 14.1667
    endloop
  endfacet
  facet normal 0.514152 -0.857699 0
    outer loop
      vertex 88.0986 0.599999 12.8333
      vertex 88.0986 0.599999 13.6667
      vertex 87.8856 0.472315 12.8333
    endloop
  endfacet
  facet normal 0.513996 -0.857793 0
    outer loop
      vertex 88.0986 0.599999 12.8333
      vertex 88.2223 0.674121 23
      vertex 88.0986 0.599999 13.6667
    endloop
  endfacet
  facet normal 0.513996 -0.857793 0
    outer loop
      vertex 88.0986 0.599999 12.3333
      vertex 88.2223 0.674121 23
      vertex 88.0986 0.599999 12.8333
    endloop
  endfacet
  facet normal 0.514152 -0.857699 0
    outer loop
      vertex 88.0986 0.599999 11.5
      vertex 88.0986 0.599999 12.3333
      vertex 87.8856 0.472315 11.5
    endloop
  endfacet
  facet normal 0.513996 -0.857793 0
    outer loop
      vertex 88.0986 0.599999 11.5
      vertex 88.2223 0.674121 23
      vertex 88.0986 0.599999 12.3333
    endloop
  endfacet
  facet normal 0.513996 -0.857793 0
    outer loop
      vertex 88.0986 0.599999 11
      vertex 88.2223 0.674121 23
      vertex 88.0986 0.599999 11.5
    endloop
  endfacet
  facet normal 0.514152 -0.857699 0
    outer loop
      vertex 88.0986 0.599999 10.1667
      vertex 88.0986 0.599999 11
      vertex 87.8856 0.472315 10.1667
    endloop
  endfacet
  facet normal 0.513996 -0.857793 0
    outer loop
      vertex 88.0986 0.599999 10.1667
      vertex 88.2223 0.674121 23
      vertex 88.0986 0.599999 11
    endloop
  endfacet
  facet normal 0.513996 -0.857793 0
    outer loop
      vertex 88.0986 0.599999 9.66667
      vertex 88.2223 0.674121 23
      vertex 88.0986 0.599999 10.1667
    endloop
  endfacet
  facet normal 0.514152 -0.857699 0
    outer loop
      vertex 88.0986 0.599999 8.83333
      vertex 88.0986 0.599999 9.66667
      vertex 87.8856 0.472315 8.83333
    endloop
  endfacet
  facet normal 0.513996 -0.857793 0
    outer loop
      vertex 88.0986 0.599999 8.83333
      vertex 88.2223 0.674121 23
      vertex 88.0986 0.599999 9.66667
    endloop
  endfacet
  facet normal 0.513996 -0.857793 0
    outer loop
      vertex 88.0986 0.599999 8.33333
      vertex 88.2223 0.674121 23
      vertex 88.0986 0.599999 8.83333
    endloop
  endfacet
  facet normal 0.514152 -0.857699 0
    outer loop
      vertex 88.0986 0.599999 7.5
      vertex 88.0986 0.599999 8.33333
      vertex 87.8856 0.472315 7.5
    endloop
  endfacet
  facet normal 0.513996 -0.857793 0
    outer loop
      vertex 88.0986 0.599999 7.5
      vertex 88.2223 0.674121 23
      vertex 88.0986 0.599999 8.33333
    endloop
  endfacet
  facet normal 0.513996 -0.857793 0
    outer loop
      vertex 88.0986 0.599999 7
      vertex 88.2223 0.674121 23
      vertex 88.0986 0.599999 7.5
    endloop
  endfacet
  facet normal 0.514152 -0.857699 0
    outer loop
      vertex 88.0986 0.599999 6.16667
      vertex 88.0986 0.599999 7
      vertex 87.8856 0.472315 6.16667
    endloop
  endfacet
  facet normal 0.513996 -0.857793 0
    outer loop
      vertex 88.2223 0.674121 0
      vertex 88.0986 0.599999 7
      vertex 88.0986 0.599999 6.16667
    endloop
  endfacet
  facet normal 0.513996 -0.857793 0
    outer loop
      vertex 88.2223 0.674121 0
      vertex 88.0986 0.599999 6.16667
      vertex 88.0986 0.599999 5.66667
    endloop
  endfacet
  facet normal 0.514152 -0.857699 0
    outer loop
      vertex 88.0986 0.599999 4.83333
      vertex 88.0986 0.599999 5.66667
      vertex 87.8856 0.472315 4.83333
    endloop
  endfacet
  facet normal 0.513996 -0.857793 0
    outer loop
      vertex 88.2223 0.674121 0
      vertex 88.0986 0.599999 5.66667
      vertex 88.0986 0.599999 4.83333
    endloop
  endfacet
  facet normal 0.513996 -0.857793 0
    outer loop
      vertex 88.2223 0.674121 0
      vertex 88.0986 0.599999 4.83333
      vertex 88.0986 0.599999 4.33333
    endloop
  endfacet
  facet normal 0.513996 -0.857793 0
    outer loop
      vertex 88.0986 0.599999 7
      vertex 88.2223 0.674121 0
      vertex 88.2223 0.674121 23
    endloop
  endfacet
  facet normal 0.514095 -0.857733 3.83579e-06
    outer loop
      vertex 88.2223 0.674121 0
      vertex 88.0986 0.599999 4.33333
      vertex 87.8856 0.472315 0
    endloop
  endfacet
  facet normal 0.242835 0.970068 -0
    outer loop
      vertex 87.1611 61.8278 22.1667
      vertex 86.7804 61.9231 23
      vertex 87.1611 61.8278 23
    endloop
  endfacet
  facet normal 0.242835 0.970068 0
    outer loop
      vertex 86.7804 61.9231 23
      vertex 87.1611 61.8278 22.1667
      vertex 86.7804 61.9231 22.1667
    endloop
  endfacet
  facet normal 0.242835 0.970068 -0
    outer loop
      vertex 87.1611 61.8278 0
      vertex 86.7804 61.9231 4.33333
      vertex 87.1611 61.8278 4.33333
    endloop
  endfacet
  facet normal 0.242835 0.970068 0
    outer loop
      vertex 86.7804 61.9231 4.33333
      vertex 87.1611 61.8278 0
      vertex 86.7804 61.9231 0
    endloop
  endfacet
  facet normal 0.242835 0.970068 -0
    outer loop
      vertex 87.1611 61.8278 4.83333
      vertex 86.7804 61.9231 5.66667
      vertex 87.1611 61.8278 5.66667
    endloop
  endfacet
  facet normal 0.242835 0.970068 0
    outer loop
      vertex 86.7804 61.9231 5.66667
      vertex 87.1611 61.8278 4.83333
      vertex 86.7804 61.9231 4.83333
    endloop
  endfacet
  facet normal 0.242835 0.970068 -0
    outer loop
      vertex 87.1611 61.8278 6.16667
      vertex 86.7804 61.9231 7
      vertex 87.1611 61.8278 7
    endloop
  endfacet
  facet normal 0.242835 0.970068 0
    outer loop
      vertex 86.7804 61.9231 7
      vertex 87.1611 61.8278 6.16667
      vertex 86.7804 61.9231 6.16667
    endloop
  endfacet
  facet normal 0.242835 0.970068 -0
    outer loop
      vertex 87.1611 61.8278 7.5
      vertex 86.7804 61.9231 8.33333
      vertex 87.1611 61.8278 8.33333
    endloop
  endfacet
  facet normal 0.242835 0.970068 0
    outer loop
      vertex 86.7804 61.9231 8.33333
      vertex 87.1611 61.8278 7.5
      vertex 86.7804 61.9231 7.5
    endloop
  endfacet
  facet normal 0.242835 0.970068 -0
    outer loop
      vertex 87.1611 61.8278 8.83333
      vertex 86.7804 61.9231 9.66667
      vertex 87.1611 61.8278 9.66667
    endloop
  endfacet
  facet normal 0.242835 0.970068 0
    outer loop
      vertex 86.7804 61.9231 9.66667
      vertex 87.1611 61.8278 8.83333
      vertex 86.7804 61.9231 8.83333
    endloop
  endfacet
  facet normal 0.242835 0.970068 -0
    outer loop
      vertex 87.1611 61.8278 10.1667
      vertex 86.7804 61.9231 11
      vertex 87.1611 61.8278 11
    endloop
  endfacet
  facet normal 0.242835 0.970068 0
    outer loop
      vertex 86.7804 61.9231 11
      vertex 87.1611 61.8278 10.1667
      vertex 86.7804 61.9231 10.1667
    endloop
  endfacet
  facet normal 0.242835 0.970068 -0
    outer loop
      vertex 87.1611 61.8278 11.5
      vertex 86.7804 61.9231 12.3333
      vertex 87.1611 61.8278 12.3333
    endloop
  endfacet
  facet normal 0.242835 0.970068 0
    outer loop
      vertex 86.7804 61.9231 12.3333
      vertex 87.1611 61.8278 11.5
      vertex 86.7804 61.9231 11.5
    endloop
  endfacet
  facet normal 0.242835 0.970068 -0
    outer loop
      vertex 87.1611 61.8278 12.8333
      vertex 86.7804 61.9231 13.6667
      vertex 87.1611 61.8278 13.6667
    endloop
  endfacet
  facet normal 0.242835 0.970068 0
    outer loop
      vertex 86.7804 61.9231 13.6667
      vertex 87.1611 61.8278 12.8333
      vertex 86.7804 61.9231 12.8333
    endloop
  endfacet
  facet normal 0.242835 0.970068 -0
    outer loop
      vertex 87.1611 61.8278 14.1667
      vertex 86.7804 61.9231 15
      vertex 87.1611 61.8278 15
    endloop
  endfacet
  facet normal 0.242835 0.970068 0
    outer loop
      vertex 86.7804 61.9231 15
      vertex 87.1611 61.8278 14.1667
      vertex 86.7804 61.9231 14.1667
    endloop
  endfacet
  facet normal 0.242835 0.970068 -0
    outer loop
      vertex 87.1611 61.8278 15.5
      vertex 86.7804 61.9231 16.3333
      vertex 87.1611 61.8278 16.3333
    endloop
  endfacet
  facet normal 0.242835 0.970068 0
    outer loop
      vertex 86.7804 61.9231 16.3333
      vertex 87.1611 61.8278 15.5
      vertex 86.7804 61.9231 15.5
    endloop
  endfacet
  facet normal 0.242835 0.970068 -0
    outer loop
      vertex 87.1611 61.8278 16.8333
      vertex 86.7804 61.9231 17.6667
      vertex 87.1611 61.8278 17.6667
    endloop
  endfacet
  facet normal 0.242835 0.970068 0
    outer loop
      vertex 86.7804 61.9231 17.6667
      vertex 87.1611 61.8278 16.8333
      vertex 86.7804 61.9231 16.8333
    endloop
  endfacet
  facet normal 0.242835 0.970068 -0
    outer loop
      vertex 87.1611 61.8278 18.1667
      vertex 86.7804 61.9231 19
      vertex 87.1611 61.8278 19
    endloop
  endfacet
  facet normal 0.242835 0.970068 0
    outer loop
      vertex 86.7804 61.9231 19
      vertex 87.1611 61.8278 18.1667
      vertex 86.7804 61.9231 18.1667
    endloop
  endfacet
  facet normal 0.242835 0.970068 -0
    outer loop
      vertex 87.1611 61.8278 19.5
      vertex 86.7804 61.9231 20.3333
      vertex 87.1611 61.8278 20.3333
    endloop
  endfacet
  facet normal 0.242835 0.970068 0
    outer loop
      vertex 86.7804 61.9231 20.3333
      vertex 87.1611 61.8278 19.5
      vertex 86.7804 61.9231 19.5
    endloop
  endfacet
  facet normal 0.242835 0.970068 -0
    outer loop
      vertex 87.1611 61.8278 20.8333
      vertex 86.7804 61.9231 21.6667
      vertex 87.1611 61.8278 21.6667
    endloop
  endfacet
  facet normal 0.242835 0.970068 0
    outer loop
      vertex 86.7804 61.9231 21.6667
      vertex 87.1611 61.8278 20.8333
      vertex 86.7804 61.9231 20.8333
    endloop
  endfacet
  facet normal 0.671607 0.740908 -0
    outer loop
      vertex 88.8284 60.8284 0
      vertex 88.5376 61.092 23
      vertex 88.8284 60.8284 23
    endloop
  endfacet
  facet normal 0.671607 0.740908 0
    outer loop
      vertex 88.5376 61.092 23
      vertex 88.8284 60.8284 0
      vertex 88.5376 61.092 0
    endloop
  endfacet
  facet normal 0 0 1
    outer loop
      vertex 86.6478 57.5654 23
      vertex 90 58 23
      vertex 89.9807 58.3921 23
    endloop
  endfacet
  facet normal 0 0 1
    outer loop
      vertex 90 58 23
      vertex 86.8 56.8 23
      vertex 90 4 23
    endloop
  endfacet
  facet normal 0 0 1
    outer loop
      vertex 86.6478 57.5654 23
      vertex 89.9807 58.3921 23
      vertex 89.9231 58.7804 23
    endloop
  endfacet
  facet normal -0 0 1
    outer loop
      vertex 86.8 5.2 23
      vertex 90 4 23
      vertex 86.8 56.8 23
    endloop
  endfacet
  facet normal 0 0 1
    outer loop
      vertex 86.5638 57.7428 23
      vertex 89.9231 58.7804 23
      vertex 89.8278 59.1611 23
    endloop
  endfacet
  facet normal -0 0 1
    outer loop
      vertex 86.7904 5.00397 23
      vertex 90 4 23
      vertex 86.8 5.2 23
    endloop
  endfacet
  facet normal 0 0 1
    outer loop
      vertex 86.5638 57.7428 23
      vertex 89.8278 59.1611 23
      vertex 89.6955 59.5307 23
    endloop
  endfacet
  facet normal -0 0 1
    outer loop
      vertex 86.7616 4.80982 23
      vertex 90 4 23
      vertex 86.7904 5.00397 23
    endloop
  endfacet
  facet normal 0 0 1
    outer loop
      vertex 86.4629 57.9111 23
      vertex 89.6955 59.5307 23
      vertex 89.5277 59.8856 23
    endloop
  endfacet
  facet normal -0 0 1
    outer loop
      vertex 86.7139 4.61943 23
      vertex 90 4 23
      vertex 86.7616 4.80982 23
    endloop
  endfacet
  facet normal 0 0 1
    outer loop
      vertex 86.346 58.0688 23
      vertex 89.5277 59.8856 23
      vertex 89.3259 60.2223 23
    endloop
  endfacet
  facet normal -0 0 1
    outer loop
      vertex 86.6478 4.43463 23
      vertex 90 4 23
      vertex 86.7139 4.61943 23
    endloop
  endfacet
  facet normal 0 0 1
    outer loop
      vertex 86.346 58.0688 23
      vertex 89.3259 60.2223 23
      vertex 89.092 60.5376 23
    endloop
  endfacet
  facet normal 0 0 1
    outer loop
      vertex 90 4 23
      vertex 86.6478 4.43463 23
      vertex 89.9807 3.60793 23
    endloop
  endfacet
  facet normal 0 0 1
    outer loop
      vertex 86.2142 58.2142 23
      vertex 89.092 60.5376 23
      vertex 88.8284 60.8284 23
    endloop
  endfacet
  facet normal 0 0 1
    outer loop
      vertex 89.9807 3.60793 23
      vertex 86.6478 4.43463 23
      vertex 89.9231 3.21964 23
    endloop
  endfacet
  facet normal 0 0 1
    outer loop
      vertex 86.2142 58.2142 23
      vertex 88.8284 60.8284 23
      vertex 88.5376 61.092 23
    endloop
  endfacet
  facet normal -0 0 1
    outer loop
      vertex 86.5638 4.25721 23
      vertex 89.9231 3.21964 23
      vertex 86.6478 4.43463 23
    endloop
  endfacet
  facet normal 0 0 1
    outer loop
      vertex 86.0688 58.346 23
      vertex 88.5376 61.092 23
      vertex 88.2223 61.3259 23
    endloop
  endfacet
  facet normal 0 0 1
    outer loop
      vertex 89.9231 3.21964 23
      vertex 86.5638 4.25721 23
      vertex 89.8278 2.83886 23
    endloop
  endfacet
  facet normal 0 0 1
    outer loop
      vertex 86.0688 58.346 23
      vertex 88.2223 61.3259 23
      vertex 87.8856 61.5277 23
    endloop
  endfacet
  facet normal 0 0 1
    outer loop
      vertex 89.8278 2.83886 23
      vertex 86.5638 4.25721 23
      vertex 89.6955 2.46927 23
    endloop
  endfacet
  facet normal 0 0 1
    outer loop
      vertex 85.9111 58.4629 23
      vertex 87.8856 61.5277 23
      vertex 87.5307 61.6955 23
    endloop
  endfacet
  facet normal -0 0 1
    outer loop
      vertex 86.4629 4.08886 23
      vertex 89.6955 2.46927 23
      vertex 86.5638 4.25721 23
    endloop
  endfacet
  facet normal 0 0 1
    outer loop
      vertex 85.9111 58.4629 23
      vertex 87.5307 61.6955 23
      vertex 87.1611 61.8278 23
    endloop
  endfacet
  facet normal 0 0 1
    outer loop
      vertex 89.6955 2.46927 23
      vertex 86.4629 4.08886 23
      vertex 89.5277 2.11441 23
    endloop
  endfacet
  facet normal -0 0 1
    outer loop
      vertex 86.346 3.93121 23
      vertex 89.5277 2.11441 23
      vertex 86.4629 4.08886 23
    endloop
  endfacet
  facet normal 0 0 1
    outer loop
      vertex 90 58 23
      vertex 86.7904 56.996 23
      vertex 86.8 56.8 23
    endloop
  endfacet
  facet normal 0 0 1
    outer loop
      vertex 85.7428 58.5638 23
      vertex 87.1611 61.8278 23
      vertex 86.7804 61.9231 23
    endloop
  endfacet
  facet normal 0 0 1
    outer loop
      vertex 90 58 23
      vertex 86.7616 57.1902 23
      vertex 86.7904 56.996 23
    endloop
  endfacet
  facet normal 0 0 1
    outer loop
      vertex 90 58 23
      vertex 86.7139 57.3806 23
      vertex 86.7616 57.1902 23
    endloop
  endfacet
  facet normal 0 0 1
    outer loop
      vertex 90 58 23
      vertex 86.6478 57.5654 23
      vertex 86.7139 57.3806 23
    endloop
  endfacet
  facet normal 0 0 1
    outer loop
      vertex 89.9231 58.7804 23
      vertex 86.5638 57.7428 23
      vertex 86.6478 57.5654 23
    endloop
  endfacet
  facet normal 0 0 1
    outer loop
      vertex 89.6955 59.5307 23
      vertex 86.4629 57.9111 23
      vertex 86.5638 57.7428 23
    endloop
  endfacet
  facet normal 0 0 1
    outer loop
      vertex 85.5654 58.6478 23
      vertex 86.7804 61.9231 23
      vertex 86.3921 61.9807 23
    endloop
  endfacet
  facet normal 0 0 1
    outer loop
      vertex 89.5277 59.8856 23
      vertex 86.346 58.0688 23
      vertex 86.4629 57.9111 23
    endloop
  endfacet
  facet normal 0 0 1
    outer loop
      vertex 89.092 60.5376 23
      vertex 86.2142 58.2142 23
      vertex 86.346 58.0688 23
    endloop
  endfacet
  facet normal 0 0 1
    outer loop
      vertex 88.5376 61.092 23
      vertex 86.0688 58.346 23
      vertex 86.2142 58.2142 23
    endloop
  endfacet
  facet normal 0 0 1
    outer loop
      vertex 85.5654 58.6478 23
      vertex 86.3921 61.9807 23
      vertex 86 62 23
    endloop
  endfacet
  facet normal 0 0 1
    outer loop
      vertex 87.8856 61.5277 23
      vertex 85.9111 58.4629 23
      vertex 86.0688 58.346 23
    endloop
  endfacet
  facet normal 0 0 1
    outer loop
      vertex 87.1611 61.8278 23
      vertex 85.7428 58.5638 23
      vertex 85.9111 58.4629 23
    endloop
  endfacet
  facet normal 0 0 1
    outer loop
      vertex 86.7804 61.9231 23
      vertex 85.5654 58.6478 23
      vertex 85.7428 58.5638 23
    endloop
  endfacet
  facet normal 0 0 1
    outer loop
      vertex 86 62 23
      vertex 85.3806 58.7139 23
      vertex 85.5654 58.6478 23
    endloop
  endfacet
  facet normal 0 0 1
    outer loop
      vertex 86 62 23
      vertex 85.1902 58.7616 23
      vertex 85.3806 58.7139 23
    endloop
  endfacet
  facet normal 0 0 1
    outer loop
      vertex 86 62 23
      vertex 84.996 58.7904 23
      vertex 85.1902 58.7616 23
    endloop
  endfacet
  facet normal 0 0 1
    outer loop
      vertex 86 62 23
      vertex 84.8 58.8 23
      vertex 84.996 58.7904 23
    endloop
  endfacet
  facet normal 0 0 1
    outer loop
      vertex 86 62 23
      vertex 8 58.8 23
      vertex 84.8 58.8 23
    endloop
  endfacet
  facet normal 0 0 1
    outer loop
      vertex 6.23616 57.7428 23
      vertex 2.11441 61.5277 23
      vertex 6.15224 57.5654 23
    endloop
  endfacet
  facet normal -0 0 1
    outer loop
      vertex 2.11441 61.5277 23
      vertex 6.23616 57.7428 23
      vertex 2.46927 61.6955 23
    endloop
  endfacet
  facet normal -0 0 1
    outer loop
      vertex 2.46927 61.6955 23
      vertex 6.23616 57.7428 23
      vertex 2.83886 61.8278 23
    endloop
  endfacet
  facet normal -0 0 1
    outer loop
      vertex 2.83886 61.8278 23
      vertex 6.23616 57.7428 23
      vertex 3.21964 61.9231 23
    endloop
  endfacet
  facet normal -0 0 1
    outer loop
      vertex 3.21964 61.9231 23
      vertex 6.23616 57.7428 23
      vertex 3.60793 61.9807 23
    endloop
  endfacet
  facet normal -0 0 1
    outer loop
      vertex 3.60793 61.9807 23
      vertex 6.23616 57.7428 23
      vertex 4 62 23
    endloop
  endfacet
  facet normal 0 0 1
    outer loop
      vertex 6.33706 57.9111 23
      vertex 4 62 23
      vertex 6.23616 57.7428 23
    endloop
  endfacet
  facet normal 0 0 1
    outer loop
      vertex 6.45398 58.0688 23
      vertex 4 62 23
      vertex 6.33706 57.9111 23
    endloop
  endfacet
  facet normal 0 0 1
    outer loop
      vertex 6.58579 58.2142 23
      vertex 4 62 23
      vertex 6.45398 58.0688 23
    endloop
  endfacet
  facet normal 0 0 1
    outer loop
      vertex 6.73121 58.346 23
      vertex 4 62 23
      vertex 6.58579 58.2142 23
    endloop
  endfacet
  facet normal 0 0 1
    outer loop
      vertex 6.88886 58.4629 23
      vertex 4 62 23
      vertex 6.73121 58.346 23
    endloop
  endfacet
  facet normal 0 0 1
    outer loop
      vertex 7.05721 58.5638 23
      vertex 4 62 23
      vertex 6.88886 58.4629 23
    endloop
  endfacet
  facet normal 0 0 1
    outer loop
      vertex 7.23463 58.6478 23
      vertex 4 62 23
      vertex 7.05721 58.5638 23
    endloop
  endfacet
  facet normal 0 0 1
    outer loop
      vertex 7.41943 58.7139 23
      vertex 4 62 23
      vertex 7.23463 58.6478 23
    endloop
  endfacet
  facet normal 0 0 1
    outer loop
      vertex 7.60982 58.7616 23
      vertex 4 62 23
      vertex 7.41943 58.7139 23
    endloop
  endfacet
  facet normal 0 0 1
    outer loop
      vertex 7.80397 58.7904 23
      vertex 4 62 23
      vertex 7.60982 58.7616 23
    endloop
  endfacet
  facet normal 0 0 1
    outer loop
      vertex 8 58.8 23
      vertex 4 62 23
      vertex 7.80397 58.7904 23
    endloop
  endfacet
  facet normal -0 0 1
    outer loop
      vertex 4 62 23
      vertex 8 58.8 23
      vertex 86 62 23
    endloop
  endfacet
  facet normal 0 0 1
    outer loop
      vertex 89.5277 2.11441 23
      vertex 86.346 3.93121 23
      vertex 89.3259 1.77772 23
    endloop
  endfacet
  facet normal 0 0 1
    outer loop
      vertex 89.3259 1.77772 23
      vertex 86.346 3.93121 23
      vertex 89.092 1.46243 23
    endloop
  endfacet
  facet normal -0 0 1
    outer loop
      vertex 86.2142 3.78579 23
      vertex 89.092 1.46243 23
      vertex 86.346 3.93121 23
    endloop
  endfacet
  facet normal 0 0 1
    outer loop
      vertex 89.092 1.46243 23
      vertex 86.2142 3.78579 23
      vertex 88.8284 1.17157 23
    endloop
  endfacet
  facet normal 0 0 1
    outer loop
      vertex 88.8284 1.17157 23
      vertex 86.2142 3.78579 23
      vertex 88.5376 0.907958 23
    endloop
  endfacet
  facet normal -0 0 1
    outer loop
      vertex 86.0688 3.65398 23
      vertex 88.5376 0.907958 23
      vertex 86.2142 3.78579 23
    endloop
  endfacet
  facet normal 0 0 1
    outer loop
      vertex 88.5376 0.907958 23
      vertex 86.0688 3.65398 23
      vertex 88.2223 0.674121 23
    endloop
  endfacet
  facet normal 0 0 1
    outer loop
      vertex 88.2223 0.674121 23
      vertex 86.0688 3.65398 23
      vertex 87.8856 0.472315 23
    endloop
  endfacet
  facet normal -0 0 1
    outer loop
      vertex 85.9111 3.53706 23
      vertex 87.8856 0.472315 23
      vertex 86.0688 3.65398 23
    endloop
  endfacet
  facet normal 0 0 1
    outer loop
      vertex 87.8856 0.472315 23
      vertex 85.9111 3.53706 23
      vertex 87.5307 0.304482 23
    endloop
  endfacet
  facet normal 0 0 1
    outer loop
      vertex 87.5307 0.304482 23
      vertex 85.9111 3.53706 23
      vertex 87.1611 0.172238 23
    endloop
  endfacet
  facet normal -0 0 1
    outer loop
      vertex 85.7428 3.43616 23
      vertex 87.1611 0.172238 23
      vertex 85.9111 3.53706 23
    endloop
  endfacet
  facet normal 0 0 1
    outer loop
      vertex 87.1611 0.172238 23
      vertex 85.7428 3.43616 23
      vertex 86.7804 0.0768585 23
    endloop
  endfacet
  facet normal -0 0 1
    outer loop
      vertex 85.5654 3.35224 23
      vertex 86.7804 0.0768585 23
      vertex 85.7428 3.43616 23
    endloop
  endfacet
  facet normal 0 0 1
    outer loop
      vertex 86.7804 0.0768585 23
      vertex 85.5654 3.35224 23
      vertex 86.3921 0.0192604 23
    endloop
  endfacet
  facet normal 0 0 1
    outer loop
      vertex 86.3921 0.0192604 23
      vertex 85.5654 3.35224 23
      vertex 86 0 23
    endloop
  endfacet
  facet normal -0 0 1
    outer loop
      vertex 85.3806 3.28612 23
      vertex 86 0 23
      vertex 85.5654 3.35224 23
    endloop
  endfacet
  facet normal -0 0 1
    outer loop
      vertex 85.1902 3.23843 23
      vertex 86 0 23
      vertex 85.3806 3.28612 23
    endloop
  endfacet
  facet normal -0 0 1
    outer loop
      vertex 84.996 3.20963 23
      vertex 86 0 23
      vertex 85.1902 3.23843 23
    endloop
  endfacet
  facet normal -0 0 1
    outer loop
      vertex 84.8 3.2 23
      vertex 86 0 23
      vertex 84.996 3.20963 23
    endloop
  endfacet
  facet normal -0 0 1
    outer loop
      vertex 8 3.2 23
      vertex 86 0 23
      vertex 84.8 3.2 23
    endloop
  endfacet
  facet normal 0 0 1
    outer loop
      vertex 8 3.2 23
      vertex 4 0 23
      vertex 86 0 23
    endloop
  endfacet
  facet normal 0 0 1
    outer loop
      vertex 7.80397 3.20963 23
      vertex 4 0 23
      vertex 8 3.2 23
    endloop
  endfacet
  facet normal 0 0 1
    outer loop
      vertex 7.60982 3.23843 23
      vertex 4 0 23
      vertex 7.80397 3.20963 23
    endloop
  endfacet
  facet normal 0 0 1
    outer loop
      vertex 7.41943 3.28612 23
      vertex 4 0 23
      vertex 7.60982 3.23843 23
    endloop
  endfacet
  facet normal 0 0 1
    outer loop
      vertex 7.23463 3.35224 23
      vertex 4 0 23
      vertex 7.41943 3.28612 23
    endloop
  endfacet
  facet normal 0 0 1
    outer loop
      vertex 7.05721 3.43616 23
      vertex 4 0 23
      vertex 7.23463 3.35224 23
    endloop
  endfacet
  facet normal 0 0 1
    outer loop
      vertex 6.88886 3.53706 23
      vertex 4 0 23
      vertex 7.05721 3.43616 23
    endloop
  endfacet
  facet normal 0 0 1
    outer loop
      vertex 6.73121 3.65398 23
      vertex 4 0 23
      vertex 6.88886 3.53706 23
    endloop
  endfacet
  facet normal 0 0 1
    outer loop
      vertex 6.58579 3.78579 23
      vertex 4 0 23
      vertex 6.73121 3.65398 23
    endloop
  endfacet
  facet normal 0 0 1
    outer loop
      vertex 6.45398 3.93121 23
      vertex 4 0 23
      vertex 6.58579 3.78579 23
    endloop
  endfacet
  facet normal 0 0 1
    outer loop
      vertex 6.33706 4.08886 23
      vertex 4 0 23
      vertex 6.45398 3.93121 23
    endloop
  endfacet
  facet normal 0 0 1
    outer loop
      vertex 6.23616 4.25721 23
      vertex 4 0 23
      vertex 6.33706 4.08886 23
    endloop
  endfacet
  facet normal 0 0 1
    outer loop
      vertex 2.11441 0.472315 23
      vertex 6.23616 4.25721 23
      vertex 6.15224 4.43463 23
    endloop
  endfacet
  facet normal 0 0 1
    outer loop
      vertex 0.674121 1.77772 23
      vertex 6.15224 4.43463 23
      vertex 6.08612 4.61943 23
    endloop
  endfacet
  facet normal 0 0 1
    outer loop
      vertex 0.0192604 3.60793 23
      vertex 6.08612 4.61943 23
      vertex 6.03843 4.80982 23
    endloop
  endfacet
  facet normal 0 0 1
    outer loop
      vertex 0 4 23
      vertex 6.03843 4.80982 23
      vertex 6.00963 5.00397 23
    endloop
  endfacet
  facet normal 0 0 1
    outer loop
      vertex 0 4 23
      vertex 6.00963 5.00397 23
      vertex 6 5.2 23
    endloop
  endfacet
  facet normal 0 0 1
    outer loop
      vertex 6 56.8 23
      vertex 0 58 23
      vertex 6 5.2 23
    endloop
  endfacet
  facet normal -0 0 1
    outer loop
      vertex 1.77772 61.3259 23
      vertex 6.15224 57.5654 23
      vertex 2.11441 61.5277 23
    endloop
  endfacet
  facet normal 0 0 1
    outer loop
      vertex 0 4 23
      vertex 6 5.2 23
      vertex 0 58 23
    endloop
  endfacet
  facet normal -0 0 1
    outer loop
      vertex 1.46243 61.092 23
      vertex 6.15224 57.5654 23
      vertex 1.77772 61.3259 23
    endloop
  endfacet
  facet normal 0 0 1
    outer loop
      vertex 6.03843 4.80982 23
      vertex 0 4 23
      vertex 0.0192604 3.60793 23
    endloop
  endfacet
  facet normal -0 0 1
    outer loop
      vertex 1.17157 60.8284 23
      vertex 6.15224 57.5654 23
      vertex 1.46243 61.092 23
    endloop
  endfacet
  facet normal 0 0 1
    outer loop
      vertex 6.23616 4.25721 23
      vertex 3.60793 0.0192604 23
      vertex 4 0 23
    endloop
  endfacet
  facet normal -0 0 1
    outer loop
      vertex 0.907958 60.5376 23
      vertex 6.15224 57.5654 23
      vertex 1.17157 60.8284 23
    endloop
  endfacet
  facet normal 0 0 1
    outer loop
      vertex 6.23616 4.25721 23
      vertex 3.21964 0.0768585 23
      vertex 3.60793 0.0192604 23
    endloop
  endfacet
  facet normal -0 0 1
    outer loop
      vertex 0.674121 60.2223 23
      vertex 6.15224 57.5654 23
      vertex 0.907958 60.5376 23
    endloop
  endfacet
  facet normal 0 0 1
    outer loop
      vertex 6.23616 4.25721 23
      vertex 2.83886 0.172238 23
      vertex 3.21964 0.0768585 23
    endloop
  endfacet
  facet normal 0 0 1
    outer loop
      vertex 6.15224 57.5654 23
      vertex 0.674121 60.2223 23
      vertex 6.08612 57.3806 23
    endloop
  endfacet
  facet normal 0 0 1
    outer loop
      vertex 6.23616 4.25721 23
      vertex 2.46927 0.304482 23
      vertex 2.83886 0.172238 23
    endloop
  endfacet
  facet normal -0 0 1
    outer loop
      vertex 0.472315 59.8856 23
      vertex 6.08612 57.3806 23
      vertex 0.674121 60.2223 23
    endloop
  endfacet
  facet normal 0 0 1
    outer loop
      vertex 6.23616 4.25721 23
      vertex 2.11441 0.472315 23
      vertex 2.46927 0.304482 23
    endloop
  endfacet
  facet normal -0 0 1
    outer loop
      vertex 0.304482 59.5307 23
      vertex 6.08612 57.3806 23
      vertex 0.472315 59.8856 23
    endloop
  endfacet
  facet normal 0 0 1
    outer loop
      vertex 6.15224 4.43463 23
      vertex 1.77772 0.674121 23
      vertex 2.11441 0.472315 23
    endloop
  endfacet
  facet normal -0 0 1
    outer loop
      vertex 0.172238 59.1611 23
      vertex 6.08612 57.3806 23
      vertex 0.304482 59.5307 23
    endloop
  endfacet
  facet normal 0 0 1
    outer loop
      vertex 6.15224 4.43463 23
      vertex 1.46243 0.907958 23
      vertex 1.77772 0.674121 23
    endloop
  endfacet
  facet normal -0 0 1
    outer loop
      vertex 0.0768585 58.7804 23
      vertex 6.08612 57.3806 23
      vertex 0.172238 59.1611 23
    endloop
  endfacet
  facet normal 0 0 1
    outer loop
      vertex 6.15224 4.43463 23
      vertex 1.17157 1.17157 23
      vertex 1.46243 0.907958 23
    endloop
  endfacet
  facet normal -0 0 1
    outer loop
      vertex 0.0192604 58.3921 23
      vertex 6.08612 57.3806 23
      vertex 0.0768585 58.7804 23
    endloop
  endfacet
  facet normal 0 0 1
    outer loop
      vertex 6.15224 4.43463 23
      vertex 0.907958 1.46243 23
      vertex 1.17157 1.17157 23
    endloop
  endfacet
  facet normal 0 0 1
    outer loop
      vertex 6.08612 57.3806 23
      vertex 0.0192604 58.3921 23
      vertex 6.03843 57.1902 23
    endloop
  endfacet
  facet normal 0 0 1
    outer loop
      vertex 6.15224 4.43463 23
      vertex 0.674121 1.77772 23
      vertex 0.907958 1.46243 23
    endloop
  endfacet
  facet normal -0 0 1
    outer loop
      vertex 0 58 23
      vertex 6.03843 57.1902 23
      vertex 0.0192604 58.3921 23
    endloop
  endfacet
  facet normal 0 0 1
    outer loop
      vertex 6.08612 4.61943 23
      vertex 0.472315 2.11441 23
      vertex 0.674121 1.77772 23
    endloop
  endfacet
  facet normal 0 0 1
    outer loop
      vertex 6.03843 57.1902 23
      vertex 0 58 23
      vertex 6.00963 56.996 23
    endloop
  endfacet
  facet normal 0 0 1
    outer loop
      vertex 6.08612 4.61943 23
      vertex 0.304482 2.46927 23
      vertex 0.472315 2.11441 23
    endloop
  endfacet
  facet normal 0 0 1
    outer loop
      vertex 6.00963 56.996 23
      vertex 0 58 23
      vertex 6 56.8 23
    endloop
  endfacet
  facet normal 0 0 1
    outer loop
      vertex 6.08612 4.61943 23
      vertex 0.172238 2.83886 23
      vertex 0.304482 2.46927 23
    endloop
  endfacet
  facet normal 0 0 1
    outer loop
      vertex 6.08612 4.61943 23
      vertex 0.0768585 3.21964 23
      vertex 0.172238 2.83886 23
    endloop
  endfacet
  facet normal 0 0 1
    outer loop
      vertex 6.08612 4.61943 23
      vertex 0.0192604 3.60793 23
      vertex 0.0768585 3.21964 23
    endloop
  endfacet
  facet normal 0 0 -1
    outer loop
      vertex 86 0 0
      vertex 90 4 0
      vertex 89.9807 3.60793 0
    endloop
  endfacet
  facet normal -0 0 -1
    outer loop
      vertex 90 4 0
      vertex 86 0 0
      vertex 90 58 0
    endloop
  endfacet
  facet normal 0 0 -1
    outer loop
      vertex 86 0 0
      vertex 89.9807 3.60793 0
      vertex 89.9231 3.21964 0
    endloop
  endfacet
  facet normal 0 0 -1
    outer loop
      vertex 86 62 0
      vertex 90 58 0
      vertex 86 0 0
    endloop
  endfacet
  facet normal 0 0 -1
    outer loop
      vertex 86 0 0
      vertex 89.9231 3.21964 0
      vertex 89.8278 2.83886 0
    endloop
  endfacet
  facet normal 0 0 -1
    outer loop
      vertex 90 58 0
      vertex 86 62 0
      vertex 89.9807 58.3921 0
    endloop
  endfacet
  facet normal 0 0 -1
    outer loop
      vertex 86 0 0
      vertex 89.8278 2.83886 0
      vertex 89.6955 2.46927 0
    endloop
  endfacet
  facet normal 0 0 -1
    outer loop
      vertex 89.9807 58.3921 0
      vertex 86 62 0
      vertex 89.9231 58.7804 0
    endloop
  endfacet
  facet normal 0 0 -1
    outer loop
      vertex 86 0 0
      vertex 89.6955 2.46927 0
      vertex 89.5277 2.11441 0
    endloop
  endfacet
  facet normal 0 0 -1
    outer loop
      vertex 89.9231 58.7804 0
      vertex 86 62 0
      vertex 89.8278 59.1611 0
    endloop
  endfacet
  facet normal 0 0 -1
    outer loop
      vertex 86 0 0
      vertex 89.5277 2.11441 0
      vertex 89.3259 1.77772 0
    endloop
  endfacet
  facet normal 0 0 -1
    outer loop
      vertex 89.8278 59.1611 0
      vertex 86 62 0
      vertex 89.6955 59.5307 0
    endloop
  endfacet
  facet normal 0 0 -1
    outer loop
      vertex 86 0 0
      vertex 89.3259 1.77772 0
      vertex 89.092 1.46243 0
    endloop
  endfacet
  facet normal 0 0 -1
    outer loop
      vertex 89.6955 59.5307 0
      vertex 86 62 0
      vertex 89.5277 59.8856 0
    endloop
  endfacet
  facet normal 0 0 -1
    outer loop
      vertex 86 0 0
      vertex 89.092 1.46243 0
      vertex 88.8284 1.17157 0
    endloop
  endfacet
  facet normal 0 0 -1
    outer loop
      vertex 89.5277 59.8856 0
      vertex 86 62 0
      vertex 89.3259 60.2223 0
    endloop
  endfacet
  facet normal 0 0 -1
    outer loop
      vertex 86 0 0
      vertex 88.8284 1.17157 0
      vertex 88.5376 0.907958 0
    endloop
  endfacet
  facet normal 0 0 -1
    outer loop
      vertex 89.3259 60.2223 0
      vertex 86 62 0
      vertex 89.092 60.5376 0
    endloop
  endfacet
  facet normal 0 0 -1
    outer loop
      vertex 86 0 0
      vertex 88.5376 0.907958 0
      vertex 88.2223 0.674121 0
    endloop
  endfacet
  facet normal 0 0 -1
    outer loop
      vertex 89.092 60.5376 0
      vertex 86 62 0
      vertex 88.8284 60.8284 0
    endloop
  endfacet
  facet normal 0 0 -1
    outer loop
      vertex 86 0 0
      vertex 88.2223 0.674121 0
      vertex 87.8856 0.472315 0
    endloop
  endfacet
  facet normal 0 0 -1
    outer loop
      vertex 88.8284 60.8284 0
      vertex 86 62 0
      vertex 88.5376 61.092 0
    endloop
  endfacet
  facet normal 0 0 -1
    outer loop
      vertex 86 0 0
      vertex 87.8856 0.472315 0
      vertex 87.5307 0.304482 0
    endloop
  endfacet
  facet normal 0 0 -1
    outer loop
      vertex 88.5376 61.092 0
      vertex 86 62 0
      vertex 88.2223 61.3259 0
    endloop
  endfacet
  facet normal 0 0 -1
    outer loop
      vertex 86 0 0
      vertex 87.5307 0.304482 0
      vertex 87.1611 0.172238 0
    endloop
  endfacet
  facet normal 0 0 -1
    outer loop
      vertex 88.2223 61.3259 0
      vertex 86 62 0
      vertex 87.8856 61.5277 0
    endloop
  endfacet
  facet normal 0 0 -1
    outer loop
      vertex 86 0 0
      vertex 87.1611 0.172238 0
      vertex 86.7804 0.0768585 0
    endloop
  endfacet
  facet normal 0 0 -1
    outer loop
      vertex 87.8856 61.5277 0
      vertex 86 62 0
      vertex 87.5307 61.6955 0
    endloop
  endfacet
  facet normal 0 0 -1
    outer loop
      vertex 86 0 0
      vertex 86.7804 0.0768585 0
      vertex 86.3921 0.0192604 0
    endloop
  endfacet
  facet normal 0 0 -1
    outer loop
      vertex 87.5307 61.6955 0
      vertex 86 62 0
      vertex 87.1611 61.8278 0
    endloop
  endfacet
  facet normal 0 0 -1
    outer loop
      vertex 87.1611 61.8278 0
      vertex 86 62 0
      vertex 86.7804 61.9231 0
    endloop
  endfacet
  facet normal 0 0 -1
    outer loop
      vertex 86.7804 61.9231 0
      vertex 86 62 0
      vertex 86.3921 61.9807 0
    endloop
  endfacet
  facet normal 0 0 -1
    outer loop
      vertex 4 0 0
      vertex 86 62 0
      vertex 86 0 0
    endloop
  endfacet
  facet normal 0 0 -1
    outer loop
      vertex 4 0 0
      vertex 4 62 0
      vertex 86 62 0
    endloop
  endfacet
  facet normal 0 0 -1
    outer loop
      vertex 0 4 0
      vertex 4 0 0
      vertex 3.60793 0.0192604 0
    endloop
  endfacet
  facet normal 0 0 -1
    outer loop
      vertex 4 0 0
      vertex 0 4 0
      vertex 4 62 0
    endloop
  endfacet
  facet normal 0 0 -1
    outer loop
      vertex 0 4 0
      vertex 3.60793 0.0192604 0
      vertex 3.21964 0.0768585 0
    endloop
  endfacet
  facet normal 0 0 -1
    outer loop
      vertex 0 58 0
      vertex 4 62 0
      vertex 0 4 0
    endloop
  endfacet
  facet normal 0 0 -1
    outer loop
      vertex 0 4 0
      vertex 3.21964 0.0768585 0
      vertex 2.83886 0.172238 0
    endloop
  endfacet
  facet normal 0 0 -1
    outer loop
      vertex 4 62 0
      vertex 0 58 0
      vertex 3.60793 61.9807 0
    endloop
  endfacet
  facet normal 0 0 -1
    outer loop
      vertex 0 4 0
      vertex 2.83886 0.172238 0
      vertex 2.46927 0.304482 0
    endloop
  endfacet
  facet normal 0 0 -1
    outer loop
      vertex 3.60793 61.9807 0
      vertex 0 58 0
      vertex 3.21964 61.9231 0
    endloop
  endfacet
  facet normal 0 0 -1
    outer loop
      vertex 0 4 0
      vertex 2.46927 0.304482 0
      vertex 2.11441 0.472315 0
    endloop
  endfacet
  facet normal 0 0 -1
    outer loop
      vertex 3.21964 61.9231 0
      vertex 0 58 0
      vertex 2.83886 61.8278 0
    endloop
  endfacet
  facet normal 0 0 -1
    outer loop
      vertex 0 4 0
      vertex 2.11441 0.472315 0
      vertex 1.77772 0.674121 0
    endloop
  endfacet
  facet normal 0 0 -1
    outer loop
      vertex 2.83886 61.8278 0
      vertex 0 58 0
      vertex 2.46927 61.6955 0
    endloop
  endfacet
  facet normal 0 0 -1
    outer loop
      vertex 0 4 0
      vertex 1.77772 0.674121 0
      vertex 1.46243 0.907958 0
    endloop
  endfacet
  facet normal 0 0 -1
    outer loop
      vertex 2.46927 61.6955 0
      vertex 0 58 0
      vertex 2.11441 61.5277 0
    endloop
  endfacet
  facet normal 0 0 -1
    outer loop
      vertex 0 4 0
      vertex 1.46243 0.907958 0
      vertex 1.17157 1.17157 0
    endloop
  endfacet
  facet normal 0 0 -1
    outer loop
      vertex 2.11441 61.5277 0
      vertex 0 58 0
      vertex 1.77772 61.3259 0
    endloop
  endfacet
  facet normal 0 0 -1
    outer loop
      vertex 0 4 0
      vertex 1.17157 1.17157 0
      vertex 0.907958 1.46243 0
    endloop
  endfacet
  facet normal 0 0 -1
    outer loop
      vertex 1.77772 61.3259 0
      vertex 0 58 0
      vertex 1.46243 61.092 0
    endloop
  endfacet
  facet normal 0 0 -1
    outer loop
      vertex 0 4 0
      vertex 0.907958 1.46243 0
      vertex 0.674121 1.77772 0
    endloop
  endfacet
  facet normal 0 0 -1
    outer loop
      vertex 1.46243 61.092 0
      vertex 0 58 0
      vertex 1.17157 60.8284 0
    endloop
  endfacet
  facet normal 0 0 -1
    outer loop
      vertex 0 4 0
      vertex 0.674121 1.77772 0
      vertex 0.472315 2.11441 0
    endloop
  endfacet
  facet normal 0 0 -1
    outer loop
      vertex 1.17157 60.8284 0
      vertex 0 58 0
      vertex 0.907958 60.5376 0
    endloop
  endfacet
  facet normal 0 0 -1
    outer loop
      vertex 0 4 0
      vertex 0.472315 2.11441 0
      vertex 0.304482 2.46927 0
    endloop
  endfacet
  facet normal 0 0 -1
    outer loop
      vertex 0.907958 60.5376 0
      vertex 0 58 0
      vertex 0.674121 60.2223 0
    endloop
  endfacet
  facet normal 0 0 -1
    outer loop
      vertex 0 4 0
      vertex 0.304482 2.46927 0
      vertex 0.172238 2.83886 0
    endloop
  endfacet
  facet normal 0 0 -1
    outer loop
      vertex 0.674121 60.2223 0
      vertex 0 58 0
      vertex 0.472315 59.8856 0
    endloop
  endfacet
  facet normal 0 0 -1
    outer loop
      vertex 0 4 0
      vertex 0.172238 2.83886 0
      vertex 0.0768585 3.21964 0
    endloop
  endfacet
  facet normal 0 0 -1
    outer loop
      vertex 0.472315 59.8856 0
      vertex 0 58 0
      vertex 0.304482 59.5307 0
    endloop
  endfacet
  facet normal 0 0 -1
    outer loop
      vertex 0 4 0
      vertex 0.0768585 3.21964 0
      vertex 0.0192604 3.60793 0
    endloop
  endfacet
  facet normal 0 0 -1
    outer loop
      vertex 0.304482 59.5307 0
      vertex 0 58 0
      vertex 0.172238 59.1611 0
    endloop
  endfacet
  facet normal 0 0 -1
    outer loop
      vertex 0.172238 59.1611 0
      vertex 0 58 0
      vertex 0.0768585 58.7804 0
    endloop
  endfacet
  facet normal 0 0 -1
    outer loop
      vertex 0.0768585 58.7804 0
      vertex 0 58 0
      vertex 0.0192604 58.3921 0
    endloop
  endfacet
  facet normal 0.740908 0.671607 0
    outer loop
      vertex 89.092 60.5376 23
      vertex 88.8284 60.8284 0
      vertex 88.8284 60.8284 23
    endloop
  endfacet
  facet normal 0.740908 0.671607 0
    outer loop
      vertex 88.8284 60.8284 0
      vertex 89.092 60.5376 23
      vertex 89.092 60.5376 0
    endloop
  endfacet
  facet normal 0.97008 -0.242787 0
    outer loop
      vertex 89.8278 2.83886 4.33333
      vertex 89.9231 3.21964 0
      vertex 89.9231 3.21964 4.33333
    endloop
  endfacet
  facet normal 0.97008 -0.242787 0
    outer loop
      vertex 89.9231 3.21964 0
      vertex 89.8278 2.83886 4.33333
      vertex 89.8278 2.83886 0
    endloop
  endfacet
  facet normal 0.97008 -0.242787 0
    outer loop
      vertex 89.8278 2.83886 23
      vertex 89.9231 3.21964 22.1667
      vertex 89.9231 3.21964 23
    endloop
  endfacet
  facet normal 0.97008 -0.242787 0
    outer loop
      vertex 89.9231 3.21964 22.1667
      vertex 89.8278 2.83886 23
      vertex 89.8278 2.83886 22.1667
    endloop
  endfacet
  facet normal 0.97008 -0.242787 0
    outer loop
      vertex 89.8278 2.83886 5.66667
      vertex 89.9231 3.21964 4.83333
      vertex 89.9231 3.21964 5.66667
    endloop
  endfacet
  facet normal 0.97008 -0.242787 0
    outer loop
      vertex 89.9231 3.21964 4.83333
      vertex 89.8278 2.83886 5.66667
      vertex 89.8278 2.83886 4.83333
    endloop
  endfacet
  facet normal 0.97008 -0.242787 0
    outer loop
      vertex 89.8278 2.83886 7
      vertex 89.9231 3.21964 6.16667
      vertex 89.9231 3.21964 7
    endloop
  endfacet
  facet normal 0.97008 -0.242787 0
    outer loop
      vertex 89.9231 3.21964 6.16667
      vertex 89.8278 2.83886 7
      vertex 89.8278 2.83886 6.16667
    endloop
  endfacet
  facet normal 0.97008 -0.242787 0
    outer loop
      vertex 89.8278 2.83886 8.33333
      vertex 89.9231 3.21964 7.5
      vertex 89.9231 3.21964 8.33333
    endloop
  endfacet
  facet normal 0.97008 -0.242787 0
    outer loop
      vertex 89.9231 3.21964 7.5
      vertex 89.8278 2.83886 8.33333
      vertex 89.8278 2.83886 7.5
    endloop
  endfacet
  facet normal 0.97008 -0.242787 0
    outer loop
      vertex 89.8278 2.83886 9.66667
      vertex 89.9231 3.21964 8.83333
      vertex 89.9231 3.21964 9.66667
    endloop
  endfacet
  facet normal 0.97008 -0.242787 0
    outer loop
      vertex 89.9231 3.21964 8.83333
      vertex 89.8278 2.83886 9.66667
      vertex 89.8278 2.83886 8.83333
    endloop
  endfacet
  facet normal 0.97008 -0.242787 0
    outer loop
      vertex 89.8278 2.83886 11
      vertex 89.9231 3.21964 10.1667
      vertex 89.9231 3.21964 11
    endloop
  endfacet
  facet normal 0.97008 -0.242787 0
    outer loop
      vertex 89.9231 3.21964 10.1667
      vertex 89.8278 2.83886 11
      vertex 89.8278 2.83886 10.1667
    endloop
  endfacet
  facet normal 0.97008 -0.242787 0
    outer loop
      vertex 89.8278 2.83886 12.3333
      vertex 89.9231 3.21964 11.5
      vertex 89.9231 3.21964 12.3333
    endloop
  endfacet
  facet normal 0.97008 -0.242787 0
    outer loop
      vertex 89.9231 3.21964 11.5
      vertex 89.8278 2.83886 12.3333
      vertex 89.8278 2.83886 11.5
    endloop
  endfacet
  facet normal 0.97008 -0.242787 0
    outer loop
      vertex 89.8278 2.83886 13.6667
      vertex 89.9231 3.21964 12.8333
      vertex 89.9231 3.21964 13.6667
    endloop
  endfacet
  facet normal 0.97008 -0.242787 0
    outer loop
      vertex 89.9231 3.21964 12.8333
      vertex 89.8278 2.83886 13.6667
      vertex 89.8278 2.83886 12.8333
    endloop
  endfacet
  facet normal 0.97008 -0.242787 0
    outer loop
      vertex 89.8278 2.83886 15
      vertex 89.9231 3.21964 14.1667
      vertex 89.9231 3.21964 15
    endloop
  endfacet
  facet normal 0.97008 -0.242787 0
    outer loop
      vertex 89.9231 3.21964 14.1667
      vertex 89.8278 2.83886 15
      vertex 89.8278 2.83886 14.1667
    endloop
  endfacet
  facet normal 0.97008 -0.242787 0
    outer loop
      vertex 89.8278 2.83886 16.3333
      vertex 89.9231 3.21964 15.5
      vertex 89.9231 3.21964 16.3333
    endloop
  endfacet
  facet normal 0.97008 -0.242787 0
    outer loop
      vertex 89.9231 3.21964 15.5
      vertex 89.8278 2.83886 16.3333
      vertex 89.8278 2.83886 15.5
    endloop
  endfacet
  facet normal 0.97008 -0.242787 0
    outer loop
      vertex 89.8278 2.83886 17.6667
      vertex 89.9231 3.21964 16.8333
      vertex 89.9231 3.21964 17.6667
    endloop
  endfacet
  facet normal 0.97008 -0.242787 0
    outer loop
      vertex 89.9231 3.21964 16.8333
      vertex 89.8278 2.83886 17.6667
      vertex 89.8278 2.83886 16.8333
    endloop
  endfacet
  facet normal 0.97008 -0.242787 0
    outer loop
      vertex 89.8278 2.83886 19
      vertex 89.9231 3.21964 18.1667
      vertex 89.9231 3.21964 19
    endloop
  endfacet
  facet normal 0.97008 -0.242787 0
    outer loop
      vertex 89.9231 3.21964 18.1667
      vertex 89.8278 2.83886 19
      vertex 89.8278 2.83886 18.1667
    endloop
  endfacet
  facet normal 0.97008 -0.242787 0
    outer loop
      vertex 89.8278 2.83886 20.3333
      vertex 89.9231 3.21964 19.5
      vertex 89.9231 3.21964 20.3333
    endloop
  endfacet
  facet normal 0.97008 -0.242787 0
    outer loop
      vertex 89.9231 3.21964 19.5
      vertex 89.8278 2.83886 20.3333
      vertex 89.8278 2.83886 19.5
    endloop
  endfacet
  facet normal 0.97008 -0.242787 0
    outer loop
      vertex 89.8278 2.83886 21.6667
      vertex 89.9231 3.21964 20.8333
      vertex 89.9231 3.21964 21.6667
    endloop
  endfacet
  facet normal 0.97008 -0.242787 0
    outer loop
      vertex 89.9231 3.21964 20.8333
      vertex 89.8278 2.83886 21.6667
      vertex 89.8278 2.83886 20.8333
    endloop
  endfacet
  facet normal -0.514095 0.857733 0
    outer loop
      vertex 2.11441 61.5277 0
      vertex 1.77772 61.3259 23
      vertex 2.11441 61.5277 23
    endloop
  endfacet
  facet normal -0.514095 0.857733 0
    outer loop
      vertex 1.77772 61.3259 23
      vertex 2.11441 61.5277 0
      vertex 1.77772 61.3259 0
    endloop
  endfacet
  facet normal 0.146733 0.989176 -0
    outer loop
      vertex 86.7804 61.9231 0
      vertex 86.3921 61.9807 4.33333
      vertex 86.7804 61.9231 4.33333
    endloop
  endfacet
  facet normal 0.146733 0.989176 0
    outer loop
      vertex 86.3921 61.9807 4.33333
      vertex 86.7804 61.9231 0
      vertex 86.3921 61.9807 0
    endloop
  endfacet
  facet normal 0.146733 0.989176 -0
    outer loop
      vertex 86.7804 61.9231 22.1667
      vertex 86.3921 61.9807 23
      vertex 86.7804 61.9231 23
    endloop
  endfacet
  facet normal 0.146733 0.989176 0
    outer loop
      vertex 86.3921 61.9807 23
      vertex 86.7804 61.9231 22.1667
      vertex 86.3921 61.9807 22.1667
    endloop
  endfacet
  facet normal 0.146733 0.989176 -0
    outer loop
      vertex 86.7804 61.9231 4.83333
      vertex 86.3921 61.9807 5.66667
      vertex 86.7804 61.9231 5.66667
    endloop
  endfacet
  facet normal 0.146733 0.989176 0
    outer loop
      vertex 86.3921 61.9807 5.66667
      vertex 86.7804 61.9231 4.83333
      vertex 86.3921 61.9807 4.83333
    endloop
  endfacet
  facet normal 0.146733 0.989176 -0
    outer loop
      vertex 86.7804 61.9231 6.16667
      vertex 86.3921 61.9807 7
      vertex 86.7804 61.9231 7
    endloop
  endfacet
  facet normal 0.146733 0.989176 0
    outer loop
      vertex 86.3921 61.9807 7
      vertex 86.7804 61.9231 6.16667
      vertex 86.3921 61.9807 6.16667
    endloop
  endfacet
  facet normal 0.146733 0.989176 -0
    outer loop
      vertex 86.7804 61.9231 7.5
      vertex 86.3921 61.9807 8.33333
      vertex 86.7804 61.9231 8.33333
    endloop
  endfacet
  facet normal 0.146733 0.989176 0
    outer loop
      vertex 86.3921 61.9807 8.33333
      vertex 86.7804 61.9231 7.5
      vertex 86.3921 61.9807 7.5
    endloop
  endfacet
  facet normal 0.146733 0.989176 -0
    outer loop
      vertex 86.7804 61.9231 8.83333
      vertex 86.3921 61.9807 9.66667
      vertex 86.7804 61.9231 9.66667
    endloop
  endfacet
  facet normal 0.146733 0.989176 0
    outer loop
      vertex 86.3921 61.9807 9.66667
      vertex 86.7804 61.9231 8.83333
      vertex 86.3921 61.9807 8.83333
    endloop
  endfacet
  facet normal 0.146733 0.989176 -0
    outer loop
      vertex 86.7804 61.9231 10.1667
      vertex 86.3921 61.9807 11
      vertex 86.7804 61.9231 11
    endloop
  endfacet
  facet normal 0.146733 0.989176 0
    outer loop
      vertex 86.3921 61.9807 11
      vertex 86.7804 61.9231 10.1667
      vertex 86.3921 61.9807 10.1667
    endloop
  endfacet
  facet normal 0.146733 0.989176 -0
    outer loop
      vertex 86.7804 61.9231 11.5
      vertex 86.3921 61.9807 12.3333
      vertex 86.7804 61.9231 12.3333
    endloop
  endfacet
  facet normal 0.146733 0.989176 0
    outer loop
      vertex 86.3921 61.9807 12.3333
      vertex 86.7804 61.9231 11.5
      vertex 86.3921 61.9807 11.5
    endloop
  endfacet
  facet normal 0.146733 0.989176 -0
    outer loop
      vertex 86.7804 61.9231 12.8333
      vertex 86.3921 61.9807 13.6667
      vertex 86.7804 61.9231 13.6667
    endloop
  endfacet
  facet normal 0.146733 0.989176 0
    outer loop
      vertex 86.3921 61.9807 13.6667
      vertex 86.7804 61.9231 12.8333
      vertex 86.3921 61.9807 12.8333
    endloop
  endfacet
  facet normal 0.146733 0.989176 -0
    outer loop
      vertex 86.7804 61.9231 14.1667
      vertex 86.3921 61.9807 15
      vertex 86.7804 61.9231 15
    endloop
  endfacet
  facet normal 0.146733 0.989176 0
    outer loop
      vertex 86.3921 61.9807 15
      vertex 86.7804 61.9231 14.1667
      vertex 86.3921 61.9807 14.1667
    endloop
  endfacet
  facet normal 0.146733 0.989176 -0
    outer loop
      vertex 86.7804 61.9231 15.5
      vertex 86.3921 61.9807 16.3333
      vertex 86.7804 61.9231 16.3333
    endloop
  endfacet
  facet normal 0.146733 0.989176 0
    outer loop
      vertex 86.3921 61.9807 16.3333
      vertex 86.7804 61.9231 15.5
      vertex 86.3921 61.9807 15.5
    endloop
  endfacet
  facet normal 0.146733 0.989176 -0
    outer loop
      vertex 86.7804 61.9231 16.8333
      vertex 86.3921 61.9807 17.6667
      vertex 86.7804 61.9231 17.6667
    endloop
  endfacet
  facet normal 0.146733 0.989176 0
    outer loop
      vertex 86.3921 61.9807 17.6667
      vertex 86.7804 61.9231 16.8333
      vertex 86.3921 61.9807 16.8333
    endloop
  endfacet
  facet normal 0.146733 0.989176 -0
    outer loop
      vertex 86.7804 61.9231 18.1667
      vertex 86.3921 61.9807 19
      vertex 86.7804 61.9231 19
    endloop
  endfacet
  facet normal 0.146733 0.989176 0
    outer loop
      vertex 86.3921 61.9807 19
      vertex 86.7804 61.9231 18.1667
      vertex 86.3921 61.9807 18.1667
    endloop
  endfacet
  facet normal 0.146733 0.989176 -0
    outer loop
      vertex 86.7804 61.9231 19.5
      vertex 86.3921 61.9807 20.3333
      vertex 86.7804 61.9231 20.3333
    endloop
  endfacet
  facet normal 0.146733 0.989176 0
    outer loop
      vertex 86.3921 61.9807 20.3333
      vertex 86.7804 61.9231 19.5
      vertex 86.3921 61.9807 19.5
    endloop
  endfacet
  facet normal 0.146733 0.989176 -0
    outer loop
      vertex 86.7804 61.9231 20.8333
      vertex 86.3921 61.9807 21.6667
      vertex 86.7804 61.9231 21.6667
    endloop
  endfacet
  facet normal 0.146733 0.989176 0
    outer loop
      vertex 86.3921 61.9807 21.6667
      vertex 86.7804 61.9231 20.8333
      vertex 86.3921 61.9807 20.8333
    endloop
  endfacet
  facet normal 0.0491626 0.998791 -0
    outer loop
      vertex 86.3921 61.9807 0
      vertex 86 62 4.33333
      vertex 86.3921 61.9807 4.33333
    endloop
  endfacet
  facet normal 0.0491626 0.998791 0
    outer loop
      vertex 86 62 4.33333
      vertex 86.3921 61.9807 0
      vertex 86 62 0
    endloop
  endfacet
  facet normal 0.0491626 0.998791 -0
    outer loop
      vertex 86.3921 61.9807 22.1667
      vertex 86 62 23
      vertex 86.3921 61.9807 23
    endloop
  endfacet
  facet normal 0.0491626 0.998791 0
    outer loop
      vertex 86 62 23
      vertex 86.3921 61.9807 22.1667
      vertex 86 62 22.1667
    endloop
  endfacet
  facet normal 0.0491626 0.998791 -0
    outer loop
      vertex 86.3921 61.9807 4.83333
      vertex 86 62 5.66667
      vertex 86.3921 61.9807 5.66667
    endloop
  endfacet
  facet normal 0.0491626 0.998791 0
    outer loop
      vertex 86 62 5.66667
      vertex 86.3921 61.9807 4.83333
      vertex 86 62 4.83333
    endloop
  endfacet
  facet normal 0.0491626 0.998791 -0
    outer loop
      vertex 86.3921 61.9807 6.16667
      vertex 86 62 7
      vertex 86.3921 61.9807 7
    endloop
  endfacet
  facet normal 0.0491626 0.998791 0
    outer loop
      vertex 86 62 7
      vertex 86.3921 61.9807 6.16667
      vertex 86 62 6.16667
    endloop
  endfacet
  facet normal 0.0491626 0.998791 -0
    outer loop
      vertex 86.3921 61.9807 7.5
      vertex 86 62 8.33333
      vertex 86.3921 61.9807 8.33333
    endloop
  endfacet
  facet normal 0.0491626 0.998791 0
    outer loop
      vertex 86 62 8.33333
      vertex 86.3921 61.9807 7.5
      vertex 86 62 7.5
    endloop
  endfacet
  facet normal 0.0491626 0.998791 -0
    outer loop
      vertex 86.3921 61.9807 8.83333
      vertex 86 62 9.66667
      vertex 86.3921 61.9807 9.66667
    endloop
  endfacet
  facet normal 0.0491626 0.998791 0
    outer loop
      vertex 86 62 9.66667
      vertex 86.3921 61.9807 8.83333
      vertex 86 62 8.83333
    endloop
  endfacet
  facet normal 0.0491626 0.998791 -0
    outer loop
      vertex 86.3921 61.9807 10.1667
      vertex 86 62 11
      vertex 86.3921 61.9807 11
    endloop
  endfacet
  facet normal 0.0491626 0.998791 0
    outer loop
      vertex 86 62 11
      vertex 86.3921 61.9807 10.1667
      vertex 86 62 10.1667
    endloop
  endfacet
  facet normal 0.0491626 0.998791 -0
    outer loop
      vertex 86.3921 61.9807 11.5
      vertex 86 62 12.3333
      vertex 86.3921 61.9807 12.3333
    endloop
  endfacet
  facet normal 0.0491626 0.998791 0
    outer loop
      vertex 86 62 12.3333
      vertex 86.3921 61.9807 11.5
      vertex 86 62 11.5
    endloop
  endfacet
  facet normal 0.0491626 0.998791 -0
    outer loop
      vertex 86.3921 61.9807 12.8333
      vertex 86 62 13.6667
      vertex 86.3921 61.9807 13.6667
    endloop
  endfacet
  facet normal 0.0491626 0.998791 0
    outer loop
      vertex 86 62 13.6667
      vertex 86.3921 61.9807 12.8333
      vertex 86 62 12.8333
    endloop
  endfacet
  facet normal 0.0491626 0.998791 -0
    outer loop
      vertex 86.3921 61.9807 14.1667
      vertex 86 62 15
      vertex 86.3921 61.9807 15
    endloop
  endfacet
  facet normal 0.0491626 0.998791 0
    outer loop
      vertex 86 62 15
      vertex 86.3921 61.9807 14.1667
      vertex 86 62 14.1667
    endloop
  endfacet
  facet normal 0.0491626 0.998791 -0
    outer loop
      vertex 86.3921 61.9807 15.5
      vertex 86 62 16.3333
      vertex 86.3921 61.9807 16.3333
    endloop
  endfacet
  facet normal 0.0491626 0.998791 0
    outer loop
      vertex 86 62 16.3333
      vertex 86.3921 61.9807 15.5
      vertex 86 62 15.5
    endloop
  endfacet
  facet normal 0.0491626 0.998791 -0
    outer loop
      vertex 86.3921 61.9807 16.8333
      vertex 86 62 17.6667
      vertex 86.3921 61.9807 17.6667
    endloop
  endfacet
  facet normal 0.0491626 0.998791 0
    outer loop
      vertex 86 62 17.6667
      vertex 86.3921 61.9807 16.8333
      vertex 86 62 16.8333
    endloop
  endfacet
  facet normal 0.0491626 0.998791 -0
    outer loop
      vertex 86.3921 61.9807 18.1667
      vertex 86 62 19
      vertex 86.3921 61.9807 19
    endloop
  endfacet
  facet normal 0.0491626 0.998791 0
    outer loop
      vertex 86 62 19
      vertex 86.3921 61.9807 18.1667
      vertex 86 62 18.1667
    endloop
  endfacet
  facet normal 0.0491626 0.998791 -0
    outer loop
      vertex 86.3921 61.9807 19.5
      vertex 86 62 20.3333
      vertex 86.3921 61.9807 20.3333
    endloop
  endfacet
  facet normal 0.0491626 0.998791 0
    outer loop
      vertex 86 62 20.3333
      vertex 86.3921 61.9807 19.5
      vertex 86 62 19.5
    endloop
  endfacet
  facet normal 0.0491626 0.998791 -0
    outer loop
      vertex 86.3921 61.9807 20.8333
      vertex 86 62 21.6667
      vertex 86.3921 61.9807 21.6667
    endloop
  endfacet
  facet normal 0.0491626 0.998791 0
    outer loop
      vertex 86 62 21.6667
      vertex 86.3921 61.9807 20.8333
      vertex 86 62 20.8333
    endloop
  endfacet
  facet normal 0.514084 0.85774 -4.03233e-05
    outer loop
      vertex 88.2223 61.3259 23
      vertex 88.0986 61.4 22.1667
      vertex 87.8856 61.5277 23
    endloop
  endfacet
  facet normal 0.513884 0.85786 0
    outer loop
      vertex 88.2223 61.3259 23
      vertex 88.0986 61.4 21.6667
      vertex 88.0986 61.4 22.1667
    endloop
  endfacet
  facet normal 0.5142 0.857671 0
    outer loop
      vertex 88.0986 61.4 21.6667
      vertex 88.0986 61.4 20.8333
      vertex 87.8856 61.5277 21.6667
    endloop
  endfacet
  facet normal 0.513884 0.85786 0
    outer loop
      vertex 88.2223 61.3259 23
      vertex 88.0986 61.4 20.8333
      vertex 88.0986 61.4 21.6667
    endloop
  endfacet
  facet normal 0.513884 0.85786 0
    outer loop
      vertex 88.2223 61.3259 23
      vertex 88.0986 61.4 20.3333
      vertex 88.0986 61.4 20.8333
    endloop
  endfacet
  facet normal 0.5142 0.857671 0
    outer loop
      vertex 88.0986 61.4 20.3333
      vertex 88.0986 61.4 19.5
      vertex 87.8856 61.5277 20.3333
    endloop
  endfacet
  facet normal 0.513884 0.85786 0
    outer loop
      vertex 88.2223 61.3259 23
      vertex 88.0986 61.4 19.5
      vertex 88.0986 61.4 20.3333
    endloop
  endfacet
  facet normal 0.513884 0.85786 0
    outer loop
      vertex 88.2223 61.3259 23
      vertex 88.0986 61.4 19
      vertex 88.0986 61.4 19.5
    endloop
  endfacet
  facet normal 0.5142 0.857671 0
    outer loop
      vertex 88.0986 61.4 19
      vertex 88.0986 61.4 18.1667
      vertex 87.8856 61.5277 19
    endloop
  endfacet
  facet normal 0.513884 0.85786 0
    outer loop
      vertex 88.2223 61.3259 23
      vertex 88.0986 61.4 18.1667
      vertex 88.0986 61.4 19
    endloop
  endfacet
  facet normal 0.513884 0.85786 0
    outer loop
      vertex 88.2223 61.3259 23
      vertex 88.0986 61.4 17.6667
      vertex 88.0986 61.4 18.1667
    endloop
  endfacet
  facet normal 0.5142 0.857671 0
    outer loop
      vertex 88.0986 61.4 17.6667
      vertex 88.0986 61.4 16.8333
      vertex 87.8856 61.5277 17.6667
    endloop
  endfacet
  facet normal 0.513884 0.85786 0
    outer loop
      vertex 88.2223 61.3259 23
      vertex 88.0986 61.4 16.8333
      vertex 88.0986 61.4 17.6667
    endloop
  endfacet
  facet normal 0.513884 0.85786 0
    outer loop
      vertex 88.2223 61.3259 23
      vertex 88.0986 61.4 16.3333
      vertex 88.0986 61.4 16.8333
    endloop
  endfacet
  facet normal 0.5142 0.857671 0
    outer loop
      vertex 88.0986 61.4 16.3333
      vertex 88.0986 61.4 15.5
      vertex 87.8856 61.5277 16.3333
    endloop
  endfacet
  facet normal 0.513884 0.85786 0
    outer loop
      vertex 88.2223 61.3259 23
      vertex 88.0986 61.4 15.5
      vertex 88.0986 61.4 16.3333
    endloop
  endfacet
  facet normal 0.513884 0.85786 0
    outer loop
      vertex 88.2223 61.3259 23
      vertex 88.0986 61.4 15
      vertex 88.0986 61.4 15.5
    endloop
  endfacet
  facet normal 0.5142 0.857671 0
    outer loop
      vertex 88.0986 61.4 15
      vertex 88.0986 61.4 14.1667
      vertex 87.8856 61.5277 15
    endloop
  endfacet
  facet normal 0.513884 0.85786 0
    outer loop
      vertex 88.2223 61.3259 23
      vertex 88.0986 61.4 14.1667
      vertex 88.0986 61.4 15
    endloop
  endfacet
  facet normal 0.513884 0.85786 0
    outer loop
      vertex 88.2223 61.3259 23
      vertex 88.0986 61.4 13.6667
      vertex 88.0986 61.4 14.1667
    endloop
  endfacet
  facet normal 0.5142 0.857671 0
    outer loop
      vertex 88.0986 61.4 13.6667
      vertex 88.0986 61.4 12.8333
      vertex 87.8856 61.5277 13.6667
    endloop
  endfacet
  facet normal 0.513884 0.85786 0
    outer loop
      vertex 88.2223 61.3259 23
      vertex 88.0986 61.4 12.8333
      vertex 88.0986 61.4 13.6667
    endloop
  endfacet
  facet normal 0.513884 0.85786 0
    outer loop
      vertex 88.2223 61.3259 23
      vertex 88.0986 61.4 12.3333
      vertex 88.0986 61.4 12.8333
    endloop
  endfacet
  facet normal 0.5142 0.857671 0
    outer loop
      vertex 88.0986 61.4 12.3333
      vertex 88.0986 61.4 11.5
      vertex 87.8856 61.5277 12.3333
    endloop
  endfacet
  facet normal 0.513884 0.85786 0
    outer loop
      vertex 88.2223 61.3259 23
      vertex 88.0986 61.4 11.5
      vertex 88.0986 61.4 12.3333
    endloop
  endfacet
  facet normal 0.513884 0.85786 0
    outer loop
      vertex 88.2223 61.3259 23
      vertex 88.0986 61.4 11
      vertex 88.0986 61.4 11.5
    endloop
  endfacet
  facet normal 0.5142 0.857671 0
    outer loop
      vertex 88.0986 61.4 11
      vertex 88.0986 61.4 10.1667
      vertex 87.8856 61.5277 11
    endloop
  endfacet
  facet normal 0.513884 0.85786 0
    outer loop
      vertex 88.2223 61.3259 23
      vertex 88.0986 61.4 10.1667
      vertex 88.0986 61.4 11
    endloop
  endfacet
  facet normal 0.513884 0.85786 0
    outer loop
      vertex 88.2223 61.3259 23
      vertex 88.0986 61.4 9.66667
      vertex 88.0986 61.4 10.1667
    endloop
  endfacet
  facet normal 0.5142 0.857671 0
    outer loop
      vertex 88.0986 61.4 9.66667
      vertex 88.0986 61.4 8.83333
      vertex 87.8856 61.5277 9.66667
    endloop
  endfacet
  facet normal 0.513884 0.85786 0
    outer loop
      vertex 88.2223 61.3259 23
      vertex 88.0986 61.4 8.83333
      vertex 88.0986 61.4 9.66667
    endloop
  endfacet
  facet normal 0.513884 0.85786 0
    outer loop
      vertex 88.2223 61.3259 23
      vertex 88.0986 61.4 8.33333
      vertex 88.0986 61.4 8.83333
    endloop
  endfacet
  facet normal 0.5142 0.857671 0
    outer loop
      vertex 88.0986 61.4 8.33333
      vertex 88.0986 61.4 7.5
      vertex 87.8856 61.5277 8.33333
    endloop
  endfacet
  facet normal 0.513884 0.85786 0
    outer loop
      vertex 88.2223 61.3259 23
      vertex 88.0986 61.4 7.5
      vertex 88.0986 61.4 8.33333
    endloop
  endfacet
  facet normal 0.513884 0.85786 0
    outer loop
      vertex 88.2223 61.3259 23
      vertex 88.0986 61.4 7
      vertex 88.0986 61.4 7.5
    endloop
  endfacet
  facet normal 0.5142 0.857671 0
    outer loop
      vertex 88.0986 61.4 7
      vertex 88.0986 61.4 6.16667
      vertex 87.8856 61.5277 7
    endloop
  endfacet
  facet normal 0.513884 0.85786 -0
    outer loop
      vertex 88.2223 61.3259 0
      vertex 88.0986 61.4 7
      vertex 88.2223 61.3259 23
    endloop
  endfacet
  facet normal 0.513884 0.85786 0
    outer loop
      vertex 88.0986 61.4 7
      vertex 88.2223 61.3259 0
      vertex 88.0986 61.4 6.16667
    endloop
  endfacet
  facet normal 0.5142 0.857671 0
    outer loop
      vertex 88.0986 61.4 5.66667
      vertex 88.0986 61.4 4.83333
      vertex 87.8856 61.5277 5.66667
    endloop
  endfacet
  facet normal 0.513884 0.85786 0
    outer loop
      vertex 88.0986 61.4 6.16667
      vertex 88.2223 61.3259 0
      vertex 88.0986 61.4 5.66667
    endloop
  endfacet
  facet normal 0.513884 0.85786 0
    outer loop
      vertex 88.0986 61.4 5.66667
      vertex 88.2223 61.3259 0
      vertex 88.0986 61.4 4.83333
    endloop
  endfacet
  facet normal 0.513884 0.85786 0
    outer loop
      vertex 88.0986 61.4 4.83333
      vertex 88.2223 61.3259 0
      vertex 88.0986 61.4 4.33333
    endloop
  endfacet
  facet normal 0.514084 0.85774 7.75418e-06
    outer loop
      vertex 87.8856 61.5277 0
      vertex 88.0986 61.4 4.33333
      vertex 88.2223 61.3259 0
    endloop
  endfacet
  facet normal 0.5142 0.857671 0
    outer loop
      vertex 88.0986 61.4 4.33333
      vertex 87.8856 61.5277 0
      vertex 87.8856 61.5277 4.33333
    endloop
  endfacet
  facet normal 0.5142 0.857671 0
    outer loop
      vertex 87.8856 61.5277 23
      vertex 88.0986 61.4 22.1667
      vertex 87.8856 61.5277 22.1667
    endloop
  endfacet
  facet normal 0.5142 0.857671 0
    outer loop
      vertex 87.8856 61.5277 21.6667
      vertex 88.0986 61.4 20.8333
      vertex 87.8856 61.5277 20.8333
    endloop
  endfacet
  facet normal 0.5142 0.857671 0
    outer loop
      vertex 87.8856 61.5277 20.3333
      vertex 88.0986 61.4 19.5
      vertex 87.8856 61.5277 19.5
    endloop
  endfacet
  facet normal 0.5142 0.857671 0
    outer loop
      vertex 87.8856 61.5277 19
      vertex 88.0986 61.4 18.1667
      vertex 87.8856 61.5277 18.1667
    endloop
  endfacet
  facet normal 0.5142 0.857671 0
    outer loop
      vertex 87.8856 61.5277 17.6667
      vertex 88.0986 61.4 16.8333
      vertex 87.8856 61.5277 16.8333
    endloop
  endfacet
  facet normal 0.5142 0.857671 0
    outer loop
      vertex 87.8856 61.5277 16.3333
      vertex 88.0986 61.4 15.5
      vertex 87.8856 61.5277 15.5
    endloop
  endfacet
  facet normal 0.5142 0.857671 0
    outer loop
      vertex 87.8856 61.5277 15
      vertex 88.0986 61.4 14.1667
      vertex 87.8856 61.5277 14.1667
    endloop
  endfacet
  facet normal 0.5142 0.857671 0
    outer loop
      vertex 87.8856 61.5277 13.6667
      vertex 88.0986 61.4 12.8333
      vertex 87.8856 61.5277 12.8333
    endloop
  endfacet
  facet normal 0.5142 0.857671 0
    outer loop
      vertex 87.8856 61.5277 12.3333
      vertex 88.0986 61.4 11.5
      vertex 87.8856 61.5277 11.5
    endloop
  endfacet
  facet normal 0.5142 0.857671 0
    outer loop
      vertex 87.8856 61.5277 11
      vertex 88.0986 61.4 10.1667
      vertex 87.8856 61.5277 10.1667
    endloop
  endfacet
  facet normal 0.5142 0.857671 0
    outer loop
      vertex 87.8856 61.5277 9.66667
      vertex 88.0986 61.4 8.83333
      vertex 87.8856 61.5277 8.83333
    endloop
  endfacet
  facet normal 0.5142 0.857671 0
    outer loop
      vertex 87.8856 61.5277 8.33333
      vertex 88.0986 61.4 7.5
      vertex 87.8856 61.5277 7.5
    endloop
  endfacet
  facet normal 0.5142 0.857671 0
    outer loop
      vertex 87.8856 61.5277 7
      vertex 88.0986 61.4 6.16667
      vertex 87.8856 61.5277 6.16667
    endloop
  endfacet
  facet normal 0.5142 0.857671 0
    outer loop
      vertex 87.8856 61.5277 5.66667
      vertex 88.0986 61.4 4.83333
      vertex 87.8856 61.5277 4.83333
    endloop
  endfacet
  facet normal -0.740961 -0.671548 0
    outer loop
      vertex 1.17157 1.17157 0
      vertex 0.907958 1.46243 23
      vertex 0.907958 1.46243 0
    endloop
  endfacet
  facet normal -0.740961 -0.671548 0
    outer loop
      vertex 0.907958 1.46243 23
      vertex 1.17157 1.17157 0
      vertex 1.17157 1.17157 23
    endloop
  endfacet
  facet normal -0.803205 -0.595703 0
    outer loop
      vertex 0.907958 1.46243 0
      vertex 0.674121 1.77772 23
      vertex 0.674121 1.77772 0
    endloop
  endfacet
  facet normal -0.803205 -0.595703 0
    outer loop
      vertex 0.674121 1.77772 23
      vertex 0.907958 1.46243 0
      vertex 0.907958 1.46243 23
    endloop
  endfacet
  facet normal -0.427548 -0.903993 0
    outer loop
      vertex 2.11441 0.472315 0
      vertex 2.46927 0.304482 23
      vertex 2.11441 0.472315 23
    endloop
  endfacet
  facet normal -0.427548 -0.903993 -0
    outer loop
      vertex 2.46927 0.304482 23
      vertex 2.11441 0.472315 0
      vertex 2.46927 0.304482 0
    endloop
  endfacet
  facet normal -0.857727 -0.514106 0
    outer loop
      vertex 0.674121 1.77772 0
      vertex 0.472315 2.11441 23
      vertex 0.472315 2.11441 0
    endloop
  endfacet
  facet normal -0.857727 -0.514106 0
    outer loop
      vertex 0.472315 2.11441 23
      vertex 0.674121 1.77772 0
      vertex 0.674121 1.77772 23
    endloop
  endfacet
  facet normal 0.904025 -0.42748 0
    outer loop
      vertex 89.5277 2.11441 23
      vertex 89.6955 2.46927 22.1667
      vertex 89.6955 2.46927 23
    endloop
  endfacet
  facet normal 0.904025 -0.42748 0
    outer loop
      vertex 89.6955 2.46927 22.1667
      vertex 89.5277 2.11441 23
      vertex 89.5277 2.11441 22.1667
    endloop
  endfacet
  facet normal 0.904025 -0.42748 0
    outer loop
      vertex 89.5277 2.11441 4.33333
      vertex 89.6955 2.46927 0
      vertex 89.6955 2.46927 4.33333
    endloop
  endfacet
  facet normal 0.904025 -0.42748 0
    outer loop
      vertex 89.6955 2.46927 0
      vertex 89.5277 2.11441 4.33333
      vertex 89.5277 2.11441 0
    endloop
  endfacet
  facet normal 0.904025 -0.42748 0
    outer loop
      vertex 89.5277 2.11441 5.66667
      vertex 89.6955 2.46927 4.83333
      vertex 89.6955 2.46927 5.66667
    endloop
  endfacet
  facet normal 0.904025 -0.42748 0
    outer loop
      vertex 89.6955 2.46927 4.83333
      vertex 89.5277 2.11441 5.66667
      vertex 89.5277 2.11441 4.83333
    endloop
  endfacet
  facet normal 0.904025 -0.42748 0
    outer loop
      vertex 89.5277 2.11441 7
      vertex 89.6955 2.46927 6.16667
      vertex 89.6955 2.46927 7
    endloop
  endfacet
  facet normal 0.904025 -0.42748 0
    outer loop
      vertex 89.6955 2.46927 6.16667
      vertex 89.5277 2.11441 7
      vertex 89.5277 2.11441 6.16667
    endloop
  endfacet
  facet normal 0.904025 -0.42748 0
    outer loop
      vertex 89.5277 2.11441 8.33333
      vertex 89.6955 2.46927 7.5
      vertex 89.6955 2.46927 8.33333
    endloop
  endfacet
  facet normal 0.904025 -0.42748 0
    outer loop
      vertex 89.6955 2.46927 7.5
      vertex 89.5277 2.11441 8.33333
      vertex 89.5277 2.11441 7.5
    endloop
  endfacet
  facet normal 0.904025 -0.42748 0
    outer loop
      vertex 89.5277 2.11441 9.66667
      vertex 89.6955 2.46927 8.83333
      vertex 89.6955 2.46927 9.66667
    endloop
  endfacet
  facet normal 0.904025 -0.42748 0
    outer loop
      vertex 89.6955 2.46927 8.83333
      vertex 89.5277 2.11441 9.66667
      vertex 89.5277 2.11441 8.83333
    endloop
  endfacet
  facet normal 0.904025 -0.42748 0
    outer loop
      vertex 89.5277 2.11441 11
      vertex 89.6955 2.46927 10.1667
      vertex 89.6955 2.46927 11
    endloop
  endfacet
  facet normal 0.904025 -0.42748 0
    outer loop
      vertex 89.6955 2.46927 10.1667
      vertex 89.5277 2.11441 11
      vertex 89.5277 2.11441 10.1667
    endloop
  endfacet
  facet normal 0.904025 -0.42748 0
    outer loop
      vertex 89.5277 2.11441 12.3333
      vertex 89.6955 2.46927 11.5
      vertex 89.6955 2.46927 12.3333
    endloop
  endfacet
  facet normal 0.904025 -0.42748 0
    outer loop
      vertex 89.6955 2.46927 11.5
      vertex 89.5277 2.11441 12.3333
      vertex 89.5277 2.11441 11.5
    endloop
  endfacet
  facet normal 0.904025 -0.42748 0
    outer loop
      vertex 89.5277 2.11441 13.6667
      vertex 89.6955 2.46927 12.8333
      vertex 89.6955 2.46927 13.6667
    endloop
  endfacet
  facet normal 0.904025 -0.42748 0
    outer loop
      vertex 89.6955 2.46927 12.8333
      vertex 89.5277 2.11441 13.6667
      vertex 89.5277 2.11441 12.8333
    endloop
  endfacet
  facet normal 0.904025 -0.42748 0
    outer loop
      vertex 89.5277 2.11441 15
      vertex 89.6955 2.46927 14.1667
      vertex 89.6955 2.46927 15
    endloop
  endfacet
  facet normal 0.904025 -0.42748 0
    outer loop
      vertex 89.6955 2.46927 14.1667
      vertex 89.5277 2.11441 15
      vertex 89.5277 2.11441 14.1667
    endloop
  endfacet
  facet normal 0.904025 -0.42748 0
    outer loop
      vertex 89.5277 2.11441 16.3333
      vertex 89.6955 2.46927 15.5
      vertex 89.6955 2.46927 16.3333
    endloop
  endfacet
  facet normal 0.904025 -0.42748 0
    outer loop
      vertex 89.6955 2.46927 15.5
      vertex 89.5277 2.11441 16.3333
      vertex 89.5277 2.11441 15.5
    endloop
  endfacet
  facet normal 0.904025 -0.42748 0
    outer loop
      vertex 89.5277 2.11441 17.6667
      vertex 89.6955 2.46927 16.8333
      vertex 89.6955 2.46927 17.6667
    endloop
  endfacet
  facet normal 0.904025 -0.42748 0
    outer loop
      vertex 89.6955 2.46927 16.8333
      vertex 89.5277 2.11441 17.6667
      vertex 89.5277 2.11441 16.8333
    endloop
  endfacet
  facet normal 0.904025 -0.42748 0
    outer loop
      vertex 89.5277 2.11441 19
      vertex 89.6955 2.46927 18.1667
      vertex 89.6955 2.46927 19
    endloop
  endfacet
  facet normal 0.904025 -0.42748 0
    outer loop
      vertex 89.6955 2.46927 18.1667
      vertex 89.5277 2.11441 19
      vertex 89.5277 2.11441 18.1667
    endloop
  endfacet
  facet normal 0.904025 -0.42748 0
    outer loop
      vertex 89.5277 2.11441 20.3333
      vertex 89.6955 2.46927 19.5
      vertex 89.6955 2.46927 20.3333
    endloop
  endfacet
  facet normal 0.904025 -0.42748 0
    outer loop
      vertex 89.6955 2.46927 19.5
      vertex 89.5277 2.11441 20.3333
      vertex 89.5277 2.11441 19.5
    endloop
  endfacet
  facet normal 0.904025 -0.42748 0
    outer loop
      vertex 89.5277 2.11441 21.6667
      vertex 89.6955 2.46927 20.8333
      vertex 89.6955 2.46927 21.6667
    endloop
  endfacet
  facet normal 0.904025 -0.42748 0
    outer loop
      vertex 89.6955 2.46927 20.8333
      vertex 89.5277 2.11441 21.6667
      vertex 89.5277 2.11441 20.8333
    endloop
  endfacet
  facet normal 0.989176 -0.146737 0
    outer loop
      vertex 89.9231 3.21964 4.33333
      vertex 89.9807 3.60793 0
      vertex 89.9807 3.60793 4.33333
    endloop
  endfacet
  facet normal 0.989176 -0.146737 0
    outer loop
      vertex 89.9807 3.60793 0
      vertex 89.9231 3.21964 4.33333
      vertex 89.9231 3.21964 0
    endloop
  endfacet
  facet normal 0.989176 -0.146737 0
    outer loop
      vertex 89.9231 3.21964 23
      vertex 89.9807 3.60793 22.1667
      vertex 89.9807 3.60793 23
    endloop
  endfacet
  facet normal 0.989176 -0.146737 0
    outer loop
      vertex 89.9807 3.60793 22.1667
      vertex 89.9231 3.21964 23
      vertex 89.9231 3.21964 22.1667
    endloop
  endfacet
  facet normal 0.989176 -0.146737 0
    outer loop
      vertex 89.9231 3.21964 5.66667
      vertex 89.9807 3.60793 4.83333
      vertex 89.9807 3.60793 5.66667
    endloop
  endfacet
  facet normal 0.989176 -0.146737 0
    outer loop
      vertex 89.9807 3.60793 4.83333
      vertex 89.9231 3.21964 5.66667
      vertex 89.9231 3.21964 4.83333
    endloop
  endfacet
  facet normal 0.989176 -0.146737 0
    outer loop
      vertex 89.9231 3.21964 7
      vertex 89.9807 3.60793 6.16667
      vertex 89.9807 3.60793 7
    endloop
  endfacet
  facet normal 0.989176 -0.146737 0
    outer loop
      vertex 89.9807 3.60793 6.16667
      vertex 89.9231 3.21964 7
      vertex 89.9231 3.21964 6.16667
    endloop
  endfacet
  facet normal 0.989176 -0.146737 0
    outer loop
      vertex 89.9231 3.21964 8.33333
      vertex 89.9807 3.60793 7.5
      vertex 89.9807 3.60793 8.33333
    endloop
  endfacet
  facet normal 0.989176 -0.146737 0
    outer loop
      vertex 89.9807 3.60793 7.5
      vertex 89.9231 3.21964 8.33333
      vertex 89.9231 3.21964 7.5
    endloop
  endfacet
  facet normal 0.989176 -0.146737 0
    outer loop
      vertex 89.9231 3.21964 9.66667
      vertex 89.9807 3.60793 8.83333
      vertex 89.9807 3.60793 9.66667
    endloop
  endfacet
  facet normal 0.989176 -0.146737 0
    outer loop
      vertex 89.9807 3.60793 8.83333
      vertex 89.9231 3.21964 9.66667
      vertex 89.9231 3.21964 8.83333
    endloop
  endfacet
  facet normal 0.989176 -0.146737 0
    outer loop
      vertex 89.9231 3.21964 11
      vertex 89.9807 3.60793 10.1667
      vertex 89.9807 3.60793 11
    endloop
  endfacet
  facet normal 0.989176 -0.146737 0
    outer loop
      vertex 89.9807 3.60793 10.1667
      vertex 89.9231 3.21964 11
      vertex 89.9231 3.21964 10.1667
    endloop
  endfacet
  facet normal 0.989176 -0.146737 0
    outer loop
      vertex 89.9231 3.21964 12.3333
      vertex 89.9807 3.60793 11.5
      vertex 89.9807 3.60793 12.3333
    endloop
  endfacet
  facet normal 0.989176 -0.146737 0
    outer loop
      vertex 89.9807 3.60793 11.5
      vertex 89.9231 3.21964 12.3333
      vertex 89.9231 3.21964 11.5
    endloop
  endfacet
  facet normal 0.989176 -0.146737 0
    outer loop
      vertex 89.9231 3.21964 13.6667
      vertex 89.9807 3.60793 12.8333
      vertex 89.9807 3.60793 13.6667
    endloop
  endfacet
  facet normal 0.989176 -0.146737 0
    outer loop
      vertex 89.9807 3.60793 12.8333
      vertex 89.9231 3.21964 13.6667
      vertex 89.9231 3.21964 12.8333
    endloop
  endfacet
  facet normal 0.989176 -0.146737 0
    outer loop
      vertex 89.9231 3.21964 15
      vertex 89.9807 3.60793 14.1667
      vertex 89.9807 3.60793 15
    endloop
  endfacet
  facet normal 0.989176 -0.146737 0
    outer loop
      vertex 89.9807 3.60793 14.1667
      vertex 89.9231 3.21964 15
      vertex 89.9231 3.21964 14.1667
    endloop
  endfacet
  facet normal 0.989176 -0.146737 0
    outer loop
      vertex 89.9231 3.21964 16.3333
      vertex 89.9807 3.60793 15.5
      vertex 89.9807 3.60793 16.3333
    endloop
  endfacet
  facet normal 0.989176 -0.146737 0
    outer loop
      vertex 89.9807 3.60793 15.5
      vertex 89.9231 3.21964 16.3333
      vertex 89.9231 3.21964 15.5
    endloop
  endfacet
  facet normal 0.989176 -0.146737 0
    outer loop
      vertex 89.9231 3.21964 17.6667
      vertex 89.9807 3.60793 16.8333
      vertex 89.9807 3.60793 17.6667
    endloop
  endfacet
  facet normal 0.989176 -0.146737 0
    outer loop
      vertex 89.9807 3.60793 16.8333
      vertex 89.9231 3.21964 17.6667
      vertex 89.9231 3.21964 16.8333
    endloop
  endfacet
  facet normal 0.989176 -0.146737 0
    outer loop
      vertex 89.9231 3.21964 19
      vertex 89.9807 3.60793 18.1667
      vertex 89.9807 3.60793 19
    endloop
  endfacet
  facet normal 0.989176 -0.146737 0
    outer loop
      vertex 89.9807 3.60793 18.1667
      vertex 89.9231 3.21964 19
      vertex 89.9231 3.21964 18.1667
    endloop
  endfacet
  facet normal 0.989176 -0.146737 0
    outer loop
      vertex 89.9231 3.21964 20.3333
      vertex 89.9807 3.60793 19.5
      vertex 89.9807 3.60793 20.3333
    endloop
  endfacet
  facet normal 0.989176 -0.146737 0
    outer loop
      vertex 89.9807 3.60793 19.5
      vertex 89.9231 3.21964 20.3333
      vertex 89.9231 3.21964 19.5
    endloop
  endfacet
  facet normal 0.989176 -0.146737 0
    outer loop
      vertex 89.9231 3.21964 21.6667
      vertex 89.9807 3.60793 20.8333
      vertex 89.9807 3.60793 21.6667
    endloop
  endfacet
  facet normal 0.989176 -0.146737 0
    outer loop
      vertex 89.9807 3.60793 20.8333
      vertex 89.9231 3.21964 21.6667
      vertex 89.9231 3.21964 20.8333
    endloop
  endfacet
  facet normal -0.336896 -0.941542 0
    outer loop
      vertex 2.46927 0.304482 0
      vertex 2.83886 0.172238 23
      vertex 2.46927 0.304482 23
    endloop
  endfacet
  facet normal -0.336896 -0.941542 -0
    outer loop
      vertex 2.83886 0.172238 23
      vertex 2.46927 0.304482 0
      vertex 2.83886 0.172238 0
    endloop
  endfacet
  facet normal 0.989176 0.146733 0
    outer loop
      vertex 6.03843 4.80982 23
      vertex 6.00963 5.00397 3
      vertex 6.00963 5.00397 23
    endloop
  endfacet
  facet normal 0.989176 0.146733 0
    outer loop
      vertex 6.00963 5.00397 3
      vertex 6.03843 4.80982 23
      vertex 6.03843 4.80982 3
    endloop
  endfacet
  facet normal 0.998796 0.049066 0
    outer loop
      vertex 6.00963 5.00397 23
      vertex 6 5.2 3
      vertex 6 5.2 23
    endloop
  endfacet
  facet normal 0.998796 0.049066 0
    outer loop
      vertex 6 5.2 3
      vertex 6.00963 5.00397 23
      vertex 6.00963 5.00397 3
    endloop
  endfacet
  facet normal -0.970023 -0.243015 0
    outer loop
      vertex 86.7616 57.1902 3
      vertex 86.7139 57.3806 23
      vertex 86.7139 57.3806 3
    endloop
  endfacet
  facet normal -0.970023 -0.243015 0
    outer loop
      vertex 86.7139 57.3806 23
      vertex 86.7616 57.1902 3
      vertex 86.7616 57.1902 23
    endloop
  endfacet
  facet normal 0.146733 -0.989176 0
    outer loop
      vertex 7.60982 58.7616 3
      vertex 7.80397 58.7904 23
      vertex 7.60982 58.7616 23
    endloop
  endfacet
  facet normal 0.146733 -0.989176 0
    outer loop
      vertex 7.80397 58.7904 23
      vertex 7.60982 58.7616 3
      vertex 7.80397 58.7904 3
    endloop
  endfacet
  facet normal 0.85774 0.514084 0
    outer loop
      vertex 6.33706 4.08886 23
      vertex 6.23616 4.25721 3
      vertex 6.23616 4.25721 23
    endloop
  endfacet
  facet normal 0.85774 0.514084 0
    outer loop
      vertex 6.23616 4.25721 3
      vertex 6.33706 4.08886 23
      vertex 6.33706 4.08886 3
    endloop
  endfacet
  facet normal -1 0 0
    outer loop
      vertex 86.8 5.2 3
      vertex 86.8 56.8 23
      vertex 86.8 56.8 3
    endloop
  endfacet
  facet normal -1 -0 0
    outer loop
      vertex 86.8 56.8 23
      vertex 86.8 5.2 3
      vertex 86.8 5.2 23
    endloop
  endfacet
  facet normal 0 -1 0
    outer loop
      vertex 8 58.8 3
      vertex 84.8 58.8 23
      vertex 8 58.8 23
    endloop
  endfacet
  facet normal 0 -1 -0
    outer loop
      vertex 84.8 58.8 23
      vertex 8 58.8 3
      vertex 84.8 58.8 3
    endloop
  endfacet
  facet normal 0.803301 -0.595573 0
    outer loop
      vertex 6.33706 57.9111 23
      vertex 6.45398 58.0688 3
      vertex 6.45398 58.0688 23
    endloop
  endfacet
  facet normal 0.803301 -0.595573 0
    outer loop
      vertex 6.45398 58.0688 3
      vertex 6.33706 57.9111 23
      vertex 6.33706 57.9111 3
    endloop
  endfacet
  facet normal 0.970035 -0.242967 0
    outer loop
      vertex 6.03843 57.1902 23
      vertex 6.08612 57.3806 3
      vertex 6.08612 57.3806 23
    endloop
  endfacet
  facet normal 0.970035 -0.242967 0
    outer loop
      vertex 6.08612 57.3806 3
      vertex 6.03843 57.1902 23
      vertex 6.03843 57.1902 3
    endloop
  endfacet
  facet normal 1 -0 0
    outer loop
      vertex 6 5.2 23
      vertex 6 56.8 3
      vertex 6 56.8 23
    endloop
  endfacet
  facet normal 1 0 0
    outer loop
      vertex 6 56.8 3
      vertex 6 5.2 23
      vertex 6 5.2 3
    endloop
  endfacet
  facet normal 0 1 -0
    outer loop
      vertex 84.8 3.2 3
      vertex 8 3.2 23
      vertex 84.8 3.2 23
    endloop
  endfacet
  facet normal 0 1 0
    outer loop
      vertex 8 3.2 23
      vertex 84.8 3.2 3
      vertex 8 3.2 3
    endloop
  endfacet
  facet normal 0.243027 -0.970019 0
    outer loop
      vertex 7.41943 58.7139 3
      vertex 7.60982 58.7616 23
      vertex 7.41943 58.7139 23
    endloop
  endfacet
  facet normal 0.243027 -0.970019 0
    outer loop
      vertex 7.60982 58.7616 23
      vertex 7.41943 58.7139 3
      vertex 7.60982 58.7616 3
    endloop
  endfacet
  facet normal 0.903958 -0.427622 0
    outer loop
      vertex 6.15224 57.5654 23
      vertex 6.23616 57.7428 3
      vertex 6.23616 57.7428 23
    endloop
  endfacet
  facet normal 0.903958 -0.427622 0
    outer loop
      vertex 6.23616 57.7428 3
      vertex 6.15224 57.5654 23
      vertex 6.15224 57.5654 3
    endloop
  endfacet
  facet normal -0.989182 -0.146696 0
    outer loop
      vertex 86.7904 56.996 3
      vertex 86.7616 57.1902 23
      vertex 86.7616 57.1902 3
    endloop
  endfacet
  facet normal -0.989182 -0.146696 0
    outer loop
      vertex 86.7616 57.1902 23
      vertex 86.7904 56.996 3
      vertex 86.7904 56.996 23
    endloop
  endfacet
  facet normal -0.857673 -0.514196 0
    outer loop
      vertex 86.5638 57.7428 3
      vertex 86.4629 57.9111 23
      vertex 86.4629 57.9111 3
    endloop
  endfacet
  facet normal -0.857673 -0.514196 0
    outer loop
      vertex 86.4629 57.9111 23
      vertex 86.5638 57.7428 3
      vertex 86.5638 57.7428 23
    endloop
  endfacet
  facet normal -0.94158 -0.336788 0
    outer loop
      vertex 86.7139 57.3806 3
      vertex 86.6478 57.5654 23
      vertex 86.6478 57.5654 3
    endloop
  endfacet
  facet normal -0.94158 -0.336788 0
    outer loop
      vertex 86.6478 57.5654 23
      vertex 86.7139 57.3806 3
      vertex 86.7139 57.3806 23
    endloop
  endfacet
  facet normal 0.427916 -0.903819 0
    outer loop
      vertex 7.05721 58.5638 3
      vertex 7.23463 58.6478 23
      vertex 7.05721 58.5638 23
    endloop
  endfacet
  facet normal 0.427916 -0.903819 0
    outer loop
      vertex 7.23463 58.6478 23
      vertex 7.05721 58.5638 3
      vertex 7.23463 58.6478 3
    endloop
  endfacet
  facet normal -0.671607 -0.740908 0
    outer loop
      vertex 86.0688 58.346 3
      vertex 86.2142 58.2142 23
      vertex 86.0688 58.346 23
    endloop
  endfacet
  facet normal -0.671607 -0.740908 -0
    outer loop
      vertex 86.2142 58.2142 23
      vertex 86.0688 58.346 3
      vertex 86.2142 58.2142 3
    endloop
  endfacet
  facet normal -0.80335 -0.595508 0
    outer loop
      vertex 86.4629 57.9111 3
      vertex 86.346 58.0688 23
      vertex 86.346 58.0688 3
    endloop
  endfacet
  facet normal -0.80335 -0.595508 0
    outer loop
      vertex 86.346 58.0688 23
      vertex 86.4629 57.9111 3
      vertex 86.4629 57.9111 23
    endloop
  endfacet
  facet normal 0.59563 -0.803259 0
    outer loop
      vertex 6.73121 58.346 3
      vertex 6.88886 58.4629 23
      vertex 6.73121 58.346 23
    endloop
  endfacet
  facet normal 0.59563 -0.803259 0
    outer loop
      vertex 6.88886 58.4629 23
      vertex 6.73121 58.346 3
      vertex 6.88886 58.4629 3
    endloop
  endfacet
  facet normal -0.242967 0.970035 0
    outer loop
      vertex 85.3806 3.28612 3
      vertex 85.1902 3.23843 23
      vertex 85.3806 3.28612 23
    endloop
  endfacet
  facet normal -0.242967 0.970035 0
    outer loop
      vertex 85.1902 3.23843 23
      vertex 85.3806 3.28612 3
      vertex 85.1902 3.23843 3
    endloop
  endfacet
  facet normal -0.998803 -0.0489209 0
    outer loop
      vertex 86.8 56.8 3
      vertex 86.7904 56.996 23
      vertex 86.7904 56.996 3
    endloop
  endfacet
  facet normal -0.998803 -0.0489209 0
    outer loop
      vertex 86.7904 56.996 23
      vertex 86.8 56.8 3
      vertex 86.8 56.8 23
    endloop
  endfacet
  facet normal 0.998795 -0.0490735 0
    outer loop
      vertex 6 56.8 23
      vertex 6.00963 56.996 3
      vertex 6.00963 56.996 23
    endloop
  endfacet
  facet normal 0.998795 -0.0490735 0
    outer loop
      vertex 6.00963 56.996 3
      vertex 6 56.8 23
      vertex 6 56.8 3
    endloop
  endfacet
  facet normal -0.998803 0.0489135 0
    outer loop
      vertex 86.7904 5.00397 3
      vertex 86.8 5.2 23
      vertex 86.8 5.2 3
    endloop
  endfacet
  facet normal -0.998803 0.0489135 0
    outer loop
      vertex 86.8 5.2 23
      vertex 86.7904 5.00397 3
      vertex 86.7904 5.00397 23
    endloop
  endfacet
  facet normal 0.671556 -0.740954 0
    outer loop
      vertex 6.58579 58.2142 3
      vertex 6.73121 58.346 23
      vertex 6.58579 58.2142 23
    endloop
  endfacet
  facet normal 0.671556 -0.740954 0
    outer loop
      vertex 6.73121 58.346 23
      vertex 6.58579 58.2142 3
      vertex 6.73121 58.346 3
    endloop
  endfacet
  facet normal -0.740954 0.671556 0
    outer loop
      vertex 86.2142 3.78579 3
      vertex 86.346 3.93121 23
      vertex 86.346 3.93121 3
    endloop
  endfacet
  facet normal -0.740954 0.671556 0
    outer loop
      vertex 86.346 3.93121 23
      vertex 86.2142 3.78579 3
      vertex 86.2142 3.78579 23
    endloop
  endfacet
  facet normal 0.941548 -0.336879 0
    outer loop
      vertex 6.08612 57.3806 23
      vertex 6.15224 57.5654 3
      vertex 6.15224 57.5654 23
    endloop
  endfacet
  facet normal 0.941548 -0.336879 0
    outer loop
      vertex 6.15224 57.5654 3
      vertex 6.08612 57.3806 23
      vertex 6.08612 57.3806 3
    endloop
  endfacet
  facet normal 0.740928 0.671584 0
    outer loop
      vertex 6.58579 3.78579 23
      vertex 6.45398 3.93121 3
      vertex 6.45398 3.93121 23
    endloop
  endfacet
  facet normal 0.740928 0.671584 0
    outer loop
      vertex 6.45398 3.93121 3
      vertex 6.58579 3.78579 23
      vertex 6.58579 3.78579 3
    endloop
  endfacet
  facet normal 0.970032 0.242979 0
    outer loop
      vertex 6.08612 4.61943 23
      vertex 6.03843 4.80982 3
      vertex 6.03843 4.80982 23
    endloop
  endfacet
  facet normal 0.970032 0.242979 0
    outer loop
      vertex 6.03843 4.80982 3
      vertex 6.08612 4.61943 23
      vertex 6.08612 4.61943 3
    endloop
  endfacet
  facet normal 0.514084 0.85774 -0
    outer loop
      vertex 7.05721 3.43616 3
      vertex 6.88886 3.53706 23
      vertex 7.05721 3.43616 23
    endloop
  endfacet
  facet normal 0.514084 0.85774 0
    outer loop
      vertex 6.88886 3.53706 23
      vertex 7.05721 3.43616 3
      vertex 6.88886 3.53706 3
    endloop
  endfacet
  facet normal -0.336879 0.941548 0
    outer loop
      vertex 85.5654 3.35224 3
      vertex 85.3806 3.28612 23
      vertex 85.5654 3.35224 23
    endloop
  endfacet
  facet normal -0.336879 0.941548 0
    outer loop
      vertex 85.3806 3.28612 23
      vertex 85.5654 3.35224 3
      vertex 85.3806 3.28612 3
    endloop
  endfacet
  facet normal 0.740882 -0.671635 0
    outer loop
      vertex 6.45398 58.0688 23
      vertex 6.58579 58.2142 3
      vertex 6.58579 58.2142 23
    endloop
  endfacet
  facet normal 0.740882 -0.671635 0
    outer loop
      vertex 6.58579 58.2142 3
      vertex 6.45398 58.0688 23
      vertex 6.45398 58.0688 3
    endloop
  endfacet
  facet normal 0.427583 0.903976 -0
    outer loop
      vertex 7.23463 3.35224 3
      vertex 7.05721 3.43616 23
      vertex 7.23463 3.35224 23
    endloop
  endfacet
  facet normal 0.427583 0.903976 0
    outer loop
      vertex 7.05721 3.43616 23
      vertex 7.23463 3.35224 3
      vertex 7.05721 3.43616 3
    endloop
  endfacet
  facet normal 0.857673 -0.514196 0
    outer loop
      vertex 6.23616 57.7428 23
      vertex 6.33706 57.9111 3
      vertex 6.33706 57.9111 23
    endloop
  endfacet
  facet normal 0.857673 -0.514196 0
    outer loop
      vertex 6.33706 57.9111 3
      vertex 6.23616 57.7428 23
      vertex 6.23616 57.7428 3
    endloop
  endfacet
  facet normal -0.740908 -0.671607 0
    outer loop
      vertex 86.346 58.0688 3
      vertex 86.2142 58.2142 23
      vertex 86.2142 58.2142 3
    endloop
  endfacet
  facet normal -0.740908 -0.671607 0
    outer loop
      vertex 86.2142 58.2142 23
      vertex 86.346 58.0688 3
      vertex 86.346 58.0688 23
    endloop
  endfacet
  facet normal -0.0490735 0.998795 0
    outer loop
      vertex 84.996 3.20963 3
      vertex 84.8 3.2 23
      vertex 84.996 3.20963 23
    endloop
  endfacet
  facet normal -0.0490735 0.998795 0
    outer loop
      vertex 84.8 3.2 23
      vertex 84.996 3.20963 3
      vertex 84.8 3.2 3
    endloop
  endfacet
  facet normal 0.514084 -0.85774 0
    outer loop
      vertex 6.88886 58.4629 3
      vertex 7.05721 58.5638 23
      vertex 6.88886 58.4629 23
    endloop
  endfacet
  facet normal 0.514084 -0.85774 0
    outer loop
      vertex 7.05721 58.5638 23
      vertex 6.88886 58.4629 3
      vertex 7.05721 58.5638 3
    endloop
  endfacet
  facet normal 0.989182 -0.146696 0
    outer loop
      vertex 6.00963 56.996 23
      vertex 6.03843 57.1902 3
      vertex 6.03843 57.1902 23
    endloop
  endfacet
  facet normal 0.989182 -0.146696 0
    outer loop
      vertex 6.03843 57.1902 3
      vertex 6.00963 56.996 23
      vertex 6.00963 56.996 3
    endloop
  endfacet
  facet normal -0.514196 -0.857673 0
    outer loop
      vertex 85.7428 58.5638 3
      vertex 85.9111 58.4629 23
      vertex 85.7428 58.5638 23
    endloop
  endfacet
  facet normal -0.514196 -0.857673 -0
    outer loop
      vertex 85.9111 58.4629 23
      vertex 85.7428 58.5638 3
      vertex 85.9111 58.4629 3
    endloop
  endfacet
  facet normal 0.941548 0.336879 0
    outer loop
      vertex 6.15224 4.43463 23
      vertex 6.08612 4.61943 3
      vertex 6.08612 4.61943 23
    endloop
  endfacet
  facet normal 0.941548 0.336879 0
    outer loop
      vertex 6.08612 4.61943 3
      vertex 6.15224 4.43463 23
      vertex 6.15224 4.43463 3
    endloop
  endfacet
  facet normal -0.671635 0.740882 0
    outer loop
      vertex 86.2142 3.78579 3
      vertex 86.0688 3.65398 23
      vertex 86.2142 3.78579 23
    endloop
  endfacet
  facet normal -0.671635 0.740882 0
    outer loop
      vertex 86.0688 3.65398 23
      vertex 86.2142 3.78579 3
      vertex 86.0688 3.65398 3
    endloop
  endfacet
  facet normal -0.9038 -0.427955 0
    outer loop
      vertex 86.6478 57.5654 3
      vertex 86.5638 57.7428 23
      vertex 86.5638 57.7428 3
    endloop
  endfacet
  facet normal -0.9038 -0.427955 0
    outer loop
      vertex 86.5638 57.7428 23
      vertex 86.6478 57.5654 3
      vertex 86.6478 57.5654 23
    endloop
  endfacet
  facet normal 0.0489135 -0.998803 0
    outer loop
      vertex 7.80397 58.7904 3
      vertex 8 58.8 23
      vertex 7.80397 58.7904 23
    endloop
  endfacet
  facet normal 0.0489135 -0.998803 0
    outer loop
      vertex 8 58.8 23
      vertex 7.80397 58.7904 3
      vertex 8 58.8 3
    endloop
  endfacet
  facet normal 0.336788 -0.94158 0
    outer loop
      vertex 7.23463 58.6478 3
      vertex 7.41943 58.7139 23
      vertex 7.23463 58.6478 23
    endloop
  endfacet
  facet normal 0.336788 -0.94158 0
    outer loop
      vertex 7.41943 58.7139 23
      vertex 7.23463 58.6478 3
      vertex 7.41943 58.7139 3
    endloop
  endfacet
  facet normal -0.595573 0.803301 0
    outer loop
      vertex 86.0688 3.65398 3
      vertex 85.9111 3.53706 23
      vertex 86.0688 3.65398 23
    endloop
  endfacet
  facet normal -0.595573 0.803301 0
    outer loop
      vertex 85.9111 3.53706 23
      vertex 86.0688 3.65398 3
      vertex 85.9111 3.53706 3
    endloop
  endfacet
  facet normal -0.243015 -0.970023 0
    outer loop
      vertex 85.1902 58.7616 3
      vertex 85.3806 58.7139 23
      vertex 85.1902 58.7616 23
    endloop
  endfacet
  facet normal -0.243015 -0.970023 -0
    outer loop
      vertex 85.3806 58.7139 23
      vertex 85.1902 58.7616 3
      vertex 85.3806 58.7139 3
    endloop
  endfacet
  facet normal -0.595508 -0.80335 0
    outer loop
      vertex 85.9111 58.4629 3
      vertex 86.0688 58.346 23
      vertex 85.9111 58.4629 23
    endloop
  endfacet
  facet normal -0.595508 -0.80335 -0
    outer loop
      vertex 86.0688 58.346 23
      vertex 85.9111 58.4629 3
      vertex 86.0688 58.346 3
    endloop
  endfacet
  facet normal -0.427955 -0.9038 0
    outer loop
      vertex 85.5654 58.6478 3
      vertex 85.7428 58.5638 23
      vertex 85.5654 58.6478 23
    endloop
  endfacet
  facet normal -0.427955 -0.9038 -0
    outer loop
      vertex 85.7428 58.5638 23
      vertex 85.5654 58.6478 3
      vertex 85.7428 58.5638 3
    endloop
  endfacet
  facet normal 0.049066 0.998796 -0
    outer loop
      vertex 8 3.2 3
      vertex 7.80397 3.20963 23
      vertex 8 3.2 23
    endloop
  endfacet
  facet normal 0.049066 0.998796 0
    outer loop
      vertex 7.80397 3.20963 23
      vertex 8 3.2 3
      vertex 7.80397 3.20963 3
    endloop
  endfacet
  facet normal -0.94158 0.336788 0
    outer loop
      vertex 86.6478 4.43463 3
      vertex 86.7139 4.61943 23
      vertex 86.7139 4.61943 3
    endloop
  endfacet
  facet normal -0.94158 0.336788 0
    outer loop
      vertex 86.7139 4.61943 23
      vertex 86.6478 4.43463 3
      vertex 86.6478 4.43463 23
    endloop
  endfacet
  facet normal -0.989176 0.146733 0
    outer loop
      vertex 86.7616 4.80982 3
      vertex 86.7904 5.00397 23
      vertex 86.7904 5.00397 3
    endloop
  endfacet
  facet normal -0.989176 0.146733 0
    outer loop
      vertex 86.7904 5.00397 23
      vertex 86.7616 4.80982 3
      vertex 86.7616 4.80982 23
    endloop
  endfacet
  facet normal -0.146696 0.989182 0
    outer loop
      vertex 85.1902 3.23843 3
      vertex 84.996 3.20963 23
      vertex 85.1902 3.23843 23
    endloop
  endfacet
  facet normal -0.146696 0.989182 0
    outer loop
      vertex 84.996 3.20963 23
      vertex 85.1902 3.23843 3
      vertex 84.996 3.20963 3
    endloop
  endfacet
  facet normal -0.85774 0.514084 0
    outer loop
      vertex 86.4629 4.08886 3
      vertex 86.5638 4.25721 23
      vertex 86.5638 4.25721 3
    endloop
  endfacet
  facet normal -0.85774 0.514084 0
    outer loop
      vertex 86.5638 4.25721 23
      vertex 86.4629 4.08886 3
      vertex 86.4629 4.08886 23
    endloop
  endfacet
  facet normal -0.803259 0.59563 0
    outer loop
      vertex 86.346 3.93121 3
      vertex 86.4629 4.08886 23
      vertex 86.4629 4.08886 3
    endloop
  endfacet
  facet normal -0.803259 0.59563 0
    outer loop
      vertex 86.4629 4.08886 23
      vertex 86.346 3.93121 3
      vertex 86.346 3.93121 23
    endloop
  endfacet
  facet normal 0.595695 0.80321 -0
    outer loop
      vertex 6.88886 3.53706 3
      vertex 6.73121 3.65398 23
      vertex 6.88886 3.53706 23
    endloop
  endfacet
  facet normal 0.595695 0.80321 0
    outer loop
      vertex 6.73121 3.65398 23
      vertex 6.88886 3.53706 3
      vertex 6.73121 3.65398 3
    endloop
  endfacet
  facet normal -0.427622 0.903958 0
    outer loop
      vertex 85.7428 3.43616 3
      vertex 85.5654 3.35224 23
      vertex 85.7428 3.43616 23
    endloop
  endfacet
  facet normal -0.427622 0.903958 0
    outer loop
      vertex 85.5654 3.35224 23
      vertex 85.7428 3.43616 3
      vertex 85.5654 3.35224 3
    endloop
  endfacet
  facet normal -0.514196 0.857673 0
    outer loop
      vertex 85.9111 3.53706 3
      vertex 85.7428 3.43616 23
      vertex 85.9111 3.53706 23
    endloop
  endfacet
  facet normal -0.514196 0.857673 0
    outer loop
      vertex 85.7428 3.43616 23
      vertex 85.9111 3.53706 3
      vertex 85.7428 3.43616 3
    endloop
  endfacet
  facet normal -0.0489209 -0.998803 0
    outer loop
      vertex 84.8 58.8 3
      vertex 84.996 58.7904 23
      vertex 84.8 58.8 23
    endloop
  endfacet
  facet normal -0.0489209 -0.998803 -0
    outer loop
      vertex 84.996 58.7904 23
      vertex 84.8 58.8 3
      vertex 84.996 58.7904 3
    endloop
  endfacet
  facet normal -0.146696 -0.989182 0
    outer loop
      vertex 84.996 58.7904 3
      vertex 85.1902 58.7616 23
      vertex 84.996 58.7904 23
    endloop
  endfacet
  facet normal -0.146696 -0.989182 -0
    outer loop
      vertex 85.1902 58.7616 23
      vertex 84.996 58.7904 3
      vertex 85.1902 58.7616 3
    endloop
  endfacet
  facet normal 0.671584 0.740928 -0
    outer loop
      vertex 6.73121 3.65398 3
      vertex 6.58579 3.78579 23
      vertex 6.73121 3.65398 23
    endloop
  endfacet
  facet normal 0.671584 0.740928 0
    outer loop
      vertex 6.58579 3.78579 23
      vertex 6.73121 3.65398 3
      vertex 6.58579 3.78579 3
    endloop
  endfacet
  facet normal -0.970019 0.243027 0
    outer loop
      vertex 86.7139 4.61943 3
      vertex 86.7616 4.80982 23
      vertex 86.7616 4.80982 3
    endloop
  endfacet
  facet normal -0.970019 0.243027 0
    outer loop
      vertex 86.7616 4.80982 23
      vertex 86.7139 4.61943 3
      vertex 86.7139 4.61943 23
    endloop
  endfacet
  facet normal 0.146733 0.989176 -0
    outer loop
      vertex 7.80397 3.20963 3
      vertex 7.60982 3.23843 23
      vertex 7.80397 3.20963 23
    endloop
  endfacet
  facet normal 0.146733 0.989176 0
    outer loop
      vertex 7.60982 3.23843 23
      vertex 7.80397 3.20963 3
      vertex 7.60982 3.23843 3
    endloop
  endfacet
  facet normal -0.903819 0.427916 0
    outer loop
      vertex 86.5638 4.25721 3
      vertex 86.6478 4.43463 23
      vertex 86.6478 4.43463 3
    endloop
  endfacet
  facet normal -0.903819 0.427916 0
    outer loop
      vertex 86.6478 4.43463 23
      vertex 86.5638 4.25721 3
      vertex 86.5638 4.25721 23
    endloop
  endfacet
  facet normal -0 0 1
    outer loop
      vertex 86.4788 44.2087 3
      vertex 86.5 17.36 3
      vertex 86.5 44.64 3
    endloop
  endfacet
  facet normal 0 0 1
    outer loop
      vertex 86.4788 44.2087 3
      vertex 86.4788 17.7913 3
      vertex 86.5 17.36 3
    endloop
  endfacet
  facet normal -0 0 1
    outer loop
      vertex 86.4155 43.7816 3
      vertex 86.4788 17.7913 3
      vertex 86.4788 44.2087 3
    endloop
  endfacet
  facet normal 0 0 1
    outer loop
      vertex 86.4155 43.7816 3
      vertex 86.4155 18.2184 3
      vertex 86.4788 17.7913 3
    endloop
  endfacet
  facet normal -0 0 1
    outer loop
      vertex 86.3105 43.3627 3
      vertex 86.4155 18.2184 3
      vertex 86.4155 43.7816 3
    endloop
  endfacet
  facet normal 0 0 1
    outer loop
      vertex 86.3105 43.3627 3
      vertex 86.3105 18.6373 3
      vertex 86.4155 18.2184 3
    endloop
  endfacet
  facet normal -0 0 1
    outer loop
      vertex 86.1651 42.9562 3
      vertex 86.3105 18.6373 3
      vertex 86.3105 43.3627 3
    endloop
  endfacet
  facet normal 0 0 1
    outer loop
      vertex 86.1651 42.9562 3
      vertex 86.1651 19.0438 3
      vertex 86.3105 18.6373 3
    endloop
  endfacet
  facet normal -0 0 1
    outer loop
      vertex 85.9805 42.5659 3
      vertex 86.1651 19.0438 3
      vertex 86.1651 42.9562 3
    endloop
  endfacet
  facet normal 0 0 1
    outer loop
      vertex 85.9805 42.5659 3
      vertex 85.9805 19.4341 3
      vertex 86.1651 19.0438 3
    endloop
  endfacet
  facet normal -0 0 1
    outer loop
      vertex 85.7585 42.1955 3
      vertex 85.9805 19.4341 3
      vertex 85.9805 42.5659 3
    endloop
  endfacet
  facet normal 0 0 1
    outer loop
      vertex 85.7585 42.1955 3
      vertex 85.7585 19.8045 3
      vertex 85.9805 19.4341 3
    endloop
  endfacet
  facet normal -0 0 1
    outer loop
      vertex 85.5012 41.8487 3
      vertex 85.7585 19.8045 3
      vertex 85.7585 42.1955 3
    endloop
  endfacet
  facet normal 0 0 1
    outer loop
      vertex 85.5012 41.8487 3
      vertex 85.5012 20.1513 3
      vertex 85.7585 19.8045 3
    endloop
  endfacet
  facet normal -0 0 1
    outer loop
      vertex 85.2113 41.5287 3
      vertex 85.5012 20.1513 3
      vertex 85.5012 41.8487 3
    endloop
  endfacet
  facet normal 0 0 1
    outer loop
      vertex 85.2113 41.5287 3
      vertex 85.2113 20.4713 3
      vertex 85.5012 20.1513 3
    endloop
  endfacet
  facet normal -0 0 1
    outer loop
      vertex 84.8913 41.2388 3
      vertex 85.2113 20.4713 3
      vertex 85.2113 41.5287 3
    endloop
  endfacet
  facet normal 0 0 1
    outer loop
      vertex 84.8913 41.2388 3
      vertex 84.8913 20.7612 3
      vertex 85.2113 20.4713 3
    endloop
  endfacet
  facet normal -0 0 1
    outer loop
      vertex 84.5445 40.9815 3
      vertex 84.8913 20.7612 3
      vertex 84.8913 41.2388 3
    endloop
  endfacet
  facet normal 0 0 1
    outer loop
      vertex 84.5445 40.9815 3
      vertex 84.5445 21.0185 3
      vertex 84.8913 20.7612 3
    endloop
  endfacet
  facet normal -0 0 1
    outer loop
      vertex 84.1741 40.7595 3
      vertex 84.5445 21.0185 3
      vertex 84.5445 40.9815 3
    endloop
  endfacet
  facet normal 0 0 1
    outer loop
      vertex 84.1741 40.7595 3
      vertex 84.1741 21.2405 3
      vertex 84.5445 21.0185 3
    endloop
  endfacet
  facet normal -0 0 1
    outer loop
      vertex 83.7838 40.5749 3
      vertex 84.1741 21.2405 3
      vertex 84.1741 40.7595 3
    endloop
  endfacet
  facet normal 0 0 1
    outer loop
      vertex 83.7838 40.5749 3
      vertex 83.7838 21.4251 3
      vertex 84.1741 21.2405 3
    endloop
  endfacet
  facet normal -0 0 1
    outer loop
      vertex 83.3773 40.4295 3
      vertex 83.7838 21.4251 3
      vertex 83.7838 40.5749 3
    endloop
  endfacet
  facet normal 0 0 1
    outer loop
      vertex 83.3773 40.4295 3
      vertex 83.3773 21.5705 3
      vertex 83.7838 21.4251 3
    endloop
  endfacet
  facet normal -0 0 1
    outer loop
      vertex 82.9584 40.3245 3
      vertex 83.3773 21.5705 3
      vertex 83.3773 40.4295 3
    endloop
  endfacet
  facet normal 0 0 1
    outer loop
      vertex 82.9584 40.3245 3
      vertex 82.9584 21.6755 3
      vertex 83.3773 21.5705 3
    endloop
  endfacet
  facet normal -0 0 1
    outer loop
      vertex 82.5313 40.2612 3
      vertex 82.9584 21.6755 3
      vertex 82.9584 40.3245 3
    endloop
  endfacet
  facet normal 0 0 1
    outer loop
      vertex 82.5313 40.2612 3
      vertex 82.5313 21.7388 3
      vertex 82.9584 21.6755 3
    endloop
  endfacet
  facet normal -0 0 1
    outer loop
      vertex 82.1 40.24 3
      vertex 82.5313 21.7388 3
      vertex 82.5313 40.2612 3
    endloop
  endfacet
  facet normal 0 0 1
    outer loop
      vertex 82.1 40.24 3
      vertex 82.1 21.76 3
      vertex 82.5313 21.7388 3
    endloop
  endfacet
  facet normal 0 0 1
    outer loop
      vertex 81.6687 40.2612 3
      vertex 82.1 21.76 3
      vertex 82.1 40.24 3
    endloop
  endfacet
  facet normal 0 0 1
    outer loop
      vertex 81.6687 40.2612 3
      vertex 81.6687 21.7388 3
      vertex 82.1 21.76 3
    endloop
  endfacet
  facet normal 0 0 1
    outer loop
      vertex 81.2416 40.3245 3
      vertex 81.6687 21.7388 3
      vertex 81.6687 40.2612 3
    endloop
  endfacet
  facet normal 0 0 1
    outer loop
      vertex 81.2416 40.3245 3
      vertex 81.2416 21.6755 3
      vertex 81.6687 21.7388 3
    endloop
  endfacet
  facet normal 0 0 1
    outer loop
      vertex 80.8227 40.4295 3
      vertex 81.2416 21.6755 3
      vertex 81.2416 40.3245 3
    endloop
  endfacet
  facet normal 0 0 1
    outer loop
      vertex 80.8227 40.4295 3
      vertex 80.8227 21.5705 3
      vertex 81.2416 21.6755 3
    endloop
  endfacet
  facet normal 0 0 1
    outer loop
      vertex 80.4162 40.5749 3
      vertex 80.8227 21.5705 3
      vertex 80.8227 40.4295 3
    endloop
  endfacet
  facet normal 0 0 1
    outer loop
      vertex 80.4162 40.5749 3
      vertex 80.4162 21.4251 3
      vertex 80.8227 21.5705 3
    endloop
  endfacet
  facet normal 0 0 1
    outer loop
      vertex 80.0259 40.7595 3
      vertex 80.4162 21.4251 3
      vertex 80.4162 40.5749 3
    endloop
  endfacet
  facet normal 0 0 1
    outer loop
      vertex 80.0259 40.7595 3
      vertex 80.0259 21.2405 3
      vertex 80.4162 21.4251 3
    endloop
  endfacet
  facet normal 0 0 1
    outer loop
      vertex 79.6555 40.9815 3
      vertex 80.0259 21.2405 3
      vertex 80.0259 40.7595 3
    endloop
  endfacet
  facet normal 0 0 1
    outer loop
      vertex 79.6555 40.9815 3
      vertex 79.6555 21.0185 3
      vertex 80.0259 21.2405 3
    endloop
  endfacet
  facet normal 0 0 1
    outer loop
      vertex 79.3087 41.2388 3
      vertex 79.6555 21.0185 3
      vertex 79.6555 40.9815 3
    endloop
  endfacet
  facet normal 0 0 1
    outer loop
      vertex 79.3087 41.2388 3
      vertex 79.3087 20.7612 3
      vertex 79.6555 21.0185 3
    endloop
  endfacet
  facet normal 0 0 1
    outer loop
      vertex 78.9887 41.5287 3
      vertex 79.3087 20.7612 3
      vertex 79.3087 41.2388 3
    endloop
  endfacet
  facet normal 0 0 1
    outer loop
      vertex 78.9887 41.5287 3
      vertex 78.9887 20.4713 3
      vertex 79.3087 20.7612 3
    endloop
  endfacet
  facet normal 0 0 1
    outer loop
      vertex 78.6988 41.8487 3
      vertex 78.9887 20.4713 3
      vertex 78.9887 41.5287 3
    endloop
  endfacet
  facet normal 0 0 1
    outer loop
      vertex 78.6988 41.8487 3
      vertex 78.6988 20.1513 3
      vertex 78.9887 20.4713 3
    endloop
  endfacet
  facet normal 0 0 1
    outer loop
      vertex 78.4415 42.1955 3
      vertex 78.6988 20.1513 3
      vertex 78.6988 41.8487 3
    endloop
  endfacet
  facet normal 0 0 1
    outer loop
      vertex 78.4415 42.1955 3
      vertex 78.4415 19.8045 3
      vertex 78.6988 20.1513 3
    endloop
  endfacet
  facet normal 0 0 1
    outer loop
      vertex 78.2195 42.5659 3
      vertex 78.4415 19.8045 3
      vertex 78.4415 42.1955 3
    endloop
  endfacet
  facet normal 0 0 1
    outer loop
      vertex 78.2195 42.5659 3
      vertex 78.2195 19.4341 3
      vertex 78.4415 19.8045 3
    endloop
  endfacet
  facet normal 0 0 1
    outer loop
      vertex 78.0349 42.9562 3
      vertex 78.2195 19.4341 3
      vertex 78.2195 42.5659 3
    endloop
  endfacet
  facet normal 0 0 1
    outer loop
      vertex 78.0349 42.9562 3
      vertex 78.0349 19.0438 3
      vertex 78.2195 19.4341 3
    endloop
  endfacet
  facet normal 0 0 1
    outer loop
      vertex 77.8895 43.3627 3
      vertex 78.0349 19.0438 3
      vertex 78.0349 42.9562 3
    endloop
  endfacet
  facet normal 0 0 1
    outer loop
      vertex 77.8895 43.3627 3
      vertex 77.8895 18.6373 3
      vertex 78.0349 19.0438 3
    endloop
  endfacet
  facet normal 0 0 1
    outer loop
      vertex 8 58.8 3
      vertex 77.8895 43.3627 3
      vertex 77.7845 43.7816 3
    endloop
  endfacet
  facet normal 0 0 1
    outer loop
      vertex 77.8895 43.3627 3
      vertex 8 58.8 3
      vertex 77.8895 18.6373 3
    endloop
  endfacet
  facet normal 0 0 1
    outer loop
      vertex 8 58.8 3
      vertex 77.7845 43.7816 3
      vertex 77.7212 44.2087 3
    endloop
  endfacet
  facet normal 0 0 1
    outer loop
      vertex 8 3.2 3
      vertex 77.8895 18.6373 3
      vertex 8 58.8 3
    endloop
  endfacet
  facet normal 0 0 1
    outer loop
      vertex 8 58.8 3
      vertex 77.7212 44.2087 3
      vertex 77.7 44.64 3
    endloop
  endfacet
  facet normal 0 0 1
    outer loop
      vertex 77.8895 18.6373 3
      vertex 8 3.2 3
      vertex 77.7845 18.2184 3
    endloop
  endfacet
  facet normal 0 0 1
    outer loop
      vertex 84.8 58.8 3
      vertex 86.8 56.8 3
      vertex 86.7904 56.996 3
    endloop
  endfacet
  facet normal 0 0 1
    outer loop
      vertex 86.8 56.8 3
      vertex 86.5 44.64 3
      vertex 86.8 5.2 3
    endloop
  endfacet
  facet normal 0 0 1
    outer loop
      vertex 84.8 58.8 3
      vertex 86.7904 56.996 3
      vertex 86.7616 57.1902 3
    endloop
  endfacet
  facet normal -0 0 1
    outer loop
      vertex 86.5 17.36 3
      vertex 86.8 5.2 3
      vertex 86.5 44.64 3
    endloop
  endfacet
  facet normal 0 0 1
    outer loop
      vertex 84.8 58.8 3
      vertex 86.7616 57.1902 3
      vertex 86.7139 57.3806 3
    endloop
  endfacet
  facet normal -0 0 1
    outer loop
      vertex 86.4788 16.9287 3
      vertex 86.8 5.2 3
      vertex 86.5 17.36 3
    endloop
  endfacet
  facet normal 0 0 1
    outer loop
      vertex 84.8 58.8 3
      vertex 86.7139 57.3806 3
      vertex 86.6478 57.5654 3
    endloop
  endfacet
  facet normal -0 0 1
    outer loop
      vertex 86.4155 16.5016 3
      vertex 86.8 5.2 3
      vertex 86.4788 16.9287 3
    endloop
  endfacet
  facet normal 0 0 1
    outer loop
      vertex 84.8 58.8 3
      vertex 86.6478 57.5654 3
      vertex 86.5638 57.7428 3
    endloop
  endfacet
  facet normal -0 0 1
    outer loop
      vertex 86.3105 16.0827 3
      vertex 86.8 5.2 3
      vertex 86.4155 16.5016 3
    endloop
  endfacet
  facet normal -0 0 1
    outer loop
      vertex 86.1651 15.6762 3
      vertex 86.8 5.2 3
      vertex 86.3105 16.0827 3
    endloop
  endfacet
  facet normal 0 0 1
    outer loop
      vertex 86.8 56.8 3
      vertex 86.4788 45.0713 3
      vertex 86.5 44.64 3
    endloop
  endfacet
  facet normal 0 0 1
    outer loop
      vertex 84.8 58.8 3
      vertex 86.5638 57.7428 3
      vertex 86.4629 57.9111 3
    endloop
  endfacet
  facet normal 0 0 1
    outer loop
      vertex 86.8 56.8 3
      vertex 86.4155 45.4984 3
      vertex 86.4788 45.0713 3
    endloop
  endfacet
  facet normal 0 0 1
    outer loop
      vertex 84.8 58.8 3
      vertex 86.4629 57.9111 3
      vertex 86.346 58.0688 3
    endloop
  endfacet
  facet normal 0 0 1
    outer loop
      vertex 86.8 56.8 3
      vertex 86.3105 45.9173 3
      vertex 86.4155 45.4984 3
    endloop
  endfacet
  facet normal 0 0 1
    outer loop
      vertex 84.8 58.8 3
      vertex 86.346 58.0688 3
      vertex 86.2142 58.2142 3
    endloop
  endfacet
  facet normal 0 0 1
    outer loop
      vertex 86.8 56.8 3
      vertex 86.1651 46.3238 3
      vertex 86.3105 45.9173 3
    endloop
  endfacet
  facet normal 0 0 1
    outer loop
      vertex 84.8 58.8 3
      vertex 86.2142 58.2142 3
      vertex 86.0688 58.346 3
    endloop
  endfacet
  facet normal 0 0 1
    outer loop
      vertex 86.8 56.8 3
      vertex 85.9805 46.7141 3
      vertex 86.1651 46.3238 3
    endloop
  endfacet
  facet normal 0 0 1
    outer loop
      vertex 84.8 58.8 3
      vertex 86.0688 58.346 3
      vertex 85.9111 58.4629 3
    endloop
  endfacet
  facet normal 0 0 1
    outer loop
      vertex 86.8 56.8 3
      vertex 85.7585 47.0845 3
      vertex 85.9805 46.7141 3
    endloop
  endfacet
  facet normal 0 0 1
    outer loop
      vertex 84.8 58.8 3
      vertex 85.9111 58.4629 3
      vertex 85.7428 58.5638 3
    endloop
  endfacet
  facet normal 0 0 1
    outer loop
      vertex 84.8 58.8 3
      vertex 85.7428 58.5638 3
      vertex 85.5654 58.6478 3
    endloop
  endfacet
  facet normal 0 0 1
    outer loop
      vertex 86.8 56.8 3
      vertex 85.5012 47.4313 3
      vertex 85.7585 47.0845 3
    endloop
  endfacet
  facet normal 0 0 1
    outer loop
      vertex 84.8 58.8 3
      vertex 85.5654 58.6478 3
      vertex 85.3806 58.7139 3
    endloop
  endfacet
  facet normal 0 0 1
    outer loop
      vertex 86.8 56.8 3
      vertex 85.2113 47.7513 3
      vertex 85.5012 47.4313 3
    endloop
  endfacet
  facet normal 0 0 1
    outer loop
      vertex 84.8 58.8 3
      vertex 85.3806 58.7139 3
      vertex 85.1902 58.7616 3
    endloop
  endfacet
  facet normal 0 0 1
    outer loop
      vertex 84.8 58.8 3
      vertex 85.1902 58.7616 3
      vertex 84.996 58.7904 3
    endloop
  endfacet
  facet normal 0 0 1
    outer loop
      vertex 86.8 56.8 3
      vertex 84.8913 48.0412 3
      vertex 85.2113 47.7513 3
    endloop
  endfacet
  facet normal 0 0 1
    outer loop
      vertex 86.8 56.8 3
      vertex 84.8 58.8 3
      vertex 82.1 49.04 3
    endloop
  endfacet
  facet normal 0 0 1
    outer loop
      vertex 86.8 56.8 3
      vertex 84.5445 48.2985 3
      vertex 84.8913 48.0412 3
    endloop
  endfacet
  facet normal 0 0 1
    outer loop
      vertex 86.8 56.8 3
      vertex 84.1741 48.5205 3
      vertex 84.5445 48.2985 3
    endloop
  endfacet
  facet normal 0 0 1
    outer loop
      vertex 86.8 56.8 3
      vertex 83.7838 48.7051 3
      vertex 84.1741 48.5205 3
    endloop
  endfacet
  facet normal 0 0 1
    outer loop
      vertex 86.8 56.8 3
      vertex 83.3773 48.8505 3
      vertex 83.7838 48.7051 3
    endloop
  endfacet
  facet normal 0 0 1
    outer loop
      vertex 86.8 56.8 3
      vertex 82.9584 48.9555 3
      vertex 83.3773 48.8505 3
    endloop
  endfacet
  facet normal 0 0 1
    outer loop
      vertex 86.8 56.8 3
      vertex 82.5313 49.0188 3
      vertex 82.9584 48.9555 3
    endloop
  endfacet
  facet normal 0 0 1
    outer loop
      vertex 86.8 56.8 3
      vertex 82.1 49.04 3
      vertex 82.5313 49.0188 3
    endloop
  endfacet
  facet normal 0 0 1
    outer loop
      vertex 84.8 58.8 3
      vertex 81.6687 49.0188 3
      vertex 82.1 49.04 3
    endloop
  endfacet
  facet normal 0 0 1
    outer loop
      vertex 84.8 58.8 3
      vertex 81.2416 48.9555 3
      vertex 81.6687 49.0188 3
    endloop
  endfacet
  facet normal 0 0 1
    outer loop
      vertex 84.8 58.8 3
      vertex 80.8227 48.8505 3
      vertex 81.2416 48.9555 3
    endloop
  endfacet
  facet normal 0 0 1
    outer loop
      vertex 84.8 58.8 3
      vertex 80.4162 48.7051 3
      vertex 80.8227 48.8505 3
    endloop
  endfacet
  facet normal 0 0 1
    outer loop
      vertex 84.8 58.8 3
      vertex 80.0259 48.5205 3
      vertex 80.4162 48.7051 3
    endloop
  endfacet
  facet normal 0 0 1
    outer loop
      vertex 84.8 58.8 3
      vertex 79.6555 48.2985 3
      vertex 80.0259 48.5205 3
    endloop
  endfacet
  facet normal 0 0 1
    outer loop
      vertex 84.8 58.8 3
      vertex 79.3087 48.0412 3
      vertex 79.6555 48.2985 3
    endloop
  endfacet
  facet normal 0 0 1
    outer loop
      vertex 84.8 58.8 3
      vertex 78.9887 47.7513 3
      vertex 79.3087 48.0412 3
    endloop
  endfacet
  facet normal 0 0 1
    outer loop
      vertex 84.8 58.8 3
      vertex 78.6988 47.4313 3
      vertex 78.9887 47.7513 3
    endloop
  endfacet
  facet normal -0 0 1
    outer loop
      vertex 8 58.8 3
      vertex 78.6988 47.4313 3
      vertex 84.8 58.8 3
    endloop
  endfacet
  facet normal 0 0 1
    outer loop
      vertex 78.6988 47.4313 3
      vertex 8 58.8 3
      vertex 78.4415 47.0845 3
    endloop
  endfacet
  facet normal 0 0 1
    outer loop
      vertex 77.7845 18.2184 3
      vertex 8 3.2 3
      vertex 77.7212 17.7913 3
    endloop
  endfacet
  facet normal 0 0 1
    outer loop
      vertex 77.7212 45.0713 3
      vertex 8 58.8 3
      vertex 77.7 44.64 3
    endloop
  endfacet
  facet normal 0 0 1
    outer loop
      vertex 77.7845 45.4984 3
      vertex 8 58.8 3
      vertex 77.7212 45.0713 3
    endloop
  endfacet
  facet normal 0 0 1
    outer loop
      vertex 77.8895 45.9173 3
      vertex 8 58.8 3
      vertex 77.7845 45.4984 3
    endloop
  endfacet
  facet normal 0 0 1
    outer loop
      vertex 78.0349 46.3238 3
      vertex 8 58.8 3
      vertex 77.8895 45.9173 3
    endloop
  endfacet
  facet normal 0 0 1
    outer loop
      vertex 78.2195 46.7141 3
      vertex 8 58.8 3
      vertex 78.0349 46.3238 3
    endloop
  endfacet
  facet normal 0 0 1
    outer loop
      vertex 78.4415 47.0845 3
      vertex 8 58.8 3
      vertex 78.2195 46.7141 3
    endloop
  endfacet
  facet normal -0 0 1
    outer loop
      vertex 85.9805 15.2859 3
      vertex 86.8 5.2 3
      vertex 86.1651 15.6762 3
    endloop
  endfacet
  facet normal -0 0 1
    outer loop
      vertex 85.7585 14.9155 3
      vertex 86.8 5.2 3
      vertex 85.9805 15.2859 3
    endloop
  endfacet
  facet normal -0 0 1
    outer loop
      vertex 85.5012 14.5687 3
      vertex 86.8 5.2 3
      vertex 85.7585 14.9155 3
    endloop
  endfacet
  facet normal -0 0 1
    outer loop
      vertex 85.2113 14.2487 3
      vertex 86.8 5.2 3
      vertex 85.5012 14.5687 3
    endloop
  endfacet
  facet normal -0 0 1
    outer loop
      vertex 84.8913 13.9588 3
      vertex 86.8 5.2 3
      vertex 85.2113 14.2487 3
    endloop
  endfacet
  facet normal -0 0 1
    outer loop
      vertex 84.5445 13.7015 3
      vertex 86.8 5.2 3
      vertex 84.8913 13.9588 3
    endloop
  endfacet
  facet normal -0 0 1
    outer loop
      vertex 84.1741 13.4795 3
      vertex 86.8 5.2 3
      vertex 84.5445 13.7015 3
    endloop
  endfacet
  facet normal -0 0 1
    outer loop
      vertex 83.7838 13.2949 3
      vertex 86.8 5.2 3
      vertex 84.1741 13.4795 3
    endloop
  endfacet
  facet normal -0 0 1
    outer loop
      vertex 83.3773 13.1495 3
      vertex 86.8 5.2 3
      vertex 83.7838 13.2949 3
    endloop
  endfacet
  facet normal -0 0 1
    outer loop
      vertex 82.9584 13.0445 3
      vertex 86.8 5.2 3
      vertex 83.3773 13.1495 3
    endloop
  endfacet
  facet normal -0 0 1
    outer loop
      vertex 82.5313 12.9812 3
      vertex 86.8 5.2 3
      vertex 82.9584 13.0445 3
    endloop
  endfacet
  facet normal -0 0 1
    outer loop
      vertex 82.1 12.96 3
      vertex 86.8 5.2 3
      vertex 82.5313 12.9812 3
    endloop
  endfacet
  facet normal 0 -0 1
    outer loop
      vertex 84.8 3.2 3
      vertex 86.8 5.2 3
      vertex 82.1 12.96 3
    endloop
  endfacet
  facet normal 0 0 1
    outer loop
      vertex 86.7904 5.00397 3
      vertex 84.8 3.2 3
      vertex 86.7616 4.80982 3
    endloop
  endfacet
  facet normal 0 0 1
    outer loop
      vertex 86.7616 4.80982 3
      vertex 84.8 3.2 3
      vertex 86.7139 4.61943 3
    endloop
  endfacet
  facet normal 0 0 1
    outer loop
      vertex 86.7139 4.61943 3
      vertex 84.8 3.2 3
      vertex 86.6478 4.43463 3
    endloop
  endfacet
  facet normal 0 0 1
    outer loop
      vertex 86.6478 4.43463 3
      vertex 84.8 3.2 3
      vertex 86.5638 4.25721 3
    endloop
  endfacet
  facet normal 0 0 1
    outer loop
      vertex 86.4629 4.08886 3
      vertex 84.8 3.2 3
      vertex 86.346 3.93121 3
    endloop
  endfacet
  facet normal 0 0 1
    outer loop
      vertex 86.346 3.93121 3
      vertex 84.8 3.2 3
      vertex 86.2142 3.78579 3
    endloop
  endfacet
  facet normal 0 0 1
    outer loop
      vertex 86.2142 3.78579 3
      vertex 84.8 3.2 3
      vertex 86.0688 3.65398 3
    endloop
  endfacet
  facet normal 0 0 1
    outer loop
      vertex 86.0688 3.65398 3
      vertex 84.8 3.2 3
      vertex 85.9111 3.53706 3
    endloop
  endfacet
  facet normal 0 0 1
    outer loop
      vertex 85.9111 3.53706 3
      vertex 84.8 3.2 3
      vertex 85.7428 3.43616 3
    endloop
  endfacet
  facet normal 0 0 1
    outer loop
      vertex 85.5654 3.35224 3
      vertex 84.8 3.2 3
      vertex 85.3806 3.28612 3
    endloop
  endfacet
  facet normal 0 0 1
    outer loop
      vertex 85.3806 3.28612 3
      vertex 84.8 3.2 3
      vertex 85.1902 3.23843 3
    endloop
  endfacet
  facet normal 0 0 1
    outer loop
      vertex 85.1902 3.23843 3
      vertex 84.8 3.2 3
      vertex 84.996 3.20963 3
    endloop
  endfacet
  facet normal 0 0 1
    outer loop
      vertex 85.7428 3.43616 3
      vertex 84.8 3.2 3
      vertex 85.5654 3.35224 3
    endloop
  endfacet
  facet normal 0 0 1
    outer loop
      vertex 86.5638 4.25721 3
      vertex 84.8 3.2 3
      vertex 86.4629 4.08886 3
    endloop
  endfacet
  facet normal 0 0 1
    outer loop
      vertex 86.8 5.2 3
      vertex 84.8 3.2 3
      vertex 86.7904 5.00397 3
    endloop
  endfacet
  facet normal 0 0 1
    outer loop
      vertex 81.6687 12.9812 3
      vertex 84.8 3.2 3
      vertex 82.1 12.96 3
    endloop
  endfacet
  facet normal 0 0 1
    outer loop
      vertex 81.2416 13.0445 3
      vertex 84.8 3.2 3
      vertex 81.6687 12.9812 3
    endloop
  endfacet
  facet normal 0 0 1
    outer loop
      vertex 80.8227 13.1495 3
      vertex 84.8 3.2 3
      vertex 81.2416 13.0445 3
    endloop
  endfacet
  facet normal 0 0 1
    outer loop
      vertex 80.4162 13.2949 3
      vertex 84.8 3.2 3
      vertex 80.8227 13.1495 3
    endloop
  endfacet
  facet normal 0 0 1
    outer loop
      vertex 80.0259 13.4795 3
      vertex 84.8 3.2 3
      vertex 80.4162 13.2949 3
    endloop
  endfacet
  facet normal 0 0 1
    outer loop
      vertex 79.6555 13.7015 3
      vertex 84.8 3.2 3
      vertex 80.0259 13.4795 3
    endloop
  endfacet
  facet normal 0 0 1
    outer loop
      vertex 79.3087 13.9588 3
      vertex 84.8 3.2 3
      vertex 79.6555 13.7015 3
    endloop
  endfacet
  facet normal 0 0 1
    outer loop
      vertex 78.9887 14.2487 3
      vertex 84.8 3.2 3
      vertex 79.3087 13.9588 3
    endloop
  endfacet
  facet normal 0 0 1
    outer loop
      vertex 78.6988 14.5687 3
      vertex 84.8 3.2 3
      vertex 78.9887 14.2487 3
    endloop
  endfacet
  facet normal 0 0 1
    outer loop
      vertex 8 3.2 3
      vertex 78.6988 14.5687 3
      vertex 78.4415 14.9155 3
    endloop
  endfacet
  facet normal 0 0 1
    outer loop
      vertex 8 3.2 3
      vertex 78.4415 14.9155 3
      vertex 78.2195 15.2859 3
    endloop
  endfacet
  facet normal 0 0 1
    outer loop
      vertex 77.7212 17.7913 3
      vertex 8 3.2 3
      vertex 77.7 17.36 3
    endloop
  endfacet
  facet normal 0 0 1
    outer loop
      vertex 77.7 17.36 3
      vertex 8 3.2 3
      vertex 77.7212 16.9287 3
    endloop
  endfacet
  facet normal 0 0 1
    outer loop
      vertex 77.7212 16.9287 3
      vertex 8 3.2 3
      vertex 77.7845 16.5016 3
    endloop
  endfacet
  facet normal 0 0 1
    outer loop
      vertex 77.7845 16.5016 3
      vertex 8 3.2 3
      vertex 77.8895 16.0827 3
    endloop
  endfacet
  facet normal 0 0 1
    outer loop
      vertex 77.8895 16.0827 3
      vertex 8 3.2 3
      vertex 78.0349 15.6762 3
    endloop
  endfacet
  facet normal 0 0 1
    outer loop
      vertex 78.0349 15.6762 3
      vertex 8 3.2 3
      vertex 78.2195 15.2859 3
    endloop
  endfacet
  facet normal 0 0 1
    outer loop
      vertex 78.6988 14.5687 3
      vertex 8 3.2 3
      vertex 84.8 3.2 3
    endloop
  endfacet
  facet normal 0 0 1
    outer loop
      vertex 6 56.8 3
      vertex 8 58.8 3
      vertex 7.80397 58.7904 3
    endloop
  endfacet
  facet normal 0 0 1
    outer loop
      vertex 8 58.8 3
      vertex 6 56.8 3
      vertex 8 3.2 3
    endloop
  endfacet
  facet normal 0 0 1
    outer loop
      vertex 6 56.8 3
      vertex 7.80397 58.7904 3
      vertex 7.60982 58.7616 3
    endloop
  endfacet
  facet normal -0 0 1
    outer loop
      vertex 6 5.2 3
      vertex 8 3.2 3
      vertex 6 56.8 3
    endloop
  endfacet
  facet normal 0 0 1
    outer loop
      vertex 6 56.8 3
      vertex 7.60982 58.7616 3
      vertex 7.41943 58.7139 3
    endloop
  endfacet
  facet normal 0 0 1
    outer loop
      vertex 8 3.2 3
      vertex 6 5.2 3
      vertex 7.80397 3.20963 3
    endloop
  endfacet
  facet normal 0 0 1
    outer loop
      vertex 6 56.8 3
      vertex 7.41943 58.7139 3
      vertex 7.23463 58.6478 3
    endloop
  endfacet
  facet normal 0 0 1
    outer loop
      vertex 7.80397 3.20963 3
      vertex 6 5.2 3
      vertex 7.60982 3.23843 3
    endloop
  endfacet
  facet normal 0 0 1
    outer loop
      vertex 6 56.8 3
      vertex 7.23463 58.6478 3
      vertex 7.05721 58.5638 3
    endloop
  endfacet
  facet normal 0 0 1
    outer loop
      vertex 7.60982 3.23843 3
      vertex 6 5.2 3
      vertex 7.41943 3.28612 3
    endloop
  endfacet
  facet normal 0 0 1
    outer loop
      vertex 6 56.8 3
      vertex 7.05721 58.5638 3
      vertex 6.88886 58.4629 3
    endloop
  endfacet
  facet normal 0 0 1
    outer loop
      vertex 7.41943 3.28612 3
      vertex 6 5.2 3
      vertex 7.23463 3.35224 3
    endloop
  endfacet
  facet normal 0 0 1
    outer loop
      vertex 6 56.8 3
      vertex 6.88886 58.4629 3
      vertex 6.73121 58.346 3
    endloop
  endfacet
  facet normal 0 0 1
    outer loop
      vertex 7.23463 3.35224 3
      vertex 6 5.2 3
      vertex 7.05721 3.43616 3
    endloop
  endfacet
  facet normal 0 0 1
    outer loop
      vertex 6 56.8 3
      vertex 6.73121 58.346 3
      vertex 6.58579 58.2142 3
    endloop
  endfacet
  facet normal 0 0 1
    outer loop
      vertex 7.05721 3.43616 3
      vertex 6 5.2 3
      vertex 6.88886 3.53706 3
    endloop
  endfacet
  facet normal 0 0 1
    outer loop
      vertex 6 56.8 3
      vertex 6.58579 58.2142 3
      vertex 6.45398 58.0688 3
    endloop
  endfacet
  facet normal 0 0 1
    outer loop
      vertex 6.88886 3.53706 3
      vertex 6 5.2 3
      vertex 6.73121 3.65398 3
    endloop
  endfacet
  facet normal 0 0 1
    outer loop
      vertex 6 56.8 3
      vertex 6.45398 58.0688 3
      vertex 6.33706 57.9111 3
    endloop
  endfacet
  facet normal 0 0 1
    outer loop
      vertex 6.73121 3.65398 3
      vertex 6 5.2 3
      vertex 6.58579 3.78579 3
    endloop
  endfacet
  facet normal 0 0 1
    outer loop
      vertex 6 56.8 3
      vertex 6.33706 57.9111 3
      vertex 6.23616 57.7428 3
    endloop
  endfacet
  facet normal 0 0 1
    outer loop
      vertex 6.58579 3.78579 3
      vertex 6 5.2 3
      vertex 6.45398 3.93121 3
    endloop
  endfacet
  facet normal 0 0 1
    outer loop
      vertex 6 56.8 3
      vertex 6.23616 57.7428 3
      vertex 6.15224 57.5654 3
    endloop
  endfacet
  facet normal 0 0 1
    outer loop
      vertex 6.45398 3.93121 3
      vertex 6 5.2 3
      vertex 6.33706 4.08886 3
    endloop
  endfacet
  facet normal 0 0 1
    outer loop
      vertex 6 56.8 3
      vertex 6.15224 57.5654 3
      vertex 6.08612 57.3806 3
    endloop
  endfacet
  facet normal 0 0 1
    outer loop
      vertex 6.33706 4.08886 3
      vertex 6 5.2 3
      vertex 6.23616 4.25721 3
    endloop
  endfacet
  facet normal 0 0 1
    outer loop
      vertex 6 56.8 3
      vertex 6.08612 57.3806 3
      vertex 6.03843 57.1902 3
    endloop
  endfacet
  facet normal 0 0 1
    outer loop
      vertex 6.23616 4.25721 3
      vertex 6 5.2 3
      vertex 6.15224 4.43463 3
    endloop
  endfacet
  facet normal 0 0 1
    outer loop
      vertex 6 56.8 3
      vertex 6.03843 57.1902 3
      vertex 6.00963 56.996 3
    endloop
  endfacet
  facet normal 0 0 1
    outer loop
      vertex 6.15224 4.43463 3
      vertex 6 5.2 3
      vertex 6.08612 4.61943 3
    endloop
  endfacet
  facet normal 0 0 1
    outer loop
      vertex 6.08612 4.61943 3
      vertex 6 5.2 3
      vertex 6.03843 4.80982 3
    endloop
  endfacet
  facet normal 0 0 1
    outer loop
      vertex 6.03843 4.80982 3
      vertex 6 5.2 3
      vertex 6.00963 5.00397 3
    endloop
  endfacet
  facet normal 0.80321 0.595695 0
    outer loop
      vertex 6.45398 3.93121 23
      vertex 6.33706 4.08886 3
      vertex 6.33706 4.08886 23
    endloop
  endfacet
  facet normal 0.80321 0.595695 0
    outer loop
      vertex 6.33706 4.08886 3
      vertex 6.45398 3.93121 23
      vertex 6.45398 3.93121 3
    endloop
  endfacet
  facet normal -0.336788 -0.94158 0
    outer loop
      vertex 85.3806 58.7139 3
      vertex 85.5654 58.6478 23
      vertex 85.3806 58.7139 23
    endloop
  endfacet
  facet normal -0.336788 -0.94158 -0
    outer loop
      vertex 85.5654 58.6478 23
      vertex 85.3806 58.7139 3
      vertex 85.5654 58.6478 3
    endloop
  endfacet
  facet normal 0.336879 0.941548 -0
    outer loop
      vertex 7.41943 3.28612 3
      vertex 7.23463 3.35224 23
      vertex 7.41943 3.28612 23
    endloop
  endfacet
  facet normal 0.336879 0.941548 0
    outer loop
      vertex 7.23463 3.35224 23
      vertex 7.41943 3.28612 3
      vertex 7.23463 3.35224 3
    endloop
  endfacet
  facet normal 0.903976 0.427583 0
    outer loop
      vertex 6.23616 4.25721 23
      vertex 6.15224 4.43463 3
      vertex 6.15224 4.43463 23
    endloop
  endfacet
  facet normal 0.903976 0.427583 0
    outer loop
      vertex 6.15224 4.43463 3
      vertex 6.23616 4.25721 23
      vertex 6.23616 4.25721 3
    endloop
  endfacet
  facet normal 0.242979 0.970032 -0
    outer loop
      vertex 7.60982 3.23843 3
      vertex 7.41943 3.28612 23
      vertex 7.60982 3.23843 23
    endloop
  endfacet
  facet normal 0.242979 0.970032 0
    outer loop
      vertex 7.41943 3.28612 23
      vertex 7.60982 3.23843 3
      vertex 7.41943 3.28612 3
    endloop
  endfacet
  facet normal -1 0 0
    outer loop
      vertex 1.2 24 3.45
      vertex 1.2 38 19.55
      vertex 1.2 38 3.45
    endloop
  endfacet
  facet normal -1 -0 0
    outer loop
      vertex 1.2 38 19.55
      vertex 1.2 24 3.45
      vertex 1.2 24 19.55
    endloop
  endfacet
  facet normal 0 0 -1
    outer loop
      vertex 0 24 19.55
      vertex 1.2 38 19.55
      vertex 1.2 24 19.55
    endloop
  endfacet
  facet normal -0 0 -1
    outer loop
      vertex 1.2 38 19.55
      vertex 0 24 19.55
      vertex 0 38 19.55
    endloop
  endfacet
  facet normal -0 0 1
    outer loop
      vertex 0 38 3.45
      vertex 1.2 24 3.45
      vertex 1.2 38 3.45
    endloop
  endfacet
  facet normal 0 0 1
    outer loop
      vertex 1.2 24 3.45
      vertex 0 38 3.45
      vertex 0 24 3.45
    endloop
  endfacet
  facet normal 0 -1 0
    outer loop
      vertex 0 38 3.45
      vertex 1.2 38 19.55
      vertex 0 38 19.55
    endloop
  endfacet
  facet normal 0 -1 -0
    outer loop
      vertex 1.2 38 19.55
      vertex 0 38 3.45
      vertex 1.2 38 3.45
    endloop
  endfacet
  facet normal 0 1 -0
    outer loop
      vertex 1.2 24 3.45
      vertex 0 24 19.55
      vertex 1.2 24 19.55
    endloop
  endfacet
  facet normal 0 1 0
    outer loop
      vertex 0 24 19.55
      vertex 1.2 24 3.45
      vertex 0 24 3.45
    endloop
  endfacet
  facet normal 0.989195 0.146607 0
    outer loop
      vertex 86.4788 17.7913 23
      vertex 86.4155 18.2184 3
      vertex 86.4155 18.2184 23
    endloop
  endfacet
  facet normal 0.989195 0.146607 0
    outer loop
      vertex 86.4155 18.2184 3
      vertex 86.4788 17.7913 23
      vertex 86.4788 17.7913 3
    endloop
  endfacet
  facet normal 0.998794 0.0490944 0
    outer loop
      vertex 86.5 17.36 23
      vertex 86.4788 17.7913 3
      vertex 86.4788 17.7913 23
    endloop
  endfacet
  facet normal 0.998794 0.0490944 0
    outer loop
      vertex 86.4788 17.7913 3
      vertex 86.5 17.36 23
      vertex 86.5 17.36 3
    endloop
  endfacet
  facet normal 0.969992 0.243135 0
    outer loop
      vertex 86.4155 18.2184 23
      vertex 86.3105 18.6373 3
      vertex 86.3105 18.6373 23
    endloop
  endfacet
  facet normal 0.969992 0.243135 0
    outer loop
      vertex 86.3105 18.6373 3
      vertex 86.4155 18.2184 23
      vertex 86.4155 18.2184 3
    endloop
  endfacet
  facet normal 0.427559 0.903988 -0
    outer loop
      vertex 84.1741 21.2405 3
      vertex 83.7838 21.4251 23
      vertex 84.1741 21.2405 23
    endloop
  endfacet
  facet normal 0.427559 0.903988 0
    outer loop
      vertex 83.7838 21.4251 23
      vertex 84.1741 21.2405 3
      vertex 83.7838 21.4251 3
    endloop
  endfacet
  facet normal -0.243135 0.969992 0
    outer loop
      vertex 81.2416 21.6755 3
      vertex 80.8227 21.5705 23
      vertex 81.2416 21.6755 23
    endloop
  endfacet
  facet normal -0.243135 0.969992 0
    outer loop
      vertex 80.8227 21.5705 23
      vertex 81.2416 21.6755 3
      vertex 80.8227 21.5705 3
    endloop
  endfacet
  facet normal -0.941579 0.336791 0
    outer loop
      vertex 77.8895 18.6373 3
      vertex 78.0349 19.0438 23
      vertex 78.0349 19.0438 3
    endloop
  endfacet
  facet normal -0.941579 0.336791 0
    outer loop
      vertex 78.0349 19.0438 23
      vertex 77.8895 18.6373 3
      vertex 77.8895 18.6373 23
    endloop
  endfacet
  facet normal -0.146607 0.989195 0
    outer loop
      vertex 81.6687 21.7388 3
      vertex 81.2416 21.6755 23
      vertex 81.6687 21.7388 23
    endloop
  endfacet
  facet normal -0.146607 0.989195 0
    outer loop
      vertex 81.2416 21.6755 23
      vertex 81.6687 21.7388 3
      vertex 81.2416 21.6755 3
    endloop
  endfacet
  facet normal 0.243135 0.969992 -0
    outer loop
      vertex 83.3773 21.5705 3
      vertex 82.9584 21.6755 23
      vertex 83.3773 21.5705 23
    endloop
  endfacet
  facet normal 0.243135 0.969992 0
    outer loop
      vertex 82.9584 21.6755 23
      vertex 83.3773 21.5705 3
      vertex 82.9584 21.6755 3
    endloop
  endfacet
  facet normal 0.998794 -0.0490944 0
    outer loop
      vertex 86.4788 16.9287 23
      vertex 86.5 17.36 3
      vertex 86.5 17.36 23
    endloop
  endfacet
  facet normal 0.998794 -0.0490944 0
    outer loop
      vertex 86.5 17.36 3
      vertex 86.4788 16.9287 23
      vertex 86.4788 16.9287 3
    endloop
  endfacet
  facet normal -0.0490944 0.998794 0
    outer loop
      vertex 82.1 21.76 3
      vertex 81.6687 21.7388 23
      vertex 82.1 21.76 23
    endloop
  endfacet
  facet normal -0.0490944 0.998794 0
    outer loop
      vertex 81.6687 21.7388 23
      vertex 82.1 21.76 3
      vertex 81.6687 21.7388 3
    endloop
  endfacet
  facet normal -0.969992 -0.243135 0
    outer loop
      vertex 77.8895 16.0827 3
      vertex 77.7845 16.5016 23
      vertex 77.7845 16.5016 3
    endloop
  endfacet
  facet normal -0.969992 -0.243135 0
    outer loop
      vertex 77.7845 16.5016 23
      vertex 77.8895 16.0827 3
      vertex 77.8895 16.0827 23
    endloop
  endfacet
  facet normal -0.857738 -0.514087 0
    outer loop
      vertex 78.4415 14.9155 3
      vertex 78.2195 15.2859 23
      vertex 78.2195 15.2859 3
    endloop
  endfacet
  facet normal -0.857738 -0.514087 0
    outer loop
      vertex 78.2195 15.2859 23
      vertex 78.4415 14.9155 3
      vertex 78.4415 14.9155 23
    endloop
  endfacet
  facet normal 0.969992 -0.243135 0
    outer loop
      vertex 86.3105 16.0827 23
      vertex 86.4155 16.5016 3
      vertex 86.4155 16.5016 23
    endloop
  endfacet
  facet normal 0.969992 -0.243135 0
    outer loop
      vertex 86.4155 16.5016 3
      vertex 86.3105 16.0827 23
      vertex 86.3105 16.0827 3
    endloop
  endfacet
  facet normal -0.595842 -0.803102 0
    outer loop
      vertex 79.3087 13.9588 3
      vertex 79.6555 13.7015 23
      vertex 79.3087 13.9588 23
    endloop
  endfacet
  facet normal -0.595842 -0.803102 -0
    outer loop
      vertex 79.6555 13.7015 23
      vertex 79.3087 13.9588 3
      vertex 79.6555 13.7015 3
    endloop
  endfacet
  facet normal 0.903988 -0.427559 0
    outer loop
      vertex 85.9805 15.2859 23
      vertex 86.1651 15.6762 3
      vertex 86.1651 15.6762 23
    endloop
  endfacet
  facet normal 0.903988 -0.427559 0
    outer loop
      vertex 86.1651 15.6762 3
      vertex 85.9805 15.2859 23
      vertex 85.9805 15.2859 3
    endloop
  endfacet
  facet normal -0.903988 0.427559 0
    outer loop
      vertex 78.0349 19.0438 3
      vertex 78.2195 19.4341 23
      vertex 78.2195 19.4341 3
    endloop
  endfacet
  facet normal -0.903988 0.427559 0
    outer loop
      vertex 78.2195 19.4341 23
      vertex 78.0349 19.0438 3
      vertex 78.0349 19.0438 23
    endloop
  endfacet
  facet normal 0.671392 0.741102 -0
    outer loop
      vertex 85.2113 20.4713 3
      vertex 84.8913 20.7612 23
      vertex 85.2113 20.4713 23
    endloop
  endfacet
  facet normal 0.671392 0.741102 0
    outer loop
      vertex 84.8913 20.7612 23
      vertex 85.2113 20.4713 3
      vertex 84.8913 20.7612 3
    endloop
  endfacet
  facet normal 0.857738 -0.514087 0
    outer loop
      vertex 85.7585 14.9155 23
      vertex 85.9805 15.2859 3
      vertex 85.9805 15.2859 23
    endloop
  endfacet
  facet normal 0.857738 -0.514087 0
    outer loop
      vertex 85.9805 15.2859 3
      vertex 85.7585 14.9155 23
      vertex 85.7585 14.9155 3
    endloop
  endfacet
  facet normal -0.969992 0.243135 0
    outer loop
      vertex 77.7845 18.2184 3
      vertex 77.8895 18.6373 23
      vertex 77.8895 18.6373 3
    endloop
  endfacet
  facet normal -0.969992 0.243135 0
    outer loop
      vertex 77.8895 18.6373 23
      vertex 77.7845 18.2184 3
      vertex 77.7845 18.2184 23
    endloop
  endfacet
  facet normal -0.941579 -0.336791 0
    outer loop
      vertex 78.0349 15.6762 3
      vertex 77.8895 16.0827 23
      vertex 77.8895 16.0827 3
    endloop
  endfacet
  facet normal -0.941579 -0.336791 0
    outer loop
      vertex 77.8895 16.0827 23
      vertex 78.0349 15.6762 3
      vertex 78.0349 15.6762 23
    endloop
  endfacet
  facet normal 0.0490944 0.998794 -0
    outer loop
      vertex 82.5313 21.7388 3
      vertex 82.1 21.76 23
      vertex 82.5313 21.7388 23
    endloop
  endfacet
  facet normal 0.0490944 0.998794 0
    outer loop
      vertex 82.1 21.76 23
      vertex 82.5313 21.7388 3
      vertex 82.1 21.76 3
    endloop
  endfacet
  facet normal 0.741102 0.671392 0
    outer loop
      vertex 85.5012 20.1513 23
      vertex 85.2113 20.4713 3
      vertex 85.2113 20.4713 23
    endloop
  endfacet
  facet normal 0.741102 0.671392 0
    outer loop
      vertex 85.2113 20.4713 3
      vertex 85.5012 20.1513 23
      vertex 85.5012 20.1513 3
    endloop
  endfacet
  facet normal 0 0 1
    outer loop
      vertex 85.3 17.36 23
      vertex 86.5 17.36 23
      vertex 86.4788 17.7913 23
    endloop
  endfacet
  facet normal 0 0 1
    outer loop
      vertex 85.2846 17.6737 23
      vertex 86.4788 17.7913 23
      vertex 86.4155 18.2184 23
    endloop
  endfacet
  facet normal 0 0 1
    outer loop
      vertex 86.5 17.36 23
      vertex 85.3 17.36 23
      vertex 86.4788 16.9287 23
    endloop
  endfacet
  facet normal 0 0 1
    outer loop
      vertex 85.2385 17.9843 23
      vertex 86.4155 18.2184 23
      vertex 86.3105 18.6373 23
    endloop
  endfacet
  facet normal -0 0 1
    outer loop
      vertex 85.2846 17.0463 23
      vertex 86.4788 16.9287 23
      vertex 85.3 17.36 23
    endloop
  endfacet
  facet normal 0 0 1
    outer loop
      vertex 85.1622 18.2889 23
      vertex 86.3105 18.6373 23
      vertex 86.1651 19.0438 23
    endloop
  endfacet
  facet normal 0 0 1
    outer loop
      vertex 86.4788 16.9287 23
      vertex 85.2846 17.0463 23
      vertex 86.4155 16.5016 23
    endloop
  endfacet
  facet normal 0 0 1
    outer loop
      vertex 85.0564 18.5846 23
      vertex 86.1651 19.0438 23
      vertex 85.9805 19.4341 23
    endloop
  endfacet
  facet normal -0 0 1
    outer loop
      vertex 85.2385 16.7357 23
      vertex 86.4155 16.5016 23
      vertex 85.2846 17.0463 23
    endloop
  endfacet
  facet normal 0 0 1
    outer loop
      vertex 84.9221 18.8685 23
      vertex 85.9805 19.4341 23
      vertex 85.7585 19.8045 23
    endloop
  endfacet
  facet normal 0 0 1
    outer loop
      vertex 86.4155 16.5016 23
      vertex 85.2385 16.7357 23
      vertex 86.3105 16.0827 23
    endloop
  endfacet
  facet normal 0 0 1
    outer loop
      vertex 84.7607 19.1378 23
      vertex 85.7585 19.8045 23
      vertex 85.5012 20.1513 23
    endloop
  endfacet
  facet normal -0 0 1
    outer loop
      vertex 85.1622 16.4311 23
      vertex 86.3105 16.0827 23
      vertex 85.2385 16.7357 23
    endloop
  endfacet
  facet normal 0 0 1
    outer loop
      vertex 86.3105 16.0827 23
      vertex 85.1622 16.4311 23
      vertex 86.1651 15.6762 23
    endloop
  endfacet
  facet normal 0 0 1
    outer loop
      vertex 86.4788 17.7913 23
      vertex 85.2846 17.6737 23
      vertex 85.3 17.36 23
    endloop
  endfacet
  facet normal 0 0 1
    outer loop
      vertex 86.4155 18.2184 23
      vertex 85.2385 17.9843 23
      vertex 85.2846 17.6737 23
    endloop
  endfacet
  facet normal 0 0 1
    outer loop
      vertex 84.5736 19.3901 23
      vertex 85.5012 20.1513 23
      vertex 85.2113 20.4713 23
    endloop
  endfacet
  facet normal 0 0 1
    outer loop
      vertex 86.3105 18.6373 23
      vertex 85.1622 18.2889 23
      vertex 85.2385 17.9843 23
    endloop
  endfacet
  facet normal 0 0 1
    outer loop
      vertex 86.1651 19.0438 23
      vertex 85.0564 18.5846 23
      vertex 85.1622 18.2889 23
    endloop
  endfacet
  facet normal 0 0 1
    outer loop
      vertex 85.9805 19.4341 23
      vertex 84.9221 18.8685 23
      vertex 85.0564 18.5846 23
    endloop
  endfacet
  facet normal 0 0 1
    outer loop
      vertex 84.3627 19.6227 23
      vertex 85.2113 20.4713 23
      vertex 84.8913 20.7612 23
    endloop
  endfacet
  facet normal 0 0 1
    outer loop
      vertex 85.7585 19.8045 23
      vertex 84.7607 19.1378 23
      vertex 84.9221 18.8685 23
    endloop
  endfacet
  facet normal 0 0 1
    outer loop
      vertex 85.5012 20.1513 23
      vertex 84.5736 19.3901 23
      vertex 84.7607 19.1378 23
    endloop
  endfacet
  facet normal 0 0 1
    outer loop
      vertex 84.1301 19.8336 23
      vertex 84.8913 20.7612 23
      vertex 84.5445 21.0185 23
    endloop
  endfacet
  facet normal 0 0 1
    outer loop
      vertex 85.2113 20.4713 23
      vertex 84.3627 19.6227 23
      vertex 84.5736 19.3901 23
    endloop
  endfacet
  facet normal 0 0 1
    outer loop
      vertex 83.8778 20.0207 23
      vertex 84.5445 21.0185 23
      vertex 84.1741 21.2405 23
    endloop
  endfacet
  facet normal 0 0 1
    outer loop
      vertex 84.8913 20.7612 23
      vertex 84.1301 19.8336 23
      vertex 84.3627 19.6227 23
    endloop
  endfacet
  facet normal 0 0 1
    outer loop
      vertex 84.5445 21.0185 23
      vertex 83.8778 20.0207 23
      vertex 84.1301 19.8336 23
    endloop
  endfacet
  facet normal 0 0 1
    outer loop
      vertex 83.6085 20.1821 23
      vertex 84.1741 21.2405 23
      vertex 83.7838 21.4251 23
    endloop
  endfacet
  facet normal 0 0 1
    outer loop
      vertex 84.1741 21.2405 23
      vertex 83.6085 20.1821 23
      vertex 83.8778 20.0207 23
    endloop
  endfacet
  facet normal 0 0 1
    outer loop
      vertex 83.3246 20.3164 23
      vertex 83.7838 21.4251 23
      vertex 83.3773 21.5705 23
    endloop
  endfacet
  facet normal 0 0 1
    outer loop
      vertex 83.7838 21.4251 23
      vertex 83.3246 20.3164 23
      vertex 83.6085 20.1821 23
    endloop
  endfacet
  facet normal 0 0 1
    outer loop
      vertex 83.3773 21.5705 23
      vertex 83.0289 20.4222 23
      vertex 83.3246 20.3164 23
    endloop
  endfacet
  facet normal 0 0 1
    outer loop
      vertex 82.9584 21.6755 23
      vertex 83.0289 20.4222 23
      vertex 83.3773 21.5705 23
    endloop
  endfacet
  facet normal 0 0 1
    outer loop
      vertex 82.9584 21.6755 23
      vertex 82.7243 20.4985 23
      vertex 83.0289 20.4222 23
    endloop
  endfacet
  facet normal 0 0 1
    outer loop
      vertex 82.5313 21.7388 23
      vertex 82.7243 20.4985 23
      vertex 82.9584 21.6755 23
    endloop
  endfacet
  facet normal 0 0 1
    outer loop
      vertex 82.5313 21.7388 23
      vertex 82.4137 20.5446 23
      vertex 82.7243 20.4985 23
    endloop
  endfacet
  facet normal 0 0 1
    outer loop
      vertex 82.1 21.76 23
      vertex 82.4137 20.5446 23
      vertex 82.5313 21.7388 23
    endloop
  endfacet
  facet normal 0 0 1
    outer loop
      vertex 82.1 21.76 23
      vertex 82.1 20.56 23
      vertex 82.4137 20.5446 23
    endloop
  endfacet
  facet normal 0 0 1
    outer loop
      vertex 82.1 21.76 23
      vertex 81.7863 20.5446 23
      vertex 82.1 20.56 23
    endloop
  endfacet
  facet normal -0 0 1
    outer loop
      vertex 81.6687 21.7388 23
      vertex 81.7863 20.5446 23
      vertex 82.1 21.76 23
    endloop
  endfacet
  facet normal 0 0 1
    outer loop
      vertex 81.6687 21.7388 23
      vertex 81.4757 20.4985 23
      vertex 81.7863 20.5446 23
    endloop
  endfacet
  facet normal -0 0 1
    outer loop
      vertex 81.2416 21.6755 23
      vertex 81.4757 20.4985 23
      vertex 81.6687 21.7388 23
    endloop
  endfacet
  facet normal 0 0 1
    outer loop
      vertex 81.2416 21.6755 23
      vertex 81.1711 20.4222 23
      vertex 81.4757 20.4985 23
    endloop
  endfacet
  facet normal -0 0 1
    outer loop
      vertex 80.8227 21.5705 23
      vertex 81.1711 20.4222 23
      vertex 81.2416 21.6755 23
    endloop
  endfacet
  facet normal 0 0 1
    outer loop
      vertex 81.1711 20.4222 23
      vertex 80.8227 21.5705 23
      vertex 80.8754 20.3164 23
    endloop
  endfacet
  facet normal -0 0 1
    outer loop
      vertex 80.4162 21.4251 23
      vertex 80.8754 20.3164 23
      vertex 80.8227 21.5705 23
    endloop
  endfacet
  facet normal 0 0 1
    outer loop
      vertex 80.8754 20.3164 23
      vertex 80.4162 21.4251 23
      vertex 80.5915 20.1821 23
    endloop
  endfacet
  facet normal -0 0 1
    outer loop
      vertex 80.0259 21.2405 23
      vertex 80.5915 20.1821 23
      vertex 80.4162 21.4251 23
    endloop
  endfacet
  facet normal 0 0 1
    outer loop
      vertex 80.5915 20.1821 23
      vertex 80.0259 21.2405 23
      vertex 80.3222 20.0207 23
    endloop
  endfacet
  facet normal -0 0 1
    outer loop
      vertex 79.6555 21.0185 23
      vertex 80.3222 20.0207 23
      vertex 80.0259 21.2405 23
    endloop
  endfacet
  facet normal 0 0 1
    outer loop
      vertex 80.3222 20.0207 23
      vertex 79.6555 21.0185 23
      vertex 80.0699 19.8336 23
    endloop
  endfacet
  facet normal -0 0 1
    outer loop
      vertex 79.3087 20.7612 23
      vertex 80.0699 19.8336 23
      vertex 79.6555 21.0185 23
    endloop
  endfacet
  facet normal 0 0 1
    outer loop
      vertex 80.0699 19.8336 23
      vertex 79.3087 20.7612 23
      vertex 79.8373 19.6227 23
    endloop
  endfacet
  facet normal -0 0 1
    outer loop
      vertex 78.9887 20.4713 23
      vertex 79.8373 19.6227 23
      vertex 79.3087 20.7612 23
    endloop
  endfacet
  facet normal 0 0 1
    outer loop
      vertex 79.8373 19.6227 23
      vertex 78.9887 20.4713 23
      vertex 79.6264 19.3901 23
    endloop
  endfacet
  facet normal -0 0 1
    outer loop
      vertex 78.6988 20.1513 23
      vertex 79.6264 19.3901 23
      vertex 78.9887 20.4713 23
    endloop
  endfacet
  facet normal 0 0 1
    outer loop
      vertex 79.6264 19.3901 23
      vertex 78.6988 20.1513 23
      vertex 79.4393 19.1378 23
    endloop
  endfacet
  facet normal -0 0 1
    outer loop
      vertex 78.4415 19.8045 23
      vertex 79.4393 19.1378 23
      vertex 78.6988 20.1513 23
    endloop
  endfacet
  facet normal 0 0 1
    outer loop
      vertex 79.4393 19.1378 23
      vertex 78.4415 19.8045 23
      vertex 79.2778 18.8685 23
    endloop
  endfacet
  facet normal -0 0 1
    outer loop
      vertex 78.2195 19.4341 23
      vertex 79.2778 18.8685 23
      vertex 78.4415 19.8045 23
    endloop
  endfacet
  facet normal 0 0 1
    outer loop
      vertex 79.2778 18.8685 23
      vertex 78.2195 19.4341 23
      vertex 79.1436 18.5846 23
    endloop
  endfacet
  facet normal -0 0 1
    outer loop
      vertex 78.0349 19.0438 23
      vertex 79.1436 18.5846 23
      vertex 78.2195 19.4341 23
    endloop
  endfacet
  facet normal 0 0 1
    outer loop
      vertex 79.1436 18.5846 23
      vertex 78.0349 19.0438 23
      vertex 79.0378 18.2889 23
    endloop
  endfacet
  facet normal -0 0 1
    outer loop
      vertex 85.0564 16.1354 23
      vertex 86.1651 15.6762 23
      vertex 85.1622 16.4311 23
    endloop
  endfacet
  facet normal 0 0 1
    outer loop
      vertex 86.1651 15.6762 23
      vertex 85.0564 16.1354 23
      vertex 85.9805 15.2859 23
    endloop
  endfacet
  facet normal -0 0 1
    outer loop
      vertex 84.9221 15.8515 23
      vertex 85.9805 15.2859 23
      vertex 85.0564 16.1354 23
    endloop
  endfacet
  facet normal 0 0 1
    outer loop
      vertex 85.9805 15.2859 23
      vertex 84.9221 15.8515 23
      vertex 85.7585 14.9155 23
    endloop
  endfacet
  facet normal -0 0 1
    outer loop
      vertex 84.7607 15.5822 23
      vertex 85.7585 14.9155 23
      vertex 84.9221 15.8515 23
    endloop
  endfacet
  facet normal 0 0 1
    outer loop
      vertex 85.7585 14.9155 23
      vertex 84.7607 15.5822 23
      vertex 85.5012 14.5687 23
    endloop
  endfacet
  facet normal -0 0 1
    outer loop
      vertex 84.5736 15.3299 23
      vertex 85.5012 14.5687 23
      vertex 84.7607 15.5822 23
    endloop
  endfacet
  facet normal 0 0 1
    outer loop
      vertex 85.5012 14.5687 23
      vertex 84.5736 15.3299 23
      vertex 85.2113 14.2487 23
    endloop
  endfacet
  facet normal -0 0 1
    outer loop
      vertex 84.3627 15.0973 23
      vertex 85.2113 14.2487 23
      vertex 84.5736 15.3299 23
    endloop
  endfacet
  facet normal 0 0 1
    outer loop
      vertex 85.2113 14.2487 23
      vertex 84.3627 15.0973 23
      vertex 84.8913 13.9588 23
    endloop
  endfacet
  facet normal -0 0 1
    outer loop
      vertex 84.1301 14.8864 23
      vertex 84.8913 13.9588 23
      vertex 84.3627 15.0973 23
    endloop
  endfacet
  facet normal 0 0 1
    outer loop
      vertex 84.8913 13.9588 23
      vertex 84.1301 14.8864 23
      vertex 84.5445 13.7015 23
    endloop
  endfacet
  facet normal -0 0 1
    outer loop
      vertex 83.8778 14.6993 23
      vertex 84.5445 13.7015 23
      vertex 84.1301 14.8864 23
    endloop
  endfacet
  facet normal 0 0 1
    outer loop
      vertex 84.5445 13.7015 23
      vertex 83.8778 14.6993 23
      vertex 84.1741 13.4795 23
    endloop
  endfacet
  facet normal -0 0 1
    outer loop
      vertex 83.6085 14.5379 23
      vertex 84.1741 13.4795 23
      vertex 83.8778 14.6993 23
    endloop
  endfacet
  facet normal 0 0 1
    outer loop
      vertex 84.1741 13.4795 23
      vertex 83.6085 14.5379 23
      vertex 83.7838 13.2949 23
    endloop
  endfacet
  facet normal -0 0 1
    outer loop
      vertex 83.3246 14.4036 23
      vertex 83.7838 13.2949 23
      vertex 83.6085 14.5379 23
    endloop
  endfacet
  facet normal 0 0 1
    outer loop
      vertex 83.7838 13.2949 23
      vertex 83.3246 14.4036 23
      vertex 83.3773 13.1495 23
    endloop
  endfacet
  facet normal -0 0 1
    outer loop
      vertex 83.0289 14.2978 23
      vertex 83.3773 13.1495 23
      vertex 83.3246 14.4036 23
    endloop
  endfacet
  facet normal 0 0 1
    outer loop
      vertex 83.0289 14.2978 23
      vertex 82.9584 13.0445 23
      vertex 83.3773 13.1495 23
    endloop
  endfacet
  facet normal -0 0 1
    outer loop
      vertex 82.7243 14.2215 23
      vertex 82.9584 13.0445 23
      vertex 83.0289 14.2978 23
    endloop
  endfacet
  facet normal 0 0 1
    outer loop
      vertex 82.7243 14.2215 23
      vertex 82.5313 12.9812 23
      vertex 82.9584 13.0445 23
    endloop
  endfacet
  facet normal -0 0 1
    outer loop
      vertex 82.4137 14.1754 23
      vertex 82.5313 12.9812 23
      vertex 82.7243 14.2215 23
    endloop
  endfacet
  facet normal -0 0 1
    outer loop
      vertex 82.1 14.16 23
      vertex 82.5313 12.9812 23
      vertex 82.4137 14.1754 23
    endloop
  endfacet
  facet normal 0 0 1
    outer loop
      vertex 82.1 14.16 23
      vertex 82.1 12.96 23
      vertex 82.5313 12.9812 23
    endloop
  endfacet
  facet normal 0 0 1
    outer loop
      vertex 81.7863 14.1754 23
      vertex 82.1 12.96 23
      vertex 82.1 14.16 23
    endloop
  endfacet
  facet normal 0 0 1
    outer loop
      vertex 81.7863 14.1754 23
      vertex 81.6687 12.9812 23
      vertex 82.1 12.96 23
    endloop
  endfacet
  facet normal 0 0 1
    outer loop
      vertex 81.4757 14.2215 23
      vertex 81.6687 12.9812 23
      vertex 81.7863 14.1754 23
    endloop
  endfacet
  facet normal 0 0 1
    outer loop
      vertex 81.4757 14.2215 23
      vertex 81.2416 13.0445 23
      vertex 81.6687 12.9812 23
    endloop
  endfacet
  facet normal 0 0 1
    outer loop
      vertex 81.1711 14.2978 23
      vertex 81.2416 13.0445 23
      vertex 81.4757 14.2215 23
    endloop
  endfacet
  facet normal 0 0 1
    outer loop
      vertex 80.8227 13.1495 23
      vertex 81.1711 14.2978 23
      vertex 80.8754 14.4036 23
    endloop
  endfacet
  facet normal 0 0 1
    outer loop
      vertex 81.1711 14.2978 23
      vertex 80.8227 13.1495 23
      vertex 81.2416 13.0445 23
    endloop
  endfacet
  facet normal 0 0 1
    outer loop
      vertex 80.4162 13.2949 23
      vertex 80.8754 14.4036 23
      vertex 80.5915 14.5379 23
    endloop
  endfacet
  facet normal 0 0 1
    outer loop
      vertex 80.8754 14.4036 23
      vertex 80.4162 13.2949 23
      vertex 80.8227 13.1495 23
    endloop
  endfacet
  facet normal 0 0 1
    outer loop
      vertex 80.0259 13.4795 23
      vertex 80.5915 14.5379 23
      vertex 80.3222 14.6993 23
    endloop
  endfacet
  facet normal 0 0 1
    outer loop
      vertex 79.6555 13.7015 23
      vertex 80.3222 14.6993 23
      vertex 80.0699 14.8864 23
    endloop
  endfacet
  facet normal 0 0 1
    outer loop
      vertex 80.5915 14.5379 23
      vertex 80.0259 13.4795 23
      vertex 80.4162 13.2949 23
    endloop
  endfacet
  facet normal 0 0 1
    outer loop
      vertex 79.3087 13.9588 23
      vertex 80.0699 14.8864 23
      vertex 79.8373 15.0973 23
    endloop
  endfacet
  facet normal 0 0 1
    outer loop
      vertex 80.3222 14.6993 23
      vertex 79.6555 13.7015 23
      vertex 80.0259 13.4795 23
    endloop
  endfacet
  facet normal 0 0 1
    outer loop
      vertex 78.9887 14.2487 23
      vertex 79.8373 15.0973 23
      vertex 79.6264 15.3299 23
    endloop
  endfacet
  facet normal 0 0 1
    outer loop
      vertex 78.6988 14.5687 23
      vertex 79.6264 15.3299 23
      vertex 79.4393 15.5822 23
    endloop
  endfacet
  facet normal 0 0 1
    outer loop
      vertex 80.0699 14.8864 23
      vertex 79.3087 13.9588 23
      vertex 79.6555 13.7015 23
    endloop
  endfacet
  facet normal 0 0 1
    outer loop
      vertex 78.4415 14.9155 23
      vertex 79.4393 15.5822 23
      vertex 79.2778 15.8515 23
    endloop
  endfacet
  facet normal 0 0 1
    outer loop
      vertex 78.2195 15.2859 23
      vertex 79.2778 15.8515 23
      vertex 79.1436 16.1354 23
    endloop
  endfacet
  facet normal 0 0 1
    outer loop
      vertex 78.0349 15.6762 23
      vertex 79.1436 16.1354 23
      vertex 79.0378 16.4311 23
    endloop
  endfacet
  facet normal 0 0 1
    outer loop
      vertex 79.8373 15.0973 23
      vertex 78.9887 14.2487 23
      vertex 79.3087 13.9588 23
    endloop
  endfacet
  facet normal 0 0 1
    outer loop
      vertex 77.8895 16.0827 23
      vertex 79.0378 16.4311 23
      vertex 78.9615 16.7357 23
    endloop
  endfacet
  facet normal 0 0 1
    outer loop
      vertex 77.7845 16.5016 23
      vertex 78.9615 16.7357 23
      vertex 78.9154 17.0463 23
    endloop
  endfacet
  facet normal 0 0 1
    outer loop
      vertex 77.7212 16.9287 23
      vertex 78.9154 17.0463 23
      vertex 78.9 17.36 23
    endloop
  endfacet
  facet normal -0 0 1
    outer loop
      vertex 77.8895 18.6373 23
      vertex 79.0378 18.2889 23
      vertex 78.0349 19.0438 23
    endloop
  endfacet
  facet normal 0 0 1
    outer loop
      vertex 79.6264 15.3299 23
      vertex 78.6988 14.5687 23
      vertex 78.9887 14.2487 23
    endloop
  endfacet
  facet normal 0 0 1
    outer loop
      vertex 79.0378 18.2889 23
      vertex 77.8895 18.6373 23
      vertex 78.9615 17.9843 23
    endloop
  endfacet
  facet normal 0 0 1
    outer loop
      vertex 79.4393 15.5822 23
      vertex 78.4415 14.9155 23
      vertex 78.6988 14.5687 23
    endloop
  endfacet
  facet normal -0 0 1
    outer loop
      vertex 77.7845 18.2184 23
      vertex 78.9615 17.9843 23
      vertex 77.8895 18.6373 23
    endloop
  endfacet
  facet normal 0 0 1
    outer loop
      vertex 79.2778 15.8515 23
      vertex 78.2195 15.2859 23
      vertex 78.4415 14.9155 23
    endloop
  endfacet
  facet normal 0 0 1
    outer loop
      vertex 78.9615 17.9843 23
      vertex 77.7845 18.2184 23
      vertex 78.9154 17.6737 23
    endloop
  endfacet
  facet normal 0 0 1
    outer loop
      vertex 79.1436 16.1354 23
      vertex 78.0349 15.6762 23
      vertex 78.2195 15.2859 23
    endloop
  endfacet
  facet normal -0 0 1
    outer loop
      vertex 77.7212 17.7913 23
      vertex 78.9154 17.6737 23
      vertex 77.7845 18.2184 23
    endloop
  endfacet
  facet normal 0 0 1
    outer loop
      vertex 79.0378 16.4311 23
      vertex 77.8895 16.0827 23
      vertex 78.0349 15.6762 23
    endloop
  endfacet
  facet normal 0 0 1
    outer loop
      vertex 78.9154 17.6737 23
      vertex 77.7212 17.7913 23
      vertex 78.9 17.36 23
    endloop
  endfacet
  facet normal 0 0 1
    outer loop
      vertex 78.9615 16.7357 23
      vertex 77.7845 16.5016 23
      vertex 77.8895 16.0827 23
    endloop
  endfacet
  facet normal 0 0 1
    outer loop
      vertex 77.7 17.36 23
      vertex 78.9 17.36 23
      vertex 77.7212 17.7913 23
    endloop
  endfacet
  facet normal 0 0 1
    outer loop
      vertex 78.9154 17.0463 23
      vertex 77.7212 16.9287 23
      vertex 77.7845 16.5016 23
    endloop
  endfacet
  facet normal 0 0 1
    outer loop
      vertex 78.9 17.36 23
      vertex 77.7 17.36 23
      vertex 77.7212 16.9287 23
    endloop
  endfacet
  facet normal -0.336791 0.941579 0
    outer loop
      vertex 80.8227 21.5705 3
      vertex 80.4162 21.4251 23
      vertex 80.8227 21.5705 23
    endloop
  endfacet
  facet normal -0.336791 0.941579 0
    outer loop
      vertex 80.4162 21.4251 23
      vertex 80.8227 21.5705 3
      vertex 80.4162 21.4251 3
    endloop
  endfacet
  facet normal 0.146607 -0.989195 0
    outer loop
      vertex 82.5313 12.9812 3
      vertex 82.9584 13.0445 23
      vertex 82.5313 12.9812 23
    endloop
  endfacet
  facet normal 0.146607 -0.989195 0
    outer loop
      vertex 82.9584 13.0445 23
      vertex 82.5313 12.9812 3
      vertex 82.9584 13.0445 3
    endloop
  endfacet
  facet normal 0.514087 0.857738 -0
    outer loop
      vertex 84.5445 21.0185 3
      vertex 84.1741 21.2405 23
      vertex 84.5445 21.0185 23
    endloop
  endfacet
  facet normal 0.514087 0.857738 0
    outer loop
      vertex 84.1741 21.2405 23
      vertex 84.5445 21.0185 3
      vertex 84.1741 21.2405 3
    endloop
  endfacet
  facet normal -0.146607 -0.989195 0
    outer loop
      vertex 81.2416 13.0445 3
      vertex 81.6687 12.9812 23
      vertex 81.2416 13.0445 23
    endloop
  endfacet
  facet normal -0.146607 -0.989195 -0
    outer loop
      vertex 81.6687 12.9812 23
      vertex 81.2416 13.0445 3
      vertex 81.6687 12.9812 3
    endloop
  endfacet
  facet normal -0.989195 -0.146607 0
    outer loop
      vertex 77.7845 16.5016 3
      vertex 77.7212 16.9287 23
      vertex 77.7212 16.9287 3
    endloop
  endfacet
  facet normal -0.989195 -0.146607 0
    outer loop
      vertex 77.7212 16.9287 23
      vertex 77.7845 16.5016 3
      vertex 77.7845 16.5016 23
    endloop
  endfacet
  facet normal 0.803102 0.595842 0
    outer loop
      vertex 85.7585 19.8045 23
      vertex 85.5012 20.1513 3
      vertex 85.5012 20.1513 23
    endloop
  endfacet
  facet normal 0.803102 0.595842 0
    outer loop
      vertex 85.5012 20.1513 3
      vertex 85.7585 19.8045 23
      vertex 85.7585 19.8045 3
    endloop
  endfacet
  facet normal 0.336791 0.941579 -0
    outer loop
      vertex 83.7838 21.4251 3
      vertex 83.3773 21.5705 23
      vertex 83.7838 21.4251 23
    endloop
  endfacet
  facet normal 0.336791 0.941579 0
    outer loop
      vertex 83.3773 21.5705 23
      vertex 83.7838 21.4251 3
      vertex 83.3773 21.5705 3
    endloop
  endfacet
  facet normal -0.803102 0.595842 0
    outer loop
      vertex 78.4415 19.8045 3
      vertex 78.6988 20.1513 23
      vertex 78.6988 20.1513 3
    endloop
  endfacet
  facet normal -0.803102 0.595842 0
    outer loop
      vertex 78.6988 20.1513 23
      vertex 78.4415 19.8045 3
      vertex 78.4415 19.8045 23
    endloop
  endfacet
  facet normal 0.803102 -0.595842 0
    outer loop
      vertex 85.5012 14.5687 23
      vertex 85.7585 14.9155 3
      vertex 85.7585 14.9155 23
    endloop
  endfacet
  facet normal 0.803102 -0.595842 0
    outer loop
      vertex 85.7585 14.9155 3
      vertex 85.5012 14.5687 23
      vertex 85.5012 14.5687 3
    endloop
  endfacet
  facet normal 0.427559 -0.903988 0
    outer loop
      vertex 83.7838 13.2949 3
      vertex 84.1741 13.4795 23
      vertex 83.7838 13.2949 23
    endloop
  endfacet
  facet normal 0.427559 -0.903988 0
    outer loop
      vertex 84.1741 13.4795 23
      vertex 83.7838 13.2949 3
      vertex 84.1741 13.4795 3
    endloop
  endfacet
  facet normal 0.989195 -0.146607 0
    outer loop
      vertex 86.4155 16.5016 23
      vertex 86.4788 16.9287 3
      vertex 86.4788 16.9287 23
    endloop
  endfacet
  facet normal 0.989195 -0.146607 0
    outer loop
      vertex 86.4788 16.9287 3
      vertex 86.4155 16.5016 23
      vertex 86.4155 16.5016 3
    endloop
  endfacet
  facet normal -0.427559 -0.903988 0
    outer loop
      vertex 80.0259 13.4795 3
      vertex 80.4162 13.2949 23
      vertex 80.0259 13.4795 23
    endloop
  endfacet
  facet normal -0.427559 -0.903988 -0
    outer loop
      vertex 80.4162 13.2949 23
      vertex 80.0259 13.4795 3
      vertex 80.4162 13.2949 3
    endloop
  endfacet
  facet normal 0.941579 0.336791 0
    outer loop
      vertex 86.3105 18.6373 23
      vertex 86.1651 19.0438 3
      vertex 86.1651 19.0438 23
    endloop
  endfacet
  facet normal 0.941579 0.336791 0
    outer loop
      vertex 86.1651 19.0438 3
      vertex 86.3105 18.6373 23
      vertex 86.3105 18.6373 3
    endloop
  endfacet
  facet normal -0.427559 0.903988 0
    outer loop
      vertex 80.4162 21.4251 3
      vertex 80.0259 21.2405 23
      vertex 80.4162 21.4251 23
    endloop
  endfacet
  facet normal -0.427559 0.903988 0
    outer loop
      vertex 80.0259 21.2405 23
      vertex 80.4162 21.4251 3
      vertex 80.0259 21.2405 3
    endloop
  endfacet
  facet normal 0.595842 0.803102 -0
    outer loop
      vertex 84.8913 20.7612 3
      vertex 84.5445 21.0185 23
      vertex 84.8913 20.7612 23
    endloop
  endfacet
  facet normal 0.595842 0.803102 0
    outer loop
      vertex 84.5445 21.0185 23
      vertex 84.8913 20.7612 3
      vertex 84.5445 21.0185 3
    endloop
  endfacet
  facet normal 0.903988 0.427559 0
    outer loop
      vertex 86.1651 19.0438 23
      vertex 85.9805 19.4341 3
      vertex 85.9805 19.4341 23
    endloop
  endfacet
  facet normal 0.903988 0.427559 0
    outer loop
      vertex 85.9805 19.4341 3
      vertex 86.1651 19.0438 23
      vertex 86.1651 19.0438 3
    endloop
  endfacet
  facet normal -0.595842 0.803102 0
    outer loop
      vertex 79.6555 21.0185 3
      vertex 79.3087 20.7612 23
      vertex 79.6555 21.0185 23
    endloop
  endfacet
  facet normal -0.595842 0.803102 0
    outer loop
      vertex 79.3087 20.7612 23
      vertex 79.6555 21.0185 3
      vertex 79.3087 20.7612 3
    endloop
  endfacet
  facet normal 0.595842 -0.803102 0
    outer loop
      vertex 84.5445 13.7015 3
      vertex 84.8913 13.9588 23
      vertex 84.5445 13.7015 23
    endloop
  endfacet
  facet normal 0.595842 -0.803102 0
    outer loop
      vertex 84.8913 13.9588 23
      vertex 84.5445 13.7015 3
      vertex 84.8913 13.9588 3
    endloop
  endfacet
  facet normal 0.857738 0.514087 0
    outer loop
      vertex 85.9805 19.4341 23
      vertex 85.7585 19.8045 3
      vertex 85.7585 19.8045 23
    endloop
  endfacet
  facet normal 0.857738 0.514087 0
    outer loop
      vertex 85.7585 19.8045 3
      vertex 85.9805 19.4341 23
      vertex 85.9805 19.4341 3
    endloop
  endfacet
  facet normal -0.514087 0.857738 0
    outer loop
      vertex 80.0259 21.2405 3
      vertex 79.6555 21.0185 23
      vertex 80.0259 21.2405 23
    endloop
  endfacet
  facet normal -0.514087 0.857738 0
    outer loop
      vertex 79.6555 21.0185 23
      vertex 80.0259 21.2405 3
      vertex 79.6555 21.0185 3
    endloop
  endfacet
  facet normal -0.243135 -0.969992 0
    outer loop
      vertex 80.8227 13.1495 3
      vertex 81.2416 13.0445 23
      vertex 80.8227 13.1495 23
    endloop
  endfacet
  facet normal -0.243135 -0.969992 -0
    outer loop
      vertex 81.2416 13.0445 23
      vertex 80.8227 13.1495 3
      vertex 81.2416 13.0445 3
    endloop
  endfacet
  facet normal 0.146607 0.989195 -0
    outer loop
      vertex 82.9584 21.6755 3
      vertex 82.5313 21.7388 23
      vertex 82.9584 21.6755 23
    endloop
  endfacet
  facet normal 0.146607 0.989195 0
    outer loop
      vertex 82.5313 21.7388 23
      vertex 82.9584 21.6755 3
      vertex 82.5313 21.7388 3
    endloop
  endfacet
  facet normal -0.671392 0.741102 0
    outer loop
      vertex 79.3087 20.7612 3
      vertex 78.9887 20.4713 23
      vertex 79.3087 20.7612 23
    endloop
  endfacet
  facet normal -0.671392 0.741102 0
    outer loop
      vertex 78.9887 20.4713 23
      vertex 79.3087 20.7612 3
      vertex 78.9887 20.4713 3
    endloop
  endfacet
  facet normal 0.336791 -0.941579 0
    outer loop
      vertex 83.3773 13.1495 3
      vertex 83.7838 13.2949 23
      vertex 83.3773 13.1495 23
    endloop
  endfacet
  facet normal 0.336791 -0.941579 0
    outer loop
      vertex 83.7838 13.2949 23
      vertex 83.3773 13.1495 3
      vertex 83.7838 13.2949 3
    endloop
  endfacet
  facet normal -0.803102 -0.595842 0
    outer loop
      vertex 78.6988 14.5687 3
      vertex 78.4415 14.9155 23
      vertex 78.4415 14.9155 3
    endloop
  endfacet
  facet normal -0.803102 -0.595842 0
    outer loop
      vertex 78.4415 14.9155 23
      vertex 78.6988 14.5687 3
      vertex 78.6988 14.5687 23
    endloop
  endfacet
  facet normal -0.998794 -0.0490944 0
    outer loop
      vertex 77.7212 16.9287 3
      vertex 77.7 17.36 23
      vertex 77.7 17.36 3
    endloop
  endfacet
  facet normal -0.998794 -0.0490944 0
    outer loop
      vertex 77.7 17.36 23
      vertex 77.7212 16.9287 3
      vertex 77.7212 16.9287 23
    endloop
  endfacet
  facet normal -0.741102 0.671392 0
    outer loop
      vertex 78.6988 20.1513 3
      vertex 78.9887 20.4713 23
      vertex 78.9887 20.4713 3
    endloop
  endfacet
  facet normal -0.741102 0.671392 0
    outer loop
      vertex 78.9887 20.4713 23
      vertex 78.6988 20.1513 3
      vertex 78.6988 20.1513 23
    endloop
  endfacet
  facet normal -0.0490944 -0.998794 0
    outer loop
      vertex 81.6687 12.9812 3
      vertex 82.1 12.96 23
      vertex 81.6687 12.9812 23
    endloop
  endfacet
  facet normal -0.0490944 -0.998794 -0
    outer loop
      vertex 82.1 12.96 23
      vertex 81.6687 12.9812 3
      vertex 82.1 12.96 3
    endloop
  endfacet
  facet normal 0.0490944 -0.998794 0
    outer loop
      vertex 82.1 12.96 3
      vertex 82.5313 12.9812 23
      vertex 82.1 12.96 23
    endloop
  endfacet
  facet normal 0.0490944 -0.998794 0
    outer loop
      vertex 82.5313 12.9812 23
      vertex 82.1 12.96 3
      vertex 82.5313 12.9812 3
    endloop
  endfacet
  facet normal -0.671392 -0.741102 0
    outer loop
      vertex 78.9887 14.2487 3
      vertex 79.3087 13.9588 23
      vertex 78.9887 14.2487 23
    endloop
  endfacet
  facet normal -0.671392 -0.741102 -0
    outer loop
      vertex 79.3087 13.9588 23
      vertex 78.9887 14.2487 3
      vertex 79.3087 13.9588 3
    endloop
  endfacet
  facet normal 0.243135 -0.969992 0
    outer loop
      vertex 82.9584 13.0445 3
      vertex 83.3773 13.1495 23
      vertex 82.9584 13.0445 23
    endloop
  endfacet
  facet normal 0.243135 -0.969992 0
    outer loop
      vertex 83.3773 13.1495 23
      vertex 82.9584 13.0445 3
      vertex 83.3773 13.1495 3
    endloop
  endfacet
  facet normal -0.741102 -0.671392 0
    outer loop
      vertex 78.9887 14.2487 3
      vertex 78.6988 14.5687 23
      vertex 78.6988 14.5687 3
    endloop
  endfacet
  facet normal -0.741102 -0.671392 0
    outer loop
      vertex 78.6988 14.5687 23
      vertex 78.9887 14.2487 3
      vertex 78.9887 14.2487 23
    endloop
  endfacet
  facet normal -0.989195 0.146607 0
    outer loop
      vertex 77.7212 17.7913 3
      vertex 77.7845 18.2184 23
      vertex 77.7845 18.2184 3
    endloop
  endfacet
  facet normal -0.989195 0.146607 0
    outer loop
      vertex 77.7845 18.2184 23
      vertex 77.7212 17.7913 3
      vertex 77.7212 17.7913 23
    endloop
  endfacet
  facet normal -0.857738 0.514087 0
    outer loop
      vertex 78.2195 19.4341 3
      vertex 78.4415 19.8045 23
      vertex 78.4415 19.8045 3
    endloop
  endfacet
  facet normal -0.857738 0.514087 0
    outer loop
      vertex 78.4415 19.8045 23
      vertex 78.2195 19.4341 3
      vertex 78.2195 19.4341 23
    endloop
  endfacet
  facet normal 0.941579 -0.336791 0
    outer loop
      vertex 86.1651 15.6762 23
      vertex 86.3105 16.0827 3
      vertex 86.3105 16.0827 23
    endloop
  endfacet
  facet normal 0.941579 -0.336791 0
    outer loop
      vertex 86.3105 16.0827 3
      vertex 86.1651 15.6762 23
      vertex 86.1651 15.6762 3
    endloop
  endfacet
  facet normal 0.741102 -0.671392 0
    outer loop
      vertex 85.2113 14.2487 23
      vertex 85.5012 14.5687 3
      vertex 85.5012 14.5687 23
    endloop
  endfacet
  facet normal 0.741102 -0.671392 0
    outer loop
      vertex 85.5012 14.5687 3
      vertex 85.2113 14.2487 23
      vertex 85.2113 14.2487 3
    endloop
  endfacet
  facet normal -0.336791 -0.941579 0
    outer loop
      vertex 80.4162 13.2949 3
      vertex 80.8227 13.1495 23
      vertex 80.4162 13.2949 23
    endloop
  endfacet
  facet normal -0.336791 -0.941579 -0
    outer loop
      vertex 80.8227 13.1495 23
      vertex 80.4162 13.2949 3
      vertex 80.8227 13.1495 3
    endloop
  endfacet
  facet normal 0.514087 -0.857738 0
    outer loop
      vertex 84.1741 13.4795 3
      vertex 84.5445 13.7015 23
      vertex 84.1741 13.4795 23
    endloop
  endfacet
  facet normal 0.514087 -0.857738 0
    outer loop
      vertex 84.5445 13.7015 23
      vertex 84.1741 13.4795 3
      vertex 84.5445 13.7015 3
    endloop
  endfacet
  facet normal -0.903988 -0.427559 0
    outer loop
      vertex 78.2195 15.2859 3
      vertex 78.0349 15.6762 23
      vertex 78.0349 15.6762 3
    endloop
  endfacet
  facet normal -0.903988 -0.427559 0
    outer loop
      vertex 78.0349 15.6762 23
      vertex 78.2195 15.2859 3
      vertex 78.2195 15.2859 23
    endloop
  endfacet
  facet normal 0.671392 -0.741102 0
    outer loop
      vertex 84.8913 13.9588 3
      vertex 85.2113 14.2487 23
      vertex 84.8913 13.9588 23
    endloop
  endfacet
  facet normal 0.671392 -0.741102 0
    outer loop
      vertex 85.2113 14.2487 23
      vertex 84.8913 13.9588 3
      vertex 85.2113 14.2487 3
    endloop
  endfacet
  facet normal -0.998794 0.0490944 0
    outer loop
      vertex 77.7 17.36 3
      vertex 77.7212 17.7913 23
      vertex 77.7212 17.7913 3
    endloop
  endfacet
  facet normal -0.998794 0.0490944 0
    outer loop
      vertex 77.7212 17.7913 23
      vertex 77.7 17.36 3
      vertex 77.7 17.36 23
    endloop
  endfacet
  facet normal -0.514087 -0.857738 0
    outer loop
      vertex 79.6555 13.7015 3
      vertex 80.0259 13.4795 23
      vertex 79.6555 13.7015 23
    endloop
  endfacet
  facet normal -0.514087 -0.857738 -0
    outer loop
      vertex 80.0259 13.4795 23
      vertex 79.6555 13.7015 3
      vertex 80.0259 13.4795 3
    endloop
  endfacet
  facet normal -0.336791 -0.941579 0
    outer loop
      vertex 80.4162 40.5749 3
      vertex 80.8227 40.4295 23
      vertex 80.4162 40.5749 23
    endloop
  endfacet
  facet normal -0.336791 -0.941579 -0
    outer loop
      vertex 80.8227 40.4295 23
      vertex 80.4162 40.5749 3
      vertex 80.8227 40.4295 3
    endloop
  endfacet
  facet normal 0.989195 0.146607 0
    outer loop
      vertex 86.4788 45.0713 23
      vertex 86.4155 45.4984 3
      vertex 86.4155 45.4984 23
    endloop
  endfacet
  facet normal 0.989195 0.146607 0
    outer loop
      vertex 86.4155 45.4984 3
      vertex 86.4788 45.0713 23
      vertex 86.4788 45.0713 3
    endloop
  endfacet
  facet normal 0.998794 0.0490944 0
    outer loop
      vertex 86.5 44.64 23
      vertex 86.4788 45.0713 3
      vertex 86.4788 45.0713 23
    endloop
  endfacet
  facet normal 0.998794 0.0490944 0
    outer loop
      vertex 86.4788 45.0713 3
      vertex 86.5 44.64 23
      vertex 86.5 44.64 3
    endloop
  endfacet
  facet normal 0.969992 0.243135 0
    outer loop
      vertex 86.4155 45.4984 23
      vertex 86.3105 45.9173 3
      vertex 86.3105 45.9173 23
    endloop
  endfacet
  facet normal 0.969992 0.243135 0
    outer loop
      vertex 86.3105 45.9173 3
      vertex 86.4155 45.4984 23
      vertex 86.4155 45.4984 3
    endloop
  endfacet
  facet normal -0.989195 0.146607 0
    outer loop
      vertex 77.7212 45.0713 3
      vertex 77.7845 45.4984 23
      vertex 77.7845 45.4984 3
    endloop
  endfacet
  facet normal -0.989195 0.146607 0
    outer loop
      vertex 77.7845 45.4984 23
      vertex 77.7212 45.0713 3
      vertex 77.7212 45.0713 23
    endloop
  endfacet
  facet normal -0.243135 -0.969992 0
    outer loop
      vertex 80.8227 40.4295 3
      vertex 81.2416 40.3245 23
      vertex 80.8227 40.4295 23
    endloop
  endfacet
  facet normal -0.243135 -0.969992 -0
    outer loop
      vertex 81.2416 40.3245 23
      vertex 80.8227 40.4295 3
      vertex 81.2416 40.3245 3
    endloop
  endfacet
  facet normal 0.336791 0.941579 -0
    outer loop
      vertex 83.7838 48.7051 3
      vertex 83.3773 48.8505 23
      vertex 83.7838 48.7051 23
    endloop
  endfacet
  facet normal 0.336791 0.941579 0
    outer loop
      vertex 83.3773 48.8505 23
      vertex 83.7838 48.7051 3
      vertex 83.3773 48.8505 3
    endloop
  endfacet
  facet normal -0.514087 0.857738 0
    outer loop
      vertex 80.0259 48.5205 3
      vertex 79.6555 48.2985 23
      vertex 80.0259 48.5205 23
    endloop
  endfacet
  facet normal -0.514087 0.857738 0
    outer loop
      vertex 79.6555 48.2985 23
      vertex 80.0259 48.5205 3
      vertex 79.6555 48.2985 3
    endloop
  endfacet
  facet normal -0.903988 -0.427559 0
    outer loop
      vertex 78.2195 42.5659 3
      vertex 78.0349 42.9562 23
      vertex 78.0349 42.9562 3
    endloop
  endfacet
  facet normal -0.903988 -0.427559 0
    outer loop
      vertex 78.0349 42.9562 23
      vertex 78.2195 42.5659 3
      vertex 78.2195 42.5659 23
    endloop
  endfacet
  facet normal -0.243135 0.969992 0
    outer loop
      vertex 81.2416 48.9555 3
      vertex 80.8227 48.8505 23
      vertex 81.2416 48.9555 23
    endloop
  endfacet
  facet normal -0.243135 0.969992 0
    outer loop
      vertex 80.8227 48.8505 23
      vertex 81.2416 48.9555 3
      vertex 80.8227 48.8505 3
    endloop
  endfacet
  facet normal -0.857738 -0.514087 0
    outer loop
      vertex 78.4415 42.1955 3
      vertex 78.2195 42.5659 23
      vertex 78.2195 42.5659 3
    endloop
  endfacet
  facet normal -0.857738 -0.514087 0
    outer loop
      vertex 78.2195 42.5659 23
      vertex 78.4415 42.1955 3
      vertex 78.4415 42.1955 23
    endloop
  endfacet
  facet normal 0.243135 -0.969992 0
    outer loop
      vertex 82.9584 40.3245 3
      vertex 83.3773 40.4295 23
      vertex 82.9584 40.3245 23
    endloop
  endfacet
  facet normal 0.243135 -0.969992 0
    outer loop
      vertex 83.3773 40.4295 23
      vertex 82.9584 40.3245 3
      vertex 83.3773 40.4295 3
    endloop
  endfacet
  facet normal -0.595842 -0.803102 0
    outer loop
      vertex 79.3087 41.2388 3
      vertex 79.6555 40.9815 23
      vertex 79.3087 41.2388 23
    endloop
  endfacet
  facet normal -0.595842 -0.803102 -0
    outer loop
      vertex 79.6555 40.9815 23
      vertex 79.3087 41.2388 3
      vertex 79.6555 40.9815 3
    endloop
  endfacet
  facet normal 0.514087 -0.857738 0
    outer loop
      vertex 84.1741 40.7595 3
      vertex 84.5445 40.9815 23
      vertex 84.1741 40.7595 23
    endloop
  endfacet
  facet normal 0.514087 -0.857738 0
    outer loop
      vertex 84.5445 40.9815 23
      vertex 84.1741 40.7595 3
      vertex 84.5445 40.9815 3
    endloop
  endfacet
  facet normal 0.803102 -0.595842 0
    outer loop
      vertex 85.5012 41.8487 23
      vertex 85.7585 42.1955 3
      vertex 85.7585 42.1955 23
    endloop
  endfacet
  facet normal 0.803102 -0.595842 0
    outer loop
      vertex 85.7585 42.1955 3
      vertex 85.5012 41.8487 23
      vertex 85.5012 41.8487 3
    endloop
  endfacet
  facet normal 0.146607 0.989195 -0
    outer loop
      vertex 82.9584 48.9555 3
      vertex 82.5313 49.0188 23
      vertex 82.9584 48.9555 23
    endloop
  endfacet
  facet normal 0.146607 0.989195 0
    outer loop
      vertex 82.5313 49.0188 23
      vertex 82.9584 48.9555 3
      vertex 82.5313 49.0188 3
    endloop
  endfacet
  facet normal -0.595842 0.803102 0
    outer loop
      vertex 79.6555 48.2985 3
      vertex 79.3087 48.0412 23
      vertex 79.6555 48.2985 23
    endloop
  endfacet
  facet normal -0.595842 0.803102 0
    outer loop
      vertex 79.3087 48.0412 23
      vertex 79.6555 48.2985 3
      vertex 79.3087 48.0412 3
    endloop
  endfacet
  facet normal -0.803102 0.595842 0
    outer loop
      vertex 78.4415 47.0845 3
      vertex 78.6988 47.4313 23
      vertex 78.6988 47.4313 3
    endloop
  endfacet
  facet normal -0.803102 0.595842 0
    outer loop
      vertex 78.6988 47.4313 23
      vertex 78.4415 47.0845 3
      vertex 78.4415 47.0845 23
    endloop
  endfacet
  facet normal 0.989195 -0.146607 0
    outer loop
      vertex 86.4155 43.7816 23
      vertex 86.4788 44.2087 3
      vertex 86.4788 44.2087 23
    endloop
  endfacet
  facet normal 0.989195 -0.146607 0
    outer loop
      vertex 86.4788 44.2087 3
      vertex 86.4155 43.7816 23
      vertex 86.4155 43.7816 3
    endloop
  endfacet
  facet normal -0.941579 0.336791 0
    outer loop
      vertex 77.8895 45.9173 3
      vertex 78.0349 46.3238 23
      vertex 78.0349 46.3238 3
    endloop
  endfacet
  facet normal -0.941579 0.336791 0
    outer loop
      vertex 78.0349 46.3238 23
      vertex 77.8895 45.9173 3
      vertex 77.8895 45.9173 23
    endloop
  endfacet
  facet normal 0.427559 0.903988 -0
    outer loop
      vertex 84.1741 48.5205 3
      vertex 83.7838 48.7051 23
      vertex 84.1741 48.5205 23
    endloop
  endfacet
  facet normal 0.427559 0.903988 0
    outer loop
      vertex 83.7838 48.7051 23
      vertex 84.1741 48.5205 3
      vertex 83.7838 48.7051 3
    endloop
  endfacet
  facet normal -0.941579 -0.336791 0
    outer loop
      vertex 78.0349 42.9562 3
      vertex 77.8895 43.3627 23
      vertex 77.8895 43.3627 3
    endloop
  endfacet
  facet normal -0.941579 -0.336791 0
    outer loop
      vertex 77.8895 43.3627 23
      vertex 78.0349 42.9562 3
      vertex 78.0349 42.9562 23
    endloop
  endfacet
  facet normal 0.969992 -0.243135 0
    outer loop
      vertex 86.3105 43.3627 23
      vertex 86.4155 43.7816 3
      vertex 86.4155 43.7816 23
    endloop
  endfacet
  facet normal 0.969992 -0.243135 0
    outer loop
      vertex 86.4155 43.7816 3
      vertex 86.3105 43.3627 23
      vertex 86.3105 43.3627 3
    endloop
  endfacet
  facet normal -0.0490944 0.998794 0
    outer loop
      vertex 82.1 49.04 3
      vertex 81.6687 49.0188 23
      vertex 82.1 49.04 23
    endloop
  endfacet
  facet normal -0.0490944 0.998794 0
    outer loop
      vertex 81.6687 49.0188 23
      vertex 82.1 49.04 3
      vertex 81.6687 49.0188 3
    endloop
  endfacet
  facet normal 0.671392 0.741102 -0
    outer loop
      vertex 85.2113 47.7513 3
      vertex 84.8913 48.0412 23
      vertex 85.2113 47.7513 23
    endloop
  endfacet
  facet normal 0.671392 0.741102 0
    outer loop
      vertex 84.8913 48.0412 23
      vertex 85.2113 47.7513 3
      vertex 84.8913 48.0412 3
    endloop
  endfacet
  facet normal -0.427559 0.903988 0
    outer loop
      vertex 80.4162 48.7051 3
      vertex 80.0259 48.5205 23
      vertex 80.4162 48.7051 23
    endloop
  endfacet
  facet normal -0.427559 0.903988 0
    outer loop
      vertex 80.0259 48.5205 23
      vertex 80.4162 48.7051 3
      vertex 80.0259 48.5205 3
    endloop
  endfacet
  facet normal -0.671392 0.741102 0
    outer loop
      vertex 79.3087 48.0412 3
      vertex 78.9887 47.7513 23
      vertex 79.3087 48.0412 23
    endloop
  endfacet
  facet normal -0.671392 0.741102 0
    outer loop
      vertex 78.9887 47.7513 23
      vertex 79.3087 48.0412 3
      vertex 78.9887 47.7513 3
    endloop
  endfacet
  facet normal 0.336791 -0.941579 0
    outer loop
      vertex 83.3773 40.4295 3
      vertex 83.7838 40.5749 23
      vertex 83.3773 40.4295 23
    endloop
  endfacet
  facet normal 0.336791 -0.941579 0
    outer loop
      vertex 83.7838 40.5749 23
      vertex 83.3773 40.4295 3
      vertex 83.7838 40.5749 3
    endloop
  endfacet
  facet normal -0.336791 0.941579 0
    outer loop
      vertex 80.8227 48.8505 3
      vertex 80.4162 48.7051 23
      vertex 80.8227 48.8505 23
    endloop
  endfacet
  facet normal -0.336791 0.941579 0
    outer loop
      vertex 80.4162 48.7051 23
      vertex 80.8227 48.8505 3
      vertex 80.4162 48.7051 3
    endloop
  endfacet
  facet normal 0.803102 0.595842 0
    outer loop
      vertex 85.7585 47.0845 23
      vertex 85.5012 47.4313 3
      vertex 85.5012 47.4313 23
    endloop
  endfacet
  facet normal 0.803102 0.595842 0
    outer loop
      vertex 85.5012 47.4313 3
      vertex 85.7585 47.0845 23
      vertex 85.7585 47.0845 3
    endloop
  endfacet
  facet normal -0.857738 0.514087 0
    outer loop
      vertex 78.2195 46.7141 3
      vertex 78.4415 47.0845 23
      vertex 78.4415 47.0845 3
    endloop
  endfacet
  facet normal -0.857738 0.514087 0
    outer loop
      vertex 78.4415 47.0845 23
      vertex 78.2195 46.7141 3
      vertex 78.2195 46.7141 23
    endloop
  endfacet
  facet normal 0.998794 -0.0490944 0
    outer loop
      vertex 86.4788 44.2087 23
      vertex 86.5 44.64 3
      vertex 86.5 44.64 23
    endloop
  endfacet
  facet normal 0.998794 -0.0490944 0
    outer loop
      vertex 86.5 44.64 3
      vertex 86.4788 44.2087 23
      vertex 86.4788 44.2087 3
    endloop
  endfacet
  facet normal 0.903988 -0.427559 0
    outer loop
      vertex 85.9805 42.5659 23
      vertex 86.1651 42.9562 3
      vertex 86.1651 42.9562 23
    endloop
  endfacet
  facet normal 0.903988 -0.427559 0
    outer loop
      vertex 86.1651 42.9562 3
      vertex 85.9805 42.5659 23
      vertex 85.9805 42.5659 3
    endloop
  endfacet
  facet normal 0.857738 0.514087 0
    outer loop
      vertex 85.9805 46.7141 23
      vertex 85.7585 47.0845 3
      vertex 85.7585 47.0845 23
    endloop
  endfacet
  facet normal 0.857738 0.514087 0
    outer loop
      vertex 85.7585 47.0845 3
      vertex 85.9805 46.7141 23
      vertex 85.9805 46.7141 3
    endloop
  endfacet
  facet normal 0 0 1
    outer loop
      vertex 85.3 44.64 23
      vertex 86.5 44.64 23
      vertex 86.4788 45.0713 23
    endloop
  endfacet
  facet normal 0 0 1
    outer loop
      vertex 85.2846 44.9537 23
      vertex 86.4788 45.0713 23
      vertex 86.4155 45.4984 23
    endloop
  endfacet
  facet normal 0 0 1
    outer loop
      vertex 86.5 44.64 23
      vertex 85.3 44.64 23
      vertex 86.4788 44.2087 23
    endloop
  endfacet
  facet normal 0 0 1
    outer loop
      vertex 85.2385 45.2643 23
      vertex 86.4155 45.4984 23
      vertex 86.3105 45.9173 23
    endloop
  endfacet
  facet normal -0 0 1
    outer loop
      vertex 85.2846 44.3263 23
      vertex 86.4788 44.2087 23
      vertex 85.3 44.64 23
    endloop
  endfacet
  facet normal 0 0 1
    outer loop
      vertex 85.1622 45.5689 23
      vertex 86.3105 45.9173 23
      vertex 86.1651 46.3238 23
    endloop
  endfacet
  facet normal 0 0 1
    outer loop
      vertex 86.4788 44.2087 23
      vertex 85.2846 44.3263 23
      vertex 86.4155 43.7816 23
    endloop
  endfacet
  facet normal 0 0 1
    outer loop
      vertex 85.0564 45.8646 23
      vertex 86.1651 46.3238 23
      vertex 85.9805 46.7141 23
    endloop
  endfacet
  facet normal -0 0 1
    outer loop
      vertex 85.2385 44.0157 23
      vertex 86.4155 43.7816 23
      vertex 85.2846 44.3263 23
    endloop
  endfacet
  facet normal 0 0 1
    outer loop
      vertex 84.9221 46.1485 23
      vertex 85.9805 46.7141 23
      vertex 85.7585 47.0845 23
    endloop
  endfacet
  facet normal 0 0 1
    outer loop
      vertex 86.4155 43.7816 23
      vertex 85.2385 44.0157 23
      vertex 86.3105 43.3627 23
    endloop
  endfacet
  facet normal 0 0 1
    outer loop
      vertex 84.7607 46.4178 23
      vertex 85.7585 47.0845 23
      vertex 85.5012 47.4313 23
    endloop
  endfacet
  facet normal -0 0 1
    outer loop
      vertex 85.1622 43.7111 23
      vertex 86.3105 43.3627 23
      vertex 85.2385 44.0157 23
    endloop
  endfacet
  facet normal 0 0 1
    outer loop
      vertex 86.3105 43.3627 23
      vertex 85.1622 43.7111 23
      vertex 86.1651 42.9562 23
    endloop
  endfacet
  facet normal 0 0 1
    outer loop
      vertex 86.4788 45.0713 23
      vertex 85.2846 44.9537 23
      vertex 85.3 44.64 23
    endloop
  endfacet
  facet normal 0 0 1
    outer loop
      vertex 86.4155 45.4984 23
      vertex 85.2385 45.2643 23
      vertex 85.2846 44.9537 23
    endloop
  endfacet
  facet normal 0 0 1
    outer loop
      vertex 84.5736 46.6701 23
      vertex 85.5012 47.4313 23
      vertex 85.2113 47.7513 23
    endloop
  endfacet
  facet normal 0 0 1
    outer loop
      vertex 86.3105 45.9173 23
      vertex 85.1622 45.5689 23
      vertex 85.2385 45.2643 23
    endloop
  endfacet
  facet normal 0 0 1
    outer loop
      vertex 86.1651 46.3238 23
      vertex 85.0564 45.8646 23
      vertex 85.1622 45.5689 23
    endloop
  endfacet
  facet normal 0 0 1
    outer loop
      vertex 85.9805 46.7141 23
      vertex 84.9221 46.1485 23
      vertex 85.0564 45.8646 23
    endloop
  endfacet
  facet normal 0 0 1
    outer loop
      vertex 84.3627 46.9027 23
      vertex 85.2113 47.7513 23
      vertex 84.8913 48.0412 23
    endloop
  endfacet
  facet normal 0 0 1
    outer loop
      vertex 85.7585 47.0845 23
      vertex 84.7607 46.4178 23
      vertex 84.9221 46.1485 23
    endloop
  endfacet
  facet normal 0 0 1
    outer loop
      vertex 85.5012 47.4313 23
      vertex 84.5736 46.6701 23
      vertex 84.7607 46.4178 23
    endloop
  endfacet
  facet normal 0 0 1
    outer loop
      vertex 84.1301 47.1136 23
      vertex 84.8913 48.0412 23
      vertex 84.5445 48.2985 23
    endloop
  endfacet
  facet normal 0 0 1
    outer loop
      vertex 85.2113 47.7513 23
      vertex 84.3627 46.9027 23
      vertex 84.5736 46.6701 23
    endloop
  endfacet
  facet normal 0 0 1
    outer loop
      vertex 83.8778 47.3007 23
      vertex 84.5445 48.2985 23
      vertex 84.1741 48.5205 23
    endloop
  endfacet
  facet normal 0 0 1
    outer loop
      vertex 84.8913 48.0412 23
      vertex 84.1301 47.1136 23
      vertex 84.3627 46.9027 23
    endloop
  endfacet
  facet normal 0 0 1
    outer loop
      vertex 84.5445 48.2985 23
      vertex 83.8778 47.3007 23
      vertex 84.1301 47.1136 23
    endloop
  endfacet
  facet normal 0 0 1
    outer loop
      vertex 83.6085 47.4621 23
      vertex 84.1741 48.5205 23
      vertex 83.7838 48.7051 23
    endloop
  endfacet
  facet normal 0 0 1
    outer loop
      vertex 84.1741 48.5205 23
      vertex 83.6085 47.4621 23
      vertex 83.8778 47.3007 23
    endloop
  endfacet
  facet normal 0 0 1
    outer loop
      vertex 83.3246 47.5964 23
      vertex 83.7838 48.7051 23
      vertex 83.3773 48.8505 23
    endloop
  endfacet
  facet normal 0 0 1
    outer loop
      vertex 83.7838 48.7051 23
      vertex 83.3246 47.5964 23
      vertex 83.6085 47.4621 23
    endloop
  endfacet
  facet normal 0 0 1
    outer loop
      vertex 83.3773 48.8505 23
      vertex 83.0289 47.7022 23
      vertex 83.3246 47.5964 23
    endloop
  endfacet
  facet normal 0 0 1
    outer loop
      vertex 82.9584 48.9555 23
      vertex 83.0289 47.7022 23
      vertex 83.3773 48.8505 23
    endloop
  endfacet
  facet normal 0 0 1
    outer loop
      vertex 82.9584 48.9555 23
      vertex 82.7243 47.7785 23
      vertex 83.0289 47.7022 23
    endloop
  endfacet
  facet normal 0 0 1
    outer loop
      vertex 82.5313 49.0188 23
      vertex 82.7243 47.7785 23
      vertex 82.9584 48.9555 23
    endloop
  endfacet
  facet normal 0 0 1
    outer loop
      vertex 82.5313 49.0188 23
      vertex 82.4137 47.8246 23
      vertex 82.7243 47.7785 23
    endloop
  endfacet
  facet normal 0 0 1
    outer loop
      vertex 82.1 49.04 23
      vertex 82.4137 47.8246 23
      vertex 82.5313 49.0188 23
    endloop
  endfacet
  facet normal 0 0 1
    outer loop
      vertex 82.1 49.04 23
      vertex 82.1 47.84 23
      vertex 82.4137 47.8246 23
    endloop
  endfacet
  facet normal 0 0 1
    outer loop
      vertex 82.1 49.04 23
      vertex 81.7863 47.8246 23
      vertex 82.1 47.84 23
    endloop
  endfacet
  facet normal -0 0 1
    outer loop
      vertex 81.6687 49.0188 23
      vertex 81.7863 47.8246 23
      vertex 82.1 49.04 23
    endloop
  endfacet
  facet normal 0 0 1
    outer loop
      vertex 81.6687 49.0188 23
      vertex 81.4757 47.7785 23
      vertex 81.7863 47.8246 23
    endloop
  endfacet
  facet normal -0 0 1
    outer loop
      vertex 81.2416 48.9555 23
      vertex 81.4757 47.7785 23
      vertex 81.6687 49.0188 23
    endloop
  endfacet
  facet normal 0 0 1
    outer loop
      vertex 81.2416 48.9555 23
      vertex 81.1711 47.7022 23
      vertex 81.4757 47.7785 23
    endloop
  endfacet
  facet normal -0 0 1
    outer loop
      vertex 80.8227 48.8505 23
      vertex 81.1711 47.7022 23
      vertex 81.2416 48.9555 23
    endloop
  endfacet
  facet normal 0 0 1
    outer loop
      vertex 81.1711 47.7022 23
      vertex 80.8227 48.8505 23
      vertex 80.8754 47.5964 23
    endloop
  endfacet
  facet normal -0 0 1
    outer loop
      vertex 80.4162 48.7051 23
      vertex 80.8754 47.5964 23
      vertex 80.8227 48.8505 23
    endloop
  endfacet
  facet normal 0 0 1
    outer loop
      vertex 80.8754 47.5964 23
      vertex 80.4162 48.7051 23
      vertex 80.5915 47.4621 23
    endloop
  endfacet
  facet normal -0 0 1
    outer loop
      vertex 80.0259 48.5205 23
      vertex 80.5915 47.4621 23
      vertex 80.4162 48.7051 23
    endloop
  endfacet
  facet normal 0 0 1
    outer loop
      vertex 80.5915 47.4621 23
      vertex 80.0259 48.5205 23
      vertex 80.3222 47.3007 23
    endloop
  endfacet
  facet normal -0 0 1
    outer loop
      vertex 79.6555 48.2985 23
      vertex 80.3222 47.3007 23
      vertex 80.0259 48.5205 23
    endloop
  endfacet
  facet normal 0 0 1
    outer loop
      vertex 80.3222 47.3007 23
      vertex 79.6555 48.2985 23
      vertex 80.0699 47.1136 23
    endloop
  endfacet
  facet normal -0 0 1
    outer loop
      vertex 79.3087 48.0412 23
      vertex 80.0699 47.1136 23
      vertex 79.6555 48.2985 23
    endloop
  endfacet
  facet normal 0 0 1
    outer loop
      vertex 80.0699 47.1136 23
      vertex 79.3087 48.0412 23
      vertex 79.8373 46.9027 23
    endloop
  endfacet
  facet normal -0 0 1
    outer loop
      vertex 78.9887 47.7513 23
      vertex 79.8373 46.9027 23
      vertex 79.3087 48.0412 23
    endloop
  endfacet
  facet normal 0 0 1
    outer loop
      vertex 79.8373 46.9027 23
      vertex 78.9887 47.7513 23
      vertex 79.6264 46.6701 23
    endloop
  endfacet
  facet normal -0 0 1
    outer loop
      vertex 78.6988 47.4313 23
      vertex 79.6264 46.6701 23
      vertex 78.9887 47.7513 23
    endloop
  endfacet
  facet normal 0 0 1
    outer loop
      vertex 79.6264 46.6701 23
      vertex 78.6988 47.4313 23
      vertex 79.4393 46.4178 23
    endloop
  endfacet
  facet normal -0 0 1
    outer loop
      vertex 78.4415 47.0845 23
      vertex 79.4393 46.4178 23
      vertex 78.6988 47.4313 23
    endloop
  endfacet
  facet normal 0 0 1
    outer loop
      vertex 79.4393 46.4178 23
      vertex 78.4415 47.0845 23
      vertex 79.2778 46.1485 23
    endloop
  endfacet
  facet normal -0 0 1
    outer loop
      vertex 78.2195 46.7141 23
      vertex 79.2778 46.1485 23
      vertex 78.4415 47.0845 23
    endloop
  endfacet
  facet normal 0 0 1
    outer loop
      vertex 79.2778 46.1485 23
      vertex 78.2195 46.7141 23
      vertex 79.1436 45.8646 23
    endloop
  endfacet
  facet normal -0 0 1
    outer loop
      vertex 78.0349 46.3238 23
      vertex 79.1436 45.8646 23
      vertex 78.2195 46.7141 23
    endloop
  endfacet
  facet normal 0 0 1
    outer loop
      vertex 79.1436 45.8646 23
      vertex 78.0349 46.3238 23
      vertex 79.0378 45.5689 23
    endloop
  endfacet
  facet normal -0 0 1
    outer loop
      vertex 85.0564 43.4154 23
      vertex 86.1651 42.9562 23
      vertex 85.1622 43.7111 23
    endloop
  endfacet
  facet normal 0 0 1
    outer loop
      vertex 86.1651 42.9562 23
      vertex 85.0564 43.4154 23
      vertex 85.9805 42.5659 23
    endloop
  endfacet
  facet normal -0 0 1
    outer loop
      vertex 84.9221 43.1315 23
      vertex 85.9805 42.5659 23
      vertex 85.0564 43.4154 23
    endloop
  endfacet
  facet normal 0 0 1
    outer loop
      vertex 85.9805 42.5659 23
      vertex 84.9221 43.1315 23
      vertex 85.7585 42.1955 23
    endloop
  endfacet
  facet normal -0 0 1
    outer loop
      vertex 84.7607 42.8622 23
      vertex 85.7585 42.1955 23
      vertex 84.9221 43.1315 23
    endloop
  endfacet
  facet normal 0 0 1
    outer loop
      vertex 85.7585 42.1955 23
      vertex 84.7607 42.8622 23
      vertex 85.5012 41.8487 23
    endloop
  endfacet
  facet normal -0 0 1
    outer loop
      vertex 84.5736 42.6099 23
      vertex 85.5012 41.8487 23
      vertex 84.7607 42.8622 23
    endloop
  endfacet
  facet normal 0 0 1
    outer loop
      vertex 85.5012 41.8487 23
      vertex 84.5736 42.6099 23
      vertex 85.2113 41.5287 23
    endloop
  endfacet
  facet normal -0 0 1
    outer loop
      vertex 84.3627 42.3773 23
      vertex 85.2113 41.5287 23
      vertex 84.5736 42.6099 23
    endloop
  endfacet
  facet normal 0 0 1
    outer loop
      vertex 85.2113 41.5287 23
      vertex 84.3627 42.3773 23
      vertex 84.8913 41.2388 23
    endloop
  endfacet
  facet normal -0 0 1
    outer loop
      vertex 84.1301 42.1664 23
      vertex 84.8913 41.2388 23
      vertex 84.3627 42.3773 23
    endloop
  endfacet
  facet normal 0 0 1
    outer loop
      vertex 84.8913 41.2388 23
      vertex 84.1301 42.1664 23
      vertex 84.5445 40.9815 23
    endloop
  endfacet
  facet normal -0 0 1
    outer loop
      vertex 83.8778 41.9793 23
      vertex 84.5445 40.9815 23
      vertex 84.1301 42.1664 23
    endloop
  endfacet
  facet normal 0 0 1
    outer loop
      vertex 84.5445 40.9815 23
      vertex 83.8778 41.9793 23
      vertex 84.1741 40.7595 23
    endloop
  endfacet
  facet normal -0 0 1
    outer loop
      vertex 83.6085 41.8179 23
      vertex 84.1741 40.7595 23
      vertex 83.8778 41.9793 23
    endloop
  endfacet
  facet normal 0 0 1
    outer loop
      vertex 84.1741 40.7595 23
      vertex 83.6085 41.8179 23
      vertex 83.7838 40.5749 23
    endloop
  endfacet
  facet normal -0 0 1
    outer loop
      vertex 83.3246 41.6836 23
      vertex 83.7838 40.5749 23
      vertex 83.6085 41.8179 23
    endloop
  endfacet
  facet normal 0 0 1
    outer loop
      vertex 83.7838 40.5749 23
      vertex 83.3246 41.6836 23
      vertex 83.3773 40.4295 23
    endloop
  endfacet
  facet normal -0 0 1
    outer loop
      vertex 83.0289 41.5778 23
      vertex 83.3773 40.4295 23
      vertex 83.3246 41.6836 23
    endloop
  endfacet
  facet normal 0 0 1
    outer loop
      vertex 83.0289 41.5778 23
      vertex 82.9584 40.3245 23
      vertex 83.3773 40.4295 23
    endloop
  endfacet
  facet normal -0 0 1
    outer loop
      vertex 82.7243 41.5015 23
      vertex 82.9584 40.3245 23
      vertex 83.0289 41.5778 23
    endloop
  endfacet
  facet normal 0 0 1
    outer loop
      vertex 82.7243 41.5015 23
      vertex 82.5313 40.2612 23
      vertex 82.9584 40.3245 23
    endloop
  endfacet
  facet normal -0 0 1
    outer loop
      vertex 82.4137 41.4554 23
      vertex 82.5313 40.2612 23
      vertex 82.7243 41.5015 23
    endloop
  endfacet
  facet normal -0 0 1
    outer loop
      vertex 82.1 41.44 23
      vertex 82.5313 40.2612 23
      vertex 82.4137 41.4554 23
    endloop
  endfacet
  facet normal 0 0 1
    outer loop
      vertex 82.1 41.44 23
      vertex 82.1 40.24 23
      vertex 82.5313 40.2612 23
    endloop
  endfacet
  facet normal 0 0 1
    outer loop
      vertex 81.7863 41.4554 23
      vertex 82.1 40.24 23
      vertex 82.1 41.44 23
    endloop
  endfacet
  facet normal 0 0 1
    outer loop
      vertex 81.7863 41.4554 23
      vertex 81.6687 40.2612 23
      vertex 82.1 40.24 23
    endloop
  endfacet
  facet normal 0 0 1
    outer loop
      vertex 81.4757 41.5015 23
      vertex 81.6687 40.2612 23
      vertex 81.7863 41.4554 23
    endloop
  endfacet
  facet normal 0 0 1
    outer loop
      vertex 81.4757 41.5015 23
      vertex 81.2416 40.3245 23
      vertex 81.6687 40.2612 23
    endloop
  endfacet
  facet normal 0 0 1
    outer loop
      vertex 81.1711 41.5778 23
      vertex 81.2416 40.3245 23
      vertex 81.4757 41.5015 23
    endloop
  endfacet
  facet normal 0 0 1
    outer loop
      vertex 80.8227 40.4295 23
      vertex 81.1711 41.5778 23
      vertex 80.8754 41.6836 23
    endloop
  endfacet
  facet normal 0 0 1
    outer loop
      vertex 81.1711 41.5778 23
      vertex 80.8227 40.4295 23
      vertex 81.2416 40.3245 23
    endloop
  endfacet
  facet normal 0 0 1
    outer loop
      vertex 80.4162 40.5749 23
      vertex 80.8754 41.6836 23
      vertex 80.5915 41.8179 23
    endloop
  endfacet
  facet normal 0 0 1
    outer loop
      vertex 80.8754 41.6836 23
      vertex 80.4162 40.5749 23
      vertex 80.8227 40.4295 23
    endloop
  endfacet
  facet normal 0 0 1
    outer loop
      vertex 80.0259 40.7595 23
      vertex 80.5915 41.8179 23
      vertex 80.3222 41.9793 23
    endloop
  endfacet
  facet normal 0 0 1
    outer loop
      vertex 79.6555 40.9815 23
      vertex 80.3222 41.9793 23
      vertex 80.0699 42.1664 23
    endloop
  endfacet
  facet normal 0 0 1
    outer loop
      vertex 80.5915 41.8179 23
      vertex 80.0259 40.7595 23
      vertex 80.4162 40.5749 23
    endloop
  endfacet
  facet normal 0 0 1
    outer loop
      vertex 79.3087 41.2388 23
      vertex 80.0699 42.1664 23
      vertex 79.8373 42.3773 23
    endloop
  endfacet
  facet normal 0 0 1
    outer loop
      vertex 80.3222 41.9793 23
      vertex 79.6555 40.9815 23
      vertex 80.0259 40.7595 23
    endloop
  endfacet
  facet normal 0 0 1
    outer loop
      vertex 78.9887 41.5287 23
      vertex 79.8373 42.3773 23
      vertex 79.6264 42.6099 23
    endloop
  endfacet
  facet normal 0 0 1
    outer loop
      vertex 78.6988 41.8487 23
      vertex 79.6264 42.6099 23
      vertex 79.4393 42.8622 23
    endloop
  endfacet
  facet normal 0 0 1
    outer loop
      vertex 80.0699 42.1664 23
      vertex 79.3087 41.2388 23
      vertex 79.6555 40.9815 23
    endloop
  endfacet
  facet normal 0 0 1
    outer loop
      vertex 78.4415 42.1955 23
      vertex 79.4393 42.8622 23
      vertex 79.2778 43.1315 23
    endloop
  endfacet
  facet normal 0 0 1
    outer loop
      vertex 78.2195 42.5659 23
      vertex 79.2778 43.1315 23
      vertex 79.1436 43.4154 23
    endloop
  endfacet
  facet normal 0 0 1
    outer loop
      vertex 78.0349 42.9562 23
      vertex 79.1436 43.4154 23
      vertex 79.0378 43.7111 23
    endloop
  endfacet
  facet normal 0 0 1
    outer loop
      vertex 79.8373 42.3773 23
      vertex 78.9887 41.5287 23
      vertex 79.3087 41.2388 23
    endloop
  endfacet
  facet normal 0 0 1
    outer loop
      vertex 77.8895 43.3627 23
      vertex 79.0378 43.7111 23
      vertex 78.9615 44.0157 23
    endloop
  endfacet
  facet normal 0 0 1
    outer loop
      vertex 77.7845 43.7816 23
      vertex 78.9615 44.0157 23
      vertex 78.9154 44.3263 23
    endloop
  endfacet
  facet normal 0 0 1
    outer loop
      vertex 77.7212 44.2087 23
      vertex 78.9154 44.3263 23
      vertex 78.9 44.64 23
    endloop
  endfacet
  facet normal -0 0 1
    outer loop
      vertex 77.8895 45.9173 23
      vertex 79.0378 45.5689 23
      vertex 78.0349 46.3238 23
    endloop
  endfacet
  facet normal 0 0 1
    outer loop
      vertex 79.6264 42.6099 23
      vertex 78.6988 41.8487 23
      vertex 78.9887 41.5287 23
    endloop
  endfacet
  facet normal 0 0 1
    outer loop
      vertex 79.0378 45.5689 23
      vertex 77.8895 45.9173 23
      vertex 78.9615 45.2643 23
    endloop
  endfacet
  facet normal 0 0 1
    outer loop
      vertex 79.4393 42.8622 23
      vertex 78.4415 42.1955 23
      vertex 78.6988 41.8487 23
    endloop
  endfacet
  facet normal -0 0 1
    outer loop
      vertex 77.7845 45.4984 23
      vertex 78.9615 45.2643 23
      vertex 77.8895 45.9173 23
    endloop
  endfacet
  facet normal 0 0 1
    outer loop
      vertex 79.2778 43.1315 23
      vertex 78.2195 42.5659 23
      vertex 78.4415 42.1955 23
    endloop
  endfacet
  facet normal 0 0 1
    outer loop
      vertex 78.9615 45.2643 23
      vertex 77.7845 45.4984 23
      vertex 78.9154 44.9537 23
    endloop
  endfacet
  facet normal 0 0 1
    outer loop
      vertex 79.1436 43.4154 23
      vertex 78.0349 42.9562 23
      vertex 78.2195 42.5659 23
    endloop
  endfacet
  facet normal -0 0 1
    outer loop
      vertex 77.7212 45.0713 23
      vertex 78.9154 44.9537 23
      vertex 77.7845 45.4984 23
    endloop
  endfacet
  facet normal 0 0 1
    outer loop
      vertex 79.0378 43.7111 23
      vertex 77.8895 43.3627 23
      vertex 78.0349 42.9562 23
    endloop
  endfacet
  facet normal 0 0 1
    outer loop
      vertex 78.9154 44.9537 23
      vertex 77.7212 45.0713 23
      vertex 78.9 44.64 23
    endloop
  endfacet
  facet normal 0 0 1
    outer loop
      vertex 78.9615 44.0157 23
      vertex 77.7845 43.7816 23
      vertex 77.8895 43.3627 23
    endloop
  endfacet
  facet normal 0 0 1
    outer loop
      vertex 77.7 44.64 23
      vertex 78.9 44.64 23
      vertex 77.7212 45.0713 23
    endloop
  endfacet
  facet normal 0 0 1
    outer loop
      vertex 78.9154 44.3263 23
      vertex 77.7212 44.2087 23
      vertex 77.7845 43.7816 23
    endloop
  endfacet
  facet normal 0 0 1
    outer loop
      vertex 78.9 44.64 23
      vertex 77.7 44.64 23
      vertex 77.7212 44.2087 23
    endloop
  endfacet
  facet normal -0.671392 -0.741102 0
    outer loop
      vertex 78.9887 41.5287 3
      vertex 79.3087 41.2388 23
      vertex 78.9887 41.5287 23
    endloop
  endfacet
  facet normal -0.671392 -0.741102 -0
    outer loop
      vertex 79.3087 41.2388 23
      vertex 78.9887 41.5287 3
      vertex 79.3087 41.2388 3
    endloop
  endfacet
  facet normal 0.595842 0.803102 -0
    outer loop
      vertex 84.8913 48.0412 3
      vertex 84.5445 48.2985 23
      vertex 84.8913 48.0412 23
    endloop
  endfacet
  facet normal 0.595842 0.803102 0
    outer loop
      vertex 84.5445 48.2985 23
      vertex 84.8913 48.0412 3
      vertex 84.5445 48.2985 3
    endloop
  endfacet
  facet normal -0.514087 -0.857738 0
    outer loop
      vertex 79.6555 40.9815 3
      vertex 80.0259 40.7595 23
      vertex 79.6555 40.9815 23
    endloop
  endfacet
  facet normal -0.514087 -0.857738 -0
    outer loop
      vertex 80.0259 40.7595 23
      vertex 79.6555 40.9815 3
      vertex 80.0259 40.7595 3
    endloop
  endfacet
  facet normal 0.514087 0.857738 -0
    outer loop
      vertex 84.5445 48.2985 3
      vertex 84.1741 48.5205 23
      vertex 84.5445 48.2985 23
    endloop
  endfacet
  facet normal 0.514087 0.857738 0
    outer loop
      vertex 84.1741 48.5205 23
      vertex 84.5445 48.2985 3
      vertex 84.1741 48.5205 3
    endloop
  endfacet
  facet normal 0.146607 -0.989195 0
    outer loop
      vertex 82.5313 40.2612 3
      vertex 82.9584 40.3245 23
      vertex 82.5313 40.2612 23
    endloop
  endfacet
  facet normal 0.146607 -0.989195 0
    outer loop
      vertex 82.9584 40.3245 23
      vertex 82.5313 40.2612 3
      vertex 82.9584 40.3245 3
    endloop
  endfacet
  facet normal 0.941579 0.336791 0
    outer loop
      vertex 86.3105 45.9173 23
      vertex 86.1651 46.3238 3
      vertex 86.1651 46.3238 23
    endloop
  endfacet
  facet normal 0.941579 0.336791 0
    outer loop
      vertex 86.1651 46.3238 3
      vertex 86.3105 45.9173 23
      vertex 86.3105 45.9173 3
    endloop
  endfacet
  facet normal 0.857738 -0.514087 0
    outer loop
      vertex 85.7585 42.1955 23
      vertex 85.9805 42.5659 3
      vertex 85.9805 42.5659 23
    endloop
  endfacet
  facet normal 0.857738 -0.514087 0
    outer loop
      vertex 85.9805 42.5659 3
      vertex 85.7585 42.1955 23
      vertex 85.7585 42.1955 3
    endloop
  endfacet
  facet normal -0.998794 -0.0490944 0
    outer loop
      vertex 77.7212 44.2087 3
      vertex 77.7 44.64 23
      vertex 77.7 44.64 3
    endloop
  endfacet
  facet normal -0.998794 -0.0490944 0
    outer loop
      vertex 77.7 44.64 23
      vertex 77.7212 44.2087 3
      vertex 77.7212 44.2087 23
    endloop
  endfacet
  facet normal 0.941579 -0.336791 0
    outer loop
      vertex 86.1651 42.9562 23
      vertex 86.3105 43.3627 3
      vertex 86.3105 43.3627 23
    endloop
  endfacet
  facet normal 0.941579 -0.336791 0
    outer loop
      vertex 86.3105 43.3627 3
      vertex 86.1651 42.9562 23
      vertex 86.1651 42.9562 3
    endloop
  endfacet
  facet normal -0.146607 0.989195 0
    outer loop
      vertex 81.6687 49.0188 3
      vertex 81.2416 48.9555 23
      vertex 81.6687 49.0188 23
    endloop
  endfacet
  facet normal -0.146607 0.989195 0
    outer loop
      vertex 81.2416 48.9555 23
      vertex 81.6687 49.0188 3
      vertex 81.2416 48.9555 3
    endloop
  endfacet
  facet normal 0.741102 0.671392 0
    outer loop
      vertex 85.5012 47.4313 23
      vertex 85.2113 47.7513 3
      vertex 85.2113 47.7513 23
    endloop
  endfacet
  facet normal 0.741102 0.671392 0
    outer loop
      vertex 85.2113 47.7513 3
      vertex 85.5012 47.4313 23
      vertex 85.5012 47.4313 3
    endloop
  endfacet
  facet normal 0.0490944 0.998794 -0
    outer loop
      vertex 82.5313 49.0188 3
      vertex 82.1 49.04 23
      vertex 82.5313 49.0188 23
    endloop
  endfacet
  facet normal 0.0490944 0.998794 0
    outer loop
      vertex 82.1 49.04 23
      vertex 82.5313 49.0188 3
      vertex 82.1 49.04 3
    endloop
  endfacet
  facet normal 0.903988 0.427559 0
    outer loop
      vertex 86.1651 46.3238 23
      vertex 85.9805 46.7141 3
      vertex 85.9805 46.7141 23
    endloop
  endfacet
  facet normal 0.903988 0.427559 0
    outer loop
      vertex 85.9805 46.7141 3
      vertex 86.1651 46.3238 23
      vertex 86.1651 46.3238 3
    endloop
  endfacet
  facet normal -0.146607 -0.989195 0
    outer loop
      vertex 81.2416 40.3245 3
      vertex 81.6687 40.2612 23
      vertex 81.2416 40.3245 23
    endloop
  endfacet
  facet normal -0.146607 -0.989195 -0
    outer loop
      vertex 81.6687 40.2612 23
      vertex 81.2416 40.3245 3
      vertex 81.6687 40.2612 3
    endloop
  endfacet
  facet normal 0.671392 -0.741102 0
    outer loop
      vertex 84.8913 41.2388 3
      vertex 85.2113 41.5287 23
      vertex 84.8913 41.2388 23
    endloop
  endfacet
  facet normal 0.671392 -0.741102 0
    outer loop
      vertex 85.2113 41.5287 23
      vertex 84.8913 41.2388 3
      vertex 85.2113 41.5287 3
    endloop
  endfacet
  facet normal -0.0490944 -0.998794 0
    outer loop
      vertex 81.6687 40.2612 3
      vertex 82.1 40.24 23
      vertex 81.6687 40.2612 23
    endloop
  endfacet
  facet normal -0.0490944 -0.998794 -0
    outer loop
      vertex 82.1 40.24 23
      vertex 81.6687 40.2612 3
      vertex 82.1 40.24 3
    endloop
  endfacet
  facet normal -0.741102 0.671392 0
    outer loop
      vertex 78.6988 47.4313 3
      vertex 78.9887 47.7513 23
      vertex 78.9887 47.7513 3
    endloop
  endfacet
  facet normal -0.741102 0.671392 0
    outer loop
      vertex 78.9887 47.7513 23
      vertex 78.6988 47.4313 3
      vertex 78.6988 47.4313 23
    endloop
  endfacet
  facet normal -0.903988 0.427559 0
    outer loop
      vertex 78.0349 46.3238 3
      vertex 78.2195 46.7141 23
      vertex 78.2195 46.7141 3
    endloop
  endfacet
  facet normal -0.903988 0.427559 0
    outer loop
      vertex 78.2195 46.7141 23
      vertex 78.0349 46.3238 3
      vertex 78.0349 46.3238 23
    endloop
  endfacet
  facet normal -0.969992 0.243135 0
    outer loop
      vertex 77.7845 45.4984 3
      vertex 77.8895 45.9173 23
      vertex 77.8895 45.9173 3
    endloop
  endfacet
  facet normal -0.969992 0.243135 0
    outer loop
      vertex 77.8895 45.9173 23
      vertex 77.7845 45.4984 3
      vertex 77.7845 45.4984 23
    endloop
  endfacet
  facet normal 0.243135 0.969992 -0
    outer loop
      vertex 83.3773 48.8505 3
      vertex 82.9584 48.9555 23
      vertex 83.3773 48.8505 23
    endloop
  endfacet
  facet normal 0.243135 0.969992 0
    outer loop
      vertex 82.9584 48.9555 23
      vertex 83.3773 48.8505 3
      vertex 82.9584 48.9555 3
    endloop
  endfacet
  facet normal -0.969992 -0.243135 0
    outer loop
      vertex 77.8895 43.3627 3
      vertex 77.7845 43.7816 23
      vertex 77.7845 43.7816 3
    endloop
  endfacet
  facet normal -0.969992 -0.243135 0
    outer loop
      vertex 77.7845 43.7816 23
      vertex 77.8895 43.3627 3
      vertex 77.8895 43.3627 23
    endloop
  endfacet
  facet normal -0.427559 -0.903988 0
    outer loop
      vertex 80.0259 40.7595 3
      vertex 80.4162 40.5749 23
      vertex 80.0259 40.7595 23
    endloop
  endfacet
  facet normal -0.427559 -0.903988 -0
    outer loop
      vertex 80.4162 40.5749 23
      vertex 80.0259 40.7595 3
      vertex 80.4162 40.5749 3
    endloop
  endfacet
  facet normal -0.741102 -0.671392 0
    outer loop
      vertex 78.9887 41.5287 3
      vertex 78.6988 41.8487 23
      vertex 78.6988 41.8487 3
    endloop
  endfacet
  facet normal -0.741102 -0.671392 0
    outer loop
      vertex 78.6988 41.8487 23
      vertex 78.9887 41.5287 3
      vertex 78.9887 41.5287 23
    endloop
  endfacet
  facet normal 0.427559 -0.903988 0
    outer loop
      vertex 83.7838 40.5749 3
      vertex 84.1741 40.7595 23
      vertex 83.7838 40.5749 23
    endloop
  endfacet
  facet normal 0.427559 -0.903988 0
    outer loop
      vertex 84.1741 40.7595 23
      vertex 83.7838 40.5749 3
      vertex 84.1741 40.7595 3
    endloop
  endfacet
  facet normal 0.0490944 -0.998794 0
    outer loop
      vertex 82.1 40.24 3
      vertex 82.5313 40.2612 23
      vertex 82.1 40.24 23
    endloop
  endfacet
  facet normal 0.0490944 -0.998794 0
    outer loop
      vertex 82.5313 40.2612 23
      vertex 82.1 40.24 3
      vertex 82.5313 40.2612 3
    endloop
  endfacet
  facet normal -0.989195 -0.146607 0
    outer loop
      vertex 77.7845 43.7816 3
      vertex 77.7212 44.2087 23
      vertex 77.7212 44.2087 3
    endloop
  endfacet
  facet normal -0.989195 -0.146607 0
    outer loop
      vertex 77.7212 44.2087 23
      vertex 77.7845 43.7816 3
      vertex 77.7845 43.7816 23
    endloop
  endfacet
  facet normal 0.595842 -0.803102 0
    outer loop
      vertex 84.5445 40.9815 3
      vertex 84.8913 41.2388 23
      vertex 84.5445 40.9815 23
    endloop
  endfacet
  facet normal 0.595842 -0.803102 0
    outer loop
      vertex 84.8913 41.2388 23
      vertex 84.5445 40.9815 3
      vertex 84.8913 41.2388 3
    endloop
  endfacet
  facet normal -0.803102 -0.595842 0
    outer loop
      vertex 78.6988 41.8487 3
      vertex 78.4415 42.1955 23
      vertex 78.4415 42.1955 3
    endloop
  endfacet
  facet normal -0.803102 -0.595842 0
    outer loop
      vertex 78.4415 42.1955 23
      vertex 78.6988 41.8487 3
      vertex 78.6988 41.8487 23
    endloop
  endfacet
  facet normal -0.998794 0.0490944 0
    outer loop
      vertex 77.7 44.64 3
      vertex 77.7212 45.0713 23
      vertex 77.7212 45.0713 3
    endloop
  endfacet
  facet normal -0.998794 0.0490944 0
    outer loop
      vertex 77.7212 45.0713 23
      vertex 77.7 44.64 3
      vertex 77.7 44.64 23
    endloop
  endfacet
  facet normal 0.741102 -0.671392 0
    outer loop
      vertex 85.2113 41.5287 23
      vertex 85.5012 41.8487 3
      vertex 85.5012 41.8487 23
    endloop
  endfacet
  facet normal 0.741102 -0.671392 0
    outer loop
      vertex 85.5012 41.8487 3
      vertex 85.2113 41.5287 23
      vertex 85.2113 41.5287 3
    endloop
  endfacet
  facet normal 0.803236 -0.595661 0
    outer loop
      vertex 79.4393 19.1378 23
      vertex 79.6264 19.3901 20.7
      vertex 79.6264 19.3901 23
    endloop
  endfacet
  facet normal 0.803236 -0.595661 0
    outer loop
      vertex 79.6264 19.3901 20.7
      vertex 79.4393 19.1378 23
      vertex 79.4393 19.1378 20.7
    endloop
  endfacet
  facet normal -0.989164 -0.146814 0
    outer loop
      vertex 85.2846 17.6737 20.7
      vertex 85.2385 17.9843 23
      vertex 85.2385 17.9843 20.7
    endloop
  endfacet
  facet normal -0.989164 -0.146814 0
    outer loop
      vertex 85.2385 17.9843 23
      vertex 85.2846 17.6737 20.7
      vertex 85.2846 17.6737 23
    endloop
  endfacet
  facet normal -0.998797 -0.0490324 0
    outer loop
      vertex 85.3 17.36 20.7
      vertex 85.2846 17.6737 23
      vertex 85.2846 17.6737 20.7
    endloop
  endfacet
  facet normal -0.998797 -0.0490324 0
    outer loop
      vertex 85.2846 17.6737 23
      vertex 85.3 17.36 20.7
      vertex 85.3 17.36 23
    endloop
  endfacet
  facet normal -0.97003 -0.242985 0
    outer loop
      vertex 85.2385 17.9843 20.7
      vertex 85.1622 18.2889 23
      vertex 85.1622 18.2889 20.7
    endloop
  endfacet
  facet normal -0.97003 -0.242985 0
    outer loop
      vertex 85.1622 18.2889 23
      vertex 85.2385 17.9843 20.7
      vertex 85.2385 17.9843 23
    endloop
  endfacet
  facet normal -0.989164 0.146814 0
    outer loop
      vertex 85.2385 16.7357 20.7
      vertex 85.2846 17.0463 23
      vertex 85.2846 17.0463 20.7
    endloop
  endfacet
  facet normal -0.989164 0.146814 0
    outer loop
      vertex 85.2846 17.0463 23
      vertex 85.2385 16.7357 20.7
      vertex 85.2385 16.7357 23
    endloop
  endfacet
  facet normal -0.803236 -0.595661 0
    outer loop
      vertex 84.7607 19.1378 20.7
      vertex 84.5736 19.3901 23
      vertex 84.5736 19.3901 20.7
    endloop
  endfacet
  facet normal -0.803236 -0.595661 0
    outer loop
      vertex 84.5736 19.3901 23
      vertex 84.7607 19.1378 20.7
      vertex 84.7607 19.1378 23
    endloop
  endfacet
  facet normal 0.740819 -0.671705 0
    outer loop
      vertex 79.6264 19.3901 23
      vertex 79.8373 19.6227 20.7
      vertex 79.8373 19.6227 23
    endloop
  endfacet
  facet normal 0.740819 -0.671705 0
    outer loop
      vertex 79.8373 19.6227 20.7
      vertex 79.6264 19.3901 23
      vertex 79.6264 19.3901 20.7
    endloop
  endfacet
  facet normal -0.595661 -0.803236 0
    outer loop
      vertex 83.8778 20.0207 20.7
      vertex 84.1301 19.8336 23
      vertex 83.8778 20.0207 23
    endloop
  endfacet
  facet normal -0.595661 -0.803236 -0
    outer loop
      vertex 84.1301 19.8336 23
      vertex 83.8778 20.0207 20.7
      vertex 84.1301 19.8336 20.7
    endloop
  endfacet
  facet normal -0.998797 0.0490324 0
    outer loop
      vertex 85.2846 17.0463 20.7
      vertex 85.3 17.36 23
      vertex 85.3 17.36 20.7
    endloop
  endfacet
  facet normal -0.998797 0.0490324 0
    outer loop
      vertex 85.3 17.36 23
      vertex 85.2846 17.0463 20.7
      vertex 85.2846 17.0463 23
    endloop
  endfacet
  facet normal 0.989164 -0.146814 0
    outer loop
      vertex 78.9154 17.6737 23
      vertex 78.9615 17.9843 20.7
      vertex 78.9615 17.9843 23
    endloop
  endfacet
  facet normal 0.989164 -0.146814 0
    outer loop
      vertex 78.9615 17.9843 20.7
      vertex 78.9154 17.6737 23
      vertex 78.9154 17.6737 20.7
    endloop
  endfacet
  facet normal 0.146814 -0.989164 0
    outer loop
      vertex 81.4757 20.4985 20.7
      vertex 81.7863 20.5446 23
      vertex 81.4757 20.4985 23
    endloop
  endfacet
  facet normal 0.146814 -0.989164 0
    outer loop
      vertex 81.7863 20.5446 23
      vertex 81.4757 20.4985 20.7
      vertex 81.7863 20.5446 20.7
    endloop
  endfacet
  facet normal 0.941547 0.336881 0
    outer loop
      vertex 79.1436 16.1354 23
      vertex 79.0378 16.4311 20.7
      vertex 79.0378 16.4311 23
    endloop
  endfacet
  facet normal 0.941547 0.336881 0
    outer loop
      vertex 79.0378 16.4311 20.7
      vertex 79.1436 16.1354 23
      vertex 79.1436 16.1354 20.7
    endloop
  endfacet
  facet normal -0.941547 -0.336881 0
    outer loop
      vertex 85.1622 18.2889 20.7
      vertex 85.0564 18.5846 23
      vertex 85.0564 18.5846 20.7
    endloop
  endfacet
  facet normal -0.941547 -0.336881 0
    outer loop
      vertex 85.0564 18.5846 23
      vertex 85.1622 18.2889 20.7
      vertex 85.1622 18.2889 23
    endloop
  endfacet
  facet normal 0.803236 0.595661 0
    outer loop
      vertex 79.6264 15.3299 23
      vertex 79.4393 15.5822 20.7
      vertex 79.4393 15.5822 23
    endloop
  endfacet
  facet normal 0.803236 0.595661 0
    outer loop
      vertex 79.4393 15.5822 20.7
      vertex 79.6264 15.3299 23
      vertex 79.6264 15.3299 20.7
    endloop
  endfacet
  facet normal 0.514074 0.857746 -0
    outer loop
      vertex 80.5915 14.5379 20.7
      vertex 80.3222 14.6993 23
      vertex 80.5915 14.5379 23
    endloop
  endfacet
  facet normal 0.514074 0.857746 0
    outer loop
      vertex 80.3222 14.6993 23
      vertex 80.5915 14.5379 20.7
      vertex 80.3222 14.6993 20.7
    endloop
  endfacet
  facet normal 0.671705 -0.740819 0
    outer loop
      vertex 79.8373 19.6227 20.7
      vertex 80.0699 19.8336 23
      vertex 79.8373 19.6227 23
    endloop
  endfacet
  facet normal 0.671705 -0.740819 0
    outer loop
      vertex 80.0699 19.8336 23
      vertex 79.8373 19.6227 20.7
      vertex 80.0699 19.8336 20.7
    endloop
  endfacet
  facet normal -0.427621 0.903958 0
    outer loop
      vertex 83.6085 14.5379 20.7
      vertex 83.3246 14.4036 23
      vertex 83.6085 14.5379 23
    endloop
  endfacet
  facet normal -0.427621 0.903958 0
    outer loop
      vertex 83.3246 14.4036 23
      vertex 83.6085 14.5379 20.7
      vertex 83.3246 14.4036 20.7
    endloop
  endfacet
  facet normal -0.336881 0.941547 0
    outer loop
      vertex 83.3246 14.4036 20.7
      vertex 83.0289 14.2978 23
      vertex 83.3246 14.4036 23
    endloop
  endfacet
  facet normal -0.336881 0.941547 0
    outer loop
      vertex 83.0289 14.2978 23
      vertex 83.3246 14.4036 20.7
      vertex 83.0289 14.2978 20.7
    endloop
  endfacet
  facet normal 0.941547 -0.336881 0
    outer loop
      vertex 79.0378 18.2889 23
      vertex 79.1436 18.5846 20.7
      vertex 79.1436 18.5846 23
    endloop
  endfacet
  facet normal 0.941547 -0.336881 0
    outer loop
      vertex 79.1436 18.5846 20.7
      vertex 79.0378 18.2889 23
      vertex 79.0378 18.2889 20.7
    endloop
  endfacet
  facet normal -0.941547 0.336881 0
    outer loop
      vertex 85.0564 16.1354 20.7
      vertex 85.1622 16.4311 23
      vertex 85.1622 16.4311 20.7
    endloop
  endfacet
  facet normal -0.941547 0.336881 0
    outer loop
      vertex 85.1622 16.4311 23
      vertex 85.0564 16.1354 20.7
      vertex 85.0564 16.1354 23
    endloop
  endfacet
  facet normal 0.97003 0.242985 0
    outer loop
      vertex 79.0378 16.4311 23
      vertex 78.9615 16.7357 20.7
      vertex 78.9615 16.7357 23
    endloop
  endfacet
  facet normal 0.97003 0.242985 0
    outer loop
      vertex 78.9615 16.7357 20.7
      vertex 79.0378 16.4311 23
      vertex 79.0378 16.4311 20.7
    endloop
  endfacet
  facet normal -0.803236 0.595661 0
    outer loop
      vertex 84.5736 15.3299 20.7
      vertex 84.7607 15.5822 23
      vertex 84.7607 15.5822 20.7
    endloop
  endfacet
  facet normal -0.803236 0.595661 0
    outer loop
      vertex 84.7607 15.5822 23
      vertex 84.5736 15.3299 20.7
      vertex 84.5736 15.3299 23
    endloop
  endfacet
  facet normal 0.998797 0.0490324 0
    outer loop
      vertex 78.9154 17.0463 23
      vertex 78.9 17.36 20.7
      vertex 78.9 17.36 23
    endloop
  endfacet
  facet normal 0.998797 0.0490324 0
    outer loop
      vertex 78.9 17.36 20.7
      vertex 78.9154 17.0463 23
      vertex 78.9154 17.0463 20.7
    endloop
  endfacet
  facet normal -0.427621 -0.903958 0
    outer loop
      vertex 83.3246 20.3164 20.7
      vertex 83.6085 20.1821 23
      vertex 83.3246 20.3164 23
    endloop
  endfacet
  facet normal -0.427621 -0.903958 -0
    outer loop
      vertex 83.6085 20.1821 23
      vertex 83.3246 20.3164 20.7
      vertex 83.6085 20.1821 20.7
    endloop
  endfacet
  facet normal 0.857605 -0.514308 0
    outer loop
      vertex 79.2778 18.8685 23
      vertex 79.4393 19.1378 20.7
      vertex 79.4393 19.1378 23
    endloop
  endfacet
  facet normal 0.857605 -0.514308 0
    outer loop
      vertex 79.4393 19.1378 20.7
      vertex 79.2778 18.8685 23
      vertex 79.2778 18.8685 20.7
    endloop
  endfacet
  facet normal -0.336881 -0.941547 0
    outer loop
      vertex 83.0289 20.4222 20.7
      vertex 83.3246 20.3164 23
      vertex 83.0289 20.4222 23
    endloop
  endfacet
  facet normal -0.336881 -0.941547 -0
    outer loop
      vertex 83.3246 20.3164 23
      vertex 83.0289 20.4222 20.7
      vertex 83.3246 20.3164 20.7
    endloop
  endfacet
  facet normal -0.903958 -0.427621 0
    outer loop
      vertex 85.0564 18.5846 20.7
      vertex 84.9221 18.8685 23
      vertex 84.9221 18.8685 20.7
    endloop
  endfacet
  facet normal -0.903958 -0.427621 0
    outer loop
      vertex 84.9221 18.8685 23
      vertex 85.0564 18.5846 20.7
      vertex 85.0564 18.5846 23
    endloop
  endfacet
  facet normal 0.336881 -0.941547 0
    outer loop
      vertex 80.8754 20.3164 20.7
      vertex 81.1711 20.4222 23
      vertex 80.8754 20.3164 23
    endloop
  endfacet
  facet normal 0.336881 -0.941547 0
    outer loop
      vertex 81.1711 20.4222 23
      vertex 80.8754 20.3164 20.7
      vertex 81.1711 20.4222 20.7
    endloop
  endfacet
  facet normal 0.740819 0.671705 0
    outer loop
      vertex 79.8373 15.0973 23
      vertex 79.6264 15.3299 20.7
      vertex 79.6264 15.3299 23
    endloop
  endfacet
  facet normal 0.740819 0.671705 0
    outer loop
      vertex 79.6264 15.3299 20.7
      vertex 79.8373 15.0973 23
      vertex 79.8373 15.0973 20.7
    endloop
  endfacet
  facet normal -0.740819 0.671705 0
    outer loop
      vertex 84.3627 15.0973 20.7
      vertex 84.5736 15.3299 23
      vertex 84.5736 15.3299 20.7
    endloop
  endfacet
  facet normal -0.740819 0.671705 0
    outer loop
      vertex 84.5736 15.3299 23
      vertex 84.3627 15.0973 20.7
      vertex 84.3627 15.0973 23
    endloop
  endfacet
  facet normal -0.740819 -0.671705 0
    outer loop
      vertex 84.5736 19.3901 20.7
      vertex 84.3627 19.6227 23
      vertex 84.3627 19.6227 20.7
    endloop
  endfacet
  facet normal -0.740819 -0.671705 0
    outer loop
      vertex 84.3627 19.6227 23
      vertex 84.5736 19.3901 20.7
      vertex 84.5736 19.3901 23
    endloop
  endfacet
  facet normal -0.146814 0.989164 0
    outer loop
      vertex 82.7243 14.2215 20.7
      vertex 82.4137 14.1754 23
      vertex 82.7243 14.2215 23
    endloop
  endfacet
  facet normal -0.146814 0.989164 0
    outer loop
      vertex 82.4137 14.1754 23
      vertex 82.7243 14.2215 20.7
      vertex 82.4137 14.1754 20.7
    endloop
  endfacet
  facet normal -0.242985 0.97003 0
    outer loop
      vertex 83.0289 14.2978 20.7
      vertex 82.7243 14.2215 23
      vertex 83.0289 14.2978 23
    endloop
  endfacet
  facet normal -0.242985 0.97003 0
    outer loop
      vertex 82.7243 14.2215 23
      vertex 83.0289 14.2978 20.7
      vertex 82.7243 14.2215 20.7
    endloop
  endfacet
  facet normal -0.514074 0.857746 0
    outer loop
      vertex 83.8778 14.6993 20.7
      vertex 83.6085 14.5379 23
      vertex 83.8778 14.6993 23
    endloop
  endfacet
  facet normal -0.514074 0.857746 0
    outer loop
      vertex 83.6085 14.5379 23
      vertex 83.8778 14.6993 20.7
      vertex 83.6085 14.5379 20.7
    endloop
  endfacet
  facet normal -0.0490324 -0.998797 0
    outer loop
      vertex 82.1 20.56 20.7
      vertex 82.4137 20.5446 23
      vertex 82.1 20.56 23
    endloop
  endfacet
  facet normal -0.0490324 -0.998797 -0
    outer loop
      vertex 82.4137 20.5446 23
      vertex 82.1 20.56 20.7
      vertex 82.4137 20.5446 20.7
    endloop
  endfacet
  facet normal 0.0490324 -0.998797 0
    outer loop
      vertex 81.7863 20.5446 20.7
      vertex 82.1 20.56 23
      vertex 81.7863 20.5446 23
    endloop
  endfacet
  facet normal 0.0490324 -0.998797 0
    outer loop
      vertex 82.1 20.56 23
      vertex 81.7863 20.5446 20.7
      vertex 82.1 20.56 20.7
    endloop
  endfacet
  facet normal 0.336881 0.941547 -0
    outer loop
      vertex 81.1711 14.2978 20.7
      vertex 80.8754 14.4036 23
      vertex 81.1711 14.2978 23
    endloop
  endfacet
  facet normal 0.336881 0.941547 0
    outer loop
      vertex 80.8754 14.4036 23
      vertex 81.1711 14.2978 20.7
      vertex 80.8754 14.4036 20.7
    endloop
  endfacet
  facet normal 0.998797 -0.0490324 0
    outer loop
      vertex 78.9 17.36 23
      vertex 78.9154 17.6737 20.7
      vertex 78.9154 17.6737 23
    endloop
  endfacet
  facet normal 0.998797 -0.0490324 0
    outer loop
      vertex 78.9154 17.6737 20.7
      vertex 78.9 17.36 23
      vertex 78.9 17.36 20.7
    endloop
  endfacet
  facet normal -0.514074 -0.857746 0
    outer loop
      vertex 83.6085 20.1821 20.7
      vertex 83.8778 20.0207 23
      vertex 83.6085 20.1821 23
    endloop
  endfacet
  facet normal -0.514074 -0.857746 -0
    outer loop
      vertex 83.8778 20.0207 23
      vertex 83.6085 20.1821 20.7
      vertex 83.8778 20.0207 20.7
    endloop
  endfacet
  facet normal -0.671705 0.740819 0
    outer loop
      vertex 84.3627 15.0973 20.7
      vertex 84.1301 14.8864 23
      vertex 84.3627 15.0973 23
    endloop
  endfacet
  facet normal -0.671705 0.740819 0
    outer loop
      vertex 84.1301 14.8864 23
      vertex 84.3627 15.0973 20.7
      vertex 84.1301 14.8864 20.7
    endloop
  endfacet
  facet normal -0.671705 -0.740819 0
    outer loop
      vertex 84.1301 19.8336 20.7
      vertex 84.3627 19.6227 23
      vertex 84.1301 19.8336 23
    endloop
  endfacet
  facet normal -0.671705 -0.740819 -0
    outer loop
      vertex 84.3627 19.6227 23
      vertex 84.1301 19.8336 20.7
      vertex 84.3627 19.6227 20.7
    endloop
  endfacet
  facet normal 0.904081 0.427361 0
    outer loop
      vertex 79.2778 15.8515 23
      vertex 79.1436 16.1354 20.7
      vertex 79.1436 16.1354 23
    endloop
  endfacet
  facet normal 0.904081 0.427361 0
    outer loop
      vertex 79.1436 16.1354 20.7
      vertex 79.2778 15.8515 23
      vertex 79.2778 15.8515 20.7
    endloop
  endfacet
  facet normal -0.0490324 0.998797 0
    outer loop
      vertex 82.4137 14.1754 20.7
      vertex 82.1 14.16 23
      vertex 82.4137 14.1754 23
    endloop
  endfacet
  facet normal -0.0490324 0.998797 0
    outer loop
      vertex 82.1 14.16 23
      vertex 82.4137 14.1754 20.7
      vertex 82.1 14.16 20.7
    endloop
  endfacet
  facet normal -0.857746 -0.514074 0
    outer loop
      vertex 84.9221 18.8685 20.7
      vertex 84.7607 19.1378 23
      vertex 84.7607 19.1378 20.7
    endloop
  endfacet
  facet normal -0.857746 -0.514074 0
    outer loop
      vertex 84.7607 19.1378 23
      vertex 84.9221 18.8685 20.7
      vertex 84.9221 18.8685 23
    endloop
  endfacet
  facet normal 0.514074 -0.857746 0
    outer loop
      vertex 80.3222 20.0207 20.7
      vertex 80.5915 20.1821 23
      vertex 80.3222 20.0207 23
    endloop
  endfacet
  facet normal 0.514074 -0.857746 0
    outer loop
      vertex 80.5915 20.1821 23
      vertex 80.3222 20.0207 20.7
      vertex 80.5915 20.1821 20.7
    endloop
  endfacet
  facet normal 0.595661 0.803236 -0
    outer loop
      vertex 80.3222 14.6993 20.7
      vertex 80.0699 14.8864 23
      vertex 80.3222 14.6993 23
    endloop
  endfacet
  facet normal 0.595661 0.803236 0
    outer loop
      vertex 80.0699 14.8864 23
      vertex 80.3222 14.6993 20.7
      vertex 80.0699 14.8864 20.7
    endloop
  endfacet
  facet normal 0.242985 -0.97003 0
    outer loop
      vertex 81.1711 20.4222 20.7
      vertex 81.4757 20.4985 23
      vertex 81.1711 20.4222 23
    endloop
  endfacet
  facet normal 0.242985 -0.97003 0
    outer loop
      vertex 81.4757 20.4985 23
      vertex 81.1711 20.4222 20.7
      vertex 81.4757 20.4985 20.7
    endloop
  endfacet
  facet normal -0.595661 0.803236 0
    outer loop
      vertex 84.1301 14.8864 20.7
      vertex 83.8778 14.6993 23
      vertex 84.1301 14.8864 23
    endloop
  endfacet
  facet normal -0.595661 0.803236 0
    outer loop
      vertex 83.8778 14.6993 23
      vertex 84.1301 14.8864 20.7
      vertex 83.8778 14.6993 20.7
    endloop
  endfacet
  facet normal 0.857605 0.514308 0
    outer loop
      vertex 79.4393 15.5822 23
      vertex 79.2778 15.8515 20.7
      vertex 79.2778 15.8515 23
    endloop
  endfacet
  facet normal 0.857605 0.514308 0
    outer loop
      vertex 79.2778 15.8515 20.7
      vertex 79.4393 15.5822 23
      vertex 79.4393 15.5822 20.7
    endloop
  endfacet
  facet normal -0.97003 0.242985 0
    outer loop
      vertex 85.1622 16.4311 20.7
      vertex 85.2385 16.7357 23
      vertex 85.2385 16.7357 20.7
    endloop
  endfacet
  facet normal -0.97003 0.242985 0
    outer loop
      vertex 85.2385 16.7357 23
      vertex 85.1622 16.4311 20.7
      vertex 85.1622 16.4311 23
    endloop
  endfacet
  facet normal -0.146814 -0.989164 0
    outer loop
      vertex 82.4137 20.5446 20.7
      vertex 82.7243 20.4985 23
      vertex 82.4137 20.5446 23
    endloop
  endfacet
  facet normal -0.146814 -0.989164 -0
    outer loop
      vertex 82.7243 20.4985 23
      vertex 82.4137 20.5446 20.7
      vertex 82.7243 20.4985 20.7
    endloop
  endfacet
  facet normal 0.989164 0.146814 0
    outer loop
      vertex 78.9615 16.7357 23
      vertex 78.9154 17.0463 20.7
      vertex 78.9154 17.0463 23
    endloop
  endfacet
  facet normal 0.989164 0.146814 0
    outer loop
      vertex 78.9154 17.0463 20.7
      vertex 78.9615 16.7357 23
      vertex 78.9615 16.7357 20.7
    endloop
  endfacet
  facet normal 0.427621 -0.903958 0
    outer loop
      vertex 80.5915 20.1821 20.7
      vertex 80.8754 20.3164 23
      vertex 80.5915 20.1821 23
    endloop
  endfacet
  facet normal 0.427621 -0.903958 0
    outer loop
      vertex 80.8754 20.3164 23
      vertex 80.5915 20.1821 20.7
      vertex 80.8754 20.3164 20.7
    endloop
  endfacet
  facet normal 0.242985 0.97003 -0
    outer loop
      vertex 81.4757 14.2215 20.7
      vertex 81.1711 14.2978 23
      vertex 81.4757 14.2215 23
    endloop
  endfacet
  facet normal 0.242985 0.97003 0
    outer loop
      vertex 81.1711 14.2978 23
      vertex 81.4757 14.2215 20.7
      vertex 81.1711 14.2978 20.7
    endloop
  endfacet
  facet normal 0.97003 -0.242985 0
    outer loop
      vertex 78.9615 17.9843 23
      vertex 79.0378 18.2889 20.7
      vertex 79.0378 18.2889 23
    endloop
  endfacet
  facet normal 0.97003 -0.242985 0
    outer loop
      vertex 79.0378 18.2889 20.7
      vertex 78.9615 17.9843 23
      vertex 78.9615 17.9843 20.7
    endloop
  endfacet
  facet normal 0.0490324 0.998797 -0
    outer loop
      vertex 82.1 14.16 20.7
      vertex 81.7863 14.1754 23
      vertex 82.1 14.16 23
    endloop
  endfacet
  facet normal 0.0490324 0.998797 0
    outer loop
      vertex 81.7863 14.1754 23
      vertex 82.1 14.16 20.7
      vertex 81.7863 14.1754 20.7
    endloop
  endfacet
  facet normal -0.857746 0.514074 0
    outer loop
      vertex 84.7607 15.5822 20.7
      vertex 84.9221 15.8515 23
      vertex 84.9221 15.8515 20.7
    endloop
  endfacet
  facet normal -0.857746 0.514074 0
    outer loop
      vertex 84.9221 15.8515 23
      vertex 84.7607 15.5822 20.7
      vertex 84.7607 15.5822 23
    endloop
  endfacet
  facet normal 0.427621 0.903958 -0
    outer loop
      vertex 80.8754 14.4036 20.7
      vertex 80.5915 14.5379 23
      vertex 80.8754 14.4036 23
    endloop
  endfacet
  facet normal 0.427621 0.903958 0
    outer loop
      vertex 80.5915 14.5379 23
      vertex 80.8754 14.4036 20.7
      vertex 80.5915 14.5379 20.7
    endloop
  endfacet
  facet normal -0.903958 0.427621 0
    outer loop
      vertex 84.9221 15.8515 20.7
      vertex 85.0564 16.1354 23
      vertex 85.0564 16.1354 20.7
    endloop
  endfacet
  facet normal -0.903958 0.427621 0
    outer loop
      vertex 85.0564 16.1354 23
      vertex 84.9221 15.8515 20.7
      vertex 84.9221 15.8515 23
    endloop
  endfacet
  facet normal -0.242985 -0.97003 0
    outer loop
      vertex 82.7243 20.4985 20.7
      vertex 83.0289 20.4222 23
      vertex 82.7243 20.4985 23
    endloop
  endfacet
  facet normal -0.242985 -0.97003 -0
    outer loop
      vertex 83.0289 20.4222 23
      vertex 82.7243 20.4985 20.7
      vertex 83.0289 20.4222 20.7
    endloop
  endfacet
  facet normal 0 0 1
    outer loop
      vertex 85.2846 17.6737 20.7
      vertex 85.2846 17.0463 20.7
      vertex 85.3 17.36 20.7
    endloop
  endfacet
  facet normal 0 0 1
    outer loop
      vertex 85.2385 17.9843 20.7
      vertex 85.2846 17.0463 20.7
      vertex 85.2846 17.6737 20.7
    endloop
  endfacet
  facet normal 0 0 1
    outer loop
      vertex 85.2385 17.9843 20.7
      vertex 85.2385 16.7357 20.7
      vertex 85.2846 17.0463 20.7
    endloop
  endfacet
  facet normal 0 0 1
    outer loop
      vertex 85.1622 18.2889 20.7
      vertex 85.2385 16.7357 20.7
      vertex 85.2385 17.9843 20.7
    endloop
  endfacet
  facet normal 0 0 1
    outer loop
      vertex 85.1622 18.2889 20.7
      vertex 85.1622 16.4311 20.7
      vertex 85.2385 16.7357 20.7
    endloop
  endfacet
  facet normal 0 0 1
    outer loop
      vertex 85.0564 18.5846 20.7
      vertex 85.1622 16.4311 20.7
      vertex 85.1622 18.2889 20.7
    endloop
  endfacet
  facet normal 0 0 1
    outer loop
      vertex 85.0564 18.5846 20.7
      vertex 85.0564 16.1354 20.7
      vertex 85.1622 16.4311 20.7
    endloop
  endfacet
  facet normal 0 0 1
    outer loop
      vertex 84.9221 18.8685 20.7
      vertex 85.0564 16.1354 20.7
      vertex 85.0564 18.5846 20.7
    endloop
  endfacet
  facet normal 0 0 1
    outer loop
      vertex 84.9221 18.8685 20.7
      vertex 84.9221 15.8515 20.7
      vertex 85.0564 16.1354 20.7
    endloop
  endfacet
  facet normal 0 0 1
    outer loop
      vertex 84.7607 19.1378 20.7
      vertex 84.9221 15.8515 20.7
      vertex 84.9221 18.8685 20.7
    endloop
  endfacet
  facet normal 0 0 1
    outer loop
      vertex 84.7607 19.1378 20.7
      vertex 84.7607 15.5822 20.7
      vertex 84.9221 15.8515 20.7
    endloop
  endfacet
  facet normal 0 0 1
    outer loop
      vertex 84.5736 19.3901 20.7
      vertex 84.7607 15.5822 20.7
      vertex 84.7607 19.1378 20.7
    endloop
  endfacet
  facet normal 0 0 1
    outer loop
      vertex 84.5736 19.3901 20.7
      vertex 84.5736 15.3299 20.7
      vertex 84.7607 15.5822 20.7
    endloop
  endfacet
  facet normal 0 0 1
    outer loop
      vertex 84.3627 19.6227 20.7
      vertex 84.5736 15.3299 20.7
      vertex 84.5736 19.3901 20.7
    endloop
  endfacet
  facet normal 0 0 1
    outer loop
      vertex 84.3627 19.6227 20.7
      vertex 84.3627 15.0973 20.7
      vertex 84.5736 15.3299 20.7
    endloop
  endfacet
  facet normal 0 0 1
    outer loop
      vertex 84.1301 19.8336 20.7
      vertex 84.3627 15.0973 20.7
      vertex 84.3627 19.6227 20.7
    endloop
  endfacet
  facet normal 0 0 1
    outer loop
      vertex 84.1301 19.8336 20.7
      vertex 84.1301 14.8864 20.7
      vertex 84.3627 15.0973 20.7
    endloop
  endfacet
  facet normal 0 0 1
    outer loop
      vertex 83.8778 20.0207 20.7
      vertex 84.1301 14.8864 20.7
      vertex 84.1301 19.8336 20.7
    endloop
  endfacet
  facet normal 0 0 1
    outer loop
      vertex 83.8778 20.0207 20.7
      vertex 83.8778 14.6993 20.7
      vertex 84.1301 14.8864 20.7
    endloop
  endfacet
  facet normal 0 0 1
    outer loop
      vertex 83.6085 20.1821 20.7
      vertex 83.8778 14.6993 20.7
      vertex 83.8778 20.0207 20.7
    endloop
  endfacet
  facet normal 0 0 1
    outer loop
      vertex 83.6085 20.1821 20.7
      vertex 83.6085 14.5379 20.7
      vertex 83.8778 14.6993 20.7
    endloop
  endfacet
  facet normal 0 0 1
    outer loop
      vertex 83.3246 20.3164 20.7
      vertex 83.6085 14.5379 20.7
      vertex 83.6085 20.1821 20.7
    endloop
  endfacet
  facet normal 0 0 1
    outer loop
      vertex 83.3246 20.3164 20.7
      vertex 83.3246 14.4036 20.7
      vertex 83.6085 14.5379 20.7
    endloop
  endfacet
  facet normal 0 0 1
    outer loop
      vertex 83.0289 20.4222 20.7
      vertex 83.3246 14.4036 20.7
      vertex 83.3246 20.3164 20.7
    endloop
  endfacet
  facet normal 0 0 1
    outer loop
      vertex 83.0289 20.4222 20.7
      vertex 83.0289 14.2978 20.7
      vertex 83.3246 14.4036 20.7
    endloop
  endfacet
  facet normal 0 0 1
    outer loop
      vertex 82.7243 20.4985 20.7
      vertex 83.0289 14.2978 20.7
      vertex 83.0289 20.4222 20.7
    endloop
  endfacet
  facet normal 0 0 1
    outer loop
      vertex 82.7243 20.4985 20.7
      vertex 82.7243 14.2215 20.7
      vertex 83.0289 14.2978 20.7
    endloop
  endfacet
  facet normal 0 0 1
    outer loop
      vertex 82.4137 20.5446 20.7
      vertex 82.7243 14.2215 20.7
      vertex 82.7243 20.4985 20.7
    endloop
  endfacet
  facet normal 0 0 1
    outer loop
      vertex 82.4137 20.5446 20.7
      vertex 82.4137 14.1754 20.7
      vertex 82.7243 14.2215 20.7
    endloop
  endfacet
  facet normal 0 0 1
    outer loop
      vertex 82.1 20.56 20.7
      vertex 82.4137 14.1754 20.7
      vertex 82.4137 20.5446 20.7
    endloop
  endfacet
  facet normal 0 0 1
    outer loop
      vertex 82.1 20.56 20.7
      vertex 82.1 14.16 20.7
      vertex 82.4137 14.1754 20.7
    endloop
  endfacet
  facet normal -0 0 1
    outer loop
      vertex 81.7863 20.5446 20.7
      vertex 82.1 14.16 20.7
      vertex 82.1 20.56 20.7
    endloop
  endfacet
  facet normal 0 0 1
    outer loop
      vertex 81.7863 20.5446 20.7
      vertex 81.7863 14.1754 20.7
      vertex 82.1 14.16 20.7
    endloop
  endfacet
  facet normal -0 0 1
    outer loop
      vertex 81.4757 20.4985 20.7
      vertex 81.7863 14.1754 20.7
      vertex 81.7863 20.5446 20.7
    endloop
  endfacet
  facet normal 0 0 1
    outer loop
      vertex 81.4757 20.4985 20.7
      vertex 81.4757 14.2215 20.7
      vertex 81.7863 14.1754 20.7
    endloop
  endfacet
  facet normal -0 0 1
    outer loop
      vertex 81.1711 20.4222 20.7
      vertex 81.4757 14.2215 20.7
      vertex 81.4757 20.4985 20.7
    endloop
  endfacet
  facet normal 0 0 1
    outer loop
      vertex 81.1711 20.4222 20.7
      vertex 81.1711 14.2978 20.7
      vertex 81.4757 14.2215 20.7
    endloop
  endfacet
  facet normal -0 0 1
    outer loop
      vertex 80.8754 20.3164 20.7
      vertex 81.1711 14.2978 20.7
      vertex 81.1711 20.4222 20.7
    endloop
  endfacet
  facet normal 0 0 1
    outer loop
      vertex 80.8754 20.3164 20.7
      vertex 80.8754 14.4036 20.7
      vertex 81.1711 14.2978 20.7
    endloop
  endfacet
  facet normal -0 0 1
    outer loop
      vertex 80.5915 20.1821 20.7
      vertex 80.8754 14.4036 20.7
      vertex 80.8754 20.3164 20.7
    endloop
  endfacet
  facet normal 0 0 1
    outer loop
      vertex 80.5915 20.1821 20.7
      vertex 80.5915 14.5379 20.7
      vertex 80.8754 14.4036 20.7
    endloop
  endfacet
  facet normal -0 0 1
    outer loop
      vertex 80.3222 20.0207 20.7
      vertex 80.5915 14.5379 20.7
      vertex 80.5915 20.1821 20.7
    endloop
  endfacet
  facet normal 0 0 1
    outer loop
      vertex 80.3222 20.0207 20.7
      vertex 80.3222 14.6993 20.7
      vertex 80.5915 14.5379 20.7
    endloop
  endfacet
  facet normal -0 0 1
    outer loop
      vertex 80.0699 19.8336 20.7
      vertex 80.3222 14.6993 20.7
      vertex 80.3222 20.0207 20.7
    endloop
  endfacet
  facet normal 0 0 1
    outer loop
      vertex 80.0699 19.8336 20.7
      vertex 80.0699 14.8864 20.7
      vertex 80.3222 14.6993 20.7
    endloop
  endfacet
  facet normal -0 0 1
    outer loop
      vertex 79.8373 19.6227 20.7
      vertex 80.0699 14.8864 20.7
      vertex 80.0699 19.8336 20.7
    endloop
  endfacet
  facet normal 0 0 1
    outer loop
      vertex 79.8373 19.6227 20.7
      vertex 79.8373 15.0973 20.7
      vertex 80.0699 14.8864 20.7
    endloop
  endfacet
  facet normal -0 0 1
    outer loop
      vertex 79.6264 19.3901 20.7
      vertex 79.8373 15.0973 20.7
      vertex 79.8373 19.6227 20.7
    endloop
  endfacet
  facet normal 0 0 1
    outer loop
      vertex 79.6264 19.3901 20.7
      vertex 79.6264 15.3299 20.7
      vertex 79.8373 15.0973 20.7
    endloop
  endfacet
  facet normal -0 0 1
    outer loop
      vertex 79.4393 19.1378 20.7
      vertex 79.6264 15.3299 20.7
      vertex 79.6264 19.3901 20.7
    endloop
  endfacet
  facet normal 0 0 1
    outer loop
      vertex 79.4393 19.1378 20.7
      vertex 79.4393 15.5822 20.7
      vertex 79.6264 15.3299 20.7
    endloop
  endfacet
  facet normal -0 0 1
    outer loop
      vertex 79.2778 18.8685 20.7
      vertex 79.4393 15.5822 20.7
      vertex 79.4393 19.1378 20.7
    endloop
  endfacet
  facet normal 0 0 1
    outer loop
      vertex 79.2778 18.8685 20.7
      vertex 79.2778 15.8515 20.7
      vertex 79.4393 15.5822 20.7
    endloop
  endfacet
  facet normal -0 0 1
    outer loop
      vertex 79.1436 18.5846 20.7
      vertex 79.2778 15.8515 20.7
      vertex 79.2778 18.8685 20.7
    endloop
  endfacet
  facet normal 0 0 1
    outer loop
      vertex 79.1436 18.5846 20.7
      vertex 79.1436 16.1354 20.7
      vertex 79.2778 15.8515 20.7
    endloop
  endfacet
  facet normal -0 0 1
    outer loop
      vertex 79.0378 18.2889 20.7
      vertex 79.1436 16.1354 20.7
      vertex 79.1436 18.5846 20.7
    endloop
  endfacet
  facet normal 0 0 1
    outer loop
      vertex 79.0378 18.2889 20.7
      vertex 79.0378 16.4311 20.7
      vertex 79.1436 16.1354 20.7
    endloop
  endfacet
  facet normal -0 0 1
    outer loop
      vertex 78.9615 17.9843 20.7
      vertex 79.0378 16.4311 20.7
      vertex 79.0378 18.2889 20.7
    endloop
  endfacet
  facet normal 0 0 1
    outer loop
      vertex 78.9615 17.9843 20.7
      vertex 78.9615 16.7357 20.7
      vertex 79.0378 16.4311 20.7
    endloop
  endfacet
  facet normal -0 0 1
    outer loop
      vertex 78.9154 17.6737 20.7
      vertex 78.9615 16.7357 20.7
      vertex 78.9615 17.9843 20.7
    endloop
  endfacet
  facet normal 0 0 1
    outer loop
      vertex 78.9154 17.6737 20.7
      vertex 78.9154 17.0463 20.7
      vertex 78.9615 16.7357 20.7
    endloop
  endfacet
  facet normal 0 -0 1
    outer loop
      vertex 78.9154 17.0463 20.7
      vertex 78.9154 17.6737 20.7
      vertex 78.9 17.36 20.7
    endloop
  endfacet
  facet normal 0.904081 -0.427361 0
    outer loop
      vertex 79.1436 18.5846 23
      vertex 79.2778 18.8685 20.7
      vertex 79.2778 18.8685 23
    endloop
  endfacet
  facet normal 0.904081 -0.427361 0
    outer loop
      vertex 79.2778 18.8685 20.7
      vertex 79.1436 18.5846 23
      vertex 79.1436 18.5846 20.7
    endloop
  endfacet
  facet normal 0.595661 -0.803236 0
    outer loop
      vertex 80.0699 19.8336 20.7
      vertex 80.3222 20.0207 23
      vertex 80.0699 19.8336 23
    endloop
  endfacet
  facet normal 0.595661 -0.803236 0
    outer loop
      vertex 80.3222 20.0207 23
      vertex 80.0699 19.8336 20.7
      vertex 80.3222 20.0207 20.7
    endloop
  endfacet
  facet normal 0.146814 0.989164 -0
    outer loop
      vertex 81.7863 14.1754 20.7
      vertex 81.4757 14.2215 23
      vertex 81.7863 14.1754 23
    endloop
  endfacet
  facet normal 0.146814 0.989164 0
    outer loop
      vertex 81.4757 14.2215 23
      vertex 81.7863 14.1754 20.7
      vertex 81.4757 14.2215 20.7
    endloop
  endfacet
  facet normal 0.671705 0.740819 -0
    outer loop
      vertex 80.0699 14.8864 20.7
      vertex 79.8373 15.0973 23
      vertex 80.0699 14.8864 23
    endloop
  endfacet
  facet normal 0.671705 0.740819 0
    outer loop
      vertex 79.8373 15.0973 23
      vertex 80.0699 14.8864 20.7
      vertex 79.8373 15.0973 20.7
    endloop
  endfacet
  facet normal 0.857605 -0.514308 0
    outer loop
      vertex 79.2778 46.1485 23
      vertex 79.4393 46.4178 20.7
      vertex 79.4393 46.4178 23
    endloop
  endfacet
  facet normal 0.857605 -0.514308 0
    outer loop
      vertex 79.4393 46.4178 20.7
      vertex 79.2778 46.1485 23
      vertex 79.2778 46.1485 20.7
    endloop
  endfacet
  facet normal -0.989164 -0.146814 0
    outer loop
      vertex 85.2846 44.9537 20.7
      vertex 85.2385 45.2643 23
      vertex 85.2385 45.2643 20.7
    endloop
  endfacet
  facet normal -0.989164 -0.146814 0
    outer loop
      vertex 85.2385 45.2643 23
      vertex 85.2846 44.9537 20.7
      vertex 85.2846 44.9537 23
    endloop
  endfacet
  facet normal -0.998797 -0.0490324 0
    outer loop
      vertex 85.3 44.64 20.7
      vertex 85.2846 44.9537 23
      vertex 85.2846 44.9537 20.7
    endloop
  endfacet
  facet normal -0.998797 -0.0490324 0
    outer loop
      vertex 85.2846 44.9537 23
      vertex 85.3 44.64 20.7
      vertex 85.3 44.64 23
    endloop
  endfacet
  facet normal -0.97003 -0.242985 0
    outer loop
      vertex 85.2385 45.2643 20.7
      vertex 85.1622 45.5689 23
      vertex 85.1622 45.5689 20.7
    endloop
  endfacet
  facet normal -0.97003 -0.242985 0
    outer loop
      vertex 85.1622 45.5689 23
      vertex 85.2385 45.2643 20.7
      vertex 85.2385 45.2643 23
    endloop
  endfacet
  facet normal 0.595661 0.803236 -0
    outer loop
      vertex 80.3222 41.9793 20.7
      vertex 80.0699 42.1664 23
      vertex 80.3222 41.9793 23
    endloop
  endfacet
  facet normal 0.595661 0.803236 0
    outer loop
      vertex 80.0699 42.1664 23
      vertex 80.3222 41.9793 20.7
      vertex 80.0699 42.1664 20.7
    endloop
  endfacet
  facet normal -0.803236 -0.595661 0
    outer loop
      vertex 84.7607 46.4178 20.7
      vertex 84.5736 46.6701 23
      vertex 84.5736 46.6701 20.7
    endloop
  endfacet
  facet normal -0.803236 -0.595661 0
    outer loop
      vertex 84.5736 46.6701 23
      vertex 84.7607 46.4178 20.7
      vertex 84.7607 46.4178 23
    endloop
  endfacet
  facet normal -0.595661 -0.803236 0
    outer loop
      vertex 83.8778 47.3007 20.7
      vertex 84.1301 47.1136 23
      vertex 83.8778 47.3007 23
    endloop
  endfacet
  facet normal -0.595661 -0.803236 -0
    outer loop
      vertex 84.1301 47.1136 23
      vertex 83.8778 47.3007 20.7
      vertex 84.1301 47.1136 20.7
    endloop
  endfacet
  facet normal 0.857605 0.514308 0
    outer loop
      vertex 79.4393 42.8622 23
      vertex 79.2778 43.1315 20.7
      vertex 79.2778 43.1315 23
    endloop
  endfacet
  facet normal 0.857605 0.514308 0
    outer loop
      vertex 79.2778 43.1315 20.7
      vertex 79.4393 42.8622 23
      vertex 79.4393 42.8622 20.7
    endloop
  endfacet
  facet normal -0.998797 0.0490324 0
    outer loop
      vertex 85.2846 44.3263 20.7
      vertex 85.3 44.64 23
      vertex 85.3 44.64 20.7
    endloop
  endfacet
  facet normal -0.998797 0.0490324 0
    outer loop
      vertex 85.3 44.64 23
      vertex 85.2846 44.3263 20.7
      vertex 85.2846 44.3263 23
    endloop
  endfacet
  facet normal -0.671705 0.740819 0
    outer loop
      vertex 84.3627 42.3773 20.7
      vertex 84.1301 42.1664 23
      vertex 84.3627 42.3773 23
    endloop
  endfacet
  facet normal -0.671705 0.740819 0
    outer loop
      vertex 84.1301 42.1664 23
      vertex 84.3627 42.3773 20.7
      vertex 84.1301 42.1664 20.7
    endloop
  endfacet
  facet normal -0.740819 -0.671705 0
    outer loop
      vertex 84.5736 46.6701 20.7
      vertex 84.3627 46.9027 23
      vertex 84.3627 46.9027 20.7
    endloop
  endfacet
  facet normal -0.740819 -0.671705 0
    outer loop
      vertex 84.3627 46.9027 23
      vertex 84.5736 46.6701 20.7
      vertex 84.5736 46.6701 23
    endloop
  endfacet
  facet normal -0.427621 -0.903958 0
    outer loop
      vertex 83.3246 47.5964 20.7
      vertex 83.6085 47.4621 23
      vertex 83.3246 47.5964 23
    endloop
  endfacet
  facet normal -0.427621 -0.903958 -0
    outer loop
      vertex 83.6085 47.4621 23
      vertex 83.3246 47.5964 20.7
      vertex 83.6085 47.4621 20.7
    endloop
  endfacet
  facet normal 0.146814 0.989164 -0
    outer loop
      vertex 81.7863 41.4554 20.7
      vertex 81.4757 41.5015 23
      vertex 81.7863 41.4554 23
    endloop
  endfacet
  facet normal 0.146814 0.989164 0
    outer loop
      vertex 81.4757 41.5015 23
      vertex 81.7863 41.4554 20.7
      vertex 81.4757 41.5015 20.7
    endloop
  endfacet
  facet normal 0.941547 0.336881 0
    outer loop
      vertex 79.1436 43.4154 23
      vertex 79.0378 43.7111 20.7
      vertex 79.0378 43.7111 23
    endloop
  endfacet
  facet normal 0.941547 0.336881 0
    outer loop
      vertex 79.0378 43.7111 20.7
      vertex 79.1436 43.4154 23
      vertex 79.1436 43.4154 20.7
    endloop
  endfacet
  facet normal 0.904081 -0.427361 0
    outer loop
      vertex 79.1436 45.8646 23
      vertex 79.2778 46.1485 20.7
      vertex 79.2778 46.1485 23
    endloop
  endfacet
  facet normal 0.904081 -0.427361 0
    outer loop
      vertex 79.2778 46.1485 20.7
      vertex 79.1436 45.8646 23
      vertex 79.1436 45.8646 20.7
    endloop
  endfacet
  facet normal 0.740819 -0.671705 0
    outer loop
      vertex 79.6264 46.6701 23
      vertex 79.8373 46.9027 20.7
      vertex 79.8373 46.9027 23
    endloop
  endfacet
  facet normal 0.740819 -0.671705 0
    outer loop
      vertex 79.8373 46.9027 20.7
      vertex 79.6264 46.6701 23
      vertex 79.6264 46.6701 20.7
    endloop
  endfacet
  facet normal -0.336881 0.941547 0
    outer loop
      vertex 83.3246 41.6836 20.7
      vertex 83.0289 41.5778 23
      vertex 83.3246 41.6836 23
    endloop
  endfacet
  facet normal -0.336881 0.941547 0
    outer loop
      vertex 83.0289 41.5778 23
      vertex 83.3246 41.6836 20.7
      vertex 83.0289 41.5778 20.7
    endloop
  endfacet
  facet normal 0.514074 -0.857746 0
    outer loop
      vertex 80.3222 47.3007 20.7
      vertex 80.5915 47.4621 23
      vertex 80.3222 47.3007 23
    endloop
  endfacet
  facet normal 0.514074 -0.857746 0
    outer loop
      vertex 80.5915 47.4621 23
      vertex 80.3222 47.3007 20.7
      vertex 80.5915 47.4621 20.7
    endloop
  endfacet
  facet normal -0.803236 0.595661 0
    outer loop
      vertex 84.5736 42.6099 20.7
      vertex 84.7607 42.8622 23
      vertex 84.7607 42.8622 20.7
    endloop
  endfacet
  facet normal -0.803236 0.595661 0
    outer loop
      vertex 84.7607 42.8622 23
      vertex 84.5736 42.6099 20.7
      vertex 84.5736 42.6099 23
    endloop
  endfacet
  facet normal 0.146814 -0.989164 0
    outer loop
      vertex 81.4757 47.7785 20.7
      vertex 81.7863 47.8246 23
      vertex 81.4757 47.7785 23
    endloop
  endfacet
  facet normal 0.146814 -0.989164 0
    outer loop
      vertex 81.7863 47.8246 23
      vertex 81.4757 47.7785 20.7
      vertex 81.7863 47.8246 20.7
    endloop
  endfacet
  facet normal 0.427621 0.903958 -0
    outer loop
      vertex 80.8754 41.6836 20.7
      vertex 80.5915 41.8179 23
      vertex 80.8754 41.6836 23
    endloop
  endfacet
  facet normal 0.427621 0.903958 0
    outer loop
      vertex 80.5915 41.8179 23
      vertex 80.8754 41.6836 20.7
      vertex 80.5915 41.8179 20.7
    endloop
  endfacet
  facet normal -0.242985 -0.97003 0
    outer loop
      vertex 82.7243 47.7785 20.7
      vertex 83.0289 47.7022 23
      vertex 82.7243 47.7785 23
    endloop
  endfacet
  facet normal -0.242985 -0.97003 -0
    outer loop
      vertex 83.0289 47.7022 23
      vertex 82.7243 47.7785 20.7
      vertex 83.0289 47.7022 20.7
    endloop
  endfacet
  facet normal 0.0490324 -0.998797 0
    outer loop
      vertex 81.7863 47.8246 20.7
      vertex 82.1 47.84 23
      vertex 81.7863 47.8246 23
    endloop
  endfacet
  facet normal 0.0490324 -0.998797 0
    outer loop
      vertex 82.1 47.84 23
      vertex 81.7863 47.8246 20.7
      vertex 82.1 47.84 20.7
    endloop
  endfacet
  facet normal -0.427621 0.903958 0
    outer loop
      vertex 83.6085 41.8179 20.7
      vertex 83.3246 41.6836 23
      vertex 83.6085 41.8179 23
    endloop
  endfacet
  facet normal -0.427621 0.903958 0
    outer loop
      vertex 83.3246 41.6836 23
      vertex 83.6085 41.8179 20.7
      vertex 83.3246 41.6836 20.7
    endloop
  endfacet
  facet normal 0.803236 0.595661 0
    outer loop
      vertex 79.6264 42.6099 23
      vertex 79.4393 42.8622 20.7
      vertex 79.4393 42.8622 23
    endloop
  endfacet
  facet normal 0.803236 0.595661 0
    outer loop
      vertex 79.4393 42.8622 20.7
      vertex 79.6264 42.6099 23
      vertex 79.6264 42.6099 20.7
    endloop
  endfacet
  facet normal -0.336881 -0.941547 0
    outer loop
      vertex 83.0289 47.7022 20.7
      vertex 83.3246 47.5964 23
      vertex 83.0289 47.7022 23
    endloop
  endfacet
  facet normal -0.336881 -0.941547 -0
    outer loop
      vertex 83.3246 47.5964 23
      vertex 83.0289 47.7022 20.7
      vertex 83.3246 47.5964 20.7
    endloop
  endfacet
  facet normal 0.427621 -0.903958 0
    outer loop
      vertex 80.5915 47.4621 20.7
      vertex 80.8754 47.5964 23
      vertex 80.5915 47.4621 23
    endloop
  endfacet
  facet normal 0.427621 -0.903958 0
    outer loop
      vertex 80.8754 47.5964 23
      vertex 80.5915 47.4621 20.7
      vertex 80.8754 47.5964 20.7
    endloop
  endfacet
  facet normal -0.146814 -0.989164 0
    outer loop
      vertex 82.4137 47.8246 20.7
      vertex 82.7243 47.7785 23
      vertex 82.4137 47.8246 23
    endloop
  endfacet
  facet normal -0.146814 -0.989164 -0
    outer loop
      vertex 82.7243 47.7785 23
      vertex 82.4137 47.8246 20.7
      vertex 82.7243 47.7785 20.7
    endloop
  endfacet
  facet normal -0.97003 0.242985 0
    outer loop
      vertex 85.1622 43.7111 20.7
      vertex 85.2385 44.0157 23
      vertex 85.2385 44.0157 20.7
    endloop
  endfacet
  facet normal -0.97003 0.242985 0
    outer loop
      vertex 85.2385 44.0157 23
      vertex 85.1622 43.7111 20.7
      vertex 85.1622 43.7111 23
    endloop
  endfacet
  facet normal 0.242985 -0.97003 0
    outer loop
      vertex 81.1711 47.7022 20.7
      vertex 81.4757 47.7785 23
      vertex 81.1711 47.7022 23
    endloop
  endfacet
  facet normal 0.242985 -0.97003 0
    outer loop
      vertex 81.4757 47.7785 23
      vertex 81.1711 47.7022 20.7
      vertex 81.4757 47.7785 20.7
    endloop
  endfacet
  facet normal -0.595661 0.803236 0
    outer loop
      vertex 84.1301 42.1664 20.7
      vertex 83.8778 41.9793 23
      vertex 84.1301 42.1664 23
    endloop
  endfacet
  facet normal -0.595661 0.803236 0
    outer loop
      vertex 83.8778 41.9793 23
      vertex 84.1301 42.1664 20.7
      vertex 83.8778 41.9793 20.7
    endloop
  endfacet
  facet normal -0.903958 -0.427621 0
    outer loop
      vertex 85.0564 45.8646 20.7
      vertex 84.9221 46.1485 23
      vertex 84.9221 46.1485 20.7
    endloop
  endfacet
  facet normal -0.903958 -0.427621 0
    outer loop
      vertex 84.9221 46.1485 23
      vertex 85.0564 45.8646 20.7
      vertex 85.0564 45.8646 23
    endloop
  endfacet
  facet normal 0.740819 0.671705 0
    outer loop
      vertex 79.8373 42.3773 23
      vertex 79.6264 42.6099 20.7
      vertex 79.6264 42.6099 23
    endloop
  endfacet
  facet normal 0.740819 0.671705 0
    outer loop
      vertex 79.6264 42.6099 20.7
      vertex 79.8373 42.3773 23
      vertex 79.8373 42.3773 20.7
    endloop
  endfacet
  facet normal 0.242985 0.97003 -0
    outer loop
      vertex 81.4757 41.5015 20.7
      vertex 81.1711 41.5778 23
      vertex 81.4757 41.5015 23
    endloop
  endfacet
  facet normal 0.242985 0.97003 0
    outer loop
      vertex 81.1711 41.5778 23
      vertex 81.4757 41.5015 20.7
      vertex 81.1711 41.5778 20.7
    endloop
  endfacet
  facet normal -0.857746 0.514074 0
    outer loop
      vertex 84.7607 42.8622 20.7
      vertex 84.9221 43.1315 23
      vertex 84.9221 43.1315 20.7
    endloop
  endfacet
  facet normal -0.857746 0.514074 0
    outer loop
      vertex 84.9221 43.1315 23
      vertex 84.7607 42.8622 20.7
      vertex 84.7607 42.8622 23
    endloop
  endfacet
  facet normal -0.146814 0.989164 0
    outer loop
      vertex 82.7243 41.5015 20.7
      vertex 82.4137 41.4554 23
      vertex 82.7243 41.5015 23
    endloop
  endfacet
  facet normal -0.146814 0.989164 0
    outer loop
      vertex 82.4137 41.4554 23
      vertex 82.7243 41.5015 20.7
      vertex 82.4137 41.4554 20.7
    endloop
  endfacet
  facet normal -0.242985 0.97003 0
    outer loop
      vertex 83.0289 41.5778 20.7
      vertex 82.7243 41.5015 23
      vertex 83.0289 41.5778 23
    endloop
  endfacet
  facet normal -0.242985 0.97003 0
    outer loop
      vertex 82.7243 41.5015 23
      vertex 83.0289 41.5778 20.7
      vertex 82.7243 41.5015 20.7
    endloop
  endfacet
  facet normal -0.941547 -0.336881 0
    outer loop
      vertex 85.1622 45.5689 20.7
      vertex 85.0564 45.8646 23
      vertex 85.0564 45.8646 20.7
    endloop
  endfacet
  facet normal -0.941547 -0.336881 0
    outer loop
      vertex 85.0564 45.8646 23
      vertex 85.1622 45.5689 20.7
      vertex 85.1622 45.5689 23
    endloop
  endfacet
  facet normal -0.0490324 -0.998797 0
    outer loop
      vertex 82.1 47.84 20.7
      vertex 82.4137 47.8246 23
      vertex 82.1 47.84 23
    endloop
  endfacet
  facet normal -0.0490324 -0.998797 -0
    outer loop
      vertex 82.4137 47.8246 23
      vertex 82.1 47.84 20.7
      vertex 82.4137 47.8246 20.7
    endloop
  endfacet
  facet normal -0.671705 -0.740819 0
    outer loop
      vertex 84.1301 47.1136 20.7
      vertex 84.3627 46.9027 23
      vertex 84.1301 47.1136 23
    endloop
  endfacet
  facet normal -0.671705 -0.740819 -0
    outer loop
      vertex 84.3627 46.9027 23
      vertex 84.1301 47.1136 20.7
      vertex 84.3627 46.9027 20.7
    endloop
  endfacet
  facet normal 0.989164 -0.146814 0
    outer loop
      vertex 78.9154 44.9537 23
      vertex 78.9615 45.2643 20.7
      vertex 78.9615 45.2643 23
    endloop
  endfacet
  facet normal 0.989164 -0.146814 0
    outer loop
      vertex 78.9615 45.2643 20.7
      vertex 78.9154 44.9537 23
      vertex 78.9154 44.9537 20.7
    endloop
  endfacet
  facet normal 0.595661 -0.803236 0
    outer loop
      vertex 80.0699 47.1136 20.7
      vertex 80.3222 47.3007 23
      vertex 80.0699 47.1136 23
    endloop
  endfacet
  facet normal 0.595661 -0.803236 0
    outer loop
      vertex 80.3222 47.3007 23
      vertex 80.0699 47.1136 20.7
      vertex 80.3222 47.3007 20.7
    endloop
  endfacet
  facet normal -0.514074 -0.857746 0
    outer loop
      vertex 83.6085 47.4621 20.7
      vertex 83.8778 47.3007 23
      vertex 83.6085 47.4621 23
    endloop
  endfacet
  facet normal -0.514074 -0.857746 -0
    outer loop
      vertex 83.8778 47.3007 23
      vertex 83.6085 47.4621 20.7
      vertex 83.8778 47.3007 20.7
    endloop
  endfacet
  facet normal -0.989164 0.146814 0
    outer loop
      vertex 85.2385 44.0157 20.7
      vertex 85.2846 44.3263 23
      vertex 85.2846 44.3263 20.7
    endloop
  endfacet
  facet normal -0.989164 0.146814 0
    outer loop
      vertex 85.2846 44.3263 23
      vertex 85.2385 44.0157 20.7
      vertex 85.2385 44.0157 23
    endloop
  endfacet
  facet normal 0.514074 0.857746 -0
    outer loop
      vertex 80.5915 41.8179 20.7
      vertex 80.3222 41.9793 23
      vertex 80.5915 41.8179 23
    endloop
  endfacet
  facet normal 0.514074 0.857746 0
    outer loop
      vertex 80.3222 41.9793 23
      vertex 80.5915 41.8179 20.7
      vertex 80.3222 41.9793 20.7
    endloop
  endfacet
  facet normal -0.857746 -0.514074 0
    outer loop
      vertex 84.9221 46.1485 20.7
      vertex 84.7607 46.4178 23
      vertex 84.7607 46.4178 20.7
    endloop
  endfacet
  facet normal -0.857746 -0.514074 0
    outer loop
      vertex 84.7607 46.4178 23
      vertex 84.9221 46.1485 20.7
      vertex 84.9221 46.1485 23
    endloop
  endfacet
  facet normal 0.97003 0.242985 0
    outer loop
      vertex 79.0378 43.7111 23
      vertex 78.9615 44.0157 20.7
      vertex 78.9615 44.0157 23
    endloop
  endfacet
  facet normal 0.97003 0.242985 0
    outer loop
      vertex 78.9615 44.0157 20.7
      vertex 79.0378 43.7111 23
      vertex 79.0378 43.7111 20.7
    endloop
  endfacet
  facet normal 0.336881 -0.941547 0
    outer loop
      vertex 80.8754 47.5964 20.7
      vertex 81.1711 47.7022 23
      vertex 80.8754 47.5964 23
    endloop
  endfacet
  facet normal 0.336881 -0.941547 0
    outer loop
      vertex 81.1711 47.7022 23
      vertex 80.8754 47.5964 20.7
      vertex 81.1711 47.7022 20.7
    endloop
  endfacet
  facet normal -0.514074 0.857746 0
    outer loop
      vertex 83.8778 41.9793 20.7
      vertex 83.6085 41.8179 23
      vertex 83.8778 41.9793 23
    endloop
  endfacet
  facet normal -0.514074 0.857746 0
    outer loop
      vertex 83.6085 41.8179 23
      vertex 83.8778 41.9793 20.7
      vertex 83.6085 41.8179 20.7
    endloop
  endfacet
  facet normal -0.941547 0.336881 0
    outer loop
      vertex 85.0564 43.4154 20.7
      vertex 85.1622 43.7111 23
      vertex 85.1622 43.7111 20.7
    endloop
  endfacet
  facet normal -0.941547 0.336881 0
    outer loop
      vertex 85.1622 43.7111 23
      vertex 85.0564 43.4154 20.7
      vertex 85.0564 43.4154 23
    endloop
  endfacet
  facet normal 0.803236 -0.595661 0
    outer loop
      vertex 79.4393 46.4178 23
      vertex 79.6264 46.6701 20.7
      vertex 79.6264 46.6701 23
    endloop
  endfacet
  facet normal 0.803236 -0.595661 0
    outer loop
      vertex 79.6264 46.6701 20.7
      vertex 79.4393 46.4178 23
      vertex 79.4393 46.4178 20.7
    endloop
  endfacet
  facet normal 0.989164 0.146814 0
    outer loop
      vertex 78.9615 44.0157 23
      vertex 78.9154 44.3263 20.7
      vertex 78.9154 44.3263 23
    endloop
  endfacet
  facet normal 0.989164 0.146814 0
    outer loop
      vertex 78.9154 44.3263 20.7
      vertex 78.9615 44.0157 23
      vertex 78.9615 44.0157 20.7
    endloop
  endfacet
  facet normal 0.998797 0.0490324 0
    outer loop
      vertex 78.9154 44.3263 23
      vertex 78.9 44.64 20.7
      vertex 78.9 44.64 23
    endloop
  endfacet
  facet normal 0.998797 0.0490324 0
    outer loop
      vertex 78.9 44.64 20.7
      vertex 78.9154 44.3263 23
      vertex 78.9154 44.3263 20.7
    endloop
  endfacet
  facet normal 0.998797 -0.0490324 0
    outer loop
      vertex 78.9 44.64 23
      vertex 78.9154 44.9537 20.7
      vertex 78.9154 44.9537 23
    endloop
  endfacet
  facet normal 0.998797 -0.0490324 0
    outer loop
      vertex 78.9154 44.9537 20.7
      vertex 78.9 44.64 23
      vertex 78.9 44.64 20.7
    endloop
  endfacet
  facet normal 0.671705 -0.740819 0
    outer loop
      vertex 79.8373 46.9027 20.7
      vertex 80.0699 47.1136 23
      vertex 79.8373 46.9027 23
    endloop
  endfacet
  facet normal 0.671705 -0.740819 0
    outer loop
      vertex 80.0699 47.1136 23
      vertex 79.8373 46.9027 20.7
      vertex 80.0699 47.1136 20.7
    endloop
  endfacet
  facet normal -0.0490324 0.998797 0
    outer loop
      vertex 82.4137 41.4554 20.7
      vertex 82.1 41.44 23
      vertex 82.4137 41.4554 23
    endloop
  endfacet
  facet normal -0.0490324 0.998797 0
    outer loop
      vertex 82.1 41.44 23
      vertex 82.4137 41.4554 20.7
      vertex 82.1 41.44 20.7
    endloop
  endfacet
  facet normal 0.97003 -0.242985 0
    outer loop
      vertex 78.9615 45.2643 23
      vertex 79.0378 45.5689 20.7
      vertex 79.0378 45.5689 23
    endloop
  endfacet
  facet normal 0.97003 -0.242985 0
    outer loop
      vertex 79.0378 45.5689 20.7
      vertex 78.9615 45.2643 23
      vertex 78.9615 45.2643 20.7
    endloop
  endfacet
  facet normal 0.941547 -0.336881 0
    outer loop
      vertex 79.0378 45.5689 23
      vertex 79.1436 45.8646 20.7
      vertex 79.1436 45.8646 23
    endloop
  endfacet
  facet normal 0.941547 -0.336881 0
    outer loop
      vertex 79.1436 45.8646 20.7
      vertex 79.0378 45.5689 23
      vertex 79.0378 45.5689 20.7
    endloop
  endfacet
  facet normal 0.0490324 0.998797 -0
    outer loop
      vertex 82.1 41.44 20.7
      vertex 81.7863 41.4554 23
      vertex 82.1 41.44 23
    endloop
  endfacet
  facet normal 0.0490324 0.998797 0
    outer loop
      vertex 81.7863 41.4554 23
      vertex 82.1 41.44 20.7
      vertex 81.7863 41.4554 20.7
    endloop
  endfacet
  facet normal 0.336881 0.941547 -0
    outer loop
      vertex 81.1711 41.5778 20.7
      vertex 80.8754 41.6836 23
      vertex 81.1711 41.5778 23
    endloop
  endfacet
  facet normal 0.336881 0.941547 0
    outer loop
      vertex 80.8754 41.6836 23
      vertex 81.1711 41.5778 20.7
      vertex 80.8754 41.6836 20.7
    endloop
  endfacet
  facet normal -0.903958 0.427621 0
    outer loop
      vertex 84.9221 43.1315 20.7
      vertex 85.0564 43.4154 23
      vertex 85.0564 43.4154 20.7
    endloop
  endfacet
  facet normal -0.903958 0.427621 0
    outer loop
      vertex 85.0564 43.4154 23
      vertex 84.9221 43.1315 20.7
      vertex 84.9221 43.1315 23
    endloop
  endfacet
  facet normal -0.740819 0.671705 0
    outer loop
      vertex 84.3627 42.3773 20.7
      vertex 84.5736 42.6099 23
      vertex 84.5736 42.6099 20.7
    endloop
  endfacet
  facet normal -0.740819 0.671705 0
    outer loop
      vertex 84.5736 42.6099 23
      vertex 84.3627 42.3773 20.7
      vertex 84.3627 42.3773 23
    endloop
  endfacet
  facet normal 0 0 1
    outer loop
      vertex 85.2846 44.9537 20.7
      vertex 85.2846 44.3263 20.7
      vertex 85.3 44.64 20.7
    endloop
  endfacet
  facet normal 0 0 1
    outer loop
      vertex 85.2385 45.2643 20.7
      vertex 85.2846 44.3263 20.7
      vertex 85.2846 44.9537 20.7
    endloop
  endfacet
  facet normal 0 0 1
    outer loop
      vertex 85.2385 45.2643 20.7
      vertex 85.2385 44.0157 20.7
      vertex 85.2846 44.3263 20.7
    endloop
  endfacet
  facet normal 0 0 1
    outer loop
      vertex 85.1622 45.5689 20.7
      vertex 85.2385 44.0157 20.7
      vertex 85.2385 45.2643 20.7
    endloop
  endfacet
  facet normal 0 0 1
    outer loop
      vertex 85.1622 45.5689 20.7
      vertex 85.1622 43.7111 20.7
      vertex 85.2385 44.0157 20.7
    endloop
  endfacet
  facet normal 0 0 1
    outer loop
      vertex 85.0564 45.8646 20.7
      vertex 85.1622 43.7111 20.7
      vertex 85.1622 45.5689 20.7
    endloop
  endfacet
  facet normal 0 0 1
    outer loop
      vertex 85.0564 45.8646 20.7
      vertex 85.0564 43.4154 20.7
      vertex 85.1622 43.7111 20.7
    endloop
  endfacet
  facet normal 0 0 1
    outer loop
      vertex 84.9221 46.1485 20.7
      vertex 85.0564 43.4154 20.7
      vertex 85.0564 45.8646 20.7
    endloop
  endfacet
  facet normal 0 0 1
    outer loop
      vertex 84.9221 46.1485 20.7
      vertex 84.9221 43.1315 20.7
      vertex 85.0564 43.4154 20.7
    endloop
  endfacet
  facet normal 0 0 1
    outer loop
      vertex 84.7607 46.4178 20.7
      vertex 84.9221 43.1315 20.7
      vertex 84.9221 46.1485 20.7
    endloop
  endfacet
  facet normal 0 0 1
    outer loop
      vertex 84.7607 46.4178 20.7
      vertex 84.7607 42.8622 20.7
      vertex 84.9221 43.1315 20.7
    endloop
  endfacet
  facet normal 0 0 1
    outer loop
      vertex 84.5736 46.6701 20.7
      vertex 84.7607 42.8622 20.7
      vertex 84.7607 46.4178 20.7
    endloop
  endfacet
  facet normal 0 0 1
    outer loop
      vertex 84.5736 46.6701 20.7
      vertex 84.5736 42.6099 20.7
      vertex 84.7607 42.8622 20.7
    endloop
  endfacet
  facet normal 0 0 1
    outer loop
      vertex 84.3627 46.9027 20.7
      vertex 84.5736 42.6099 20.7
      vertex 84.5736 46.6701 20.7
    endloop
  endfacet
  facet normal 0 0 1
    outer loop
      vertex 84.3627 46.9027 20.7
      vertex 84.3627 42.3773 20.7
      vertex 84.5736 42.6099 20.7
    endloop
  endfacet
  facet normal 0 0 1
    outer loop
      vertex 84.1301 47.1136 20.7
      vertex 84.3627 42.3773 20.7
      vertex 84.3627 46.9027 20.7
    endloop
  endfacet
  facet normal 0 0 1
    outer loop
      vertex 84.1301 47.1136 20.7
      vertex 84.1301 42.1664 20.7
      vertex 84.3627 42.3773 20.7
    endloop
  endfacet
  facet normal 0 0 1
    outer loop
      vertex 83.8778 47.3007 20.7
      vertex 84.1301 42.1664 20.7
      vertex 84.1301 47.1136 20.7
    endloop
  endfacet
  facet normal 0 0 1
    outer loop
      vertex 83.8778 47.3007 20.7
      vertex 83.8778 41.9793 20.7
      vertex 84.1301 42.1664 20.7
    endloop
  endfacet
  facet normal 0 0 1
    outer loop
      vertex 83.6085 47.4621 20.7
      vertex 83.8778 41.9793 20.7
      vertex 83.8778 47.3007 20.7
    endloop
  endfacet
  facet normal 0 0 1
    outer loop
      vertex 83.6085 47.4621 20.7
      vertex 83.6085 41.8179 20.7
      vertex 83.8778 41.9793 20.7
    endloop
  endfacet
  facet normal 0 0 1
    outer loop
      vertex 83.3246 47.5964 20.7
      vertex 83.6085 41.8179 20.7
      vertex 83.6085 47.4621 20.7
    endloop
  endfacet
  facet normal 0 0 1
    outer loop
      vertex 83.3246 47.5964 20.7
      vertex 83.3246 41.6836 20.7
      vertex 83.6085 41.8179 20.7
    endloop
  endfacet
  facet normal 0 0 1
    outer loop
      vertex 83.0289 47.7022 20.7
      vertex 83.3246 41.6836 20.7
      vertex 83.3246 47.5964 20.7
    endloop
  endfacet
  facet normal 0 0 1
    outer loop
      vertex 83.0289 47.7022 20.7
      vertex 83.0289 41.5778 20.7
      vertex 83.3246 41.6836 20.7
    endloop
  endfacet
  facet normal 0 0 1
    outer loop
      vertex 82.7243 47.7785 20.7
      vertex 83.0289 41.5778 20.7
      vertex 83.0289 47.7022 20.7
    endloop
  endfacet
  facet normal 0 0 1
    outer loop
      vertex 82.7243 47.7785 20.7
      vertex 82.7243 41.5015 20.7
      vertex 83.0289 41.5778 20.7
    endloop
  endfacet
  facet normal 0 0 1
    outer loop
      vertex 82.4137 47.8246 20.7
      vertex 82.7243 41.5015 20.7
      vertex 82.7243 47.7785 20.7
    endloop
  endfacet
  facet normal 0 0 1
    outer loop
      vertex 82.4137 47.8246 20.7
      vertex 82.4137 41.4554 20.7
      vertex 82.7243 41.5015 20.7
    endloop
  endfacet
  facet normal 0 0 1
    outer loop
      vertex 82.1 47.84 20.7
      vertex 82.4137 41.4554 20.7
      vertex 82.4137 47.8246 20.7
    endloop
  endfacet
  facet normal 0 0 1
    outer loop
      vertex 82.1 47.84 20.7
      vertex 82.1 41.44 20.7
      vertex 82.4137 41.4554 20.7
    endloop
  endfacet
  facet normal -0 0 1
    outer loop
      vertex 81.7863 47.8246 20.7
      vertex 82.1 41.44 20.7
      vertex 82.1 47.84 20.7
    endloop
  endfacet
  facet normal 0 0 1
    outer loop
      vertex 81.7863 47.8246 20.7
      vertex 81.7863 41.4554 20.7
      vertex 82.1 41.44 20.7
    endloop
  endfacet
  facet normal -0 0 1
    outer loop
      vertex 81.4757 47.7785 20.7
      vertex 81.7863 41.4554 20.7
      vertex 81.7863 47.8246 20.7
    endloop
  endfacet
  facet normal 0 0 1
    outer loop
      vertex 81.4757 47.7785 20.7
      vertex 81.4757 41.5015 20.7
      vertex 81.7863 41.4554 20.7
    endloop
  endfacet
  facet normal -0 0 1
    outer loop
      vertex 81.1711 47.7022 20.7
      vertex 81.4757 41.5015 20.7
      vertex 81.4757 47.7785 20.7
    endloop
  endfacet
  facet normal 0 0 1
    outer loop
      vertex 81.1711 47.7022 20.7
      vertex 81.1711 41.5778 20.7
      vertex 81.4757 41.5015 20.7
    endloop
  endfacet
  facet normal -0 0 1
    outer loop
      vertex 80.8754 47.5964 20.7
      vertex 81.1711 41.5778 20.7
      vertex 81.1711 47.7022 20.7
    endloop
  endfacet
  facet normal 0 0 1
    outer loop
      vertex 80.8754 47.5964 20.7
      vertex 80.8754 41.6836 20.7
      vertex 81.1711 41.5778 20.7
    endloop
  endfacet
  facet normal -0 0 1
    outer loop
      vertex 80.5915 47.4621 20.7
      vertex 80.8754 41.6836 20.7
      vertex 80.8754 47.5964 20.7
    endloop
  endfacet
  facet normal 0 0 1
    outer loop
      vertex 80.5915 47.4621 20.7
      vertex 80.5915 41.8179 20.7
      vertex 80.8754 41.6836 20.7
    endloop
  endfacet
  facet normal -0 0 1
    outer loop
      vertex 80.3222 47.3007 20.7
      vertex 80.5915 41.8179 20.7
      vertex 80.5915 47.4621 20.7
    endloop
  endfacet
  facet normal 0 0 1
    outer loop
      vertex 80.3222 47.3007 20.7
      vertex 80.3222 41.9793 20.7
      vertex 80.5915 41.8179 20.7
    endloop
  endfacet
  facet normal -0 0 1
    outer loop
      vertex 80.0699 47.1136 20.7
      vertex 80.3222 41.9793 20.7
      vertex 80.3222 47.3007 20.7
    endloop
  endfacet
  facet normal 0 0 1
    outer loop
      vertex 80.0699 47.1136 20.7
      vertex 80.0699 42.1664 20.7
      vertex 80.3222 41.9793 20.7
    endloop
  endfacet
  facet normal -0 0 1
    outer loop
      vertex 79.8373 46.9027 20.7
      vertex 80.0699 42.1664 20.7
      vertex 80.0699 47.1136 20.7
    endloop
  endfacet
  facet normal 0 0 1
    outer loop
      vertex 79.8373 46.9027 20.7
      vertex 79.8373 42.3773 20.7
      vertex 80.0699 42.1664 20.7
    endloop
  endfacet
  facet normal -0 0 1
    outer loop
      vertex 79.6264 46.6701 20.7
      vertex 79.8373 42.3773 20.7
      vertex 79.8373 46.9027 20.7
    endloop
  endfacet
  facet normal 0 0 1
    outer loop
      vertex 79.6264 46.6701 20.7
      vertex 79.6264 42.6099 20.7
      vertex 79.8373 42.3773 20.7
    endloop
  endfacet
  facet normal -0 0 1
    outer loop
      vertex 79.4393 46.4178 20.7
      vertex 79.6264 42.6099 20.7
      vertex 79.6264 46.6701 20.7
    endloop
  endfacet
  facet normal 0 0 1
    outer loop
      vertex 79.4393 46.4178 20.7
      vertex 79.4393 42.8622 20.7
      vertex 79.6264 42.6099 20.7
    endloop
  endfacet
  facet normal -0 0 1
    outer loop
      vertex 79.2778 46.1485 20.7
      vertex 79.4393 42.8622 20.7
      vertex 79.4393 46.4178 20.7
    endloop
  endfacet
  facet normal 0 0 1
    outer loop
      vertex 79.2778 46.1485 20.7
      vertex 79.2778 43.1315 20.7
      vertex 79.4393 42.8622 20.7
    endloop
  endfacet
  facet normal -0 0 1
    outer loop
      vertex 79.1436 45.8646 20.7
      vertex 79.2778 43.1315 20.7
      vertex 79.2778 46.1485 20.7
    endloop
  endfacet
  facet normal 0 0 1
    outer loop
      vertex 79.1436 45.8646 20.7
      vertex 79.1436 43.4154 20.7
      vertex 79.2778 43.1315 20.7
    endloop
  endfacet
  facet normal -0 0 1
    outer loop
      vertex 79.0378 45.5689 20.7
      vertex 79.1436 43.4154 20.7
      vertex 79.1436 45.8646 20.7
    endloop
  endfacet
  facet normal 0 0 1
    outer loop
      vertex 79.0378 45.5689 20.7
      vertex 79.0378 43.7111 20.7
      vertex 79.1436 43.4154 20.7
    endloop
  endfacet
  facet normal -0 0 1
    outer loop
      vertex 78.9615 45.2643 20.7
      vertex 79.0378 43.7111 20.7
      vertex 79.0378 45.5689 20.7
    endloop
  endfacet
  facet normal 0 0 1
    outer loop
      vertex 78.9615 45.2643 20.7
      vertex 78.9615 44.0157 20.7
      vertex 79.0378 43.7111 20.7
    endloop
  endfacet
  facet normal -0 0 1
    outer loop
      vertex 78.9154 44.9537 20.7
      vertex 78.9615 44.0157 20.7
      vertex 78.9615 45.2643 20.7
    endloop
  endfacet
  facet normal 0 0 1
    outer loop
      vertex 78.9154 44.9537 20.7
      vertex 78.9154 44.3263 20.7
      vertex 78.9615 44.0157 20.7
    endloop
  endfacet
  facet normal 0 -0 1
    outer loop
      vertex 78.9154 44.3263 20.7
      vertex 78.9154 44.9537 20.7
      vertex 78.9 44.64 20.7
    endloop
  endfacet
  facet normal 0.904081 0.427361 0
    outer loop
      vertex 79.2778 43.1315 23
      vertex 79.1436 43.4154 20.7
      vertex 79.1436 43.4154 23
    endloop
  endfacet
  facet normal 0.904081 0.427361 0
    outer loop
      vertex 79.1436 43.4154 20.7
      vertex 79.2778 43.1315 23
      vertex 79.2778 43.1315 20.7
    endloop
  endfacet
  facet normal 0.671705 0.740819 -0
    outer loop
      vertex 80.0699 42.1664 20.7
      vertex 79.8373 42.3773 23
      vertex 80.0699 42.1664 23
    endloop
  endfacet
  facet normal 0.671705 0.740819 0
    outer loop
      vertex 79.8373 42.3773 23
      vertex 80.0699 42.1664 20.7
      vertex 79.8373 42.3773 20.7
    endloop
  endfacet
endsolid OpenSCAD_Model
