solid OpenSCAD_Model
  facet normal 0 0 -1
    outer loop
      vertex 44.8803 34 0
      vertex 44.9711 34.5881 0
      vertex 45 34 0
    endloop
  endfacet
  facet normal 0 0 -1
    outer loop
      vertex 44.5433 34 0
      vertex 44.9711 34.5881 0
      vertex 44.8803 34 0
    endloop
  endfacet
  facet normal 0 0 -1
    outer loop
      vertex 44.4234 34 0
      vertex 44.9711 34.5881 0
      vertex 44.5433 34 0
    endloop
  endfacet
  facet normal -0 0 -1
    outer loop
      vertex 44.9711 34.5881 0
      vertex 44.4234 34 0
      vertex 44.8847 35.1705 0
    endloop
  endfacet
  facet normal -0 0 -1
    outer loop
      vertex 44.8847 35.1705 0
      vertex 44.4234 34 0
      vertex 44.7416 35.7417 0
    endloop
  endfacet
  facet normal -0 0 -1
    outer loop
      vertex 44.7416 35.7417 0
      vertex 44.4234 34 0
      vertex 44.5433 36.2961 0
    endloop
  endfacet
  facet normal 0 0 -1
    outer loop
      vertex 44.4234 34 0
      vertex 44.2915 36.8284 0
      vertex 44.5433 36.2961 0
    endloop
  endfacet
  facet normal 0 0 -1
    outer loop
      vertex 44.4234 34 0
      vertex 43.9888 37.3334 0
      vertex 44.2915 36.8284 0
    endloop
  endfacet
  facet normal 0 0 -1
    outer loop
      vertex 44.4234 34 0
      vertex 43.6381 37.8064 0
      vertex 43.9888 37.3334 0
    endloop
  endfacet
  facet normal 0 0 -1
    outer loop
      vertex 44.4234 34 0
      vertex 43.2426 38.2426 0
      vertex 43.6381 37.8064 0
    endloop
  endfacet
  facet normal 0 0 -1
    outer loop
      vertex 44.4234 34 0
      vertex 42.8064 38.6381 0
      vertex 43.2426 38.2426 0
    endloop
  endfacet
  facet normal 0 0 -1
    outer loop
      vertex 44.4234 34 0
      vertex 42.3334 38.9888 0
      vertex 42.8064 38.6381 0
    endloop
  endfacet
  facet normal 0 0 -1
    outer loop
      vertex 44.4234 34 0
      vertex 41.8284 39.2915 0
      vertex 42.3334 38.9888 0
    endloop
  endfacet
  facet normal 0 0 -1
    outer loop
      vertex 44.4234 34 0
      vertex 41.2961 39.5433 0
      vertex 41.8284 39.2915 0
    endloop
  endfacet
  facet normal 0 0 -1
    outer loop
      vertex 44.4234 34 0
      vertex 40.7417 39.7416 0
      vertex 41.2961 39.5433 0
    endloop
  endfacet
  facet normal 0 0 -1
    outer loop
      vertex 44.4234 34 0
      vertex 40.1705 39.8847 0
      vertex 40.7417 39.7416 0
    endloop
  endfacet
  facet normal 0 0 -1
    outer loop
      vertex 44.4234 34 0
      vertex 39.5881 39.9711 0
      vertex 40.1705 39.8847 0
    endloop
  endfacet
  facet normal 0 0 -1
    outer loop
      vertex 44.4234 34 0
      vertex 39 40 0
      vertex 39.5881 39.9711 0
    endloop
  endfacet
  facet normal 0 0 -1
    outer loop
      vertex 44.4234 34 0
      vertex -39 40 0
      vertex 39 40 0
    endloop
  endfacet
  facet normal 0 0 -1
    outer loop
      vertex -44.4234 34 0
      vertex -39 40 0
      vertex 44.4234 34 0
    endloop
  endfacet
  facet normal 0 0 -1
    outer loop
      vertex -39 40 0
      vertex -44.4234 34 0
      vertex -39.5881 39.9711 0
    endloop
  endfacet
  facet normal 0 0 -1
    outer loop
      vertex -39.5881 39.9711 0
      vertex -44.4234 34 0
      vertex -40.1705 39.8847 0
    endloop
  endfacet
  facet normal 0 0 -1
    outer loop
      vertex -40.1705 39.8847 0
      vertex -44.4234 34 0
      vertex -40.7417 39.7416 0
    endloop
  endfacet
  facet normal 0 0 -1
    outer loop
      vertex -40.7417 39.7416 0
      vertex -44.4234 34 0
      vertex -41.2961 39.5433 0
    endloop
  endfacet
  facet normal 0 0 -1
    outer loop
      vertex -41.2961 39.5433 0
      vertex -44.4234 34 0
      vertex -41.8284 39.2915 0
    endloop
  endfacet
  facet normal 0 0 -1
    outer loop
      vertex -41.8284 39.2915 0
      vertex -44.4234 34 0
      vertex -42.3334 38.9888 0
    endloop
  endfacet
  facet normal 0 0 -1
    outer loop
      vertex -42.3334 38.9888 0
      vertex -44.4234 34 0
      vertex -42.8064 38.6381 0
    endloop
  endfacet
  facet normal 0 0 -1
    outer loop
      vertex -42.8064 38.6381 0
      vertex -44.4234 34 0
      vertex -43.2426 38.2426 0
    endloop
  endfacet
  facet normal 0 0 -1
    outer loop
      vertex -43.2426 38.2426 0
      vertex -44.4234 34 0
      vertex -43.6381 37.8064 0
    endloop
  endfacet
  facet normal 0 0 -1
    outer loop
      vertex -43.6381 37.8064 0
      vertex -44.4234 34 0
      vertex -43.9888 37.3334 0
    endloop
  endfacet
  facet normal 0 0 -1
    outer loop
      vertex -43.9888 37.3334 0
      vertex -44.4234 34 0
      vertex -44.2915 36.8284 0
    endloop
  endfacet
  facet normal 0 0 -1
    outer loop
      vertex -44.9711 34.5881 0
      vertex -44.4234 34 0
      vertex -44.5433 34 0
    endloop
  endfacet
  facet normal 0 0 -1
    outer loop
      vertex -44.4234 34 0
      vertex -44.5433 36.2961 0
      vertex -44.2915 36.8284 0
    endloop
  endfacet
  facet normal 0 0 -1
    outer loop
      vertex -44.4234 34 0
      vertex -44.7416 35.7417 0
      vertex -44.5433 36.2961 0
    endloop
  endfacet
  facet normal 0 0 -1
    outer loop
      vertex -44.9711 34.5881 0
      vertex -44.5433 34 0
      vertex -44.8803 34 0
    endloop
  endfacet
  facet normal 0 0 -1
    outer loop
      vertex -44.4234 34 0
      vertex -44.8847 35.1705 0
      vertex -44.7416 35.7417 0
    endloop
  endfacet
  facet normal 0 0 -1
    outer loop
      vertex -44.4234 34 0
      vertex -44.9711 34.5881 0
      vertex -44.8847 35.1705 0
    endloop
  endfacet
  facet normal 0 -0 -1
    outer loop
      vertex -44.9711 34.5881 0
      vertex -44.8803 34 0
      vertex -45 34 0
    endloop
  endfacet
  facet normal -0 0 -1
    outer loop
      vertex -19.9711 -37.5881 0
      vertex -42 -40 0
      vertex -20 -37 0
    endloop
  endfacet
  facet normal -0 0 -1
    outer loop
      vertex -19.8847 -38.1705 0
      vertex -42 -40 0
      vertex -19.9711 -37.5881 0
    endloop
  endfacet
  facet normal -0 0 -1
    outer loop
      vertex -19.7416 -38.7417 0
      vertex -42 -40 0
      vertex -19.8847 -38.1705 0
    endloop
  endfacet
  facet normal -0 0 -1
    outer loop
      vertex -19.5433 -39.2961 0
      vertex -42 -40 0
      vertex -19.7416 -38.7417 0
    endloop
  endfacet
  facet normal -0 0 -1
    outer loop
      vertex -19.2915 -39.8284 0
      vertex -42 -40 0
      vertex -19.5433 -39.2961 0
    endloop
  endfacet
  facet normal 0 0 -1
    outer loop
      vertex -42 -40 0
      vertex -19.2915 -39.8284 0
      vertex -19.1887 -40 0
    endloop
  endfacet
  facet normal 0 0 -1
    outer loop
      vertex 44.9856 -37.2941 0
      vertex 44.9856 -36.7059 0
      vertex 45 -37 0
    endloop
  endfacet
  facet normal 0 0 -1
    outer loop
      vertex 44.9424 -37.5853 0
      vertex 44.9856 -36.7059 0
      vertex 44.9856 -37.2941 0
    endloop
  endfacet
  facet normal 0 0 -1
    outer loop
      vertex 44.9424 -37.5853 0
      vertex 44.9424 -36.4147 0
      vertex 44.9856 -36.7059 0
    endloop
  endfacet
  facet normal 0 0 -1
    outer loop
      vertex 44.8708 -37.8709 0
      vertex 44.9424 -36.4147 0
      vertex 44.9424 -37.5853 0
    endloop
  endfacet
  facet normal 0 0 -1
    outer loop
      vertex 44.8708 -37.8709 0
      vertex 44.8708 -36.1291 0
      vertex 44.9424 -36.4147 0
    endloop
  endfacet
  facet normal 0 0 -1
    outer loop
      vertex 44.7716 -38.148 0
      vertex 44.8708 -36.1291 0
      vertex 44.8708 -37.8709 0
    endloop
  endfacet
  facet normal 0 0 -1
    outer loop
      vertex 44.7321 -35.7684 0
      vertex 44.8708 -36.1291 0
      vertex 44.7716 -38.148 0
    endloop
  endfacet
  facet normal 0 0 -1
    outer loop
      vertex 44.8708 -36.1291 0
      vertex 44.7321 -35.7684 0
      vertex 44.7716 -35.852 0
    endloop
  endfacet
  facet normal 0 -0 -1
    outer loop
      vertex 44.7321 -35.7684 0
      vertex 44.7716 -38.148 0
      vertex 44.6458 -38.4142 0
    endloop
  endfacet
  facet normal 0 0 -1
    outer loop
      vertex 45 -34 0
      vertex 44.9856 33.6675 0
      vertex 45 34 0
    endloop
  endfacet
  facet normal 0 0 -1
    outer loop
      vertex 45 -34 0
      vertex 44.9856 33.667 0
      vertex 44.9856 33.6675 0
    endloop
  endfacet
  facet normal 0 0 -1
    outer loop
      vertex 45 -34 0
      vertex 44.9855 33.6664 0
      vertex 44.9856 33.667 0
    endloop
  endfacet
  facet normal 0 0 -1
    outer loop
      vertex 44.7321 -35.7684 0
      vertex 45 -34 0
      vertex 44.9711 -34.5881 0
    endloop
  endfacet
  facet normal 0 0 -1
    outer loop
      vertex 45 -34 0
      vertex 44.9424 33.3371 0
      vertex 44.9855 33.6664 0
    endloop
  endfacet
  facet normal 0 0 -1
    outer loop
      vertex 45 -34 0
      vertex 44.9421 33.3361 0
      vertex 44.9424 33.3371 0
    endloop
  endfacet
  facet normal 0 0 -1
    outer loop
      vertex 44.7321 -35.7684 0
      vertex 44.9711 -34.5881 0
      vertex 44.8847 -35.1705 0
    endloop
  endfacet
  facet normal 0 0 -1
    outer loop
      vertex 45 -34 0
      vertex 44.8708 33.0137 0
      vertex 44.9421 33.3361 0
    endloop
  endfacet
  facet normal 0 0 -1
    outer loop
      vertex 45 -34 0
      vertex 44.7723 32.7018 0
      vertex 44.8708 33.0137 0
    endloop
  endfacet
  facet normal 0 0 -1
    outer loop
      vertex 45 -34 0
      vertex 44.7716 32.6998 0
      vertex 44.7723 32.7018 0
    endloop
  endfacet
  facet normal 0 0 -1
    outer loop
      vertex 45 -34 0
      vertex 44.7708 32.6978 0
      vertex 44.7716 32.6998 0
    endloop
  endfacet
  facet normal 0 0 -1
    outer loop
      vertex 44.7321 -35.7684 0
      vertex 44.8847 -35.1705 0
      vertex 44.7416 -35.7417 0
    endloop
  endfacet
  facet normal 0 0 -1
    outer loop
      vertex 45 -34 0
      vertex 44.7321 -35.7684 0
      vertex 42 -40 0
    endloop
  endfacet
  facet normal 0 0 -1
    outer loop
      vertex 42 -40 0
      vertex 44.7321 -35.7684 0
      vertex 44.6458 -38.4142 0
    endloop
  endfacet
  facet normal 0 0 -1
    outer loop
      vertex 45 -34 0
      vertex 44.6458 32.3983 0
      vertex 44.7708 32.6978 0
    endloop
  endfacet
  facet normal 0 0 -1
    outer loop
      vertex 42 -40 0
      vertex 44.6458 -38.4142 0
      vertex 44.4944 -38.6667 0
    endloop
  endfacet
  facet normal 0 0 -1
    outer loop
      vertex 45 -34 0
      vertex 44.4944 32.1123 0
      vertex 44.6458 32.3983 0
    endloop
  endfacet
  facet normal 0 0 -1
    outer loop
      vertex 42 -40 0
      vertex 44.4944 -38.6667 0
      vertex 44.319 -38.9032 0
    endloop
  endfacet
  facet normal 0 0 -1
    outer loop
      vertex 45 -34 0
      vertex 44.319 31.8445 0
      vertex 44.4944 32.1123 0
    endloop
  endfacet
  facet normal 0 0 -1
    outer loop
      vertex 45 -34 0
      vertex 44.1237 31.6004 0
      vertex 44.319 31.8445 0
    endloop
  endfacet
  facet normal 0 0 -1
    outer loop
      vertex 42 -40 0
      vertex 44.319 -38.9032 0
      vertex 44.1213 -39.1213 0
    endloop
  endfacet
  facet normal 0 0 -1
    outer loop
      vertex 45 -34 0
      vertex 44.1213 31.5975 0
      vertex 44.1237 31.6004 0
    endloop
  endfacet
  facet normal 0 0 -1
    outer loop
      vertex 45 -34 0
      vertex 44.1187 31.5948 0
      vertex 44.1213 31.5975 0
    endloop
  endfacet
  facet normal 0 0 -1
    outer loop
      vertex 42 -40 0
      vertex 44.1213 -39.1213 0
      vertex 43.9032 -39.319 0
    endloop
  endfacet
  facet normal 0 0 -1
    outer loop
      vertex 45 -34 0
      vertex 43.9032 31.3735 0
      vertex 44.1187 31.5948 0
    endloop
  endfacet
  facet normal 0 0 -1
    outer loop
      vertex 45 -34 0
      vertex 43.67 31.1777 0
      vertex 43.9032 31.3735 0
    endloop
  endfacet
  facet normal 0 0 -1
    outer loop
      vertex 42 -40 0
      vertex 43.9032 -39.319 0
      vertex 43.6667 -39.4944 0
    endloop
  endfacet
  facet normal 0 0 -1
    outer loop
      vertex 45 -34 0
      vertex 43.6667 31.1749 0
      vertex 43.67 31.1777 0
    endloop
  endfacet
  facet normal 0 0 -1
    outer loop
      vertex 45 -34 0
      vertex 43.6632 31.1725 0
      vertex 43.6667 31.1749 0
    endloop
  endfacet
  facet normal 0 0 -1
    outer loop
      vertex 42 -40 0
      vertex 43.6667 -39.4944 0
      vertex 43.4142 -39.6458 0
    endloop
  endfacet
  facet normal 0 0 -1
    outer loop
      vertex 45 -34 0
      vertex 43.4142 31.0035 0
      vertex 43.6632 31.1725 0
    endloop
  endfacet
  facet normal 0 0 -1
    outer loop
      vertex 45 -34 0
      vertex 43.4102 31.0014 0
      vertex 43.4142 31.0035 0
    endloop
  endfacet
  facet normal 0 0 -1
    outer loop
      vertex 42 -40 0
      vertex 43.4142 -39.6458 0
      vertex 43.148 -39.7716 0
    endloop
  endfacet
  facet normal 0 0 -1
    outer loop
      vertex 45 -34 0
      vertex 43.148 30.8609 0
      vertex 43.4102 31.0014 0
    endloop
  endfacet
  facet normal 0 0 -1
    outer loop
      vertex 45 -34 0
      vertex 42.8753 30.7504 0
      vertex 43.148 30.8609 0
    endloop
  endfacet
  facet normal 0 0 -1
    outer loop
      vertex 42 -40 0
      vertex 43.148 -39.7716 0
      vertex 42.8709 -39.8708 0
    endloop
  endfacet
  facet normal 0 0 -1
    outer loop
      vertex 45 -34 0
      vertex 42.8709 30.7486 0
      vertex 42.8753 30.7504 0
    endloop
  endfacet
  facet normal 0 0 -1
    outer loop
      vertex 45 -34 0
      vertex 42.8663 30.7473 0
      vertex 42.8709 30.7486 0
    endloop
  endfacet
  facet normal 0 0 -1
    outer loop
      vertex 42 -40 0
      vertex 42.8709 -39.8708 0
      vertex 42.5853 -39.9424 0
    endloop
  endfacet
  facet normal 0 0 -1
    outer loop
      vertex 45 -34 0
      vertex 42.5853 30.6676 0
      vertex 42.8663 30.7473 0
    endloop
  endfacet
  facet normal 0 0 -1
    outer loop
      vertex 42 -40 0
      vertex 42.5853 -39.9424 0
      vertex 42.2941 -39.9856 0
    endloop
  endfacet
  facet normal 0 0 -1
    outer loop
      vertex 45 -34 0
      vertex 42.2941 30.6187 0
      vertex 42.5853 30.6676 0
    endloop
  endfacet
  facet normal 0 0 -1
    outer loop
      vertex 45 -34 0
      vertex 42.2891 30.6184 0
      vertex 42.2941 30.6187 0
    endloop
  endfacet
  facet normal 0 0 -1
    outer loop
      vertex 45 -34 0
      vertex 42 -40 0
      vertex 19.7416 -35.2583 0
    endloop
  endfacet
  facet normal 0 0 -1
    outer loop
      vertex 45 -34 0
      vertex 42 30.6023 0
      vertex 42.2891 30.6184 0
    endloop
  endfacet
  facet normal 0 0 -1
    outer loop
      vertex 19.9711 -36.4119 0
      vertex 42 -40 0
      vertex 20 -37 0
    endloop
  endfacet
  facet normal 0 0 -1
    outer loop
      vertex 42 -40 0
      vertex 19.9711 -37.5881 0
      vertex 20 -37 0
    endloop
  endfacet
  facet normal 0 0 -1
    outer loop
      vertex 42 -40 0
      vertex 19.8847 -38.1705 0
      vertex 19.9711 -37.5881 0
    endloop
  endfacet
  facet normal 0 0 -1
    outer loop
      vertex 42 -40 0
      vertex 19.7416 -38.7417 0
      vertex 19.8847 -38.1705 0
    endloop
  endfacet
  facet normal 0 0 -1
    outer loop
      vertex 42 -40 0
      vertex 19.5433 -39.2961 0
      vertex 19.7416 -38.7417 0
    endloop
  endfacet
  facet normal 0 0 -1
    outer loop
      vertex 42 -40 0
      vertex 19.2915 -39.8284 0
      vertex 19.5433 -39.2961 0
    endloop
  endfacet
  facet normal 0 -0 -1
    outer loop
      vertex 19.2915 -39.8284 0
      vertex 42 -40 0
      vertex 19.1887 -40 0
    endloop
  endfacet
  facet normal 0 0 -1
    outer loop
      vertex 19.8847 -35.8295 0
      vertex 42 -40 0
      vertex 19.9711 -36.4119 0
    endloop
  endfacet
  facet normal 0 0 -1
    outer loop
      vertex 19.7416 -35.2583 0
      vertex 42 -40 0
      vertex 19.8847 -35.8295 0
    endloop
  endfacet
  facet normal 0 0 -1
    outer loop
      vertex 45 -34 0
      vertex 19.7416 -35.2583 0
      vertex 19.5433 -34.7039 0
    endloop
  endfacet
  facet normal 0 0 -1
    outer loop
      vertex 45 -34 0
      vertex 19.5433 -34.7039 0
      vertex 19.2915 -34.1716 0
    endloop
  endfacet
  facet normal -0 0 -1
    outer loop
      vertex 45 -34 0
      vertex 19.2915 -34.1716 0
      vertex 18.9888 -33.6666 0
    endloop
  endfacet
  facet normal 0 0 -1
    outer loop
      vertex 45 -34 0
      vertex 18.9888 -33.6666 0
      vertex 18.6381 -33.1936 0
    endloop
  endfacet
  facet normal 0 0 -1
    outer loop
      vertex 45 -34 0
      vertex 18.6381 -33.1936 0
      vertex 18.2426 -32.7574 0
    endloop
  endfacet
  facet normal 0 0 -1
    outer loop
      vertex 45 -34 0
      vertex 18.2426 -32.7574 0
      vertex 17.8064 -32.3619 0
    endloop
  endfacet
  facet normal 0 0 -1
    outer loop
      vertex 45 -34 0
      vertex 17.8064 -32.3619 0
      vertex 17.3334 -32.0112 0
    endloop
  endfacet
  facet normal 0 0 -1
    outer loop
      vertex 45 -34 0
      vertex 17.3334 -32.0112 0
      vertex 16.8284 -31.7085 0
    endloop
  endfacet
  facet normal 0 0 -1
    outer loop
      vertex 45 -34 0
      vertex 16.8284 -31.7085 0
      vertex 42 30.6023 0
    endloop
  endfacet
  facet normal 0 0 -1
    outer loop
      vertex 16.2961 -31.4567 0
      vertex 42 30.6023 0
      vertex 16.8284 -31.7085 0
    endloop
  endfacet
  facet normal 0 0 -1
    outer loop
      vertex 15.7417 -31.2584 0
      vertex 42 30.6023 0
      vertex 16.2961 -31.4567 0
    endloop
  endfacet
  facet normal 0 0 -1
    outer loop
      vertex 15.1705 -31.1153 0
      vertex 42 30.6023 0
      vertex 15.7417 -31.2584 0
    endloop
  endfacet
  facet normal 0 0 -1
    outer loop
      vertex 14.5881 -31.0289 0
      vertex 42 30.6023 0
      vertex 15.1705 -31.1153 0
    endloop
  endfacet
  facet normal 0 0 -1
    outer loop
      vertex 14 -31 0
      vertex 42 30.6023 0
      vertex 14.5881 -31.0289 0
    endloop
  endfacet
  facet normal 0 0 -1
    outer loop
      vertex -14 -31 0
      vertex 42 30.6023 0
      vertex 14 -31 0
    endloop
  endfacet
  facet normal 0 0 -1
    outer loop
      vertex -42 30.6023 0
      vertex -14 -31 0
      vertex -14.5881 -31.0289 0
    endloop
  endfacet
  facet normal 0 0 -1
    outer loop
      vertex -42 30.6023 0
      vertex -14.5881 -31.0289 0
      vertex -15.1705 -31.1153 0
    endloop
  endfacet
  facet normal 0 0 -1
    outer loop
      vertex -42 30.6023 0
      vertex -15.1705 -31.1153 0
      vertex -15.7417 -31.2584 0
    endloop
  endfacet
  facet normal 0 0 -1
    outer loop
      vertex -42 30.6023 0
      vertex -15.7417 -31.2584 0
      vertex -16.2961 -31.4567 0
    endloop
  endfacet
  facet normal 0 0 -1
    outer loop
      vertex -42 30.6023 0
      vertex -16.2961 -31.4567 0
      vertex -16.8284 -31.7085 0
    endloop
  endfacet
  facet normal 0 0 -1
    outer loop
      vertex -45 -34 0
      vertex -16.8284 -31.7085 0
      vertex -17.3334 -32.0112 0
    endloop
  endfacet
  facet normal 0 0 -1
    outer loop
      vertex -45 -34 0
      vertex -17.3334 -32.0112 0
      vertex -17.8064 -32.3619 0
    endloop
  endfacet
  facet normal 0 0 -1
    outer loop
      vertex -45 -34 0
      vertex -17.8064 -32.3619 0
      vertex -18.2426 -32.7574 0
    endloop
  endfacet
  facet normal 0 0 -1
    outer loop
      vertex -42 -40 0
      vertex -19.9711 -36.4119 0
      vertex -20 -37 0
    endloop
  endfacet
  facet normal 0 0 -1
    outer loop
      vertex -42 -40 0
      vertex -19.8847 -35.8295 0
      vertex -19.9711 -36.4119 0
    endloop
  endfacet
  facet normal 0 0 -1
    outer loop
      vertex -42 -40 0
      vertex -19.7416 -35.2583 0
      vertex -19.8847 -35.8295 0
    endloop
  endfacet
  facet normal 0 0 -1
    outer loop
      vertex -45 -34 0
      vertex -19.7416 -35.2583 0
      vertex -42 -40 0
    endloop
  endfacet
  facet normal 0 0 -1
    outer loop
      vertex -19.7416 -35.2583 0
      vertex -45 -34 0
      vertex -19.5433 -34.7039 0
    endloop
  endfacet
  facet normal 0 0 -1
    outer loop
      vertex -19.5433 -34.7039 0
      vertex -45 -34 0
      vertex -19.2915 -34.1716 0
    endloop
  endfacet
  facet normal 0 0 -1
    outer loop
      vertex -19.2915 -34.1716 0
      vertex -45 -34 0
      vertex -18.9888 -33.6666 0
    endloop
  endfacet
  facet normal -0 0 -1
    outer loop
      vertex -18.9888 -33.6666 0
      vertex -45 -34 0
      vertex -18.6381 -33.1936 0
    endloop
  endfacet
  facet normal -0 0 -1
    outer loop
      vertex -18.6381 -33.1936 0
      vertex -45 -34 0
      vertex -18.2426 -32.7574 0
    endloop
  endfacet
  facet normal -0 0 -1
    outer loop
      vertex -16.8284 -31.7085 0
      vertex -45 -34 0
      vertex -42 30.6023 0
    endloop
  endfacet
  facet normal 0 0 -1
    outer loop
      vertex -14 -31 0
      vertex -42 30.6023 0
      vertex 42 30.6023 0
    endloop
  endfacet
  facet normal 0 0 -1
    outer loop
      vertex -44.7321 -35.7684 0
      vertex -42 -40 0
      vertex -42.2941 -39.9856 0
    endloop
  endfacet
  facet normal -0 0 -1
    outer loop
      vertex -42 30.6023 0
      vertex -45 -34 0
      vertex -42.2891 30.6184 0
    endloop
  endfacet
  facet normal 0 0 -1
    outer loop
      vertex -44.7321 -35.7684 0
      vertex -42.2941 -39.9856 0
      vertex -42.5853 -39.9424 0
    endloop
  endfacet
  facet normal -0 0 -1
    outer loop
      vertex -42.2891 30.6184 0
      vertex -45 -34 0
      vertex -42.2941 30.6187 0
    endloop
  endfacet
  facet normal -0 0 -1
    outer loop
      vertex -42.2941 30.6187 0
      vertex -45 -34 0
      vertex -42.5853 30.6676 0
    endloop
  endfacet
  facet normal 0 0 -1
    outer loop
      vertex -44.7321 -35.7684 0
      vertex -42.5853 -39.9424 0
      vertex -42.8709 -39.8708 0
    endloop
  endfacet
  facet normal -0 0 -1
    outer loop
      vertex -42.5853 30.6676 0
      vertex -45 -34 0
      vertex -42.8663 30.7473 0
    endloop
  endfacet
  facet normal -0 0 -1
    outer loop
      vertex -42.8663 30.7473 0
      vertex -45 -34 0
      vertex -42.8709 30.7486 0
    endloop
  endfacet
  facet normal 0 0 -1
    outer loop
      vertex -44.7321 -35.7684 0
      vertex -42.8709 -39.8708 0
      vertex -43.148 -39.7716 0
    endloop
  endfacet
  facet normal -0 0 -1
    outer loop
      vertex -42.8709 30.7486 0
      vertex -45 -34 0
      vertex -42.8753 30.7504 0
    endloop
  endfacet
  facet normal -0 0 -1
    outer loop
      vertex -42.8753 30.7504 0
      vertex -45 -34 0
      vertex -43.148 30.8609 0
    endloop
  endfacet
  facet normal 0 0 -1
    outer loop
      vertex -44.7321 -35.7684 0
      vertex -43.148 -39.7716 0
      vertex -43.4142 -39.6458 0
    endloop
  endfacet
  facet normal -0 0 -1
    outer loop
      vertex -43.148 30.8609 0
      vertex -45 -34 0
      vertex -43.4102 31.0014 0
    endloop
  endfacet
  facet normal -0 0 -1
    outer loop
      vertex -43.4102 31.0014 0
      vertex -45 -34 0
      vertex -43.4142 31.0035 0
    endloop
  endfacet
  facet normal 0 0 -1
    outer loop
      vertex -44.7321 -35.7684 0
      vertex -43.4142 -39.6458 0
      vertex -43.6667 -39.4944 0
    endloop
  endfacet
  facet normal -0 0 -1
    outer loop
      vertex -43.4142 31.0035 0
      vertex -45 -34 0
      vertex -43.6632 31.1725 0
    endloop
  endfacet
  facet normal -0 0 -1
    outer loop
      vertex -43.6632 31.1725 0
      vertex -45 -34 0
      vertex -43.6667 31.1749 0
    endloop
  endfacet
  facet normal 0 0 -1
    outer loop
      vertex -44.7321 -35.7684 0
      vertex -43.6667 -39.4944 0
      vertex -43.9032 -39.319 0
    endloop
  endfacet
  facet normal -0 0 -1
    outer loop
      vertex -43.6667 31.1749 0
      vertex -45 -34 0
      vertex -43.67 31.1777 0
    endloop
  endfacet
  facet normal -0 0 -1
    outer loop
      vertex -43.67 31.1777 0
      vertex -45 -34 0
      vertex -43.9032 31.3735 0
    endloop
  endfacet
  facet normal 0 0 -1
    outer loop
      vertex -44.7321 -35.7684 0
      vertex -43.9032 -39.319 0
      vertex -44.1213 -39.1213 0
    endloop
  endfacet
  facet normal -0 0 -1
    outer loop
      vertex -43.9032 31.3735 0
      vertex -45 -34 0
      vertex -44.1187 31.5948 0
    endloop
  endfacet
  facet normal -0 0 -1
    outer loop
      vertex -44.1187 31.5948 0
      vertex -45 -34 0
      vertex -44.1213 31.5975 0
    endloop
  endfacet
  facet normal 0 0 -1
    outer loop
      vertex -44.7321 -35.7684 0
      vertex -44.1213 -39.1213 0
      vertex -44.319 -38.9032 0
    endloop
  endfacet
  facet normal 0 0 -1
    outer loop
      vertex -42 -40 0
      vertex -44.7321 -35.7684 0
      vertex -45 -34 0
    endloop
  endfacet
  facet normal 0 0 -1
    outer loop
      vertex -44.7321 -35.7684 0
      vertex -44.319 -38.9032 0
      vertex -44.4944 -38.6667 0
    endloop
  endfacet
  facet normal -0 0 -1
    outer loop
      vertex -44.1213 31.5975 0
      vertex -45 -34 0
      vertex -44.1237 31.6004 0
    endloop
  endfacet
  facet normal 0 0 -1
    outer loop
      vertex -44.7321 -35.7684 0
      vertex -44.4944 -38.6667 0
      vertex -44.6458 -38.4142 0
    endloop
  endfacet
  facet normal -0 0 -1
    outer loop
      vertex -44.1237 31.6004 0
      vertex -45 -34 0
      vertex -44.319 31.8445 0
    endloop
  endfacet
  facet normal -0 0 -1
    outer loop
      vertex -44.319 31.8445 0
      vertex -45 -34 0
      vertex -44.4944 32.1123 0
    endloop
  endfacet
  facet normal 0 0 -1
    outer loop
      vertex -44.7716 -38.148 0
      vertex -44.7321 -35.7684 0
      vertex -44.6458 -38.4142 0
    endloop
  endfacet
  facet normal 0 0 -1
    outer loop
      vertex -44.8708 -37.8709 0
      vertex -44.7321 -35.7684 0
      vertex -44.7716 -38.148 0
    endloop
  endfacet
  facet normal 0 0 -1
    outer loop
      vertex -44.8708 -36.1291 0
      vertex -44.7321 -35.7684 0
      vertex -44.8708 -37.8709 0
    endloop
  endfacet
  facet normal 0 0 -1
    outer loop
      vertex -44.7321 -35.7684 0
      vertex -44.8708 -36.1291 0
      vertex -44.7716 -35.852 0
    endloop
  endfacet
  facet normal 0 0 -1
    outer loop
      vertex -44.9424 -37.5853 0
      vertex -44.8708 -36.1291 0
      vertex -44.8708 -37.8709 0
    endloop
  endfacet
  facet normal 0 0 -1
    outer loop
      vertex -44.9424 -37.5853 0
      vertex -44.9424 -36.4147 0
      vertex -44.8708 -36.1291 0
    endloop
  endfacet
  facet normal 0 0 -1
    outer loop
      vertex -44.9856 -37.2941 0
      vertex -44.9424 -36.4147 0
      vertex -44.9424 -37.5853 0
    endloop
  endfacet
  facet normal 0 0 -1
    outer loop
      vertex -44.9856 -37.2941 0
      vertex -44.9856 -36.7059 0
      vertex -44.9424 -36.4147 0
    endloop
  endfacet
  facet normal 0 -0 -1
    outer loop
      vertex -44.9856 -36.7059 0
      vertex -44.9856 -37.2941 0
      vertex -45 -37 0
    endloop
  endfacet
  facet normal 0 0 -1
    outer loop
      vertex -44.8847 -35.1705 0
      vertex -44.7321 -35.7684 0
      vertex -44.7416 -35.7417 0
    endloop
  endfacet
  facet normal -0 0 -1
    outer loop
      vertex -44.4944 32.1123 0
      vertex -45 -34 0
      vertex -44.6458 32.3983 0
    endloop
  endfacet
  facet normal -0 0 -1
    outer loop
      vertex -44.6458 32.3983 0
      vertex -45 -34 0
      vertex -44.7708 32.6978 0
    endloop
  endfacet
  facet normal -0 0 -1
    outer loop
      vertex -44.7708 32.6978 0
      vertex -45 -34 0
      vertex -44.7716 32.6998 0
    endloop
  endfacet
  facet normal -0 0 -1
    outer loop
      vertex -44.7716 32.6998 0
      vertex -45 -34 0
      vertex -44.7723 32.7018 0
    endloop
  endfacet
  facet normal 0 0 -1
    outer loop
      vertex -44.7321 -35.7684 0
      vertex -44.8847 -35.1705 0
      vertex -45 -34 0
    endloop
  endfacet
  facet normal -0 0 -1
    outer loop
      vertex -44.7723 32.7018 0
      vertex -45 -34 0
      vertex -44.8708 33.0137 0
    endloop
  endfacet
  facet normal -0 0 -1
    outer loop
      vertex -44.8708 33.0137 0
      vertex -45 -34 0
      vertex -44.9421 33.3361 0
    endloop
  endfacet
  facet normal 0 0 -1
    outer loop
      vertex -45 -34 0
      vertex -44.8847 -35.1705 0
      vertex -44.9711 -34.5881 0
    endloop
  endfacet
  facet normal -0 0 -1
    outer loop
      vertex -44.9421 33.3361 0
      vertex -45 -34 0
      vertex -44.9424 33.3371 0
    endloop
  endfacet
  facet normal -0 0 -1
    outer loop
      vertex -44.9424 33.3371 0
      vertex -45 -34 0
      vertex -44.9855 33.6664 0
    endloop
  endfacet
  facet normal -0 0 -1
    outer loop
      vertex -44.9855 33.6664 0
      vertex -45 -34 0
      vertex -44.9856 33.667 0
    endloop
  endfacet
  facet normal -0 0 -1
    outer loop
      vertex -44.9856 33.667 0
      vertex -45 -34 0
      vertex -44.9856 33.6675 0
    endloop
  endfacet
  facet normal -0 0 -1
    outer loop
      vertex -44.9856 33.6675 0
      vertex -45 -34 0
      vertex -45 34 0
    endloop
  endfacet
  facet normal -0 0 1
    outer loop
      vertex 44.9866 30.501 6
      vertex 45 -34 6
      vertex 45 30.8097 6
    endloop
  endfacet
  facet normal -0 0 1
    outer loop
      vertex 44.9856 30.4767 6
      vertex 45 -34 6
      vertex 44.9866 30.501 6
    endloop
  endfacet
  facet normal -0 0 1
    outer loop
      vertex 44.9824 30.4525 6
      vertex 45 -34 6
      vertex 44.9856 30.4767 6
    endloop
  endfacet
  facet normal -0 0 1
    outer loop
      vertex 44.9424 30.1469 6
      vertex 45 -34 6
      vertex 44.9824 30.4525 6
    endloop
  endfacet
  facet normal -0 0 1
    outer loop
      vertex 44.937 30.1226 6
      vertex 45 -34 6
      vertex 44.9424 30.1469 6
    endloop
  endfacet
  facet normal -0 0 1
    outer loop
      vertex 44.8708 29.8234 6
      vertex 45 -34 6
      vertex 44.937 30.1226 6
    endloop
  endfacet
  facet normal -0 0 1
    outer loop
      vertex 44.7794 29.5339 6
      vertex 45 -34 6
      vertex 44.8708 29.8234 6
    endloop
  endfacet
  facet normal -0 0 1
    outer loop
      vertex 44.7716 29.5095 6
      vertex 45 -34 6
      vertex 44.7794 29.5339 6
    endloop
  endfacet
  facet normal -0 0 1
    outer loop
      vertex 44.7618 29.486 6
      vertex 45 -34 6
      vertex 44.7716 29.5095 6
    endloop
  endfacet
  facet normal -0 0 1
    outer loop
      vertex 44.6458 29.2081 6
      vertex 45 -34 6
      vertex 44.7618 29.486 6
    endloop
  endfacet
  facet normal -0 0 1
    outer loop
      vertex 44.4944 28.9221 6
      vertex 45 -34 6
      vertex 44.6458 29.2081 6
    endloop
  endfacet
  facet normal -0 0 1
    outer loop
      vertex 44.319 28.6543 6
      vertex 45 -34 6
      vertex 44.4944 28.9221 6
    endloop
  endfacet
  facet normal -0 0 1
    outer loop
      vertex 44.1378 28.4278 6
      vertex 45 -34 6
      vertex 44.319 28.6543 6
    endloop
  endfacet
  facet normal -0 0 1
    outer loop
      vertex 44.1213 28.4072 6
      vertex 45 -34 6
      vertex 44.1378 28.4278 6
    endloop
  endfacet
  facet normal 0 0 1
    outer loop
      vertex 44.7416 -35.7417 6
      vertex 44.6458 -35.5858 6
      vertex 44.7321 -35.7684 6
    endloop
  endfacet
  facet normal 0 0 1
    outer loop
      vertex 44.8847 -35.1705 6
      vertex 44.6458 -35.5858 6
      vertex 44.7416 -35.7417 6
    endloop
  endfacet
  facet normal 0 0 1
    outer loop
      vertex 44.8847 -35.1705 6
      vertex 44.4944 -35.3333 6
      vertex 44.6458 -35.5858 6
    endloop
  endfacet
  facet normal -0 0 1
    outer loop
      vertex 44.1031 28.3885 6
      vertex 45 -34 6
      vertex 44.1213 28.4072 6
    endloop
  endfacet
  facet normal 0 0 1
    outer loop
      vertex 44.8847 -35.1705 6
      vertex 44.319 -35.0968 6
      vertex 44.4944 -35.3333 6
    endloop
  endfacet
  facet normal -0 0 1
    outer loop
      vertex 43.9032 28.1833 6
      vertex 45 -34 6
      vertex 44.1031 28.3885 6
    endloop
  endfacet
  facet normal -0 0 1
    outer loop
      vertex 43.6869 28.0016 6
      vertex 45 -34 6
      vertex 43.9032 28.1833 6
    endloop
  endfacet
  facet normal 0 0 1
    outer loop
      vertex 44.9711 -34.5881 6
      vertex 44.319 -35.0968 6
      vertex 44.8847 -35.1705 6
    endloop
  endfacet
  facet normal -0 0 1
    outer loop
      vertex 43.6667 27.9846 6
      vertex 45 -34 6
      vertex 43.6869 28.0016 6
    endloop
  endfacet
  facet normal -0 0 1
    outer loop
      vertex 43.6451 27.97 6
      vertex 45 -34 6
      vertex 43.6667 27.9846 6
    endloop
  endfacet
  facet normal 0 -0 1
    outer loop
      vertex 44.319 -35.0968 6
      vertex 44.9711 -34.5881 6
      vertex 44.1213 -34.8787 6
    endloop
  endfacet
  facet normal -0 0 1
    outer loop
      vertex 43.4142 27.8132 6
      vertex 45 -34 6
      vertex 43.6451 27.97 6
    endloop
  endfacet
  facet normal -0 0 1
    outer loop
      vertex 43.3912 27.8009 6
      vertex 45 -34 6
      vertex 43.4142 27.8132 6
    endloop
  endfacet
  facet normal 0 -0 1
    outer loop
      vertex 44.1213 -34.8787 6
      vertex 44.9711 -34.5881 6
      vertex 43.9032 -34.681 6
    endloop
  endfacet
  facet normal -0 0 1
    outer loop
      vertex 43.148 27.6707 6
      vertex 45 -34 6
      vertex 43.3912 27.8009 6
    endloop
  endfacet
  facet normal 0 -0 1
    outer loop
      vertex 43.9032 -34.681 6
      vertex 45 -34 6
      vertex 43.6667 -34.5056 6
    endloop
  endfacet
  facet normal 0 0 1
    outer loop
      vertex 45 -34 6
      vertex 43.9032 -34.681 6
      vertex 44.9711 -34.5881 6
    endloop
  endfacet
  facet normal -0 0 1
    outer loop
      vertex 42.8951 27.5682 6
      vertex 45 -34 6
      vertex 43.148 27.6707 6
    endloop
  endfacet
  facet normal -0 0 1
    outer loop
      vertex 42.8709 27.5583 6
      vertex 45 -34 6
      vertex 42.8951 27.5682 6
    endloop
  endfacet
  facet normal 0 -0 1
    outer loop
      vertex 43.6667 -34.5056 6
      vertex 45 -34 6
      vertex 43.4142 -34.3542 6
    endloop
  endfacet
  facet normal -0 0 1
    outer loop
      vertex 42.8458 27.5512 6
      vertex 45 -34 6
      vertex 42.8709 27.5583 6
    endloop
  endfacet
  facet normal -0 0 1
    outer loop
      vertex 42.5853 27.4773 6
      vertex 45 -34 6
      vertex 42.8458 27.5512 6
    endloop
  endfacet
  facet normal 0 -0 1
    outer loop
      vertex 43.4142 -34.3542 6
      vertex 45 -34 6
      vertex 43.148 -34.2284 6
    endloop
  endfacet
  facet normal -0 0 1
    outer loop
      vertex 42.2941 27.4284 6
      vertex 45 -34 6
      vertex 42.5853 27.4773 6
    endloop
  endfacet
  facet normal 0 -0 1
    outer loop
      vertex 43.148 -34.2284 6
      vertex 45 -34 6
      vertex 42.8709 -34.1292 6
    endloop
  endfacet
  facet normal 0 0 1
    outer loop
      vertex 45 -34 6
      vertex 42.5853 -34.0576 6
      vertex 42.8709 -34.1292 6
    endloop
  endfacet
  facet normal -0 0 1
    outer loop
      vertex 42.2681 27.427 6
      vertex 45 -34 6
      vertex 42.2941 27.4284 6
    endloop
  endfacet
  facet normal 0 0 1
    outer loop
      vertex 45 -34 6
      vertex 42.2941 -34.0144 6
      vertex 42.5853 -34.0576 6
    endloop
  endfacet
  facet normal -0 0 1
    outer loop
      vertex 42 27.412 6
      vertex 45 -34 6
      vertex 42.2681 27.427 6
    endloop
  endfacet
  facet normal 0 0 1
    outer loop
      vertex 45 -34 6
      vertex 42 27.412 6
      vertex 42.2941 -34.0144 6
    endloop
  endfacet
  facet normal 0 0 1
    outer loop
      vertex 42 27.412 6
      vertex 42 -34 6
      vertex 42.2941 -34.0144 6
    endloop
  endfacet
  facet normal -0 0 1
    outer loop
      vertex 16.8284 -31.7085 6
      vertex 42 -34 6
      vertex 42 27.412 6
    endloop
  endfacet
  facet normal 0 0 1
    outer loop
      vertex 42 -34 6
      vertex 18.9888 -33.6666 6
      vertex 19.1887 -34 6
    endloop
  endfacet
  facet normal 0 0 1
    outer loop
      vertex 42 -34 6
      vertex 18.6381 -33.1936 6
      vertex 18.9888 -33.6666 6
    endloop
  endfacet
  facet normal 0 0 1
    outer loop
      vertex 42 -34 6
      vertex 18.2426 -32.7574 6
      vertex 18.6381 -33.1936 6
    endloop
  endfacet
  facet normal 0 0 1
    outer loop
      vertex 42 -34 6
      vertex 17.8064 -32.3619 6
      vertex 18.2426 -32.7574 6
    endloop
  endfacet
  facet normal 0 0 1
    outer loop
      vertex 42 -34 6
      vertex 17.3334 -32.0112 6
      vertex 17.8064 -32.3619 6
    endloop
  endfacet
  facet normal 0 0 1
    outer loop
      vertex 42 -34 6
      vertex 16.8284 -31.7085 6
      vertex 17.3334 -32.0112 6
    endloop
  endfacet
  facet normal 0 0 1
    outer loop
      vertex 42 27.412 6
      vertex 16.2961 -31.4567 6
      vertex 16.8284 -31.7085 6
    endloop
  endfacet
  facet normal 0 0 1
    outer loop
      vertex 42 27.412 6
      vertex 15.7417 -31.2584 6
      vertex 16.2961 -31.4567 6
    endloop
  endfacet
  facet normal 0 0 1
    outer loop
      vertex 42 27.412 6
      vertex 15.1705 -31.1153 6
      vertex 15.7417 -31.2584 6
    endloop
  endfacet
  facet normal 0 0 1
    outer loop
      vertex 42 27.412 6
      vertex 14.5881 -31.0289 6
      vertex 15.1705 -31.1153 6
    endloop
  endfacet
  facet normal 0 0 1
    outer loop
      vertex 42 27.412 6
      vertex 14 -31 6
      vertex 14.5881 -31.0289 6
    endloop
  endfacet
  facet normal 0 0 1
    outer loop
      vertex 42 27.412 6
      vertex -14 -31 6
      vertex 14 -31 6
    endloop
  endfacet
  facet normal -0 0 1
    outer loop
      vertex -42 27.412 6
      vertex -14 -31 6
      vertex 42 27.412 6
    endloop
  endfacet
  facet normal 0 0 1
    outer loop
      vertex -14 -31 6
      vertex -42 27.412 6
      vertex -14.5881 -31.0289 6
    endloop
  endfacet
  facet normal 0 0 1
    outer loop
      vertex -14.5881 -31.0289 6
      vertex -42 27.412 6
      vertex -15.1705 -31.1153 6
    endloop
  endfacet
  facet normal 0 0 1
    outer loop
      vertex -15.1705 -31.1153 6
      vertex -42 27.412 6
      vertex -15.7417 -31.2584 6
    endloop
  endfacet
  facet normal 0 0 1
    outer loop
      vertex -15.7417 -31.2584 6
      vertex -42 27.412 6
      vertex -16.2961 -31.4567 6
    endloop
  endfacet
  facet normal 0 0 1
    outer loop
      vertex -16.2961 -31.4567 6
      vertex -42 27.412 6
      vertex -16.8284 -31.7085 6
    endloop
  endfacet
  facet normal 0 0 1
    outer loop
      vertex -42 -34 6
      vertex -16.8284 -31.7085 6
      vertex -42 27.412 6
    endloop
  endfacet
  facet normal 0 0 1
    outer loop
      vertex -16.8284 -31.7085 6
      vertex -42 -34 6
      vertex -17.3334 -32.0112 6
    endloop
  endfacet
  facet normal 0 0 1
    outer loop
      vertex -17.3334 -32.0112 6
      vertex -42 -34 6
      vertex -17.8064 -32.3619 6
    endloop
  endfacet
  facet normal 0 0 1
    outer loop
      vertex -17.8064 -32.3619 6
      vertex -42 -34 6
      vertex -18.2426 -32.7574 6
    endloop
  endfacet
  facet normal 0 0 1
    outer loop
      vertex -18.2426 -32.7574 6
      vertex -42 -34 6
      vertex -18.6381 -33.1936 6
    endloop
  endfacet
  facet normal 0 0 1
    outer loop
      vertex -18.6381 -33.1936 6
      vertex -42 -34 6
      vertex -18.9888 -33.6666 6
    endloop
  endfacet
  facet normal 0 0 1
    outer loop
      vertex -18.9888 -33.6666 6
      vertex -42 -34 6
      vertex -19.1887 -34 6
    endloop
  endfacet
  facet normal 0 0 1
    outer loop
      vertex -42.2681 27.427 6
      vertex -42 -34 6
      vertex -42 27.412 6
    endloop
  endfacet
  facet normal 0 0 1
    outer loop
      vertex -45 -34 6
      vertex -42.2681 27.427 6
      vertex -42.2941 27.4284 6
    endloop
  endfacet
  facet normal 0 0 1
    outer loop
      vertex -42.2681 27.427 6
      vertex -42.2941 -34.0144 6
      vertex -42 -34 6
    endloop
  endfacet
  facet normal 0 0 1
    outer loop
      vertex -45 -34 6
      vertex -42.2941 27.4284 6
      vertex -42.5853 27.4773 6
    endloop
  endfacet
  facet normal 0 0 1
    outer loop
      vertex -42.2681 27.427 6
      vertex -45 -34 6
      vertex -42.2941 -34.0144 6
    endloop
  endfacet
  facet normal 0 0 1
    outer loop
      vertex -45 -34 6
      vertex -42.5853 27.4773 6
      vertex -42.8458 27.5512 6
    endloop
  endfacet
  facet normal 0 0 1
    outer loop
      vertex -45 -34 6
      vertex -42.8458 27.5512 6
      vertex -42.8709 27.5583 6
    endloop
  endfacet
  facet normal 0 0 1
    outer loop
      vertex -42.2941 -34.0144 6
      vertex -45 -34 6
      vertex -42.5853 -34.0576 6
    endloop
  endfacet
  facet normal 0 0 1
    outer loop
      vertex -45 -34 6
      vertex -42.8709 27.5583 6
      vertex -42.8951 27.5682 6
    endloop
  endfacet
  facet normal 0 0 1
    outer loop
      vertex -45 -34 6
      vertex -42.8951 27.5682 6
      vertex -43.148 27.6707 6
    endloop
  endfacet
  facet normal 0 0 1
    outer loop
      vertex -42.5853 -34.0576 6
      vertex -45 -34 6
      vertex -42.8709 -34.1292 6
    endloop
  endfacet
  facet normal 0 0 1
    outer loop
      vertex -45 -34 6
      vertex -43.148 27.6707 6
      vertex -43.3912 27.8009 6
    endloop
  endfacet
  facet normal 0 0 1
    outer loop
      vertex -45 -34 6
      vertex -43.3912 27.8009 6
      vertex -43.4142 27.8132 6
    endloop
  endfacet
  facet normal 0 0 1
    outer loop
      vertex -42.8709 -34.1292 6
      vertex -45 -34 6
      vertex -43.148 -34.2284 6
    endloop
  endfacet
  facet normal 0 0 1
    outer loop
      vertex -45 -34 6
      vertex -43.4142 27.8132 6
      vertex -43.6451 27.97 6
    endloop
  endfacet
  facet normal 0 0 1
    outer loop
      vertex -45 -34 6
      vertex -43.6451 27.97 6
      vertex -43.6667 27.9846 6
    endloop
  endfacet
  facet normal 0 0 1
    outer loop
      vertex -43.148 -34.2284 6
      vertex -45 -34 6
      vertex -43.4142 -34.3542 6
    endloop
  endfacet
  facet normal 0 0 1
    outer loop
      vertex -45 -34 6
      vertex -43.6667 27.9846 6
      vertex -43.6869 28.0016 6
    endloop
  endfacet
  facet normal 0 0 1
    outer loop
      vertex -45 -34 6
      vertex -43.6869 28.0016 6
      vertex -43.9032 28.1833 6
    endloop
  endfacet
  facet normal 0 0 1
    outer loop
      vertex -43.4142 -34.3542 6
      vertex -45 -34 6
      vertex -43.6667 -34.5056 6
    endloop
  endfacet
  facet normal 0 0 1
    outer loop
      vertex -45 -34 6
      vertex -43.9032 28.1833 6
      vertex -44.1031 28.3885 6
    endloop
  endfacet
  facet normal 0 0 1
    outer loop
      vertex -45 -34 6
      vertex -44.1031 28.3885 6
      vertex -44.1213 28.4072 6
    endloop
  endfacet
  facet normal 0 0 1
    outer loop
      vertex -43.6667 -34.5056 6
      vertex -45 -34 6
      vertex -43.9032 -34.681 6
    endloop
  endfacet
  facet normal 0 0 1
    outer loop
      vertex -45 -34 6
      vertex -44.1213 28.4072 6
      vertex -44.1378 28.4278 6
    endloop
  endfacet
  facet normal 0 0 1
    outer loop
      vertex -45 -34 6
      vertex -44.1378 28.4278 6
      vertex -44.319 28.6543 6
    endloop
  endfacet
  facet normal -0 -0 1
    outer loop
      vertex -44.9711 -34.5881 6
      vertex -43.9032 -34.681 6
      vertex -45 -34 6
    endloop
  endfacet
  facet normal 0 0 1
    outer loop
      vertex -45 -34 6
      vertex -44.319 28.6543 6
      vertex -44.4944 28.9221 6
    endloop
  endfacet
  facet normal 0 0 1
    outer loop
      vertex -43.9032 -34.681 6
      vertex -44.9711 -34.5881 6
      vertex -44.1213 -34.8787 6
    endloop
  endfacet
  facet normal 0 0 1
    outer loop
      vertex -45 -34 6
      vertex -44.4944 28.9221 6
      vertex -44.6458 29.2081 6
    endloop
  endfacet
  facet normal 0 0 1
    outer loop
      vertex -44.1213 -34.8787 6
      vertex -44.9711 -34.5881 6
      vertex -44.319 -35.0968 6
    endloop
  endfacet
  facet normal 0 -0 1
    outer loop
      vertex -44.8847 -35.1705 6
      vertex -44.319 -35.0968 6
      vertex -44.9711 -34.5881 6
    endloop
  endfacet
  facet normal 0 0 1
    outer loop
      vertex -44.319 -35.0968 6
      vertex -44.8847 -35.1705 6
      vertex -44.4944 -35.3333 6
    endloop
  endfacet
  facet normal 0 0 1
    outer loop
      vertex -45 -34 6
      vertex -44.6458 29.2081 6
      vertex -44.7618 29.486 6
    endloop
  endfacet
  facet normal 0 0 1
    outer loop
      vertex -45 -34 6
      vertex -44.7618 29.486 6
      vertex -44.7716 29.5095 6
    endloop
  endfacet
  facet normal 0 0 1
    outer loop
      vertex -45 -34 6
      vertex -44.7716 29.5095 6
      vertex -44.7794 29.5339 6
    endloop
  endfacet
  facet normal 0 0 1
    outer loop
      vertex -45 -34 6
      vertex -44.7794 29.5339 6
      vertex -44.8708 29.8234 6
    endloop
  endfacet
  facet normal 0 -0 1
    outer loop
      vertex -44.7416 -35.7417 6
      vertex -44.6458 -35.5858 6
      vertex -44.8847 -35.1705 6
    endloop
  endfacet
  facet normal 0 0 1
    outer loop
      vertex -45 -34 6
      vertex -44.8708 29.8234 6
      vertex -44.937 30.1226 6
    endloop
  endfacet
  facet normal 0 0 1
    outer loop
      vertex -45 -34 6
      vertex -44.937 30.1226 6
      vertex -44.9424 30.1469 6
    endloop
  endfacet
  facet normal 0 0 1
    outer loop
      vertex -44.6458 -35.5858 6
      vertex -44.7416 -35.7417 6
      vertex -44.7321 -35.7684 6
    endloop
  endfacet
  facet normal 0 0 1
    outer loop
      vertex -45 -34 6
      vertex -44.9424 30.1469 6
      vertex -44.9824 30.4525 6
    endloop
  endfacet
  facet normal 0 0 1
    outer loop
      vertex -45 -34 6
      vertex -44.9824 30.4525 6
      vertex -44.9856 30.4767 6
    endloop
  endfacet
  facet normal 0 0 1
    outer loop
      vertex -45 -34 6
      vertex -44.9856 30.4767 6
      vertex -44.9866 30.501 6
    endloop
  endfacet
  facet normal 0 0 1
    outer loop
      vertex -45 -34 6
      vertex -44.9866 30.501 6
      vertex -45 30.8097 6
    endloop
  endfacet
  facet normal 0 0 1
    outer loop
      vertex -44.4944 -35.3333 6
      vertex -44.8847 -35.1705 6
      vertex -44.6458 -35.5858 6
    endloop
  endfacet
  facet normal 0 0 1
    outer loop
      vertex 45 34 6
      vertex 44.999 30.8335 6
      vertex 45 30.8097 6
    endloop
  endfacet
  facet normal 0 0 1
    outer loop
      vertex 45 34 6
      vertex 44.9856 31.1428 6
      vertex 44.999 30.8335 6
    endloop
  endfacet
  facet normal 0 0 1
    outer loop
      vertex 43.6667 33.6348 6
      vertex 45 34 6
      vertex 44.9711 34.5881 6
    endloop
  endfacet
  facet normal 0 0 1
    outer loop
      vertex 45 34 6
      vertex 44.9424 31.4726 6
      vertex 44.9856 31.1428 6
    endloop
  endfacet
  facet normal 0 0 1
    outer loop
      vertex 45 34 6
      vertex 44.9375 31.4946 6
      vertex 44.9424 31.4726 6
    endloop
  endfacet
  facet normal 0 0 1
    outer loop
      vertex 43.4142 33.8063 6
      vertex 44.9711 34.5881 6
      vertex 44.8847 35.1705 6
    endloop
  endfacet
  facet normal 0 0 1
    outer loop
      vertex 45 34 6
      vertex 44.8708 31.796 6
      vertex 44.9375 31.4946 6
    endloop
  endfacet
  facet normal 0 0 1
    outer loop
      vertex 45 34 6
      vertex 44.7716 32.11 6
      vertex 44.8708 31.796 6
    endloop
  endfacet
  facet normal 0 0 1
    outer loop
      vertex 43.148 33.9488 6
      vertex 44.8847 35.1705 6
      vertex 44.7416 35.7417 6
    endloop
  endfacet
  facet normal 0 0 1
    outer loop
      vertex 45 34 6
      vertex 44.6538 32.3922 6
      vertex 44.7716 32.11 6
    endloop
  endfacet
  facet normal 0 0 1
    outer loop
      vertex 45 34 6
      vertex 44.6458 32.4114 6
      vertex 44.6538 32.3922 6
    endloop
  endfacet
  facet normal 0 0 1
    outer loop
      vertex 42.8709 34.0611 6
      vertex 44.7416 35.7417 6
      vertex 44.5433 36.2961 6
    endloop
  endfacet
  facet normal 0 0 1
    outer loop
      vertex 45 34 6
      vertex 44.4944 32.6974 6
      vertex 44.6458 32.4114 6
    endloop
  endfacet
  facet normal 0 0 1
    outer loop
      vertex 45 34 6
      vertex 44.319 32.9652 6
      vertex 44.4944 32.6974 6
    endloop
  endfacet
  facet normal 0 0 1
    outer loop
      vertex 42.5853 34.1422 6
      vertex 44.5433 36.2961 6
      vertex 44.2915 36.8284 6
    endloop
  endfacet
  facet normal 0 0 1
    outer loop
      vertex 45 34 6
      vertex 44.1213 33.2123 6
      vertex 44.319 32.9652 6
    endloop
  endfacet
  facet normal 0 0 1
    outer loop
      vertex 42.2941 34.1911 6
      vertex 44.2915 36.8284 6
      vertex 43.9888 37.3334 6
    endloop
  endfacet
  facet normal 0 0 1
    outer loop
      vertex 45 34 6
      vertex 43.916 33.4231 6
      vertex 44.1213 33.2123 6
    endloop
  endfacet
  facet normal 0 0 1
    outer loop
      vertex 45 34 6
      vertex 43.9032 33.4362 6
      vertex 43.916 33.4231 6
    endloop
  endfacet
  facet normal 0 0 1
    outer loop
      vertex 45 34 6
      vertex 43.8893 33.4478 6
      vertex 43.9032 33.4362 6
    endloop
  endfacet
  facet normal 0 0 1
    outer loop
      vertex 45 34 6
      vertex 43.6667 33.6348 6
      vertex 43.8893 33.4478 6
    endloop
  endfacet
  facet normal 0 0 1
    outer loop
      vertex 42 34.2075 6
      vertex 43.9888 37.3334 6
      vertex 43.6381 37.8064 6
    endloop
  endfacet
  facet normal 0 0 1
    outer loop
      vertex 44.9711 34.5881 6
      vertex 43.4142 33.8063 6
      vertex 43.6667 33.6348 6
    endloop
  endfacet
  facet normal 0 0 1
    outer loop
      vertex 42 34.2075 6
      vertex 43.6381 37.8064 6
      vertex 43.2426 38.2426 6
    endloop
  endfacet
  facet normal 0 0 1
    outer loop
      vertex 44.8847 35.1705 6
      vertex 43.148 33.9488 6
      vertex 43.4142 33.8063 6
    endloop
  endfacet
  facet normal 0 0 1
    outer loop
      vertex 44.7416 35.7417 6
      vertex 42.8862 34.0549 6
      vertex 43.148 33.9488 6
    endloop
  endfacet
  facet normal 0 0 1
    outer loop
      vertex 44.7416 35.7417 6
      vertex 42.8709 34.0611 6
      vertex 42.8862 34.0549 6
    endloop
  endfacet
  facet normal 0 0 1
    outer loop
      vertex 42 34.2075 6
      vertex 43.2426 38.2426 6
      vertex 42.8064 38.6381 6
    endloop
  endfacet
  facet normal 0 0 1
    outer loop
      vertex 44.5433 36.2961 6
      vertex 42.5853 34.1422 6
      vertex 42.8709 34.0611 6
    endloop
  endfacet
  facet normal 0 0 1
    outer loop
      vertex 42 34.2075 6
      vertex 42.8064 38.6381 6
      vertex 42.3334 38.9888 6
    endloop
  endfacet
  facet normal 0 0 1
    outer loop
      vertex 44.2915 36.8284 6
      vertex 42.2941 34.1911 6
      vertex 42.5853 34.1422 6
    endloop
  endfacet
  facet normal 0 0 1
    outer loop
      vertex 43.9888 37.3334 6
      vertex 42.2779 34.192 6
      vertex 42.2941 34.1911 6
    endloop
  endfacet
  facet normal 0 0 1
    outer loop
      vertex 43.9888 37.3334 6
      vertex 42 34.2075 6
      vertex 42.2779 34.192 6
    endloop
  endfacet
  facet normal 0 0 1
    outer loop
      vertex 41.8284 39.2915 6
      vertex 42 34.2075 6
      vertex 42.3334 38.9888 6
    endloop
  endfacet
  facet normal 0 0 1
    outer loop
      vertex 41.2961 39.5433 6
      vertex 42 34.2075 6
      vertex 41.8284 39.2915 6
    endloop
  endfacet
  facet normal 0 0 1
    outer loop
      vertex 40.7417 39.7416 6
      vertex 42 34.2075 6
      vertex 41.2961 39.5433 6
    endloop
  endfacet
  facet normal 0 0 1
    outer loop
      vertex 40.1705 39.8847 6
      vertex 42 34.2075 6
      vertex 40.7417 39.7416 6
    endloop
  endfacet
  facet normal 0 0 1
    outer loop
      vertex 39.5881 39.9711 6
      vertex 42 34.2075 6
      vertex 40.1705 39.8847 6
    endloop
  endfacet
  facet normal 0 0 1
    outer loop
      vertex 39 40 6
      vertex 42 34.2075 6
      vertex 39.5881 39.9711 6
    endloop
  endfacet
  facet normal -0 0 1
    outer loop
      vertex -39 40 6
      vertex 42 34.2075 6
      vertex 39 40 6
    endloop
  endfacet
  facet normal 0 0 1
    outer loop
      vertex -42 34.2075 6
      vertex -39 40 6
      vertex -39.5881 39.9711 6
    endloop
  endfacet
  facet normal 0 0 1
    outer loop
      vertex -42 34.2075 6
      vertex -39.5881 39.9711 6
      vertex -40.1705 39.8847 6
    endloop
  endfacet
  facet normal 0 0 1
    outer loop
      vertex -42 34.2075 6
      vertex -40.1705 39.8847 6
      vertex -40.7417 39.7416 6
    endloop
  endfacet
  facet normal 0 0 1
    outer loop
      vertex -42 34.2075 6
      vertex -40.7417 39.7416 6
      vertex -41.2961 39.5433 6
    endloop
  endfacet
  facet normal 0 0 1
    outer loop
      vertex -42 34.2075 6
      vertex -41.2961 39.5433 6
      vertex -41.8284 39.2915 6
    endloop
  endfacet
  facet normal 0 0 1
    outer loop
      vertex -39 40 6
      vertex -42 34.2075 6
      vertex 42 34.2075 6
    endloop
  endfacet
  facet normal -0 0 1
    outer loop
      vertex -42.3334 38.9888 6
      vertex -42 34.2075 6
      vertex -41.8284 39.2915 6
    endloop
  endfacet
  facet normal -0 0 1
    outer loop
      vertex -42.8064 38.6381 6
      vertex -42 34.2075 6
      vertex -42.3334 38.9888 6
    endloop
  endfacet
  facet normal -0 0 1
    outer loop
      vertex -43.2426 38.2426 6
      vertex -42 34.2075 6
      vertex -42.8064 38.6381 6
    endloop
  endfacet
  facet normal -0 0 1
    outer loop
      vertex -43.6381 37.8064 6
      vertex -42 34.2075 6
      vertex -43.2426 38.2426 6
    endloop
  endfacet
  facet normal -0 0 1
    outer loop
      vertex -43.9888 37.3334 6
      vertex -42 34.2075 6
      vertex -43.6381 37.8064 6
    endloop
  endfacet
  facet normal 0 0 1
    outer loop
      vertex -42 34.2075 6
      vertex -43.9888 37.3334 6
      vertex -42.2779 34.192 6
    endloop
  endfacet
  facet normal 0 0 1
    outer loop
      vertex -42.2779 34.192 6
      vertex -43.9888 37.3334 6
      vertex -42.2941 34.1911 6
    endloop
  endfacet
  facet normal -0 0 1
    outer loop
      vertex -44.2915 36.8284 6
      vertex -42.2941 34.1911 6
      vertex -43.9888 37.3334 6
    endloop
  endfacet
  facet normal 0 0 1
    outer loop
      vertex -42.2941 34.1911 6
      vertex -44.2915 36.8284 6
      vertex -42.5853 34.1422 6
    endloop
  endfacet
  facet normal -0 0 1
    outer loop
      vertex -44.5433 36.2961 6
      vertex -42.5853 34.1422 6
      vertex -44.2915 36.8284 6
    endloop
  endfacet
  facet normal 0 0 1
    outer loop
      vertex -42.5853 34.1422 6
      vertex -44.5433 36.2961 6
      vertex -42.8709 34.0611 6
    endloop
  endfacet
  facet normal -0 0 1
    outer loop
      vertex -44.7416 35.7417 6
      vertex -42.8709 34.0611 6
      vertex -44.5433 36.2961 6
    endloop
  endfacet
  facet normal 0 0 1
    outer loop
      vertex -42.8709 34.0611 6
      vertex -44.7416 35.7417 6
      vertex -42.8862 34.0549 6
    endloop
  endfacet
  facet normal 0 0 1
    outer loop
      vertex -42.8862 34.0549 6
      vertex -44.7416 35.7417 6
      vertex -43.148 33.9488 6
    endloop
  endfacet
  facet normal -0 0 1
    outer loop
      vertex -44.8847 35.1705 6
      vertex -43.148 33.9488 6
      vertex -44.7416 35.7417 6
    endloop
  endfacet
  facet normal 0 0 1
    outer loop
      vertex -43.148 33.9488 6
      vertex -44.8847 35.1705 6
      vertex -43.4142 33.8063 6
    endloop
  endfacet
  facet normal -0 0 1
    outer loop
      vertex -44.9711 34.5881 6
      vertex -43.4142 33.8063 6
      vertex -44.8847 35.1705 6
    endloop
  endfacet
  facet normal 0 0 1
    outer loop
      vertex -43.4142 33.8063 6
      vertex -44.9711 34.5881 6
      vertex -43.6667 33.6348 6
    endloop
  endfacet
  facet normal -0 0 1
    outer loop
      vertex -45 34 6
      vertex -43.6667 33.6348 6
      vertex -44.9711 34.5881 6
    endloop
  endfacet
  facet normal 0 0 1
    outer loop
      vertex -43.6667 33.6348 6
      vertex -45 34 6
      vertex -43.8893 33.4478 6
    endloop
  endfacet
  facet normal 0 0 1
    outer loop
      vertex -43.8893 33.4478 6
      vertex -45 34 6
      vertex -43.9032 33.4362 6
    endloop
  endfacet
  facet normal 0 0 1
    outer loop
      vertex -43.9032 33.4362 6
      vertex -45 34 6
      vertex -43.916 33.4231 6
    endloop
  endfacet
  facet normal 0 0 1
    outer loop
      vertex -43.916 33.4231 6
      vertex -45 34 6
      vertex -44.1213 33.2123 6
    endloop
  endfacet
  facet normal 0 0 1
    outer loop
      vertex -44.1213 33.2123 6
      vertex -45 34 6
      vertex -44.319 32.9652 6
    endloop
  endfacet
  facet normal 0 0 1
    outer loop
      vertex -44.319 32.9652 6
      vertex -45 34 6
      vertex -44.4944 32.6974 6
    endloop
  endfacet
  facet normal 0 0 1
    outer loop
      vertex -44.6538 32.3922 6
      vertex -45 34 6
      vertex -44.7716 32.11 6
    endloop
  endfacet
  facet normal 0 0 1
    outer loop
      vertex -44.4944 32.6974 6
      vertex -45 34 6
      vertex -44.6458 32.4114 6
    endloop
  endfacet
  facet normal 0 0 1
    outer loop
      vertex -44.7716 32.11 6
      vertex -45 34 6
      vertex -44.8708 31.796 6
    endloop
  endfacet
  facet normal 0 0 1
    outer loop
      vertex -44.8708 31.796 6
      vertex -45 34 6
      vertex -44.9375 31.4946 6
    endloop
  endfacet
  facet normal 0 0 1
    outer loop
      vertex -44.6458 32.4114 6
      vertex -45 34 6
      vertex -44.6538 32.3922 6
    endloop
  endfacet
  facet normal 0 0 1
    outer loop
      vertex -44.9375 31.4946 6
      vertex -45 34 6
      vertex -44.9424 31.4726 6
    endloop
  endfacet
  facet normal 0 0 1
    outer loop
      vertex -44.9424 31.4726 6
      vertex -45 34 6
      vertex -44.9856 31.1428 6
    endloop
  endfacet
  facet normal 0 0 1
    outer loop
      vertex -44.9856 31.1428 6
      vertex -45 34 6
      vertex -44.999 30.8335 6
    endloop
  endfacet
  facet normal 0 0 1
    outer loop
      vertex -44.999 30.8335 6
      vertex -45 34 6
      vertex -45 30.8097 6
    endloop
  endfacet
  facet normal 0.970023 0.243015 0
    outer loop
      vertex 44.8847 35.1705 6
      vertex 44.7416 35.7417 0
      vertex 44.7416 35.7417 6
    endloop
  endfacet
  facet normal 0.970023 0.243015 0
    outer loop
      vertex 44.7416 35.7417 0
      vertex 44.8847 35.1705 6
      vertex 44.8847 35.1705 0
    endloop
  endfacet
  facet normal -0.998795 -0.0490821 0
    outer loop
      vertex -44.9711 -34.5881 0
      vertex -45 -34 6
      vertex -45 -34 0
    endloop
  endfacet
  facet normal -0.998795 -0.0490821 0
    outer loop
      vertex -45 -34 6
      vertex -44.9711 -34.5881 0
      vertex -44.9711 -34.5881 6
    endloop
  endfacet
  facet normal 0.970023 -0.243015 0
    outer loop
      vertex 44.7416 -35.7417 6
      vertex 44.8847 -35.1705 0
      vertex 44.8847 -35.1705 6
    endloop
  endfacet
  facet normal 0.970023 -0.243015 0
    outer loop
      vertex 44.8847 -35.1705 0
      vertex 44.7416 -35.7417 6
      vertex 44.7416 -35.7417 0
    endloop
  endfacet
  facet normal -0.970023 -0.243015 0
    outer loop
      vertex -44.7416 -35.7417 0
      vertex -44.8847 -35.1705 6
      vertex -44.8847 -35.1705 0
    endloop
  endfacet
  facet normal -0.970023 -0.243015 0
    outer loop
      vertex -44.8847 -35.1705 6
      vertex -44.7416 -35.7417 0
      vertex -44.7416 -35.7417 6
    endloop
  endfacet
  facet normal 0.803289 0.595589 0
    outer loop
      vertex 43.9888 37.3334 6
      vertex 43.6381 37.8064 0
      vertex 43.6381 37.8064 6
    endloop
  endfacet
  facet normal 0.803289 0.595589 0
    outer loop
      vertex 43.6381 37.8064 0
      vertex 43.9888 37.3334 6
      vertex 43.9888 37.3334 0
    endloop
  endfacet
  facet normal -0.740823 0.6717 0
    outer loop
      vertex -43.6381 37.8064 0
      vertex -43.2426 38.2426 6
      vertex -43.2426 38.2426 0
    endloop
  endfacet
  facet normal -0.740823 0.6717 0
    outer loop
      vertex -43.2426 38.2426 6
      vertex -43.6381 37.8064 0
      vertex -43.6381 37.8064 6
    endloop
  endfacet
  facet normal 0.243015 0.970023 -0
    outer loop
      vertex 40.7417 39.7416 0
      vertex 40.1705 39.8847 6
      vertex 40.7417 39.7416 6
    endloop
  endfacet
  facet normal 0.243015 0.970023 0
    outer loop
      vertex 40.1705 39.8847 6
      vertex 40.7417 39.7416 0
      vertex 40.1705 39.8847 0
    endloop
  endfacet
  facet normal 0 -1 0
    outer loop
      vertex -42 -40 22
      vertex -19.1887 -40 13.15
      vertex 42 -40 22
    endloop
  endfacet
  facet normal 0 -1 0
    outer loop
      vertex -42 -40 0
      vertex -19.1887 -40 13.15
      vertex -42 -40 22
    endloop
  endfacet
  facet normal 0 -1 -0
    outer loop
      vertex -19.1887 -40 13.15
      vertex -42 -40 0
      vertex -19.1887 -40 0
    endloop
  endfacet
  facet normal 0 -1 0
    outer loop
      vertex 19.1887 -40 13.15
      vertex 42 -40 22
      vertex -19.1887 -40 13.15
    endloop
  endfacet
  facet normal 0 -1 0
    outer loop
      vertex 42 -40 0
      vertex 19.1887 -40 13.15
      vertex 19.1887 -40 0
    endloop
  endfacet
  facet normal 0 -1 0
    outer loop
      vertex 19.1887 -40 13.15
      vertex 42 -40 0
      vertex 42 -40 22
    endloop
  endfacet
  facet normal 0.514121 0.857718 -0
    outer loop
      vertex 42.3334 38.9888 0
      vertex 41.8284 39.2915 6
      vertex 42.3334 38.9888 6
    endloop
  endfacet
  facet normal 0.514121 0.857718 0
    outer loop
      vertex 41.8284 39.2915 6
      vertex 42.3334 38.9888 0
      vertex 41.8284 39.2915 0
    endloop
  endfacet
  facet normal 0.740823 0.6717 0
    outer loop
      vertex 43.6381 37.8064 6
      vertex 43.2426 38.2426 0
      vertex 43.2426 38.2426 6
    endloop
  endfacet
  facet normal 0.740823 0.6717 0
    outer loop
      vertex 43.2426 38.2426 0
      vertex 43.6381 37.8064 6
      vertex 43.6381 37.8064 0
    endloop
  endfacet
  facet normal 1 -0 0
    outer loop
      vertex 45 30.8097 6
      vertex 45 34 0
      vertex 45 34 6
    endloop
  endfacet
  facet normal 1 0 0
    outer loop
      vertex 45 -34 0
      vertex 45 30.8097 6
      vertex 45 -34 6
    endloop
  endfacet
  facet normal 1 0 0
    outer loop
      vertex 45 30.8097 6
      vertex 45 -34 0
      vertex 45 34 0
    endloop
  endfacet
  facet normal 0.857718 0.514121 0
    outer loop
      vertex 44.2915 36.8284 6
      vertex 43.9888 37.3334 0
      vertex 43.9888 37.3334 6
    endloop
  endfacet
  facet normal 0.857718 0.514121 0
    outer loop
      vertex 43.9888 37.3334 0
      vertex 44.2915 36.8284 6
      vertex 44.2915 36.8284 0
    endloop
  endfacet
  facet normal -1 0 0
    outer loop
      vertex -45 34 0
      vertex -45 30.8097 6
      vertex -45 34 6
    endloop
  endfacet
  facet normal -1 0 0
    outer loop
      vertex -45 -34 0
      vertex -45 30.8097 6
      vertex -45 34 0
    endloop
  endfacet
  facet normal -1 -0 0
    outer loop
      vertex -45 30.8097 6
      vertex -45 -34 0
      vertex -45 -34 6
    endloop
  endfacet
  facet normal -0.857718 0.514121 0
    outer loop
      vertex -44.2915 36.8284 0
      vertex -43.9888 37.3334 6
      vertex -43.9888 37.3334 0
    endloop
  endfacet
  facet normal -0.857718 0.514121 0
    outer loop
      vertex -43.9888 37.3334 6
      vertex -44.2915 36.8284 0
      vertex -44.2915 36.8284 6
    endloop
  endfacet
  facet normal -0.970023 0.243015 0
    outer loop
      vertex -44.8847 35.1705 0
      vertex -44.7416 35.7417 6
      vertex -44.7416 35.7417 0
    endloop
  endfacet
  facet normal -0.970023 0.243015 0
    outer loop
      vertex -44.7416 35.7417 6
      vertex -44.8847 35.1705 0
      vertex -44.8847 35.1705 6
    endloop
  endfacet
  facet normal -0.989174 0.146746 0
    outer loop
      vertex -44.9711 34.5881 0
      vertex -44.8847 35.1705 6
      vertex -44.8847 35.1705 0
    endloop
  endfacet
  facet normal -0.989174 0.146746 0
    outer loop
      vertex -44.8847 35.1705 6
      vertex -44.9711 34.5881 0
      vertex -44.9711 34.5881 6
    endloop
  endfacet
  facet normal 0.94214 -0.335218 0
    outer loop
      vertex 44.7321 -35.7684 6
      vertex 44.7416 -35.7417 0
      vertex 44.7416 -35.7417 6
    endloop
  endfacet
  facet normal 0.94214 -0.335218 0
    outer loop
      vertex 44.7416 -35.7417 0
      vertex 44.7321 -35.7684 6
      vertex 44.7321 -35.7684 0
    endloop
  endfacet
  facet normal -0.336788 0.94158 0
    outer loop
      vertex -40.7417 39.7416 0
      vertex -41.2961 39.5433 6
      vertex -40.7417 39.7416 6
    endloop
  endfacet
  facet normal -0.336788 0.94158 0
    outer loop
      vertex -41.2961 39.5433 6
      vertex -40.7417 39.7416 0
      vertex -41.2961 39.5433 0
    endloop
  endfacet
  facet normal -0.514121 0.857718 0
    outer loop
      vertex -41.8284 39.2915 0
      vertex -42.3334 38.9888 6
      vertex -41.8284 39.2915 6
    endloop
  endfacet
  facet normal -0.514121 0.857718 0
    outer loop
      vertex -42.3334 38.9888 6
      vertex -41.8284 39.2915 0
      vertex -42.3334 38.9888 0
    endloop
  endfacet
  facet normal 0.336788 0.94158 -0
    outer loop
      vertex 41.2961 39.5433 0
      vertex 40.7417 39.7416 6
      vertex 41.2961 39.5433 6
    endloop
  endfacet
  facet normal 0.336788 0.94158 0
    outer loop
      vertex 40.7417 39.7416 6
      vertex 41.2961 39.5433 0
      vertex 40.7417 39.7416 0
    endloop
  endfacet
  facet normal 0.998795 -0.0490821 0
    outer loop
      vertex 44.9711 -34.5881 6
      vertex 45 -34 0
      vertex 45 -34 6
    endloop
  endfacet
  facet normal 0.998795 -0.0490821 0
    outer loop
      vertex 45 -34 0
      vertex 44.9711 -34.5881 6
      vertex 44.9711 -34.5881 0
    endloop
  endfacet
  facet normal -0.94158 0.336788 0
    outer loop
      vertex -44.7416 35.7417 0
      vertex -44.5433 36.2961 6
      vertex -44.5433 36.2961 0
    endloop
  endfacet
  facet normal -0.94158 0.336788 0
    outer loop
      vertex -44.5433 36.2961 6
      vertex -44.7416 35.7417 0
      vertex -44.7416 35.7417 6
    endloop
  endfacet
  facet normal 0.903962 0.427612 0
    outer loop
      vertex 44.5433 36.2961 6
      vertex 44.2915 36.8284 0
      vertex 44.2915 36.8284 6
    endloop
  endfacet
  facet normal 0.903962 0.427612 0
    outer loop
      vertex 44.2915 36.8284 0
      vertex 44.5433 36.2961 6
      vertex 44.5433 36.2961 0
    endloop
  endfacet
  facet normal 0 1 -0
    outer loop
      vertex 39 40 0
      vertex -39 40 6
      vertex 39 40 6
    endloop
  endfacet
  facet normal 0 1 0
    outer loop
      vertex -39 40 6
      vertex 39 40 0
      vertex -39 40 0
    endloop
  endfacet
  facet normal -0.595589 0.803289 0
    outer loop
      vertex -42.3334 38.9888 0
      vertex -42.8064 38.6381 6
      vertex -42.3334 38.9888 6
    endloop
  endfacet
  facet normal -0.595589 0.803289 0
    outer loop
      vertex -42.8064 38.6381 6
      vertex -42.3334 38.9888 0
      vertex -42.8064 38.6381 0
    endloop
  endfacet
  facet normal 0.94158 0.336788 0
    outer loop
      vertex 44.7416 35.7417 6
      vertex 44.5433 36.2961 0
      vertex 44.5433 36.2961 6
    endloop
  endfacet
  facet normal 0.94158 0.336788 0
    outer loop
      vertex 44.5433 36.2961 0
      vertex 44.7416 35.7417 6
      vertex 44.7416 35.7417 0
    endloop
  endfacet
  facet normal 0.998795 0.0490821 0
    outer loop
      vertex 45 34 6
      vertex 44.9711 34.5881 0
      vertex 44.9711 34.5881 6
    endloop
  endfacet
  facet normal 0.998795 0.0490821 0
    outer loop
      vertex 44.9711 34.5881 0
      vertex 45 34 6
      vertex 45 34 0
    endloop
  endfacet
  facet normal 0.989174 0.146746 0
    outer loop
      vertex 44.9711 34.5881 6
      vertex 44.8847 35.1705 0
      vertex 44.8847 35.1705 6
    endloop
  endfacet
  facet normal 0.989174 0.146746 0
    outer loop
      vertex 44.8847 35.1705 0
      vertex 44.9711 34.5881 6
      vertex 44.9711 34.5881 0
    endloop
  endfacet
  facet normal -0.94214 -0.335218 0
    outer loop
      vertex -44.7321 -35.7684 0
      vertex -44.7416 -35.7417 6
      vertex -44.7416 -35.7417 0
    endloop
  endfacet
  facet normal -0.94214 -0.335218 0
    outer loop
      vertex -44.7416 -35.7417 6
      vertex -44.7321 -35.7684 0
      vertex -44.7321 -35.7684 6
    endloop
  endfacet
  facet normal 0.427612 0.903962 -0
    outer loop
      vertex 41.8284 39.2915 0
      vertex 41.2961 39.5433 6
      vertex 41.8284 39.2915 6
    endloop
  endfacet
  facet normal 0.427612 0.903962 0
    outer loop
      vertex 41.2961 39.5433 6
      vertex 41.8284 39.2915 0
      vertex 41.2961 39.5433 0
    endloop
  endfacet
  facet normal -0.803289 0.595589 0
    outer loop
      vertex -43.9888 37.3334 0
      vertex -43.6381 37.8064 6
      vertex -43.6381 37.8064 0
    endloop
  endfacet
  facet normal -0.803289 0.595589 0
    outer loop
      vertex -43.6381 37.8064 6
      vertex -43.9888 37.3334 0
      vertex -43.9888 37.3334 6
    endloop
  endfacet
  facet normal -0.6717 0.740823 0
    outer loop
      vertex -42.8064 38.6381 0
      vertex -43.2426 38.2426 6
      vertex -42.8064 38.6381 6
    endloop
  endfacet
  facet normal -0.6717 0.740823 0
    outer loop
      vertex -43.2426 38.2426 6
      vertex -42.8064 38.6381 0
      vertex -43.2426 38.2426 0
    endloop
  endfacet
  facet normal -0.146746 0.989174 0
    outer loop
      vertex -39.5881 39.9711 0
      vertex -40.1705 39.8847 6
      vertex -39.5881 39.9711 6
    endloop
  endfacet
  facet normal -0.146746 0.989174 0
    outer loop
      vertex -40.1705 39.8847 6
      vertex -39.5881 39.9711 0
      vertex -40.1705 39.8847 0
    endloop
  endfacet
  facet normal 0.6717 0.740823 -0
    outer loop
      vertex 43.2426 38.2426 0
      vertex 42.8064 38.6381 6
      vertex 43.2426 38.2426 6
    endloop
  endfacet
  facet normal 0.6717 0.740823 0
    outer loop
      vertex 42.8064 38.6381 6
      vertex 43.2426 38.2426 0
      vertex 42.8064 38.6381 0
    endloop
  endfacet
  facet normal 0.989174 -0.146746 0
    outer loop
      vertex 44.8847 -35.1705 6
      vertex 44.9711 -34.5881 0
      vertex 44.9711 -34.5881 6
    endloop
  endfacet
  facet normal 0.989174 -0.146746 0
    outer loop
      vertex 44.9711 -34.5881 0
      vertex 44.8847 -35.1705 6
      vertex 44.8847 -35.1705 0
    endloop
  endfacet
  facet normal -0.998795 0.0490821 0
    outer loop
      vertex -45 34 0
      vertex -44.9711 34.5881 6
      vertex -44.9711 34.5881 0
    endloop
  endfacet
  facet normal -0.998795 0.0490821 0
    outer loop
      vertex -44.9711 34.5881 6
      vertex -45 34 0
      vertex -45 34 6
    endloop
  endfacet
  facet normal -0.243015 0.970023 0
    outer loop
      vertex -40.1705 39.8847 0
      vertex -40.7417 39.7416 6
      vertex -40.1705 39.8847 6
    endloop
  endfacet
  facet normal -0.243015 0.970023 0
    outer loop
      vertex -40.7417 39.7416 6
      vertex -40.1705 39.8847 0
      vertex -40.7417 39.7416 0
    endloop
  endfacet
  facet normal -0.989174 -0.146746 0
    outer loop
      vertex -44.8847 -35.1705 0
      vertex -44.9711 -34.5881 6
      vertex -44.9711 -34.5881 0
    endloop
  endfacet
  facet normal -0.989174 -0.146746 0
    outer loop
      vertex -44.9711 -34.5881 6
      vertex -44.8847 -35.1705 0
      vertex -44.8847 -35.1705 6
    endloop
  endfacet
  facet normal -0.903962 0.427612 0
    outer loop
      vertex -44.5433 36.2961 0
      vertex -44.2915 36.8284 6
      vertex -44.2915 36.8284 0
    endloop
  endfacet
  facet normal -0.903962 0.427612 0
    outer loop
      vertex -44.2915 36.8284 6
      vertex -44.5433 36.2961 0
      vertex -44.5433 36.2961 6
    endloop
  endfacet
  facet normal -0.427612 0.903962 0
    outer loop
      vertex -41.2961 39.5433 0
      vertex -41.8284 39.2915 6
      vertex -41.2961 39.5433 6
    endloop
  endfacet
  facet normal -0.427612 0.903962 0
    outer loop
      vertex -41.8284 39.2915 6
      vertex -41.2961 39.5433 0
      vertex -41.8284 39.2915 0
    endloop
  endfacet
  facet normal -0.0490821 0.998795 0
    outer loop
      vertex -39 40 0
      vertex -39.5881 39.9711 6
      vertex -39 40 6
    endloop
  endfacet
  facet normal -0.0490821 0.998795 0
    outer loop
      vertex -39.5881 39.9711 6
      vertex -39 40 0
      vertex -39.5881 39.9711 0
    endloop
  endfacet
  facet normal 0.146746 0.989174 -0
    outer loop
      vertex 40.1705 39.8847 0
      vertex 39.5881 39.9711 6
      vertex 40.1705 39.8847 6
    endloop
  endfacet
  facet normal 0.146746 0.989174 0
    outer loop
      vertex 39.5881 39.9711 6
      vertex 40.1705 39.8847 0
      vertex 39.5881 39.9711 0
    endloop
  endfacet
  facet normal 0.0490821 0.998795 -0
    outer loop
      vertex 39.5881 39.9711 0
      vertex 39 40 6
      vertex 39.5881 39.9711 6
    endloop
  endfacet
  facet normal 0.0490821 0.998795 0
    outer loop
      vertex 39 40 6
      vertex 39.5881 39.9711 0
      vertex 39 40 0
    endloop
  endfacet
  facet normal 0.595589 0.803289 -0
    outer loop
      vertex 42.8064 38.6381 0
      vertex 42.3334 38.9888 6
      vertex 42.8064 38.6381 6
    endloop
  endfacet
  facet normal 0.595589 0.803289 0
    outer loop
      vertex 42.3334 38.9888 6
      vertex 42.8064 38.6381 0
      vertex 42.3334 38.9888 0
    endloop
  endfacet
  facet normal -0.337047 0.941488 0
    outer loop
      vertex -42.8709 -34.1292 6
      vertex -43.148 -34.2284 22
      vertex -42.8709 -34.1292 22
    endloop
  endfacet
  facet normal -0.337047 0.941488 0
    outer loop
      vertex -43.148 -34.2284 22
      vertex -42.8709 -34.1292 6
      vertex -43.148 -34.2284 6
    endloop
  endfacet
  facet normal 0.857643 0.514246 0
    outer loop
      vertex 44.6458 -35.5858 22
      vertex 44.4944 -35.3333 6
      vertex 44.4944 -35.3333 22
    endloop
  endfacet
  facet normal 0.857643 0.514246 0
    outer loop
      vertex 44.4944 -35.3333 6
      vertex 44.6458 -35.5858 22
      vertex 44.6458 -35.5858 6
    endloop
  endfacet
  facet normal 0.243175 0.969982 -0
    outer loop
      vertex 42.8709 -34.1292 6
      vertex 42.5853 -34.0576 22
      vertex 42.8709 -34.1292 22
    endloop
  endfacet
  facet normal 0.243175 0.969982 0
    outer loop
      vertex 42.5853 -34.0576 22
      vertex 42.8709 -34.1292 6
      vertex 42.5853 -34.0576 6
    endloop
  endfacet
  facet normal -0.857643 -0.514246 0
    outer loop
      vertex -44.4944 -38.6667 0
      vertex -44.6458 -38.4142 22
      vertex -44.6458 -38.4142 0
    endloop
  endfacet
  facet normal -0.857643 -0.514246 0
    outer loop
      vertex -44.6458 -38.4142 22
      vertex -44.4944 -38.6667 0
      vertex -44.4944 -38.6667 22
    endloop
  endfacet
  facet normal 0.514246 0.857643 -0
    outer loop
      vertex 43.6667 -34.5056 6
      vertex 43.4142 -34.3542 22
      vertex 43.6667 -34.5056 22
    endloop
  endfacet
  facet normal 0.514246 0.857643 0
    outer loop
      vertex 43.4142 -34.3542 22
      vertex 43.6667 -34.5056 6
      vertex 43.4142 -34.3542 6
    endloop
  endfacet
  facet normal 0.337047 0.941488 -0
    outer loop
      vertex 43.148 -34.2284 6
      vertex 42.8709 -34.1292 22
      vertex 43.148 -34.2284 22
    endloop
  endfacet
  facet normal 0.337047 0.941488 0
    outer loop
      vertex 42.8709 -34.1292 22
      vertex 43.148 -34.2284 6
      vertex 42.8709 -34.1292 6
    endloop
  endfacet
  facet normal -0.427269 0.904125 0
    outer loop
      vertex -43.148 -34.2284 6
      vertex -43.4142 -34.3542 22
      vertex -43.148 -34.2284 22
    endloop
  endfacet
  facet normal -0.427269 0.904125 0
    outer loop
      vertex -43.4142 -34.3542 22
      vertex -43.148 -34.2284 6
      vertex -43.4142 -34.3542 6
    endloop
  endfacet
  facet normal -0.803208 -0.595699 0
    outer loop
      vertex -44.319 -38.9032 0
      vertex -44.4944 -38.6667 22
      vertex -44.4944 -38.6667 0
    endloop
  endfacet
  facet normal -0.803208 -0.595699 0
    outer loop
      vertex -44.4944 -38.6667 22
      vertex -44.319 -38.9032 0
      vertex -44.319 -38.9032 22
    endloop
  endfacet
  facet normal 0 1 0
    outer loop
      vertex 42 -34 22
      vertex 19.1887 -34 13.15
      vertex -42 -34 22
    endloop
  endfacet
  facet normal 0 1 -0
    outer loop
      vertex 42 -34 6
      vertex 19.1887 -34 13.15
      vertex 42 -34 22
    endloop
  endfacet
  facet normal 0 1 0
    outer loop
      vertex 19.1887 -34 13.15
      vertex 42 -34 6
      vertex 19.1887 -34 6
    endloop
  endfacet
  facet normal 0 1 -0
    outer loop
      vertex -19.1887 -34 13.15
      vertex -42 -34 22
      vertex 19.1887 -34 13.15
    endloop
  endfacet
  facet normal 0 1 0
    outer loop
      vertex -42 -34 6
      vertex -19.1887 -34 13.15
      vertex -19.1887 -34 6
    endloop
  endfacet
  facet normal 0 1 0
    outer loop
      vertex -19.1887 -34 13.15
      vertex -42 -34 6
      vertex -42 -34 22
    endloop
  endfacet
  facet normal 0.969982 0.243175 0
    outer loop
      vertex 44.9424 -36.4147 22
      vertex 44.8708 -36.1291 0
      vertex 44.8708 -36.1291 22
    endloop
  endfacet
  facet normal 0.969982 0.243175 0
    outer loop
      vertex 44.8708 -36.1291 0
      vertex 44.9424 -36.4147 22
      vertex 44.9424 -36.4147 0
    endloop
  endfacet
  facet normal 0.595699 0.803208 -0
    outer loop
      vertex 43.9032 -34.681 6
      vertex 43.6667 -34.5056 22
      vertex 43.9032 -34.681 22
    endloop
  endfacet
  facet normal 0.595699 0.803208 0
    outer loop
      vertex 43.6667 -34.5056 22
      vertex 43.9032 -34.681 6
      vertex 43.6667 -34.5056 6
    endloop
  endfacet
  facet normal -0.0489044 -0.998803 0
    outer loop
      vertex -42.2941 -39.9856 0
      vertex -42 -40 22
      vertex -42.2941 -39.9856 22
    endloop
  endfacet
  facet normal -0.0489044 -0.998803 -0
    outer loop
      vertex -42 -40 22
      vertex -42.2941 -39.9856 0
      vertex -42 -40 0
    endloop
  endfacet
  facet normal -0.941488 -0.337047 0
    outer loop
      vertex -44.7716 -38.148 0
      vertex -44.8708 -37.8709 22
      vertex -44.8708 -37.8709 0
    endloop
  endfacet
  facet normal -0.941488 -0.337047 0
    outer loop
      vertex -44.8708 -37.8709 22
      vertex -44.7716 -38.148 0
      vertex -44.7716 -38.148 22
    endloop
  endfacet
  facet normal -0.740908 0.671607 0
    outer loop
      vertex -44.319 -35.0968 6
      vertex -44.1213 -34.8787 22
      vertex -44.1213 -34.8787 6
    endloop
  endfacet
  facet normal -0.740908 0.671607 0
    outer loop
      vertex -44.1213 -34.8787 22
      vertex -44.319 -35.0968 6
      vertex -44.319 -35.0968 22
    endloop
  endfacet
  facet normal 0.969982 -0.243175 0
    outer loop
      vertex 44.8708 -37.8709 22
      vertex 44.9424 -37.5853 0
      vertex 44.9424 -37.5853 22
    endloop
  endfacet
  facet normal 0.969982 -0.243175 0
    outer loop
      vertex 44.9424 -37.5853 0
      vertex 44.8708 -37.8709 22
      vertex 44.8708 -37.8709 0
    endloop
  endfacet
  facet normal 0.740908 -0.671607 0
    outer loop
      vertex 44.1213 -39.1213 22
      vertex 44.319 -38.9032 0
      vertex 44.319 -38.9032 22
    endloop
  endfacet
  facet normal 0.740908 -0.671607 0
    outer loop
      vertex 44.319 -38.9032 0
      vertex 44.1213 -39.1213 22
      vertex 44.1213 -39.1213 0
    endloop
  endfacet
  facet normal 0.989174 -0.146746 0
    outer loop
      vertex 44.9424 -37.5853 22
      vertex 44.9856 -37.2941 0
      vertex 44.9856 -37.2941 22
    endloop
  endfacet
  facet normal 0.989174 -0.146746 0
    outer loop
      vertex 44.9856 -37.2941 0
      vertex 44.9424 -37.5853 22
      vertex 44.9424 -37.5853 0
    endloop
  endfacet
  facet normal -0.857643 0.514246 0
    outer loop
      vertex -44.6458 -35.5858 6
      vertex -44.4944 -35.3333 22
      vertex -44.4944 -35.3333 6
    endloop
  endfacet
  facet normal -0.857643 0.514246 0
    outer loop
      vertex -44.4944 -35.3333 22
      vertex -44.6458 -35.5858 6
      vertex -44.6458 -35.5858 22
    endloop
  endfacet
  facet normal -0.337047 -0.941488 0
    outer loop
      vertex -43.148 -39.7716 0
      vertex -42.8709 -39.8708 22
      vertex -43.148 -39.7716 22
    endloop
  endfacet
  facet normal -0.337047 -0.941488 -0
    outer loop
      vertex -42.8709 -39.8708 22
      vertex -43.148 -39.7716 0
      vertex -42.8709 -39.8708 0
    endloop
  endfacet
  facet normal -0.941488 0.337047 0
    outer loop
      vertex -44.8708 -36.1291 0
      vertex -44.7716 -35.852 22
      vertex -44.7716 -35.852 0
    endloop
  endfacet
  facet normal -0.941488 0.337047 0
    outer loop
      vertex -44.7716 -35.852 22
      vertex -44.8708 -36.1291 0
      vertex -44.8708 -36.1291 22
    endloop
  endfacet
  facet normal 0.0489044 -0.998803 0
    outer loop
      vertex 42 -40 0
      vertex 42.2941 -39.9856 22
      vertex 42 -40 22
    endloop
  endfacet
  facet normal 0.0489044 -0.998803 0
    outer loop
      vertex 42.2941 -39.9856 22
      vertex 42 -40 0
      vertex 42.2941 -39.9856 0
    endloop
  endfacet
  facet normal -0.904125 -0.427269 0
    outer loop
      vertex -44.6458 -38.4142 0
      vertex -44.7716 -38.148 22
      vertex -44.7716 -38.148 0
    endloop
  endfacet
  facet normal -0.904125 -0.427269 0
    outer loop
      vertex -44.7716 -38.148 22
      vertex -44.6458 -38.4142 0
      vertex -44.6458 -38.4142 22
    endloop
  endfacet
  facet normal -0.904156 0.427203 0
    outer loop
      vertex -44.7321 -35.7684 0
      vertex -44.7716 -35.852 0
      vertex -44.7321 -35.7684 6
    endloop
  endfacet
  facet normal -0.904111 0.427299 0
    outer loop
      vertex -44.7321 -35.7684 6
      vertex -44.6458 -35.5858 22
      vertex -44.6458 -35.5858 6
    endloop
  endfacet
  facet normal -0.904156 0.427203 0
    outer loop
      vertex -44.7716 -35.852 22
      vertex -44.7321 -35.7684 6
      vertex -44.7716 -35.852 0
    endloop
  endfacet
  facet normal -0.904125 0.427269 4.20306e-07
    outer loop
      vertex -44.7321 -35.7684 6
      vertex -44.7716 -35.852 22
      vertex -44.6458 -35.5858 22
    endloop
  endfacet
  facet normal 0.427269 -0.904125 0
    outer loop
      vertex 43.148 -39.7716 0
      vertex 43.4142 -39.6458 22
      vertex 43.148 -39.7716 22
    endloop
  endfacet
  facet normal 0.427269 -0.904125 0
    outer loop
      vertex 43.4142 -39.6458 22
      vertex 43.148 -39.7716 0
      vertex 43.4142 -39.6458 0
    endloop
  endfacet
  facet normal -0.969982 0.243175 0
    outer loop
      vertex -44.9424 -36.4147 0
      vertex -44.8708 -36.1291 22
      vertex -44.8708 -36.1291 0
    endloop
  endfacet
  facet normal -0.969982 0.243175 0
    outer loop
      vertex -44.8708 -36.1291 22
      vertex -44.9424 -36.4147 0
      vertex -44.9424 -36.4147 22
    endloop
  endfacet
  facet normal -0.998803 0.0489044 0
    outer loop
      vertex -45 -37 0
      vertex -44.9856 -36.7059 22
      vertex -44.9856 -36.7059 0
    endloop
  endfacet
  facet normal -0.998803 0.0489044 0
    outer loop
      vertex -44.9856 -36.7059 22
      vertex -45 -37 0
      vertex -45 -37 22
    endloop
  endfacet
  facet normal 0.803208 0.595699 0
    outer loop
      vertex 44.4944 -35.3333 22
      vertex 44.319 -35.0968 6
      vertex 44.319 -35.0968 22
    endloop
  endfacet
  facet normal 0.803208 0.595699 0
    outer loop
      vertex 44.319 -35.0968 6
      vertex 44.4944 -35.3333 22
      vertex 44.4944 -35.3333 6
    endloop
  endfacet
  facet normal -0.803208 0.595699 0
    outer loop
      vertex -44.4944 -35.3333 6
      vertex -44.319 -35.0968 22
      vertex -44.319 -35.0968 6
    endloop
  endfacet
  facet normal -0.803208 0.595699 0
    outer loop
      vertex -44.319 -35.0968 22
      vertex -44.4944 -35.3333 6
      vertex -44.4944 -35.3333 22
    endloop
  endfacet
  facet normal -0.989174 0.146746 0
    outer loop
      vertex -44.9856 -36.7059 0
      vertex -44.9424 -36.4147 22
      vertex -44.9424 -36.4147 0
    endloop
  endfacet
  facet normal -0.989174 0.146746 0
    outer loop
      vertex -44.9424 -36.4147 22
      vertex -44.9856 -36.7059 0
      vertex -44.9856 -36.7059 22
    endloop
  endfacet
  facet normal -0.595699 0.803208 0
    outer loop
      vertex -43.6667 -34.5056 6
      vertex -43.9032 -34.681 22
      vertex -43.6667 -34.5056 22
    endloop
  endfacet
  facet normal -0.595699 0.803208 0
    outer loop
      vertex -43.9032 -34.681 22
      vertex -43.6667 -34.5056 6
      vertex -43.9032 -34.681 6
    endloop
  endfacet
  facet normal 0.998803 -0.0489044 0
    outer loop
      vertex 44.9856 -37.2941 22
      vertex 45 -37 0
      vertex 45 -37 22
    endloop
  endfacet
  facet normal 0.998803 -0.0489044 0
    outer loop
      vertex 45 -37 0
      vertex 44.9856 -37.2941 22
      vertex 44.9856 -37.2941 0
    endloop
  endfacet
  facet normal -0.427269 -0.904125 0
    outer loop
      vertex -43.4142 -39.6458 0
      vertex -43.148 -39.7716 22
      vertex -43.4142 -39.6458 22
    endloop
  endfacet
  facet normal -0.427269 -0.904125 -0
    outer loop
      vertex -43.148 -39.7716 22
      vertex -43.4142 -39.6458 0
      vertex -43.148 -39.7716 0
    endloop
  endfacet
  facet normal 0.989174 0.146746 0
    outer loop
      vertex 44.9856 -36.7059 22
      vertex 44.9424 -36.4147 0
      vertex 44.9424 -36.4147 22
    endloop
  endfacet
  facet normal 0.989174 0.146746 0
    outer loop
      vertex 44.9424 -36.4147 0
      vertex 44.9856 -36.7059 22
      vertex 44.9856 -36.7059 0
    endloop
  endfacet
  facet normal 0 0 1
    outer loop
      vertex 44.9856 -36.7059 22
      vertex 44.9856 -37.2941 22
      vertex 45 -37 22
    endloop
  endfacet
  facet normal 0 0 1
    outer loop
      vertex 44.9424 -36.4147 22
      vertex 44.9856 -37.2941 22
      vertex 44.9856 -36.7059 22
    endloop
  endfacet
  facet normal 0 0 1
    outer loop
      vertex 44.9424 -36.4147 22
      vertex 44.9424 -37.5853 22
      vertex 44.9856 -37.2941 22
    endloop
  endfacet
  facet normal 0 0 1
    outer loop
      vertex 44.8708 -36.1291 22
      vertex 44.9424 -37.5853 22
      vertex 44.9424 -36.4147 22
    endloop
  endfacet
  facet normal 0 0 1
    outer loop
      vertex 44.8708 -36.1291 22
      vertex 44.8708 -37.8709 22
      vertex 44.9424 -37.5853 22
    endloop
  endfacet
  facet normal 0 0 1
    outer loop
      vertex 44.7716 -35.852 22
      vertex 44.8708 -37.8709 22
      vertex 44.8708 -36.1291 22
    endloop
  endfacet
  facet normal 0 0 1
    outer loop
      vertex 44.7716 -35.852 22
      vertex 44.7716 -38.148 22
      vertex 44.8708 -37.8709 22
    endloop
  endfacet
  facet normal 0 0 1
    outer loop
      vertex 44.6458 -35.5858 22
      vertex 44.7716 -38.148 22
      vertex 44.7716 -35.852 22
    endloop
  endfacet
  facet normal 0 0 1
    outer loop
      vertex 44.6458 -35.5858 22
      vertex 44.6458 -38.4142 22
      vertex 44.7716 -38.148 22
    endloop
  endfacet
  facet normal 0 0 1
    outer loop
      vertex 44.4944 -35.3333 22
      vertex 44.6458 -38.4142 22
      vertex 44.6458 -35.5858 22
    endloop
  endfacet
  facet normal 0 0 1
    outer loop
      vertex 44.4944 -35.3333 22
      vertex 44.4944 -38.6667 22
      vertex 44.6458 -38.4142 22
    endloop
  endfacet
  facet normal 0 0 1
    outer loop
      vertex 44.319 -35.0968 22
      vertex 44.4944 -38.6667 22
      vertex 44.4944 -35.3333 22
    endloop
  endfacet
  facet normal 0 0 1
    outer loop
      vertex 44.319 -35.0968 22
      vertex 44.319 -38.9032 22
      vertex 44.4944 -38.6667 22
    endloop
  endfacet
  facet normal 0 0 1
    outer loop
      vertex 44.1213 -34.8787 22
      vertex 44.319 -38.9032 22
      vertex 44.319 -35.0968 22
    endloop
  endfacet
  facet normal 0 0 1
    outer loop
      vertex 44.1213 -34.8787 22
      vertex 44.1213 -39.1213 22
      vertex 44.319 -38.9032 22
    endloop
  endfacet
  facet normal 0 0 1
    outer loop
      vertex 43.9032 -34.681 22
      vertex 44.1213 -39.1213 22
      vertex 44.1213 -34.8787 22
    endloop
  endfacet
  facet normal 0 0 1
    outer loop
      vertex 43.9032 -34.681 22
      vertex 43.9032 -39.319 22
      vertex 44.1213 -39.1213 22
    endloop
  endfacet
  facet normal 0 0 1
    outer loop
      vertex 43.6667 -34.5056 22
      vertex 43.9032 -39.319 22
      vertex 43.9032 -34.681 22
    endloop
  endfacet
  facet normal 0 0 1
    outer loop
      vertex 43.6667 -34.5056 22
      vertex 43.6667 -39.4944 22
      vertex 43.9032 -39.319 22
    endloop
  endfacet
  facet normal 0 0 1
    outer loop
      vertex 43.4142 -34.3542 22
      vertex 43.6667 -39.4944 22
      vertex 43.6667 -34.5056 22
    endloop
  endfacet
  facet normal 0 0 1
    outer loop
      vertex 43.4142 -34.3542 22
      vertex 43.4142 -39.6458 22
      vertex 43.6667 -39.4944 22
    endloop
  endfacet
  facet normal 0 0 1
    outer loop
      vertex 43.148 -34.2284 22
      vertex 43.4142 -39.6458 22
      vertex 43.4142 -34.3542 22
    endloop
  endfacet
  facet normal 0 0 1
    outer loop
      vertex 43.148 -34.2284 22
      vertex 43.148 -39.7716 22
      vertex 43.4142 -39.6458 22
    endloop
  endfacet
  facet normal 0 0 1
    outer loop
      vertex 42.8709 -34.1292 22
      vertex 43.148 -39.7716 22
      vertex 43.148 -34.2284 22
    endloop
  endfacet
  facet normal 0 0 1
    outer loop
      vertex 42.8709 -34.1292 22
      vertex 42.8709 -39.8708 22
      vertex 43.148 -39.7716 22
    endloop
  endfacet
  facet normal 0 0 1
    outer loop
      vertex 42.5853 -34.0576 22
      vertex 42.8709 -39.8708 22
      vertex 42.8709 -34.1292 22
    endloop
  endfacet
  facet normal 0 0 1
    outer loop
      vertex 42.5853 -34.0576 22
      vertex 42.5853 -39.9424 22
      vertex 42.8709 -39.8708 22
    endloop
  endfacet
  facet normal 0 0 1
    outer loop
      vertex 42.2941 -34.0144 22
      vertex 42.5853 -39.9424 22
      vertex 42.5853 -34.0576 22
    endloop
  endfacet
  facet normal 0 0 1
    outer loop
      vertex 42.2941 -34.0144 22
      vertex 42.2941 -39.9856 22
      vertex 42.5853 -39.9424 22
    endloop
  endfacet
  facet normal 0 0 1
    outer loop
      vertex 42 -34 22
      vertex 42.2941 -39.9856 22
      vertex 42.2941 -34.0144 22
    endloop
  endfacet
  facet normal 0 0 1
    outer loop
      vertex 42 -34 22
      vertex 42 -40 22
      vertex 42.2941 -39.9856 22
    endloop
  endfacet
  facet normal -0 0 1
    outer loop
      vertex -42 -34 22
      vertex 42 -40 22
      vertex 42 -34 22
    endloop
  endfacet
  facet normal 0 0 1
    outer loop
      vertex -42 -34 22
      vertex -42 -40 22
      vertex 42 -40 22
    endloop
  endfacet
  facet normal -0 0 1
    outer loop
      vertex -42.2941 -34.0144 22
      vertex -42 -40 22
      vertex -42 -34 22
    endloop
  endfacet
  facet normal 0 0 1
    outer loop
      vertex -42.2941 -34.0144 22
      vertex -42.2941 -39.9856 22
      vertex -42 -40 22
    endloop
  endfacet
  facet normal -0 0 1
    outer loop
      vertex -42.5853 -34.0576 22
      vertex -42.2941 -39.9856 22
      vertex -42.2941 -34.0144 22
    endloop
  endfacet
  facet normal 0 0 1
    outer loop
      vertex -42.5853 -34.0576 22
      vertex -42.5853 -39.9424 22
      vertex -42.2941 -39.9856 22
    endloop
  endfacet
  facet normal -0 0 1
    outer loop
      vertex -42.8709 -34.1292 22
      vertex -42.5853 -39.9424 22
      vertex -42.5853 -34.0576 22
    endloop
  endfacet
  facet normal 0 0 1
    outer loop
      vertex -42.8709 -34.1292 22
      vertex -42.8709 -39.8708 22
      vertex -42.5853 -39.9424 22
    endloop
  endfacet
  facet normal -0 0 1
    outer loop
      vertex -43.148 -34.2284 22
      vertex -42.8709 -39.8708 22
      vertex -42.8709 -34.1292 22
    endloop
  endfacet
  facet normal 0 0 1
    outer loop
      vertex -43.148 -34.2284 22
      vertex -43.148 -39.7716 22
      vertex -42.8709 -39.8708 22
    endloop
  endfacet
  facet normal -0 0 1
    outer loop
      vertex -43.4142 -34.3542 22
      vertex -43.148 -39.7716 22
      vertex -43.148 -34.2284 22
    endloop
  endfacet
  facet normal 0 0 1
    outer loop
      vertex -43.4142 -34.3542 22
      vertex -43.4142 -39.6458 22
      vertex -43.148 -39.7716 22
    endloop
  endfacet
  facet normal -0 0 1
    outer loop
      vertex -43.6667 -34.5056 22
      vertex -43.4142 -39.6458 22
      vertex -43.4142 -34.3542 22
    endloop
  endfacet
  facet normal 0 0 1
    outer loop
      vertex -43.6667 -34.5056 22
      vertex -43.6667 -39.4944 22
      vertex -43.4142 -39.6458 22
    endloop
  endfacet
  facet normal -0 0 1
    outer loop
      vertex -43.9032 -34.681 22
      vertex -43.6667 -39.4944 22
      vertex -43.6667 -34.5056 22
    endloop
  endfacet
  facet normal 0 0 1
    outer loop
      vertex -43.9032 -34.681 22
      vertex -43.9032 -39.319 22
      vertex -43.6667 -39.4944 22
    endloop
  endfacet
  facet normal -0 0 1
    outer loop
      vertex -44.1213 -34.8787 22
      vertex -43.9032 -39.319 22
      vertex -43.9032 -34.681 22
    endloop
  endfacet
  facet normal 0 0 1
    outer loop
      vertex -44.1213 -34.8787 22
      vertex -44.1213 -39.1213 22
      vertex -43.9032 -39.319 22
    endloop
  endfacet
  facet normal -0 0 1
    outer loop
      vertex -44.319 -35.0968 22
      vertex -44.1213 -39.1213 22
      vertex -44.1213 -34.8787 22
    endloop
  endfacet
  facet normal 0 0 1
    outer loop
      vertex -44.319 -35.0968 22
      vertex -44.319 -38.9032 22
      vertex -44.1213 -39.1213 22
    endloop
  endfacet
  facet normal -0 0 1
    outer loop
      vertex -44.4944 -35.3333 22
      vertex -44.319 -38.9032 22
      vertex -44.319 -35.0968 22
    endloop
  endfacet
  facet normal 0 0 1
    outer loop
      vertex -44.4944 -35.3333 22
      vertex -44.4944 -38.6667 22
      vertex -44.319 -38.9032 22
    endloop
  endfacet
  facet normal -0 0 1
    outer loop
      vertex -44.6458 -35.5858 22
      vertex -44.4944 -38.6667 22
      vertex -44.4944 -35.3333 22
    endloop
  endfacet
  facet normal 0 0 1
    outer loop
      vertex -44.6458 -35.5858 22
      vertex -44.6458 -38.4142 22
      vertex -44.4944 -38.6667 22
    endloop
  endfacet
  facet normal -0 0 1
    outer loop
      vertex -44.7716 -35.852 22
      vertex -44.6458 -38.4142 22
      vertex -44.6458 -35.5858 22
    endloop
  endfacet
  facet normal 0 0 1
    outer loop
      vertex -44.7716 -35.852 22
      vertex -44.7716 -38.148 22
      vertex -44.6458 -38.4142 22
    endloop
  endfacet
  facet normal -0 0 1
    outer loop
      vertex -44.8708 -36.1291 22
      vertex -44.7716 -38.148 22
      vertex -44.7716 -35.852 22
    endloop
  endfacet
  facet normal 0 0 1
    outer loop
      vertex -44.8708 -36.1291 22
      vertex -44.8708 -37.8709 22
      vertex -44.7716 -38.148 22
    endloop
  endfacet
  facet normal -0 0 1
    outer loop
      vertex -44.9424 -36.4147 22
      vertex -44.8708 -37.8709 22
      vertex -44.8708 -36.1291 22
    endloop
  endfacet
  facet normal 0 0 1
    outer loop
      vertex -44.9424 -36.4147 22
      vertex -44.9424 -37.5853 22
      vertex -44.8708 -37.8709 22
    endloop
  endfacet
  facet normal -0 0 1
    outer loop
      vertex -44.9856 -36.7059 22
      vertex -44.9424 -37.5853 22
      vertex -44.9424 -36.4147 22
    endloop
  endfacet
  facet normal 0 0 1
    outer loop
      vertex -44.9856 -36.7059 22
      vertex -44.9856 -37.2941 22
      vertex -44.9424 -37.5853 22
    endloop
  endfacet
  facet normal 0 -0 1
    outer loop
      vertex -44.9856 -37.2941 22
      vertex -44.9856 -36.7059 22
      vertex -45 -37 22
    endloop
  endfacet
  facet normal -0.146746 -0.989174 0
    outer loop
      vertex -42.5853 -39.9424 0
      vertex -42.2941 -39.9856 22
      vertex -42.5853 -39.9424 22
    endloop
  endfacet
  facet normal -0.146746 -0.989174 -0
    outer loop
      vertex -42.2941 -39.9856 22
      vertex -42.5853 -39.9424 0
      vertex -42.2941 -39.9856 0
    endloop
  endfacet
  facet normal 0.671607 0.740908 -0
    outer loop
      vertex 44.1213 -34.8787 6
      vertex 43.9032 -34.681 22
      vertex 44.1213 -34.8787 22
    endloop
  endfacet
  facet normal 0.671607 0.740908 0
    outer loop
      vertex 43.9032 -34.681 22
      vertex 44.1213 -34.8787 6
      vertex 43.9032 -34.681 6
    endloop
  endfacet
  facet normal 0.146746 0.989174 -0
    outer loop
      vertex 42.5853 -34.0576 6
      vertex 42.2941 -34.0144 22
      vertex 42.5853 -34.0576 22
    endloop
  endfacet
  facet normal 0.146746 0.989174 0
    outer loop
      vertex 42.2941 -34.0144 22
      vertex 42.5853 -34.0576 6
      vertex 42.2941 -34.0144 6
    endloop
  endfacet
  facet normal 0.0489044 0.998803 -0
    outer loop
      vertex 42.2941 -34.0144 6
      vertex 42 -34 22
      vertex 42.2941 -34.0144 22
    endloop
  endfacet
  facet normal 0.0489044 0.998803 0
    outer loop
      vertex 42 -34 22
      vertex 42.2941 -34.0144 6
      vertex 42 -34 6
    endloop
  endfacet
  facet normal 0.740908 0.671607 0
    outer loop
      vertex 44.319 -35.0968 22
      vertex 44.1213 -34.8787 6
      vertex 44.1213 -34.8787 22
    endloop
  endfacet
  facet normal 0.740908 0.671607 0
    outer loop
      vertex 44.1213 -34.8787 6
      vertex 44.319 -35.0968 22
      vertex 44.319 -35.0968 6
    endloop
  endfacet
  facet normal -0.243175 -0.969982 0
    outer loop
      vertex -42.8709 -39.8708 0
      vertex -42.5853 -39.9424 22
      vertex -42.8709 -39.8708 22
    endloop
  endfacet
  facet normal -0.243175 -0.969982 -0
    outer loop
      vertex -42.5853 -39.9424 22
      vertex -42.8709 -39.8708 0
      vertex -42.5853 -39.9424 0
    endloop
  endfacet
  facet normal -0.243175 0.969982 0
    outer loop
      vertex -42.5853 -34.0576 6
      vertex -42.8709 -34.1292 22
      vertex -42.5853 -34.0576 22
    endloop
  endfacet
  facet normal -0.243175 0.969982 0
    outer loop
      vertex -42.8709 -34.1292 22
      vertex -42.5853 -34.0576 6
      vertex -42.8709 -34.1292 6
    endloop
  endfacet
  facet normal -0.146746 0.989174 0
    outer loop
      vertex -42.2941 -34.0144 6
      vertex -42.5853 -34.0576 22
      vertex -42.2941 -34.0144 22
    endloop
  endfacet
  facet normal -0.146746 0.989174 0
    outer loop
      vertex -42.5853 -34.0576 22
      vertex -42.2941 -34.0144 6
      vertex -42.5853 -34.0576 6
    endloop
  endfacet
  facet normal -0.740908 -0.671607 0
    outer loop
      vertex -44.1213 -39.1213 0
      vertex -44.319 -38.9032 22
      vertex -44.319 -38.9032 0
    endloop
  endfacet
  facet normal -0.740908 -0.671607 0
    outer loop
      vertex -44.319 -38.9032 22
      vertex -44.1213 -39.1213 0
      vertex -44.1213 -39.1213 22
    endloop
  endfacet
  facet normal 0.803208 -0.595699 0
    outer loop
      vertex 44.319 -38.9032 22
      vertex 44.4944 -38.6667 0
      vertex 44.4944 -38.6667 22
    endloop
  endfacet
  facet normal 0.803208 -0.595699 0
    outer loop
      vertex 44.4944 -38.6667 0
      vertex 44.319 -38.9032 22
      vertex 44.319 -38.9032 0
    endloop
  endfacet
  facet normal 0.514246 -0.857643 0
    outer loop
      vertex 43.4142 -39.6458 0
      vertex 43.6667 -39.4944 22
      vertex 43.4142 -39.6458 22
    endloop
  endfacet
  facet normal 0.514246 -0.857643 0
    outer loop
      vertex 43.6667 -39.4944 22
      vertex 43.4142 -39.6458 0
      vertex 43.6667 -39.4944 0
    endloop
  endfacet
  facet normal 0.595699 -0.803208 0
    outer loop
      vertex 43.6667 -39.4944 0
      vertex 43.9032 -39.319 22
      vertex 43.6667 -39.4944 22
    endloop
  endfacet
  facet normal 0.595699 -0.803208 0
    outer loop
      vertex 43.9032 -39.319 22
      vertex 43.6667 -39.4944 0
      vertex 43.9032 -39.319 0
    endloop
  endfacet
  facet normal -0.514246 0.857643 0
    outer loop
      vertex -43.4142 -34.3542 6
      vertex -43.6667 -34.5056 22
      vertex -43.4142 -34.3542 22
    endloop
  endfacet
  facet normal -0.514246 0.857643 0
    outer loop
      vertex -43.6667 -34.5056 22
      vertex -43.4142 -34.3542 6
      vertex -43.6667 -34.5056 6
    endloop
  endfacet
  facet normal 0.857643 -0.514246 0
    outer loop
      vertex 44.4944 -38.6667 22
      vertex 44.6458 -38.4142 0
      vertex 44.6458 -38.4142 22
    endloop
  endfacet
  facet normal 0.857643 -0.514246 0
    outer loop
      vertex 44.6458 -38.4142 0
      vertex 44.4944 -38.6667 22
      vertex 44.4944 -38.6667 0
    endloop
  endfacet
  facet normal 0.337047 -0.941488 0
    outer loop
      vertex 42.8709 -39.8708 0
      vertex 43.148 -39.7716 22
      vertex 42.8709 -39.8708 22
    endloop
  endfacet
  facet normal 0.337047 -0.941488 0
    outer loop
      vertex 43.148 -39.7716 22
      vertex 42.8709 -39.8708 0
      vertex 43.148 -39.7716 0
    endloop
  endfacet
  facet normal -0.595699 -0.803208 0
    outer loop
      vertex -43.9032 -39.319 0
      vertex -43.6667 -39.4944 22
      vertex -43.9032 -39.319 22
    endloop
  endfacet
  facet normal -0.595699 -0.803208 -0
    outer loop
      vertex -43.6667 -39.4944 22
      vertex -43.9032 -39.319 0
      vertex -43.6667 -39.4944 0
    endloop
  endfacet
  facet normal -0.671607 -0.740908 0
    outer loop
      vertex -44.1213 -39.1213 0
      vertex -43.9032 -39.319 22
      vertex -44.1213 -39.1213 22
    endloop
  endfacet
  facet normal -0.671607 -0.740908 -0
    outer loop
      vertex -43.9032 -39.319 22
      vertex -44.1213 -39.1213 0
      vertex -43.9032 -39.319 0
    endloop
  endfacet
  facet normal 0.904125 -0.427269 0
    outer loop
      vertex 44.6458 -38.4142 22
      vertex 44.7716 -38.148 0
      vertex 44.7716 -38.148 22
    endloop
  endfacet
  facet normal 0.904125 -0.427269 0
    outer loop
      vertex 44.7716 -38.148 0
      vertex 44.6458 -38.4142 22
      vertex 44.6458 -38.4142 0
    endloop
  endfacet
  facet normal -0.969982 -0.243175 0
    outer loop
      vertex -44.8708 -37.8709 0
      vertex -44.9424 -37.5853 22
      vertex -44.9424 -37.5853 0
    endloop
  endfacet
  facet normal -0.969982 -0.243175 0
    outer loop
      vertex -44.9424 -37.5853 22
      vertex -44.8708 -37.8709 0
      vertex -44.8708 -37.8709 22
    endloop
  endfacet
  facet normal -0.998803 -0.0489044 0
    outer loop
      vertex -44.9856 -37.2941 0
      vertex -45 -37 22
      vertex -45 -37 0
    endloop
  endfacet
  facet normal -0.998803 -0.0489044 0
    outer loop
      vertex -45 -37 22
      vertex -44.9856 -37.2941 0
      vertex -44.9856 -37.2941 22
    endloop
  endfacet
  facet normal -0.989174 -0.146746 0
    outer loop
      vertex -44.9424 -37.5853 0
      vertex -44.9856 -37.2941 22
      vertex -44.9856 -37.2941 0
    endloop
  endfacet
  facet normal -0.989174 -0.146746 0
    outer loop
      vertex -44.9856 -37.2941 22
      vertex -44.9424 -37.5853 0
      vertex -44.9424 -37.5853 22
    endloop
  endfacet
  facet normal 0.998803 0.0489044 0
    outer loop
      vertex 45 -37 22
      vertex 44.9856 -36.7059 0
      vertex 44.9856 -36.7059 22
    endloop
  endfacet
  facet normal 0.998803 0.0489044 0
    outer loop
      vertex 44.9856 -36.7059 0
      vertex 45 -37 22
      vertex 45 -37 0
    endloop
  endfacet
  facet normal 0.904111 0.427299 0
    outer loop
      vertex 44.6458 -35.5858 22
      vertex 44.7321 -35.7684 6
      vertex 44.6458 -35.5858 6
    endloop
  endfacet
  facet normal 0.904125 0.427269 4.20306e-07
    outer loop
      vertex 44.7716 -35.852 22
      vertex 44.7321 -35.7684 6
      vertex 44.6458 -35.5858 22
    endloop
  endfacet
  facet normal 0.904156 0.427203 -0
    outer loop
      vertex 44.7716 -35.852 0
      vertex 44.7321 -35.7684 6
      vertex 44.7716 -35.852 22
    endloop
  endfacet
  facet normal 0.904156 0.427203 0
    outer loop
      vertex 44.7321 -35.7684 6
      vertex 44.7716 -35.852 0
      vertex 44.7321 -35.7684 0
    endloop
  endfacet
  facet normal 0.243175 -0.969982 0
    outer loop
      vertex 42.5853 -39.9424 0
      vertex 42.8709 -39.8708 22
      vertex 42.5853 -39.9424 22
    endloop
  endfacet
  facet normal 0.243175 -0.969982 0
    outer loop
      vertex 42.8709 -39.8708 22
      vertex 42.5853 -39.9424 0
      vertex 42.8709 -39.8708 0
    endloop
  endfacet
  facet normal 0.146746 -0.989174 0
    outer loop
      vertex 42.2941 -39.9856 0
      vertex 42.5853 -39.9424 22
      vertex 42.2941 -39.9856 22
    endloop
  endfacet
  facet normal 0.146746 -0.989174 0
    outer loop
      vertex 42.5853 -39.9424 22
      vertex 42.2941 -39.9856 0
      vertex 42.5853 -39.9424 0
    endloop
  endfacet
  facet normal -0.514246 -0.857643 0
    outer loop
      vertex -43.6667 -39.4944 0
      vertex -43.4142 -39.6458 22
      vertex -43.6667 -39.4944 22
    endloop
  endfacet
  facet normal -0.514246 -0.857643 -0
    outer loop
      vertex -43.4142 -39.6458 22
      vertex -43.6667 -39.4944 0
      vertex -43.4142 -39.6458 0
    endloop
  endfacet
  facet normal -0.671607 0.740908 0
    outer loop
      vertex -43.9032 -34.681 6
      vertex -44.1213 -34.8787 22
      vertex -43.9032 -34.681 22
    endloop
  endfacet
  facet normal -0.671607 0.740908 0
    outer loop
      vertex -44.1213 -34.8787 22
      vertex -43.9032 -34.681 6
      vertex -44.1213 -34.8787 6
    endloop
  endfacet
  facet normal 0.427269 0.904125 -0
    outer loop
      vertex 43.4142 -34.3542 6
      vertex 43.148 -34.2284 22
      vertex 43.4142 -34.3542 22
    endloop
  endfacet
  facet normal 0.427269 0.904125 0
    outer loop
      vertex 43.148 -34.2284 22
      vertex 43.4142 -34.3542 6
      vertex 43.148 -34.2284 6
    endloop
  endfacet
  facet normal 0.671607 -0.740908 0
    outer loop
      vertex 43.9032 -39.319 0
      vertex 44.1213 -39.1213 22
      vertex 43.9032 -39.319 22
    endloop
  endfacet
  facet normal 0.671607 -0.740908 0
    outer loop
      vertex 44.1213 -39.1213 22
      vertex 43.9032 -39.319 0
      vertex 44.1213 -39.1213 0
    endloop
  endfacet
  facet normal 0.941488 0.337047 0
    outer loop
      vertex 44.8708 -36.1291 22
      vertex 44.7716 -35.852 0
      vertex 44.7716 -35.852 22
    endloop
  endfacet
  facet normal 0.941488 0.337047 0
    outer loop
      vertex 44.7716 -35.852 0
      vertex 44.8708 -36.1291 22
      vertex 44.8708 -36.1291 0
    endloop
  endfacet
  facet normal -0.0489044 0.998803 0
    outer loop
      vertex -42 -34 6
      vertex -42.2941 -34.0144 22
      vertex -42 -34 22
    endloop
  endfacet
  facet normal -0.0489044 0.998803 0
    outer loop
      vertex -42.2941 -34.0144 22
      vertex -42 -34 6
      vertex -42.2941 -34.0144 6
    endloop
  endfacet
  facet normal 0.941488 -0.337047 0
    outer loop
      vertex 44.7716 -38.148 22
      vertex 44.8708 -37.8709 0
      vertex 44.8708 -37.8709 22
    endloop
  endfacet
  facet normal 0.941488 -0.337047 0
    outer loop
      vertex 44.8708 -37.8709 0
      vertex 44.7716 -38.148 22
      vertex 44.7716 -38.148 0
    endloop
  endfacet
  facet normal 0.336862 -0.831332 -0.442053
    outer loop
      vertex 42.8753 30.7504 0
      vertex 43.148 31.5528 -1.3012
      vertex 43.148 30.8609 0
    endloop
  endfacet
  facet normal 0.337075 -0.831285 -0.441979
    outer loop
      vertex 43.148 31.5528 -1.3012
      vertex 42.8753 30.7504 0
      vertex 42.8709 31.4652 -1.34777
    endloop
  endfacet
  facet normal 0.336933 -0.83132 -0.442021
    outer loop
      vertex 43.148 -13.047 82.5788
      vertex 42.8951 27.5682 6
      vertex 43.148 27.6707 6
    endloop
  endfacet
  facet normal -0.671662 0.654138 0.347812
    outer loop
      vertex -44.1213 33.2123 6
      vertex -44.1213 -8.72678 84.8759
      vertex -43.916 33.4231 6
    endloop
  endfacet
  facet normal 7.58254e-05 -0.469392 0.88299
    outer loop
      vertex 42.5853 -8.00185 85.2614
      vertex 42.2941 -7.96371 85.2817
      vertex 42.8709 -8.06501 85.2278
    endloop
  endfacet
  facet normal 0.000227045 0.469303 -0.883037
    outer loop
      vertex 44.319 32.3196 -0.893488
      vertex 44.1213 32.127 -0.995899
      vertex 44.4944 32.5284 -0.782473
    endloop
  endfacet
  facet normal 0.740654 -0.593242 -0.315431
    outer loop
      vertex 44.319 -12.2802 82.9865
      vertex 44.1213 28.4072 6
      vertex 44.1378 28.4278 6
    endloop
  endfacet
  facet normal 0.740953 -0.592949 -0.315277
    outer loop
      vertex 44.1213 28.4072 6
      vertex 44.319 -12.2802 82.9865
      vertex 44.1213 -12.4728 82.8841
    endloop
  endfacet
  facet normal 0.729614 -0.603819 -0.321039
    outer loop
      vertex 44.1237 31.6004 0
      vertex 44.1213 31.5975 0
      vertex 44.1213 32.127 -0.995899
    endloop
  endfacet
  facet normal 0.740961 -0.592935 -0.315285
    outer loop
      vertex 44.319 31.8445 0
      vertex 44.1213 32.127 -0.995899
      vertex 44.319 32.3196 -0.893488
    endloop
  endfacet
  facet normal 0.741014 -0.592872 -0.315278
    outer loop
      vertex 44.1213 32.127 -0.995899
      vertex 44.319 31.8445 0
      vertex 44.1237 31.6004 0
    endloop
  endfacet
  facet normal 0.741058 -0.592847 -0.315223
    outer loop
      vertex 44.319 -12.2802 82.9865
      vertex 44.1378 28.4278 6
      vertex 44.319 28.6543 6
    endloop
  endfacet
  facet normal 0.67168 -0.654123 -0.347804
    outer loop
      vertex 44.1187 31.5948 0
      vertex 43.9032 31.9524 -1.08872
      vertex 44.1213 32.127 -0.995899
    endloop
  endfacet
  facet normal 0.671705 -0.6541 -0.347802
    outer loop
      vertex 43.9032 31.9524 -1.08872
      vertex 44.1187 31.5948 0
      vertex 43.9032 31.3735 0
    endloop
  endfacet
  facet normal 0.671563 -0.654218 -0.347854
    outer loop
      vertex 44.1031 28.3885 6
      vertex 43.9032 -12.6474 82.7913
      vertex 43.9032 28.1833 6
    endloop
  endfacet
  facet normal -0.0489241 -0.88189 -0.468909
    outer loop
      vertex -42.2941 27.4284 6
      vertex -42 -13.2486 82.4716
      vertex -42.2941 -13.2359 82.4784
    endloop
  endfacet
  facet normal -0.0474896 -0.881949 -0.468946
    outer loop
      vertex -42 -13.2486 82.4716
      vertex -42.2941 27.4284 6
      vertex -42.2681 27.427 6
    endloop
  endfacet
  facet normal -0.0529036 -0.881727 -0.468785
    outer loop
      vertex -42.2891 30.6184 0
      vertex -42.2941 30.6187 0
      vertex -42.2941 31.3639 -1.40163
    endloop
  endfacet
  facet normal 0.803152 0.526038 0.279699
    outer loop
      vertex 44.319 -8.91939 84.7735
      vertex 44.4944 32.6974 6
      vertex 44.319 32.9652 6
    endloop
  endfacet
  facet normal 0.803162 0.526025 0.279692
    outer loop
      vertex 44.4944 32.6974 6
      vertex 44.319 -8.91939 84.7735
      vertex 44.4944 -9.12818 84.6625
    endloop
  endfacet
  facet normal 0 -0.46945 0.882959
    outer loop
      vertex -42 -7.95096 85.2884
      vertex 44.9424 -11.1166 83.6053
      vertex 42 -7.95096 85.2884
    endloop
  endfacet
  facet normal 0 -0.46945 0.882959
    outer loop
      vertex 44.9424 -11.1166 83.6053
      vertex -42 -7.95096 85.2884
      vertex -44.9424 -11.1166 83.6053
    endloop
  endfacet
  facet normal 0 -0.469509 0.882928
    outer loop
      vertex 44.9424 -11.1166 83.6053
      vertex -42.8709 -13.1346 82.5322
      vertex 42.8709 -13.1346 82.5322
    endloop
  endfacet
  facet normal 0 -0.469509 0.882928
    outer loop
      vertex -42.8709 -13.1346 82.5322
      vertex 44.9424 -11.1166 83.6053
      vertex -44.9424 -11.1166 83.6053
    endloop
  endfacet
  facet normal -0.000797479 -0.469419 0.882975
    outer loop
      vertex -44.9424 -10.083 84.1548
      vertex -45 -10.5998 83.88
      vertex -44.8708 -9.83088 84.2889
    endloop
  endfacet
  facet normal -0.000772746 -0.469422 0.882974
    outer loop
      vertex -44.8708 -9.83088 84.2889
      vertex -45 -10.5998 83.88
      vertex -44.9424 -11.1166 83.6053
    endloop
  endfacet
  facet normal -0.000502732 -0.469736 0.882807
    outer loop
      vertex -44.7716 -11.6135 83.341
      vertex -44.9424 -11.1166 83.6053
      vertex -44.8708 -11.3687 83.4712
    endloop
  endfacet
  facet normal 0.000236394 -0.469632 0.882862
    outer loop
      vertex 44.9424 -11.1166 83.6053
      vertex 43.6667 -12.8022 82.709
      vertex 44.1213 -12.4728 82.8841
    endloop
  endfacet
  facet normal 0.0493401 -0.881873 -0.468899
    outer loop
      vertex 42.2681 27.427 6
      vertex 42 -13.2486 82.4716
      vertex 42 27.412 6
    endloop
  endfacet
  facet normal 0.0491126 -0.881892 -0.468886
    outer loop
      vertex 42 30.6023 0
      vertex 42.2941 31.3639 -1.40163
      vertex 42.2891 30.6184 0
    endloop
  endfacet
  facet normal 0.0488923 -0.881883 -0.468927
    outer loop
      vertex 42.2941 31.3639 -1.40163
      vertex 42 30.6023 0
      vertex 42 31.3512 -1.40841
    endloop
  endfacet
  facet normal -0.904219 -0.377079 -0.200497
    outer loop
      vertex -44.7618 29.486 6
      vertex -44.7716 -11.6135 83.341
      vertex -44.7716 29.5095 6
    endloop
  endfacet
  facet normal -0.904081 -0.377337 -0.200634
    outer loop
      vertex -44.7716 -11.6135 83.341
      vertex -44.7618 29.486 6
      vertex -44.6458 -11.8485 83.2161
    endloop
  endfacet
  facet normal -0.910896 -0.364358 -0.19368
    outer loop
      vertex -44.7708 32.6978 0
      vertex -44.7716 32.6998 0
      vertex -44.7716 32.9863 -0.538976
    endloop
  endfacet
  facet normal 0 -0.882948 -0.469471
    outer loop
      vertex -42 27.412 6
      vertex 42 -13.2486 82.4716
      vertex -42 -13.2486 82.4716
    endloop
  endfacet
  facet normal 0 -0.882948 -0.469471
    outer loop
      vertex 42 -13.2486 82.4716
      vertex -42 27.412 6
      vertex 42 27.412 6
    endloop
  endfacet
  facet normal 0 -0.882938 -0.469489
    outer loop
      vertex -42 31.3512 -1.40841
      vertex 42 30.6023 0
      vertex -42 30.6023 0
    endloop
  endfacet
  facet normal 0 -0.882938 -0.469489
    outer loop
      vertex 42 30.6023 0
      vertex -42 31.3512 -1.40841
      vertex 42 31.3512 -1.40841
    endloop
  endfacet
  facet normal 0.0474896 -0.881949 -0.468946
    outer loop
      vertex 42.2941 27.4284 6
      vertex 42 -13.2486 82.4716
      vertex 42.2681 27.427 6
    endloop
  endfacet
  facet normal 0.0489241 -0.88189 -0.468909
    outer loop
      vertex 42 -13.2486 82.4716
      vertex 42.2941 27.4284 6
      vertex 42.2941 -13.2359 82.4784
    endloop
  endfacet
  facet normal 0.0529036 -0.881727 -0.468785
    outer loop
      vertex 42.2941 30.6187 0
      vertex 42.2891 30.6184 0
      vertex 42.2941 31.3639 -1.40163
    endloop
  endfacet
  facet normal -0.0003649 0.471076 -0.882093
    outer loop
      vertex 42.5853 31.4021 -1.38135
      vertex 42.2941 31.3639 -1.40163
      vertex 42.8709 31.4652 -1.34777
    endloop
  endfacet
  facet normal 4.5481e-05 -0.46939 0.882991
    outer loop
      vertex 44.319 -8.91939 84.7735
      vertex 44.1213 -8.72678 84.8759
      vertex 44.4944 -9.12818 84.6625
    endloop
  endfacet
  facet normal -0.000682742 -0.469155 0.883116
    outer loop
      vertex -44.7716 -9.58613 84.419
      vertex -44.8708 -9.83088 84.2889
      vertex -44.4944 -9.12818 84.6625
    endloop
  endfacet
  facet normal -0.595745 0.70916 0.377067
    outer loop
      vertex -43.6667 33.6348 6
      vertex -43.8893 33.4478 6
      vertex -43.6667 -8.39737 85.0511
    endloop
  endfacet
  facet normal 4.70672e-05 -0.469502 0.882932
    outer loop
      vertex -42.8709 -8.06501 85.2278
      vertex -44.8708 -9.83088 84.2889
      vertex -42 -7.95096 85.2884
    endloop
  endfacet
  facet normal -0.000228673 -0.467908 0.883777
    outer loop
      vertex 42.5853 -13.1977 82.4987
      vertex 42 -13.2486 82.4716
      vertex 42.2941 -13.2359 82.4784
    endloop
  endfacet
  facet normal 0.00048556 -0.468855 0.883275
    outer loop
      vertex -43.6667 -12.8022 82.709
      vertex -44.1213 -12.4728 82.8841
      vertex -43.9032 -12.6474 82.7913
    endloop
  endfacet
  facet normal 0.0003649 0.471076 -0.882093
    outer loop
      vertex -42.5853 31.4021 -1.38135
      vertex -42.8709 31.4652 -1.34777
      vertex -42.2941 31.3639 -1.40163
    endloop
  endfacet
  facet normal 0.000226703 -0.469627 0.882865
    outer loop
      vertex 44.9424 -11.1166 83.6053
      vertex 44.1213 -12.4728 82.8841
      vertex 44.319 -12.2802 82.9865
    endloop
  endfacet
  facet normal -8.9804e-06 -0.469456 0.882956
    outer loop
      vertex 44.8708 -9.83088 84.2889
      vertex 42 -7.95096 85.2884
      vertex 44.9424 -11.1166 83.6053
    endloop
  endfacet
  facet normal -0.803152 0.526038 0.279699
    outer loop
      vertex -44.4944 32.6974 6
      vertex -44.319 -8.91939 84.7735
      vertex -44.319 32.9652 6
    endloop
  endfacet
  facet normal -0.803162 0.526025 0.279692
    outer loop
      vertex -44.319 -8.91939 84.7735
      vertex -44.4944 32.6974 6
      vertex -44.4944 -9.12818 84.6625
    endloop
  endfacet
  facet normal -0.0491872 0.881879 0.468904
    outer loop
      vertex -42 34.2075 6
      vertex -42.2779 34.192 6
      vertex -42 -7.95096 85.2884
    endloop
  endfacet
  facet normal 0.512477 -0.758185 -0.403141
    outer loop
      vertex 43.6667 27.9846 6
      vertex 43.4142 -12.9359 82.6379
      vertex 43.6451 27.97 6
    endloop
  endfacet
  facet normal 0.51432 -0.757215 -0.402617
    outer loop
      vertex 43.4142 -12.9359 82.6379
      vertex 43.6667 27.9846 6
      vertex 43.6667 -12.8022 82.709
    endloop
  endfacet
  facet normal 0.517914 -0.755291 -0.401622
    outer loop
      vertex 43.6667 31.1749 0
      vertex 43.6632 31.1725 0
      vertex 43.6667 31.7976 -1.17105
    endloop
  endfacet
  facet normal 0.000191749 -0.468239 0.883602
    outer loop
      vertex -42 -13.2486 82.4716
      vertex -42.8709 -13.1346 82.5322
      vertex -42.5853 -13.1977 82.4987
    endloop
  endfacet
  facet normal -0.000288204 -0.469101 0.883144
    outer loop
      vertex 43.6667 -12.8022 82.709
      vertex 43.148 -13.047 82.5788
      vertex 43.4142 -12.9359 82.6379
    endloop
  endfacet
  facet normal -0.000191749 -0.468239 0.883602
    outer loop
      vertex 42.8709 -13.1346 82.5322
      vertex 42 -13.2486 82.4716
      vertex 42.5853 -13.1977 82.4987
    endloop
  endfacet
  facet normal 0.671907 -0.653942 -0.347707
    outer loop
      vertex 44.1213 -12.4728 82.8841
      vertex 44.1031 28.3885 6
      vertex 44.1213 28.4072 6
    endloop
  endfacet
  facet normal 0.671662 -0.654139 -0.347812
    outer loop
      vertex 44.1031 28.3885 6
      vertex 44.1213 -12.4728 82.8841
      vertex 43.9032 -12.6474 82.7913
    endloop
  endfacet
  facet normal 0.675825 -0.650795 -0.346015
    outer loop
      vertex 44.1213 31.5975 0
      vertex 44.1187 31.5948 0
      vertex 44.1213 32.127 -0.995899
    endloop
  endfacet
  facet normal 0.000738258 -0.469419 0.882975
    outer loop
      vertex 45 -10.5998 83.88
      vertex 44.9424 -11.1166 83.6053
      vertex 44.9856 -10.8594 83.742
    endloop
  endfacet
  facet normal 0 0.469474 -0.882946
    outer loop
      vertex 44.8803 34 0
      vertex 44.1213 32.127 -0.995899
      vertex 44.5433 34 0
    endloop
  endfacet
  facet normal 0.336913 0.831327 0.442024
    outer loop
      vertex 43.148 33.9488 6
      vertex 42.8862 34.0549 6
      vertex 43.148 -8.15259 85.1812
    endloop
  endfacet
  facet normal -0.0037609 -0.469812 0.882759
    outer loop
      vertex 44.9856 -10.3402 84.0181
      vertex 44.9424 -10.083 84.1548
      vertex 45 -10.5998 83.88
    endloop
  endfacet
  facet normal 8.9804e-06 -0.469456 0.882956
    outer loop
      vertex -44.8708 -9.83088 84.2889
      vertex -44.9424 -11.1166 83.6053
      vertex -42 -7.95096 85.2884
    endloop
  endfacet
  facet normal -7.3668e-05 -0.469395 0.882988
    outer loop
      vertex -44.1213 -8.72678 84.8759
      vertex -44.8708 -9.83088 84.2889
      vertex -42.8709 -8.06501 85.2278
    endloop
  endfacet
  facet normal -0.0489147 0.881891 0.468909
    outer loop
      vertex -42.2779 34.192 6
      vertex -42.2941 -7.96371 85.2817
      vertex -42 -7.95096 85.2884
    endloop
  endfacet
  facet normal -0.0489937 0.881887 0.468908
    outer loop
      vertex -42.2941 -7.96371 85.2817
      vertex -42.2779 34.192 6
      vertex -42.2941 34.1911 6
    endloop
  endfacet
  facet normal -0.427481 0.798206 0.424414
    outer loop
      vertex -43.148 33.9488 6
      vertex -43.4142 -8.26373 85.1221
      vertex -43.148 -8.15259 85.1812
    endloop
  endfacet
  facet normal -0.427324 0.798271 0.424449
    outer loop
      vertex -43.4142 -8.26373 85.1221
      vertex -43.148 33.9488 6
      vertex -43.4142 33.8063 6
    endloop
  endfacet
  facet normal 0.000180646 -0.469769 0.882789
    outer loop
      vertex -43.6667 -8.39737 85.0511
      vertex -44.1213 -8.72678 84.8759
      vertex -42.8709 -8.06501 85.2278
    endloop
  endfacet
  facet normal -0.514239 -0.757257 -0.402641
    outer loop
      vertex -43.4142 -12.9359 82.6379
      vertex -43.6451 27.97 6
      vertex -43.4142 27.8132 6
    endloop
  endfacet
  facet normal -0.514026 -0.757352 -0.402734
    outer loop
      vertex -43.6667 31.7976 -1.17105
      vertex -43.4142 31.0035 0
      vertex -43.6632 31.1725 0
    endloop
  endfacet
  facet normal -0.514273 -0.75725 -0.402612
    outer loop
      vertex -43.4142 31.0035 0
      vertex -43.6667 31.7976 -1.17105
      vertex -43.4142 31.6639 -1.24211
    endloop
  endfacet
  facet normal -0.000236394 -0.469632 0.882862
    outer loop
      vertex -43.6667 -12.8022 82.709
      vertex -44.9424 -11.1166 83.6053
      vertex -44.1213 -12.4728 82.8841
    endloop
  endfacet
  facet normal -0.969627 0.215962 0.114824
    outer loop
      vertex -44.9424 31.4726 6
      vertex -44.8708 -9.83088 84.2889
      vertex -44.9375 31.4946 6
    endloop
  endfacet
  facet normal -0.969975 0.214736 0.114177
    outer loop
      vertex -44.8708 -9.83088 84.2889
      vertex -44.9424 31.4726 6
      vertex -44.9424 -10.083 84.1548
    endloop
  endfacet
  facet normal -0.940273 -0.300579 -0.159807
    outer loop
      vertex -44.7716 29.5095 6
      vertex -44.8708 -11.3687 83.4712
      vertex -44.7794 29.5339 6
    endloop
  endfacet
  facet normal -0.941554 -0.297432 -0.158148
    outer loop
      vertex -44.8708 -11.3687 83.4712
      vertex -44.7716 29.5095 6
      vertex -44.7716 -11.6135 83.341
    endloop
  endfacet
  facet normal -0.929634 -0.325372 -0.172956
    outer loop
      vertex -44.7716 32.6998 0
      vertex -44.7723 32.7018 0
      vertex -44.7716 32.9863 -0.538976
    endloop
  endfacet
  facet normal 0.941542 -0.297456 -0.158172
    outer loop
      vertex 44.8708 33.0137 0
      vertex 44.7716 32.9863 -0.538976
      vertex 44.8708 33.2311 -0.40884
    endloop
  endfacet
  facet normal 0.941572 -0.297355 -0.158182
    outer loop
      vertex 44.7716 32.9863 -0.538976
      vertex 44.8708 33.0137 0
      vertex 44.7723 32.7018 0
    endloop
  endfacet
  facet normal 0.941614 -0.297283 -0.158068
    outer loop
      vertex 44.8708 -11.3687 83.4712
      vertex 44.7794 29.5339 6
      vertex 44.8708 29.8234 6
    endloop
  endfacet
  facet normal 0.946838 -0.284051 -0.151036
    outer loop
      vertex 44.9424 33.3371 0
      vertex 44.9421 33.3361 0
      vertex 44.9424 33.4832 -0.274768
    endloop
  endfacet
  facet normal 0.969757 -0.215502 -0.114584
    outer loop
      vertex 44.9424 -11.1166 83.6053
      vertex 44.937 30.1226 6
      vertex 44.9424 30.1469 6
    endloop
  endfacet
  facet normal 0.969972 -0.214748 -0.114184
    outer loop
      vertex 44.937 30.1226 6
      vertex 44.9424 -11.1166 83.6053
      vertex 44.8708 -11.3687 83.4712
    endloop
  endfacet
  facet normal 0.904056 0.377384 0.200659
    outer loop
      vertex 44.7716 32.11 6
      vertex 44.6538 32.3922 6
      vertex 44.7716 -9.58613 84.419
    endloop
  endfacet
  facet normal -8.51585e-05 -0.469436 0.882966
    outer loop
      vertex 43.6667 -12.8022 82.709
      vertex 42.8709 -13.1346 82.5322
      vertex 43.148 -13.047 82.5788
    endloop
  endfacet
  facet normal -8.0812e-05 -0.469445 0.882962
    outer loop
      vertex 44.9424 -11.1166 83.6053
      vertex 42.8709 -13.1346 82.5322
      vertex 43.6667 -12.8022 82.709
    endloop
  endfacet
  facet normal 0 0.469476 -0.882945
    outer loop
      vertex -43.6667 31.7976 -1.17105
      vertex 44.4234 34 0
      vertex 43.6667 31.7976 -1.17105
    endloop
  endfacet
  facet normal 0 0.469476 -0.882945
    outer loop
      vertex 44.4234 34 0
      vertex -43.6667 31.7976 -1.17105
      vertex -44.4234 34 0
    endloop
  endfacet
  facet normal -0.740654 -0.593242 -0.315431
    outer loop
      vertex -44.1213 28.4072 6
      vertex -44.319 -12.2802 82.9865
      vertex -44.1378 28.4278 6
    endloop
  endfacet
  facet normal -0.740953 -0.592949 -0.315277
    outer loop
      vertex -44.319 -12.2802 82.9865
      vertex -44.1213 28.4072 6
      vertex -44.1213 -12.4728 82.8841
    endloop
  endfacet
  facet normal -0.729614 -0.603819 -0.321039
    outer loop
      vertex -44.1213 31.5975 0
      vertex -44.1237 31.6004 0
      vertex -44.1213 32.127 -0.995899
    endloop
  endfacet
  facet normal -0.671907 -0.653942 -0.347707
    outer loop
      vertex -44.1031 28.3885 6
      vertex -44.1213 -12.4728 82.8841
      vertex -44.1213 28.4072 6
    endloop
  endfacet
  facet normal -0.671662 -0.654139 -0.347812
    outer loop
      vertex -44.1213 -12.4728 82.8841
      vertex -44.1031 28.3885 6
      vertex -43.9032 -12.6474 82.7913
    endloop
  endfacet
  facet normal -0.675825 -0.650795 -0.346015
    outer loop
      vertex -44.1187 31.5948 0
      vertex -44.1213 31.5975 0
      vertex -44.1213 32.127 -0.995899
    endloop
  endfacet
  facet normal 0.146666 -0.873399 -0.464395
    outer loop
      vertex 42.5853 27.4773 6
      vertex 42.2941 -13.2359 82.4784
      vertex 42.2941 27.4284 6
    endloop
  endfacet
  facet normal 0.146941 -0.873364 -0.464375
    outer loop
      vertex 42.2941 -13.2359 82.4784
      vertex 42.5853 27.4773 6
      vertex 42.5853 -13.1977 82.4987
    endloop
  endfacet
  facet normal 0.146665 -0.873393 -0.464406
    outer loop
      vertex 42.2941 30.6187 0
      vertex 42.5853 31.4021 -1.38135
      vertex 42.5853 30.6676 0
    endloop
  endfacet
  facet normal 0.14691 -0.873383 -0.464349
    outer loop
      vertex 42.5853 31.4021 -1.38135
      vertex 42.2941 30.6187 0
      vertex 42.2941 31.3639 -1.40163
    endloop
  endfacet
  facet normal 3.16969e-05 0.469489 -0.882938
    outer loop
      vertex -43.148 31.5528 -1.3012
      vertex -43.6667 31.7976 -1.17105
      vertex -42.8709 31.4652 -1.34777
    endloop
  endfacet
  facet normal -0.000861362 0.469739 -0.882805
    outer loop
      vertex 44.8708 33.2311 -0.40884
      vertex 44.6458 32.7513 -0.663921
      vertex 44.9424 33.4832 -0.274768
    endloop
  endfacet
  facet normal -6.8279e-05 0.469517 -0.882923
    outer loop
      vertex 44.4944 32.5284 -0.782473
      vertex 44.1213 32.127 -0.995899
      vertex 44.9424 33.4832 -0.274768
    endloop
  endfacet
  facet normal -0.000334716 -0.471213 0.882019
    outer loop
      vertex 42.2941 -7.96371 85.2817
      vertex 42 -7.95096 85.2884
      vertex 42.8709 -8.06501 85.2278
    endloop
  endfacet
  facet normal 0 0.469474 -0.882946
    outer loop
      vertex -44.1213 32.127 -0.995899
      vertex -44.8803 34 0
      vertex -44.5433 34 0
    endloop
  endfacet
  facet normal -0.000102365 0.469437 -0.882966
    outer loop
      vertex -44.9424 33.4832 -0.274768
      vertex -45 34 0
      vertex -44.1213 32.127 -0.995899
    endloop
  endfacet
  facet normal -0.00037135 -0.468814 0.883297
    outer loop
      vertex -43.148 -8.15259 85.1812
      vertex -43.4142 -8.26373 85.1221
      vertex -42.8709 -8.06501 85.2278
    endloop
  endfacet
  facet normal 0 0.882947 0.469472
    outer loop
      vertex 42 34.2075 6
      vertex -42 -7.95096 85.2884
      vertex 42 -7.95096 85.2884
    endloop
  endfacet
  facet normal 0 0.882947 0.469472
    outer loop
      vertex -42 -7.95096 85.2884
      vertex 42 34.2075 6
      vertex -42 34.2075 6
    endloop
  endfacet
  facet normal -0.000655056 -0.468209 0.883618
    outer loop
      vertex -43.4142 -8.26373 85.1221
      vertex -43.6667 -8.39737 85.0511
      vertex -42.8709 -8.06501 85.2278
    endloop
  endfacet
  facet normal 0 0.469474 -0.882946
    outer loop
      vertex 44.1213 32.127 -0.995899
      vertex 44.4234 34 0
      vertex 44.5433 34 0
    endloop
  endfacet
  facet normal 1.02066e-05 0.469473 -0.882947
    outer loop
      vertex 44.4234 34 0
      vertex 44.1213 32.127 -0.995899
      vertex 43.6667 31.7976 -1.17105
    endloop
  endfacet
  facet normal 0.339723 -0.830435 -0.44155
    outer loop
      vertex 42.8951 27.5682 6
      vertex 42.8709 -13.1346 82.5322
      vertex 42.8709 27.5583 6
    endloop
  endfacet
  facet normal 0.337118 -0.831262 -0.441991
    outer loop
      vertex 42.8709 -13.1346 82.5322
      vertex 42.8951 27.5682 6
      vertex 43.148 -13.047 82.5788
    endloop
  endfacet
  facet normal 0.339725 -0.83044 -0.441539
    outer loop
      vertex 42.8753 30.7504 0
      vertex 42.8709 30.7486 0
      vertex 42.8709 31.4652 -1.34777
    endloop
  endfacet
  facet normal 0.242315 -0.856633 -0.455481
    outer loop
      vertex 42.8709 27.5583 6
      vertex 42.5853 -13.1977 82.4987
      vertex 42.8458 27.5512 6
    endloop
  endfacet
  facet normal 0.242668 -0.856556 -0.455439
    outer loop
      vertex 42.5853 -13.1977 82.4987
      vertex 42.8709 27.5583 6
      vertex 42.8709 -13.1346 82.5322
    endloop
  endfacet
  facet normal 0.242107 -0.856685 -0.455494
    outer loop
      vertex 42.8709 30.7486 0
      vertex 42.8663 30.7473 0
      vertex 42.8709 31.4652 -1.34777
    endloop
  endfacet
  facet normal 0.000861362 0.469739 -0.882805
    outer loop
      vertex -44.8708 33.2311 -0.40884
      vertex -44.9424 33.4832 -0.274768
      vertex -44.6458 32.7513 -0.663921
    endloop
  endfacet
  facet normal -0.941614 -0.297283 -0.158068
    outer loop
      vertex -44.7794 29.5339 6
      vertex -44.8708 -11.3687 83.4712
      vertex -44.8708 29.8234 6
    endloop
  endfacet
  facet normal -0.941542 -0.297456 -0.158172
    outer loop
      vertex -44.7716 32.9863 -0.538976
      vertex -44.8708 33.0137 0
      vertex -44.8708 33.2311 -0.40884
    endloop
  endfacet
  facet normal -0.941572 -0.297355 -0.158182
    outer loop
      vertex -44.8708 33.0137 0
      vertex -44.7716 32.9863 -0.538976
      vertex -44.7723 32.7018 0
    endloop
  endfacet
  facet normal -0.000539959 0.469226 -0.883078
    outer loop
      vertex -44.7716 32.9863 -0.538976
      vertex -44.8708 33.2311 -0.40884
      vertex -44.6458 32.7513 -0.663921
    endloop
  endfacet
  facet normal -0.904094 -0.377311 -0.200623
    outer loop
      vertex -44.6458 32.7513 -0.663921
      vertex -44.7708 32.6978 0
      vertex -44.7716 32.9863 -0.538976
    endloop
  endfacet
  facet normal -0.904086 -0.377331 -0.200623
    outer loop
      vertex -44.7708 32.6978 0
      vertex -44.6458 32.7513 -0.663921
      vertex -44.6458 32.3983 0
    endloop
  endfacet
  facet normal -0.904063 -0.377371 -0.200652
    outer loop
      vertex -44.6458 -11.8485 83.2161
      vertex -44.7618 29.486 6
      vertex -44.6458 29.2081 6
    endloop
  endfacet
  facet normal 0.00256694 -0.471081 0.882086
    outer loop
      vertex 44.6458 -11.8485 83.2161
      vertex 44.319 -12.2802 82.9865
      vertex 44.4944 -12.0714 83.0975
    endloop
  endfacet
  facet normal 0.857612 -0.454101 -0.241441
    outer loop
      vertex 44.6458 32.3983 0
      vertex 44.4944 32.5284 -0.782473
      vertex 44.6458 32.7513 -0.663921
    endloop
  endfacet
  facet normal 0.857657 -0.454019 -0.241436
    outer loop
      vertex 44.4944 32.5284 -0.782473
      vertex 44.6458 32.3983 0
      vertex 44.4944 32.1123 0
    endloop
  endfacet
  facet normal 0.857663 -0.454022 -0.241408
    outer loop
      vertex 44.6458 -11.8485 83.2161
      vertex 44.4944 28.9221 6
      vertex 44.6458 29.2081 6
    endloop
  endfacet
  facet normal 0.857632 -0.454068 -0.241432
    outer loop
      vertex 44.4944 28.9221 6
      vertex 44.6458 -11.8485 83.2161
      vertex 44.4944 -12.0714 83.0975
    endloop
  endfacet
  facet normal -0.000738258 -0.469419 0.882975
    outer loop
      vertex -44.9424 -11.1166 83.6053
      vertex -45 -10.5998 83.88
      vertex -44.9856 -10.8594 83.742
    endloop
  endfacet
  facet normal -0.998803 -0.0432564 -0.0228427
    outer loop
      vertex -44.9856 33.6675 0
      vertex -45 34 0
      vertex -44.9856 33.7404 -0.138048
    endloop
  endfacet
  facet normal -0.998794 -0.0433555 -0.0230525
    outer loop
      vertex -44.9866 30.501 6
      vertex -45 -10.5998 83.88
      vertex -45 30.8097 6
    endloop
  endfacet
  facet normal 5.45236e-05 -0.469463 0.882952
    outer loop
      vertex -44.4944 -9.12818 84.6625
      vertex -44.8708 -9.83088 84.2889
      vertex -44.1213 -8.72678 84.8759
    endloop
  endfacet
  facet normal 0.596437 -0.708707 -0.376825
    outer loop
      vertex 43.6869 28.0016 6
      vertex 43.6667 -12.8022 82.709
      vertex 43.6667 27.9846 6
    endloop
  endfacet
  facet normal 0.595518 -0.709309 -0.377146
    outer loop
      vertex 43.6667 -12.8022 82.709
      vertex 43.6869 28.0016 6
      vertex 43.9032 -12.6474 82.7913
    endloop
  endfacet
  facet normal 0.599568 -0.706634 -0.375749
    outer loop
      vertex 43.67 31.1777 0
      vertex 43.6667 31.1749 0
      vertex 43.6667 31.7976 -1.17105
    endloop
  endfacet
  facet normal -0.00048556 -0.468855 0.883275
    outer loop
      vertex 44.1213 -12.4728 82.8841
      vertex 43.6667 -12.8022 82.709
      vertex 43.9032 -12.6474 82.7913
    endloop
  endfacet
  facet normal 0 -0.469382 0.882995
    outer loop
      vertex 42.8709 -13.1346 82.5322
      vertex -42 -13.2486 82.4716
      vertex 42 -13.2486 82.4716
    endloop
  endfacet
  facet normal 0 -0.469382 0.882995
    outer loop
      vertex -42 -13.2486 82.4716
      vertex 42.8709 -13.1346 82.5322
      vertex -42.8709 -13.1346 82.5322
    endloop
  endfacet
  facet normal 0.00144029 -0.468718 0.883347
    outer loop
      vertex -44.319 -12.2802 82.9865
      vertex -44.7716 -11.6135 83.341
      vertex -44.6458 -11.8485 83.2161
    endloop
  endfacet
  facet normal -0.00256694 -0.471081 0.882086
    outer loop
      vertex -44.319 -12.2802 82.9865
      vertex -44.6458 -11.8485 83.2161
      vertex -44.4944 -12.0714 83.0975
    endloop
  endfacet
  facet normal -0.336862 -0.831332 -0.442053
    outer loop
      vertex -43.148 31.5528 -1.3012
      vertex -42.8753 30.7504 0
      vertex -43.148 30.8609 0
    endloop
  endfacet
  facet normal -0.337075 -0.831285 -0.441979
    outer loop
      vertex -42.8753 30.7504 0
      vertex -43.148 31.5528 -1.3012
      vertex -42.8709 31.4652 -1.34777
    endloop
  endfacet
  facet normal -0.336933 -0.83132 -0.442021
    outer loop
      vertex -42.8951 27.5682 6
      vertex -43.148 -13.047 82.5788
      vertex -43.148 27.6707 6
    endloop
  endfacet
  facet normal -0.242668 -0.856556 -0.455439
    outer loop
      vertex -42.8709 27.5583 6
      vertex -42.5853 -13.1977 82.4987
      vertex -42.8709 -13.1346 82.5322
    endloop
  endfacet
  facet normal -0.242315 -0.856633 -0.455481
    outer loop
      vertex -42.5853 -13.1977 82.4987
      vertex -42.8709 27.5583 6
      vertex -42.8458 27.5512 6
    endloop
  endfacet
  facet normal -0.242107 -0.856685 -0.455494
    outer loop
      vertex -42.8663 30.7473 0
      vertex -42.8709 30.7486 0
      vertex -42.8709 31.4652 -1.34777
    endloop
  endfacet
  facet normal -0.51432 -0.757215 -0.402617
    outer loop
      vertex -43.6667 27.9846 6
      vertex -43.4142 -12.9359 82.6379
      vertex -43.6667 -12.8022 82.709
    endloop
  endfacet
  facet normal -0.512477 -0.758185 -0.403141
    outer loop
      vertex -43.4142 -12.9359 82.6379
      vertex -43.6667 27.9846 6
      vertex -43.6451 27.97 6
    endloop
  endfacet
  facet normal -0.517914 -0.755291 -0.401622
    outer loop
      vertex -43.6632 31.1725 0
      vertex -43.6667 31.1749 0
      vertex -43.6667 31.7976 -1.17105
    endloop
  endfacet
  facet normal 8.0812e-05 -0.469445 0.882962
    outer loop
      vertex -42.8709 -13.1346 82.5322
      vertex -44.9424 -11.1166 83.6053
      vertex -43.6667 -12.8022 82.709
    endloop
  endfacet
  facet normal 0 0.469474 -0.882946
    outer loop
      vertex -44.1213 32.127 -0.995899
      vertex -45 34 0
      vertex -44.8803 34 0
    endloop
  endfacet
  facet normal -1.02066e-05 0.469473 -0.882947
    outer loop
      vertex -44.1213 32.127 -0.995899
      vertex -44.4234 34 0
      vertex -43.6667 31.7976 -1.17105
    endloop
  endfacet
  facet normal 0 0.469474 -0.882946
    outer loop
      vertex -44.4234 34 0
      vertex -44.1213 32.127 -0.995899
      vertex -44.5433 34 0
    endloop
  endfacet
  facet normal 0.000228673 -0.467908 0.883777
    outer loop
      vertex -42 -13.2486 82.4716
      vertex -42.5853 -13.1977 82.4987
      vertex -42.2941 -13.2359 82.4784
    endloop
  endfacet
  facet normal 0.000513752 0.469304 -0.883036
    outer loop
      vertex 44.6458 32.7513 -0.663921
      vertex 44.4944 32.5284 -0.782473
      vertex 44.9424 33.4832 -0.274768
    endloop
  endfacet
  facet normal 0 0.469474 -0.882946
    outer loop
      vertex 45 34 0
      vertex 44.1213 32.127 -0.995899
      vertex 44.8803 34 0
    endloop
  endfacet
  facet normal 0.998798 0.0432716 0.0230079
    outer loop
      vertex 44.9856 31.1428 6
      vertex 44.9856 -10.3402 84.0181
      vertex 44.999 30.8335 6
    endloop
  endfacet
  facet normal -0.00144029 -0.468718 0.883347
    outer loop
      vertex 44.7716 -11.6135 83.341
      vertex 44.319 -12.2802 82.9865
      vertex 44.6458 -11.8485 83.2161
    endloop
  endfacet
  facet normal 0.969969 -0.214871 -0.113975
    outer loop
      vertex 44.9421 33.3361 0
      vertex 44.8708 33.2311 -0.40884
      vertex 44.9424 33.4832 -0.274768
    endloop
  endfacet
  facet normal 0.970034 -0.214527 -0.114074
    outer loop
      vertex 44.8708 33.2311 -0.40884
      vertex 44.9421 33.3361 0
      vertex 44.8708 33.0137 0
    endloop
  endfacet
  facet normal 0.970008 -0.214621 -0.114116
    outer loop
      vertex 44.937 30.1226 6
      vertex 44.8708 -11.3687 83.4712
      vertex 44.8708 29.8234 6
    endloop
  endfacet
  facet normal 0.51431 0.75722 0.402621
    outer loop
      vertex 43.4142 33.8063 6
      vertex 43.6667 -8.39737 85.0511
      vertex 43.6667 33.6348 6
    endloop
  endfacet
  facet normal 0.51407 0.757346 0.402689
    outer loop
      vertex 43.6667 -8.39737 85.0511
      vertex 43.4142 33.8063 6
      vertex 43.4142 -8.26373 85.1221
    endloop
  endfacet
  facet normal 0.670456 0.655102 0.348324
    outer loop
      vertex 43.9032 -8.55222 84.9687
      vertex 43.916 33.4231 6
      vertex 43.9032 33.4362 6
    endloop
  endfacet
  facet normal 0.671596 0.654191 0.34784
    outer loop
      vertex 43.916 33.4231 6
      vertex 43.9032 -8.55222 84.9687
      vertex 44.1213 -8.72678 84.8759
    endloop
  endfacet
  facet normal -0.000180646 -0.469769 0.882789
    outer loop
      vertex 43.6667 -8.39737 85.0511
      vertex 42.8709 -8.06501 85.2278
      vertex 44.1213 -8.72678 84.8759
    endloop
  endfacet
  facet normal 0.941544 0.297456 0.15816
    outer loop
      vertex 44.7716 -9.58613 84.419
      vertex 44.8708 31.796 6
      vertex 44.7716 32.11 6
    endloop
  endfacet
  facet normal 0.941519 0.297519 0.158193
    outer loop
      vertex 44.8708 31.796 6
      vertex 44.7716 -9.58613 84.419
      vertex 44.8708 -9.83088 84.2889
    endloop
  endfacet
  facet normal 0.0489937 0.881887 0.468908
    outer loop
      vertex 42.2779 34.192 6
      vertex 42.2941 -7.96371 85.2817
      vertex 42.2941 34.1911 6
    endloop
  endfacet
  facet normal 0.0489147 0.881891 0.468909
    outer loop
      vertex 42.2941 -7.96371 85.2817
      vertex 42.2779 34.192 6
      vertex 42 -7.95096 85.2884
    endloop
  endfacet
  facet normal 0.146666 0.873399 0.464395
    outer loop
      vertex 42.2941 34.1911 6
      vertex 42.5853 -8.00185 85.2614
      vertex 42.5853 34.1422 6
    endloop
  endfacet
  facet normal 0.146765 0.873387 0.464388
    outer loop
      vertex 42.5853 -8.00185 85.2614
      vertex 42.2941 34.1911 6
      vertex 42.2941 -7.96371 85.2817
    endloop
  endfacet
  facet normal -0.99887 0.0419693 0.0223207
    outer loop
      vertex -45 30.8097 6
      vertex -44.9856 -10.3402 84.0181
      vertex -44.999 30.8335 6
    endloop
  endfacet
  facet normal -0.998803 0.0431877 0.0229633
    outer loop
      vertex -44.9856 -10.3402 84.0181
      vertex -45 30.8097 6
      vertex -45 -10.5998 83.88
    endloop
  endfacet
  facet normal -0.857663 -0.454022 -0.241408
    outer loop
      vertex -44.4944 28.9221 6
      vertex -44.6458 -11.8485 83.2161
      vertex -44.6458 29.2081 6
    endloop
  endfacet
  facet normal -0.857632 -0.454068 -0.241432
    outer loop
      vertex -44.6458 -11.8485 83.2161
      vertex -44.4944 28.9221 6
      vertex -44.4944 -12.0714 83.0975
    endloop
  endfacet
  facet normal -0.857612 -0.454101 -0.241441
    outer loop
      vertex -44.4944 32.5284 -0.782473
      vertex -44.6458 32.3983 0
      vertex -44.6458 32.7513 -0.663921
    endloop
  endfacet
  facet normal -0.857657 -0.454019 -0.241436
    outer loop
      vertex -44.6458 32.3983 0
      vertex -44.4944 32.5284 -0.782473
      vertex -44.4944 32.1123 0
    endloop
  endfacet
  facet normal -0.969997 0.214661 0.114137
    outer loop
      vertex -44.8708 31.796 6
      vertex -44.9375 31.4946 6
      vertex -44.8708 -9.83088 84.2889
    endloop
  endfacet
  facet normal -0.146765 0.873387 0.464388
    outer loop
      vertex -42.2941 34.1911 6
      vertex -42.5853 -8.00185 85.2614
      vertex -42.2941 -7.96371 85.2817
    endloop
  endfacet
  facet normal -0.146666 0.873399 0.464395
    outer loop
      vertex -42.5853 -8.00185 85.2614
      vertex -42.2941 34.1911 6
      vertex -42.5853 34.1422 6
    endloop
  endfacet
  facet normal 0.000334716 -0.471213 0.882019
    outer loop
      vertex -42.2941 -7.96371 85.2817
      vertex -42.8709 -8.06501 85.2278
      vertex -42 -7.95096 85.2884
    endloop
  endfacet
  facet normal -0.0016079 -0.467844 0.88381
    outer loop
      vertex -43.9032 -8.55222 84.9687
      vertex -44.1213 -8.72678 84.8759
      vertex -43.6667 -8.39737 85.0511
    endloop
  endfacet
  facet normal 0.595537 -0.709292 -0.377148
    outer loop
      vertex 43.67 31.1777 0
      vertex 43.9032 31.9524 -1.08872
      vertex 43.9032 31.3735 0
    endloop
  endfacet
  facet normal 0.595549 -0.709285 -0.377141
    outer loop
      vertex 43.9032 31.9524 -1.08872
      vertex 43.67 31.1777 0
      vertex 43.6667 31.7976 -1.17105
    endloop
  endfacet
  facet normal 0.595729 -0.70917 -0.377073
    outer loop
      vertex 43.9032 -12.6474 82.7913
      vertex 43.6869 28.0016 6
      vertex 43.9032 28.1833 6
    endloop
  endfacet
  facet normal 0.00071869 0.46871 -0.883352
    outer loop
      vertex 43.9032 31.9524 -1.08872
      vertex 43.6667 31.7976 -1.17105
      vertex 44.1213 32.127 -0.995899
    endloop
  endfacet
  facet normal 0.427686 -0.798143 -0.424326
    outer loop
      vertex 43.148 30.8609 0
      vertex 43.4142 31.6639 -1.24211
      vertex 43.4102 31.0014 0
    endloop
  endfacet
  facet normal 0.42737 -0.798242 -0.424457
    outer loop
      vertex 43.4142 31.6639 -1.24211
      vertex 43.148 30.8609 0
      vertex 43.148 31.5528 -1.3012
    endloop
  endfacet
  facet normal 0.427357 -0.798258 -0.424442
    outer loop
      vertex 43.3912 27.8009 6
      vertex 43.148 -13.047 82.5788
      vertex 43.148 27.6707 6
    endloop
  endfacet
  facet normal 0.000652499 0.468358 -0.883538
    outer loop
      vertex 43.4142 31.6639 -1.24211
      vertex 43.148 31.5528 -1.3012
      vertex 43.6667 31.7976 -1.17105
    endloop
  endfacet
  facet normal -0.337118 -0.831262 -0.441991
    outer loop
      vertex -42.8951 27.5682 6
      vertex -42.8709 -13.1346 82.5322
      vertex -43.148 -13.047 82.5788
    endloop
  endfacet
  facet normal -0.339723 -0.830435 -0.44155
    outer loop
      vertex -42.8709 -13.1346 82.5322
      vertex -42.8951 27.5682 6
      vertex -42.8709 27.5583 6
    endloop
  endfacet
  facet normal -0.339725 -0.83044 -0.441539
    outer loop
      vertex -42.8709 30.7486 0
      vertex -42.8753 30.7504 0
      vertex -42.8709 31.4652 -1.34777
    endloop
  endfacet
  facet normal -0.242973 -0.856489 -0.455402
    outer loop
      vertex -42.5853 -13.1977 82.4987
      vertex -42.8458 27.5512 6
      vertex -42.5853 27.4773 6
    endloop
  endfacet
  facet normal -0.24293 -0.856505 -0.455395
    outer loop
      vertex -42.8709 31.4652 -1.34777
      vertex -42.5853 30.6676 0
      vertex -42.8663 30.7473 0
    endloop
  endfacet
  facet normal -0.242788 -0.856523 -0.455436
    outer loop
      vertex -42.5853 30.6676 0
      vertex -42.8709 31.4652 -1.34777
      vertex -42.5853 31.4021 -1.38135
    endloop
  endfacet
  facet normal 0.24293 -0.856505 -0.455395
    outer loop
      vertex 42.5853 30.6676 0
      vertex 42.8709 31.4652 -1.34777
      vertex 42.8663 30.7473 0
    endloop
  endfacet
  facet normal 0.242788 -0.856523 -0.455436
    outer loop
      vertex 42.8709 31.4652 -1.34777
      vertex 42.5853 30.6676 0
      vertex 42.5853 31.4021 -1.38135
    endloop
  endfacet
  facet normal 0.242973 -0.856489 -0.455402
    outer loop
      vertex 42.8458 27.5512 6
      vertex 42.5853 -13.1977 82.4987
      vertex 42.5853 27.4773 6
    endloop
  endfacet
  facet normal -0.970008 -0.214621 -0.114116
    outer loop
      vertex -44.8708 -11.3687 83.4712
      vertex -44.937 30.1226 6
      vertex -44.8708 29.8234 6
    endloop
  endfacet
  facet normal -0.969969 -0.214871 -0.113975
    outer loop
      vertex -44.8708 33.2311 -0.40884
      vertex -44.9421 33.3361 0
      vertex -44.9424 33.4832 -0.274768
    endloop
  endfacet
  facet normal -0.970034 -0.214527 -0.114074
    outer loop
      vertex -44.9421 33.3361 0
      vertex -44.8708 33.2311 -0.40884
      vertex -44.8708 33.0137 0
    endloop
  endfacet
  facet normal -0.969757 -0.215502 -0.114584
    outer loop
      vertex -44.937 30.1226 6
      vertex -44.9424 -11.1166 83.6053
      vertex -44.9424 30.1469 6
    endloop
  endfacet
  facet normal -0.969972 -0.214748 -0.114184
    outer loop
      vertex -44.9424 -11.1166 83.6053
      vertex -44.937 30.1226 6
      vertex -44.8708 -11.3687 83.4712
    endloop
  endfacet
  facet normal -0.946838 -0.284051 -0.151036
    outer loop
      vertex -44.9421 33.3361 0
      vertex -44.9424 33.3371 0
      vertex -44.9424 33.4832 -0.274768
    endloop
  endfacet
  facet normal -4.5481e-05 -0.46939 0.882991
    outer loop
      vertex -44.319 -8.91939 84.7735
      vertex -44.4944 -9.12818 84.6625
      vertex -44.1213 -8.72678 84.8759
    endloop
  endfacet
  facet normal -0.904056 0.377384 0.200659
    outer loop
      vertex -44.7716 32.11 6
      vertex -44.7716 -9.58613 84.419
      vertex -44.6538 32.3922 6
    endloop
  endfacet
  facet normal 6.8279e-05 0.469517 -0.882923
    outer loop
      vertex -44.4944 32.5284 -0.782473
      vertex -44.9424 33.4832 -0.274768
      vertex -44.1213 32.127 -0.995899
    endloop
  endfacet
  facet normal -0.000513752 0.469304 -0.883036
    outer loop
      vertex -44.6458 32.7513 -0.663921
      vertex -44.9424 33.4832 -0.274768
      vertex -44.4944 32.5284 -0.782473
    endloop
  endfacet
  facet normal -3.16969e-05 0.469489 -0.882938
    outer loop
      vertex 43.148 31.5528 -1.3012
      vertex 42.8709 31.4652 -1.34777
      vertex 43.6667 31.7976 -1.17105
    endloop
  endfacet
  facet normal 8.51585e-05 -0.469436 0.882966
    outer loop
      vertex -42.8709 -13.1346 82.5322
      vertex -43.6667 -12.8022 82.709
      vertex -43.148 -13.047 82.5788
    endloop
  endfacet
  facet normal -0.000226703 -0.469627 0.882865
    outer loop
      vertex -44.1213 -12.4728 82.8841
      vertex -44.9424 -11.1166 83.6053
      vertex -44.319 -12.2802 82.9865
    endloop
  endfacet
  facet normal -0.000459279 -0.469724 0.882813
    outer loop
      vertex -44.319 -12.2802 82.9865
      vertex -44.9424 -11.1166 83.6053
      vertex -44.7716 -11.6135 83.341
    endloop
  endfacet
  facet normal -0.803181 -0.525988 -0.279708
    outer loop
      vertex -44.319 32.3196 -0.893488
      vertex -44.4944 32.1123 0
      vertex -44.4944 32.5284 -0.782473
    endloop
  endfacet
  facet normal -0.803149 -0.526035 -0.279712
    outer loop
      vertex -44.4944 32.1123 0
      vertex -44.319 32.3196 -0.893488
      vertex -44.319 31.8445 0
    endloop
  endfacet
  facet normal -0.803152 -0.526037 -0.279699
    outer loop
      vertex -44.319 28.6543 6
      vertex -44.4944 -12.0714 83.0975
      vertex -44.4944 28.9221 6
    endloop
  endfacet
  facet normal -0.803173 -0.526012 -0.279686
    outer loop
      vertex -44.4944 -12.0714 83.0975
      vertex -44.319 28.6543 6
      vertex -44.319 -12.2802 82.9865
    endloop
  endfacet
  facet normal -0.000227045 0.469303 -0.883037
    outer loop
      vertex -44.319 32.3196 -0.893488
      vertex -44.4944 32.5284 -0.782473
      vertex -44.1213 32.127 -0.995899
    endloop
  endfacet
  facet normal 0.803181 -0.525988 -0.279708
    outer loop
      vertex 44.4944 32.1123 0
      vertex 44.319 32.3196 -0.893488
      vertex 44.4944 32.5284 -0.782473
    endloop
  endfacet
  facet normal 0.803149 -0.526035 -0.279712
    outer loop
      vertex 44.319 32.3196 -0.893488
      vertex 44.4944 32.1123 0
      vertex 44.319 31.8445 0
    endloop
  endfacet
  facet normal 0.803152 -0.526037 -0.279699
    outer loop
      vertex 44.4944 -12.0714 83.0975
      vertex 44.319 28.6543 6
      vertex 44.4944 28.9221 6
    endloop
  endfacet
  facet normal 0.803173 -0.526012 -0.279686
    outer loop
      vertex 44.319 28.6543 6
      vertex 44.4944 -12.0714 83.0975
      vertex 44.319 -12.2802 82.9865
    endloop
  endfacet
  facet normal 0.000772746 -0.469422 0.882974
    outer loop
      vertex 45 -10.5998 83.88
      vertex 44.8708 -9.83088 84.2889
      vertex 44.9424 -11.1166 83.6053
    endloop
  endfacet
  facet normal 0.982647 -0.163775 -0.0870788
    outer loop
      vertex 44.9856 33.667 0
      vertex 44.9855 33.6664 0
      vertex 44.9856 33.7404 -0.138048
    endloop
  endfacet
  facet normal 0.988971 -0.130773 -0.0695332
    outer loop
      vertex 44.9856 -10.8594 83.742
      vertex 44.9824 30.4525 6
      vertex 44.9856 30.4767 6
    endloop
  endfacet
  facet normal 0.989179 -0.129538 -0.0688767
    outer loop
      vertex 44.9824 30.4525 6
      vertex 44.9856 -10.8594 83.742
      vertex 44.9424 -11.1166 83.6053
    endloop
  endfacet
  facet normal 0.000102365 0.469437 -0.882966
    outer loop
      vertex 44.9424 33.4832 -0.274768
      vertex 44.1213 32.127 -0.995899
      vertex 45 34 0
    endloop
  endfacet
  facet normal 0.000539959 0.469226 -0.883078
    outer loop
      vertex 44.7716 32.9863 -0.538976
      vertex 44.6458 32.7513 -0.663921
      vertex 44.8708 33.2311 -0.40884
    endloop
  endfacet
  facet normal 0.929634 -0.325372 -0.172956
    outer loop
      vertex 44.7723 32.7018 0
      vertex 44.7716 32.6998 0
      vertex 44.7716 32.9863 -0.538976
    endloop
  endfacet
  facet normal 0.940273 -0.300579 -0.159807
    outer loop
      vertex 44.8708 -11.3687 83.4712
      vertex 44.7716 29.5095 6
      vertex 44.7794 29.5339 6
    endloop
  endfacet
  facet normal 0.941554 -0.297432 -0.158148
    outer loop
      vertex 44.7716 29.5095 6
      vertex 44.8708 -11.3687 83.4712
      vertex 44.7716 -11.6135 83.341
    endloop
  endfacet
  facet normal 0.000502732 -0.469736 0.882807
    outer loop
      vertex 44.9424 -11.1166 83.6053
      vertex 44.7716 -11.6135 83.341
      vertex 44.8708 -11.3687 83.4712
    endloop
  endfacet
  facet normal 0.000459279 -0.469724 0.882813
    outer loop
      vertex 44.9424 -11.1166 83.6053
      vertex 44.319 -12.2802 82.9865
      vertex 44.7716 -11.6135 83.341
    endloop
  endfacet
  facet normal 0.000655056 -0.468209 0.883618
    outer loop
      vertex 43.4142 -8.26373 85.1221
      vertex 42.8709 -8.06501 85.2278
      vertex 43.6667 -8.39737 85.0511
    endloop
  endfacet
  facet normal 0.595745 0.70916 0.377067
    outer loop
      vertex 43.6667 33.6348 6
      vertex 43.6667 -8.39737 85.0511
      vertex 43.8893 33.4478 6
    endloop
  endfacet
  facet normal 0.90436 0.376817 0.200357
    outer loop
      vertex 44.6458 -9.35114 84.5439
      vertex 44.6538 32.3922 6
      vertex 44.6458 32.4114 6
    endloop
  endfacet
  facet normal 0.904076 0.377348 0.200639
    outer loop
      vertex 44.6538 32.3922 6
      vertex 44.6458 -9.35114 84.5439
      vertex 44.7716 -9.58613 84.419
    endloop
  endfacet
  facet normal 0.593202 0.71082 0.37795
    outer loop
      vertex 43.8893 33.4478 6
      vertex 43.9032 -8.55222 84.9687
      vertex 43.9032 33.4362 6
    endloop
  endfacet
  facet normal 0.595718 0.709178 0.377076
    outer loop
      vertex 43.9032 -8.55222 84.9687
      vertex 43.8893 33.4478 6
      vertex 43.6667 -8.39737 85.0511
    endloop
  endfacet
  facet normal 0.0016079 -0.467844 0.88381
    outer loop
      vertex 43.9032 -8.55222 84.9687
      vertex 43.6667 -8.39737 85.0511
      vertex 44.1213 -8.72678 84.8759
    endloop
  endfacet
  facet normal 0.243197 0.856439 0.455376
    outer loop
      vertex 42.5853 34.1422 6
      vertex 42.8709 -8.06501 85.2278
      vertex 42.8709 34.0611 6
    endloop
  endfacet
  facet normal 0.242987 0.856485 0.455401
    outer loop
      vertex 42.8709 -8.06501 85.2278
      vertex 42.5853 34.1422 6
      vertex 42.5853 -8.00185 85.2614
    endloop
  endfacet
  facet normal 0.0491872 0.881879 0.468904
    outer loop
      vertex 42 34.2075 6
      vertex 42 -7.95096 85.2884
      vertex 42.2779 34.192 6
    endloop
  endfacet
  facet normal 0.0037609 -0.469812 0.882759
    outer loop
      vertex -44.9856 -10.3402 84.0181
      vertex -45 -10.5998 83.88
      vertex -44.9424 -10.083 84.1548
    endloop
  endfacet
  facet normal -0.998798 0.0432716 0.0230079
    outer loop
      vertex -44.9856 31.1428 6
      vertex -44.999 30.8335 6
      vertex -44.9856 -10.3402 84.0181
    endloop
  endfacet
  facet normal -0.989174 0.12957 0.0688937
    outer loop
      vertex -44.9856 31.1428 6
      vertex -44.9424 -10.083 84.1548
      vertex -44.9424 31.4726 6
    endloop
  endfacet
  facet normal -0.989179 0.129538 0.0688765
    outer loop
      vertex -44.9424 -10.083 84.1548
      vertex -44.9856 31.1428 6
      vertex -44.9856 -10.3402 84.0181
    endloop
  endfacet
  facet normal -0.336913 0.831327 0.442024
    outer loop
      vertex -43.148 33.9488 6
      vertex -43.148 -8.15259 85.1812
      vertex -42.8862 34.0549 6
    endloop
  endfacet
  facet normal -7.58254e-05 -0.469392 0.88299
    outer loop
      vertex -42.5853 -8.00185 85.2614
      vertex -42.8709 -8.06501 85.2278
      vertex -42.2941 -7.96371 85.2817
    endloop
  endfacet
  facet normal -0.595718 0.709178 0.377076
    outer loop
      vertex -43.8893 33.4478 6
      vertex -43.9032 -8.55222 84.9687
      vertex -43.6667 -8.39737 85.0511
    endloop
  endfacet
  facet normal -0.593202 0.71082 0.37795
    outer loop
      vertex -43.9032 -8.55222 84.9687
      vertex -43.8893 33.4478 6
      vertex -43.9032 33.4362 6
    endloop
  endfacet
  facet normal -0.670456 0.655102 0.348324
    outer loop
      vertex -43.916 33.4231 6
      vertex -43.9032 -8.55222 84.9687
      vertex -43.9032 33.4362 6
    endloop
  endfacet
  facet normal -0.671596 0.654191 0.34784
    outer loop
      vertex -43.9032 -8.55222 84.9687
      vertex -43.916 33.4231 6
      vertex -44.1213 -8.72678 84.8759
    endloop
  endfacet
  facet normal -0.51407 0.757346 0.402689
    outer loop
      vertex -43.4142 33.8063 6
      vertex -43.6667 -8.39737 85.0511
      vertex -43.4142 -8.26373 85.1221
    endloop
  endfacet
  facet normal -0.51431 0.75722 0.402621
    outer loop
      vertex -43.6667 -8.39737 85.0511
      vertex -43.4142 33.8063 6
      vertex -43.6667 33.6348 6
    endloop
  endfacet
  facet normal -0.337064 0.831279 0.441998
    outer loop
      vertex -42.8709 34.0611 6
      vertex -43.148 -8.15259 85.1812
      vertex -42.8709 -8.06501 85.2278
    endloop
  endfacet
  facet normal -0.336882 0.831337 0.44203
    outer loop
      vertex -43.148 -8.15259 85.1812
      vertex -42.8709 34.0611 6
      vertex -42.8862 34.0549 6
    endloop
  endfacet
  facet normal -0.242987 0.856485 0.455401
    outer loop
      vertex -42.5853 34.1422 6
      vertex -42.8709 -8.06501 85.2278
      vertex -42.5853 -8.00185 85.2614
    endloop
  endfacet
  facet normal -0.243197 0.856439 0.455376
    outer loop
      vertex -42.8709 -8.06501 85.2278
      vertex -42.5853 34.1422 6
      vertex -42.8709 34.0611 6
    endloop
  endfacet
  facet normal 0.426978 -0.798415 -0.424527
    outer loop
      vertex 43.4142 27.8132 6
      vertex 43.148 -13.047 82.5788
      vertex 43.3912 27.8009 6
    endloop
  endfacet
  facet normal 0.427383 -0.798247 -0.424435
    outer loop
      vertex 43.148 -13.047 82.5788
      vertex 43.4142 27.8132 6
      vertex 43.4142 -12.9359 82.6379
    endloop
  endfacet
  facet normal 0.420565 -0.801076 -0.425913
    outer loop
      vertex 43.4142 31.0035 0
      vertex 43.4102 31.0014 0
      vertex 43.4142 31.6639 -1.24211
    endloop
  endfacet
  facet normal 0.514239 -0.757257 -0.402641
    outer loop
      vertex 43.6451 27.97 6
      vertex 43.4142 -12.9359 82.6379
      vertex 43.4142 27.8132 6
    endloop
  endfacet
  facet normal 0.514026 -0.757352 -0.402734
    outer loop
      vertex 43.4142 31.0035 0
      vertex 43.6667 31.7976 -1.17105
      vertex 43.6632 31.1725 0
    endloop
  endfacet
  facet normal 0.514273 -0.75725 -0.402612
    outer loop
      vertex 43.6667 31.7976 -1.17105
      vertex 43.4142 31.0035 0
      vertex 43.4142 31.6639 -1.24211
    endloop
  endfacet
  facet normal 0 0.46943 -0.88297
    outer loop
      vertex -42.8709 31.4652 -1.34777
      vertex 43.6667 31.7976 -1.17105
      vertex 42.8709 31.4652 -1.34777
    endloop
  endfacet
  facet normal 0 0.46943 -0.88297
    outer loop
      vertex 43.6667 31.7976 -1.17105
      vertex -42.8709 31.4652 -1.34777
      vertex -43.6667 31.7976 -1.17105
    endloop
  endfacet
  facet normal -0.146941 -0.873364 -0.464375
    outer loop
      vertex -42.5853 27.4773 6
      vertex -42.2941 -13.2359 82.4784
      vertex -42.5853 -13.1977 82.4987
    endloop
  endfacet
  facet normal -0.146666 -0.873399 -0.464395
    outer loop
      vertex -42.2941 -13.2359 82.4784
      vertex -42.5853 27.4773 6
      vertex -42.2941 27.4284 6
    endloop
  endfacet
  facet normal -0.146665 -0.873393 -0.464406
    outer loop
      vertex -42.5853 31.4021 -1.38135
      vertex -42.2941 30.6187 0
      vertex -42.5853 30.6676 0
    endloop
  endfacet
  facet normal -0.14691 -0.873383 -0.464349
    outer loop
      vertex -42.2941 30.6187 0
      vertex -42.5853 31.4021 -1.38135
      vertex -42.2941 31.3639 -1.40163
    endloop
  endfacet
  facet normal -0.671563 -0.654218 -0.347854
    outer loop
      vertex -43.9032 -12.6474 82.7913
      vertex -44.1031 28.3885 6
      vertex -43.9032 28.1833 6
    endloop
  endfacet
  facet normal -0.67168 -0.654123 -0.347804
    outer loop
      vertex -43.9032 31.9524 -1.08872
      vertex -44.1187 31.5948 0
      vertex -44.1213 32.127 -0.995899
    endloop
  endfacet
  facet normal -0.671705 -0.6541 -0.347802
    outer loop
      vertex -44.1187 31.5948 0
      vertex -43.9032 31.9524 -1.08872
      vertex -43.9032 31.3735 0
    endloop
  endfacet
  facet normal -0.595518 -0.709309 -0.377146
    outer loop
      vertex -43.6869 28.0016 6
      vertex -43.6667 -12.8022 82.709
      vertex -43.9032 -12.6474 82.7913
    endloop
  endfacet
  facet normal -0.596437 -0.708707 -0.376825
    outer loop
      vertex -43.6667 -12.8022 82.709
      vertex -43.6869 28.0016 6
      vertex -43.6667 27.9846 6
    endloop
  endfacet
  facet normal -0.599568 -0.706634 -0.375749
    outer loop
      vertex -43.6667 31.1749 0
      vertex -43.67 31.1777 0
      vertex -43.6667 31.7976 -1.17105
    endloop
  endfacet
  facet normal 0.00157906 0.469582 -0.882887
    outer loop
      vertex -44.9856 33.7404 -0.138048
      vertex -45 34 0
      vertex -44.9424 33.4832 -0.274768
    endloop
  endfacet
  facet normal -0.98919 -0.129475 -0.0688432
    outer loop
      vertex -44.9424 -11.1166 83.6053
      vertex -44.9824 30.4525 6
      vertex -44.9424 30.1469 6
    endloop
  endfacet
  facet normal -0.98918 -0.129598 -0.0687538
    outer loop
      vertex -44.9424 33.4832 -0.274768
      vertex -44.9855 33.6664 0
      vertex -44.9856 33.7404 -0.138048
    endloop
  endfacet
  facet normal -0.989191 -0.129469 -0.0688414
    outer loop
      vertex -44.9855 33.6664 0
      vertex -44.9424 33.4832 -0.274768
      vertex -44.9424 33.3371 0
    endloop
  endfacet
  facet normal -0.741025 0.59288 0.31524
    outer loop
      vertex -44.319 32.9652 6
      vertex -44.1213 -8.72678 84.8759
      vertex -44.1213 33.2123 6
    endloop
  endfacet
  facet normal -0.740967 0.592936 0.31527
    outer loop
      vertex -44.1213 -8.72678 84.8759
      vertex -44.319 32.9652 6
      vertex -44.319 -8.91939 84.7735
    endloop
  endfacet
  facet normal -0.941544 0.297456 0.15816
    outer loop
      vertex -44.8708 31.796 6
      vertex -44.7716 -9.58613 84.419
      vertex -44.7716 32.11 6
    endloop
  endfacet
  facet normal -0.941519 0.297519 0.158193
    outer loop
      vertex -44.7716 -9.58613 84.419
      vertex -44.8708 31.796 6
      vertex -44.8708 -9.83088 84.2889
    endloop
  endfacet
  facet normal -0.857663 0.454022 0.241408
    outer loop
      vertex -44.6458 32.4114 6
      vertex -44.4944 -9.12818 84.6625
      vertex -44.4944 32.6974 6
    endloop
  endfacet
  facet normal -0.85768 0.453998 0.241395
    outer loop
      vertex -44.4944 -9.12818 84.6625
      vertex -44.6458 32.4114 6
      vertex -44.6458 -9.35114 84.5439
    endloop
  endfacet
  facet normal -0.00259476 -0.468251 0.883592
    outer loop
      vertex -44.6458 -9.35114 84.5439
      vertex -44.7716 -9.58613 84.419
      vertex -44.4944 -9.12818 84.6625
    endloop
  endfacet
  facet normal -0.90436 0.376817 0.200357
    outer loop
      vertex -44.6538 32.3922 6
      vertex -44.6458 -9.35114 84.5439
      vertex -44.6458 32.4114 6
    endloop
  endfacet
  facet normal -0.904076 0.377348 0.200639
    outer loop
      vertex -44.6458 -9.35114 84.5439
      vertex -44.6538 32.3922 6
      vertex -44.7716 -9.58613 84.419
    endloop
  endfacet
  facet normal -0.000652499 0.468358 -0.883538
    outer loop
      vertex -43.4142 31.6639 -1.24211
      vertex -43.6667 31.7976 -1.17105
      vertex -43.148 31.5528 -1.3012
    endloop
  endfacet
  facet normal 0.000288204 -0.469101 0.883144
    outer loop
      vertex -43.148 -13.047 82.5788
      vertex -43.6667 -12.8022 82.709
      vertex -43.4142 -12.9359 82.6379
    endloop
  endfacet
  facet normal -0.740961 -0.592935 -0.315285
    outer loop
      vertex -44.1213 32.127 -0.995899
      vertex -44.319 31.8445 0
      vertex -44.319 32.3196 -0.893488
    endloop
  endfacet
  facet normal -0.741014 -0.592872 -0.315278
    outer loop
      vertex -44.319 31.8445 0
      vertex -44.1213 32.127 -0.995899
      vertex -44.1237 31.6004 0
    endloop
  endfacet
  facet normal -0.741058 -0.592847 -0.315223
    outer loop
      vertex -44.1378 28.4278 6
      vertex -44.319 -12.2802 82.9865
      vertex -44.319 28.6543 6
    endloop
  endfacet
  facet normal 7.3668e-05 -0.469395 0.882988
    outer loop
      vertex 44.1213 -8.72678 84.8759
      vertex 42.8709 -8.06501 85.2278
      vertex 44.8708 -9.83088 84.2889
    endloop
  endfacet
  facet normal -4.70672e-05 -0.469502 0.882932
    outer loop
      vertex 42.8709 -8.06501 85.2278
      vertex 42 -7.95096 85.2884
      vertex 44.8708 -9.83088 84.2889
    endloop
  endfacet
  facet normal 0.98918 -0.129598 -0.0687538
    outer loop
      vertex 44.9855 33.6664 0
      vertex 44.9424 33.4832 -0.274768
      vertex 44.9856 33.7404 -0.138048
    endloop
  endfacet
  facet normal 0.989191 -0.129469 -0.0688414
    outer loop
      vertex 44.9424 33.4832 -0.274768
      vertex 44.9855 33.6664 0
      vertex 44.9424 33.3371 0
    endloop
  endfacet
  facet normal 0.98919 -0.129475 -0.0688432
    outer loop
      vertex 44.9824 30.4525 6
      vertex 44.9424 -11.1166 83.6053
      vertex 44.9424 30.1469 6
    endloop
  endfacet
  facet normal -0.00157906 0.469582 -0.882887
    outer loop
      vertex 44.9856 33.7404 -0.138048
      vertex 44.9424 33.4832 -0.274768
      vertex 45 34 0
    endloop
  endfacet
  facet normal 0.910896 -0.364358 -0.19368
    outer loop
      vertex 44.7716 32.6998 0
      vertex 44.7708 32.6978 0
      vertex 44.7716 32.9863 -0.538976
    endloop
  endfacet
  facet normal 0.904219 -0.377079 -0.200497
    outer loop
      vertex 44.7716 -11.6135 83.341
      vertex 44.7618 29.486 6
      vertex 44.7716 29.5095 6
    endloop
  endfacet
  facet normal 0.904081 -0.377337 -0.200634
    outer loop
      vertex 44.7618 29.486 6
      vertex 44.7716 -11.6135 83.341
      vertex 44.6458 -11.8485 83.2161
    endloop
  endfacet
  facet normal 0.904094 -0.377311 -0.200623
    outer loop
      vertex 44.7708 32.6978 0
      vertex 44.6458 32.7513 -0.663921
      vertex 44.7716 32.9863 -0.538976
    endloop
  endfacet
  facet normal 0.904086 -0.377331 -0.200623
    outer loop
      vertex 44.6458 32.7513 -0.663921
      vertex 44.7708 32.6978 0
      vertex 44.6458 32.3983 0
    endloop
  endfacet
  facet normal 0.904063 -0.377371 -0.200652
    outer loop
      vertex 44.7618 29.486 6
      vertex 44.6458 -11.8485 83.2161
      vertex 44.6458 29.2081 6
    endloop
  endfacet
  facet normal 0.427324 0.798271 0.424449
    outer loop
      vertex 43.148 33.9488 6
      vertex 43.4142 -8.26373 85.1221
      vertex 43.4142 33.8063 6
    endloop
  endfacet
  facet normal 0.427481 0.798206 0.424414
    outer loop
      vertex 43.4142 -8.26373 85.1221
      vertex 43.148 33.9488 6
      vertex 43.148 -8.15259 85.1812
    endloop
  endfacet
  facet normal 0.671662 0.654138 0.347812
    outer loop
      vertex 44.1213 33.2123 6
      vertex 43.916 33.4231 6
      vertex 44.1213 -8.72678 84.8759
    endloop
  endfacet
  facet normal -5.45236e-05 -0.469463 0.882952
    outer loop
      vertex 44.4944 -9.12818 84.6625
      vertex 44.1213 -8.72678 84.8759
      vertex 44.8708 -9.83088 84.2889
    endloop
  endfacet
  facet normal 0.000682742 -0.469155 0.883116
    outer loop
      vertex 44.7716 -9.58613 84.419
      vertex 44.4944 -9.12818 84.6625
      vertex 44.8708 -9.83088 84.2889
    endloop
  endfacet
  facet normal 0 0.470949 -0.882161
    outer loop
      vertex -42 31.3512 -1.40841
      vertex 42.2941 31.3639 -1.40163
      vertex 42 31.3512 -1.40841
    endloop
  endfacet
  facet normal 0 0.470949 -0.882161
    outer loop
      vertex 42.2941 31.3639 -1.40163
      vertex -42 31.3512 -1.40841
      vertex -42.2941 31.3639 -1.40163
    endloop
  endfacet
  facet normal -0.0493401 -0.881873 -0.468899
    outer loop
      vertex -42 -13.2486 82.4716
      vertex -42.2681 27.427 6
      vertex -42 27.412 6
    endloop
  endfacet
  facet normal -0.0491126 -0.881892 -0.468886
    outer loop
      vertex -42.2941 31.3639 -1.40163
      vertex -42 30.6023 0
      vertex -42.2891 30.6184 0
    endloop
  endfacet
  facet normal -0.0488923 -0.881883 -0.468927
    outer loop
      vertex -42 30.6023 0
      vertex -42.2941 31.3639 -1.40163
      vertex -42 31.3512 -1.40841
    endloop
  endfacet
  facet normal 0 0.469457 -0.882955
    outer loop
      vertex -42.2941 31.3639 -1.40163
      vertex 42.8709 31.4652 -1.34777
      vertex 42.2941 31.3639 -1.40163
    endloop
  endfacet
  facet normal 0 0.469457 -0.882955
    outer loop
      vertex 42.8709 31.4652 -1.34777
      vertex -42.2941 31.3639 -1.40163
      vertex -42.8709 31.4652 -1.34777
    endloop
  endfacet
  facet normal -0.00071869 0.46871 -0.883352
    outer loop
      vertex -43.9032 31.9524 -1.08872
      vertex -44.1213 32.127 -0.995899
      vertex -43.6667 31.7976 -1.17105
    endloop
  endfacet
  facet normal -0.595729 -0.70917 -0.377073
    outer loop
      vertex -43.6869 28.0016 6
      vertex -43.9032 -12.6474 82.7913
      vertex -43.9032 28.1833 6
    endloop
  endfacet
  facet normal -0.595537 -0.709292 -0.377148
    outer loop
      vertex -43.9032 31.9524 -1.08872
      vertex -43.67 31.1777 0
      vertex -43.9032 31.3735 0
    endloop
  endfacet
  facet normal -0.595549 -0.709285 -0.377141
    outer loop
      vertex -43.67 31.1777 0
      vertex -43.9032 31.9524 -1.08872
      vertex -43.6667 31.7976 -1.17105
    endloop
  endfacet
  facet normal -0.998915 -0.0411076 -0.0218662
    outer loop
      vertex -44.9856 30.4767 6
      vertex -45 -10.5998 83.88
      vertex -44.9866 30.501 6
    endloop
  endfacet
  facet normal -0.998803 -0.0431946 -0.0229669
    outer loop
      vertex -45 -10.5998 83.88
      vertex -44.9856 30.4767 6
      vertex -44.9856 -10.8594 83.742
    endloop
  endfacet
  facet normal -1 0 0
    outer loop
      vertex -44.9856 33.667 0
      vertex -44.9856 33.6675 0
      vertex -44.9856 33.7404 -0.138048
    endloop
  endfacet
  facet normal -0.988971 -0.130773 -0.0695332
    outer loop
      vertex -44.9824 30.4525 6
      vertex -44.9856 -10.8594 83.742
      vertex -44.9856 30.4767 6
    endloop
  endfacet
  facet normal -0.989179 -0.129538 -0.0688767
    outer loop
      vertex -44.9856 -10.8594 83.742
      vertex -44.9824 30.4525 6
      vertex -44.9424 -11.1166 83.6053
    endloop
  endfacet
  facet normal -0.982647 -0.163775 -0.0870788
    outer loop
      vertex -44.9855 33.6664 0
      vertex -44.9856 33.667 0
      vertex -44.9856 33.7404 -0.138048
    endloop
  endfacet
  facet normal -0.427686 -0.798143 -0.424326
    outer loop
      vertex -43.4142 31.6639 -1.24211
      vertex -43.148 30.8609 0
      vertex -43.4102 31.0014 0
    endloop
  endfacet
  facet normal -0.42737 -0.798242 -0.424457
    outer loop
      vertex -43.148 30.8609 0
      vertex -43.4142 31.6639 -1.24211
      vertex -43.148 31.5528 -1.3012
    endloop
  endfacet
  facet normal -0.427357 -0.798258 -0.424442
    outer loop
      vertex -43.148 -13.047 82.5788
      vertex -43.3912 27.8009 6
      vertex -43.148 27.6707 6
    endloop
  endfacet
  facet normal -0.427383 -0.798247 -0.424435
    outer loop
      vertex -43.4142 27.8132 6
      vertex -43.148 -13.047 82.5788
      vertex -43.4142 -12.9359 82.6379
    endloop
  endfacet
  facet normal -0.426978 -0.798415 -0.424527
    outer loop
      vertex -43.148 -13.047 82.5788
      vertex -43.4142 27.8132 6
      vertex -43.3912 27.8009 6
    endloop
  endfacet
  facet normal -0.420565 -0.801076 -0.425913
    outer loop
      vertex -43.4102 31.0014 0
      vertex -43.4142 31.0035 0
      vertex -43.4142 31.6639 -1.24211
    endloop
  endfacet
  facet normal 0.99887 0.0419693 0.0223207
    outer loop
      vertex 44.9856 -10.3402 84.0181
      vertex 45 30.8097 6
      vertex 44.999 30.8335 6
    endloop
  endfacet
  facet normal 0.998803 0.0431877 0.0229633
    outer loop
      vertex 45 30.8097 6
      vertex 44.9856 -10.3402 84.0181
      vertex 45 -10.5998 83.88
    endloop
  endfacet
  facet normal 0.000797479 -0.469419 0.882975
    outer loop
      vertex 44.9424 -10.083 84.1548
      vertex 44.8708 -9.83088 84.2889
      vertex 45 -10.5998 83.88
    endloop
  endfacet
  facet normal 0.969997 0.214661 0.114137
    outer loop
      vertex 44.8708 31.796 6
      vertex 44.8708 -9.83088 84.2889
      vertex 44.9375 31.4946 6
    endloop
  endfacet
  facet normal 0.998803 -0.0432564 -0.0228427
    outer loop
      vertex 44.9856 33.6675 0
      vertex 44.9856 33.7404 -0.138048
      vertex 45 34 0
    endloop
  endfacet
  facet normal 0.998794 -0.0433555 -0.0230525
    outer loop
      vertex 45 -10.5998 83.88
      vertex 44.9866 30.501 6
      vertex 45 30.8097 6
    endloop
  endfacet
  facet normal 1 0 0
    outer loop
      vertex 44.9856 33.6675 0
      vertex 44.9856 33.667 0
      vertex 44.9856 33.7404 -0.138048
    endloop
  endfacet
  facet normal 0.998915 -0.0411076 -0.0218662
    outer loop
      vertex 45 -10.5998 83.88
      vertex 44.9856 30.4767 6
      vertex 44.9866 30.501 6
    endloop
  endfacet
  facet normal 0.998803 -0.0431946 -0.0229669
    outer loop
      vertex 44.9856 30.4767 6
      vertex 45 -10.5998 83.88
      vertex 44.9856 -10.8594 83.742
    endloop
  endfacet
  facet normal 0.336882 0.831337 0.44203
    outer loop
      vertex 42.8709 34.0611 6
      vertex 43.148 -8.15259 85.1812
      vertex 42.8862 34.0549 6
    endloop
  endfacet
  facet normal 0.337064 0.831279 0.441998
    outer loop
      vertex 43.148 -8.15259 85.1812
      vertex 42.8709 34.0611 6
      vertex 42.8709 -8.06501 85.2278
    endloop
  endfacet
  facet normal 0.00037135 -0.468814 0.883297
    outer loop
      vertex 43.148 -8.15259 85.1812
      vertex 42.8709 -8.06501 85.2278
      vertex 43.4142 -8.26373 85.1221
    endloop
  endfacet
  facet normal 0.741025 0.59288 0.31524
    outer loop
      vertex 44.1213 -8.72678 84.8759
      vertex 44.319 32.9652 6
      vertex 44.1213 33.2123 6
    endloop
  endfacet
  facet normal 0.740967 0.592936 0.31527
    outer loop
      vertex 44.319 32.9652 6
      vertex 44.1213 -8.72678 84.8759
      vertex 44.319 -8.91939 84.7735
    endloop
  endfacet
  facet normal 0.857663 0.454022 0.241408
    outer loop
      vertex 44.4944 -9.12818 84.6625
      vertex 44.6458 32.4114 6
      vertex 44.4944 32.6974 6
    endloop
  endfacet
  facet normal 0.85768 0.453998 0.241395
    outer loop
      vertex 44.6458 32.4114 6
      vertex 44.4944 -9.12818 84.6625
      vertex 44.6458 -9.35114 84.5439
    endloop
  endfacet
  facet normal 0.00259476 -0.468251 0.883592
    outer loop
      vertex 44.6458 -9.35114 84.5439
      vertex 44.4944 -9.12818 84.6625
      vertex 44.7716 -9.58613 84.419
    endloop
  endfacet
  facet normal 0.989174 0.12957 0.0688937
    outer loop
      vertex 44.9424 -10.083 84.1548
      vertex 44.9856 31.1428 6
      vertex 44.9424 31.4726 6
    endloop
  endfacet
  facet normal 0.989179 0.129538 0.0688765
    outer loop
      vertex 44.9856 31.1428 6
      vertex 44.9424 -10.083 84.1548
      vertex 44.9856 -10.3402 84.0181
    endloop
  endfacet
  facet normal 0.969627 0.215962 0.114824
    outer loop
      vertex 44.8708 -9.83088 84.2889
      vertex 44.9424 31.4726 6
      vertex 44.9375 31.4946 6
    endloop
  endfacet
  facet normal 0.969975 0.214736 0.114177
    outer loop
      vertex 44.9424 31.4726 6
      vertex 44.8708 -9.83088 84.2889
      vertex 44.9424 -10.083 84.1548
    endloop
  endfacet
  facet normal -0.6717 -0.740823 0
    outer loop
      vertex 17.8064 -32.3619 0
      vertex 18.2426 -32.7574 6
      vertex 17.8064 -32.3619 6
    endloop
  endfacet
  facet normal -0.6717 -0.740823 -0
    outer loop
      vertex 18.2426 -32.7574 6
      vertex 17.8064 -32.3619 0
      vertex 18.2426 -32.7574 0
    endloop
  endfacet
  facet normal 0.427612 -0.903962 0
    outer loop
      vertex -16.8284 -31.7085 0
      vertex -16.2961 -31.4567 6
      vertex -16.8284 -31.7085 6
    endloop
  endfacet
  facet normal 0.427612 -0.903962 0
    outer loop
      vertex -16.2961 -31.4567 6
      vertex -16.8284 -31.7085 0
      vertex -16.2961 -31.4567 0
    endloop
  endfacet
  facet normal 0 -1 0
    outer loop
      vertex -14 -31 0
      vertex 14 -31 6
      vertex -14 -31 6
    endloop
  endfacet
  facet normal 0 -1 -0
    outer loop
      vertex 14 -31 6
      vertex -14 -31 0
      vertex 14 -31 0
    endloop
  endfacet
  facet normal 0.903962 0.427612 0
    outer loop
      vertex -19.2915 -39.8284 13.15
      vertex -19.5433 -39.2961 0
      vertex -19.5433 -39.2961 13.15
    endloop
  endfacet
  facet normal 0.903962 0.427612 0
    outer loop
      vertex -19.5433 -39.2961 0
      vertex -19.2915 -39.8284 13.15
      vertex -19.2915 -39.8284 0
    endloop
  endfacet
  facet normal -0.514121 -0.857718 0
    outer loop
      vertex 16.8284 -31.7085 0
      vertex 17.3334 -32.0112 6
      vertex 16.8284 -31.7085 6
    endloop
  endfacet
  facet normal -0.514121 -0.857718 -0
    outer loop
      vertex 17.3334 -32.0112 6
      vertex 16.8284 -31.7085 0
      vertex 17.3334 -32.0112 0
    endloop
  endfacet
  facet normal 0.94158 0.336788 0
    outer loop
      vertex -19.5433 -39.2961 13.15
      vertex -19.7416 -38.7417 0
      vertex -19.7416 -38.7417 13.15
    endloop
  endfacet
  facet normal 0.94158 0.336788 0
    outer loop
      vertex -19.7416 -38.7417 0
      vertex -19.5433 -39.2961 13.15
      vertex -19.5433 -39.2961 0
    endloop
  endfacet
  facet normal -0.740823 -0.6717 0
    outer loop
      vertex 18.6381 -33.1936 0
      vertex 18.2426 -32.7574 6
      vertex 18.2426 -32.7574 0
    endloop
  endfacet
  facet normal -0.740823 -0.6717 0
    outer loop
      vertex 18.2426 -32.7574 6
      vertex 18.6381 -33.1936 0
      vertex 18.6381 -33.1936 6
    endloop
  endfacet
  facet normal -0.803289 -0.595589 0
    outer loop
      vertex 18.9888 -33.6666 0
      vertex 18.6381 -33.1936 6
      vertex 18.6381 -33.1936 0
    endloop
  endfacet
  facet normal -0.803289 -0.595589 0
    outer loop
      vertex 18.6381 -33.1936 6
      vertex 18.9888 -33.6666 0
      vertex 18.9888 -33.6666 6
    endloop
  endfacet
  facet normal 0.970023 0.243015 0
    outer loop
      vertex -19.7416 -38.7417 13.15
      vertex -19.8847 -38.1705 0
      vertex -19.8847 -38.1705 13.15
    endloop
  endfacet
  facet normal 0.970023 0.243015 0
    outer loop
      vertex -19.8847 -38.1705 0
      vertex -19.7416 -38.7417 13.15
      vertex -19.7416 -38.7417 0
    endloop
  endfacet
  facet normal 0.6717 -0.740823 0
    outer loop
      vertex -18.2426 -32.7574 0
      vertex -17.8064 -32.3619 6
      vertex -18.2426 -32.7574 6
    endloop
  endfacet
  facet normal 0.6717 -0.740823 0
    outer loop
      vertex -17.8064 -32.3619 6
      vertex -18.2426 -32.7574 0
      vertex -17.8064 -32.3619 0
    endloop
  endfacet
  facet normal -0.857652 -0.514231 0
    outer loop
      vertex 18.9888 -33.6666 0
      vertex 19.1887 -34 6
      vertex 18.9888 -33.6666 6
    endloop
  endfacet
  facet normal -0.857718 -0.514121 8.29976e-06
    outer loop
      vertex 19.2915 -34.1716 0
      vertex 19.1887 -34 6
      vertex 18.9888 -33.6666 0
    endloop
  endfacet
  facet normal -0.857846 -0.513908 -0
    outer loop
      vertex 19.2915 -34.1716 13.15
      vertex 19.1887 -34 6
      vertex 19.2915 -34.1716 0
    endloop
  endfacet
  facet normal -0.857846 -0.513908 0
    outer loop
      vertex 19.1887 -34 6
      vertex 19.2915 -34.1716 13.15
      vertex 19.1887 -34 13.15
    endloop
  endfacet
  facet normal -0.989174 -0.146746 0
    outer loop
      vertex 19.9711 -36.4119 0
      vertex 19.8847 -35.8295 13.15
      vertex 19.8847 -35.8295 0
    endloop
  endfacet
  facet normal -0.989174 -0.146746 0
    outer loop
      vertex 19.8847 -35.8295 13.15
      vertex 19.9711 -36.4119 0
      vertex 19.9711 -36.4119 13.15
    endloop
  endfacet
  facet normal 0.998795 0.0490821 0
    outer loop
      vertex -19.9711 -37.5881 13.15
      vertex -20 -37 0
      vertex -20 -37 13.15
    endloop
  endfacet
  facet normal 0.998795 0.0490821 0
    outer loop
      vertex -20 -37 0
      vertex -19.9711 -37.5881 13.15
      vertex -19.9711 -37.5881 0
    endloop
  endfacet
  facet normal -0.989174 0.146746 0
    outer loop
      vertex 19.8847 -38.1705 0
      vertex 19.9711 -37.5881 13.15
      vertex 19.9711 -37.5881 0
    endloop
  endfacet
  facet normal -0.989174 0.146746 0
    outer loop
      vertex 19.9711 -37.5881 13.15
      vertex 19.8847 -38.1705 0
      vertex 19.8847 -38.1705 13.15
    endloop
  endfacet
  facet normal -0.903962 -0.427612 0
    outer loop
      vertex 19.5433 -34.7039 0
      vertex 19.2915 -34.1716 13.15
      vertex 19.2915 -34.1716 0
    endloop
  endfacet
  facet normal -0.903962 -0.427612 0
    outer loop
      vertex 19.2915 -34.1716 13.15
      vertex 19.5433 -34.7039 0
      vertex 19.5433 -34.7039 13.15
    endloop
  endfacet
  facet normal -0.146746 -0.989174 0
    outer loop
      vertex 14.5881 -31.0289 0
      vertex 15.1705 -31.1153 6
      vertex 14.5881 -31.0289 6
    endloop
  endfacet
  facet normal -0.146746 -0.989174 -0
    outer loop
      vertex 15.1705 -31.1153 6
      vertex 14.5881 -31.0289 0
      vertex 15.1705 -31.1153 0
    endloop
  endfacet
  facet normal -0.427612 -0.903962 0
    outer loop
      vertex 16.2961 -31.4567 0
      vertex 16.8284 -31.7085 6
      vertex 16.2961 -31.4567 6
    endloop
  endfacet
  facet normal -0.427612 -0.903962 -0
    outer loop
      vertex 16.8284 -31.7085 6
      vertex 16.2961 -31.4567 0
      vertex 16.8284 -31.7085 0
    endloop
  endfacet
  facet normal -0.336788 -0.94158 0
    outer loop
      vertex 15.7417 -31.2584 0
      vertex 16.2961 -31.4567 6
      vertex 15.7417 -31.2584 6
    endloop
  endfacet
  facet normal -0.336788 -0.94158 -0
    outer loop
      vertex 16.2961 -31.4567 6
      vertex 15.7417 -31.2584 0
      vertex 16.2961 -31.4567 0
    endloop
  endfacet
  facet normal -0.243015 -0.970023 0
    outer loop
      vertex 15.1705 -31.1153 0
      vertex 15.7417 -31.2584 6
      vertex 15.1705 -31.1153 6
    endloop
  endfacet
  facet normal -0.243015 -0.970023 -0
    outer loop
      vertex 15.7417 -31.2584 6
      vertex 15.1705 -31.1153 0
      vertex 15.7417 -31.2584 0
    endloop
  endfacet
  facet normal -0.903962 0.427612 0
    outer loop
      vertex 19.2915 -39.8284 0
      vertex 19.5433 -39.2961 13.15
      vertex 19.5433 -39.2961 0
    endloop
  endfacet
  facet normal -0.903962 0.427612 0
    outer loop
      vertex 19.5433 -39.2961 13.15
      vertex 19.2915 -39.8284 0
      vertex 19.2915 -39.8284 13.15
    endloop
  endfacet
  facet normal 0.243015 -0.970023 0
    outer loop
      vertex -15.7417 -31.2584 0
      vertex -15.1705 -31.1153 6
      vertex -15.7417 -31.2584 6
    endloop
  endfacet
  facet normal 0.243015 -0.970023 0
    outer loop
      vertex -15.1705 -31.1153 6
      vertex -15.7417 -31.2584 0
      vertex -15.1705 -31.1153 0
    endloop
  endfacet
  facet normal -0.94158 0.336788 0
    outer loop
      vertex 19.5433 -39.2961 0
      vertex 19.7416 -38.7417 13.15
      vertex 19.7416 -38.7417 0
    endloop
  endfacet
  facet normal -0.94158 0.336788 0
    outer loop
      vertex 19.7416 -38.7417 13.15
      vertex 19.5433 -39.2961 0
      vertex 19.5433 -39.2961 13.15
    endloop
  endfacet
  facet normal -0.595589 -0.803289 0
    outer loop
      vertex 17.3334 -32.0112 0
      vertex 17.8064 -32.3619 6
      vertex 17.3334 -32.0112 6
    endloop
  endfacet
  facet normal -0.595589 -0.803289 -0
    outer loop
      vertex 17.8064 -32.3619 6
      vertex 17.3334 -32.0112 0
      vertex 17.8064 -32.3619 0
    endloop
  endfacet
  facet normal 0.998795 -0.0490821 0
    outer loop
      vertex -20 -37 13.15
      vertex -19.9711 -36.4119 0
      vertex -19.9711 -36.4119 13.15
    endloop
  endfacet
  facet normal 0.998795 -0.0490821 0
    outer loop
      vertex -19.9711 -36.4119 0
      vertex -20 -37 13.15
      vertex -20 -37 0
    endloop
  endfacet
  facet normal 0.0490821 -0.998795 0
    outer loop
      vertex -14.5881 -31.0289 0
      vertex -14 -31 6
      vertex -14.5881 -31.0289 6
    endloop
  endfacet
  facet normal 0.0490821 -0.998795 0
    outer loop
      vertex -14 -31 6
      vertex -14.5881 -31.0289 0
      vertex -14 -31 0
    endloop
  endfacet
  facet normal 0.740823 -0.6717 0
    outer loop
      vertex -18.6381 -33.1936 6
      vertex -18.2426 -32.7574 0
      vertex -18.2426 -32.7574 6
    endloop
  endfacet
  facet normal 0.740823 -0.6717 0
    outer loop
      vertex -18.2426 -32.7574 0
      vertex -18.6381 -33.1936 6
      vertex -18.6381 -33.1936 0
    endloop
  endfacet
  facet normal 0.146746 -0.989174 0
    outer loop
      vertex -15.1705 -31.1153 0
      vertex -14.5881 -31.0289 6
      vertex -15.1705 -31.1153 6
    endloop
  endfacet
  facet normal 0.146746 -0.989174 0
    outer loop
      vertex -14.5881 -31.0289 6
      vertex -15.1705 -31.1153 0
      vertex -14.5881 -31.0289 0
    endloop
  endfacet
  facet normal 0.336788 -0.94158 0
    outer loop
      vertex -16.2961 -31.4567 0
      vertex -15.7417 -31.2584 6
      vertex -16.2961 -31.4567 6
    endloop
  endfacet
  facet normal 0.336788 -0.94158 0
    outer loop
      vertex -15.7417 -31.2584 6
      vertex -16.2961 -31.4567 0
      vertex -15.7417 -31.2584 0
    endloop
  endfacet
  facet normal 0.903962 -0.427612 0
    outer loop
      vertex -19.5433 -34.7039 13.15
      vertex -19.2915 -34.1716 0
      vertex -19.2915 -34.1716 13.15
    endloop
  endfacet
  facet normal 0.903962 -0.427612 0
    outer loop
      vertex -19.2915 -34.1716 0
      vertex -19.5433 -34.7039 13.15
      vertex -19.5433 -34.7039 0
    endloop
  endfacet
  facet normal 0.857846 0.513908 0
    outer loop
      vertex -19.1887 -40 13.15
      vertex -19.2915 -39.8284 0
      vertex -19.2915 -39.8284 13.15
    endloop
  endfacet
  facet normal 0.857846 0.513908 0
    outer loop
      vertex -19.2915 -39.8284 0
      vertex -19.1887 -40 13.15
      vertex -19.1887 -40 0
    endloop
  endfacet
  facet normal -0.0490821 -0.998795 0
    outer loop
      vertex 14 -31 0
      vertex 14.5881 -31.0289 6
      vertex 14 -31 6
    endloop
  endfacet
  facet normal -0.0490821 -0.998795 -0
    outer loop
      vertex 14.5881 -31.0289 6
      vertex 14 -31 0
      vertex 14.5881 -31.0289 0
    endloop
  endfacet
  facet normal -0.998795 -0.0490821 0
    outer loop
      vertex 20 -37 0
      vertex 19.9711 -36.4119 13.15
      vertex 19.9711 -36.4119 0
    endloop
  endfacet
  facet normal -0.998795 -0.0490821 0
    outer loop
      vertex 19.9711 -36.4119 13.15
      vertex 20 -37 0
      vertex 20 -37 13.15
    endloop
  endfacet
  facet normal -0.998795 0.0490821 0
    outer loop
      vertex 19.9711 -37.5881 0
      vertex 20 -37 13.15
      vertex 20 -37 0
    endloop
  endfacet
  facet normal -0.998795 0.0490821 0
    outer loop
      vertex 20 -37 13.15
      vertex 19.9711 -37.5881 0
      vertex 19.9711 -37.5881 13.15
    endloop
  endfacet
  facet normal 0.989174 -0.146746 0
    outer loop
      vertex -19.9711 -36.4119 13.15
      vertex -19.8847 -35.8295 0
      vertex -19.8847 -35.8295 13.15
    endloop
  endfacet
  facet normal 0.989174 -0.146746 0
    outer loop
      vertex -19.8847 -35.8295 0
      vertex -19.9711 -36.4119 13.15
      vertex -19.9711 -36.4119 0
    endloop
  endfacet
  facet normal -0.970023 0.243015 0
    outer loop
      vertex 19.7416 -38.7417 0
      vertex 19.8847 -38.1705 13.15
      vertex 19.8847 -38.1705 0
    endloop
  endfacet
  facet normal -0.970023 0.243015 0
    outer loop
      vertex 19.8847 -38.1705 13.15
      vertex 19.7416 -38.7417 0
      vertex 19.7416 -38.7417 13.15
    endloop
  endfacet
  facet normal -0.857846 0.513908 0
    outer loop
      vertex 19.1887 -40 0
      vertex 19.2915 -39.8284 13.15
      vertex 19.2915 -39.8284 0
    endloop
  endfacet
  facet normal -0.857846 0.513908 0
    outer loop
      vertex 19.2915 -39.8284 13.15
      vertex 19.1887 -40 0
      vertex 19.1887 -40 13.15
    endloop
  endfacet
  facet normal 0 0 -1
    outer loop
      vertex 19.9711 -37.5881 13.15
      vertex 19.9711 -36.4119 13.15
      vertex 20 -37 13.15
    endloop
  endfacet
  facet normal 0 0 -1
    outer loop
      vertex 19.8847 -38.1705 13.15
      vertex 19.9711 -36.4119 13.15
      vertex 19.9711 -37.5881 13.15
    endloop
  endfacet
  facet normal 0 0 -1
    outer loop
      vertex 19.8847 -38.1705 13.15
      vertex 19.8847 -35.8295 13.15
      vertex 19.9711 -36.4119 13.15
    endloop
  endfacet
  facet normal 0 0 -1
    outer loop
      vertex 19.7416 -38.7417 13.15
      vertex 19.8847 -35.8295 13.15
      vertex 19.8847 -38.1705 13.15
    endloop
  endfacet
  facet normal 0 0 -1
    outer loop
      vertex 19.7416 -38.7417 13.15
      vertex 19.7416 -35.2583 13.15
      vertex 19.8847 -35.8295 13.15
    endloop
  endfacet
  facet normal 0 0 -1
    outer loop
      vertex 19.5433 -39.2961 13.15
      vertex 19.7416 -35.2583 13.15
      vertex 19.7416 -38.7417 13.15
    endloop
  endfacet
  facet normal 0 0 -1
    outer loop
      vertex 19.5433 -39.2961 13.15
      vertex 19.5433 -34.7039 13.15
      vertex 19.7416 -35.2583 13.15
    endloop
  endfacet
  facet normal 0 0 -1
    outer loop
      vertex 19.1887 -40 13.15
      vertex 19.5433 -39.2961 13.15
      vertex 19.2915 -39.8284 13.15
    endloop
  endfacet
  facet normal -0 0 -1
    outer loop
      vertex 19.5433 -39.2961 13.15
      vertex 19.1887 -40 13.15
      vertex 19.5433 -34.7039 13.15
    endloop
  endfacet
  facet normal 0 0 -1
    outer loop
      vertex 19.1887 -34 13.15
      vertex 19.5433 -34.7039 13.15
      vertex 19.1887 -40 13.15
    endloop
  endfacet
  facet normal 0 0 -1
    outer loop
      vertex 19.5433 -34.7039 13.15
      vertex 19.1887 -34 13.15
      vertex 19.2915 -34.1716 13.15
    endloop
  endfacet
  facet normal 0 0 -1
    outer loop
      vertex -19.1887 -40 13.15
      vertex 19.1887 -34 13.15
      vertex 19.1887 -40 13.15
    endloop
  endfacet
  facet normal 0 0 -1
    outer loop
      vertex -19.1887 -40 13.15
      vertex -19.1887 -34 13.15
      vertex 19.1887 -34 13.15
    endloop
  endfacet
  facet normal 0 0 -1
    outer loop
      vertex -19.5433 -39.2961 13.15
      vertex -19.1887 -40 13.15
      vertex -19.2915 -39.8284 13.15
    endloop
  endfacet
  facet normal 0 0 -1
    outer loop
      vertex -19.1887 -40 13.15
      vertex -19.5433 -39.2961 13.15
      vertex -19.1887 -34 13.15
    endloop
  endfacet
  facet normal 0 0 -1
    outer loop
      vertex -19.5433 -34.7039 13.15
      vertex -19.1887 -34 13.15
      vertex -19.5433 -39.2961 13.15
    endloop
  endfacet
  facet normal 0 0 -1
    outer loop
      vertex -19.1887 -34 13.15
      vertex -19.5433 -34.7039 13.15
      vertex -19.2915 -34.1716 13.15
    endloop
  endfacet
  facet normal 0 0 -1
    outer loop
      vertex -19.7416 -38.7417 13.15
      vertex -19.5433 -34.7039 13.15
      vertex -19.5433 -39.2961 13.15
    endloop
  endfacet
  facet normal 0 0 -1
    outer loop
      vertex -19.7416 -38.7417 13.15
      vertex -19.7416 -35.2583 13.15
      vertex -19.5433 -34.7039 13.15
    endloop
  endfacet
  facet normal 0 0 -1
    outer loop
      vertex -19.8847 -38.1705 13.15
      vertex -19.7416 -35.2583 13.15
      vertex -19.7416 -38.7417 13.15
    endloop
  endfacet
  facet normal 0 0 -1
    outer loop
      vertex -19.8847 -38.1705 13.15
      vertex -19.8847 -35.8295 13.15
      vertex -19.7416 -35.2583 13.15
    endloop
  endfacet
  facet normal 0 0 -1
    outer loop
      vertex -19.9711 -37.5881 13.15
      vertex -19.8847 -35.8295 13.15
      vertex -19.8847 -38.1705 13.15
    endloop
  endfacet
  facet normal 0 0 -1
    outer loop
      vertex -19.9711 -37.5881 13.15
      vertex -19.9711 -36.4119 13.15
      vertex -19.8847 -35.8295 13.15
    endloop
  endfacet
  facet normal 0 -0 -1
    outer loop
      vertex -19.9711 -36.4119 13.15
      vertex -19.9711 -37.5881 13.15
      vertex -20 -37 13.15
    endloop
  endfacet
  facet normal 0.970023 -0.243015 0
    outer loop
      vertex -19.8847 -35.8295 13.15
      vertex -19.7416 -35.2583 0
      vertex -19.7416 -35.2583 13.15
    endloop
  endfacet
  facet normal 0.970023 -0.243015 0
    outer loop
      vertex -19.7416 -35.2583 0
      vertex -19.8847 -35.8295 13.15
      vertex -19.8847 -35.8295 0
    endloop
  endfacet
  facet normal 0.514121 -0.857718 0
    outer loop
      vertex -17.3334 -32.0112 0
      vertex -16.8284 -31.7085 6
      vertex -17.3334 -32.0112 6
    endloop
  endfacet
  facet normal 0.514121 -0.857718 0
    outer loop
      vertex -16.8284 -31.7085 6
      vertex -17.3334 -32.0112 0
      vertex -16.8284 -31.7085 0
    endloop
  endfacet
  facet normal -0.970023 -0.243015 0
    outer loop
      vertex 19.8847 -35.8295 0
      vertex 19.7416 -35.2583 13.15
      vertex 19.7416 -35.2583 0
    endloop
  endfacet
  facet normal -0.970023 -0.243015 0
    outer loop
      vertex 19.7416 -35.2583 13.15
      vertex 19.8847 -35.8295 0
      vertex 19.8847 -35.8295 13.15
    endloop
  endfacet
  facet normal 0.94158 -0.336788 0
    outer loop
      vertex -19.7416 -35.2583 13.15
      vertex -19.5433 -34.7039 0
      vertex -19.5433 -34.7039 13.15
    endloop
  endfacet
  facet normal 0.94158 -0.336788 0
    outer loop
      vertex -19.5433 -34.7039 0
      vertex -19.7416 -35.2583 13.15
      vertex -19.7416 -35.2583 0
    endloop
  endfacet
  facet normal -0.94158 -0.336788 0
    outer loop
      vertex 19.7416 -35.2583 0
      vertex 19.5433 -34.7039 13.15
      vertex 19.5433 -34.7039 0
    endloop
  endfacet
  facet normal -0.94158 -0.336788 0
    outer loop
      vertex 19.5433 -34.7039 13.15
      vertex 19.7416 -35.2583 0
      vertex 19.7416 -35.2583 13.15
    endloop
  endfacet
  facet normal 0.989174 0.146746 0
    outer loop
      vertex -19.8847 -38.1705 13.15
      vertex -19.9711 -37.5881 0
      vertex -19.9711 -37.5881 13.15
    endloop
  endfacet
  facet normal 0.989174 0.146746 0
    outer loop
      vertex -19.9711 -37.5881 0
      vertex -19.8847 -38.1705 13.15
      vertex -19.8847 -38.1705 0
    endloop
  endfacet
  facet normal 0.857846 -0.513908 0
    outer loop
      vertex -19.1887 -34 13.15
      vertex -19.2915 -34.1716 13.15
      vertex -19.1887 -34 6
    endloop
  endfacet
  facet normal 0.857652 -0.514231 0
    outer loop
      vertex -19.1887 -34 6
      vertex -18.9888 -33.6666 0
      vertex -18.9888 -33.6666 6
    endloop
  endfacet
  facet normal 0.857718 -0.514121 8.29976e-06
    outer loop
      vertex -19.1887 -34 6
      vertex -19.2915 -34.1716 0
      vertex -18.9888 -33.6666 0
    endloop
  endfacet
  facet normal 0.857846 -0.513908 0
    outer loop
      vertex -19.2915 -34.1716 0
      vertex -19.1887 -34 6
      vertex -19.2915 -34.1716 13.15
    endloop
  endfacet
  facet normal 0.595589 -0.803289 0
    outer loop
      vertex -17.8064 -32.3619 0
      vertex -17.3334 -32.0112 6
      vertex -17.8064 -32.3619 6
    endloop
  endfacet
  facet normal 0.595589 -0.803289 0
    outer loop
      vertex -17.3334 -32.0112 6
      vertex -17.8064 -32.3619 0
      vertex -17.3334 -32.0112 0
    endloop
  endfacet
  facet normal 0.803289 -0.595589 0
    outer loop
      vertex -18.9888 -33.6666 6
      vertex -18.6381 -33.1936 0
      vertex -18.6381 -33.1936 6
    endloop
  endfacet
  facet normal 0.803289 -0.595589 0
    outer loop
      vertex -18.6381 -33.1936 0
      vertex -18.9888 -33.6666 6
      vertex -18.9888 -33.6666 0
    endloop
  endfacet
endsolid OpenSCAD_Model
