solid OpenSCAD_Model
  facet normal 0.127949 -0.971978 0.197201
    outer loop
      vertex 53.7051 2.51728 12.39
      vertex 54.0419 3.09115 15
      vertex 53.5229 3.02283 15
    endloop
  endfacet
  facet normal 0.127969 -0.971976 0.197198
    outer loop
      vertex 54.0419 3.09115 15
      vertex 53.7051 2.51728 12.39
      vertex 54.1331 2.57363 12.39
    endloop
  endfacet
  facet normal 0.127545 -0.972032 0.197197
    outer loop
      vertex 54.2072 2.15337 10.2705
      vertex 54.1755 2.14635 10.2564
      vertex 54.5628 0.13673 0.0999994
    endloop
  endfacet
  facet normal 0.128004 -0.97197 0.197202
    outer loop
      vertex 53.854 2.10401 10.2564
      vertex 54.5628 0.13673 0.0999994
      vertex 54.1755 2.14635 10.2564
    endloop
  endfacet
  facet normal 0.596938 0.777677 0.197188
    outer loop
      vertex 56.852 54.2617 12.39
      vertex 56.8567 53.5963 15
      vertex 57.1945 53.9988 12.39
    endloop
  endfacet
  facet normal 0.596813 0.777767 0.197211
    outer loop
      vertex 56.8567 53.5963 15
      vertex 56.852 54.2617 12.39
      vertex 56.4415 53.9149 15
    endloop
  endfacet
  facet normal 0.587887 0.784567 0.19709
    outer loop
      vertex 57.4632 54.319 10.3143
      vertex 58.7851 55.8944 0.0999994
      vertex 57.4595 54.3223 10.3122
    endloop
  endfacet
  facet normal 0.596827 0.777759 0.197202
    outer loop
      vertex 57.1788 54.5377 10.3122
      vertex 57.4595 54.3223 10.3122
      vertex 58.7851 55.8944 0.0999994
    endloop
  endfacet
  facet normal -0.869607 0.45265 0.197209
    outer loop
      vertex 3.14939 51.8798 12.39
      vertex 3.80385 52 15
      vertex 3.34875 52.2628 12.39
    endloop
  endfacet
  facet normal -0.869592 0.452682 0.197203
    outer loop
      vertex 3.80385 52 15
      vertex 3.14939 51.8798 12.39
      vertex 3.56215 51.5357 15
    endloop
  endfacet
  facet normal -0.870315 0.451298 0.197186
    outer loop
      vertex 1.20577 53.5 0.0999994
      vertex 2.97782 52.46 10.3015
      vertex 2.9857 52.4724 10.3079
    endloop
  endfacet
  facet normal -0.869605 0.452657 0.197201
    outer loop
      vertex 2.97782 52.46 10.3015
      vertex 1.20577 53.5 0.0999994
      vertex 2.81911 52.1551 10.3015
    endloop
  endfacet
  facet normal -0.979431 -0.0427577 0.1972
    outer loop
      vertex 2.49333 8.56867 12.39
      vertex 3 9 15
      vertex 2.4745 9 12.39
    endloop
  endfacet
  facet normal -0.97943 -0.0427598 0.1972
    outer loop
      vertex 3 9 15
      vertex 2.49333 8.56867 12.39
      vertex 3.02283 8.47707 15
    endloop
  endfacet
  facet normal -0.97943 -0.0427658 0.1972
    outer loop
      vertex 2.04175 9 10.2407
      vertex 0 9 0.0999994
      vertex 2.05729 8.6441 10.2407
    endloop
  endfacet
  facet normal -0.675593 -0.737275 0
    outer loop
      vertex 2.63604 2.63604 0
      vertex 3.21491 2.1056 0.0999994
      vertex 2.63604 2.63604 0.0999994
    endloop
  endfacet
  facet normal -0.675593 -0.737275 -0
    outer loop
      vertex 3.21491 2.1056 0.0999994
      vertex 2.63604 2.63604 0
      vertex 3.21491 2.1056 0
    endloop
  endfacet
  facet normal -0.777343 -0.597368 0.197206
    outer loop
      vertex 3.67769 4.54049 10.3122
      vertex 2.1056 3.21491 0.0999994
      vertex 3.68102 4.53685 10.3143
    endloop
  endfacet
  facet normal -0.777773 -0.59681 0.1972
    outer loop
      vertex 2.1056 3.21491 0.0999994
      vertex 3.67769 4.54049 10.3122
      vertex 3.4623 4.82119 10.3122
    endloop
  endfacet
  facet normal -0.777781 -0.596798 0.197203
    outer loop
      vertex 3.73834 5.14801 12.39
      vertex 4.40373 5.14327 15
      vertex 4.08509 5.55854 15
    endloop
  endfacet
  facet normal -0.777769 -0.596815 0.1972
    outer loop
      vertex 4.40373 5.14327 15
      vertex 3.73834 5.14801 12.39
      vertex 4.00117 4.80549 12.39
    endloop
  endfacet
  facet normal 0.375161 -0.90574 0.197203
    outer loop
      vertex 56.8036 0.843229 0.0999994
      vertex 55.9183 2.69584 10.2931
      vertex 56.0782 0.542766 0.0999994
    endloop
  endfacet
  facet normal 0.375023 -0.905798 0.197202
    outer loop
      vertex 55.9183 2.69584 10.2931
      vertex 56.8036 0.843229 0.0999994
      vertex 55.9355 2.70479 10.3015
    endloop
  endfacet
  facet normal 0.375315 -0.905678 0.197193
    outer loop
      vertex 55.7071 2.60834 10.2932
      vertex 56.0782 0.542766 0.0999994
      vertex 55.9183 2.69584 10.2931
    endloop
  endfacet
  facet normal 0.375129 -0.905754 0.197199
    outer loop
      vertex 55.7578 3.08589 12.39
      vertex 55.5357 3.56215 15
      vertex 55.6307 3.03325 12.39
    endloop
  endfacet
  facet normal 0.130532 -0.991444 0
    outer loop
      vertex 53.7844 0.0342474 0
      vertex 54.5628 0.13673 0.0999994
      vertex 53.7844 0.0342474 0.0999994
    endloop
  endfacet
  facet normal 0.130532 -0.991444 0
    outer loop
      vertex 54.5628 0.13673 0.0999994
      vertex 53.7844 0.0342474 0
      vertex 54.5628 0.13673 0
    endloop
  endfacet
  facet normal -0.452684 -0.869591 0.197202
    outer loop
      vertex 5.19643 0.843229 0.0999994
      vertex 5.84488 2.81911 10.3015
      vertex 4.5 1.20577 0.0999994
    endloop
  endfacet
  facet normal -0.452676 -0.869595 0.197202
    outer loop
      vertex 5.84488 2.81911 10.3015
      vertex 5.19643 0.843229 0.0999994
      vertex 6.06449 2.70479 10.3015
    endloop
  endfacet
  facet normal -0.452659 -0.869605 0.197199
    outer loop
      vertex 6.46429 3.56215 15
      vertex 6.12021 3.14939 12.39
      vertex 6.2422 3.08589 12.39
    endloop
  endfacet
  facet normal -0.00126544 0.980327 0.197376
    outer loop
      vertex 53 58 0.0999994
      vertex 52.96 55.96 10.232
      vertex 53 55.9583 10.2407
    endloop
  endfacet
  facet normal 0 0.980327 0.197381
    outer loop
      vertex 53 58 0.0999994
      vertex 37.4667 55.96 10.232
      vertex 52.96 55.96 10.232
    endloop
  endfacet
  facet normal 0 0.980327 0.197381
    outer loop
      vertex 37.4667 55.96 10.232
      vertex 53 58 0.0999994
      vertex 37.4667 58 0.0999994
    endloop
  endfacet
  facet normal 0 0.980327 0.19738
    outer loop
      vertex 24.5333 55.5255 12.39
      vertex 9 55 15
      vertex 24.5333 55 15
    endloop
  endfacet
  facet normal 0 0.980327 0.19738
    outer loop
      vertex 9 55 15
      vertex 24.5333 55.5255 12.39
      vertex 9 55.5255 12.39
    endloop
  endfacet
  facet normal 0 0.980327 0.197381
    outer loop
      vertex 24.5333 55.96 10.232
      vertex 24.5333 58 0.0999994
      vertex 9.04 55.96 10.232
    endloop
  endfacet
  facet normal -0 0.980327 0.197381
    outer loop
      vertex 9 58 0.0999994
      vertex 9.04 55.96 10.232
      vertex 24.5333 58 0.0999994
    endloop
  endfacet
  facet normal 0.00126544 0.980327 0.197376
    outer loop
      vertex 9.04 55.96 10.232
      vertex 9 58 0.0999994
      vertex 9 55.9583 10.2407
    endloop
  endfacet
  facet normal 0 0.980327 0.19738
    outer loop
      vertex 53 55.5255 12.39
      vertex 37.4667 55 15
      vertex 53 55 15
    endloop
  endfacet
  facet normal 0 0.980327 0.19738
    outer loop
      vertex 37.4667 55 15
      vertex 53 55.5255 12.39
      vertex 37.4667 55.5255 12.39
    endloop
  endfacet
  facet normal 0.979441 -0.0425267 0.197198
    outer loop
      vertex 61.9658 8.2156 0.0999994
      vertex 59.9427 8.6441 10.2407
      vertex 59.9334 8.42991 10.2407
    endloop
  endfacet
  facet normal 0.97935 -0.0444586 0.197221
    outer loop
      vertex 61.9658 8.2156 0.0999994
      vertex 59.9334 8.42991 10.2407
      vertex 59.9286 8.39382 10.2564
    endloop
  endfacet
  facet normal 0.979432 -0.0427034 0.197204
    outer loop
      vertex 59.9427 8.6441 10.2407
      vertex 61.9658 8.2156 0.0999994
      vertex 62 9 0.0999994
    endloop
  endfacet
  facet normal 0.97943 -0.0427668 0.1972
    outer loop
      vertex 59.5067 8.56867 12.39
      vertex 58.9772 8.47707 15
      vertex 59.5007 8.43126 12.39
    endloop
  endfacet
  facet normal 0.976283 0.216499 0
    outer loop
      vertex 61.8633 50.5628 0.0999994
      vertex 61.6933 51.3294 0
      vertex 61.6933 51.3294 0.0999994
    endloop
  endfacet
  facet normal 0.976283 0.216499 0
    outer loop
      vertex 61.6933 51.3294 0
      vertex 61.8633 50.5628 0.0999994
      vertex 61.8633 50.5628 0
    endloop
  endfacet
  facet normal 0.976279 -0.216515 0
    outer loop
      vertex 61.6933 6.67063 0.0999994
      vertex 61.8633 7.43717 0
      vertex 61.8633 7.43717 0.0999994
    endloop
  endfacet
  facet normal 0.976279 -0.216515 0
    outer loop
      vertex 61.8633 7.43717 0
      vertex 61.6933 6.67063 0.0999994
      vertex 61.6933 6.67063 0
    endloop
  endfacet
  facet normal 0.934992 -0.294801 0.197187
    outer loop
      vertex 58.6382 6.94788 15
      vertex 59.2618 7.17991 12.39
      vertex 58.7956 7.44709 15
    endloop
  endfacet
  facet normal 0.935008 -0.294745 0.197196
    outer loop
      vertex 59.2618 7.17991 12.39
      vertex 58.6382 6.94788 15
      vertex 59.132 6.76815 12.39
    endloop
  endfacet
  facet normal 0.934965 -0.294875 0.197202
    outer loop
      vertex 59.5378 6.64586 10.2828
      vertex 61.4572 5.92182 0.0999994
      vertex 59.6382 6.9642 10.2828
    endloop
  endfacet
  facet normal 0.935752 -0.292389 0.197174
    outer loop
      vertex 61.4572 5.92182 0.0999994
      vertex 59.5378 6.64586 10.2828
      vertex 59.5287 6.62375 10.2932
    endloop
  endfacet
  facet normal -0.793352 0.608763 0
    outer loop
      vertex 1.62763 54.1622 0
      vertex 2.1056 54.7851 0.0999994
      vertex 2.1056 54.7851 0
    endloop
  endfacet
  facet normal -0.793352 0.608763 0
    outer loop
      vertex 2.1056 54.7851 0.0999994
      vertex 1.62763 54.1622 0
      vertex 1.62763 54.1622 0.0999994
    endloop
  endfacet
  facet normal -0.82683 -0.526748 0.197202
    outer loop
      vertex 4.08509 5.55854 15
      vertex 3.58072 5.37312 12.39
      vertex 3.65462 5.25712 12.39
    endloop
  endfacet
  facet normal -0.826843 -0.526728 0.197202
    outer loop
      vertex 1.20577 4.5 0.0999994
      vertex 3.30593 5.02496 10.3079
      vertex 3.17837 5.2252 10.3079
    endloop
  endfacet
  facet normal -0.826831 -0.526747 0.1972
    outer loop
      vertex 1.62763 3.83781 0.0999994
      vertex 3.30593 5.02496 10.3079
      vertex 1.20577 4.5 0.0999994
    endloop
  endfacet
  facet normal -0.827043 -0.526416 0.197196
    outer loop
      vertex 3.30593 5.02496 10.3079
      vertex 1.62763 3.83781 0.0999994
      vertex 3.31192 5.01716 10.3122
    endloop
  endfacet
  facet normal 0.596832 0.777755 0.197202
    outer loop
      vertex 58.1622 56.3724 0.0999994
      vertex 57.1788 54.5377 10.3122
      vertex 58.7851 55.8944 0.0999994
    endloop
  endfacet
  facet normal 0.596817 0.777766 0.197203
    outer loop
      vertex 57.1788 54.5377 10.3122
      vertex 58.1622 56.3724 0.0999994
      vertex 56.9828 54.6881 10.3122
    endloop
  endfacet
  facet normal 0.596737 0.777826 0.197207
    outer loop
      vertex 56.7429 54.3454 12.39
      vertex 56.4415 53.9149 15
      vertex 56.852 54.2617 12.39
    endloop
  endfacet
  facet normal -0.957129 0.212173 0.197199
    outer loop
      vertex 0.13673 50.5628 0.0999994
      vertex 2.20731 50.4506 10.2705
      vertex 0.306667 51.3294 0.0999994
    endloop
  endfacet
  facet normal -0.957141 0.212113 0.197201
    outer loop
      vertex 2.20731 50.4506 10.2705
      vertex 0.13673 50.5628 0.0999994
      vertex 2.15337 50.2072 10.2705
    endloop
  endfacet
  facet normal -0.957131 0.212165 0.197197
    outer loop
      vertex 2.6034 50.2674 12.39
      vertex 2.57363 50.1331 12.39
      vertex 3.09115 50.0419 15
    endloop
  endfacet
  facet normal 0.452692 -0.869587 0.197203
    outer loop
      vertex 56.8036 0.843229 0.0999994
      vertex 56.1551 2.81911 10.3015
      vertex 55.9355 2.70479 10.3015
    endloop
  endfacet
  facet normal 0.452699 -0.869583 0.197203
    outer loop
      vertex 56.1551 2.81911 10.3015
      vertex 56.8036 0.843229 0.0999994
      vertex 57.5 1.20577 0.0999994
    endloop
  endfacet
  facet normal 0.45263 -0.86962 0.197201
    outer loop
      vertex 55.8798 3.14939 12.39
      vertex 55.5357 3.56215 15
      vertex 55.7578 3.08589 12.39
    endloop
  endfacet
  facet normal 0.971989 -0.127869 0.197199
    outer loop
      vertex 59.8537 7.82446 10.2564
      vertex 61.8633 7.43717 0.0999994
      vertex 59.896 8.146 10.2564
    endloop
  endfacet
  facet normal 0.971713 -0.129916 0.197222
    outer loop
      vertex 61.8633 7.43717 0.0999994
      vertex 59.8537 7.82446 10.2564
      vertex 59.8466 7.79276 10.2705
    endloop
  endfacet
  facet normal 0.97196 -0.128106 0.197188
    outer loop
      vertex 58.9088 7.95811 15
      vertex 59.4827 8.29491 12.39
      vertex 58.9772 8.47707 15
    endloop
  endfacet
  facet normal 0.971986 -0.127842 0.197228
    outer loop
      vertex 59.4827 8.29491 12.39
      vertex 58.9088 7.95811 15
      vertex 59.4264 7.86686 12.39
    endloop
  endfacet
  facet normal 0.0427062 0.979432 0.197202
    outer loop
      vertex 53.4313 55.5067 12.39
      vertex 53 55 15
      vertex 53.5229 54.9772 15
    endloop
  endfacet
  facet normal 0.0426927 0.979433 0.1972
    outer loop
      vertex 53 55 15
      vertex 53.4313 55.5067 12.39
      vertex 53 55.5255 12.39
    endloop
  endfacet
  facet normal 0.0429306 0.979424 0.197194
    outer loop
      vertex 53 58 0.0999994
      vertex 53 55.9583 10.2407
      vertex 53.3559 55.9427 10.2407
    endloop
  endfacet
  facet normal 0.382675 -0.923883 0
    outer loop
      vertex 56.0782 0.542766 0
      vertex 56.8036 0.843229 0.0999994
      vertex 56.0782 0.542766 0.0999994
    endloop
  endfacet
  facet normal 0.382675 -0.923883 0
    outer loop
      vertex 56.8036 0.843229 0.0999994
      vertex 56.0782 0.542766 0
      vertex 56.8036 0.843229 0
    endloop
  endfacet
  facet normal 0.979351 0.0444465 0.197221
    outer loop
      vertex 59.9334 49.5701 10.2407
      vertex 61.9658 49.7844 0.0999994
      vertex 59.9286 49.6062 10.2564
    endloop
  endfacet
  facet normal 0.979441 0.0425247 0.197198
    outer loop
      vertex 59.9427 49.3559 10.2407
      vertex 61.9658 49.7844 0.0999994
      vertex 59.9334 49.5701 10.2407
    endloop
  endfacet
  facet normal 0.979432 0.0427034 0.197204
    outer loop
      vertex 61.9658 49.7844 0.0999994
      vertex 59.9427 49.3559 10.2407
      vertex 62 49 0.0999994
    endloop
  endfacet
  facet normal 0.97943 0.0427699 0.197199
    outer loop
      vertex 59.5007 49.5687 12.39
      vertex 58.9772 49.5229 15
      vertex 59.5067 49.4313 12.39
    endloop
  endfacet
  facet normal -0.97943 0.0427607 0.197199
    outer loop
      vertex 3 49 15
      vertex 2.49333 49.4313 12.39
      vertex 2.4745 49 12.39
    endloop
  endfacet
  facet normal -0.97943 0.0427623 0.1972
    outer loop
      vertex 2.49333 49.4313 12.39
      vertex 3 49 15
      vertex 3.02283 49.5229 15
    endloop
  endfacet
  facet normal -0.97943 0.0427658 0.1972
    outer loop
      vertex 2.05729 49.3559 10.2407
      vertex 0 49 0.0999994
      vertex 2.04175 49 10.2407
    endloop
  endfacet
  facet normal 1 -0 0
    outer loop
      vertex 62 9 0.0999994
      vertex 62 49 0
      vertex 62 49 0.0999994
    endloop
  endfacet
  facet normal 1 0 0
    outer loop
      vertex 62 49 0
      vertex 62 9 0.0999994
      vertex 62 9 0
    endloop
  endfacet
  facet normal 0.127911 -0.971983 0.1972
    outer loop
      vertex 53.7051 2.51728 12.39
      vertex 53.5229 3.02283 15
      vertex 53.5687 2.49933 12.39
    endloop
  endfacet
  facet normal 0.12795 -0.971978 0.197202
    outer loop
      vertex 53.7844 0.0342474 0.0999994
      vertex 53.854 2.10401 10.2564
      vertex 53.6062 2.07139 10.2564
    endloop
  endfacet
  facet normal 0.127968 -0.971975 0.197201
    outer loop
      vertex 53.854 2.10401 10.2564
      vertex 53.7844 0.0342474 0.0999994
      vertex 54.5628 0.13673 0.0999994
    endloop
  endfacet
  facet normal 0.675574 -0.737293 0
    outer loop
      vertex 58.7851 2.1056 0
      vertex 59.364 2.63604 0.0999994
      vertex 58.7851 2.1056 0.0999994
    endloop
  endfacet
  facet normal 0.675574 -0.737293 0
    outer loop
      vertex 59.364 2.63604 0.0999994
      vertex 58.7851 2.1056 0
      vertex 59.364 2.63604 0
    endloop
  endfacet
  facet normal 0.826954 -0.526551 0.19721
    outer loop
      vertex 58.6941 5.02496 10.3079
      vertex 60.7942 4.5 0.0999994
      vertex 58.8216 5.2252 10.3079
    endloop
  endfacet
  facet normal 0.82659 -0.527123 0.197204
    outer loop
      vertex 60.3724 3.83781 0.0999994
      vertex 58.6941 5.02496 10.3079
      vertex 58.6881 5.01716 10.3122
    endloop
  endfacet
  facet normal 0.826865 -0.526694 0.197199
    outer loop
      vertex 58.6941 5.02496 10.3079
      vertex 60.3724 3.83781 0.0999994
      vertex 60.7942 4.5 0.0999994
    endloop
  endfacet
  facet normal 0.826829 -0.526747 0.197211
    outer loop
      vertex 58.4193 5.37312 12.39
      vertex 57.9149 5.55854 15
      vertex 58.3454 5.25712 12.39
    endloop
  endfacet
  facet normal 0.999051 -0.0435588 0
    outer loop
      vertex 61.9658 8.2156 0.0999994
      vertex 62 9 0
      vertex 62 9 0.0999994
    endloop
  endfacet
  facet normal 0.999051 -0.0435588 0
    outer loop
      vertex 62 9 0
      vertex 61.9658 8.2156 0.0999994
      vertex 61.9658 8.2156 0
    endloop
  endfacet
  facet normal 0.608763 -0.793352 0
    outer loop
      vertex 58.1622 1.62763 0
      vertex 58.7851 2.1056 0.0999994
      vertex 58.1622 1.62763 0.0999994
    endloop
  endfacet
  facet normal 0.608763 -0.793352 0
    outer loop
      vertex 58.7851 2.1056 0.0999994
      vertex 58.1622 1.62763 0
      vertex 58.7851 2.1056 0
    endloop
  endfacet
  facet normal -0.452658 0.869602 0.197212
    outer loop
      vertex 6.2422 54.9141 12.39
      vertex 6.12021 54.8506 12.39
      vertex 6.46429 54.4378 15
    endloop
  endfacet
  facet normal -0.452613 0.869627 0.197206
    outer loop
      vertex 5.19643 57.1568 0.0999994
      vertex 5.84488 55.1809 10.3015
      vertex 6.06449 55.2952 10.3015
    endloop
  endfacet
  facet normal -0.452742 0.869561 0.197201
    outer loop
      vertex 5.84488 55.1809 10.3015
      vertex 5.19643 57.1568 0.0999994
      vertex 4.5 56.7942 0.0999994
    endloop
  endfacet
  facet normal 0.294718 0.935015 0.197203
    outer loop
      vertex 54.8201 55.2618 12.39
      vertex 55.0521 54.6382 15
      vertex 55.2319 55.132 12.39
    endloop
  endfacet
  facet normal 0.294806 0.93499 0.197189
    outer loop
      vertex 55.0521 54.6382 15
      vertex 54.8201 55.2618 12.39
      vertex 54.5529 54.7956 15
    endloop
  endfacet
  facet normal 0.294909 0.934954 0.197205
    outer loop
      vertex 55.3541 55.5378 10.2828
      vertex 56.0782 57.4572 0.0999994
      vertex 55.0358 55.6382 10.2828
    endloop
  endfacet
  facet normal 0.292505 0.935715 0.197177
    outer loop
      vertex 56.0782 57.4572 0.0999994
      vertex 55.3541 55.5378 10.2828
      vertex 55.3762 55.5287 10.2932
    endloop
  endfacet
  facet normal -0.0427034 0.979432 0.197204
    outer loop
      vertex 8.2156 57.9658 0.0999994
      vertex 8.6441 55.9427 10.2407
      vertex 9 58 0.0999994
    endloop
  endfacet
  facet normal -0.0425267 0.979441 0.197198
    outer loop
      vertex 8.6441 55.9427 10.2407
      vertex 8.2156 57.9658 0.0999994
      vertex 8.42991 55.9334 10.2407
    endloop
  endfacet
  facet normal -0.0444586 0.97935 0.197221
    outer loop
      vertex 8.42991 55.9334 10.2407
      vertex 8.2156 57.9658 0.0999994
      vertex 8.39382 55.9286 10.2564
    endloop
  endfacet
  facet normal -0.0427668 0.97943 0.1972
    outer loop
      vertex 8.56867 55.5067 12.39
      vertex 8.43126 55.5007 12.39
      vertex 8.47707 54.9772 15
    endloop
  endfacet
  facet normal 0.0427607 -0.97943 0.197199
    outer loop
      vertex 53.4313 2.49333 12.39
      vertex 53 3 15
      vertex 53 2.4745 12.39
    endloop
  endfacet
  facet normal 0.0427623 -0.97943 0.1972
    outer loop
      vertex 53 3 15
      vertex 53.4313 2.49333 12.39
      vertex 53.5229 3.02283 15
    endloop
  endfacet
  facet normal 0.0427658 -0.97943 0.1972
    outer loop
      vertex 53 2.04175 10.2407
      vertex 53 0 0.0999994
      vertex 53.3559 2.05729 10.2407
    endloop
  endfacet
  facet normal 0 -0.980327 0.19738
    outer loop
      vertex 9 2.4745 12.39
      vertex 53 3 15
      vertex 9 3 15
    endloop
  endfacet
  facet normal 0 -0.980327 0.19738
    outer loop
      vertex 53 3 15
      vertex 9 2.4745 12.39
      vertex 53 2.4745 12.39
    endloop
  endfacet
  facet normal 0 -0.980327 0.197381
    outer loop
      vertex 9.04 2.04 10.232
      vertex 9 0 0.0999994
      vertex 52.96 2.04 10.232
    endloop
  endfacet
  facet normal 4.10833e-05 -0.980327 0.197381
    outer loop
      vertex 9 0 0.0999994
      vertex 9.04 2.04 10.232
      vertex 9 2.04175 10.2407
    endloop
  endfacet
  facet normal 0 -0.980327 0.197381
    outer loop
      vertex 53 0 0.0999994
      vertex 52.96 2.04 10.232
      vertex 9 0 0.0999994
    endloop
  endfacet
  facet normal -4.10833e-05 -0.980327 0.197381
    outer loop
      vertex 52.96 2.04 10.232
      vertex 53 0 0.0999994
      vertex 53 2.04175 10.2407
    endloop
  endfacet
  facet normal 0.527122 0.82659 0.197207
    outer loop
      vertex 56.9828 54.6881 10.3122
      vertex 58.1622 56.3724 0.0999994
      vertex 56.975 54.6941 10.3079
    endloop
  endfacet
  facet normal 0.526688 0.826868 0.197202
    outer loop
      vertex 57.5 56.7942 0.0999994
      vertex 56.975 54.6941 10.3079
      vertex 58.1622 56.3724 0.0999994
    endloop
  endfacet
  facet normal 0.526626 0.826906 0.197207
    outer loop
      vertex 56.975 54.6941 10.3079
      vertex 57.5 56.7942 0.0999994
      vertex 56.7748 54.8216 10.3079
    endloop
  endfacet
  facet normal 0.526747 0.826829 0.197208
    outer loop
      vertex 56.6269 54.4193 12.39
      vertex 56.4415 53.9149 15
      vertex 56.7429 54.3454 12.39
    endloop
  endfacet
  facet normal 0.596861 -0.777733 0.197199
    outer loop
      vertex 56.852 3.73834 12.39
      vertex 56.8567 4.40373 15
      vertex 56.4415 4.08509 15
    endloop
  endfacet
  facet normal 0.596836 -0.777751 0.197204
    outer loop
      vertex 56.8567 4.40373 15
      vertex 56.852 3.73834 12.39
      vertex 57.1945 4.00117 12.39
    endloop
  endfacet
  facet normal 0.591655 -0.781716 0.197139
    outer loop
      vertex 57.4632 3.68102 10.3143
      vertex 57.4595 3.67769 10.3122
      vertex 58.7851 2.1056 0.0999994
    endloop
  endfacet
  facet normal 0.596809 -0.777773 0.197201
    outer loop
      vertex 57.1788 3.4623 10.3122
      vertex 58.7851 2.1056 0.0999994
      vertex 57.4595 3.67769 10.3122
    endloop
  endfacet
  facet normal -0.526738 -0.826837 0.197201
    outer loop
      vertex 5.2252 3.17837 10.3079
      vertex 4.5 1.20577 0.0999994
      vertex 5.52764 2.9857 10.3079
    endloop
  endfacet
  facet normal -0.526738 -0.826836 0.197203
    outer loop
      vertex 5.73725 3.34875 12.39
      vertex 5.55854 4.08509 15
      vertex 5.37312 3.58072 12.39
    endloop
  endfacet
  facet normal -0.526747 -0.826831 0.197201
    outer loop
      vertex 5.55854 4.08509 15
      vertex 5.73725 3.34875 12.39
      vertex 6 3.80385 15
    endloop
  endfacet
  facet normal -0.999048 0.0436191 0
    outer loop
      vertex 0 49 0
      vertex 0.0342474 49.7844 0.0999994
      vertex 0.0342474 49.7844 0
    endloop
  endfacet
  facet normal -0.999048 0.0436191 0
    outer loop
      vertex 0.0342474 49.7844 0.0999994
      vertex 0 49 0
      vertex 0 49 0.0999994
    endloop
  endfacet
  facet normal -0.0426897 0.979433 0.1972
    outer loop
      vertex 8.56867 55.5067 12.39
      vertex 9 55 15
      vertex 9 55.5255 12.39
    endloop
  endfacet
  facet normal -0.0427037 0.979432 0.197202
    outer loop
      vertex 9 55 15
      vertex 8.56867 55.5067 12.39
      vertex 8.47707 54.9772 15
    endloop
  endfacet
  facet normal -0.0429306 0.979424 0.197194
    outer loop
      vertex 9 58 0.0999994
      vertex 8.6441 55.9427 10.2407
      vertex 9 55.9583 10.2407
    endloop
  endfacet
  facet normal -0.97943 0.0427699 0.197199
    outer loop
      vertex 2.49933 49.5687 12.39
      vertex 2.49333 49.4313 12.39
      vertex 3.02283 49.5229 15
    endloop
  endfacet
  facet normal -0.979414 0.0431055 0.197205
    outer loop
      vertex 0.0342474 49.7844 0.0999994
      vertex 2.06664 49.5701 10.2407
      vertex 2.07139 49.6062 10.2564
    endloop
  endfacet
  facet normal -0.979431 0.0427529 0.1972
    outer loop
      vertex 0.0342474 49.7844 0.0999994
      vertex 2.05729 49.3559 10.2407
      vertex 2.06664 49.5701 10.2407
    endloop
  endfacet
  facet normal -0.97943 0.0427625 0.197201
    outer loop
      vertex 2.05729 49.3559 10.2407
      vertex 0.0342474 49.7844 0.0999994
      vertex 0 49 0.0999994
    endloop
  endfacet
  facet normal -0.980327 0 0.19738
    outer loop
      vertex 2.4745 9 12.39
      vertex 3 49 15
      vertex 2.4745 49 12.39
    endloop
  endfacet
  facet normal -0.980327 0 0.19738
    outer loop
      vertex 3 49 15
      vertex 2.4745 9 12.39
      vertex 3 9 15
    endloop
  endfacet
  facet normal -0.980327 -4.10833e-05 0.197381
    outer loop
      vertex 0 49 0.0999994
      vertex 2.04 48.96 10.232
      vertex 2.04175 49 10.2407
    endloop
  endfacet
  facet normal -0.980327 0 0.197381
    outer loop
      vertex 0 49 0.0999994
      vertex 2.04 9.04 10.232
      vertex 2.04 48.96 10.232
    endloop
  endfacet
  facet normal -0.980327 0 0.197381
    outer loop
      vertex 0 9 0.0999994
      vertex 2.04 9.04 10.232
      vertex 0 49 0.0999994
    endloop
  endfacet
  facet normal -0.980327 4.10833e-05 0.197381
    outer loop
      vertex 2.04 9.04 10.232
      vertex 0 9 0.0999994
      vertex 2.04175 9 10.2407
    endloop
  endfacet
  facet normal 0.128262 0.971937 0.197197
    outer loop
      vertex 53.5687 55.5007 12.39
      vertex 53.5229 54.9772 15
      vertex 53.7051 55.4827 12.39
    endloop
  endfacet
  facet normal 0.12799 0.971972 0.197204
    outer loop
      vertex 53.7844 57.9658 0.0999994
      vertex 53.854 55.896 10.2564
      vertex 54.5628 57.8633 0.0999994
    endloop
  endfacet
  facet normal 0.127872 0.971987 0.197207
    outer loop
      vertex 53.854 55.896 10.2564
      vertex 53.7844 57.9658 0.0999994
      vertex 53.6062 55.9286 10.2564
    endloop
  endfacet
  facet normal 0.216499 0.976283 -0
    outer loop
      vertex 55.3294 57.6933 0
      vertex 54.5628 57.8633 0.0999994
      vertex 55.3294 57.6933 0.0999994
    endloop
  endfacet
  facet normal 0.216499 0.976283 0
    outer loop
      vertex 54.5628 57.8633 0.0999994
      vertex 55.3294 57.6933 0
      vertex 54.5628 57.8633 0
    endloop
  endfacet
  facet normal -0.0431173 -0.979414 0.197205
    outer loop
      vertex 8.2156 0.0342474 0.0999994
      vertex 8.42991 2.06664 10.2407
      vertex 8.39382 2.07139 10.2564
    endloop
  endfacet
  facet normal -0.0427549 -0.97943 0.1972
    outer loop
      vertex 8.2156 0.0342474 0.0999994
      vertex 8.6441 2.05729 10.2407
      vertex 8.42991 2.06664 10.2407
    endloop
  endfacet
  facet normal -0.0427625 -0.97943 0.197201
    outer loop
      vertex 8.6441 2.05729 10.2407
      vertex 8.2156 0.0342474 0.0999994
      vertex 9 0 0.0999994
    endloop
  endfacet
  facet normal -0.0427668 -0.97943 0.1972
    outer loop
      vertex 8.47707 3.02283 15
      vertex 8.43126 2.49933 12.39
      vertex 8.56867 2.49333 12.39
    endloop
  endfacet
  facet normal 0.30071 -0.953716 0
    outer loop
      vertex 55.3294 0.306667 0
      vertex 56.0782 0.542766 0.0999994
      vertex 55.3294 0.306667 0.0999994
    endloop
  endfacet
  facet normal 0.30071 -0.953716 0
    outer loop
      vertex 56.0782 0.542766 0.0999994
      vertex 55.3294 0.306667 0
      vertex 56.0782 0.542766 0
    endloop
  endfacet
  facet normal -0.905713 0.37523 0.197195
    outer loop
      vertex 2.86803 51.2319 12.39
      vertex 3.56215 51.5357 15
      vertex 3.03325 51.6307 12.39
    endloop
  endfacet
  facet normal -0.905738 0.375162 0.197209
    outer loop
      vertex 3.56215 51.5357 15
      vertex 2.86803 51.2319 12.39
      vertex 3.36184 51.0521 15
    endloop
  endfacet
  facet normal -0.905769 0.375091 0.197203
    outer loop
      vertex 2.60834 51.7071 10.2932
      vertex 0.542766 52.0782 0.0999994
      vertex 2.47131 51.3762 10.2932
    endloop
  endfacet
  facet normal -0.300706 -0.953717 0
    outer loop
      vertex 5.92182 0.542766 0
      vertex 6.67063 0.306667 0.0999994
      vertex 5.92182 0.542766 0.0999994
    endloop
  endfacet
  facet normal -0.300706 -0.953717 -0
    outer loop
      vertex 6.67063 0.306667 0.0999994
      vertex 5.92182 0.542766 0
      vertex 6.67063 0.306667 0
    endloop
  endfacet
  facet normal 0.979424 -0.0429306 0.197194
    outer loop
      vertex 59.9583 9 10.2407
      vertex 59.9427 8.6441 10.2407
      vertex 62 9 0.0999994
    endloop
  endfacet
  facet normal 0.979433 -0.0426897 0.1972
    outer loop
      vertex 59 9 15
      vertex 59.5067 8.56867 12.39
      vertex 59.5255 9 12.39
    endloop
  endfacet
  facet normal 0.979432 -0.0427037 0.197202
    outer loop
      vertex 59.5067 8.56867 12.39
      vertex 59 9 15
      vertex 58.9772 8.47707 15
    endloop
  endfacet
  facet normal 0.980327 -0.00126544 0.197376
    outer loop
      vertex 59.96 48.96 10.232
      vertex 62 49 0.0999994
      vertex 59.9583 49 10.2407
    endloop
  endfacet
  facet normal 0.980327 -0 0.197381
    outer loop
      vertex 59.96 9.04 10.232
      vertex 62 49 0.0999994
      vertex 59.96 48.96 10.232
    endloop
  endfacet
  facet normal 0.980327 0.00126544 0.197376
    outer loop
      vertex 62 9 0.0999994
      vertex 59.96 9.04 10.232
      vertex 59.9583 9 10.2407
    endloop
  endfacet
  facet normal 0.980327 0 0.197381
    outer loop
      vertex 59.96 9.04 10.232
      vertex 62 9 0.0999994
      vertex 62 49 0.0999994
    endloop
  endfacet
  facet normal 0.980327 -0 0.19738
    outer loop
      vertex 59 9 15
      vertex 59.5255 49 12.39
      vertex 59 49 15
    endloop
  endfacet
  facet normal 0.980327 0 0.19738
    outer loop
      vertex 59.5255 49 12.39
      vertex 59 9 15
      vertex 59.5255 9 12.39
    endloop
  endfacet
  facet normal -0.38268 -0.923881 0
    outer loop
      vertex 5.19643 0.843229 0
      vertex 5.92182 0.542766 0.0999994
      vertex 5.19643 0.843229 0.0999994
    endloop
  endfacet
  facet normal -0.38268 -0.923881 -0
    outer loop
      vertex 5.92182 0.542766 0.0999994
      vertex 5.19643 0.843229 0
      vertex 5.92182 0.542766 0
    endloop
  endfacet
  facet normal 0.0427699 -0.97943 0.197199
    outer loop
      vertex 53.5229 3.02283 15
      vertex 53.4313 2.49333 12.39
      vertex 53.5687 2.49933 12.39
    endloop
  endfacet
  facet normal 0.0427625 -0.97943 0.197201
    outer loop
      vertex 53.7844 0.0342474 0.0999994
      vertex 53.3559 2.05729 10.2407
      vertex 53 0 0.0999994
    endloop
  endfacet
  facet normal 0.0427529 -0.979431 0.1972
    outer loop
      vertex 53.3559 2.05729 10.2407
      vertex 53.7844 0.0342474 0.0999994
      vertex 53.5701 2.06664 10.2407
    endloop
  endfacet
  facet normal 0.0431055 -0.979414 0.197205
    outer loop
      vertex 53.5701 2.06664 10.2407
      vertex 53.7844 0.0342474 0.0999994
      vertex 53.6062 2.07139 10.2564
    endloop
  endfacet
  facet normal 0.675546 0.737318 -0
    outer loop
      vertex 59.364 55.364 0
      vertex 58.7851 55.8944 0.0999994
      vertex 59.364 55.364 0.0999994
    endloop
  endfacet
  facet normal 0.675546 0.737318 0
    outer loop
      vertex 58.7851 55.8944 0.0999994
      vertex 59.364 55.364 0
      vertex 58.7851 55.8944 0
    endloop
  endfacet
  facet normal 0.526817 0.826785 0.197204
    outer loop
      vertex 56.2628 54.6513 12.39
      vertex 56.4415 53.9149 15
      vertex 56.6269 54.4193 12.39
    endloop
  endfacet
  facet normal 0.526792 0.8268 0.19721
    outer loop
      vertex 56.4415 53.9149 15
      vertex 56.2628 54.6513 12.39
      vertex 56 54.1962 15
    endloop
  endfacet
  facet normal 0.526846 0.826769 0.197196
    outer loop
      vertex 57.5 56.7942 0.0999994
      vertex 56.4724 55.0143 10.3079
      vertex 56.7748 54.8216 10.3079
    endloop
  endfacet
  facet normal 0.662406 -0.722725 0.197197
    outer loop
      vertex 58.7851 2.1056 0.0999994
      vertex 57.9097 4.09025 10.3143
      vertex 57.7277 3.92344 10.3143
    endloop
  endfacet
  facet normal 0.662307 -0.722814 0.197205
    outer loop
      vertex 57.9097 4.09025 10.3143
      vertex 58.7851 2.1056 0.0999994
      vertex 59.364 2.63604 0.0999994
    endloop
  endfacet
  facet normal 0.6623 -0.72282 0.197204
    outer loop
      vertex 57.6142 4.38577 12.39
      vertex 57.2426 4.75736 15
      vertex 57.5128 4.29286 12.39
    endloop
  endfacet
  facet normal 0.537238 0.843431 -0
    outer loop
      vertex 58.1622 56.3724 0
      vertex 57.5 56.7942 0.0999994
      vertex 58.1622 56.3724 0.0999994
    endloop
  endfacet
  facet normal 0.537238 0.843431 0
    outer loop
      vertex 57.5 56.7942 0.0999994
      vertex 58.1622 56.3724 0
      vertex 57.5 56.7942 0
    endloop
  endfacet
  facet normal 0.869663 0.452543 0.197208
    outer loop
      vertex 58.1962 52 15
      vertex 58.8506 51.8798 12.39
      vertex 58.6513 52.2628 12.39
    endloop
  endfacet
  facet normal 0.869667 0.452534 0.197209
    outer loop
      vertex 58.8506 51.8798 12.39
      vertex 58.1962 52 15
      vertex 58.4378 51.5357 15
    endloop
  endfacet
  facet normal 0.869767 0.452349 0.197194
    outer loop
      vertex 59.0222 52.46 10.3015
      vertex 60.7942 53.5 0.0999994
      vertex 59.0143 52.4724 10.3079
    endloop
  endfacet
  facet normal 0.869618 0.452635 0.197197
    outer loop
      vertex 60.7942 53.5 0.0999994
      vertex 59.0222 52.46 10.3015
      vertex 59.1809 52.1551 10.3015
    endloop
  endfacet
  facet normal 0.971713 0.129916 0.197222
    outer loop
      vertex 59.8537 50.1755 10.2564
      vertex 61.8633 50.5628 0.0999994
      vertex 59.8466 50.2072 10.2705
    endloop
  endfacet
  facet normal 0.971987 0.127885 0.197199
    outer loop
      vertex 61.8633 50.5628 0.0999994
      vertex 59.8537 50.1755 10.2564
      vertex 59.896 49.854 10.2564
    endloop
  endfacet
  facet normal 0.971985 0.127857 0.197226
    outer loop
      vertex 58.9088 50.0419 15
      vertex 59.4827 49.7051 12.39
      vertex 59.4264 50.1331 12.39
    endloop
  endfacet
  facet normal 0.971961 0.128097 0.19719
    outer loop
      vertex 59.4827 49.7051 12.39
      vertex 58.9088 50.0419 15
      vertex 58.9772 49.5229 15
    endloop
  endfacet
  facet normal -0.722806 -0.662317 0.197201
    outer loop
      vertex 3.68102 4.53685 10.3143
      vertex 2.1056 3.21491 0.0999994
      vertex 3.92344 4.27229 10.3143
    endloop
  endfacet
  facet normal -0.722792 -0.662333 0.197199
    outer loop
      vertex 4.00117 4.80549 12.39
      vertex 4.75736 4.75736 15
      vertex 4.40373 5.14327 15
    endloop
  endfacet
  facet normal -0.722796 -0.662328 0.1972
    outer loop
      vertex 4.75736 4.75736 15
      vertex 4.00117 4.80549 12.39
      vertex 4.29286 4.48717 12.39
    endloop
  endfacet
  facet normal 0.0435588 0.999051 -0
    outer loop
      vertex 53.7844 57.9658 0
      vertex 53 58 0.0999994
      vertex 53.7844 57.9658 0.0999994
    endloop
  endfacet
  facet normal 0.0435588 0.999051 0
    outer loop
      vertex 53 58 0.0999994
      vertex 53.7844 57.9658 0
      vertex 53 58 0
    endloop
  endfacet
  facet normal 0.991442 -0.130548 0
    outer loop
      vertex 61.8633 7.43717 0.0999994
      vertex 61.9658 8.2156 0
      vertex 61.9658 8.2156 0.0999994
    endloop
  endfacet
  facet normal 0.991442 -0.130548 0
    outer loop
      vertex 61.9658 8.2156 0
      vertex 61.8633 7.43717 0.0999994
      vertex 61.8633 7.43717 0
    endloop
  endfacet
  facet normal -0.127862 0.971988 0.197208
    outer loop
      vertex 8.2156 57.9658 0.0999994
      vertex 8.146 55.896 10.2564
      vertex 8.39382 55.9286 10.2564
    endloop
  endfacet
  facet normal -0.127985 0.971973 0.197204
    outer loop
      vertex 8.146 55.896 10.2564
      vertex 8.2156 57.9658 0.0999994
      vertex 7.43717 57.8633 0.0999994
    endloop
  endfacet
  facet normal -0.128308 0.971931 0.197197
    outer loop
      vertex 8.43126 55.5007 12.39
      vertex 8.29491 55.4827 12.39
      vertex 8.47707 54.9772 15
    endloop
  endfacet
  facet normal 0.662363 0.722764 0.197201
    outer loop
      vertex 57.1945 53.9988 12.39
      vertex 57.2426 53.2426 15
      vertex 57.5128 53.7071 12.39
    endloop
  endfacet
  facet normal 0.662415 0.72272 0.197187
    outer loop
      vertex 57.2426 53.2426 15
      vertex 57.1945 53.9988 12.39
      vertex 56.8567 53.5963 15
    endloop
  endfacet
  facet normal 0.66237 0.722759 0.197196
    outer loop
      vertex 58.7851 55.8944 0.0999994
      vertex 57.4632 54.319 10.3143
      vertex 57.7277 54.0766 10.3143
    endloop
  endfacet
  facet normal -1 0 0
    outer loop
      vertex 0 9 0
      vertex 0 49 0.0999994
      vertex 0 49 0
    endloop
  endfacet
  facet normal -1 -0 0
    outer loop
      vertex 0 49 0.0999994
      vertex 0 9 0
      vertex 0 9 0.0999994
    endloop
  endfacet
  facet normal -0.452542 0.869664 0.197206
    outer loop
      vertex 6.12021 54.8506 12.39
      vertex 6 54.1962 15
      vertex 6.46429 54.4378 15
    endloop
  endfacet
  facet normal -0.452581 0.869645 0.1972
    outer loop
      vertex 6 54.1962 15
      vertex 6.12021 54.8506 12.39
      vertex 5.73725 54.6513 12.39
    endloop
  endfacet
  facet normal -0.452658 0.869606 0.197197
    outer loop
      vertex 5.84488 55.1809 10.3015
      vertex 4.5 56.7942 0.0999994
      vertex 5.54 55.0222 10.3015
    endloop
  endfacet
  facet normal -0.453441 0.869196 0.197206
    outer loop
      vertex 5.52764 55.0143 10.3079
      vertex 5.54 55.0222 10.3015
      vertex 4.5 56.7942 0.0999994
    endloop
  endfacet
  facet normal 0.294774 -0.934997 0.197202
    outer loop
      vertex 55.3294 0.306667 0.0999994
      vertex 55.0358 2.36178 10.2828
      vertex 54.7987 2.28703 10.2828
    endloop
  endfacet
  facet normal 0.294805 -0.934988 0.197201
    outer loop
      vertex 55.0358 2.36178 10.2828
      vertex 55.3294 0.306667 0.0999994
      vertex 56.0782 0.542766 0.0999994
    endloop
  endfacet
  facet normal 0.29469 -0.935025 0.197198
    outer loop
      vertex 54.8201 2.7382 12.39
      vertex 54.5529 3.20444 15
      vertex 54.6889 2.69685 12.39
    endloop
  endfacet
  facet normal -0.905709 -0.375239 0.197196
    outer loop
      vertex 0.542766 5.92182 0.0999994
      vertex 2.69584 6.08167 10.2931
      vertex 2.60834 6.29292 10.2932
    endloop
  endfacet
  facet normal -0.905739 -0.375165 0.197201
    outer loop
      vertex 0.843229 5.19643 0.0999994
      vertex 2.69584 6.08167 10.2931
      vertex 0.542766 5.92182 0.0999994
    endloop
  endfacet
  facet normal -0.905649 -0.375381 0.197204
    outer loop
      vertex 2.69584 6.08167 10.2931
      vertex 0.843229 5.19643 0.0999994
      vertex 2.70479 6.06449 10.3015
    endloop
  endfacet
  facet normal -0.905723 -0.375205 0.197199
    outer loop
      vertex 3.56215 6.46429 15
      vertex 3.03325 6.36927 12.39
      vertex 3.08589 6.2422 12.39
    endloop
  endfacet
  facet normal -0.923883 0.382675 0
    outer loop
      vertex 0.542766 52.0782 0
      vertex 0.843229 52.8036 0.0999994
      vertex 0.843229 52.8036 0
    endloop
  endfacet
  facet normal -0.923883 0.382675 0
    outer loop
      vertex 0.843229 52.8036 0.0999994
      vertex 0.542766 52.0782 0
      vertex 0.542766 52.0782 0.0999994
    endloop
  endfacet
  facet normal -0.662317 -0.722806 0.197201
    outer loop
      vertex 4.27229 3.92344 10.3143
      vertex 3.21491 2.1056 0.0999994
      vertex 4.53685 3.68102 10.3143
    endloop
  endfacet
  facet normal -0.662328 -0.722796 0.1972
    outer loop
      vertex 4.80549 4.00117 12.39
      vertex 4.75736 4.75736 15
      vertex 4.48717 4.29286 12.39
    endloop
  endfacet
  facet normal -0.662333 -0.722792 0.197199
    outer loop
      vertex 4.75736 4.75736 15
      vertex 4.80549 4.00117 12.39
      vertex 5.14327 4.40373 15
    endloop
  endfacet
  facet normal -0.905737 -0.37517 0.1972
    outer loop
      vertex 2.86803 6.76815 12.39
      vertex 3.56215 6.46429 15
      vertex 3.36184 6.94788 15
    endloop
  endfacet
  facet normal -0.905739 -0.375166 0.197201
    outer loop
      vertex 3.56215 6.46429 15
      vertex 2.86803 6.76815 12.39
      vertex 3.03325 6.36927 12.39
    endloop
  endfacet
  facet normal -0.905742 -0.375159 0.1972
    outer loop
      vertex 2.47131 6.62375 10.2932
      vertex 0.542766 5.92182 0.0999994
      vertex 2.60834 6.29292 10.2932
    endloop
  endfacet
  facet normal -0.537298 -0.843392 0
    outer loop
      vertex 3.83781 1.62763 0
      vertex 4.5 1.20577 0.0999994
      vertex 3.83781 1.62763 0.0999994
    endloop
  endfacet
  facet normal -0.537298 -0.843392 -0
    outer loop
      vertex 4.5 1.20577 0.0999994
      vertex 3.83781 1.62763 0
      vertex 4.5 1.20577 0
    endloop
  endfacet
  facet normal 0.777852 -0.596702 0.197212
    outer loop
      vertex 58.3454 5.25712 12.39
      vertex 57.9149 5.55854 15
      vertex 58.2617 5.14801 12.39
    endloop
  endfacet
  facet normal 0.777723 -0.596875 0.1972
    outer loop
      vertex 58.5377 4.82119 10.3122
      vertex 60.3724 3.83781 0.0999994
      vertex 58.6881 5.01716 10.3122
    endloop
  endfacet
  facet normal 0.777755 -0.596832 0.197201
    outer loop
      vertex 60.3724 3.83781 0.0999994
      vertex 58.5377 4.82119 10.3122
      vertex 59.8944 3.21491 0.0999994
    endloop
  endfacet
  facet normal 0.0436191 -0.999048 0
    outer loop
      vertex 53 0 0
      vertex 53.7844 0.0342474 0.0999994
      vertex 53 0 0.0999994
    endloop
  endfacet
  facet normal 0.0436191 -0.999048 0
    outer loop
      vertex 53.7844 0.0342474 0.0999994
      vertex 53 0 0
      vertex 53.7844 0.0342474 0
    endloop
  endfacet
  facet normal 0.300711 0.953715 -0
    outer loop
      vertex 56.0782 57.4572 0
      vertex 55.3294 57.6933 0.0999994
      vertex 56.0782 57.4572 0.0999994
    endloop
  endfacet
  facet normal 0.300711 0.953715 0
    outer loop
      vertex 55.3294 57.6933 0.0999994
      vertex 56.0782 57.4572 0
      vertex 55.3294 57.6933 0
    endloop
  endfacet
  facet normal -0.991444 0.130532 0
    outer loop
      vertex 0.0342474 49.7844 0
      vertex 0.13673 50.5628 0.0999994
      vertex 0.13673 50.5628 0
    endloop
  endfacet
  facet normal -0.991444 0.130532 0
    outer loop
      vertex 0.13673 50.5628 0.0999994
      vertex 0.0342474 49.7844 0
      vertex 0.0342474 49.7844 0.0999994
    endloop
  endfacet
  facet normal 0.957112 0.212248 0.197199
    outer loop
      vertex 59.7927 50.4506 10.2705
      vertex 61.8633 50.5628 0.0999994
      vertex 61.6933 51.3294 0.0999994
    endloop
  endfacet
  facet normal 0.957173 0.211962 0.197208
    outer loop
      vertex 61.8633 50.5628 0.0999994
      vertex 59.7927 50.4506 10.2705
      vertex 59.8466 50.2072 10.2705
    endloop
  endfacet
  facet normal 0.95708 0.212368 0.197223
    outer loop
      vertex 59.3966 50.2674 12.39
      vertex 58.9088 50.0419 15
      vertex 59.4264 50.1331 12.39
    endloop
  endfacet
  facet normal 0.526712 -0.826851 0.197211
    outer loop
      vertex 56.2628 3.34875 12.39
      vertex 56.4415 4.08509 15
      vertex 56 3.80385 15
    endloop
  endfacet
  facet normal 0.52677 -0.826817 0.197197
    outer loop
      vertex 56.4415 4.08509 15
      vertex 56.2628 3.34875 12.39
      vertex 56.6269 3.58072 12.39
    endloop
  endfacet
  facet normal 0.526788 -0.826806 0.197199
    outer loop
      vertex 56.7748 3.17837 10.3079
      vertex 56.4724 2.9857 10.3079
      vertex 57.5 1.20577 0.0999994
    endloop
  endfacet
  facet normal 0 -1 0
    outer loop
      vertex 9 0 0
      vertex 53 0 0.0999994
      vertex 9 0 0.0999994
    endloop
  endfacet
  facet normal 0 -1 -0
    outer loop
      vertex 53 0 0.0999994
      vertex 9 0 0
      vertex 53 0 0
    endloop
  endfacet
  facet normal -0.675565 0.737301 0
    outer loop
      vertex 3.21491 55.8944 0
      vertex 2.63604 55.364 0.0999994
      vertex 3.21491 55.8944 0.0999994
    endloop
  endfacet
  facet normal -0.675565 0.737301 0
    outer loop
      vertex 2.63604 55.364 0.0999994
      vertex 3.21491 55.8944 0
      vertex 2.63604 55.364 0
    endloop
  endfacet
  facet normal -0.597368 -0.777343 0.197206
    outer loop
      vertex 4.53685 3.68102 10.3143
      vertex 3.21491 2.1056 0.0999994
      vertex 4.54049 3.67769 10.3122
    endloop
  endfacet
  facet normal -0.59681 -0.777773 0.1972
    outer loop
      vertex 4.82119 3.4623 10.3122
      vertex 4.54049 3.67769 10.3122
      vertex 3.21491 2.1056 0.0999994
    endloop
  endfacet
  facet normal -0.596815 -0.777769 0.1972
    outer loop
      vertex 5.14801 3.73834 12.39
      vertex 5.14327 4.40373 15
      vertex 4.80549 4.00117 12.39
    endloop
  endfacet
  facet normal -0.596798 -0.777781 0.197203
    outer loop
      vertex 5.14327 4.40373 15
      vertex 5.14801 3.73834 12.39
      vertex 5.55854 4.08509 15
    endloop
  endfacet
  facet normal -0.86962 0.45263 0.197201
    outer loop
      vertex 3.14939 51.8798 12.39
      vertex 3.08589 51.7578 12.39
      vertex 3.56215 51.5357 15
    endloop
  endfacet
  facet normal -0.869583 0.452699 0.197203
    outer loop
      vertex 0.843229 52.8036 0.0999994
      vertex 2.81911 52.1551 10.3015
      vertex 1.20577 53.5 0.0999994
    endloop
  endfacet
  facet normal -0.869587 0.452692 0.197203
    outer loop
      vertex 2.81911 52.1551 10.3015
      vertex 0.843229 52.8036 0.0999994
      vertex 2.70479 51.9355 10.3015
    endloop
  endfacet
  facet normal -0.0435588 0.999051 0
    outer loop
      vertex 9 58 0
      vertex 8.2156 57.9658 0.0999994
      vertex 9 58 0.0999994
    endloop
  endfacet
  facet normal -0.0435588 0.999051 0
    outer loop
      vertex 8.2156 57.9658 0.0999994
      vertex 9 58 0
      vertex 8.2156 57.9658 0
    endloop
  endfacet
  facet normal 0 1 -0
    outer loop
      vertex 53 58 0
      vertex 37.4667 58 0.0999994
      vertex 53 58 0.0999994
    endloop
  endfacet
  facet normal 0 1 0
    outer loop
      vertex 37.4667 58 0.0999994
      vertex 53 58 0
      vertex 37.4667 58 0
    endloop
  endfacet
  facet normal 0 1 -0
    outer loop
      vertex 24.5333 58 0
      vertex 9 58 0.0999994
      vertex 24.5333 58 0.0999994
    endloop
  endfacet
  facet normal 0 1 0
    outer loop
      vertex 9 58 0.0999994
      vertex 24.5333 58 0
      vertex 9 58 0
    endloop
  endfacet
  facet normal 0.953715 0.300711 0
    outer loop
      vertex 61.6933 51.3294 0.0999994
      vertex 61.4572 52.0782 0
      vertex 61.4572 52.0782 0.0999994
    endloop
  endfacet
  facet normal 0.953715 0.300711 0
    outer loop
      vertex 61.4572 52.0782 0
      vertex 61.6933 51.3294 0.0999994
      vertex 61.6933 51.3294 0
    endloop
  endfacet
  facet normal -0.934988 0.294805 0.197201
    outer loop
      vertex 0.306667 51.3294 0.0999994
      vertex 2.36178 51.0358 10.2828
      vertex 0.542766 52.0782 0.0999994
    endloop
  endfacet
  facet normal -0.934997 0.294774 0.197202
    outer loop
      vertex 2.36178 51.0358 10.2828
      vertex 0.306667 51.3294 0.0999994
      vertex 2.28703 50.7987 10.2828
    endloop
  endfacet
  facet normal -0.935025 0.29469 0.197198
    outer loop
      vertex 2.7382 50.8201 12.39
      vertex 2.69685 50.6889 12.39
      vertex 3.20444 50.5529 15
    endloop
  endfacet
  facet normal -0.953716 0.30071 0
    outer loop
      vertex 0.306667 51.3294 0
      vertex 0.542766 52.0782 0.0999994
      vertex 0.542766 52.0782 0
    endloop
  endfacet
  facet normal -0.953716 0.30071 0
    outer loop
      vertex 0.542766 52.0782 0.0999994
      vertex 0.306667 51.3294 0
      vertex 0.306667 51.3294 0.0999994
    endloop
  endfacet
  facet normal -0.216439 -0.976296 0
    outer loop
      vertex 6.67063 0.306667 0
      vertex 7.43717 0.13673 0.0999994
      vertex 6.67063 0.306667 0.0999994
    endloop
  endfacet
  facet normal -0.216439 -0.976296 -0
    outer loop
      vertex 7.43717 0.13673 0.0999994
      vertex 6.67063 0.306667 0
      vertex 7.43717 0.13673 0
    endloop
  endfacet
  facet normal -0.999048 -0.0436191 0
    outer loop
      vertex 0.0342474 8.2156 0
      vertex 0 9 0.0999994
      vertex 0 9 0
    endloop
  endfacet
  facet normal -0.999048 -0.0436191 0
    outer loop
      vertex 0 9 0.0999994
      vertex 0.0342474 8.2156 0
      vertex 0.0342474 8.2156 0.0999994
    endloop
  endfacet
  facet normal -0.957198 0.21186 0.197199
    outer loop
      vertex 0.306667 51.3294 0.0999994
      vertex 2.27852 50.7717 10.2705
      vertex 2.28703 50.7987 10.2828
    endloop
  endfacet
  facet normal -0.957109 0.212257 0.197203
    outer loop
      vertex 2.27852 50.7717 10.2705
      vertex 0.306667 51.3294 0.0999994
      vertex 2.20731 50.4506 10.2705
    endloop
  endfacet
  facet normal -0.957123 0.212202 0.197197
    outer loop
      vertex 2.6034 50.2674 12.39
      vertex 3.20444 50.5529 15
      vertex 2.69685 50.6889 12.39
    endloop
  endfacet
  facet normal -0.957124 0.212197 0.197198
    outer loop
      vertex 3.20444 50.5529 15
      vertex 2.6034 50.2674 12.39
      vertex 3.09115 50.0419 15
    endloop
  endfacet
  facet normal 0.869606 -0.452658 0.197197
    outer loop
      vertex 59.0222 5.54 10.3015
      vertex 60.7942 4.5 0.0999994
      vertex 59.1809 5.84488 10.3015
    endloop
  endfacet
  facet normal 0.869196 -0.453441 0.197206
    outer loop
      vertex 60.7942 4.5 0.0999994
      vertex 59.0222 5.54 10.3015
      vertex 59.0143 5.52764 10.3079
    endloop
  endfacet
  facet normal 0.869664 -0.452542 0.197206
    outer loop
      vertex 58.1962 6 15
      vertex 58.8506 6.12021 12.39
      vertex 58.4378 6.46429 15
    endloop
  endfacet
  facet normal 0.869645 -0.452581 0.1972
    outer loop
      vertex 58.8506 6.12021 12.39
      vertex 58.1962 6 15
      vertex 58.6513 5.73725 12.39
    endloop
  endfacet
  facet normal -0.294801 -0.934989 0.1972
    outer loop
      vertex 6.67063 0.306667 0.0999994
      vertex 6.9642 2.36178 10.2828
      vertex 5.92182 0.542766 0.0999994
    endloop
  endfacet
  facet normal -0.294809 -0.934987 0.1972
    outer loop
      vertex 6.9642 2.36178 10.2828
      vertex 6.67063 0.306667 0.0999994
      vertex 7.20127 2.28703 10.2828
    endloop
  endfacet
  facet normal -0.294751 -0.935005 0.197199
    outer loop
      vertex 7.44709 3.20444 15
      vertex 7.17991 2.7382 12.39
      vertex 7.31108 2.69685 12.39
    endloop
  endfacet
  facet normal -0.905754 0.375129 0.197199
    outer loop
      vertex 3.08589 51.7578 12.39
      vertex 3.03325 51.6307 12.39
      vertex 3.56215 51.5357 15
    endloop
  endfacet
  facet normal -0.90574 0.375161 0.197203
    outer loop
      vertex 2.69584 51.9183 10.2931
      vertex 0.843229 52.8036 0.0999994
      vertex 0.542766 52.0782 0.0999994
    endloop
  endfacet
  facet normal -0.905798 0.375023 0.197202
    outer loop
      vertex 0.843229 52.8036 0.0999994
      vertex 2.69584 51.9183 10.2931
      vertex 2.70479 51.9355 10.3015
    endloop
  endfacet
  facet normal -0.905678 0.375315 0.197193
    outer loop
      vertex 2.69584 51.9183 10.2931
      vertex 0.542766 52.0782 0.0999994
      vertex 2.60834 51.7071 10.2932
    endloop
  endfacet
  facet normal 0.722622 -0.662522 0.197186
    outer loop
      vertex 57.9097 4.09025 10.3143
      vertex 59.8944 3.21491 0.0999994
      vertex 58.0766 4.27229 10.3143
    endloop
  endfacet
  facet normal 0.722822 -0.662298 0.197206
    outer loop
      vertex 59.8944 3.21491 0.0999994
      vertex 57.9097 4.09025 10.3143
      vertex 59.364 2.63604 0.0999994
    endloop
  endfacet
  facet normal 0.722856 -0.662261 0.197204
    outer loop
      vertex 57.7071 4.48717 12.39
      vertex 57.2426 4.75736 15
      vertex 57.6142 4.38577 12.39
    endloop
  endfacet
  facet normal -0.923881 -0.38268 0
    outer loop
      vertex 0.843229 5.19643 0
      vertex 0.542766 5.92182 0.0999994
      vertex 0.542766 5.92182 0
    endloop
  endfacet
  facet normal -0.923881 -0.38268 0
    outer loop
      vertex 0.542766 5.92182 0.0999994
      vertex 0.843229 5.19643 0
      vertex 0.843229 5.19643 0.0999994
    endloop
  endfacet
  facet normal -0.777761 -0.596825 0.197199
    outer loop
      vertex 1.62763 3.83781 0.0999994
      vertex 3.4623 4.82119 10.3122
      vertex 3.31192 5.01716 10.3122
    endloop
  endfacet
  facet normal -0.777773 -0.596809 0.1972
    outer loop
      vertex 3.4623 4.82119 10.3122
      vertex 1.62763 3.83781 0.0999994
      vertex 2.1056 3.21491 0.0999994
    endloop
  endfacet
  facet normal -0.777785 -0.596793 0.197202
    outer loop
      vertex 4.08509 5.55854 15
      vertex 3.65462 5.25712 12.39
      vertex 3.73834 5.14801 12.39
    endloop
  endfacet
  facet normal 0.212094 0.957146 0.1972
    outer loop
      vertex 54.2674 55.3966 12.39
      vertex 54.5529 54.7956 15
      vertex 54.6889 55.3032 12.39
    endloop
  endfacet
  facet normal 0.212036 0.957157 0.197209
    outer loop
      vertex 54.5529 54.7956 15
      vertex 54.2674 55.3966 12.39
      vertex 54.0419 54.9088 15
    endloop
  endfacet
  facet normal 0.212229 0.957116 0.197198
    outer loop
      vertex 54.7717 55.7215 10.2705
      vertex 55.3294 57.6933 0.0999994
      vertex 54.4506 55.7927 10.2705
    endloop
  endfacet
  facet normal 0.211532 0.957272 0.19719
    outer loop
      vertex 55.3294 57.6933 0.0999994
      vertex 54.7717 55.7215 10.2705
      vertex 54.7987 55.713 10.2828
    endloop
  endfacet
  facet normal -0.935005 -0.294751 0.197199
    outer loop
      vertex 3.20444 7.44709 15
      vertex 2.69685 7.31108 12.39
      vertex 2.7382 7.17991 12.39
    endloop
  endfacet
  facet normal -0.934987 -0.294809 0.1972
    outer loop
      vertex 0.306667 6.67063 0.0999994
      vertex 2.36178 6.9642 10.2828
      vertex 2.28703 7.20127 10.2828
    endloop
  endfacet
  facet normal -0.934989 -0.294801 0.1972
    outer loop
      vertex 2.36178 6.9642 10.2828
      vertex 0.306667 6.67063 0.0999994
      vertex 0.542766 5.92182 0.0999994
    endloop
  endfacet
  facet normal -0.971977 -0.127957 0.1972
    outer loop
      vertex 3.02283 8.47707 15
      vertex 2.49933 8.43126 12.39
      vertex 2.51728 8.29491 12.39
    endloop
  endfacet
  facet normal -0.971979 -0.127939 0.197202
    outer loop
      vertex 0.0342474 8.2156 0.0999994
      vertex 2.10401 8.146 10.2564
      vertex 2.07139 8.39382 10.2564
    endloop
  endfacet
  facet normal -0.971976 -0.127963 0.197201
    outer loop
      vertex 2.10401 8.146 10.2564
      vertex 0.0342474 8.2156 0.0999994
      vertex 0.13673 7.43717 0.0999994
    endloop
  endfacet
  facet normal 0.212368 0.95708 0.197223
    outer loop
      vertex 54.1331 55.4264 12.39
      vertex 54.0419 54.9088 15
      vertex 54.2674 55.3966 12.39
    endloop
  endfacet
  facet normal 0.212248 0.957112 0.197199
    outer loop
      vertex 54.5628 57.8633 0.0999994
      vertex 54.4506 55.7927 10.2705
      vertex 55.3294 57.6933 0.0999994
    endloop
  endfacet
  facet normal 0.211962 0.957173 0.197208
    outer loop
      vertex 54.4506 55.7927 10.2705
      vertex 54.5628 57.8633 0.0999994
      vertex 54.2072 55.8466 10.2705
    endloop
  endfacet
  facet normal -0.971975 0.127968 0.197201
    outer loop
      vertex 0.0342474 49.7844 0.0999994
      vertex 2.10401 49.854 10.2564
      vertex 0.13673 50.5628 0.0999994
    endloop
  endfacet
  facet normal -0.971978 0.12795 0.197202
    outer loop
      vertex 2.10401 49.854 10.2564
      vertex 0.0342474 49.7844 0.0999994
      vertex 2.07139 49.6062 10.2564
    endloop
  endfacet
  facet normal -0.971983 0.127911 0.1972
    outer loop
      vertex 2.51728 49.7051 12.39
      vertex 2.49933 49.5687 12.39
      vertex 3.02283 49.5229 15
    endloop
  endfacet
  facet normal -0.596809 -0.777773 0.1972
    outer loop
      vertex 3.83781 1.62763 0.0999994
      vertex 4.82119 3.4623 10.3122
      vertex 3.21491 2.1056 0.0999994
    endloop
  endfacet
  facet normal -0.596825 -0.777761 0.197199
    outer loop
      vertex 4.82119 3.4623 10.3122
      vertex 3.83781 1.62763 0.0999994
      vertex 5.01716 3.31192 10.3122
    endloop
  endfacet
  facet normal -0.596793 -0.777785 0.197202
    outer loop
      vertex 5.55854 4.08509 15
      vertex 5.14801 3.73834 12.39
      vertex 5.25712 3.65462 12.39
    endloop
  endfacet
  facet normal 0.923909 -0.382611 0
    outer loop
      vertex 61.1568 5.19643 0.0999994
      vertex 61.4572 5.92182 0
      vertex 61.4572 5.92182 0.0999994
    endloop
  endfacet
  facet normal 0.923909 -0.382611 0
    outer loop
      vertex 61.4572 5.92182 0
      vertex 61.1568 5.19643 0.0999994
      vertex 61.1568 5.19643 0
    endloop
  endfacet
  facet normal -0.957125 -0.212189 0.197199
    outer loop
      vertex 2.6034 7.73259 12.39
      vertex 3.20444 7.44709 15
      vertex 3.09115 7.95811 15
    endloop
  endfacet
  facet normal -0.957123 -0.212197 0.197198
    outer loop
      vertex 3.20444 7.44709 15
      vertex 2.6034 7.73259 12.39
      vertex 2.69685 7.31108 12.39
    endloop
  endfacet
  facet normal -0.957198 -0.21186 0.197197
    outer loop
      vertex 2.27852 7.22827 10.2705
      vertex 0.306667 6.67063 0.0999994
      vertex 2.28703 7.20127 10.2828
    endloop
  endfacet
  facet normal -0.957119 -0.212213 0.197201
    outer loop
      vertex 0.306667 6.67063 0.0999994
      vertex 2.27852 7.22827 10.2705
      vertex 2.20731 7.54944 10.2705
    endloop
  endfacet
  facet normal -0.935008 0.294741 0.197201
    outer loop
      vertex 0.542766 52.0782 0.0999994
      vertex 2.46215 51.3541 10.2828
      vertex 2.47131 51.3762 10.2932
    endloop
  endfacet
  facet normal -0.93498 0.294829 0.197202
    outer loop
      vertex 2.46215 51.3541 10.2828
      vertex 0.542766 52.0782 0.0999994
      vertex 2.36178 51.0358 10.2828
    endloop
  endfacet
  facet normal -0.934994 0.29478 0.197207
    outer loop
      vertex 2.7382 50.8201 12.39
      vertex 3.36184 51.0521 15
      vertex 2.86803 51.2319 12.39
    endloop
  endfacet
  facet normal -0.934987 0.294806 0.197203
    outer loop
      vertex 3.36184 51.0521 15
      vertex 2.7382 50.8201 12.39
      vertex 3.20444 50.5529 15
    endloop
  endfacet
  facet normal -0.128106 0.97196 0.197188
    outer loop
      vertex 8.29491 55.4827 12.39
      vertex 7.95811 54.9088 15
      vertex 8.47707 54.9772 15
    endloop
  endfacet
  facet normal -0.127842 0.971986 0.197228
    outer loop
      vertex 7.95811 54.9088 15
      vertex 8.29491 55.4827 12.39
      vertex 7.86686 55.4264 12.39
    endloop
  endfacet
  facet normal -0.127869 0.971989 0.197199
    outer loop
      vertex 8.146 55.896 10.2564
      vertex 7.43717 57.8633 0.0999994
      vertex 7.82446 55.8537 10.2564
    endloop
  endfacet
  facet normal -0.129916 0.971713 0.197222
    outer loop
      vertex 7.79276 55.8466 10.2705
      vertex 7.82446 55.8537 10.2564
      vertex 7.43717 57.8633 0.0999994
    endloop
  endfacet
  facet normal 0.8268 -0.526797 0.197198
    outer loop
      vertex 59.0143 5.52764 10.3079
      vertex 58.8216 5.2252 10.3079
      vertex 60.7942 4.5 0.0999994
    endloop
  endfacet
  facet normal 0.82678 -0.526827 0.1972
    outer loop
      vertex 57.9149 5.55854 15
      vertex 58.6513 5.73725 12.39
      vertex 58.1962 6 15
    endloop
  endfacet
  facet normal 0.826804 -0.526786 0.197209
    outer loop
      vertex 58.6513 5.73725 12.39
      vertex 57.9149 5.55854 15
      vertex 58.4193 5.37312 12.39
    endloop
  endfacet
  facet normal 0.957159 -0.212028 0.19721
    outer loop
      vertex 58.7956 7.44709 15
      vertex 59.3966 7.73259 12.39
      vertex 58.9088 7.95811 15
    endloop
  endfacet
  facet normal 0.957147 -0.212089 0.197201
    outer loop
      vertex 59.3966 7.73259 12.39
      vertex 58.7956 7.44709 15
      vertex 59.3032 7.31108 12.39
    endloop
  endfacet
  facet normal 0.957127 -0.212185 0.197196
    outer loop
      vertex 59.7215 7.22827 10.2705
      vertex 61.6933 6.67063 0.0999994
      vertex 59.7927 7.54944 10.2705
    endloop
  endfacet
  facet normal 0.957272 -0.211533 0.197189
    outer loop
      vertex 61.6933 6.67063 0.0999994
      vertex 59.7215 7.22827 10.2705
      vertex 59.713 7.20127 10.2828
    endloop
  endfacet
  facet normal 0.722729 -0.662406 0.197182
    outer loop
      vertex 57.2426 4.75736 15
      vertex 57.9988 4.80549 12.39
      vertex 57.5963 5.14327 15
    endloop
  endfacet
  facet normal 0.722784 -0.66234 0.1972
    outer loop
      vertex 57.9988 4.80549 12.39
      vertex 57.2426 4.75736 15
      vertex 57.7071 4.48717 12.39
    endloop
  endfacet
  facet normal 0.722833 -0.662287 0.1972
    outer loop
      vertex 58.319 4.53685 10.3143
      vertex 58.0766 4.27229 10.3143
      vertex 59.8944 3.21491 0.0999994
    endloop
  endfacet
  facet normal 0.212197 -0.957124 0.197198
    outer loop
      vertex 54.2674 2.6034 12.39
      vertex 54.5529 3.20444 15
      vertex 54.0419 3.09115 15
    endloop
  endfacet
  facet normal 0.212202 -0.957123 0.197197
    outer loop
      vertex 54.5529 3.20444 15
      vertex 54.2674 2.6034 12.39
      vertex 54.6889 2.69685 12.39
    endloop
  endfacet
  facet normal 0.21186 -0.957198 0.197199
    outer loop
      vertex 54.7987 2.28703 10.2828
      vertex 54.7717 2.27852 10.2705
      vertex 55.3294 0.306667 0.0999994
    endloop
  endfacet
  facet normal 0.212257 -0.957109 0.197203
    outer loop
      vertex 54.4506 2.20731 10.2705
      vertex 55.3294 0.306667 0.0999994
      vertex 54.7717 2.27852 10.2705
    endloop
  endfacet
  facet normal -0.127963 -0.971976 0.197201
    outer loop
      vertex 8.2156 0.0342474 0.0999994
      vertex 8.146 2.10401 10.2564
      vertex 7.43717 0.13673 0.0999994
    endloop
  endfacet
  facet normal -0.127939 -0.971979 0.197202
    outer loop
      vertex 8.146 2.10401 10.2564
      vertex 8.2156 0.0342474 0.0999994
      vertex 8.39382 2.07139 10.2564
    endloop
  endfacet
  facet normal -0.127957 -0.971977 0.1972
    outer loop
      vertex 8.47707 3.02283 15
      vertex 8.29491 2.51728 12.39
      vertex 8.43126 2.49933 12.39
    endloop
  endfacet
  facet normal -0.294801 0.934992 0.197187
    outer loop
      vertex 7.17991 55.2618 12.39
      vertex 6.94788 54.6382 15
      vertex 7.44709 54.7956 15
    endloop
  endfacet
  facet normal -0.294745 0.935008 0.197196
    outer loop
      vertex 6.94788 54.6382 15
      vertex 7.17991 55.2618 12.39
      vertex 6.76815 55.132 12.39
    endloop
  endfacet
  facet normal -0.292389 0.935752 0.197174
    outer loop
      vertex 6.64586 55.5378 10.2828
      vertex 5.92182 57.4572 0.0999994
      vertex 6.62375 55.5287 10.2932
    endloop
  endfacet
  facet normal -0.294875 0.934965 0.197202
    outer loop
      vertex 5.92182 57.4572 0.0999994
      vertex 6.64586 55.5378 10.2828
      vertex 6.9642 55.6382 10.2828
    endloop
  endfacet
  facet normal -0.722731 0.662399 0.197197
    outer loop
      vertex 3.92344 53.7277 10.3143
      vertex 2.1056 54.7851 0.0999994
      vertex 3.68102 53.4632 10.3143
    endloop
  endfacet
  facet normal -0.722775 0.662351 0.197202
    outer loop
      vertex 4.00117 53.1945 12.39
      vertex 4.75736 53.2426 15
      vertex 4.29286 53.5128 12.39
    endloop
  endfacet
  facet normal -0.722782 0.662341 0.197204
    outer loop
      vertex 4.75736 53.2426 15
      vertex 4.00117 53.1945 12.39
      vertex 4.40373 52.8567 15
    endloop
  endfacet
  facet normal -0.375381 -0.905649 0.197204
    outer loop
      vertex 6.06449 2.70479 10.3015
      vertex 5.19643 0.843229 0.0999994
      vertex 6.08167 2.69584 10.2931
    endloop
  endfacet
  facet normal -0.375165 -0.905739 0.197201
    outer loop
      vertex 5.92182 0.542766 0.0999994
      vertex 6.08167 2.69584 10.2931
      vertex 5.19643 0.843229 0.0999994
    endloop
  endfacet
  facet normal -0.375239 -0.905709 0.197196
    outer loop
      vertex 6.08167 2.69584 10.2931
      vertex 5.92182 0.542766 0.0999994
      vertex 6.29292 2.60834 10.2932
    endloop
  endfacet
  facet normal -0.375205 -0.905723 0.197199
    outer loop
      vertex 6.46429 3.56215 15
      vertex 6.2422 3.08589 12.39
      vertex 6.36927 3.03325 12.39
    endloop
  endfacet
  facet normal 0.953717 -0.300707 0
    outer loop
      vertex 61.4572 5.92182 0.0999994
      vertex 61.6933 6.67063 0
      vertex 61.6933 6.67063 0.0999994
    endloop
  endfacet
  facet normal 0.953717 -0.300707 0
    outer loop
      vertex 61.6933 6.67063 0
      vertex 61.4572 5.92182 0.0999994
      vertex 61.4572 5.92182 0
    endloop
  endfacet
  facet normal 0.608787 0.793334 -0
    outer loop
      vertex 58.7851 55.8944 0
      vertex 58.1622 56.3724 0.0999994
      vertex 58.7851 55.8944 0.0999994
    endloop
  endfacet
  facet normal 0.608787 0.793334 0
    outer loop
      vertex 58.1622 56.3724 0.0999994
      vertex 58.7851 55.8944 0
      vertex 58.1622 56.3724 0
    endloop
  endfacet
  facet normal -0.0427598 -0.97943 0.1972
    outer loop
      vertex 8.56867 2.49333 12.39
      vertex 9 3 15
      vertex 8.47707 3.02283 15
    endloop
  endfacet
  facet normal -0.0427577 -0.979431 0.1972
    outer loop
      vertex 9 3 15
      vertex 8.56867 2.49333 12.39
      vertex 9 2.4745 12.39
    endloop
  endfacet
  facet normal -0.0427658 -0.97943 0.1972
    outer loop
      vertex 9 2.04175 10.2407
      vertex 8.6441 2.05729 10.2407
      vertex 9 0 0.0999994
    endloop
  endfacet
  facet normal 0.537292 -0.843396 0
    outer loop
      vertex 57.5 1.20577 0
      vertex 58.1622 1.62763 0.0999994
      vertex 57.5 1.20577 0.0999994
    endloop
  endfacet
  facet normal 0.537292 -0.843396 0
    outer loop
      vertex 58.1622 1.62763 0.0999994
      vertex 57.5 1.20577 0
      vertex 58.1622 1.62763 0
    endloop
  endfacet
  facet normal 0.377175 0.904899 0.197224
    outer loop
      vertex 55.9355 55.2952 10.3015
      vertex 56.8036 57.1568 0.0999994
      vertex 55.9183 55.3042 10.2931
    endloop
  endfacet
  facet normal 0.375093 0.905768 0.197202
    outer loop
      vertex 56.0782 57.4572 0.0999994
      vertex 55.9183 55.3042 10.2931
      vertex 56.8036 57.1568 0.0999994
    endloop
  endfacet
  facet normal 0.375316 0.90568 0.197186
    outer loop
      vertex 55.9183 55.3042 10.2931
      vertex 56.0782 57.4572 0.0999994
      vertex 55.7071 55.3917 10.2932
    endloop
  endfacet
  facet normal 0.374885 0.905853 0.197211
    outer loop
      vertex 55.6307 54.9667 12.39
      vertex 55.5357 54.4378 15
      vertex 55.7578 54.9141 12.39
    endloop
  endfacet
  facet normal -0.526551 0.826954 0.19721
    outer loop
      vertex 5.2252 54.8216 10.3079
      vertex 4.5 56.7942 0.0999994
      vertex 5.02496 54.6941 10.3079
    endloop
  endfacet
  facet normal -0.526694 0.826865 0.197199
    outer loop
      vertex 3.83781 56.3724 0.0999994
      vertex 5.02496 54.6941 10.3079
      vertex 4.5 56.7942 0.0999994
    endloop
  endfacet
  facet normal -0.527123 0.82659 0.197204
    outer loop
      vertex 5.02496 54.6941 10.3079
      vertex 3.83781 56.3724 0.0999994
      vertex 5.01716 54.6881 10.3122
    endloop
  endfacet
  facet normal -0.526747 0.826829 0.197211
    outer loop
      vertex 5.37312 54.4193 12.39
      vertex 5.25712 54.3454 12.39
      vertex 5.55854 53.9149 15
    endloop
  endfacet
  facet normal -0.46181 0.886979 0
    outer loop
      vertex 5.19643 57.1568 0
      vertex 4.5 56.7942 0.0999994
      vertex 5.19643 57.1568 0.0999994
    endloop
  endfacet
  facet normal -0.46181 0.886979 0
    outer loop
      vertex 4.5 56.7942 0.0999994
      vertex 5.19643 57.1568 0
      vertex 4.5 56.7942 0
    endloop
  endfacet
  facet normal -0.972032 0.127545 0.197197
    outer loop
      vertex 0.13673 50.5628 0.0999994
      vertex 2.14635 50.1755 10.2564
      vertex 2.15337 50.2072 10.2705
    endloop
  endfacet
  facet normal -0.97197 0.128004 0.197202
    outer loop
      vertex 2.14635 50.1755 10.2564
      vertex 0.13673 50.5628 0.0999994
      vertex 2.10401 49.854 10.2564
    endloop
  endfacet
  facet normal -0.971976 0.127969 0.197198
    outer loop
      vertex 2.51728 49.7051 12.39
      vertex 3.09115 50.0419 15
      vertex 2.57363 50.1331 12.39
    endloop
  endfacet
  facet normal -0.971978 0.127949 0.197201
    outer loop
      vertex 3.09115 50.0419 15
      vertex 2.51728 49.7051 12.39
      vertex 3.02283 49.5229 15
    endloop
  endfacet
  facet normal 0.461767 -0.887001 0
    outer loop
      vertex 56.8036 0.843229 0
      vertex 57.5 1.20577 0.0999994
      vertex 56.8036 0.843229 0.0999994
    endloop
  endfacet
  facet normal 0.461767 -0.887001 0
    outer loop
      vertex 57.5 1.20577 0.0999994
      vertex 56.8036 0.843229 0
      vertex 57.5 1.20577 0
    endloop
  endfacet
  facet normal 0.0427699 0.97943 0.197199
    outer loop
      vertex 53.5687 55.5007 12.39
      vertex 53.4313 55.5067 12.39
      vertex 53.5229 54.9772 15
    endloop
  endfacet
  facet normal 0.0444465 0.979351 0.197221
    outer loop
      vertex 53.6062 55.9286 10.2564
      vertex 53.7844 57.9658 0.0999994
      vertex 53.5701 55.9334 10.2407
    endloop
  endfacet
  facet normal 0.0425247 0.979441 0.197198
    outer loop
      vertex 53.7844 57.9658 0.0999994
      vertex 53.3559 55.9427 10.2407
      vertex 53.5701 55.9334 10.2407
    endloop
  endfacet
  facet normal 0.0427034 0.979432 0.197204
    outer loop
      vertex 53.3559 55.9427 10.2407
      vertex 53.7844 57.9658 0.0999994
      vertex 53 58 0.0999994
    endloop
  endfacet
  facet normal 0.793334 0.608787 0
    outer loop
      vertex 60.3724 54.1622 0.0999994
      vertex 59.8944 54.7851 0
      vertex 59.8944 54.7851 0.0999994
    endloop
  endfacet
  facet normal 0.793334 0.608787 0
    outer loop
      vertex 59.8944 54.7851 0
      vertex 60.3724 54.1622 0.0999994
      vertex 60.3724 54.1622 0
    endloop
  endfacet
  facet normal -0.130548 0.991442 0
    outer loop
      vertex 8.2156 57.9658 0
      vertex 7.43717 57.8633 0.0999994
      vertex 8.2156 57.9658 0.0999994
    endloop
  endfacet
  facet normal -0.130548 0.991442 0
    outer loop
      vertex 7.43717 57.8633 0.0999994
      vertex 8.2156 57.9658 0
      vertex 7.43717 57.8633 0
    endloop
  endfacet
  facet normal -0.537244 0.843427 0
    outer loop
      vertex 4.5 56.7942 0
      vertex 3.83781 56.3724 0.0999994
      vertex 4.5 56.7942 0.0999994
    endloop
  endfacet
  facet normal -0.537244 0.843427 0
    outer loop
      vertex 3.83781 56.3724 0.0999994
      vertex 4.5 56.7942 0
      vertex 3.83781 56.3724 0
    endloop
  endfacet
  facet normal -0.608763 -0.793352 0
    outer loop
      vertex 3.21491 2.1056 0
      vertex 3.83781 1.62763 0.0999994
      vertex 3.21491 2.1056 0.0999994
    endloop
  endfacet
  facet normal -0.608763 -0.793352 -0
    outer loop
      vertex 3.83781 1.62763 0.0999994
      vertex 3.21491 2.1056 0
      vertex 3.83781 1.62763 0
    endloop
  endfacet
  facet normal -0.452688 -0.869589 0.197201
    outer loop
      vertex 6.12021 3.14939 12.39
      vertex 6 3.80385 15
      vertex 5.73725 3.34875 12.39
    endloop
  endfacet
  facet normal -0.45269 -0.869588 0.1972
    outer loop
      vertex 6 3.80385 15
      vertex 6.12021 3.14939 12.39
      vertex 6.46429 3.56215 15
    endloop
  endfacet
  facet normal -0.452389 -0.869745 0.197198
    outer loop
      vertex 5.52764 2.9857 10.3079
      vertex 4.5 1.20577 0.0999994
      vertex 5.54 2.97782 10.3015
    endloop
  endfacet
  facet normal -0.45268 -0.869593 0.197201
    outer loop
      vertex 5.84488 2.81911 10.3015
      vertex 5.54 2.97782 10.3015
      vertex 4.5 1.20577 0.0999994
    endloop
  endfacet
  facet normal -0.9763 0.216422 0
    outer loop
      vertex 0.13673 50.5628 0
      vertex 0.306667 51.3294 0.0999994
      vertex 0.306667 51.3294 0
    endloop
  endfacet
  facet normal -0.9763 0.216422 0
    outer loop
      vertex 0.306667 51.3294 0.0999994
      vertex 0.13673 50.5628 0
      vertex 0.13673 50.5628 0.0999994
    endloop
  endfacet
  facet normal -0.375166 -0.905739 0.197201
    outer loop
      vertex 6.76815 2.86803 12.39
      vertex 6.46429 3.56215 15
      vertex 6.36927 3.03325 12.39
    endloop
  endfacet
  facet normal -0.37517 -0.905737 0.1972
    outer loop
      vertex 6.46429 3.56215 15
      vertex 6.76815 2.86803 12.39
      vertex 6.94788 3.36184 15
    endloop
  endfacet
  facet normal -0.375159 -0.905742 0.1972
    outer loop
      vertex 6.29292 2.60834 10.2932
      vertex 5.92182 0.542766 0.0999994
      vertex 6.62375 2.47131 10.2932
    endloop
  endfacet
  facet normal -0.596749 0.777815 0.197214
    outer loop
      vertex 5.14801 54.2617 12.39
      vertex 5.14327 53.5963 15
      vertex 5.55854 53.9149 15
    endloop
  endfacet
  facet normal -0.596917 0.777695 0.197183
    outer loop
      vertex 5.14327 53.5963 15
      vertex 5.14801 54.2617 12.39
      vertex 4.80549 53.9988 12.39
    endloop
  endfacet
  facet normal -0.596827 0.777759 0.197201
    outer loop
      vertex 4.82119 54.5377 10.3122
      vertex 3.21491 55.8944 0.0999994
      vertex 4.54049 54.3223 10.3122
    endloop
  endfacet
  facet normal -0.593604 0.780231 0.197163
    outer loop
      vertex 4.53685 54.319 10.3143
      vertex 4.54049 54.3223 10.3122
      vertex 3.21491 55.8944 0.0999994
    endloop
  endfacet
  facet normal -0.294795 -0.934991 0.1972
    outer loop
      vertex 6.64586 2.46215 10.2828
      vertex 5.92182 0.542766 0.0999994
      vertex 6.9642 2.36178 10.2828
    endloop
  endfacet
  facet normal -0.294625 -0.935045 0.197198
    outer loop
      vertex 5.92182 0.542766 0.0999994
      vertex 6.64586 2.46215 10.2828
      vertex 6.62375 2.47131 10.2932
    endloop
  endfacet
  facet normal -0.294806 -0.934987 0.1972
    outer loop
      vertex 7.17991 2.7382 12.39
      vertex 6.94788 3.36184 15
      vertex 6.76815 2.86803 12.39
    endloop
  endfacet
  facet normal -0.2948 -0.934989 0.197201
    outer loop
      vertex 6.94788 3.36184 15
      vertex 7.17991 2.7382 12.39
      vertex 7.44709 3.20444 15
    endloop
  endfacet
  facet normal 0.127857 0.971985 0.197226
    outer loop
      vertex 53.7051 55.4827 12.39
      vertex 54.0419 54.9088 15
      vertex 54.1331 55.4264 12.39
    endloop
  endfacet
  facet normal 0.128097 0.971961 0.19719
    outer loop
      vertex 54.0419 54.9088 15
      vertex 53.7051 55.4827 12.39
      vertex 53.5229 54.9772 15
    endloop
  endfacet
  facet normal 0.129916 0.971713 0.197222
    outer loop
      vertex 54.2072 55.8466 10.2705
      vertex 54.5628 57.8633 0.0999994
      vertex 54.1755 55.8537 10.2564
    endloop
  endfacet
  facet normal 0.127885 0.971987 0.197199
    outer loop
      vertex 53.854 55.896 10.2564
      vertex 54.1755 55.8537 10.2564
      vertex 54.5628 57.8633 0.0999994
    endloop
  endfacet
  facet normal 0.777815 -0.596749 0.197214
    outer loop
      vertex 57.5963 5.14327 15
      vertex 58.2617 5.14801 12.39
      vertex 57.9149 5.55854 15
    endloop
  endfacet
  facet normal 0.777695 -0.596917 0.197183
    outer loop
      vertex 58.2617 5.14801 12.39
      vertex 57.5963 5.14327 15
      vertex 57.9988 4.80549 12.39
    endloop
  endfacet
  facet normal 0.777759 -0.596827 0.197201
    outer loop
      vertex 58.3223 4.54049 10.3122
      vertex 59.8944 3.21491 0.0999994
      vertex 58.5377 4.82119 10.3122
    endloop
  endfacet
  facet normal 0.780231 -0.593604 0.197163
    outer loop
      vertex 59.8944 3.21491 0.0999994
      vertex 58.3223 4.54049 10.3122
      vertex 58.319 4.53685 10.3143
    endloop
  endfacet
  facet normal -0.843396 0.537292 0
    outer loop
      vertex 1.20577 53.5 0
      vertex 1.62763 54.1622 0.0999994
      vertex 1.62763 54.1622 0
    endloop
  endfacet
  facet normal -0.843396 0.537292 0
    outer loop
      vertex 1.62763 54.1622 0.0999994
      vertex 1.20577 53.5 0
      vertex 1.20577 53.5 0.0999994
    endloop
  endfacet
  facet normal -0.212213 -0.957119 0.197201
    outer loop
      vertex 7.22827 2.27852 10.2705
      vertex 6.67063 0.306667 0.0999994
      vertex 7.54944 2.20731 10.2705
    endloop
  endfacet
  facet normal -0.21186 -0.957198 0.197197
    outer loop
      vertex 6.67063 0.306667 0.0999994
      vertex 7.22827 2.27852 10.2705
      vertex 7.20127 2.28703 10.2828
    endloop
  endfacet
  facet normal -0.212197 -0.957123 0.197198
    outer loop
      vertex 7.73259 2.6034 12.39
      vertex 7.44709 3.20444 15
      vertex 7.31108 2.69685 12.39
    endloop
  endfacet
  facet normal -0.212189 -0.957125 0.197199
    outer loop
      vertex 7.44709 3.20444 15
      vertex 7.73259 2.6034 12.39
      vertex 7.95811 3.09115 15
    endloop
  endfacet
  facet normal -0.953717 -0.300706 0
    outer loop
      vertex 0.542766 5.92182 0
      vertex 0.306667 6.67063 0.0999994
      vertex 0.306667 6.67063 0
    endloop
  endfacet
  facet normal -0.953717 -0.300706 0
    outer loop
      vertex 0.306667 6.67063 0.0999994
      vertex 0.542766 5.92182 0
      vertex 0.542766 5.92182 0.0999994
    endloop
  endfacet
  facet normal -0.793352 -0.608763 0
    outer loop
      vertex 2.1056 3.21491 0
      vertex 1.62763 3.83781 0.0999994
      vertex 1.62763 3.83781 0
    endloop
  endfacet
  facet normal -0.793352 -0.608763 0
    outer loop
      vertex 1.62763 3.83781 0.0999994
      vertex 2.1056 3.21491 0
      vertex 2.1056 3.21491 0.0999994
    endloop
  endfacet
  facet normal -0.88701 -0.461751 0
    outer loop
      vertex 1.20577 4.5 0
      vertex 0.843229 5.19643 0.0999994
      vertex 0.843229 5.19643 0
    endloop
  endfacet
  facet normal -0.88701 -0.461751 0
    outer loop
      vertex 0.843229 5.19643 0.0999994
      vertex 1.20577 4.5 0
      vertex 1.20577 4.5 0.0999994
    endloop
  endfacet
  facet normal -0.662326 -0.722798 0.1972
    outer loop
      vertex 3.21491 2.1056 0.0999994
      vertex 4.09025 4.09025 10.3143
      vertex 2.63604 2.63604 0.0999994
    endloop
  endfacet
  facet normal -0.662326 -0.722797 0.1972
    outer loop
      vertex 4.09025 4.09025 10.3143
      vertex 3.21491 2.1056 0.0999994
      vertex 4.27229 3.92344 10.3143
    endloop
  endfacet
  facet normal -0.6623 -0.722821 0.197202
    outer loop
      vertex 4.75736 4.75736 15
      vertex 4.38577 4.38577 12.39
      vertex 4.48717 4.29286 12.39
    endloop
  endfacet
  facet normal -0.295075 0.934903 0.197199
    outer loop
      vertex 7.31108 55.3032 12.39
      vertex 7.17991 55.2618 12.39
      vertex 7.44709 54.7956 15
    endloop
  endfacet
  facet normal -0.294988 0.934931 0.197193
    outer loop
      vertex 6.67063 57.6933 0.0999994
      vertex 6.9642 55.6382 10.2828
      vertex 7.20127 55.713 10.2828
    endloop
  endfacet
  facet normal -0.294802 0.934989 0.197199
    outer loop
      vertex 6.9642 55.6382 10.2828
      vertex 6.67063 57.6933 0.0999994
      vertex 5.92182 57.4572 0.0999994
    endloop
  endfacet
  facet normal -0.957127 -0.212179 0.197201
    outer loop
      vertex 0.13673 7.43717 0.0999994
      vertex 2.20731 7.54944 10.2705
      vertex 2.15337 7.79276 10.2705
    endloop
  endfacet
  facet normal -0.957125 -0.212188 0.1972
    outer loop
      vertex 2.20731 7.54944 10.2705
      vertex 0.13673 7.43717 0.0999994
      vertex 0.306667 6.67063 0.0999994
    endloop
  endfacet
  facet normal -0.95712 -0.21221 0.1972
    outer loop
      vertex 3.09115 7.95811 15
      vertex 2.57363 7.86686 12.39
      vertex 2.6034 7.73259 12.39
    endloop
  endfacet
  facet normal 0.777677 0.596938 0.197188
    outer loop
      vertex 57.5963 52.8567 15
      vertex 58.2617 52.852 12.39
      vertex 57.9988 53.1945 12.39
    endloop
  endfacet
  facet normal 0.777767 0.596813 0.197211
    outer loop
      vertex 58.2617 52.852 12.39
      vertex 57.5963 52.8567 15
      vertex 57.9149 52.4415 15
    endloop
  endfacet
  facet normal 0.784567 0.587887 0.19709
    outer loop
      vertex 58.3223 53.4595 10.3122
      vertex 59.8944 54.7851 0.0999994
      vertex 58.319 53.4632 10.3143
    endloop
  endfacet
  facet normal 0.777759 0.596827 0.197202
    outer loop
      vertex 59.8944 54.7851 0.0999994
      vertex 58.3223 53.4595 10.3122
      vertex 58.5377 53.1788 10.3122
    endloop
  endfacet
  facet normal -0.826831 -0.526747 0.197201
    outer loop
      vertex 3.34875 5.73725 12.39
      vertex 4.08509 5.55854 15
      vertex 3.80385 6 15
    endloop
  endfacet
  facet normal -0.826836 -0.526738 0.197203
    outer loop
      vertex 4.08509 5.55854 15
      vertex 3.34875 5.73725 12.39
      vertex 3.58072 5.37312 12.39
    endloop
  endfacet
  facet normal -0.826837 -0.526738 0.197201
    outer loop
      vertex 2.9857 5.52764 10.3079
      vertex 1.20577 4.5 0.0999994
      vertex 3.17837 5.2252 10.3079
    endloop
  endfacet
  facet normal -0.869745 -0.452389 0.197198
    outer loop
      vertex 2.97782 5.54 10.3015
      vertex 1.20577 4.5 0.0999994
      vertex 2.9857 5.52764 10.3079
    endloop
  endfacet
  facet normal -0.869593 -0.45268 0.197201
    outer loop
      vertex 1.20577 4.5 0.0999994
      vertex 2.97782 5.54 10.3015
      vertex 2.81911 5.84488 10.3015
    endloop
  endfacet
  facet normal -0.869588 -0.45269 0.1972
    outer loop
      vertex 3.14939 6.12021 12.39
      vertex 3.80385 6 15
      vertex 3.56215 6.46429 15
    endloop
  endfacet
  facet normal -0.869589 -0.452688 0.197201
    outer loop
      vertex 3.80385 6 15
      vertex 3.14939 6.12021 12.39
      vertex 3.34875 5.73725 12.39
    endloop
  endfacet
  facet normal 0.777755 0.596832 0.197202
    outer loop
      vertex 58.5377 53.1788 10.3122
      vertex 60.3724 54.1622 0.0999994
      vertex 59.8944 54.7851 0.0999994
    endloop
  endfacet
  facet normal 0.777766 0.596817 0.197203
    outer loop
      vertex 60.3724 54.1622 0.0999994
      vertex 58.5377 53.1788 10.3122
      vertex 58.6881 52.9828 10.3122
    endloop
  endfacet
  facet normal 0.777826 0.596737 0.197207
    outer loop
      vertex 58.2617 52.852 12.39
      vertex 57.9149 52.4415 15
      vertex 58.3454 52.7429 12.39
    endloop
  endfacet
  facet normal 0.722855 0.662261 0.197207
    outer loop
      vertex 57.6142 53.6142 12.39
      vertex 57.2426 53.2426 15
      vertex 57.7071 53.5128 12.39
    endloop
  endfacet
  facet normal 0.722838 0.662279 0.197211
    outer loop
      vertex 57.9097 53.9097 10.3143
      vertex 59.8944 54.7851 0.0999994
      vertex 59.364 55.364 0.0999994
    endloop
  endfacet
  facet normal 0.72255 0.662602 0.197183
    outer loop
      vertex 59.8944 54.7851 0.0999994
      vertex 57.9097 53.9097 10.3143
      vertex 58.0766 53.7277 10.3143
    endloop
  endfacet
  facet normal -0.887001 0.461767 0
    outer loop
      vertex 0.843229 52.8036 0
      vertex 1.20577 53.5 0.0999994
      vertex 1.20577 53.5 0
    endloop
  endfacet
  facet normal -0.887001 0.461767 0
    outer loop
      vertex 1.20577 53.5 0.0999994
      vertex 0.843229 52.8036 0
      vertex 0.843229 52.8036 0.0999994
    endloop
  endfacet
  facet normal -0.737275 -0.675593 0
    outer loop
      vertex 2.63604 2.63604 0
      vertex 2.1056 3.21491 0.0999994
      vertex 2.1056 3.21491 0
    endloop
  endfacet
  facet normal -0.737275 -0.675593 0
    outer loop
      vertex 2.1056 3.21491 0.0999994
      vertex 2.63604 2.63604 0
      vertex 2.63604 2.63604 0.0999994
    endloop
  endfacet
  facet normal -0.608787 0.793334 0
    outer loop
      vertex 3.83781 56.3724 0
      vertex 3.21491 55.8944 0.0999994
      vertex 3.83781 56.3724 0.0999994
    endloop
  endfacet
  facet normal -0.608787 0.793334 0
    outer loop
      vertex 3.21491 55.8944 0.0999994
      vertex 3.83781 56.3724 0
      vertex 3.21491 55.8944 0
    endloop
  endfacet
  facet normal -0.130527 -0.991445 0
    outer loop
      vertex 7.43717 0.13673 0
      vertex 8.2156 0.0342474 0.0999994
      vertex 7.43717 0.13673 0.0999994
    endloop
  endfacet
  facet normal -0.130527 -0.991445 -0
    outer loop
      vertex 8.2156 0.0342474 0.0999994
      vertex 7.43717 0.13673 0
      vertex 8.2156 0.0342474 0
    endloop
  endfacet
  facet normal -0.826834 0.526741 0.197202
    outer loop
      vertex 3.30593 52.975 10.3079
      vertex 1.62763 54.1622 0.0999994
      vertex 1.20577 53.5 0.0999994
    endloop
  endfacet
  facet normal -0.827043 0.526415 0.197199
    outer loop
      vertex 1.62763 54.1622 0.0999994
      vertex 3.30593 52.975 10.3079
      vertex 3.31192 52.9828 10.3122
    endloop
  endfacet
  facet normal -0.826796 0.526803 0.197198
    outer loop
      vertex 3.30593 52.975 10.3079
      vertex 1.20577 53.5 0.0999994
      vertex 3.17837 52.7748 10.3079
    endloop
  endfacet
  facet normal -0.826831 0.526748 0.197198
    outer loop
      vertex 3.65462 52.7429 12.39
      vertex 3.58072 52.6269 12.39
      vertex 4.08509 52.4415 15
    endloop
  endfacet
  facet normal 0.382607 0.923911 -0
    outer loop
      vertex 56.8036 57.1568 0
      vertex 56.0782 57.4572 0.0999994
      vertex 56.8036 57.1568 0.0999994
    endloop
  endfacet
  facet normal 0.382607 0.923911 0
    outer loop
      vertex 56.0782 57.4572 0.0999994
      vertex 56.8036 57.1568 0
      vertex 56.0782 57.4572 0
    endloop
  endfacet
  facet normal 0.461826 0.886971 -0
    outer loop
      vertex 57.5 56.7942 0
      vertex 56.8036 57.1568 0.0999994
      vertex 57.5 56.7942 0.0999994
    endloop
  endfacet
  facet normal 0.461826 0.886971 0
    outer loop
      vertex 56.8036 57.1568 0.0999994
      vertex 57.5 56.7942 0
      vertex 56.8036 57.1568 0
    endloop
  endfacet
  facet normal 0.979424 0.0429306 0.197194
    outer loop
      vertex 62 49 0.0999994
      vertex 59.9427 49.3559 10.2407
      vertex 59.9583 49 10.2407
    endloop
  endfacet
  facet normal 0.979432 0.0427062 0.197202
    outer loop
      vertex 59 49 15
      vertex 59.5067 49.4313 12.39
      vertex 58.9772 49.5229 15
    endloop
  endfacet
  facet normal 0.979433 0.0426927 0.1972
    outer loop
      vertex 59.5067 49.4313 12.39
      vertex 59 49 15
      vertex 59.5255 49 12.39
    endloop
  endfacet
  facet normal 0.662399 -0.722731 0.197197
    outer loop
      vertex 57.7277 3.92344 10.3143
      vertex 57.4632 3.68102 10.3143
      vertex 58.7851 2.1056 0.0999994
    endloop
  endfacet
  facet normal 0.662341 -0.722782 0.197204
    outer loop
      vertex 57.1945 4.00117 12.39
      vertex 57.2426 4.75736 15
      vertex 56.8567 4.40373 15
    endloop
  endfacet
  facet normal 0.662351 -0.722775 0.197202
    outer loop
      vertex 57.2426 4.75736 15
      vertex 57.1945 4.00117 12.39
      vertex 57.5128 4.29286 12.39
    endloop
  endfacet
  facet normal 0.452757 0.869553 0.197203
    outer loop
      vertex 56.8036 57.1568 0.0999994
      vertex 56.1551 55.1809 10.3015
      vertex 57.5 56.7942 0.0999994
    endloop
  endfacet
  facet normal 0.452629 0.869618 0.197207
    outer loop
      vertex 56.1551 55.1809 10.3015
      vertex 56.8036 57.1568 0.0999994
      vertex 55.9355 55.2952 10.3015
    endloop
  endfacet
  facet normal 0.452629 0.869617 0.197214
    outer loop
      vertex 55.7578 54.9141 12.39
      vertex 55.5357 54.4378 15
      vertex 55.8798 54.8506 12.39
    endloop
  endfacet
  facet normal 0.737301 -0.675565 0
    outer loop
      vertex 59.364 2.63604 0.0999994
      vertex 59.8944 3.21491 0
      vertex 59.8944 3.21491 0.0999994
    endloop
  endfacet
  facet normal 0.737301 -0.675565 0
    outer loop
      vertex 59.8944 3.21491 0
      vertex 59.364 2.63604 0.0999994
      vertex 59.364 2.63604 0
    endloop
  endfacet
  facet normal 0.452682 -0.869592 0.197203
    outer loop
      vertex 55.8798 3.14939 12.39
      vertex 56 3.80385 15
      vertex 55.5357 3.56215 15
    endloop
  endfacet
  facet normal 0.45265 -0.869607 0.197209
    outer loop
      vertex 56 3.80385 15
      vertex 55.8798 3.14939 12.39
      vertex 56.2628 3.34875 12.39
    endloop
  endfacet
  facet normal 0.451298 -0.870315 0.197186
    outer loop
      vertex 56.4724 2.9857 10.3079
      vertex 56.46 2.97782 10.3015
      vertex 57.5 1.20577 0.0999994
    endloop
  endfacet
  facet normal 0.452657 -0.869605 0.197201
    outer loop
      vertex 56.1551 2.81911 10.3015
      vertex 57.5 1.20577 0.0999994
      vertex 56.46 2.97782 10.3015
    endloop
  endfacet
  facet normal 0.375386 0.90565 0.197188
    outer loop
      vertex 55.2319 55.132 12.39
      vertex 55.5357 54.4378 15
      vertex 55.6307 54.9667 12.39
    endloop
  endfacet
  facet normal 0.375306 0.90568 0.197205
    outer loop
      vertex 55.5357 54.4378 15
      vertex 55.2319 55.132 12.39
      vertex 55.0521 54.6382 15
    endloop
  endfacet
  facet normal 0.375021 0.905799 0.1972
    outer loop
      vertex 56.0782 57.4572 0.0999994
      vertex 55.3762 55.5287 10.2932
      vertex 55.7071 55.3917 10.2932
    endloop
  endfacet
  facet normal 0.375091 -0.905769 0.197203
    outer loop
      vertex 55.7071 2.60834 10.2932
      vertex 55.3762 2.47131 10.2932
      vertex 56.0782 0.542766 0.0999994
    endloop
  endfacet
  facet normal 0.375162 -0.905738 0.197209
    outer loop
      vertex 55.2319 2.86803 12.39
      vertex 55.5357 3.56215 15
      vertex 55.0521 3.36184 15
    endloop
  endfacet
  facet normal 0.37523 -0.905713 0.197195
    outer loop
      vertex 55.5357 3.56215 15
      vertex 55.2319 2.86803 12.39
      vertex 55.6307 3.03325 12.39
    endloop
  endfacet
  facet normal 0.294741 -0.935008 0.197201
    outer loop
      vertex 55.3541 2.46215 10.2828
      vertex 56.0782 0.542766 0.0999994
      vertex 55.3762 2.47131 10.2932
    endloop
  endfacet
  facet normal 0.294829 -0.93498 0.197202
    outer loop
      vertex 56.0782 0.542766 0.0999994
      vertex 55.3541 2.46215 10.2828
      vertex 55.0358 2.36178 10.2828
    endloop
  endfacet
  facet normal 0.294806 -0.934987 0.197203
    outer loop
      vertex 54.8201 2.7382 12.39
      vertex 55.0521 3.36184 15
      vertex 54.5529 3.20444 15
    endloop
  endfacet
  facet normal 0.29478 -0.934994 0.197207
    outer loop
      vertex 55.0521 3.36184 15
      vertex 54.8201 2.7382 12.39
      vertex 55.2319 2.86803 12.39
    endloop
  endfacet
  facet normal 0.905679 -0.375314 0.197195
    outer loop
      vertex 58.4378 6.46429 15
      vertex 59.132 6.76815 12.39
      vertex 58.6382 6.94788 15
    endloop
  endfacet
  facet normal 0.905676 -0.375321 0.197193
    outer loop
      vertex 59.132 6.76815 12.39
      vertex 58.4378 6.46429 15
      vertex 58.9667 6.36927 12.39
    endloop
  endfacet
  facet normal 0.905771 -0.375089 0.197197
    outer loop
      vertex 59.5287 6.62375 10.2932
      vertex 59.3917 6.29292 10.2932
      vertex 61.4572 5.92182 0.0999994
    endloop
  endfacet
  facet normal 0.934931 -0.294988 0.197193
    outer loop
      vertex 59.6382 6.9642 10.2828
      vertex 61.6933 6.67063 0.0999994
      vertex 59.713 7.20127 10.2828
    endloop
  endfacet
  facet normal 0.934989 -0.294802 0.197199
    outer loop
      vertex 61.6933 6.67063 0.0999994
      vertex 59.6382 6.9642 10.2828
      vertex 61.4572 5.92182 0.0999994
    endloop
  endfacet
  facet normal 0.934903 -0.295075 0.197199
    outer loop
      vertex 59.3032 7.31108 12.39
      vertex 58.7956 7.44709 15
      vertex 59.2618 7.17991 12.39
    endloop
  endfacet
  facet normal 0.957159 -0.212029 0.197207
    outer loop
      vertex 59.7927 7.54944 10.2705
      vertex 61.8633 7.43717 0.0999994
      vertex 59.8466 7.79276 10.2705
    endloop
  endfacet
  facet normal 0.957108 -0.212263 0.1972
    outer loop
      vertex 61.8633 7.43717 0.0999994
      vertex 59.7927 7.54944 10.2705
      vertex 61.6933 6.67063 0.0999994
    endloop
  endfacet
  facet normal 0.95707 -0.212413 0.197227
    outer loop
      vertex 59.4264 7.86686 12.39
      vertex 58.9088 7.95811 15
      vertex 59.3966 7.73259 12.39
    endloop
  endfacet
  facet normal -0.662261 0.722856 0.197204
    outer loop
      vertex 4.48717 53.7071 12.39
      vertex 4.38577 53.6142 12.39
      vertex 4.75736 53.2426 15
    endloop
  endfacet
  facet normal -0.662522 0.722622 0.197186
    outer loop
      vertex 3.21491 55.8944 0.0999994
      vertex 4.09025 53.9097 10.3143
      vertex 4.27229 54.0766 10.3143
    endloop
  endfacet
  facet normal -0.662298 0.722822 0.197206
    outer loop
      vertex 4.09025 53.9097 10.3143
      vertex 3.21491 55.8944 0.0999994
      vertex 2.63604 55.364 0.0999994
    endloop
  endfacet
  facet normal 0.596828 -0.777759 0.197198
    outer loop
      vertex 56.852 3.73834 12.39
      vertex 56.4415 4.08509 15
      vertex 56.7429 3.65462 12.39
    endloop
  endfacet
  facet normal 0.596767 -0.777805 0.197203
    outer loop
      vertex 58.1622 1.62763 0.0999994
      vertex 57.1788 3.4623 10.3122
      vertex 56.9828 3.31192 10.3122
    endloop
  endfacet
  facet normal 0.596809 -0.777773 0.197201
    outer loop
      vertex 57.1788 3.4623 10.3122
      vertex 58.1622 1.62763 0.0999994
      vertex 58.7851 2.1056 0.0999994
    endloop
  endfacet
  facet normal 0.526748 -0.826831 0.197198
    outer loop
      vertex 56.7429 3.65462 12.39
      vertex 56.4415 4.08509 15
      vertex 56.6269 3.58072 12.39
    endloop
  endfacet
  facet normal 0.526741 -0.826834 0.197202
    outer loop
      vertex 58.1622 1.62763 0.0999994
      vertex 56.975 3.30593 10.3079
      vertex 57.5 1.20577 0.0999994
    endloop
  endfacet
  facet normal 0.526415 -0.827043 0.197199
    outer loop
      vertex 56.975 3.30593 10.3079
      vertex 58.1622 1.62763 0.0999994
      vertex 56.9828 3.31192 10.3122
    endloop
  endfacet
  facet normal 0.526803 -0.826796 0.197198
    outer loop
      vertex 56.7748 3.17837 10.3079
      vertex 57.5 1.20577 0.0999994
      vertex 56.975 3.30593 10.3079
    endloop
  endfacet
  facet normal -0.777773 0.596809 0.197201
    outer loop
      vertex 1.62763 54.1622 0.0999994
      vertex 3.4623 53.1788 10.3122
      vertex 2.1056 54.7851 0.0999994
    endloop
  endfacet
  facet normal -0.777805 0.596767 0.197203
    outer loop
      vertex 3.4623 53.1788 10.3122
      vertex 1.62763 54.1622 0.0999994
      vertex 3.31192 52.9828 10.3122
    endloop
  endfacet
  facet normal -0.777759 0.596828 0.197198
    outer loop
      vertex 3.73834 52.852 12.39
      vertex 3.65462 52.7429 12.39
      vertex 4.08509 52.4415 15
    endloop
  endfacet
  facet normal -0.826817 0.52677 0.197197
    outer loop
      vertex 3.34875 52.2628 12.39
      vertex 4.08509 52.4415 15
      vertex 3.58072 52.6269 12.39
    endloop
  endfacet
  facet normal -0.826851 0.526712 0.197211
    outer loop
      vertex 4.08509 52.4415 15
      vertex 3.34875 52.2628 12.39
      vertex 3.80385 52 15
    endloop
  endfacet
  facet normal -0.826806 0.526788 0.197199
    outer loop
      vertex 3.17837 52.7748 10.3079
      vertex 1.20577 53.5 0.0999994
      vertex 2.9857 52.4724 10.3079
    endloop
  endfacet
  facet normal 0.212113 -0.957141 0.197201
    outer loop
      vertex 54.5628 0.13673 0.0999994
      vertex 54.4506 2.20731 10.2705
      vertex 54.2072 2.15337 10.2705
    endloop
  endfacet
  facet normal 0.212173 -0.957129 0.197199
    outer loop
      vertex 54.4506 2.20731 10.2705
      vertex 54.5628 0.13673 0.0999994
      vertex 55.3294 0.306667 0.0999994
    endloop
  endfacet
  facet normal 0.212165 -0.957131 0.197197
    outer loop
      vertex 54.2674 2.6034 12.39
      vertex 54.0419 3.09115 15
      vertex 54.1331 2.57363 12.39
    endloop
  endfacet
  facet normal 0.452543 0.869663 0.197208
    outer loop
      vertex 55.8798 54.8506 12.39
      vertex 56 54.1962 15
      vertex 56.2628 54.6513 12.39
    endloop
  endfacet
  facet normal 0.452534 0.869667 0.197209
    outer loop
      vertex 56 54.1962 15
      vertex 55.8798 54.8506 12.39
      vertex 55.5357 54.4378 15
    endloop
  endfacet
  facet normal 0.452635 0.869618 0.197197
    outer loop
      vertex 56.46 55.0222 10.3015
      vertex 57.5 56.7942 0.0999994
      vertex 56.1551 55.1809 10.3015
    endloop
  endfacet
  facet normal 0.452349 0.869767 0.197194
    outer loop
      vertex 57.5 56.7942 0.0999994
      vertex 56.46 55.0222 10.3015
      vertex 56.4724 55.0143 10.3079
    endloop
  endfacet
  facet normal -0.781716 0.591655 0.197139
    outer loop
      vertex 2.1056 54.7851 0.0999994
      vertex 3.67769 53.4595 10.3122
      vertex 3.68102 53.4632 10.3143
    endloop
  endfacet
  facet normal -0.777773 0.596809 0.197201
    outer loop
      vertex 3.67769 53.4595 10.3122
      vertex 2.1056 54.7851 0.0999994
      vertex 3.4623 53.1788 10.3122
    endloop
  endfacet
  facet normal -0.777751 0.596836 0.197204
    outer loop
      vertex 3.73834 52.852 12.39
      vertex 4.40373 52.8567 15
      vertex 4.00117 53.1945 12.39
    endloop
  endfacet
  facet normal -0.777733 0.596861 0.197199
    outer loop
      vertex 4.40373 52.8567 15
      vertex 3.73834 52.852 12.39
      vertex 4.08509 52.4415 15
    endloop
  endfacet
  facet normal 0.295014 0.934922 0.197199
    outer loop
      vertex 54.6889 55.3032 12.39
      vertex 54.5529 54.7956 15
      vertex 54.8201 55.2618 12.39
    endloop
  endfacet
  facet normal 0.294806 0.934988 0.1972
    outer loop
      vertex 55.3294 57.6933 0.0999994
      vertex 55.0358 55.6382 10.2828
      vertex 56.0782 57.4572 0.0999994
    endloop
  endfacet
  facet normal 0.294954 0.934942 0.197195
    outer loop
      vertex 55.0358 55.6382 10.2828
      vertex 55.3294 57.6933 0.0999994
      vertex 54.7987 55.713 10.2828
    endloop
  endfacet
  facet normal -0.971977 -0.127959 0.1972
    outer loop
      vertex 2.51728 8.29491 12.39
      vertex 3.09115 7.95811 15
      vertex 3.02283 8.47707 15
    endloop
  endfacet
  facet normal -0.971977 -0.127954 0.197201
    outer loop
      vertex 3.09115 7.95811 15
      vertex 2.51728 8.29491 12.39
      vertex 2.57363 7.86686 12.39
    endloop
  endfacet
  facet normal -0.972032 -0.127545 0.197197
    outer loop
      vertex 2.14635 7.82446 10.2564
      vertex 0.13673 7.43717 0.0999994
      vertex 2.15337 7.79276 10.2705
    endloop
  endfacet
  facet normal -0.971972 -0.127988 0.197202
    outer loop
      vertex 0.13673 7.43717 0.0999994
      vertex 2.14635 7.82446 10.2564
      vertex 2.10401 8.146 10.2564
    endloop
  endfacet
  facet normal -0.97943 -0.0427625 0.197201
    outer loop
      vertex 0.0342474 8.2156 0.0999994
      vertex 2.05729 8.6441 10.2407
      vertex 0 9 0.0999994
    endloop
  endfacet
  facet normal -0.97943 -0.0427549 0.1972
    outer loop
      vertex 2.05729 8.6441 10.2407
      vertex 0.0342474 8.2156 0.0999994
      vertex 2.06664 8.42991 10.2407
    endloop
  endfacet
  facet normal -0.979414 -0.0431173 0.197205
    outer loop
      vertex 2.06664 8.42991 10.2407
      vertex 0.0342474 8.2156 0.0999994
      vertex 2.07139 8.39382 10.2564
    endloop
  endfacet
  facet normal -0.97943 -0.0427668 0.1972
    outer loop
      vertex 3.02283 8.47707 15
      vertex 2.49333 8.56867 12.39
      vertex 2.49933 8.43126 12.39
    endloop
  endfacet
  facet normal -0.596875 0.777723 0.1972
    outer loop
      vertex 3.83781 56.3724 0.0999994
      vertex 4.82119 54.5377 10.3122
      vertex 5.01716 54.6881 10.3122
    endloop
  endfacet
  facet normal -0.596832 0.777755 0.197201
    outer loop
      vertex 4.82119 54.5377 10.3122
      vertex 3.83781 56.3724 0.0999994
      vertex 3.21491 55.8944 0.0999994
    endloop
  endfacet
  facet normal -0.596702 0.777852 0.197212
    outer loop
      vertex 5.25712 54.3454 12.39
      vertex 5.14801 54.2617 12.39
      vertex 5.55854 53.9149 15
    endloop
  endfacet
  facet normal -0.662406 0.722729 0.197182
    outer loop
      vertex 4.80549 53.9988 12.39
      vertex 4.75736 53.2426 15
      vertex 5.14327 53.5963 15
    endloop
  endfacet
  facet normal -0.66234 0.722784 0.1972
    outer loop
      vertex 4.75736 53.2426 15
      vertex 4.80549 53.9988 12.39
      vertex 4.48717 53.7071 12.39
    endloop
  endfacet
  facet normal -0.662287 0.722833 0.1972
    outer loop
      vertex 4.53685 54.319 10.3143
      vertex 3.21491 55.8944 0.0999994
      vertex 4.27229 54.0766 10.3143
    endloop
  endfacet
  facet normal -0.722814 0.662307 0.197205
    outer loop
      vertex 2.1056 54.7851 0.0999994
      vertex 4.09025 53.9097 10.3143
      vertex 2.63604 55.364 0.0999994
    endloop
  endfacet
  facet normal -0.722725 0.662406 0.197197
    outer loop
      vertex 4.09025 53.9097 10.3143
      vertex 2.1056 54.7851 0.0999994
      vertex 3.92344 53.7277 10.3143
    endloop
  endfacet
  facet normal -0.72282 0.6623 0.197204
    outer loop
      vertex 4.38577 53.6142 12.39
      vertex 4.29286 53.5128 12.39
      vertex 4.75736 53.2426 15
    endloop
  endfacet
  facet normal -0.37496 0.905822 0.19721
    outer loop
      vertex 6.36927 54.9667 12.39
      vertex 6.2422 54.9141 12.39
      vertex 6.46429 54.4378 15
    endloop
  endfacet
  facet normal -0.37524 0.90571 0.19719
    outer loop
      vertex 6.29292 55.3917 10.2932
      vertex 5.92182 57.4572 0.0999994
      vertex 6.08167 55.3042 10.2931
    endloop
  endfacet
  facet normal -0.375098 0.905767 0.1972
    outer loop
      vertex 5.19643 57.1568 0.0999994
      vertex 6.08167 55.3042 10.2931
      vertex 5.92182 57.4572 0.0999994
    endloop
  endfacet
  facet normal -0.377534 0.904748 0.197226
    outer loop
      vertex 6.08167 55.3042 10.2931
      vertex 5.19643 57.1568 0.0999994
      vertex 6.06449 55.2952 10.3015
    endloop
  endfacet
  facet normal -0.375314 0.905679 0.197195
    outer loop
      vertex 6.76815 55.132 12.39
      vertex 6.46429 54.4378 15
      vertex 6.94788 54.6382 15
    endloop
  endfacet
  facet normal -0.375321 0.905676 0.197193
    outer loop
      vertex 6.46429 54.4378 15
      vertex 6.76815 55.132 12.39
      vertex 6.36927 54.9667 12.39
    endloop
  endfacet
  facet normal -0.375089 0.905771 0.197197
    outer loop
      vertex 6.62375 55.5287 10.2932
      vertex 5.92182 57.4572 0.0999994
      vertex 6.29292 55.3917 10.2932
    endloop
  endfacet
  facet normal -0.461751 -0.88701 0
    outer loop
      vertex 4.5 1.20577 0
      vertex 5.19643 0.843229 0.0999994
      vertex 4.5 1.20577 0.0999994
    endloop
  endfacet
  facet normal -0.461751 -0.88701 -0
    outer loop
      vertex 5.19643 0.843229 0.0999994
      vertex 4.5 1.20577 0
      vertex 5.19643 0.843229 0
    endloop
  endfacet
  facet normal -0 0 1
    outer loop
      vertex 9 55 15
      vertex 24.5333 54.6 15
      vertex 24.5333 55 15
    endloop
  endfacet
  facet normal 0 0 1
    outer loop
      vertex 24.5333 54.6 15
      vertex 22.3964 44.2873 15
      vertex 23.5 44.9904 15
    endloop
  endfacet
  facet normal 0 0 1
    outer loop
      vertex 24.5333 54.6 15
      vertex 9 55 15
      vertex 22.3964 44.2873 15
    endloop
  endfacet
  facet normal 0 0 1
    outer loop
      vertex 22.3964 44.2873 15
      vertex 9 55 15
      vertex 21.3582 43.4907 15
    endloop
  endfacet
  facet normal 0 0 1
    outer loop
      vertex 21.3582 43.4907 15
      vertex 9 55 15
      vertex 20.3934 42.6066 15
    endloop
  endfacet
  facet normal 0 0 1
    outer loop
      vertex 20.3934 42.6066 15
      vertex 9 55 15
      vertex 19.5093 41.6418 15
    endloop
  endfacet
  facet normal 0 0 1
    outer loop
      vertex 19.5093 41.6418 15
      vertex 9 55 15
      vertex 18.7127 40.6036 15
    endloop
  endfacet
  facet normal -0 0 1
    outer loop
      vertex 3 49 15
      vertex 18.7127 40.6036 15
      vertex 9 55 15
    endloop
  endfacet
  facet normal 0 0 1
    outer loop
      vertex 16.2279 34.6047 15
      vertex 3 49 15
      vertex 16.0571 33.3073 15
    endloop
  endfacet
  facet normal 0 0 1
    outer loop
      vertex 16.5111 35.8823 15
      vertex 3 49 15
      vertex 16.2279 34.6047 15
    endloop
  endfacet
  facet normal 0 0 1
    outer loop
      vertex 16.9046 37.1303 15
      vertex 3 49 15
      vertex 16.5111 35.8823 15
    endloop
  endfacet
  facet normal 0 0 1
    outer loop
      vertex 17.4054 38.3393 15
      vertex 3 49 15
      vertex 16.9046 37.1303 15
    endloop
  endfacet
  facet normal 0 0 1
    outer loop
      vertex 18.0096 39.5 15
      vertex 3 49 15
      vertex 17.4054 38.3393 15
    endloop
  endfacet
  facet normal 0 0 1
    outer loop
      vertex 18.7127 40.6036 15
      vertex 3 49 15
      vertex 18.0096 39.5 15
    endloop
  endfacet
  facet normal 0 0 1
    outer loop
      vertex 53 55 15
      vertex 59 49 15
      vertex 58.9772 49.5229 15
    endloop
  endfacet
  facet normal 0 0 1
    outer loop
      vertex 59 49 15
      vertex 45.9429 30.6927 15
      vertex 59 9 15
    endloop
  endfacet
  facet normal 0 0 1
    outer loop
      vertex 53 55 15
      vertex 58.9772 49.5229 15
      vertex 58.9088 50.0419 15
    endloop
  endfacet
  facet normal -0 0 1
    outer loop
      vertex 45.7721 29.3953 15
      vertex 59 9 15
      vertex 45.9429 30.6927 15
    endloop
  endfacet
  facet normal 0 0 1
    outer loop
      vertex 53 55 15
      vertex 58.9088 50.0419 15
      vertex 58.7956 50.5529 15
    endloop
  endfacet
  facet normal -0 0 1
    outer loop
      vertex 45.4889 28.1177 15
      vertex 59 9 15
      vertex 45.7721 29.3953 15
    endloop
  endfacet
  facet normal 0 0 1
    outer loop
      vertex 53 55 15
      vertex 58.7956 50.5529 15
      vertex 58.6382 51.0521 15
    endloop
  endfacet
  facet normal -0 0 1
    outer loop
      vertex 45.0954 26.8697 15
      vertex 59 9 15
      vertex 45.4889 28.1177 15
    endloop
  endfacet
  facet normal 0 0 1
    outer loop
      vertex 53 55 15
      vertex 58.6382 51.0521 15
      vertex 58.4378 51.5357 15
    endloop
  endfacet
  facet normal -0 0 1
    outer loop
      vertex 44.5946 25.6607 15
      vertex 59 9 15
      vertex 45.0954 26.8697 15
    endloop
  endfacet
  facet normal 0 0 1
    outer loop
      vertex 53 55 15
      vertex 58.4378 51.5357 15
      vertex 58.1962 52 15
    endloop
  endfacet
  facet normal -0 0 1
    outer loop
      vertex 43.9904 24.5 15
      vertex 59 9 15
      vertex 44.5946 25.6607 15
    endloop
  endfacet
  facet normal 0 0 1
    outer loop
      vertex 53 55 15
      vertex 58.1962 52 15
      vertex 57.9149 52.4415 15
    endloop
  endfacet
  facet normal -0 0 1
    outer loop
      vertex 43.2873 23.3964 15
      vertex 59 9 15
      vertex 43.9904 24.5 15
    endloop
  endfacet
  facet normal 0 0 1
    outer loop
      vertex 53 55 15
      vertex 57.9149 52.4415 15
      vertex 57.5963 52.8567 15
    endloop
  endfacet
  facet normal -0 0 1
    outer loop
      vertex 42.4907 22.3582 15
      vertex 59 9 15
      vertex 43.2873 23.3964 15
    endloop
  endfacet
  facet normal 0 0 1
    outer loop
      vertex 53 55 15
      vertex 57.5963 52.8567 15
      vertex 57.2426 53.2426 15
    endloop
  endfacet
  facet normal -0 0 1
    outer loop
      vertex 41.6066 21.3934 15
      vertex 59 9 15
      vertex 42.4907 22.3582 15
    endloop
  endfacet
  facet normal 0 0 1
    outer loop
      vertex 53 55 15
      vertex 57.2426 53.2426 15
      vertex 56.8567 53.5963 15
    endloop
  endfacet
  facet normal 0 -0 1
    outer loop
      vertex 53 3 15
      vertex 59 9 15
      vertex 41.6066 21.3934 15
    endloop
  endfacet
  facet normal 0 0 1
    outer loop
      vertex 53 55 15
      vertex 56.8567 53.5963 15
      vertex 56.4415 53.9149 15
    endloop
  endfacet
  facet normal 0 0 1
    outer loop
      vertex 59 9 15
      vertex 53 3 15
      vertex 58.9772 8.47707 15
    endloop
  endfacet
  facet normal 0 0 1
    outer loop
      vertex 53 55 15
      vertex 56.4415 53.9149 15
      vertex 56 54.1962 15
    endloop
  endfacet
  facet normal 0 0 1
    outer loop
      vertex 58.9772 8.47707 15
      vertex 53 3 15
      vertex 58.9088 7.95811 15
    endloop
  endfacet
  facet normal 0 0 1
    outer loop
      vertex 53 55 15
      vertex 56 54.1962 15
      vertex 55.5357 54.4378 15
    endloop
  endfacet
  facet normal 0 0 1
    outer loop
      vertex 58.9088 7.95811 15
      vertex 53 3 15
      vertex 58.7956 7.44709 15
    endloop
  endfacet
  facet normal 0 0 1
    outer loop
      vertex 53 55 15
      vertex 55.5357 54.4378 15
      vertex 55.0521 54.6382 15
    endloop
  endfacet
  facet normal 0 0 1
    outer loop
      vertex 58.7956 7.44709 15
      vertex 53 3 15
      vertex 58.6382 6.94788 15
    endloop
  endfacet
  facet normal 0 0 1
    outer loop
      vertex 53 55 15
      vertex 55.0521 54.6382 15
      vertex 54.5529 54.7956 15
    endloop
  endfacet
  facet normal 0 0 1
    outer loop
      vertex 58.6382 6.94788 15
      vertex 53 3 15
      vertex 58.4378 6.46429 15
    endloop
  endfacet
  facet normal 0 0 1
    outer loop
      vertex 53 55 15
      vertex 54.5529 54.7956 15
      vertex 54.0419 54.9088 15
    endloop
  endfacet
  facet normal 0 0 1
    outer loop
      vertex 59 49 15
      vertex 46 32 15
      vertex 45.9429 30.6927 15
    endloop
  endfacet
  facet normal 0 0 1
    outer loop
      vertex 53 55 15
      vertex 54.0419 54.9088 15
      vertex 53.5229 54.9772 15
    endloop
  endfacet
  facet normal 0 0 1
    outer loop
      vertex 58.4378 6.46429 15
      vertex 53 3 15
      vertex 58.1962 6 15
    endloop
  endfacet
  facet normal 0 0 1
    outer loop
      vertex 59 49 15
      vertex 53 55 15
      vertex 43.2873 40.6036 15
    endloop
  endfacet
  facet normal 0 0 1
    outer loop
      vertex 57.9149 5.55854 15
      vertex 53 3 15
      vertex 57.5963 5.14327 15
    endloop
  endfacet
  facet normal 0 0 1
    outer loop
      vertex 57.5963 5.14327 15
      vertex 53 3 15
      vertex 57.2426 4.75736 15
    endloop
  endfacet
  facet normal 0 0 1
    outer loop
      vertex 59 49 15
      vertex 45.9429 33.3073 15
      vertex 46 32 15
    endloop
  endfacet
  facet normal 0 0 1
    outer loop
      vertex 59 49 15
      vertex 45.7721 34.6047 15
      vertex 45.9429 33.3073 15
    endloop
  endfacet
  facet normal 0 0 1
    outer loop
      vertex 59 49 15
      vertex 45.4889 35.8823 15
      vertex 45.7721 34.6047 15
    endloop
  endfacet
  facet normal 0 0 1
    outer loop
      vertex 59 49 15
      vertex 45.0954 37.1303 15
      vertex 45.4889 35.8823 15
    endloop
  endfacet
  facet normal 0 0 1
    outer loop
      vertex 59 49 15
      vertex 44.5946 38.3393 15
      vertex 45.0954 37.1303 15
    endloop
  endfacet
  facet normal 0 0 1
    outer loop
      vertex 59 49 15
      vertex 43.9904 39.5 15
      vertex 44.5946 38.3393 15
    endloop
  endfacet
  facet normal 0 0 1
    outer loop
      vertex 59 49 15
      vertex 43.2873 40.6036 15
      vertex 43.9904 39.5 15
    endloop
  endfacet
  facet normal 0 0 1
    outer loop
      vertex 53 55 15
      vertex 42.4907 41.6418 15
      vertex 43.2873 40.6036 15
    endloop
  endfacet
  facet normal 0 0 1
    outer loop
      vertex 53 55 15
      vertex 41.6066 42.6066 15
      vertex 42.4907 41.6418 15
    endloop
  endfacet
  facet normal 0 0 1
    outer loop
      vertex 53 55 15
      vertex 40.6418 43.4907 15
      vertex 41.6066 42.6066 15
    endloop
  endfacet
  facet normal 0 0 1
    outer loop
      vertex 53 55 15
      vertex 39.6036 44.2873 15
      vertex 40.6418 43.4907 15
    endloop
  endfacet
  facet normal -0 0 1
    outer loop
      vertex 37.4667 54.6 15
      vertex 39.6036 44.2873 15
      vertex 53 55 15
    endloop
  endfacet
  facet normal 0 0 1
    outer loop
      vertex 37.4667 54.6 15
      vertex 53 55 15
      vertex 37.4667 55 15
    endloop
  endfacet
  facet normal 0 0 1
    outer loop
      vertex 39.6036 44.2873 15
      vertex 37.4667 54.6 15
      vertex 38.5 44.9904 15
    endloop
  endfacet
  facet normal 0 0 1
    outer loop
      vertex 37.4667 54.6 15
      vertex 37.3393 45.5946 15
      vertex 38.5 44.9904 15
    endloop
  endfacet
  facet normal 0 0 1
    outer loop
      vertex 37.4667 54.6 15
      vertex 36.1303 46.0954 15
      vertex 37.3393 45.5946 15
    endloop
  endfacet
  facet normal 0 0 1
    outer loop
      vertex 37.4667 54.6 15
      vertex 34.8823 46.4889 15
      vertex 36.1303 46.0954 15
    endloop
  endfacet
  facet normal 0 0 1
    outer loop
      vertex 37.4667 54.6 15
      vertex 33.6047 46.7721 15
      vertex 34.8823 46.4889 15
    endloop
  endfacet
  facet normal 0 0 1
    outer loop
      vertex 37.4667 54.6 15
      vertex 32.3073 46.9429 15
      vertex 33.6047 46.7721 15
    endloop
  endfacet
  facet normal 0 0 1
    outer loop
      vertex 37.4667 54.6 15
      vertex 31 47 15
      vertex 32.3073 46.9429 15
    endloop
  endfacet
  facet normal -0 0 1
    outer loop
      vertex 24.5333 54.6 15
      vertex 31 47 15
      vertex 37.4667 54.6 15
    endloop
  endfacet
  facet normal 0 0 1
    outer loop
      vertex 31 47 15
      vertex 24.5333 54.6 15
      vertex 29.6927 46.9429 15
    endloop
  endfacet
  facet normal 0 0 1
    outer loop
      vertex 29.6927 46.9429 15
      vertex 24.5333 54.6 15
      vertex 28.3953 46.7721 15
    endloop
  endfacet
  facet normal 0 0 1
    outer loop
      vertex 28.3953 46.7721 15
      vertex 24.5333 54.6 15
      vertex 27.1177 46.4889 15
    endloop
  endfacet
  facet normal 0 0 1
    outer loop
      vertex 27.1177 46.4889 15
      vertex 24.5333 54.6 15
      vertex 25.8697 46.0954 15
    endloop
  endfacet
  facet normal 0 0 1
    outer loop
      vertex 25.8697 46.0954 15
      vertex 24.5333 54.6 15
      vertex 24.6607 45.5946 15
    endloop
  endfacet
  facet normal 0 0 1
    outer loop
      vertex 24.6607 45.5946 15
      vertex 24.5333 54.6 15
      vertex 23.5 44.9904 15
    endloop
  endfacet
  facet normal 0 0 1
    outer loop
      vertex 57.2426 4.75736 15
      vertex 53 3 15
      vertex 56.8567 4.40373 15
    endloop
  endfacet
  facet normal 0 0 1
    outer loop
      vertex 56.8567 4.40373 15
      vertex 53 3 15
      vertex 56.4415 4.08509 15
    endloop
  endfacet
  facet normal 0 0 1
    outer loop
      vertex 56.4415 4.08509 15
      vertex 53 3 15
      vertex 56 3.80385 15
    endloop
  endfacet
  facet normal 0 0 1
    outer loop
      vertex 56 3.80385 15
      vertex 53 3 15
      vertex 55.5357 3.56215 15
    endloop
  endfacet
  facet normal 0 0 1
    outer loop
      vertex 55.5357 3.56215 15
      vertex 53 3 15
      vertex 55.0521 3.36184 15
    endloop
  endfacet
  facet normal 0 0 1
    outer loop
      vertex 55.0521 3.36184 15
      vertex 53 3 15
      vertex 54.5529 3.20444 15
    endloop
  endfacet
  facet normal 0 0 1
    outer loop
      vertex 54.0419 3.09115 15
      vertex 53 3 15
      vertex 53.5229 3.02283 15
    endloop
  endfacet
  facet normal 0 0 1
    outer loop
      vertex 54.5529 3.20444 15
      vertex 53 3 15
      vertex 54.0419 3.09115 15
    endloop
  endfacet
  facet normal 0 0 1
    outer loop
      vertex 58.1962 6 15
      vertex 53 3 15
      vertex 57.9149 5.55854 15
    endloop
  endfacet
  facet normal -0 0 1
    outer loop
      vertex 40.6418 20.5093 15
      vertex 53 3 15
      vertex 41.6066 21.3934 15
    endloop
  endfacet
  facet normal -0 0 1
    outer loop
      vertex 39.6036 19.7127 15
      vertex 53 3 15
      vertex 40.6418 20.5093 15
    endloop
  endfacet
  facet normal -0 0 1
    outer loop
      vertex 38.5 19.0096 15
      vertex 53 3 15
      vertex 39.6036 19.7127 15
    endloop
  endfacet
  facet normal -0 0 1
    outer loop
      vertex 37.3393 18.4054 15
      vertex 53 3 15
      vertex 38.5 19.0096 15
    endloop
  endfacet
  facet normal -0 0 1
    outer loop
      vertex 36.1303 17.9046 15
      vertex 53 3 15
      vertex 37.3393 18.4054 15
    endloop
  endfacet
  facet normal -0 0 1
    outer loop
      vertex 34.8823 17.5111 15
      vertex 53 3 15
      vertex 36.1303 17.9046 15
    endloop
  endfacet
  facet normal -0 0 1
    outer loop
      vertex 33.6047 17.2279 15
      vertex 53 3 15
      vertex 34.8823 17.5111 15
    endloop
  endfacet
  facet normal -0 0 1
    outer loop
      vertex 32.3073 17.0571 15
      vertex 53 3 15
      vertex 33.6047 17.2279 15
    endloop
  endfacet
  facet normal -0 0 1
    outer loop
      vertex 31 17 15
      vertex 53 3 15
      vertex 32.3073 17.0571 15
    endloop
  endfacet
  facet normal 0 0 1
    outer loop
      vertex 9 3 15
      vertex 31 17 15
      vertex 29.6927 17.0571 15
    endloop
  endfacet
  facet normal 0 0 1
    outer loop
      vertex 9 3 15
      vertex 29.6927 17.0571 15
      vertex 28.3953 17.2279 15
    endloop
  endfacet
  facet normal 0 0 1
    outer loop
      vertex 9 3 15
      vertex 28.3953 17.2279 15
      vertex 27.1177 17.5111 15
    endloop
  endfacet
  facet normal 0 0 1
    outer loop
      vertex 9 3 15
      vertex 27.1177 17.5111 15
      vertex 25.8697 17.9046 15
    endloop
  endfacet
  facet normal 0 0 1
    outer loop
      vertex 9 3 15
      vertex 25.8697 17.9046 15
      vertex 24.6607 18.4054 15
    endloop
  endfacet
  facet normal 0 0 1
    outer loop
      vertex 9 3 15
      vertex 24.6607 18.4054 15
      vertex 23.5 19.0096 15
    endloop
  endfacet
  facet normal 0 0 1
    outer loop
      vertex 16.0571 33.3073 15
      vertex 3 49 15
      vertex 16 32 15
    endloop
  endfacet
  facet normal 0 0 1
    outer loop
      vertex 16 32 15
      vertex 3 49 15
      vertex 16.0571 30.6927 15
    endloop
  endfacet
  facet normal 0 0 1
    outer loop
      vertex 3 9 15
      vertex 16.0571 30.6927 15
      vertex 3 49 15
    endloop
  endfacet
  facet normal 0 0 1
    outer loop
      vertex 31 17 15
      vertex 9 3 15
      vertex 53 3 15
    endloop
  endfacet
  facet normal 0 0 1
    outer loop
      vertex 22.3964 19.7127 15
      vertex 9 3 15
      vertex 23.5 19.0096 15
    endloop
  endfacet
  facet normal 0 0 1
    outer loop
      vertex 21.3582 20.5093 15
      vertex 9 3 15
      vertex 22.3964 19.7127 15
    endloop
  endfacet
  facet normal 0 0 1
    outer loop
      vertex 20.3934 21.3934 15
      vertex 9 3 15
      vertex 21.3582 20.5093 15
    endloop
  endfacet
  facet normal 0 0 1
    outer loop
      vertex 3 9 15
      vertex 20.3934 21.3934 15
      vertex 19.5093 22.3582 15
    endloop
  endfacet
  facet normal 0 0 1
    outer loop
      vertex 3 9 15
      vertex 19.5093 22.3582 15
      vertex 18.7127 23.3964 15
    endloop
  endfacet
  facet normal 0 0 1
    outer loop
      vertex 3 9 15
      vertex 18.7127 23.3964 15
      vertex 18.0096 24.5 15
    endloop
  endfacet
  facet normal 0 0 1
    outer loop
      vertex 3 9 15
      vertex 18.0096 24.5 15
      vertex 17.4054 25.6607 15
    endloop
  endfacet
  facet normal 0 0 1
    outer loop
      vertex 3 9 15
      vertex 17.4054 25.6607 15
      vertex 16.9046 26.8697 15
    endloop
  endfacet
  facet normal 0 0 1
    outer loop
      vertex 3 9 15
      vertex 16.9046 26.8697 15
      vertex 16.5111 28.1177 15
    endloop
  endfacet
  facet normal 0 0 1
    outer loop
      vertex 16.0571 30.6927 15
      vertex 3 9 15
      vertex 16.2279 29.3953 15
    endloop
  endfacet
  facet normal 0 0 1
    outer loop
      vertex 3 49 15
      vertex 9 55 15
      vertex 8.47707 54.9772 15
    endloop
  endfacet
  facet normal 0 0 1
    outer loop
      vertex 16.2279 29.3953 15
      vertex 3 9 15
      vertex 16.5111 28.1177 15
    endloop
  endfacet
  facet normal 0 0 1
    outer loop
      vertex 3 49 15
      vertex 8.47707 54.9772 15
      vertex 7.95811 54.9088 15
    endloop
  endfacet
  facet normal 0 0 1
    outer loop
      vertex 20.3934 21.3934 15
      vertex 3 9 15
      vertex 9 3 15
    endloop
  endfacet
  facet normal 0 0 1
    outer loop
      vertex 3 49 15
      vertex 7.95811 54.9088 15
      vertex 7.44709 54.7956 15
    endloop
  endfacet
  facet normal 0 0 1
    outer loop
      vertex 9 3 15
      vertex 3 9 15
      vertex 8.47707 3.02283 15
    endloop
  endfacet
  facet normal 0 0 1
    outer loop
      vertex 3 49 15
      vertex 7.44709 54.7956 15
      vertex 6.94788 54.6382 15
    endloop
  endfacet
  facet normal 0 0 1
    outer loop
      vertex 8.47707 3.02283 15
      vertex 3 9 15
      vertex 7.95811 3.09115 15
    endloop
  endfacet
  facet normal 0 0 1
    outer loop
      vertex 3 49 15
      vertex 6.94788 54.6382 15
      vertex 6.46429 54.4378 15
    endloop
  endfacet
  facet normal 0 0 1
    outer loop
      vertex 7.95811 3.09115 15
      vertex 3 9 15
      vertex 7.44709 3.20444 15
    endloop
  endfacet
  facet normal 0 0 1
    outer loop
      vertex 3 49 15
      vertex 6.46429 54.4378 15
      vertex 6 54.1962 15
    endloop
  endfacet
  facet normal 0 0 1
    outer loop
      vertex 7.44709 3.20444 15
      vertex 3 9 15
      vertex 6.94788 3.36184 15
    endloop
  endfacet
  facet normal 0 0 1
    outer loop
      vertex 3 49 15
      vertex 6 54.1962 15
      vertex 5.55854 53.9149 15
    endloop
  endfacet
  facet normal 0 0 1
    outer loop
      vertex 6.94788 3.36184 15
      vertex 3 9 15
      vertex 6.46429 3.56215 15
    endloop
  endfacet
  facet normal 0 0 1
    outer loop
      vertex 3 49 15
      vertex 5.55854 53.9149 15
      vertex 5.14327 53.5963 15
    endloop
  endfacet
  facet normal 0 0 1
    outer loop
      vertex 6.46429 3.56215 15
      vertex 3 9 15
      vertex 6 3.80385 15
    endloop
  endfacet
  facet normal 0 0 1
    outer loop
      vertex 3 49 15
      vertex 5.14327 53.5963 15
      vertex 4.75736 53.2426 15
    endloop
  endfacet
  facet normal 0 0 1
    outer loop
      vertex 6 3.80385 15
      vertex 3 9 15
      vertex 5.55854 4.08509 15
    endloop
  endfacet
  facet normal 0 0 1
    outer loop
      vertex 3 49 15
      vertex 4.75736 53.2426 15
      vertex 4.40373 52.8567 15
    endloop
  endfacet
  facet normal 0 0 1
    outer loop
      vertex 5.55854 4.08509 15
      vertex 3 9 15
      vertex 5.14327 4.40373 15
    endloop
  endfacet
  facet normal 0 0 1
    outer loop
      vertex 3 49 15
      vertex 4.40373 52.8567 15
      vertex 4.08509 52.4415 15
    endloop
  endfacet
  facet normal 0 0 1
    outer loop
      vertex 5.14327 4.40373 15
      vertex 3 9 15
      vertex 4.75736 4.75736 15
    endloop
  endfacet
  facet normal 0 0 1
    outer loop
      vertex 3 49 15
      vertex 4.08509 52.4415 15
      vertex 3.80385 52 15
    endloop
  endfacet
  facet normal 0 0 1
    outer loop
      vertex 4.75736 4.75736 15
      vertex 3 9 15
      vertex 4.40373 5.14327 15
    endloop
  endfacet
  facet normal 0 0 1
    outer loop
      vertex 3 49 15
      vertex 3.80385 52 15
      vertex 3.56215 51.5357 15
    endloop
  endfacet
  facet normal 0 0 1
    outer loop
      vertex 4.40373 5.14327 15
      vertex 3 9 15
      vertex 4.08509 5.55854 15
    endloop
  endfacet
  facet normal 0 0 1
    outer loop
      vertex 3 49 15
      vertex 3.56215 51.5357 15
      vertex 3.36184 51.0521 15
    endloop
  endfacet
  facet normal 0 0 1
    outer loop
      vertex 4.08509 5.55854 15
      vertex 3 9 15
      vertex 3.80385 6 15
    endloop
  endfacet
  facet normal 0 0 1
    outer loop
      vertex 3 49 15
      vertex 3.36184 51.0521 15
      vertex 3.20444 50.5529 15
    endloop
  endfacet
  facet normal 0 0 1
    outer loop
      vertex 3.80385 6 15
      vertex 3 9 15
      vertex 3.56215 6.46429 15
    endloop
  endfacet
  facet normal 0 0 1
    outer loop
      vertex 3 49 15
      vertex 3.20444 50.5529 15
      vertex 3.09115 50.0419 15
    endloop
  endfacet
  facet normal 0 0 1
    outer loop
      vertex 3.56215 6.46429 15
      vertex 3 9 15
      vertex 3.36184 6.94788 15
    endloop
  endfacet
  facet normal 0 0 1
    outer loop
      vertex 3 49 15
      vertex 3.09115 50.0419 15
      vertex 3.02283 49.5229 15
    endloop
  endfacet
  facet normal 0 0 1
    outer loop
      vertex 3.36184 6.94788 15
      vertex 3 9 15
      vertex 3.20444 7.44709 15
    endloop
  endfacet
  facet normal 0 0 1
    outer loop
      vertex 3.20444 7.44709 15
      vertex 3 9 15
      vertex 3.09115 7.95811 15
    endloop
  endfacet
  facet normal 0 0 1
    outer loop
      vertex 3.09115 7.95811 15
      vertex 3 9 15
      vertex 3.02283 8.47707 15
    endloop
  endfacet
  facet normal 0 0 1
    outer loop
      vertex 29.2069 44.6569 15
      vertex 28.6384 45.3934 15
      vertex 29.2 44.5 15
    endloop
  endfacet
  facet normal 0 0 1
    outer loop
      vertex 29.2274 44.8126 15
      vertex 28.6384 45.3934 15
      vertex 29.2069 44.6569 15
    endloop
  endfacet
  facet normal 0 0 1
    outer loop
      vertex 29.2613 44.9659 15
      vertex 28.6384 45.3934 15
      vertex 29.2274 44.8126 15
    endloop
  endfacet
  facet normal 0 0 1
    outer loop
      vertex 29.3086 45.1156 15
      vertex 28.6384 45.3934 15
      vertex 29.2613 44.9659 15
    endloop
  endfacet
  facet normal 0 0 1
    outer loop
      vertex 29.3687 45.2607 15
      vertex 28.6384 45.3934 15
      vertex 29.3086 45.1156 15
    endloop
  endfacet
  facet normal 0 0 1
    outer loop
      vertex 29.4412 45.4 15
      vertex 28.6384 45.3934 15
      vertex 29.3687 45.2607 15
    endloop
  endfacet
  facet normal 0 0 1
    outer loop
      vertex 28.6384 45.3934 15
      vertex 29.4412 45.4 15
      vertex 29.5101 45.5081 15
    endloop
  endfacet
  facet normal -0 0 1
    outer loop
      vertex 26.3485 19.2202 15
      vertex 29.6 19 15
      vertex 29.6 28.1895 15
    endloop
  endfacet
  facet normal 0 0 1
    outer loop
      vertex 24.2 20.2221 15
      vertex 29.6 28.1895 15
      vertex 28.3072 28.9359 15
    endloop
  endfacet
  facet normal 0 0 1
    outer loop
      vertex 21.3834 22.3834 15
      vertex 28.3072 28.9359 15
      vertex 27.9359 29.3072 15
    endloop
  endfacet
  facet normal 0 0 1
    outer loop
      vertex 29.6 19 15
      vertex 27.4801 18.8634 15
      vertex 28.6384 18.6066 15
    endloop
  endfacet
  facet normal 0 0 1
    outer loop
      vertex 21.3834 22.3834 15
      vertex 27.9359 29.3072 15
      vertex 27.1359 30.6928 15
    endloop
  endfacet
  facet normal 0 0 1
    outer loop
      vertex 29.6 19 15
      vertex 26.3485 19.2202 15
      vertex 27.4801 18.8634 15
    endloop
  endfacet
  facet normal -0 0 1
    outer loop
      vertex 31.7607 42.8686 15
      vertex 31.8 40 15
      vertex 31.9 42.9411 15
    endloop
  endfacet
  facet normal -0 0 1
    outer loop
      vertex 31.6156 42.8085 15
      vertex 31.8 40 15
      vertex 31.7607 42.8686 15
    endloop
  endfacet
  facet normal -0 0 1
    outer loop
      vertex 31.4659 42.7613 15
      vertex 31.8 40 15
      vertex 31.6156 42.8085 15
    endloop
  endfacet
  facet normal -0 0 1
    outer loop
      vertex 31.3126 42.7273 15
      vertex 31.8 40 15
      vertex 31.4659 42.7613 15
    endloop
  endfacet
  facet normal -0 0 1
    outer loop
      vertex 31.1569 42.7068 15
      vertex 31.8 40 15
      vertex 31.3126 42.7273 15
    endloop
  endfacet
  facet normal -0 0 1
    outer loop
      vertex 31 42.7 15
      vertex 31.8 40 15
      vertex 31.1569 42.7068 15
    endloop
  endfacet
  facet normal 0 0 1
    outer loop
      vertex 30.2 40 15
      vertex 31 42.7 15
      vertex 30.8431 42.7068 15
    endloop
  endfacet
  facet normal 0 0 1
    outer loop
      vertex 30.2 40 15
      vertex 30.8431 42.7068 15
      vertex 30.6874 42.7273 15
    endloop
  endfacet
  facet normal 0 0 1
    outer loop
      vertex 30.2 40 15
      vertex 30.6874 42.7273 15
      vertex 30.5341 42.7613 15
    endloop
  endfacet
  facet normal 0 0 1
    outer loop
      vertex 30.2 40 15
      vertex 30.5341 42.7613 15
      vertex 30.3844 42.8085 15
    endloop
  endfacet
  facet normal 0 0 1
    outer loop
      vertex 30.2 40 15
      vertex 30.3844 42.8085 15
      vertex 30.2393 42.8686 15
    endloop
  endfacet
  facet normal 0 0 1
    outer loop
      vertex 31 42.7 15
      vertex 30.2 40 15
      vertex 31.8 40 15
    endloop
  endfacet
  facet normal 0 0 1
    outer loop
      vertex 30.1 42.9411 15
      vertex 30.2 40 15
      vertex 30.2393 42.8686 15
    endloop
  endfacet
  facet normal 0 0 1
    outer loop
      vertex 29.9676 43.0255 15
      vertex 30.2 40 15
      vertex 30.1 42.9411 15
    endloop
  endfacet
  facet normal 0 0 1
    outer loop
      vertex 29.843 43.1211 15
      vertex 30.2 40 15
      vertex 29.9676 43.0255 15
    endloop
  endfacet
  facet normal 0 0 1
    outer loop
      vertex 30.2 40 15
      vertex 29.843 43.1211 15
      vertex 27.6928 39.3282 15
    endloop
  endfacet
  facet normal 0 0 1
    outer loop
      vertex 27.6928 39.3282 15
      vertex 29.843 43.1211 15
      vertex 29.7272 43.2272 15
    endloop
  endfacet
  facet normal 0 0 1
    outer loop
      vertex 27.6928 39.3282 15
      vertex 29.7272 43.2272 15
      vertex 29.6211 43.343 15
    endloop
  endfacet
  facet normal 0 0 1
    outer loop
      vertex 25.6235 42.0825 15
      vertex 29.6211 43.343 15
      vertex 29.5255 43.4676 15
    endloop
  endfacet
  facet normal 0 0 1
    outer loop
      vertex 25.6303 42.2394 15
      vertex 29.5255 43.4676 15
      vertex 29.4412 43.6 15
    endloop
  endfacet
  facet normal 0 0 1
    outer loop
      vertex 25.6235 42.3963 15
      vertex 29.4412 43.6 15
      vertex 29.3687 43.7393 15
    endloop
  endfacet
  facet normal 0 0 1
    outer loop
      vertex 25.603 42.552 15
      vertex 29.3687 43.7393 15
      vertex 29.3086 43.8844 15
    endloop
  endfacet
  facet normal 0 0 1
    outer loop
      vertex 27.4801 45.1366 15
      vertex 29.3086 43.8844 15
      vertex 29.2613 44.0341 15
    endloop
  endfacet
  facet normal 0 0 1
    outer loop
      vertex 27.4801 45.1366 15
      vertex 29.2613 44.0341 15
      vertex 29.2274 44.1874 15
    endloop
  endfacet
  facet normal 0 0 1
    outer loop
      vertex 27.4801 45.1366 15
      vertex 29.2274 44.1874 15
      vertex 29.2069 44.3431 15
    endloop
  endfacet
  facet normal -0 0 1
    outer loop
      vertex 27.4801 45.1366 15
      vertex 29.2 44.5 15
      vertex 28.6384 45.3934 15
    endloop
  endfacet
  facet normal 0 0 1
    outer loop
      vertex 29.2 44.5 15
      vertex 27.4801 45.1366 15
      vertex 29.2069 44.3431 15
    endloop
  endfacet
  facet normal 0 0 1
    outer loop
      vertex 30.2 40 15
      vertex 27.6928 39.3282 15
      vertex 30.2 34.9856 15
    endloop
  endfacet
  facet normal 0 0 1
    outer loop
      vertex 29.3086 43.8844 15
      vertex 27.4801 45.1366 15
      vertex 25.569 42.7053 15
    endloop
  endfacet
  facet normal 0 0 1
    outer loop
      vertex 25.569 42.7053 15
      vertex 27.4801 45.1366 15
      vertex 26.3485 44.7798 15
    endloop
  endfacet
  facet normal 0 0 1
    outer loop
      vertex 29.4412 43.6 15
      vertex 25.6235 42.3963 15
      vertex 25.6303 42.2394 15
    endloop
  endfacet
  facet normal 0 0 1
    outer loop
      vertex 29.6211 43.343 15
      vertex 25.6235 42.0825 15
      vertex 27.6928 39.3282 15
    endloop
  endfacet
  facet normal 0 0 1
    outer loop
      vertex 29.5255 43.4676 15
      vertex 25.6303 42.2394 15
      vertex 25.6235 42.0825 15
    endloop
  endfacet
  facet normal 0 0 1
    outer loop
      vertex 29.3687 43.7393 15
      vertex 25.603 42.552 15
      vertex 25.6235 42.3963 15
    endloop
  endfacet
  facet normal 0 0 1
    outer loop
      vertex 29.3086 43.8844 15
      vertex 25.569 42.7053 15
      vertex 25.603 42.552 15
    endloop
  endfacet
  facet normal 0 0 1
    outer loop
      vertex 26.3485 44.7798 15
      vertex 25.5217 42.855 15
      vertex 25.569 42.7053 15
    endloop
  endfacet
  facet normal 0 0 1
    outer loop
      vertex 26.3485 44.7798 15
      vertex 25.4617 43.0001 15
      vertex 25.5217 42.855 15
    endloop
  endfacet
  facet normal 0 0 1
    outer loop
      vertex 26.3485 44.7798 15
      vertex 25.3891 43.1394 15
      vertex 25.4617 43.0001 15
    endloop
  endfacet
  facet normal 0 0 1
    outer loop
      vertex 26.3485 44.7798 15
      vertex 25.3048 43.2718 15
      vertex 25.3891 43.1394 15
    endloop
  endfacet
  facet normal -0 0 1
    outer loop
      vertex 25.2524 44.3258 15
      vertex 25.3048 43.2718 15
      vertex 26.3485 44.7798 15
    endloop
  endfacet
  facet normal 0 0 1
    outer loop
      vertex 25.2524 44.3258 15
      vertex 25.2092 43.3964 15
      vertex 25.3048 43.2718 15
    endloop
  endfacet
  facet normal 0 0 1
    outer loop
      vertex 25.2524 44.3258 15
      vertex 25.1031 43.5122 15
      vertex 25.2092 43.3964 15
    endloop
  endfacet
  facet normal 0 0 1
    outer loop
      vertex 25.2524 44.3258 15
      vertex 24.9873 43.6183 15
      vertex 25.1031 43.5122 15
    endloop
  endfacet
  facet normal 0 0 1
    outer loop
      vertex 25.2524 44.3258 15
      vertex 24.8627 43.7139 15
      vertex 24.9873 43.6183 15
    endloop
  endfacet
  facet normal 0 0 1
    outer loop
      vertex 25.2524 44.3258 15
      vertex 24.7303 43.7982 15
      vertex 24.8627 43.7139 15
    endloop
  endfacet
  facet normal 0 0 1
    outer loop
      vertex 25.2524 44.3258 15
      vertex 24.591 43.8707 15
      vertex 24.7303 43.7982 15
    endloop
  endfacet
  facet normal 0 -0 1
    outer loop
      vertex 24.591 43.8707 15
      vertex 25.2524 44.3258 15
      vertex 24.4726 43.9198 15
    endloop
  endfacet
  facet normal 0 0 1
    outer loop
      vertex 33.3616 45.3934 15
      vertex 32.7931 44.6569 15
      vertex 32.8 44.5 15
    endloop
  endfacet
  facet normal 0 0 1
    outer loop
      vertex 33.3616 45.3934 15
      vertex 32.7726 44.8126 15
      vertex 32.7931 44.6569 15
    endloop
  endfacet
  facet normal 0 0 1
    outer loop
      vertex 33.3616 45.3934 15
      vertex 32.7387 44.9659 15
      vertex 32.7726 44.8126 15
    endloop
  endfacet
  facet normal 0 0 1
    outer loop
      vertex 33.3616 45.3934 15
      vertex 32.6914 45.1156 15
      vertex 32.7387 44.9659 15
    endloop
  endfacet
  facet normal 0 0 1
    outer loop
      vertex 33.3616 45.3934 15
      vertex 32.6313 45.2607 15
      vertex 32.6914 45.1156 15
    endloop
  endfacet
  facet normal 0 0 1
    outer loop
      vertex 33.3616 45.3934 15
      vertex 32.5588 45.4 15
      vertex 32.6313 45.2607 15
    endloop
  endfacet
  facet normal -0 -0 1
    outer loop
      vertex 32.5588 45.4 15
      vertex 33.3616 45.3934 15
      vertex 32.4899 45.5081 15
    endloop
  endfacet
  facet normal 0 0 1
    outer loop
      vertex 34.0641 29.3072 15
      vertex 33.1856 29.8144 15
      vertex 33.6928 28.9359 15
    endloop
  endfacet
  facet normal 0 0 1
    outer loop
      vertex 36.7476 44.3258 15
      vertex 37.409 43.8707 15
      vertex 37.5274 43.9198 15
    endloop
  endfacet
  facet normal 0 0 1
    outer loop
      vertex 36.7476 44.3258 15
      vertex 37.2697 43.7982 15
      vertex 37.409 43.8707 15
    endloop
  endfacet
  facet normal 0 0 1
    outer loop
      vertex 36.7476 44.3258 15
      vertex 37.1373 43.7139 15
      vertex 37.2697 43.7982 15
    endloop
  endfacet
  facet normal 0 0 1
    outer loop
      vertex 36.7476 44.3258 15
      vertex 37.0127 43.6183 15
      vertex 37.1373 43.7139 15
    endloop
  endfacet
  facet normal 0 0 1
    outer loop
      vertex 36.7476 44.3258 15
      vertex 36.8969 43.5122 15
      vertex 37.0127 43.6183 15
    endloop
  endfacet
  facet normal 0 0 1
    outer loop
      vertex 36.7476 44.3258 15
      vertex 36.7908 43.3964 15
      vertex 36.8969 43.5122 15
    endloop
  endfacet
  facet normal 0 0 1
    outer loop
      vertex 36.7476 44.3258 15
      vertex 36.6952 43.2718 15
      vertex 36.7908 43.3964 15
    endloop
  endfacet
  facet normal 0 0 1
    outer loop
      vertex 35.6515 44.7798 15
      vertex 36.6952 43.2718 15
      vertex 36.7476 44.3258 15
    endloop
  endfacet
  facet normal 0 0 1
    outer loop
      vertex 36.6952 43.2718 15
      vertex 35.6515 44.7798 15
      vertex 36.6109 43.1394 15
    endloop
  endfacet
  facet normal 0 0 1
    outer loop
      vertex 36.6109 43.1394 15
      vertex 35.6515 44.7798 15
      vertex 36.5383 43.0001 15
    endloop
  endfacet
  facet normal 0 0 1
    outer loop
      vertex 36.5383 43.0001 15
      vertex 35.6515 44.7798 15
      vertex 36.4783 42.855 15
    endloop
  endfacet
  facet normal 0 0 1
    outer loop
      vertex 36.4783 42.855 15
      vertex 35.6515 44.7798 15
      vertex 36.431 42.7053 15
    endloop
  endfacet
  facet normal 0 0 1
    outer loop
      vertex 32.4745 43.4676 15
      vertex 36.3697 42.2394 15
      vertex 36.3765 42.3963 15
    endloop
  endfacet
  facet normal 0 0 1
    outer loop
      vertex 32.5588 43.6 15
      vertex 36.3765 42.3963 15
      vertex 36.397 42.552 15
    endloop
  endfacet
  facet normal -0 0 1
    outer loop
      vertex 32.6914 43.8844 15
      vertex 36.431 42.7053 15
      vertex 35.6515 44.7798 15
    endloop
  endfacet
  facet normal 0 0 1
    outer loop
      vertex 36.431 42.7053 15
      vertex 32.6914 43.8844 15
      vertex 36.397 42.552 15
    endloop
  endfacet
  facet normal 0 0 1
    outer loop
      vertex 32.6914 43.8844 15
      vertex 35.6515 44.7798 15
      vertex 34.5199 45.1366 15
    endloop
  endfacet
  facet normal 0 0 1
    outer loop
      vertex 36.3697 42.2394 15
      vertex 34.3072 39.3282 15
      vertex 35.6928 38.5282 15
    endloop
  endfacet
  facet normal 0 0 1
    outer loop
      vertex 32.8 44.5 15
      vertex 34.5199 45.1366 15
      vertex 33.3616 45.3934 15
    endloop
  endfacet
  facet normal 0 0 1
    outer loop
      vertex 34.5199 45.1366 15
      vertex 32.8 44.5 15
      vertex 32.7931 44.3431 15
    endloop
  endfacet
  facet normal 0 0 1
    outer loop
      vertex 34.5199 45.1366 15
      vertex 32.7931 44.3431 15
      vertex 32.7726 44.1874 15
    endloop
  endfacet
  facet normal 0 0 1
    outer loop
      vertex 34.5199 45.1366 15
      vertex 32.7726 44.1874 15
      vertex 32.7387 44.0341 15
    endloop
  endfacet
  facet normal 0 0 1
    outer loop
      vertex 32.6914 43.8844 15
      vertex 34.5199 45.1366 15
      vertex 32.7387 44.0341 15
    endloop
  endfacet
  facet normal 0 0 1
    outer loop
      vertex 36.397 42.552 15
      vertex 32.6914 43.8844 15
      vertex 32.6313 43.7393 15
    endloop
  endfacet
  facet normal 0 0 1
    outer loop
      vertex 36.397 42.552 15
      vertex 32.6313 43.7393 15
      vertex 32.5588 43.6 15
    endloop
  endfacet
  facet normal 0 0 1
    outer loop
      vertex 36.3765 42.3963 15
      vertex 32.5588 43.6 15
      vertex 32.4745 43.4676 15
    endloop
  endfacet
  facet normal 0 0 1
    outer loop
      vertex 36.3697 42.2394 15
      vertex 32.4745 43.4676 15
      vertex 32.3789 43.343 15
    endloop
  endfacet
  facet normal 0 0 1
    outer loop
      vertex 36.3697 42.2394 15
      vertex 32.3789 43.343 15
      vertex 34.3072 39.3282 15
    endloop
  endfacet
  facet normal -0 0 1
    outer loop
      vertex 32.2728 43.2272 15
      vertex 34.3072 39.3282 15
      vertex 32.3789 43.343 15
    endloop
  endfacet
  facet normal -0 0 1
    outer loop
      vertex 32.157 43.1211 15
      vertex 34.3072 39.3282 15
      vertex 32.2728 43.2272 15
    endloop
  endfacet
  facet normal 0 0 1
    outer loop
      vertex 31.8 40 15
      vertex 32.157 43.1211 15
      vertex 32.0324 43.0255 15
    endloop
  endfacet
  facet normal 0 0 1
    outer loop
      vertex 31.8 40 15
      vertex 32.0324 43.0255 15
      vertex 31.9 42.9411 15
    endloop
  endfacet
  facet normal 0 0 1
    outer loop
      vertex 32.157 43.1211 15
      vertex 31.8 40 15
      vertex 34.3072 39.3282 15
    endloop
  endfacet
  facet normal 0 0 1
    outer loop
      vertex 34.3072 39.3282 15
      vertex 31.8 40 15
      vertex 31.8 34.9856 15
    endloop
  endfacet
  facet normal 0 0 1
    outer loop
      vertex 42.7779 38.8 15
      vertex 43.0587 38.0479 15
      vertex 43.1839 38.0202 15
    endloop
  endfacet
  facet normal 0 0 1
    outer loop
      vertex 42.7779 38.8 15
      vertex 42.903 38.0684 15
      vertex 43.0587 38.0479 15
    endloop
  endfacet
  facet normal 0 0 1
    outer loop
      vertex 42.7779 38.8 15
      vertex 42.7462 38.0752 15
      vertex 42.903 38.0684 15
    endloop
  endfacet
  facet normal 0 0 1
    outer loop
      vertex 42.7779 38.8 15
      vertex 42.5893 38.0684 15
      vertex 42.7462 38.0752 15
    endloop
  endfacet
  facet normal 0 0 1
    outer loop
      vertex 42.7779 38.8 15
      vertex 42.4336 38.0479 15
      vertex 42.5893 38.0684 15
    endloop
  endfacet
  facet normal 0 0 1
    outer loop
      vertex 42.7779 38.8 15
      vertex 42.2803 38.0139 15
      vertex 42.4336 38.0479 15
    endloop
  endfacet
  facet normal 0 0 1
    outer loop
      vertex 42.1305 37.9667 15
      vertex 42.7779 38.8 15
      vertex 42.1405 39.8006 15
    endloop
  endfacet
  facet normal 0 0 1
    outer loop
      vertex 42.7779 38.8 15
      vertex 42.1305 37.9667 15
      vertex 42.2803 38.0139 15
    endloop
  endfacet
  facet normal 0 0 1
    outer loop
      vertex 42.1405 39.8006 15
      vertex 41.9854 37.9066 15
      vertex 42.1305 37.9667 15
    endloop
  endfacet
  facet normal 0 0 1
    outer loop
      vertex 42.1405 39.8006 15
      vertex 41.8461 37.8341 15
      vertex 41.9854 37.9066 15
    endloop
  endfacet
  facet normal 0 0 1
    outer loop
      vertex 42.1405 39.8006 15
      vertex 41.7137 37.7497 15
      vertex 41.8461 37.8341 15
    endloop
  endfacet
  facet normal 0 0 1
    outer loop
      vertex 42.1405 39.8006 15
      vertex 41.5891 37.6541 15
      vertex 41.7137 37.7497 15
    endloop
  endfacet
  facet normal 0 0 1
    outer loop
      vertex 41.4182 40.7419 15
      vertex 41.5891 37.6541 15
      vertex 42.1405 39.8006 15
    endloop
  endfacet
  facet normal 0 0 1
    outer loop
      vertex 39.2021 40.7649 15
      vertex 41.5891 37.6541 15
      vertex 41.4182 40.7419 15
    endloop
  endfacet
  facet normal 0 0 1
    outer loop
      vertex 41.5891 37.6541 15
      vertex 39.2021 40.7649 15
      vertex 41.4734 37.548 15
    endloop
  endfacet
  facet normal -0 0 1
    outer loop
      vertex 39.0697 40.6805 15
      vertex 41.4734 37.548 15
      vertex 39.2021 40.7649 15
    endloop
  endfacet
  facet normal 0 0 1
    outer loop
      vertex 41.4734 37.548 15
      vertex 39.0697 40.6805 15
      vertex 41.3673 37.4323 15
    endloop
  endfacet
  facet normal -0 0 1
    outer loop
      vertex 38.9304 40.608 15
      vertex 41.3673 37.4323 15
      vertex 39.0697 40.6805 15
    endloop
  endfacet
  facet normal 0 0 1
    outer loop
      vertex 41.3673 37.4323 15
      vertex 38.9304 40.608 15
      vertex 41.2717 37.3077 15
    endloop
  endfacet
  facet normal 0 0 1
    outer loop
      vertex 41.2717 37.3077 15
      vertex 38.7853 40.5479 15
      vertex 41.1873 37.1752 15
    endloop
  endfacet
  facet normal -0 0 1
    outer loop
      vertex 38.6356 40.5007 15
      vertex 41.1873 37.1752 15
      vertex 38.7853 40.5479 15
    endloop
  endfacet
  facet normal 0 0 1
    outer loop
      vertex 37.5282 36.6928 15
      vertex 41.1873 37.1752 15
      vertex 38.6356 40.5007 15
    endloop
  endfacet
  facet normal -0 0 1
    outer loop
      vertex 39.3267 40.8605 15
      vertex 41.4182 40.7419 15
      vertex 39.4425 40.9666 15
    endloop
  endfacet
  facet normal -0 0 1
    outer loop
      vertex 39.4425 40.9666 15
      vertex 41.4182 40.7419 15
      vertex 40.6166 41.6166 15
    endloop
  endfacet
  facet normal 0 0 1
    outer loop
      vertex 42.7462 34.4753 15
      vertex 44.6 32 15
      vertex 44.5482 33.1853 15
    endloop
  endfacet
  facet normal 0 0 1
    outer loop
      vertex 43.3618 34.5838 15
      vertex 44.5482 33.1853 15
      vertex 44.3934 34.3616 15
    endloop
  endfacet
  facet normal -0 0 1
    outer loop
      vertex 42.903 34.4821 15
      vertex 44.5482 33.1853 15
      vertex 43.0587 34.5026 15
    endloop
  endfacet
  facet normal -0 0 1
    outer loop
      vertex 44.125 35.1182 15
      vertex 44.3934 34.3616 15
      vertex 44.2031 35.22 15
    endloop
  endfacet
  facet normal -0 0 1
    outer loop
      vertex 44.0189 35.0025 15
      vertex 44.3934 34.3616 15
      vertex 44.125 35.1182 15
    endloop
  endfacet
  facet normal -0 0 1
    outer loop
      vertex 43.9032 34.8964 15
      vertex 44.3934 34.3616 15
      vertex 44.0189 35.0025 15
    endloop
  endfacet
  facet normal -0 0 1
    outer loop
      vertex 43.7786 34.8008 15
      vertex 44.3934 34.3616 15
      vertex 43.9032 34.8964 15
    endloop
  endfacet
  facet normal -0 0 1
    outer loop
      vertex 43.6461 34.7164 15
      vertex 44.3934 34.3616 15
      vertex 43.7786 34.8008 15
    endloop
  endfacet
  facet normal -0 0 1
    outer loop
      vertex 43.5069 34.6439 15
      vertex 44.3934 34.3616 15
      vertex 43.6461 34.7164 15
    endloop
  endfacet
  facet normal -0 0 1
    outer loop
      vertex 43.3618 34.5838 15
      vertex 44.3934 34.3616 15
      vertex 43.5069 34.6439 15
    endloop
  endfacet
  facet normal 0 0 1
    outer loop
      vertex 44.5482 33.1853 15
      vertex 43.3618 34.5838 15
      vertex 43.212 34.5366 15
    endloop
  endfacet
  facet normal 0 0 1
    outer loop
      vertex 44.5482 33.1853 15
      vertex 43.212 34.5366 15
      vertex 43.0587 34.5026 15
    endloop
  endfacet
  facet normal -0 0 1
    outer loop
      vertex 42.7462 34.4753 15
      vertex 44.5482 33.1853 15
      vertex 42.903 34.4821 15
    endloop
  endfacet
  facet normal 0 0 1
    outer loop
      vertex 44.6 32 15
      vertex 42.7462 34.4753 15
      vertex 42.5893 34.4821 15
    endloop
  endfacet
  facet normal 0 0 1
    outer loop
      vertex 42.4336 34.5026 15
      vertex 44.6 32 15
      vertex 42.5893 34.4821 15
    endloop
  endfacet
  facet normal 0 0 1
    outer loop
      vertex 42.2803 34.5366 15
      vertex 44.6 32 15
      vertex 42.4336 34.5026 15
    endloop
  endfacet
  facet normal 0 0 1
    outer loop
      vertex 44.6 32 15
      vertex 42.2803 34.5366 15
      vertex 44.5482 30.8147 15
    endloop
  endfacet
  facet normal 0 0 1
    outer loop
      vertex 42.1305 34.5838 15
      vertex 44.5482 30.8147 15
      vertex 42.2803 34.5366 15
    endloop
  endfacet
  facet normal 0 0 1
    outer loop
      vertex 41.9854 34.6439 15
      vertex 44.5482 30.8147 15
      vertex 42.1305 34.5838 15
    endloop
  endfacet
  facet normal 0 0 1
    outer loop
      vertex 44.5482 30.8147 15
      vertex 41.9854 34.6439 15
      vertex 44.3934 29.6384 15
    endloop
  endfacet
  facet normal -0 0 1
    outer loop
      vertex 34.8641 30.6928 15
      vertex 44.3934 29.6384 15
      vertex 41.9854 34.6439 15
    endloop
  endfacet
  facet normal 0 0 1
    outer loop
      vertex 44.3934 29.6384 15
      vertex 34.8641 30.6928 15
      vertex 44.1366 28.4801 15
    endloop
  endfacet
  facet normal 0 0 1
    outer loop
      vertex 44.1366 28.4801 15
      vertex 34.8641 30.6928 15
      vertex 43.7798 27.3485 15
    endloop
  endfacet
  facet normal 0 0 1
    outer loop
      vertex 43.3258 26.2524 15
      vertex 34.8641 30.6928 15
      vertex 42.7779 25.2 15
    endloop
  endfacet
  facet normal 0 0 1
    outer loop
      vertex 43.7798 27.3485 15
      vertex 34.8641 30.6928 15
      vertex 43.3258 26.2524 15
    endloop
  endfacet
  facet normal 0 0 1
    outer loop
      vertex 34.8641 30.6928 15
      vertex 41.9854 34.6439 15
      vertex 41.8461 34.7164 15
    endloop
  endfacet
  facet normal 0 0 1
    outer loop
      vertex 38.3282 35.3072 15
      vertex 41.8461 34.7164 15
      vertex 41.7137 34.8008 15
    endloop
  endfacet
  facet normal 0 0 1
    outer loop
      vertex 38.3282 35.3072 15
      vertex 41.7137 34.8008 15
      vertex 41.5891 34.8964 15
    endloop
  endfacet
  facet normal 0 0 1
    outer loop
      vertex 38.3282 35.3072 15
      vertex 41.5891 34.8964 15
      vertex 41.4734 35.0025 15
    endloop
  endfacet
  facet normal -0 0 1
    outer loop
      vertex 34.0641 29.3072 15
      vertex 42.7779 25.2 15
      vertex 34.8641 30.6928 15
    endloop
  endfacet
  facet normal 0 0 1
    outer loop
      vertex 38.3282 35.3072 15
      vertex 41.4734 35.0025 15
      vertex 41.3673 35.1182 15
    endloop
  endfacet
  facet normal 0 0 1
    outer loop
      vertex 38.3282 35.3072 15
      vertex 41.3673 35.1182 15
      vertex 41.2717 35.2428 15
    endloop
  endfacet
  facet normal -0 0 1
    outer loop
      vertex 38.3282 35.3072 15
      vertex 41.2717 35.2428 15
      vertex 41.1873 35.3752 15
    endloop
  endfacet
  facet normal 0 0 1
    outer loop
      vertex 38.3282 35.3072 15
      vertex 41.1873 35.3752 15
      vertex 41.1148 35.5145 15
    endloop
  endfacet
  facet normal 0 0 1
    outer loop
      vertex 38.3282 35.3072 15
      vertex 41.1148 35.5145 15
      vertex 41.0547 35.6596 15
    endloop
  endfacet
  facet normal 0 0 1
    outer loop
      vertex 38.3282 35.3072 15
      vertex 41.0547 35.6596 15
      vertex 41.0075 35.8094 15
    endloop
  endfacet
  facet normal 0 0 1
    outer loop
      vertex 38.3282 35.3072 15
      vertex 41.0075 35.8094 15
      vertex 40.9735 35.9627 15
    endloop
  endfacet
  facet normal 0 0 1
    outer loop
      vertex 38.3282 35.3072 15
      vertex 40.9735 35.9627 15
      vertex 40.953 36.1184 15
    endloop
  endfacet
  facet normal 0 0 1
    outer loop
      vertex 38.3282 35.3072 15
      vertex 40.953 36.1184 15
      vertex 40.9462 36.2752 15
    endloop
  endfacet
  facet normal -0 0 1
    outer loop
      vertex 39.2021 40.7649 15
      vertex 41.4182 40.7419 15
      vertex 39.3267 40.8605 15
    endloop
  endfacet
  facet normal 0 0 1
    outer loop
      vertex 41.8461 34.7164 15
      vertex 38.3282 35.3072 15
      vertex 34.8641 30.6928 15
    endloop
  endfacet
  facet normal -0 0 1
    outer loop
      vertex 39.9628 42.0825 15
      vertex 40.6166 41.6166 15
      vertex 39.9684 42.2106 15
    endloop
  endfacet
  facet normal -0 0 1
    outer loop
      vertex 39.9424 41.9268 15
      vertex 40.6166 41.6166 15
      vertex 39.9628 42.0825 15
    endloop
  endfacet
  facet normal -0 0 1
    outer loop
      vertex 39.9084 41.7735 15
      vertex 40.6166 41.6166 15
      vertex 39.9424 41.9268 15
    endloop
  endfacet
  facet normal -0 0 1
    outer loop
      vertex 39.8611 41.6238 15
      vertex 40.6166 41.6166 15
      vertex 39.9084 41.7735 15
    endloop
  endfacet
  facet normal 0 0 1
    outer loop
      vertex 39.8011 41.4787 15
      vertex 40.6166 41.6166 15
      vertex 39.8611 41.6238 15
    endloop
  endfacet
  facet normal 0 0 1
    outer loop
      vertex 39.7285 41.3394 15
      vertex 40.6166 41.6166 15
      vertex 39.8011 41.4787 15
    endloop
  endfacet
  facet normal 0 0 1
    outer loop
      vertex 42.7779 25.2 15
      vertex 34.0641 29.3072 15
      vertex 42.1405 24.1994 15
    endloop
  endfacet
  facet normal 0 0 1
    outer loop
      vertex 39.6442 41.207 15
      vertex 40.6166 41.6166 15
      vertex 39.7285 41.3394 15
    endloop
  endfacet
  facet normal 0 0 1
    outer loop
      vertex 39.5486 41.0824 15
      vertex 40.6166 41.6166 15
      vertex 39.6442 41.207 15
    endloop
  endfacet
  facet normal 0 0 1
    outer loop
      vertex 39.4425 40.9666 15
      vertex 40.6166 41.6166 15
      vertex 39.5486 41.0824 15
    endloop
  endfacet
  facet normal -0 0 1
    outer loop
      vertex 38.7853 40.5479 15
      vertex 41.2717 37.3077 15
      vertex 38.9304 40.608 15
    endloop
  endfacet
  facet normal 0 0 1
    outer loop
      vertex 41.1873 37.1752 15
      vertex 37.5282 36.6928 15
      vertex 41.1148 37.0359 15
    endloop
  endfacet
  facet normal 0 0 1
    outer loop
      vertex 41.1148 37.0359 15
      vertex 37.5282 36.6928 15
      vertex 41.0547 36.8909 15
    endloop
  endfacet
  facet normal 0 0 1
    outer loop
      vertex 41.0547 36.8909 15
      vertex 37.5282 36.6928 15
      vertex 41.0075 36.7411 15
    endloop
  endfacet
  facet normal 0 0 1
    outer loop
      vertex 41.0075 36.7411 15
      vertex 37.5282 36.6928 15
      vertex 40.9735 36.5878 15
    endloop
  endfacet
  facet normal 0 0 1
    outer loop
      vertex 42.1405 24.1994 15
      vertex 34.0641 29.3072 15
      vertex 41.4182 23.2581 15
    endloop
  endfacet
  facet normal 0 0 1
    outer loop
      vertex 40.9735 36.5878 15
      vertex 38.3282 35.3072 15
      vertex 40.953 36.4321 15
    endloop
  endfacet
  facet normal 0 -0 1
    outer loop
      vertex 38.3282 35.3072 15
      vertex 40.9735 36.5878 15
      vertex 37.5282 36.6928 15
    endloop
  endfacet
  facet normal 0 0 1
    outer loop
      vertex 37.5282 36.6928 15
      vertex 38.6356 40.5007 15
      vertex 38.4823 40.4667 15
    endloop
  endfacet
  facet normal 0 0 1
    outer loop
      vertex 41.4182 23.2581 15
      vertex 34.0641 29.3072 15
      vertex 40.6166 22.3834 15
    endloop
  endfacet
  facet normal -0 0 1
    outer loop
      vertex 33.6928 28.9359 15
      vertex 40.6166 22.3834 15
      vertex 34.0641 29.3072 15
    endloop
  endfacet
  facet normal 0 0 1
    outer loop
      vertex 40.6166 22.3834 15
      vertex 33.6928 28.9359 15
      vertex 39.7419 21.5818 15
    endloop
  endfacet
  facet normal 0 0 1
    outer loop
      vertex 39.7419 21.5818 15
      vertex 33.6928 28.9359 15
      vertex 38.8006 20.8595 15
    endloop
  endfacet
  facet normal 0 0 1
    outer loop
      vertex 38.8006 20.8595 15
      vertex 33.6928 28.9359 15
      vertex 37.8 20.2221 15
    endloop
  endfacet
  facet normal 0 -0 1
    outer loop
      vertex 34.8641 30.6928 15
      vertex 38.3282 35.3072 15
      vertex 32.6 32 15
    endloop
  endfacet
  facet normal 0 0 1
    outer loop
      vertex 37.5282 36.6928 15
      vertex 38.4823 40.4667 15
      vertex 38.3266 40.4462 15
    endloop
  endfacet
  facet normal 0 0 1
    outer loop
      vertex 37.5282 36.6928 15
      vertex 38.3266 40.4462 15
      vertex 38.1697 40.4394 15
    endloop
  endfacet
  facet normal 0 0 1
    outer loop
      vertex 37.5282 36.6928 15
      vertex 38.1697 40.4394 15
      vertex 38.0128 40.4462 15
    endloop
  endfacet
  facet normal 0 0 1
    outer loop
      vertex 37.5282 36.6928 15
      vertex 38.0128 40.4462 15
      vertex 37.8571 40.4667 15
    endloop
  endfacet
  facet normal 0 0 1
    outer loop
      vertex 35.6928 38.5282 15
      vertex 37.8571 40.4667 15
      vertex 37.7038 40.5007 15
    endloop
  endfacet
  facet normal 0 0 1
    outer loop
      vertex 35.6928 38.5282 15
      vertex 37.7038 40.5007 15
      vertex 37.5541 40.5479 15
    endloop
  endfacet
  facet normal 0 0 1
    outer loop
      vertex 40.953 36.4321 15
      vertex 38.3282 35.3072 15
      vertex 40.9462 36.2752 15
    endloop
  endfacet
  facet normal 0 0 1
    outer loop
      vertex 35.6928 38.5282 15
      vertex 37.5541 40.5479 15
      vertex 37.409 40.608 15
    endloop
  endfacet
  facet normal 0 0 1
    outer loop
      vertex 35.6928 38.5282 15
      vertex 37.409 40.608 15
      vertex 37.2697 40.6805 15
    endloop
  endfacet
  facet normal 0 0 1
    outer loop
      vertex 35.6928 38.5282 15
      vertex 37.2697 40.6805 15
      vertex 37.1373 40.7649 15
    endloop
  endfacet
  facet normal 0 0 1
    outer loop
      vertex 35.6928 38.5282 15
      vertex 37.1373 40.7649 15
      vertex 37.0127 40.8605 15
    endloop
  endfacet
  facet normal 0 0 1
    outer loop
      vertex 35.6928 38.5282 15
      vertex 37.0127 40.8605 15
      vertex 36.8969 40.9666 15
    endloop
  endfacet
  facet normal 0 0 1
    outer loop
      vertex 35.6928 38.5282 15
      vertex 36.8969 40.9666 15
      vertex 36.7908 41.0824 15
    endloop
  endfacet
  facet normal 0 0 1
    outer loop
      vertex 35.6928 38.5282 15
      vertex 36.7908 41.0824 15
      vertex 36.6952 41.207 15
    endloop
  endfacet
  facet normal 0 0 1
    outer loop
      vertex 35.6928 38.5282 15
      vertex 36.6952 41.207 15
      vertex 36.6109 41.3394 15
    endloop
  endfacet
  facet normal 0 0 1
    outer loop
      vertex 35.6928 38.5282 15
      vertex 36.6109 41.3394 15
      vertex 36.5383 41.4787 15
    endloop
  endfacet
  facet normal 0 0 1
    outer loop
      vertex 35.6928 38.5282 15
      vertex 36.5383 41.4787 15
      vertex 36.4783 41.6238 15
    endloop
  endfacet
  facet normal 0 0 1
    outer loop
      vertex 35.6928 38.5282 15
      vertex 36.4783 41.6238 15
      vertex 36.431 41.7735 15
    endloop
  endfacet
  facet normal 0 0 1
    outer loop
      vertex 35.6928 38.5282 15
      vertex 36.431 41.7735 15
      vertex 36.397 41.9268 15
    endloop
  endfacet
  facet normal 0 0 1
    outer loop
      vertex 35.6928 38.5282 15
      vertex 36.3765 42.0825 15
      vertex 36.3697 42.2394 15
    endloop
  endfacet
  facet normal 0 0 1
    outer loop
      vertex 35.6928 38.5282 15
      vertex 36.397 41.9268 15
      vertex 36.3765 42.0825 15
    endloop
  endfacet
  facet normal 0 0 1
    outer loop
      vertex 37.8571 40.4667 15
      vertex 35.6928 38.5282 15
      vertex 37.5282 36.6928 15
    endloop
  endfacet
  facet normal 0 0 1
    outer loop
      vertex 37.5282 36.6928 15
      vertex 35.6928 38.5282 15
      vertex 33.1856 34.1856 15
    endloop
  endfacet
  facet normal -0 0 1
    outer loop
      vertex 32.4 28.1895 15
      vertex 37.8 20.2221 15
      vertex 33.6928 28.9359 15
    endloop
  endfacet
  facet normal 0 0 1
    outer loop
      vertex 37.8 20.2221 15
      vertex 32.4 28.1895 15
      vertex 36.7476 19.6742 15
    endloop
  endfacet
  facet normal 0 0 1
    outer loop
      vertex 36.7476 19.6742 15
      vertex 32.4 28.1895 15
      vertex 35.6515 19.2202 15
    endloop
  endfacet
  facet normal 0 0 1
    outer loop
      vertex 32.4 19 15
      vertex 35.6515 19.2202 15
      vertex 32.4 28.1895 15
    endloop
  endfacet
  facet normal 0 0 1
    outer loop
      vertex 35.6515 19.2202 15
      vertex 32.4 19 15
      vertex 34.5199 18.8634 15
    endloop
  endfacet
  facet normal 0 0 1
    outer loop
      vertex 34.5199 18.8634 15
      vertex 32.4 19 15
      vertex 33.3616 18.6066 15
    endloop
  endfacet
  facet normal 0 0 1
    outer loop
      vertex 32.4 19 15
      vertex 32.1853 18.4518 15
      vertex 33.3616 18.6066 15
    endloop
  endfacet
  facet normal 0 0 1
    outer loop
      vertex 32.4 19 15
      vertex 31 18.4 15
      vertex 32.1853 18.4518 15
    endloop
  endfacet
  facet normal -0 0 1
    outer loop
      vertex 29.6 19 15
      vertex 31 18.4 15
      vertex 32.4 19 15
    endloop
  endfacet
  facet normal 0 0 1
    outer loop
      vertex 31 18.4 15
      vertex 29.6 19 15
      vertex 29.8147 18.4518 15
    endloop
  endfacet
  facet normal 0 0 1
    outer loop
      vertex 29.8147 18.4518 15
      vertex 29.6 19 15
      vertex 28.6384 18.6066 15
    endloop
  endfacet
  facet normal -0 0 1
    outer loop
      vertex 21.0265 35.9627 15
      vertex 23.6718 35.3072 15
      vertex 21.047 36.1184 15
    endloop
  endfacet
  facet normal -0 0 1
    outer loop
      vertex 20.9925 35.8094 15
      vertex 23.6718 35.3072 15
      vertex 21.0265 35.9627 15
    endloop
  endfacet
  facet normal -0 0 1
    outer loop
      vertex 20.9453 35.6596 15
      vertex 23.6718 35.3072 15
      vertex 20.9925 35.8094 15
    endloop
  endfacet
  facet normal -0 0 1
    outer loop
      vertex 20.8852 35.5145 15
      vertex 23.6718 35.3072 15
      vertex 20.9453 35.6596 15
    endloop
  endfacet
  facet normal -0 0 1
    outer loop
      vertex 20.8127 35.3752 15
      vertex 23.6718 35.3072 15
      vertex 20.8852 35.5145 15
    endloop
  endfacet
  facet normal 0 0 1
    outer loop
      vertex 20.7283 35.2428 15
      vertex 23.6718 35.3072 15
      vertex 20.8127 35.3752 15
    endloop
  endfacet
  facet normal 0 0 1
    outer loop
      vertex 20.6327 35.1182 15
      vertex 23.6718 35.3072 15
      vertex 20.7283 35.2428 15
    endloop
  endfacet
  facet normal 0 0 1
    outer loop
      vertex 20.5266 35.0025 15
      vertex 23.6718 35.3072 15
      vertex 20.6327 35.1182 15
    endloop
  endfacet
  facet normal 0 0 1
    outer loop
      vertex 23.6718 35.3072 15
      vertex 20.5818 23.2581 15
      vertex 21.3834 22.3834 15
    endloop
  endfacet
  facet normal 0 0 1
    outer loop
      vertex 20.4109 34.8964 15
      vertex 23.6718 35.3072 15
      vertex 20.5266 35.0025 15
    endloop
  endfacet
  facet normal 0 0 1
    outer loop
      vertex 20.2863 34.8008 15
      vertex 23.6718 35.3072 15
      vertex 20.4109 34.8964 15
    endloop
  endfacet
  facet normal 0 0 1
    outer loop
      vertex 20.1539 34.7164 15
      vertex 23.6718 35.3072 15
      vertex 20.2863 34.8008 15
    endloop
  endfacet
  facet normal 0 0 1
    outer loop
      vertex 17.6066 29.6384 15
      vertex 23.6718 35.3072 15
      vertex 20.1539 34.7164 15
    endloop
  endfacet
  facet normal 0 0 1
    outer loop
      vertex 17.6066 29.6384 15
      vertex 20.1539 34.7164 15
      vertex 20.0146 34.6439 15
    endloop
  endfacet
  facet normal 0 0 1
    outer loop
      vertex 17.4518 30.8147 15
      vertex 20.0146 34.6439 15
      vertex 19.8695 34.5838 15
    endloop
  endfacet
  facet normal 0 0 1
    outer loop
      vertex 23.6718 35.3072 15
      vertex 19.8595 24.1994 15
      vertex 20.5818 23.2581 15
    endloop
  endfacet
  facet normal 0 0 1
    outer loop
      vertex 17.4518 30.8147 15
      vertex 19.8695 34.5838 15
      vertex 19.7197 34.5366 15
    endloop
  endfacet
  facet normal 0 0 1
    outer loop
      vertex 17.4 32 15
      vertex 19.7197 34.5366 15
      vertex 19.5664 34.5026 15
    endloop
  endfacet
  facet normal 0 0 1
    outer loop
      vertex 17.4 32 15
      vertex 19.5664 34.5026 15
      vertex 19.4107 34.4821 15
    endloop
  endfacet
  facet normal 0 0 1
    outer loop
      vertex 17.4 32 15
      vertex 19.4107 34.4821 15
      vertex 19.2538 34.4753 15
    endloop
  endfacet
  facet normal 0 0 1
    outer loop
      vertex 23.6718 35.3072 15
      vertex 19.2221 25.2 15
      vertex 19.8595 24.1994 15
    endloop
  endfacet
  facet normal 0 0 1
    outer loop
      vertex 17.4518 33.1853 15
      vertex 19.2538 34.4753 15
      vertex 19.097 34.4821 15
    endloop
  endfacet
  facet normal 0 0 1
    outer loop
      vertex 17.4518 33.1853 15
      vertex 19.097 34.4821 15
      vertex 18.9413 34.5026 15
    endloop
  endfacet
  facet normal 0 0 1
    outer loop
      vertex 17.4518 33.1853 15
      vertex 18.9413 34.5026 15
      vertex 18.788 34.5366 15
    endloop
  endfacet
  facet normal 0 0 1
    outer loop
      vertex 23.6718 35.3072 15
      vertex 18.6742 26.2524 15
      vertex 19.2221 25.2 15
    endloop
  endfacet
  facet normal 0 0 1
    outer loop
      vertex 17.4518 33.1853 15
      vertex 18.788 34.5366 15
      vertex 18.6382 34.5838 15
    endloop
  endfacet
  facet normal 0 0 1
    outer loop
      vertex 17.6066 34.3616 15
      vertex 18.6382 34.5838 15
      vertex 18.4931 34.6439 15
    endloop
  endfacet
  facet normal 0 0 1
    outer loop
      vertex 17.6066 34.3616 15
      vertex 18.4931 34.6439 15
      vertex 18.3539 34.7164 15
    endloop
  endfacet
  facet normal 0 0 1
    outer loop
      vertex 17.6066 34.3616 15
      vertex 18.3539 34.7164 15
      vertex 18.2214 34.8008 15
    endloop
  endfacet
  facet normal 0 0 1
    outer loop
      vertex 23.6718 35.3072 15
      vertex 18.2202 27.3485 15
      vertex 18.6742 26.2524 15
    endloop
  endfacet
  facet normal 0 0 1
    outer loop
      vertex 17.6066 34.3616 15
      vertex 18.2214 34.8008 15
      vertex 18.0968 34.8964 15
    endloop
  endfacet
  facet normal 0 0 1
    outer loop
      vertex 17.6066 34.3616 15
      vertex 18.0968 34.8964 15
      vertex 17.9811 35.0025 15
    endloop
  endfacet
  facet normal 0 0 1
    outer loop
      vertex 17.6066 34.3616 15
      vertex 17.9811 35.0025 15
      vertex 17.875 35.1182 15
    endloop
  endfacet
  facet normal 0 0 1
    outer loop
      vertex 23.6718 35.3072 15
      vertex 17.8634 28.4801 15
      vertex 18.2202 27.3485 15
    endloop
  endfacet
  facet normal 0 0 1
    outer loop
      vertex 17.6066 34.3616 15
      vertex 17.875 35.1182 15
      vertex 17.7969 35.22 15
    endloop
  endfacet
  facet normal 0 0 1
    outer loop
      vertex 18.6382 34.5838 15
      vertex 17.6066 34.3616 15
      vertex 17.4518 33.1853 15
    endloop
  endfacet
  facet normal 0 0 1
    outer loop
      vertex 23.6718 35.3072 15
      vertex 17.6066 29.6384 15
      vertex 17.8634 28.4801 15
    endloop
  endfacet
  facet normal 0 0 1
    outer loop
      vertex 19.2538 34.4753 15
      vertex 17.4518 33.1853 15
      vertex 17.4 32 15
    endloop
  endfacet
  facet normal 0 0 1
    outer loop
      vertex 20.0146 34.6439 15
      vertex 17.4518 30.8147 15
      vertex 17.6066 29.6384 15
    endloop
  endfacet
  facet normal 0 0 1
    outer loop
      vertex 19.7197 34.5366 15
      vertex 17.4 32 15
      vertex 17.4518 30.8147 15
    endloop
  endfacet
  facet normal 0 0 1
    outer loop
      vertex 29.6 28.1895 15
      vertex 25.2524 19.6742 15
      vertex 26.3485 19.2202 15
    endloop
  endfacet
  facet normal 0 0 1
    outer loop
      vertex 29.6 28.1895 15
      vertex 24.2 20.2221 15
      vertex 25.2524 19.6742 15
    endloop
  endfacet
  facet normal 0 0 1
    outer loop
      vertex 23.6718 35.3072 15
      vertex 27.1359 30.6928 15
      vertex 29.4 32 15
    endloop
  endfacet
  facet normal 0 0 1
    outer loop
      vertex 21.3834 22.3834 15
      vertex 27.1359 30.6928 15
      vertex 23.6718 35.3072 15
    endloop
  endfacet
  facet normal -0 0 1
    outer loop
      vertex 20.8127 37.1752 15
      vertex 24.4718 36.6928 15
      vertex 23.3644 40.5007 15
    endloop
  endfacet
  facet normal -0 -0 1
    outer loop
      vertex 20.9925 36.7411 15
      vertex 24.4718 36.6928 15
      vertex 20.9453 36.8909 15
    endloop
  endfacet
  facet normal 0 0 1
    outer loop
      vertex 20.8127 37.1752 15
      vertex 23.3644 40.5007 15
      vertex 23.2147 40.5479 15
    endloop
  endfacet
  facet normal -0 0 1
    outer loop
      vertex 21.047 36.1184 15
      vertex 23.6718 35.3072 15
      vertex 21.0538 36.2752 15
    endloop
  endfacet
  facet normal 0 0 1
    outer loop
      vertex 20.7283 37.3077 15
      vertex 23.2147 40.5479 15
      vertex 23.0696 40.608 15
    endloop
  endfacet
  facet normal 0 0 1
    outer loop
      vertex 20.6327 37.4323 15
      vertex 23.0696 40.608 15
      vertex 22.9303 40.6805 15
    endloop
  endfacet
  facet normal 0 0 1
    outer loop
      vertex 20.5266 37.548 15
      vertex 22.9303 40.6805 15
      vertex 22.7979 40.7649 15
    endloop
  endfacet
  facet normal 0 0 1
    outer loop
      vertex 20.5818 40.7419 15
      vertex 22.7979 40.7649 15
      vertex 22.6733 40.8605 15
    endloop
  endfacet
  facet normal 0 0 1
    outer loop
      vertex 20.5818 40.7419 15
      vertex 22.6733 40.8605 15
      vertex 22.5575 40.9666 15
    endloop
  endfacet
  facet normal 0 0 1
    outer loop
      vertex 20.5818 40.7419 15
      vertex 22.5575 40.9666 15
      vertex 22.4514 41.0824 15
    endloop
  endfacet
  facet normal 0 0 1
    outer loop
      vertex 20.5818 40.7419 15
      vertex 22.4514 41.0824 15
      vertex 22.3558 41.207 15
    endloop
  endfacet
  facet normal 0 0 1
    outer loop
      vertex 21.3834 41.6166 15
      vertex 22.3558 41.207 15
      vertex 22.2715 41.3394 15
    endloop
  endfacet
  facet normal 0 0 1
    outer loop
      vertex 28.3072 28.9359 15
      vertex 23.1994 20.8595 15
      vertex 24.2 20.2221 15
    endloop
  endfacet
  facet normal 0 0 1
    outer loop
      vertex 21.3834 41.6166 15
      vertex 22.2715 41.3394 15
      vertex 22.1989 41.4787 15
    endloop
  endfacet
  facet normal -0 0 1
    outer loop
      vertex 21.3834 41.6166 15
      vertex 22.1989 41.4787 15
      vertex 22.1389 41.6238 15
    endloop
  endfacet
  facet normal 0 0 1
    outer loop
      vertex 21.3834 41.6166 15
      vertex 22.1389 41.6238 15
      vertex 22.0916 41.7735 15
    endloop
  endfacet
  facet normal 0 0 1
    outer loop
      vertex 21.3834 41.6166 15
      vertex 22.0916 41.7735 15
      vertex 22.0576 41.9268 15
    endloop
  endfacet
  facet normal 0 0 1
    outer loop
      vertex 21.3834 41.6166 15
      vertex 22.0576 41.9268 15
      vertex 22.0372 42.0825 15
    endloop
  endfacet
  facet normal 0 0 1
    outer loop
      vertex 21.3834 41.6166 15
      vertex 22.0372 42.0825 15
      vertex 22.0316 42.2106 15
    endloop
  endfacet
  facet normal 0 0 1
    outer loop
      vertex 22.3558 41.207 15
      vertex 21.3834 41.6166 15
      vertex 20.5818 40.7419 15
    endloop
  endfacet
  facet normal 0 0 1
    outer loop
      vertex 28.3072 28.9359 15
      vertex 22.2581 21.5818 15
      vertex 23.1994 20.8595 15
    endloop
  endfacet
  facet normal 0 0 1
    outer loop
      vertex 28.3072 28.9359 15
      vertex 21.3834 22.3834 15
      vertex 22.2581 21.5818 15
    endloop
  endfacet
  facet normal 0 0 1
    outer loop
      vertex 23.6718 35.3072 15
      vertex 21.047 36.4321 15
      vertex 21.0538 36.2752 15
    endloop
  endfacet
  facet normal 0 0 1
    outer loop
      vertex 23.6718 35.3072 15
      vertex 21.0265 36.5878 15
      vertex 21.047 36.4321 15
    endloop
  endfacet
  facet normal 0 0 1
    outer loop
      vertex 24.4718 36.6928 15
      vertex 21.0265 36.5878 15
      vertex 23.6718 35.3072 15
    endloop
  endfacet
  facet normal 0 -0 1
    outer loop
      vertex 21.0265 36.5878 15
      vertex 24.4718 36.6928 15
      vertex 20.9925 36.7411 15
    endloop
  endfacet
  facet normal 0 0 1
    outer loop
      vertex 24.4718 36.6928 15
      vertex 20.8852 37.0359 15
      vertex 20.9453 36.8909 15
    endloop
  endfacet
  facet normal 0 0 1
    outer loop
      vertex 24.4718 36.6928 15
      vertex 20.8127 37.1752 15
      vertex 20.8852 37.0359 15
    endloop
  endfacet
  facet normal 0 0 1
    outer loop
      vertex 23.2147 40.5479 15
      vertex 20.7283 37.3077 15
      vertex 20.8127 37.1752 15
    endloop
  endfacet
  facet normal 0 0 1
    outer loop
      vertex 22.7979 40.7649 15
      vertex 20.5818 40.7419 15
      vertex 20.4109 37.6541 15
    endloop
  endfacet
  facet normal 0 0 1
    outer loop
      vertex 23.0696 40.608 15
      vertex 20.6327 37.4323 15
      vertex 20.7283 37.3077 15
    endloop
  endfacet
  facet normal 0 0 1
    outer loop
      vertex 22.9303 40.6805 15
      vertex 20.5266 37.548 15
      vertex 20.6327 37.4323 15
    endloop
  endfacet
  facet normal 0 0 1
    outer loop
      vertex 22.7979 40.7649 15
      vertex 20.4109 37.6541 15
      vertex 20.5266 37.548 15
    endloop
  endfacet
  facet normal -0 0 1
    outer loop
      vertex 19.8595 39.8006 15
      vertex 20.4109 37.6541 15
      vertex 20.5818 40.7419 15
    endloop
  endfacet
  facet normal 0 0 1
    outer loop
      vertex 20.4109 37.6541 15
      vertex 19.8595 39.8006 15
      vertex 20.2863 37.7497 15
    endloop
  endfacet
  facet normal 0 0 1
    outer loop
      vertex 20.2863 37.7497 15
      vertex 19.8595 39.8006 15
      vertex 20.1539 37.8341 15
    endloop
  endfacet
  facet normal 0 0 1
    outer loop
      vertex 20.1539 37.8341 15
      vertex 19.8595 39.8006 15
      vertex 20.0146 37.9066 15
    endloop
  endfacet
  facet normal 0 0 1
    outer loop
      vertex 20.0146 37.9066 15
      vertex 19.8595 39.8006 15
      vertex 19.8695 37.9667 15
    endloop
  endfacet
  facet normal -0 0 1
    outer loop
      vertex 19.2221 38.8 15
      vertex 19.8695 37.9667 15
      vertex 19.8595 39.8006 15
    endloop
  endfacet
  facet normal 0 0 1
    outer loop
      vertex 19.8695 37.9667 15
      vertex 19.2221 38.8 15
      vertex 19.7197 38.0139 15
    endloop
  endfacet
  facet normal 0 0 1
    outer loop
      vertex 19.7197 38.0139 15
      vertex 19.2221 38.8 15
      vertex 19.5664 38.0479 15
    endloop
  endfacet
  facet normal 0 0 1
    outer loop
      vertex 19.5664 38.0479 15
      vertex 19.2221 38.8 15
      vertex 19.4107 38.0684 15
    endloop
  endfacet
  facet normal 0 0 1
    outer loop
      vertex 19.4107 38.0684 15
      vertex 19.2221 38.8 15
      vertex 19.2538 38.0752 15
    endloop
  endfacet
  facet normal 0 0 1
    outer loop
      vertex 19.2221 38.8 15
      vertex 19.097 38.0684 15
      vertex 19.2538 38.0752 15
    endloop
  endfacet
  facet normal 0 0 1
    outer loop
      vertex 19.2221 38.8 15
      vertex 18.9413 38.0479 15
      vertex 19.097 38.0684 15
    endloop
  endfacet
  facet normal 0 -0 1
    outer loop
      vertex 18.9413 38.0479 15
      vertex 19.2221 38.8 15
      vertex 18.8161 38.0202 15
    endloop
  endfacet
  facet normal 0 0 1
    outer loop
      vertex 28.8144 29.8144 15
      vertex 27.9359 29.3072 15
      vertex 28.3072 28.9359 15
    endloop
  endfacet
  facet normal -0 0 1
    outer loop
      vertex 25.603 41.9268 15
      vertex 27.6928 39.3282 15
      vertex 25.6235 42.0825 15
    endloop
  endfacet
  facet normal -0 0 1
    outer loop
      vertex 25.569 41.7735 15
      vertex 27.6928 39.3282 15
      vertex 25.603 41.9268 15
    endloop
  endfacet
  facet normal -0 0 1
    outer loop
      vertex 25.5217 41.6238 15
      vertex 27.6928 39.3282 15
      vertex 25.569 41.7735 15
    endloop
  endfacet
  facet normal -0 0 1
    outer loop
      vertex 25.4617 41.4787 15
      vertex 27.6928 39.3282 15
      vertex 25.5217 41.6238 15
    endloop
  endfacet
  facet normal -0 0 1
    outer loop
      vertex 25.3891 41.3394 15
      vertex 27.6928 39.3282 15
      vertex 25.4617 41.4787 15
    endloop
  endfacet
  facet normal -0 0 1
    outer loop
      vertex 25.3048 41.207 15
      vertex 27.6928 39.3282 15
      vertex 25.3891 41.3394 15
    endloop
  endfacet
  facet normal -0 0 1
    outer loop
      vertex 25.2092 41.0824 15
      vertex 27.6928 39.3282 15
      vertex 25.3048 41.207 15
    endloop
  endfacet
  facet normal 0 0 1
    outer loop
      vertex 27.6928 39.3282 15
      vertex 25.2092 41.0824 15
      vertex 26.3072 38.5282 15
    endloop
  endfacet
  facet normal -0 0 1
    outer loop
      vertex 25.1031 40.9666 15
      vertex 26.3072 38.5282 15
      vertex 25.2092 41.0824 15
    endloop
  endfacet
  facet normal -0 0 1
    outer loop
      vertex 24.9873 40.8605 15
      vertex 26.3072 38.5282 15
      vertex 25.1031 40.9666 15
    endloop
  endfacet
  facet normal -0 0 1
    outer loop
      vertex 24.8627 40.7649 15
      vertex 26.3072 38.5282 15
      vertex 24.9873 40.8605 15
    endloop
  endfacet
  facet normal -0 0 1
    outer loop
      vertex 24.7303 40.6805 15
      vertex 26.3072 38.5282 15
      vertex 24.8627 40.7649 15
    endloop
  endfacet
  facet normal -0 0 1
    outer loop
      vertex 24.591 40.608 15
      vertex 26.3072 38.5282 15
      vertex 24.7303 40.6805 15
    endloop
  endfacet
  facet normal -0 0 1
    outer loop
      vertex 24.4459 40.5479 15
      vertex 26.3072 38.5282 15
      vertex 24.591 40.608 15
    endloop
  endfacet
  facet normal 0 0 1
    outer loop
      vertex 26.3072 38.5282 15
      vertex 24.4718 36.6928 15
      vertex 28.8144 34.1856 15
    endloop
  endfacet
  facet normal -0 0 1
    outer loop
      vertex 24.2962 40.5007 15
      vertex 26.3072 38.5282 15
      vertex 24.4459 40.5479 15
    endloop
  endfacet
  facet normal -0 0 1
    outer loop
      vertex 24.1429 40.4667 15
      vertex 26.3072 38.5282 15
      vertex 24.2962 40.5007 15
    endloop
  endfacet
  facet normal 0 0 1
    outer loop
      vertex 26.3072 38.5282 15
      vertex 24.1429 40.4667 15
      vertex 24.4718 36.6928 15
    endloop
  endfacet
  facet normal -0 0 1
    outer loop
      vertex 23.9872 40.4462 15
      vertex 24.4718 36.6928 15
      vertex 24.1429 40.4667 15
    endloop
  endfacet
  facet normal -0 0 1
    outer loop
      vertex 23.8303 40.4394 15
      vertex 24.4718 36.6928 15
      vertex 23.9872 40.4462 15
    endloop
  endfacet
  facet normal 0 0 1
    outer loop
      vertex 23.6734 40.4462 15
      vertex 24.4718 36.6928 15
      vertex 23.8303 40.4394 15
    endloop
  endfacet
  facet normal 0 0 1
    outer loop
      vertex 23.5177 40.4667 15
      vertex 24.4718 36.6928 15
      vertex 23.6734 40.4462 15
    endloop
  endfacet
  facet normal 0 0 1
    outer loop
      vertex 23.3644 40.5007 15
      vertex 24.4718 36.6928 15
      vertex 23.5177 40.4667 15
    endloop
  endfacet
  facet normal -0.722797 -0.662326 0.1972
    outer loop
      vertex 2.1056 3.21491 0.0999994
      vertex 4.09025 4.09025 10.3143
      vertex 3.92344 4.27229 10.3143
    endloop
  endfacet
  facet normal -0.722798 -0.662326 0.1972
    outer loop
      vertex 4.09025 4.09025 10.3143
      vertex 2.1056 3.21491 0.0999994
      vertex 2.63604 2.63604 0.0999994
    endloop
  endfacet
  facet normal -0.722821 -0.6623 0.197202
    outer loop
      vertex 4.75736 4.75736 15
      vertex 4.29286 4.48717 12.39
      vertex 4.38577 4.38577 12.39
    endloop
  endfacet
  facet normal -0.991445 -0.130527 0
    outer loop
      vertex 0.13673 7.43717 0
      vertex 0.0342474 8.2156 0.0999994
      vertex 0.0342474 8.2156 0
    endloop
  endfacet
  facet normal -0.991445 -0.130527 0
    outer loop
      vertex 0.0342474 8.2156 0.0999994
      vertex 0.13673 7.43717 0
      vertex 0.13673 7.43717 0.0999994
    endloop
  endfacet
  facet normal -0.934989 -0.2948 0.197201
    outer loop
      vertex 2.7382 7.17991 12.39
      vertex 3.36184 6.94788 15
      vertex 3.20444 7.44709 15
    endloop
  endfacet
  facet normal -0.934987 -0.294806 0.1972
    outer loop
      vertex 3.36184 6.94788 15
      vertex 2.7382 7.17991 12.39
      vertex 2.86803 6.76815 12.39
    endloop
  endfacet
  facet normal -0.935045 -0.294625 0.197198
    outer loop
      vertex 2.46215 6.64586 10.2828
      vertex 0.542766 5.92182 0.0999994
      vertex 2.47131 6.62375 10.2932
    endloop
  endfacet
  facet normal -0.934991 -0.294795 0.1972
    outer loop
      vertex 0.542766 5.92182 0.0999994
      vertex 2.46215 6.64586 10.2828
      vertex 2.36178 6.9642 10.2828
    endloop
  endfacet
  facet normal -0.843392 -0.537298 0
    outer loop
      vertex 1.62763 3.83781 0
      vertex 1.20577 4.5 0.0999994
      vertex 1.20577 4.5 0
    endloop
  endfacet
  facet normal -0.843392 -0.537298 0
    outer loop
      vertex 1.20577 4.5 0.0999994
      vertex 1.62763 3.83781 0
      vertex 1.62763 3.83781 0.0999994
    endloop
  endfacet
  facet normal -0.976296 -0.216439 0
    outer loop
      vertex 0.306667 6.67063 0
      vertex 0.13673 7.43717 0.0999994
      vertex 0.13673 7.43717 0
    endloop
  endfacet
  facet normal -0.976296 -0.216439 0
    outer loop
      vertex 0.13673 7.43717 0.0999994
      vertex 0.306667 6.67063 0
      vertex 0.306667 6.67063 0.0999994
    endloop
  endfacet
  facet normal -0.526827 0.82678 0.1972
    outer loop
      vertex 5.73725 54.6513 12.39
      vertex 5.55854 53.9149 15
      vertex 6 54.1962 15
    endloop
  endfacet
  facet normal -0.526786 0.826804 0.197209
    outer loop
      vertex 5.55854 53.9149 15
      vertex 5.73725 54.6513 12.39
      vertex 5.37312 54.4193 12.39
    endloop
  endfacet
  facet normal -0.526797 0.8268 0.197198
    outer loop
      vertex 5.52764 55.0143 10.3079
      vertex 4.5 56.7942 0.0999994
      vertex 5.2252 54.8216 10.3079
    endloop
  endfacet
  facet normal -0.737293 0.675574 0
    outer loop
      vertex 2.1056 54.7851 0
      vertex 2.63604 55.364 0.0999994
      vertex 2.63604 55.364 0
    endloop
  endfacet
  facet normal -0.737293 0.675574 0
    outer loop
      vertex 2.63604 55.364 0.0999994
      vertex 2.1056 54.7851 0
      vertex 2.1056 54.7851 0.0999994
    endloop
  endfacet
  facet normal -0.869595 -0.452676 0.197202
    outer loop
      vertex 0.843229 5.19643 0.0999994
      vertex 2.81911 5.84488 10.3015
      vertex 2.70479 6.06449 10.3015
    endloop
  endfacet
  facet normal -0.869591 -0.452684 0.197202
    outer loop
      vertex 2.81911 5.84488 10.3015
      vertex 0.843229 5.19643 0.0999994
      vertex 1.20577 4.5 0.0999994
    endloop
  endfacet
  facet normal -0.869605 -0.452659 0.197199
    outer loop
      vertex 3.56215 6.46429 15
      vertex 3.08589 6.2422 12.39
      vertex 3.14939 6.12021 12.39
    endloop
  endfacet
  facet normal 0.886979 -0.46181 0
    outer loop
      vertex 60.7942 4.5 0.0999994
      vertex 61.1568 5.19643 0
      vertex 61.1568 5.19643 0.0999994
    endloop
  endfacet
  facet normal 0.886979 -0.46181 0
    outer loop
      vertex 61.1568 5.19643 0
      vertex 60.7942 4.5 0.0999994
      vertex 60.7942 4.5 0
    endloop
  endfacet
  facet normal 0.957272 0.211532 0.19719
    outer loop
      vertex 59.7215 50.7717 10.2705
      vertex 61.6933 51.3294 0.0999994
      vertex 59.713 50.7987 10.2828
    endloop
  endfacet
  facet normal 0.957116 0.212229 0.197198
    outer loop
      vertex 61.6933 51.3294 0.0999994
      vertex 59.7215 50.7717 10.2705
      vertex 59.7927 50.4506 10.2705
    endloop
  endfacet
  facet normal 0.957146 0.212094 0.1972
    outer loop
      vertex 58.7956 50.5529 15
      vertex 59.3966 50.2674 12.39
      vertex 59.3032 50.6889 12.39
    endloop
  endfacet
  facet normal 0.957157 0.212036 0.197209
    outer loop
      vertex 59.3966 50.2674 12.39
      vertex 58.7956 50.5529 15
      vertex 58.9088 50.0419 15
    endloop
  endfacet
  facet normal 0.216422 -0.9763 0
    outer loop
      vertex 54.5628 0.13673 0
      vertex 55.3294 0.306667 0.0999994
      vertex 54.5628 0.13673 0.0999994
    endloop
  endfacet
  facet normal 0.216422 -0.9763 0
    outer loop
      vertex 55.3294 0.306667 0.0999994
      vertex 54.5628 0.13673 0
      vertex 55.3294 0.306667 0
    endloop
  endfacet
  facet normal -0.127545 -0.972032 0.197197
    outer loop
      vertex 7.79276 2.15337 10.2705
      vertex 7.43717 0.13673 0.0999994
      vertex 7.82446 2.14635 10.2564
    endloop
  endfacet
  facet normal -0.127988 -0.971972 0.197202
    outer loop
      vertex 8.146 2.10401 10.2564
      vertex 7.82446 2.14635 10.2564
      vertex 7.43717 0.13673 0.0999994
    endloop
  endfacet
  facet normal -0.127954 -0.971977 0.197201
    outer loop
      vertex 8.29491 2.51728 12.39
      vertex 7.95811 3.09115 15
      vertex 7.86686 2.57363 12.39
    endloop
  endfacet
  facet normal -0.127959 -0.971977 0.1972
    outer loop
      vertex 7.95811 3.09115 15
      vertex 8.29491 2.51728 12.39
      vertex 8.47707 3.02283 15
    endloop
  endfacet
  facet normal -0.212188 -0.957125 0.1972
    outer loop
      vertex 7.43717 0.13673 0.0999994
      vertex 7.54944 2.20731 10.2705
      vertex 6.67063 0.306667 0.0999994
    endloop
  endfacet
  facet normal -0.212179 -0.957127 0.197201
    outer loop
      vertex 7.54944 2.20731 10.2705
      vertex 7.43717 0.13673 0.0999994
      vertex 7.79276 2.15337 10.2705
    endloop
  endfacet
  facet normal -0.21221 -0.95712 0.1972
    outer loop
      vertex 7.95811 3.09115 15
      vertex 7.73259 2.6034 12.39
      vertex 7.86686 2.57363 12.39
    endloop
  endfacet
  facet normal -0.382611 0.923909 0
    outer loop
      vertex 5.92182 57.4572 0
      vertex 5.19643 57.1568 0.0999994
      vertex 5.92182 57.4572 0.0999994
    endloop
  endfacet
  facet normal -0.382611 0.923909 0
    outer loop
      vertex 5.19643 57.1568 0.0999994
      vertex 5.92182 57.4572 0
      vertex 5.19643 57.1568 0
    endloop
  endfacet
  facet normal 0.999051 0.0435588 0
    outer loop
      vertex 62 49 0.0999994
      vertex 61.9658 49.7844 0
      vertex 61.9658 49.7844 0.0999994
    endloop
  endfacet
  facet normal 0.999051 0.0435588 0
    outer loop
      vertex 61.9658 49.7844 0
      vertex 62 49 0.0999994
      vertex 62 49 0
    endloop
  endfacet
  facet normal 0.971988 -0.127862 0.197208
    outer loop
      vertex 59.896 8.146 10.2564
      vertex 61.9658 8.2156 0.0999994
      vertex 59.9286 8.39382 10.2564
    endloop
  endfacet
  facet normal 0.971973 -0.127985 0.197204
    outer loop
      vertex 61.9658 8.2156 0.0999994
      vertex 59.896 8.146 10.2564
      vertex 61.8633 7.43717 0.0999994
    endloop
  endfacet
  facet normal 0.971931 -0.128308 0.197197
    outer loop
      vertex 59.5007 8.43126 12.39
      vertex 58.9772 8.47707 15
      vertex 59.4827 8.29491 12.39
    endloop
  endfacet
  facet normal -0.216515 0.976279 0
    outer loop
      vertex 7.43717 57.8633 0
      vertex 6.67063 57.6933 0.0999994
      vertex 7.43717 57.8633 0.0999994
    endloop
  endfacet
  facet normal -0.216515 0.976279 0
    outer loop
      vertex 6.67063 57.6933 0.0999994
      vertex 7.43717 57.8633 0
      vertex 6.67063 57.6933 0
    endloop
  endfacet
  facet normal 0.869627 -0.452613 0.197206
    outer loop
      vertex 59.1809 5.84488 10.3015
      vertex 61.1568 5.19643 0.0999994
      vertex 59.2952 6.06449 10.3015
    endloop
  endfacet
  facet normal 0.869561 -0.452742 0.197201
    outer loop
      vertex 61.1568 5.19643 0.0999994
      vertex 59.1809 5.84488 10.3015
      vertex 60.7942 4.5 0.0999994
    endloop
  endfacet
  facet normal 0.869602 -0.452658 0.197212
    outer loop
      vertex 58.9141 6.2422 12.39
      vertex 58.4378 6.46429 15
      vertex 58.8506 6.12021 12.39
    endloop
  endfacet
  facet normal 0.843427 -0.537244 0
    outer loop
      vertex 60.3724 3.83781 0.0999994
      vertex 60.7942 4.5 0
      vertex 60.7942 4.5 0.0999994
    endloop
  endfacet
  facet normal 0.843427 -0.537244 0
    outer loop
      vertex 60.7942 4.5 0
      vertex 60.3724 3.83781 0.0999994
      vertex 60.3724 3.83781 0
    endloop
  endfacet
  facet normal 0.905799 0.375021 0.1972
    outer loop
      vertex 61.4572 52.0782 0.0999994
      vertex 59.3917 51.7071 10.2932
      vertex 59.5287 51.3762 10.2932
    endloop
  endfacet
  facet normal 0.90565 0.375386 0.197188
    outer loop
      vertex 58.4378 51.5357 15
      vertex 59.132 51.2319 12.39
      vertex 58.9667 51.6307 12.39
    endloop
  endfacet
  facet normal 0.90568 0.375306 0.197205
    outer loop
      vertex 59.132 51.2319 12.39
      vertex 58.4378 51.5357 15
      vertex 58.6382 51.0521 15
    endloop
  endfacet
  facet normal -0.300707 0.953717 0
    outer loop
      vertex 6.67063 57.6933 0
      vertex 5.92182 57.4572 0.0999994
      vertex 6.67063 57.6933 0.0999994
    endloop
  endfacet
  facet normal -0.300707 0.953717 0
    outer loop
      vertex 5.92182 57.4572 0.0999994
      vertex 6.67063 57.6933 0
      vertex 5.92182 57.4572 0
    endloop
  endfacet
  facet normal 0.130553 0.991441 -0
    outer loop
      vertex 54.5628 57.8633 0
      vertex 53.7844 57.9658 0.0999994
      vertex 54.5628 57.8633 0.0999994
    endloop
  endfacet
  facet normal 0.130553 0.991441 0
    outer loop
      vertex 53.7844 57.9658 0.0999994
      vertex 54.5628 57.8633 0
      vertex 53.7844 57.9658 0
    endloop
  endfacet
  facet normal -0.212028 0.957159 0.19721
    outer loop
      vertex 7.73259 55.3966 12.39
      vertex 7.44709 54.7956 15
      vertex 7.95811 54.9088 15
    endloop
  endfacet
  facet normal -0.212089 0.957147 0.197201
    outer loop
      vertex 7.44709 54.7956 15
      vertex 7.73259 55.3966 12.39
      vertex 7.31108 55.3032 12.39
    endloop
  endfacet
  facet normal -0.212185 0.957127 0.197196
    outer loop
      vertex 7.54944 55.7927 10.2705
      vertex 6.67063 57.6933 0.0999994
      vertex 7.22827 55.7215 10.2705
    endloop
  endfacet
  facet normal -0.211533 0.957272 0.197189
    outer loop
      vertex 7.20127 55.713 10.2828
      vertex 7.22827 55.7215 10.2705
      vertex 6.67063 57.6933 0.0999994
    endloop
  endfacet
  facet normal -0.212029 0.957159 0.197207
    outer loop
      vertex 7.43717 57.8633 0.0999994
      vertex 7.54944 55.7927 10.2705
      vertex 7.79276 55.8466 10.2705
    endloop
  endfacet
  facet normal -0.212263 0.957108 0.1972
    outer loop
      vertex 7.54944 55.7927 10.2705
      vertex 7.43717 57.8633 0.0999994
      vertex 6.67063 57.6933 0.0999994
    endloop
  endfacet
  facet normal -0.212413 0.95707 0.197227
    outer loop
      vertex 7.86686 55.4264 12.39
      vertex 7.73259 55.3966 12.39
      vertex 7.95811 54.9088 15
    endloop
  endfacet
  facet normal -0.526416 -0.827043 0.197196
    outer loop
      vertex 3.83781 1.62763 0.0999994
      vertex 5.02496 3.30593 10.3079
      vertex 5.01716 3.31192 10.3122
    endloop
  endfacet
  facet normal -0.526747 -0.826831 0.1972
    outer loop
      vertex 4.5 1.20577 0.0999994
      vertex 5.02496 3.30593 10.3079
      vertex 3.83781 1.62763 0.0999994
    endloop
  endfacet
  facet normal -0.526728 -0.826843 0.197202
    outer loop
      vertex 5.02496 3.30593 10.3079
      vertex 4.5 1.20577 0.0999994
      vertex 5.2252 3.17837 10.3079
    endloop
  endfacet
  facet normal -0.526748 -0.82683 0.197202
    outer loop
      vertex 5.55854 4.08509 15
      vertex 5.25712 3.65462 12.39
      vertex 5.37312 3.58072 12.39
    endloop
  endfacet
  facet normal 0.722764 0.662363 0.197201
    outer loop
      vertex 57.2426 53.2426 15
      vertex 57.9988 53.1945 12.39
      vertex 57.7071 53.5128 12.39
    endloop
  endfacet
  facet normal 0.72272 0.662415 0.197187
    outer loop
      vertex 57.9988 53.1945 12.39
      vertex 57.2426 53.2426 15
      vertex 57.5963 52.8567 15
    endloop
  endfacet
  facet normal 0.722759 0.66237 0.197196
    outer loop
      vertex 59.8944 54.7851 0.0999994
      vertex 58.0766 53.7277 10.3143
      vertex 58.319 53.4632 10.3143
    endloop
  endfacet
  facet normal -0.0436191 -0.999048 0
    outer loop
      vertex 8.2156 0.0342474 0
      vertex 9 0 0.0999994
      vertex 8.2156 0.0342474 0.0999994
    endloop
  endfacet
  facet normal -0.0436191 -0.999048 -0
    outer loop
      vertex 9 0 0.0999994
      vertex 8.2156 0.0342474 0
      vertex 9 0 0
    endloop
  endfacet
  facet normal 0.662279 0.722838 0.197211
    outer loop
      vertex 58.7851 55.8944 0.0999994
      vertex 57.9097 53.9097 10.3143
      vertex 59.364 55.364 0.0999994
    endloop
  endfacet
  facet normal 0.662602 0.72255 0.197183
    outer loop
      vertex 57.9097 53.9097 10.3143
      vertex 58.7851 55.8944 0.0999994
      vertex 57.7277 54.0766 10.3143
    endloop
  endfacet
  facet normal 0.662261 0.722855 0.197207
    outer loop
      vertex 57.5128 53.7071 12.39
      vertex 57.2426 53.2426 15
      vertex 57.6142 53.6142 12.39
    endloop
  endfacet
  facet normal 0.90571 -0.37524 0.19719
    outer loop
      vertex 59.3042 6.08167 10.2931
      vertex 61.4572 5.92182 0.0999994
      vertex 59.3917 6.29292 10.2932
    endloop
  endfacet
  facet normal 0.904748 -0.377534 0.197226
    outer loop
      vertex 61.1568 5.19643 0.0999994
      vertex 59.3042 6.08167 10.2931
      vertex 59.2952 6.06449 10.3015
    endloop
  endfacet
  facet normal 0.905767 -0.375098 0.1972
    outer loop
      vertex 59.3042 6.08167 10.2931
      vertex 61.1568 5.19643 0.0999994
      vertex 61.4572 5.92182 0.0999994
    endloop
  endfacet
  facet normal 0.905822 -0.37496 0.19721
    outer loop
      vertex 58.9667 6.36927 12.39
      vertex 58.4378 6.46429 15
      vertex 58.9141 6.2422 12.39
    endloop
  endfacet
  facet normal 0.991441 0.130553 0
    outer loop
      vertex 61.9658 49.7844 0.0999994
      vertex 61.8633 50.5628 0
      vertex 61.8633 50.5628 0.0999994
    endloop
  endfacet
  facet normal 0.991441 0.130553 0
    outer loop
      vertex 61.8633 50.5628 0
      vertex 61.9658 49.7844 0.0999994
      vertex 61.9658 49.7844 0
    endloop
  endfacet
  facet normal 0.793334 -0.608787 0
    outer loop
      vertex 59.8944 3.21491 0.0999994
      vertex 60.3724 3.83781 0
      vertex 60.3724 3.83781 0.0999994
    endloop
  endfacet
  facet normal 0.793334 -0.608787 0
    outer loop
      vertex 60.3724 3.83781 0
      vertex 59.8944 3.21491 0.0999994
      vertex 59.8944 3.21491 0
    endloop
  endfacet
  facet normal 0.935015 0.294718 0.197203
    outer loop
      vertex 58.6382 51.0521 15
      vertex 59.2618 50.8201 12.39
      vertex 59.132 51.2319 12.39
    endloop
  endfacet
  facet normal 0.93499 0.294806 0.197189
    outer loop
      vertex 59.2618 50.8201 12.39
      vertex 58.6382 51.0521 15
      vertex 58.7956 50.5529 15
    endloop
  endfacet
  facet normal 0.935715 0.292505 0.197177
    outer loop
      vertex 59.5378 51.3541 10.2828
      vertex 61.4572 52.0782 0.0999994
      vertex 59.5287 51.3762 10.2932
    endloop
  endfacet
  facet normal 0.934954 0.294909 0.197205
    outer loop
      vertex 61.4572 52.0782 0.0999994
      vertex 59.5378 51.3541 10.2828
      vertex 59.6382 51.0358 10.2828
    endloop
  endfacet
  facet normal 0.826785 0.526817 0.197204
    outer loop
      vertex 57.9149 52.4415 15
      vertex 58.6513 52.2628 12.39
      vertex 58.4193 52.6269 12.39
    endloop
  endfacet
  facet normal 0.8268 0.526792 0.19721
    outer loop
      vertex 58.6513 52.2628 12.39
      vertex 57.9149 52.4415 15
      vertex 58.1962 52 15
    endloop
  endfacet
  facet normal 0.826769 0.526846 0.197196
    outer loop
      vertex 60.7942 53.5 0.0999994
      vertex 58.8216 52.7748 10.3079
      vertex 59.0143 52.4724 10.3079
    endloop
  endfacet
  facet normal 0.923911 0.382607 0
    outer loop
      vertex 61.4572 52.0782 0.0999994
      vertex 61.1568 52.8036 0
      vertex 61.1568 52.8036 0.0999994
    endloop
  endfacet
  facet normal 0.923911 0.382607 0
    outer loop
      vertex 61.1568 52.8036 0
      vertex 61.4572 52.0782 0.0999994
      vertex 61.4572 52.0782 0
    endloop
  endfacet
  facet normal 0.843431 0.537238 0
    outer loop
      vertex 60.7942 53.5 0.0999994
      vertex 60.3724 54.1622 0
      vertex 60.3724 54.1622 0.0999994
    endloop
  endfacet
  facet normal 0.843431 0.537238 0
    outer loop
      vertex 60.3724 54.1622 0
      vertex 60.7942 53.5 0.0999994
      vertex 60.7942 53.5 0
    endloop
  endfacet
  facet normal 0.82659 0.527122 0.197207
    outer loop
      vertex 58.6941 52.975 10.3079
      vertex 60.3724 54.1622 0.0999994
      vertex 58.6881 52.9828 10.3122
    endloop
  endfacet
  facet normal 0.826868 0.526688 0.197202
    outer loop
      vertex 60.3724 54.1622 0.0999994
      vertex 58.6941 52.975 10.3079
      vertex 60.7942 53.5 0.0999994
    endloop
  endfacet
  facet normal 0.826906 0.526626 0.197207
    outer loop
      vertex 60.7942 53.5 0.0999994
      vertex 58.6941 52.975 10.3079
      vertex 58.8216 52.7748 10.3079
    endloop
  endfacet
  facet normal 0.826829 0.526747 0.197208
    outer loop
      vertex 58.3454 52.7429 12.39
      vertex 57.9149 52.4415 15
      vertex 58.4193 52.6269 12.39
    endloop
  endfacet
  facet normal 0.886971 0.461826 0
    outer loop
      vertex 61.1568 52.8036 0.0999994
      vertex 60.7942 53.5 0
      vertex 60.7942 53.5 0.0999994
    endloop
  endfacet
  facet normal 0.886971 0.461826 0
    outer loop
      vertex 60.7942 53.5 0
      vertex 61.1568 52.8036 0.0999994
      vertex 61.1568 52.8036 0
    endloop
  endfacet
  facet normal 0.869617 0.452629 0.197214
    outer loop
      vertex 58.8506 51.8798 12.39
      vertex 58.4378 51.5357 15
      vertex 58.9141 51.7578 12.39
    endloop
  endfacet
  facet normal 0.869553 0.452757 0.197203
    outer loop
      vertex 59.1809 52.1551 10.3015
      vertex 61.1568 52.8036 0.0999994
      vertex 60.7942 53.5 0.0999994
    endloop
  endfacet
  facet normal 0.869618 0.452629 0.197207
    outer loop
      vertex 61.1568 52.8036 0.0999994
      vertex 59.1809 52.1551 10.3015
      vertex 59.2952 51.9355 10.3015
    endloop
  endfacet
  facet normal 0 0 -1
    outer loop
      vertex 59.9334 8.42991 0
      vertex 62 9 0
      vertex 61.9658 8.2156 0
    endloop
  endfacet
  facet normal 0 0 -1
    outer loop
      vertex 62 9 0
      vertex 59.96 9.04 0
      vertex 62 49 0
    endloop
  endfacet
  facet normal 0 0 -1
    outer loop
      vertex 59.8537 7.82446 0
      vertex 61.9658 8.2156 0
      vertex 61.8633 7.43717 0
    endloop
  endfacet
  facet normal 0 0 -1
    outer loop
      vertex 59.96 48.96 0
      vertex 62 49 0
      vertex 59.96 9.04 0
    endloop
  endfacet
  facet normal 0 0 -1
    outer loop
      vertex 59.7215 7.22827 0
      vertex 61.8633 7.43717 0
      vertex 61.6933 6.67063 0
    endloop
  endfacet
  facet normal 0 0 -1
    outer loop
      vertex 59.9334 49.5701 0
      vertex 62 49 0
      vertex 59.96 48.96 0
    endloop
  endfacet
  facet normal 0 0 -1
    outer loop
      vertex 59.5378 6.64586 0
      vertex 61.6933 6.67063 0
      vertex 61.4572 5.92182 0
    endloop
  endfacet
  facet normal 0 0 -1
    outer loop
      vertex 62 49 0
      vertex 59.9334 49.5701 0
      vertex 61.9658 49.7844 0
    endloop
  endfacet
  facet normal 0 0 -1
    outer loop
      vertex 59.3042 6.08167 0
      vertex 61.4572 5.92182 0
      vertex 61.1568 5.19643 0
    endloop
  endfacet
  facet normal 0 0 -1
    outer loop
      vertex 59.8537 50.1755 0
      vertex 61.9658 49.7844 0
      vertex 59.9334 49.5701 0
    endloop
  endfacet
  facet normal 0 0 -1
    outer loop
      vertex 59.0222 5.54 0
      vertex 61.1568 5.19643 0
      vertex 60.7942 4.5 0
    endloop
  endfacet
  facet normal 0 0 -1
    outer loop
      vertex 61.9658 49.7844 0
      vertex 59.8537 50.1755 0
      vertex 61.8633 50.5628 0
    endloop
  endfacet
  facet normal 0 0 -1
    outer loop
      vertex 58.6941 5.02496 0
      vertex 60.7942 4.5 0
      vertex 60.3724 3.83781 0
    endloop
  endfacet
  facet normal 0 0 -1
    outer loop
      vertex 59.7215 50.7717 0
      vertex 61.8633 50.5628 0
      vertex 59.8537 50.1755 0
    endloop
  endfacet
  facet normal 0 0 -1
    outer loop
      vertex 61.8633 50.5628 0
      vertex 59.7215 50.7717 0
      vertex 61.6933 51.3294 0
    endloop
  endfacet
  facet normal -0 0 -1
    outer loop
      vertex 62 9 0
      vertex 59.9334 8.42991 0
      vertex 59.96 9.04 0
    endloop
  endfacet
  facet normal 0 0 -1
    outer loop
      vertex 58.6941 5.02496 0
      vertex 60.3724 3.83781 0
      vertex 59.8944 3.21491 0
    endloop
  endfacet
  facet normal -0 0 -1
    outer loop
      vertex 61.9658 8.2156 0
      vertex 59.8537 7.82446 0
      vertex 59.9334 8.42991 0
    endloop
  endfacet
  facet normal -0 0 -1
    outer loop
      vertex 61.8633 7.43717 0
      vertex 59.7215 7.22827 0
      vertex 59.8537 7.82446 0
    endloop
  endfacet
  facet normal -0 0 -1
    outer loop
      vertex 61.6933 6.67063 0
      vertex 59.5378 6.64586 0
      vertex 59.7215 7.22827 0
    endloop
  endfacet
  facet normal 0 0 -1
    outer loop
      vertex 58.3223 4.54049 0
      vertex 59.8944 3.21491 0
      vertex 59.364 2.63604 0
    endloop
  endfacet
  facet normal 0 0 -1
    outer loop
      vertex 61.4572 5.92182 0
      vertex 59.3042 6.08167 0
      vertex 59.5378 6.64586 0
    endloop
  endfacet
  facet normal 0 0 -1
    outer loop
      vertex 61.1568 5.19643 0
      vertex 59.0222 5.54 0
      vertex 59.3042 6.08167 0
    endloop
  endfacet
  facet normal 0 0 -1
    outer loop
      vertex 57.9097 4.09025 0
      vertex 59.364 2.63604 0
      vertex 58.7851 2.1056 0
    endloop
  endfacet
  facet normal 0 0 -1
    outer loop
      vertex 60.7942 4.5 0
      vertex 58.6941 5.02496 0
      vertex 59.0222 5.54 0
    endloop
  endfacet
  facet normal 0 0 -1
    outer loop
      vertex 59.8944 3.21491 0
      vertex 58.3223 4.54049 0
      vertex 58.6941 5.02496 0
    endloop
  endfacet
  facet normal 0 0 -1
    outer loop
      vertex 57.4595 3.67769 0
      vertex 58.7851 2.1056 0
      vertex 58.1622 1.62763 0
    endloop
  endfacet
  facet normal 0 0 -1
    outer loop
      vertex 59.364 2.63604 0
      vertex 57.9097 4.09025 0
      vertex 58.3223 4.54049 0
    endloop
  endfacet
  facet normal 0 0 -1
    outer loop
      vertex 56.975 3.30593 0
      vertex 58.1622 1.62763 0
      vertex 57.5 1.20577 0
    endloop
  endfacet
  facet normal 0 0 -1
    outer loop
      vertex 58.7851 2.1056 0
      vertex 57.4595 3.67769 0
      vertex 57.9097 4.09025 0
    endloop
  endfacet
  facet normal 0 0 -1
    outer loop
      vertex 58.1622 1.62763 0
      vertex 56.975 3.30593 0
      vertex 57.4595 3.67769 0
    endloop
  endfacet
  facet normal 0 0 -1
    outer loop
      vertex 56.46 2.97782 0
      vertex 57.5 1.20577 0
      vertex 56.8036 0.843229 0
    endloop
  endfacet
  facet normal 0 0 -1
    outer loop
      vertex 57.5 1.20577 0
      vertex 56.46 2.97782 0
      vertex 56.975 3.30593 0
    endloop
  endfacet
  facet normal 0 0 -1
    outer loop
      vertex 55.9183 2.69584 0
      vertex 56.8036 0.843229 0
      vertex 56.0782 0.542766 0
    endloop
  endfacet
  facet normal 0 0 -1
    outer loop
      vertex 56.8036 0.843229 0
      vertex 55.9183 2.69584 0
      vertex 56.46 2.97782 0
    endloop
  endfacet
  facet normal 0 0 -1
    outer loop
      vertex 56.0782 0.542766 0
      vertex 55.3541 2.46215 0
      vertex 55.9183 2.69584 0
    endloop
  endfacet
  facet normal 0 0 -1
    outer loop
      vertex 55.3294 0.306667 0
      vertex 55.3541 2.46215 0
      vertex 56.0782 0.542766 0
    endloop
  endfacet
  facet normal 0 0 -1
    outer loop
      vertex 55.3294 0.306667 0
      vertex 54.7717 2.27852 0
      vertex 55.3541 2.46215 0
    endloop
  endfacet
  facet normal 0 0 -1
    outer loop
      vertex 54.5628 0.13673 0
      vertex 54.7717 2.27852 0
      vertex 55.3294 0.306667 0
    endloop
  endfacet
  facet normal 0 0 -1
    outer loop
      vertex 54.5628 0.13673 0
      vertex 54.1755 2.14635 0
      vertex 54.7717 2.27852 0
    endloop
  endfacet
  facet normal 0 0 -1
    outer loop
      vertex 53.7844 0.0342474 0
      vertex 54.1755 2.14635 0
      vertex 54.5628 0.13673 0
    endloop
  endfacet
  facet normal 0 0 -1
    outer loop
      vertex 53.7844 0.0342474 0
      vertex 53.5701 2.06664 0
      vertex 54.1755 2.14635 0
    endloop
  endfacet
  facet normal 0 0 -1
    outer loop
      vertex 53 0 0
      vertex 53.5701 2.06664 0
      vertex 53.7844 0.0342474 0
    endloop
  endfacet
  facet normal 0 0 -1
    outer loop
      vertex 53 0 0
      vertex 52.96 2.04 0
      vertex 53.5701 2.06664 0
    endloop
  endfacet
  facet normal 0 0 -1
    outer loop
      vertex 53 0 0
      vertex 9.04 2.04 0
      vertex 52.96 2.04 0
    endloop
  endfacet
  facet normal 0 0 -1
    outer loop
      vertex 9 0 0
      vertex 9.04 2.04 0
      vertex 53 0 0
    endloop
  endfacet
  facet normal 0 0 -1
    outer loop
      vertex 9 0 0
      vertex 8.42991 2.06664 0
      vertex 9.04 2.04 0
    endloop
  endfacet
  facet normal 0 0 -1
    outer loop
      vertex 8.2156 0.0342474 0
      vertex 8.42991 2.06664 0
      vertex 9 0 0
    endloop
  endfacet
  facet normal 0 0 -1
    outer loop
      vertex 8.2156 0.0342474 0
      vertex 7.82446 2.14635 0
      vertex 8.42991 2.06664 0
    endloop
  endfacet
  facet normal 0 0 -1
    outer loop
      vertex 7.43717 0.13673 0
      vertex 7.82446 2.14635 0
      vertex 8.2156 0.0342474 0
    endloop
  endfacet
  facet normal 0 0 -1
    outer loop
      vertex 7.43717 0.13673 0
      vertex 7.22827 2.27852 0
      vertex 7.82446 2.14635 0
    endloop
  endfacet
  facet normal 0 0 -1
    outer loop
      vertex 6.67063 0.306667 0
      vertex 7.22827 2.27852 0
      vertex 7.43717 0.13673 0
    endloop
  endfacet
  facet normal 0 0 -1
    outer loop
      vertex 6.67063 0.306667 0
      vertex 6.64586 2.46215 0
      vertex 7.22827 2.27852 0
    endloop
  endfacet
  facet normal 0 0 -1
    outer loop
      vertex 5.92182 0.542766 0
      vertex 6.64586 2.46215 0
      vertex 6.67063 0.306667 0
    endloop
  endfacet
  facet normal -0 0 -1
    outer loop
      vertex 6.64586 2.46215 0
      vertex 5.92182 0.542766 0
      vertex 6.08167 2.69584 0
    endloop
  endfacet
  facet normal 0 0 -1
    outer loop
      vertex 5.19643 0.843229 0
      vertex 6.08167 2.69584 0
      vertex 5.92182 0.542766 0
    endloop
  endfacet
  facet normal -0 0 -1
    outer loop
      vertex 6.08167 2.69584 0
      vertex 5.19643 0.843229 0
      vertex 5.54 2.97782 0
    endloop
  endfacet
  facet normal 0 0 -1
    outer loop
      vertex 4.5 1.20577 0
      vertex 5.54 2.97782 0
      vertex 5.19643 0.843229 0
    endloop
  endfacet
  facet normal -0 0 -1
    outer loop
      vertex 5.54 2.97782 0
      vertex 4.5 1.20577 0
      vertex 5.02496 3.30593 0
    endloop
  endfacet
  facet normal 0 0 -1
    outer loop
      vertex 3.83781 1.62763 0
      vertex 5.02496 3.30593 0
      vertex 4.5 1.20577 0
    endloop
  endfacet
  facet normal -0 0 -1
    outer loop
      vertex 5.02496 3.30593 0
      vertex 3.83781 1.62763 0
      vertex 4.54049 3.67769 0
    endloop
  endfacet
  facet normal 0 0 -1
    outer loop
      vertex 3.21491 2.1056 0
      vertex 4.54049 3.67769 0
      vertex 3.83781 1.62763 0
    endloop
  endfacet
  facet normal -0 0 -1
    outer loop
      vertex 4.54049 3.67769 0
      vertex 3.21491 2.1056 0
      vertex 4.09025 4.09025 0
    endloop
  endfacet
  facet normal 0 0 -1
    outer loop
      vertex 2.63604 2.63604 0
      vertex 4.09025 4.09025 0
      vertex 3.21491 2.1056 0
    endloop
  endfacet
  facet normal -0 0 -1
    outer loop
      vertex 4.09025 4.09025 0
      vertex 2.63604 2.63604 0
      vertex 3.67769 4.54049 0
    endloop
  endfacet
  facet normal 0 0 -1
    outer loop
      vertex 2.1056 3.21491 0
      vertex 3.67769 4.54049 0
      vertex 2.63604 2.63604 0
    endloop
  endfacet
  facet normal -0 0 -1
    outer loop
      vertex 3.67769 4.54049 0
      vertex 2.1056 3.21491 0
      vertex 3.30593 5.02496 0
    endloop
  endfacet
  facet normal 0 0 -1
    outer loop
      vertex 1.62763 3.83781 0
      vertex 3.30593 5.02496 0
      vertex 2.1056 3.21491 0
    endloop
  endfacet
  facet normal 0 0 -1
    outer loop
      vertex 1.20577 4.5 0
      vertex 3.30593 5.02496 0
      vertex 1.62763 3.83781 0
    endloop
  endfacet
  facet normal -0 0 -1
    outer loop
      vertex 3.30593 5.02496 0
      vertex 1.20577 4.5 0
      vertex 2.97782 5.54 0
    endloop
  endfacet
  facet normal 0 0 -1
    outer loop
      vertex 0.843229 5.19643 0
      vertex 2.97782 5.54 0
      vertex 1.20577 4.5 0
    endloop
  endfacet
  facet normal -0 0 -1
    outer loop
      vertex 2.97782 5.54 0
      vertex 0.843229 5.19643 0
      vertex 2.69584 6.08167 0
    endloop
  endfacet
  facet normal 0 0 -1
    outer loop
      vertex 0.542766 5.92182 0
      vertex 2.69584 6.08167 0
      vertex 0.843229 5.19643 0
    endloop
  endfacet
  facet normal -0 0 -1
    outer loop
      vertex 2.69584 6.08167 0
      vertex 0.542766 5.92182 0
      vertex 2.46215 6.64586 0
    endloop
  endfacet
  facet normal 0 0 -1
    outer loop
      vertex 2.46215 6.64586 0
      vertex 0.306667 6.67063 0
      vertex 2.27852 7.22827 0
    endloop
  endfacet
  facet normal 0 0 -1
    outer loop
      vertex 0.306667 6.67063 0
      vertex 2.46215 6.64586 0
      vertex 0.542766 5.92182 0
    endloop
  endfacet
  facet normal 0 0 -1
    outer loop
      vertex 59.5378 51.3541 0
      vertex 61.6933 51.3294 0
      vertex 59.7215 50.7717 0
    endloop
  endfacet
  facet normal 0 0 -1
    outer loop
      vertex 61.6933 51.3294 0
      vertex 59.5378 51.3541 0
      vertex 61.4572 52.0782 0
    endloop
  endfacet
  facet normal 0 0 -1
    outer loop
      vertex 59.3042 51.9183 0
      vertex 61.4572 52.0782 0
      vertex 59.5378 51.3541 0
    endloop
  endfacet
  facet normal -0 0 -1
    outer loop
      vertex 61.4572 52.0782 0
      vertex 59.3042 51.9183 0
      vertex 61.1568 52.8036 0
    endloop
  endfacet
  facet normal 0 0 -1
    outer loop
      vertex 59.0222 52.46 0
      vertex 61.1568 52.8036 0
      vertex 59.3042 51.9183 0
    endloop
  endfacet
  facet normal -0 0 -1
    outer loop
      vertex 61.1568 52.8036 0
      vertex 59.0222 52.46 0
      vertex 60.7942 53.5 0
    endloop
  endfacet
  facet normal 0 0 -1
    outer loop
      vertex 58.6941 52.975 0
      vertex 60.7942 53.5 0
      vertex 59.0222 52.46 0
    endloop
  endfacet
  facet normal -0 0 -1
    outer loop
      vertex 60.7942 53.5 0
      vertex 58.6941 52.975 0
      vertex 60.3724 54.1622 0
    endloop
  endfacet
  facet normal -0 0 -1
    outer loop
      vertex 60.3724 54.1622 0
      vertex 58.6941 52.975 0
      vertex 59.8944 54.7851 0
    endloop
  endfacet
  facet normal 0 0 -1
    outer loop
      vertex 58.3223 53.4595 0
      vertex 59.8944 54.7851 0
      vertex 58.6941 52.975 0
    endloop
  endfacet
  facet normal -0 0 -1
    outer loop
      vertex 59.8944 54.7851 0
      vertex 58.3223 53.4595 0
      vertex 59.364 55.364 0
    endloop
  endfacet
  facet normal 0 0 -1
    outer loop
      vertex 57.9097 53.9097 0
      vertex 59.364 55.364 0
      vertex 58.3223 53.4595 0
    endloop
  endfacet
  facet normal -0 0 -1
    outer loop
      vertex 59.364 55.364 0
      vertex 57.9097 53.9097 0
      vertex 58.7851 55.8944 0
    endloop
  endfacet
  facet normal 0 0 -1
    outer loop
      vertex 57.4595 54.3223 0
      vertex 58.7851 55.8944 0
      vertex 57.9097 53.9097 0
    endloop
  endfacet
  facet normal -0 0 -1
    outer loop
      vertex 58.7851 55.8944 0
      vertex 57.4595 54.3223 0
      vertex 58.1622 56.3724 0
    endloop
  endfacet
  facet normal 0 0 -1
    outer loop
      vertex 56.975 54.6941 0
      vertex 58.1622 56.3724 0
      vertex 57.4595 54.3223 0
    endloop
  endfacet
  facet normal -0 0 -1
    outer loop
      vertex 58.1622 56.3724 0
      vertex 56.975 54.6941 0
      vertex 57.5 56.7942 0
    endloop
  endfacet
  facet normal 0 0 -1
    outer loop
      vertex 56.46 55.0222 0
      vertex 57.5 56.7942 0
      vertex 56.975 54.6941 0
    endloop
  endfacet
  facet normal -0 0 -1
    outer loop
      vertex 57.5 56.7942 0
      vertex 56.46 55.0222 0
      vertex 56.8036 57.1568 0
    endloop
  endfacet
  facet normal 0 0 -1
    outer loop
      vertex 55.9183 55.3042 0
      vertex 56.8036 57.1568 0
      vertex 56.46 55.0222 0
    endloop
  endfacet
  facet normal -0 0 -1
    outer loop
      vertex 56.8036 57.1568 0
      vertex 55.9183 55.3042 0
      vertex 56.0782 57.4572 0
    endloop
  endfacet
  facet normal 0 0 -1
    outer loop
      vertex 55.3541 55.5378 0
      vertex 56.0782 57.4572 0
      vertex 55.9183 55.3042 0
    endloop
  endfacet
  facet normal 0 0 -1
    outer loop
      vertex 55.3541 55.5378 0
      vertex 55.3294 57.6933 0
      vertex 56.0782 57.4572 0
    endloop
  endfacet
  facet normal 0 0 -1
    outer loop
      vertex 54.7717 55.7215 0
      vertex 55.3294 57.6933 0
      vertex 55.3541 55.5378 0
    endloop
  endfacet
  facet normal 0 0 -1
    outer loop
      vertex 54.7717 55.7215 0
      vertex 54.5628 57.8633 0
      vertex 55.3294 57.6933 0
    endloop
  endfacet
  facet normal 0 0 -1
    outer loop
      vertex 54.1755 55.8537 0
      vertex 54.5628 57.8633 0
      vertex 54.7717 55.7215 0
    endloop
  endfacet
  facet normal 0 0 -1
    outer loop
      vertex 54.1755 55.8537 0
      vertex 53.7844 57.9658 0
      vertex 54.5628 57.8633 0
    endloop
  endfacet
  facet normal 0 0 -1
    outer loop
      vertex 53.5701 55.9334 0
      vertex 53.7844 57.9658 0
      vertex 54.1755 55.8537 0
    endloop
  endfacet
  facet normal 0 0 -1
    outer loop
      vertex 53.5701 55.9334 0
      vertex 53 58 0
      vertex 53.7844 57.9658 0
    endloop
  endfacet
  facet normal 0 0 -1
    outer loop
      vertex 52.96 55.96 0
      vertex 53 58 0
      vertex 53.5701 55.9334 0
    endloop
  endfacet
  facet normal 0 0 -1
    outer loop
      vertex 52.96 55.96 0
      vertex 37.4667 58 0
      vertex 53 58 0
    endloop
  endfacet
  facet normal 0 0 -1
    outer loop
      vertex 37.4667 58 0
      vertex 24.5333 58 0
      vertex 37.4667 61.01 0
    endloop
  endfacet
  facet normal 0 0 -1
    outer loop
      vertex 52.96 55.96 0
      vertex 24.5333 58 0
      vertex 37.4667 58 0
    endloop
  endfacet
  facet normal 0 0 -1
    outer loop
      vertex 9.04 55.96 0
      vertex 24.5333 58 0
      vertex 52.96 55.96 0
    endloop
  endfacet
  facet normal 0 0 -1
    outer loop
      vertex 9.04 55.96 0
      vertex 9 58 0
      vertex 24.5333 58 0
    endloop
  endfacet
  facet normal 0 0 -1
    outer loop
      vertex 8.42991 55.9334 0
      vertex 9 58 0
      vertex 9.04 55.96 0
    endloop
  endfacet
  facet normal 0 0 -1
    outer loop
      vertex 8.42991 55.9334 0
      vertex 8.2156 57.9658 0
      vertex 9 58 0
    endloop
  endfacet
  facet normal 0 0 -1
    outer loop
      vertex 7.82446 55.8537 0
      vertex 8.2156 57.9658 0
      vertex 8.42991 55.9334 0
    endloop
  endfacet
  facet normal 0 0 -1
    outer loop
      vertex 7.82446 55.8537 0
      vertex 7.43717 57.8633 0
      vertex 8.2156 57.9658 0
    endloop
  endfacet
  facet normal 0 0 -1
    outer loop
      vertex 7.22827 55.7215 0
      vertex 7.43717 57.8633 0
      vertex 7.82446 55.8537 0
    endloop
  endfacet
  facet normal 0 0 -1
    outer loop
      vertex 7.22827 55.7215 0
      vertex 6.67063 57.6933 0
      vertex 7.43717 57.8633 0
    endloop
  endfacet
  facet normal 0 0 -1
    outer loop
      vertex 6.64586 55.5378 0
      vertex 6.67063 57.6933 0
      vertex 7.22827 55.7215 0
    endloop
  endfacet
  facet normal 0 0 -1
    outer loop
      vertex 5.92182 57.4572 0
      vertex 6.64586 55.5378 0
      vertex 6.08167 55.3042 0
    endloop
  endfacet
  facet normal 0 0 -1
    outer loop
      vertex 6.64586 55.5378 0
      vertex 5.92182 57.4572 0
      vertex 6.67063 57.6933 0
    endloop
  endfacet
  facet normal 0 0 -1
    outer loop
      vertex 5.19643 57.1568 0
      vertex 6.08167 55.3042 0
      vertex 5.54 55.0222 0
    endloop
  endfacet
  facet normal 0 0 -1
    outer loop
      vertex 6.08167 55.3042 0
      vertex 5.19643 57.1568 0
      vertex 5.92182 57.4572 0
    endloop
  endfacet
  facet normal 0 0 -1
    outer loop
      vertex 4.5 56.7942 0
      vertex 5.54 55.0222 0
      vertex 5.02496 54.6941 0
    endloop
  endfacet
  facet normal 0 0 -1
    outer loop
      vertex 3.83781 56.3724 0
      vertex 5.02496 54.6941 0
      vertex 4.54049 54.3223 0
    endloop
  endfacet
  facet normal 0 0 -1
    outer loop
      vertex 5.54 55.0222 0
      vertex 4.5 56.7942 0
      vertex 5.19643 57.1568 0
    endloop
  endfacet
  facet normal 0 0 -1
    outer loop
      vertex 3.21491 55.8944 0
      vertex 4.54049 54.3223 0
      vertex 4.09025 53.9097 0
    endloop
  endfacet
  facet normal 0 0 -1
    outer loop
      vertex 5.02496 54.6941 0
      vertex 3.83781 56.3724 0
      vertex 4.5 56.7942 0
    endloop
  endfacet
  facet normal 0 0 -1
    outer loop
      vertex 2.63604 55.364 0
      vertex 4.09025 53.9097 0
      vertex 3.67769 53.4595 0
    endloop
  endfacet
  facet normal 0 0 -1
    outer loop
      vertex 2.1056 54.7851 0
      vertex 3.67769 53.4595 0
      vertex 3.30593 52.975 0
    endloop
  endfacet
  facet normal 0 0 -1
    outer loop
      vertex 4.54049 54.3223 0
      vertex 3.21491 55.8944 0
      vertex 3.83781 56.3724 0
    endloop
  endfacet
  facet normal 0 0 -1
    outer loop
      vertex 1.20577 53.5 0
      vertex 3.30593 52.975 0
      vertex 2.97782 52.46 0
    endloop
  endfacet
  facet normal 0 0 -1
    outer loop
      vertex 0.843229 52.8036 0
      vertex 2.97782 52.46 0
      vertex 2.69584 51.9183 0
    endloop
  endfacet
  facet normal 0 0 -1
    outer loop
      vertex 4.09025 53.9097 0
      vertex 2.63604 55.364 0
      vertex 3.21491 55.8944 0
    endloop
  endfacet
  facet normal 0 0 -1
    outer loop
      vertex 0.542766 52.0782 0
      vertex 2.69584 51.9183 0
      vertex 2.46215 51.3541 0
    endloop
  endfacet
  facet normal 0 0 -1
    outer loop
      vertex 0.306667 51.3294 0
      vertex 2.46215 51.3541 0
      vertex 2.27852 50.7717 0
    endloop
  endfacet
  facet normal 0 0 -1
    outer loop
      vertex 0.13673 50.5628 0
      vertex 2.27852 50.7717 0
      vertex 2.14635 50.1755 0
    endloop
  endfacet
  facet normal 0 0 -1
    outer loop
      vertex 3.67769 53.4595 0
      vertex 2.1056 54.7851 0
      vertex 2.63604 55.364 0
    endloop
  endfacet
  facet normal 0 0 -1
    outer loop
      vertex 0.0342474 49.7844 0
      vertex 2.14635 50.1755 0
      vertex 2.06664 49.5701 0
    endloop
  endfacet
  facet normal 0 0 -1
    outer loop
      vertex 0 49 0
      vertex 2.06664 49.5701 0
      vertex 2.04 48.96 0
    endloop
  endfacet
  facet normal 0 0 -1
    outer loop
      vertex 3.30593 52.975 0
      vertex 1.62763 54.1622 0
      vertex 2.1056 54.7851 0
    endloop
  endfacet
  facet normal -0 0 -1
    outer loop
      vertex 2.04 9.04 0
      vertex 0 9 0
      vertex 2.04 48.96 0
    endloop
  endfacet
  facet normal 0 0 -1
    outer loop
      vertex 0.13673 7.43717 0
      vertex 2.27852 7.22827 0
      vertex 0.306667 6.67063 0
    endloop
  endfacet
  facet normal 0 0 -1
    outer loop
      vertex 0 49 0
      vertex 2.04 48.96 0
      vertex 0 9 0
    endloop
  endfacet
  facet normal 0 0 -1
    outer loop
      vertex 2.27852 7.22827 0
      vertex 0.13673 7.43717 0
      vertex 2.14635 7.82446 0
    endloop
  endfacet
  facet normal -0 0 -1
    outer loop
      vertex 2.06664 49.5701 0
      vertex 0 49 0
      vertex 0.0342474 49.7844 0
    endloop
  endfacet
  facet normal 0 0 -1
    outer loop
      vertex 0.0342474 8.2156 0
      vertex 2.14635 7.82446 0
      vertex 0.13673 7.43717 0
    endloop
  endfacet
  facet normal 0 0 -1
    outer loop
      vertex 3.30593 52.975 0
      vertex 1.20577 53.5 0
      vertex 1.62763 54.1622 0
    endloop
  endfacet
  facet normal 0 0 -1
    outer loop
      vertex 2.14635 7.82446 0
      vertex 0.0342474 8.2156 0
      vertex 2.06664 8.42991 0
    endloop
  endfacet
  facet normal 0 0 -1
    outer loop
      vertex 2.97782 52.46 0
      vertex 0.843229 52.8036 0
      vertex 1.20577 53.5 0
    endloop
  endfacet
  facet normal 0 0 -1
    outer loop
      vertex 0 9 0
      vertex 2.06664 8.42991 0
      vertex 0.0342474 8.2156 0
    endloop
  endfacet
  facet normal 0 0 -1
    outer loop
      vertex 2.69584 51.9183 0
      vertex 0.542766 52.0782 0
      vertex 0.843229 52.8036 0
    endloop
  endfacet
  facet normal 0 0 -1
    outer loop
      vertex 2.06664 8.42991 0
      vertex 0 9 0
      vertex 2.04 9.04 0
    endloop
  endfacet
  facet normal -0 0 -1
    outer loop
      vertex 2.46215 51.3541 0
      vertex 0.306667 51.3294 0
      vertex 0.542766 52.0782 0
    endloop
  endfacet
  facet normal -0 0 -1
    outer loop
      vertex 2.27852 50.7717 0
      vertex 0.13673 50.5628 0
      vertex 0.306667 51.3294 0
    endloop
  endfacet
  facet normal -0 0 -1
    outer loop
      vertex 2.14635 50.1755 0
      vertex 0.0342474 49.7844 0
      vertex 0.13673 50.5628 0
    endloop
  endfacet
  facet normal -0 0 -1
    outer loop
      vertex 37.4667 61.01 0
      vertex 24.5333 58 0
      vertex 24.5333 61.01 0
    endloop
  endfacet
  facet normal 0.934988 0.294806 0.1972
    outer loop
      vertex 59.6382 51.0358 10.2828
      vertex 61.6933 51.3294 0.0999994
      vertex 61.4572 52.0782 0.0999994
    endloop
  endfacet
  facet normal 0.934942 0.294954 0.197195
    outer loop
      vertex 61.6933 51.3294 0.0999994
      vertex 59.6382 51.0358 10.2828
      vertex 59.713 50.7987 10.2828
    endloop
  endfacet
  facet normal 0.934922 0.295014 0.197199
    outer loop
      vertex 59.2618 50.8201 12.39
      vertex 58.7956 50.5529 15
      vertex 59.3032 50.6889 12.39
    endloop
  endfacet
  facet normal 0.737318 0.675546 0
    outer loop
      vertex 59.8944 54.7851 0.0999994
      vertex 59.364 55.364 0
      vertex 59.364 55.364 0.0999994
    endloop
  endfacet
  facet normal 0.737318 0.675546 0
    outer loop
      vertex 59.364 55.364 0
      vertex 59.8944 54.7851 0.0999994
      vertex 59.8944 54.7851 0
    endloop
  endfacet
  facet normal 0.971972 0.12799 0.197204
    outer loop
      vertex 59.896 49.854 10.2564
      vertex 61.9658 49.7844 0.0999994
      vertex 61.8633 50.5628 0.0999994
    endloop
  endfacet
  facet normal 0.971987 0.127872 0.197207
    outer loop
      vertex 61.9658 49.7844 0.0999994
      vertex 59.896 49.854 10.2564
      vertex 59.9286 49.6062 10.2564
    endloop
  endfacet
  facet normal 0.971937 0.128262 0.197197
    outer loop
      vertex 59.4827 49.7051 12.39
      vertex 58.9772 49.5229 15
      vertex 59.5007 49.5687 12.39
    endloop
  endfacet
  facet normal 0.904899 0.377175 0.197224
    outer loop
      vertex 59.3042 51.9183 10.2931
      vertex 61.1568 52.8036 0.0999994
      vertex 59.2952 51.9355 10.3015
    endloop
  endfacet
  facet normal 0.905768 0.375093 0.197202
    outer loop
      vertex 61.1568 52.8036 0.0999994
      vertex 59.3042 51.9183 10.2931
      vertex 61.4572 52.0782 0.0999994
    endloop
  endfacet
  facet normal 0.90568 0.375316 0.197186
    outer loop
      vertex 61.4572 52.0782 0.0999994
      vertex 59.3042 51.9183 10.2931
      vertex 59.3917 51.7071 10.2932
    endloop
  endfacet
  facet normal 0.905853 0.374885 0.197211
    outer loop
      vertex 58.9141 51.7578 12.39
      vertex 58.4378 51.5357 15
      vertex 58.9667 51.6307 12.39
    endloop
  endfacet
  facet normal 0 0.300713 -0.953715
    outer loop
      vertex 24.5333 62.087 17.3431
      vertex 37.4667 62.4365 17.4533
      vertex 37.4667 62.087 17.3431
    endloop
  endfacet
  facet normal 0 0.300713 -0.953715
    outer loop
      vertex 37.4667 62.4365 17.4533
      vertex 24.5333 62.087 17.3431
      vertex 24.5333 62.4365 17.4533
    endloop
  endfacet
  facet normal 0 0.216439 -0.976296
    outer loop
      vertex 24.5333 61.7293 17.2638
      vertex 37.4667 62.087 17.3431
      vertex 37.4667 61.7293 17.2638
    endloop
  endfacet
  facet normal 0 0.216439 -0.976296
    outer loop
      vertex 37.4667 62.087 17.3431
      vertex 24.5333 61.7293 17.2638
      vertex 24.5333 62.087 17.3431
    endloop
  endfacet
  facet normal 0 0.991451 0.130483
    outer loop
      vertex 37.4667 65.184 21.7661
      vertex 24.5333 65.1362 22.1293
      vertex 37.4667 65.1362 22.1293
    endloop
  endfacet
  facet normal 0 0.991451 0.130483
    outer loop
      vertex 24.5333 65.1362 22.1293
      vertex 37.4667 65.184 21.7661
      vertex 24.5333 65.184 21.7661
    endloop
  endfacet
  facet normal 0 0.608655 -0.793435
    outer loop
      vertex 24.5333 63.409 17.9596
      vertex 37.4667 63.6997 18.1826
      vertex 37.4667 63.409 17.9596
    endloop
  endfacet
  facet normal 0 0.608655 -0.793435
    outer loop
      vertex 37.4667 63.6997 18.1826
      vertex 24.5333 63.409 17.9596
      vertex 24.5333 63.6997 18.1826
    endloop
  endfacet
  facet normal 0 0.0437659 -0.999042
    outer loop
      vertex 24.5333 61.01 17.2004
      vertex 37.4667 61.3661 17.216
      vertex 37.4667 61.01 17.2004
    endloop
  endfacet
  facet normal 0 0.0437659 -0.999042
    outer loop
      vertex 37.4667 61.3661 17.216
      vertex 24.5333 61.01 17.2004
      vertex 24.5333 61.3661 17.216
    endloop
  endfacet
  facet normal 0 0.382657 -0.92389
    outer loop
      vertex 24.5333 62.4365 17.4533
      vertex 37.4667 62.775 17.5935
      vertex 37.4667 62.4365 17.4533
    endloop
  endfacet
  facet normal 0 0.382657 -0.92389
    outer loop
      vertex 37.4667 62.775 17.5935
      vertex 24.5333 62.4365 17.4533
      vertex 24.5333 62.775 17.5935
    endloop
  endfacet
  facet normal 0 -0.537388 0.843335
    outer loop
      vertex 24.5333 58.9 25.0373
      vertex 37.4667 58.591 24.8404
      vertex 37.4667 58.9 25.0373
    endloop
  endfacet
  facet normal 0 -0.537388 0.843335
    outer loop
      vertex 37.4667 58.591 24.8404
      vertex 24.5333 58.9 25.0373
      vertex 24.5333 58.591 24.8404
    endloop
  endfacet
  facet normal 0 0.793435 0.608655
    outer loop
      vertex 37.4667 64.4404 23.809
      vertex 24.5333 64.2174 24.0997
      vertex 37.4667 64.2174 24.0997
    endloop
  endfacet
  facet normal 0 0.793435 0.608655
    outer loop
      vertex 24.5333 64.2174 24.0997
      vertex 37.4667 64.4404 23.809
      vertex 24.5333 64.4404 23.809
    endloop
  endfacet
  facet normal 0 0.92389 -0.382657
    outer loop
      vertex 37.4667 64.8065 19.625
      vertex 24.5333 64.9467 19.9635
      vertex 37.4667 64.9467 19.9635
    endloop
  endfacet
  facet normal 0 0.92389 -0.382657
    outer loop
      vertex 24.5333 64.9467 19.9635
      vertex 37.4667 64.8065 19.625
      vertex 24.5333 64.8065 19.625
    endloop
  endfacet
  facet normal 0 0.461782 -0.886993
    outer loop
      vertex 24.5333 62.775 17.5935
      vertex 37.4667 63.1 17.7627
      vertex 37.4667 62.775 17.5935
    endloop
  endfacet
  facet normal 0 0.461782 -0.886993
    outer loop
      vertex 37.4667 63.1 17.7627
      vertex 24.5333 62.775 17.5935
      vertex 24.5333 63.1 17.7627
    endloop
  endfacet
  facet normal 0 0.793435 -0.608655
    outer loop
      vertex 37.4667 64.2174 18.7003
      vertex 24.5333 64.4404 18.991
      vertex 37.4667 64.4404 18.991
    endloop
  endfacet
  facet normal 0 0.793435 -0.608655
    outer loop
      vertex 24.5333 64.4404 18.991
      vertex 37.4667 64.2174 18.7003
      vertex 24.5333 64.2174 18.7003
    endloop
  endfacet
  facet normal 0 -0.92389 0.382657
    outer loop
      vertex 24.5333 57.0533 22.8365
      vertex 37.4667 57.1935 23.175
      vertex 24.5333 57.1935 23.175
    endloop
  endfacet
  facet normal 0 -0.92389 0.382657
    outer loop
      vertex 37.4667 57.1935 23.175
      vertex 24.5333 57.0533 22.8365
      vertex 37.4667 57.0533 22.8365
    endloop
  endfacet
  facet normal 0 -0.130483 0.991451
    outer loop
      vertex 24.5333 60.6339 25.584
      vertex 37.4667 60.2707 25.5362
      vertex 37.4667 60.6339 25.584
    endloop
  endfacet
  facet normal 0 -0.130483 0.991451
    outer loop
      vertex 37.4667 60.2707 25.5362
      vertex 24.5333 60.6339 25.584
      vertex 24.5333 60.2707 25.5362
    endloop
  endfacet
  facet normal 0 0.976296 -0.216439
    outer loop
      vertex 37.4667 65.0569 20.313
      vertex 24.5333 65.1362 20.6707
      vertex 37.4667 65.1362 20.6707
    endloop
  endfacet
  facet normal 0 0.976296 -0.216439
    outer loop
      vertex 24.5333 65.1362 20.6707
      vertex 37.4667 65.0569 20.313
      vertex 24.5333 65.0569 20.313
    endloop
  endfacet
  facet normal 0 0.999046 0.0436622
    outer loop
      vertex 37.4667 65.2 21.4
      vertex 24.5333 65.184 21.7661
      vertex 37.4667 65.184 21.7661
    endloop
  endfacet
  facet normal 0 0.999046 0.0436622
    outer loop
      vertex 24.5333 65.184 21.7661
      vertex 37.4667 65.2 21.4
      vertex 24.5333 65.2 21.4
    endloop
  endfacet
  facet normal 0 0.843335 -0.537388
    outer loop
      vertex 37.4667 64.4404 18.991
      vertex 24.5333 64.6373 19.3
      vertex 37.4667 64.6373 19.3
    endloop
  endfacet
  facet normal 0 0.843335 -0.537388
    outer loop
      vertex 24.5333 64.6373 19.3
      vertex 37.4667 64.4404 18.991
      vertex 24.5333 64.4404 18.991
    endloop
  endfacet
  facet normal 0 -0.300713 0.953715
    outer loop
      vertex 24.5333 59.913 25.4569
      vertex 37.4667 59.5635 25.3467
      vertex 37.4667 59.913 25.4569
    endloop
  endfacet
  facet normal 0 -0.300713 0.953715
    outer loop
      vertex 37.4667 59.5635 25.3467
      vertex 24.5333 59.913 25.4569
      vertex 24.5333 59.5635 25.3467
    endloop
  endfacet
  facet normal -0 0.537388 0.843335
    outer loop
      vertex 24.5333 63.409 24.8404
      vertex 37.4667 63.1 25.0373
      vertex 37.4667 63.409 24.8404
    endloop
  endfacet
  facet normal 0 0.537388 0.843335
    outer loop
      vertex 37.4667 63.1 25.0373
      vertex 24.5333 63.409 24.8404
      vertex 24.5333 63.1 25.0373
    endloop
  endfacet
  facet normal 0 0.953715 0.300713
    outer loop
      vertex 37.4667 65.0569 22.487
      vertex 24.5333 64.9467 22.8365
      vertex 37.4667 64.9467 22.8365
    endloop
  endfacet
  facet normal 0 0.953715 0.300713
    outer loop
      vertex 24.5333 64.9467 22.8365
      vertex 37.4667 65.0569 22.487
      vertex 24.5333 65.0569 22.487
    endloop
  endfacet
  facet normal 0 -0.953715 0.300713
    outer loop
      vertex 24.5333 56.9431 22.487
      vertex 37.4667 57.0533 22.8365
      vertex 24.5333 57.0533 22.8365
    endloop
  endfacet
  facet normal 0 -0.953715 0.300713
    outer loop
      vertex 37.4667 57.0533 22.8365
      vertex 24.5333 56.9431 22.487
      vertex 37.4667 56.9431 22.487
    endloop
  endfacet
  facet normal 0 -0.0436622 0.999046
    outer loop
      vertex 24.5333 61 25.6
      vertex 37.4667 60.6339 25.584
      vertex 37.4667 61 25.6
    endloop
  endfacet
  facet normal 0 -0.0436622 0.999046
    outer loop
      vertex 37.4667 60.6339 25.584
      vertex 24.5333 61 25.6
      vertex 24.5333 60.6339 25.584
    endloop
  endfacet
  facet normal 0 -0.382657 0.92389
    outer loop
      vertex 24.5333 59.5635 25.3467
      vertex 37.4667 59.225 25.2065
      vertex 37.4667 59.5635 25.3467
    endloop
  endfacet
  facet normal 0 -0.382657 0.92389
    outer loop
      vertex 37.4667 59.225 25.2065
      vertex 24.5333 59.5635 25.3467
      vertex 24.5333 59.225 25.2065
    endloop
  endfacet
  facet normal 0 0.130483 -0.991451
    outer loop
      vertex 24.5333 61.3661 17.216
      vertex 37.4667 61.7293 17.2638
      vertex 37.4667 61.3661 17.216
    endloop
  endfacet
  facet normal 0 0.130483 -0.991451
    outer loop
      vertex 37.4667 61.7293 17.2638
      vertex 24.5333 61.3661 17.216
      vertex 24.5333 61.7293 17.2638
    endloop
  endfacet
  facet normal 0 -0.886993 0.461782
    outer loop
      vertex 24.5333 57.1935 23.175
      vertex 37.4667 57.3627 23.5
      vertex 24.5333 57.3627 23.5
    endloop
  endfacet
  facet normal 0 -0.886993 0.461782
    outer loop
      vertex 37.4667 57.3627 23.5
      vertex 24.5333 57.1935 23.175
      vertex 37.4667 57.1935 23.175
    endloop
  endfacet
  facet normal 0 -0.675737 0.737143
    outer loop
      vertex 24.5333 58.3003 24.6174
      vertex 37.4667 58.0302 24.3698
      vertex 37.4667 58.3003 24.6174
    endloop
  endfacet
  facet normal 0 -0.675737 0.737143
    outer loop
      vertex 37.4667 58.0302 24.3698
      vertex 24.5333 58.3003 24.6174
      vertex 24.5333 58.0302 24.3698
    endloop
  endfacet
  facet normal 0 0.953715 -0.300713
    outer loop
      vertex 37.4667 64.9467 19.9635
      vertex 24.5333 65.0569 20.313
      vertex 37.4667 65.0569 20.313
    endloop
  endfacet
  facet normal 0 0.953715 -0.300713
    outer loop
      vertex 24.5333 65.0569 20.313
      vertex 37.4667 64.9467 19.9635
      vertex 24.5333 64.9467 19.9635
    endloop
  endfacet
  facet normal 0 0.976296 0.216439
    outer loop
      vertex 37.4667 65.1362 22.1293
      vertex 24.5333 65.0569 22.487
      vertex 37.4667 65.0569 22.487
    endloop
  endfacet
  facet normal 0 0.976296 0.216439
    outer loop
      vertex 24.5333 65.0569 22.487
      vertex 37.4667 65.1362 22.1293
      vertex 24.5333 65.1362 22.1293
    endloop
  endfacet
  facet normal 0 0.999046 -0.0436622
    outer loop
      vertex 37.4667 65.184 21.0339
      vertex 24.5333 65.2 21.4
      vertex 37.4667 65.2 21.4
    endloop
  endfacet
  facet normal 0 0.999046 -0.0436622
    outer loop
      vertex 24.5333 65.2 21.4
      vertex 37.4667 65.184 21.0339
      vertex 24.5333 65.184 21.0339
    endloop
  endfacet
  facet normal 0 0.886993 -0.461782
    outer loop
      vertex 37.4667 64.6373 19.3
      vertex 24.5333 64.8065 19.625
      vertex 37.4667 64.8065 19.625
    endloop
  endfacet
  facet normal 0 0.886993 -0.461782
    outer loop
      vertex 24.5333 64.8065 19.625
      vertex 37.4667 64.6373 19.3
      vertex 24.5333 64.6373 19.3
    endloop
  endfacet
  facet normal -0 0.382657 0.92389
    outer loop
      vertex 24.5333 62.775 25.2065
      vertex 37.4667 62.4365 25.3467
      vertex 37.4667 62.775 25.2065
    endloop
  endfacet
  facet normal 0 0.382657 0.92389
    outer loop
      vertex 37.4667 62.4365 25.3467
      vertex 24.5333 62.775 25.2065
      vertex 24.5333 62.4365 25.3467
    endloop
  endfacet
  facet normal 0 0.991451 -0.130483
    outer loop
      vertex 37.4667 65.1362 20.6707
      vertex 24.5333 65.184 21.0339
      vertex 37.4667 65.184 21.0339
    endloop
  endfacet
  facet normal 0 0.991451 -0.130483
    outer loop
      vertex 24.5333 65.184 21.0339
      vertex 37.4667 65.1362 20.6707
      vertex 24.5333 65.1362 20.6707
    endloop
  endfacet
  facet normal -0 0.300713 0.953715
    outer loop
      vertex 24.5333 62.4365 25.3467
      vertex 37.4667 62.087 25.4569
      vertex 37.4667 62.4365 25.3467
    endloop
  endfacet
  facet normal 0 0.300713 0.953715
    outer loop
      vertex 37.4667 62.087 25.4569
      vertex 24.5333 62.4365 25.3467
      vertex 24.5333 62.087 25.4569
    endloop
  endfacet
  facet normal 0 0.537388 -0.843335
    outer loop
      vertex 24.5333 63.1 17.7627
      vertex 37.4667 63.409 17.9596
      vertex 37.4667 63.1 17.7627
    endloop
  endfacet
  facet normal 0 0.537388 -0.843335
    outer loop
      vertex 37.4667 63.409 17.9596
      vertex 24.5333 63.1 17.7627
      vertex 24.5333 63.409 17.9596
    endloop
  endfacet
  facet normal 0 0.675737 -0.737143
    outer loop
      vertex 24.5333 63.6997 18.1826
      vertex 37.4667 63.9698 18.4302
      vertex 37.4667 63.6997 18.1826
    endloop
  endfacet
  facet normal 0 0.675737 -0.737143
    outer loop
      vertex 37.4667 63.9698 18.4302
      vertex 24.5333 63.6997 18.1826
      vertex 24.5333 63.9698 18.4302
    endloop
  endfacet
  facet normal 0 -0.999046 0.0436622
    outer loop
      vertex 24.5333 56.8 21.4
      vertex 37.4667 56.816 21.7661
      vertex 24.5333 56.816 21.7661
    endloop
  endfacet
  facet normal 0 -0.999046 0.0436622
    outer loop
      vertex 37.4667 56.816 21.7661
      vertex 24.5333 56.8 21.4
      vertex 37.4667 56.8 21.4
    endloop
  endfacet
  facet normal 0 0.737143 0.675737
    outer loop
      vertex 37.4667 64.2174 24.0997
      vertex 24.5333 63.9698 24.3698
      vertex 37.4667 63.9698 24.3698
    endloop
  endfacet
  facet normal 0 0.737143 0.675737
    outer loop
      vertex 24.5333 63.9698 24.3698
      vertex 37.4667 64.2174 24.0997
      vertex 24.5333 64.2174 24.0997
    endloop
  endfacet
  facet normal -0 0.608655 0.793435
    outer loop
      vertex 24.5333 63.6997 24.6174
      vertex 37.4667 63.409 24.8404
      vertex 37.4667 63.6997 24.6174
    endloop
  endfacet
  facet normal 0 0.608655 0.793435
    outer loop
      vertex 37.4667 63.409 24.8404
      vertex 24.5333 63.6997 24.6174
      vertex 24.5333 63.409 24.8404
    endloop
  endfacet
  facet normal 0 -0.216439 0.976296
    outer loop
      vertex 24.5333 60.2707 25.5362
      vertex 37.4667 59.913 25.4569
      vertex 37.4667 60.2707 25.5362
    endloop
  endfacet
  facet normal 0 -0.216439 0.976296
    outer loop
      vertex 37.4667 59.913 25.4569
      vertex 24.5333 60.2707 25.5362
      vertex 24.5333 59.913 25.4569
    endloop
  endfacet
  facet normal 0 -0.976296 0.216439
    outer loop
      vertex 24.5333 56.8638 22.1293
      vertex 37.4667 56.9431 22.487
      vertex 24.5333 56.9431 22.487
    endloop
  endfacet
  facet normal 0 -0.976296 0.216439
    outer loop
      vertex 37.4667 56.9431 22.487
      vertex 24.5333 56.8638 22.1293
      vertex 37.4667 56.8638 22.1293
    endloop
  endfacet
  facet normal -0 0.130483 0.991451
    outer loop
      vertex 24.5333 61.7293 25.5362
      vertex 37.4667 61.3661 25.584
      vertex 37.4667 61.7293 25.5362
    endloop
  endfacet
  facet normal 0 0.130483 0.991451
    outer loop
      vertex 37.4667 61.3661 25.584
      vertex 24.5333 61.7293 25.5362
      vertex 24.5333 61.3661 25.584
    endloop
  endfacet
  facet normal 0 -0.737143 0.675737
    outer loop
      vertex 24.5333 57.7826 24.0997
      vertex 37.4667 58.0302 24.3698
      vertex 24.5333 58.0302 24.3698
    endloop
  endfacet
  facet normal 0 -0.737143 0.675737
    outer loop
      vertex 37.4667 58.0302 24.3698
      vertex 24.5333 57.7826 24.0997
      vertex 37.4667 57.7826 24.0997
    endloop
  endfacet
  facet normal 0 0.92389 0.382657
    outer loop
      vertex 37.4667 64.9467 22.8365
      vertex 24.5333 64.8065 23.175
      vertex 37.4667 64.8065 23.175
    endloop
  endfacet
  facet normal 0 0.92389 0.382657
    outer loop
      vertex 24.5333 64.8065 23.175
      vertex 37.4667 64.9467 22.8365
      vertex 24.5333 64.9467 22.8365
    endloop
  endfacet
  facet normal 0 0.737143 -0.675737
    outer loop
      vertex 37.4667 63.9698 18.4302
      vertex 24.5333 64.2174 18.7003
      vertex 37.4667 64.2174 18.7003
    endloop
  endfacet
  facet normal 0 0.737143 -0.675737
    outer loop
      vertex 24.5333 64.2174 18.7003
      vertex 37.4667 63.9698 18.4302
      vertex 24.5333 63.9698 18.4302
    endloop
  endfacet
  facet normal 0 -0.608655 0.793435
    outer loop
      vertex 24.5333 58.591 24.8404
      vertex 37.4667 58.3003 24.6174
      vertex 37.4667 58.591 24.8404
    endloop
  endfacet
  facet normal 0 -0.608655 0.793435
    outer loop
      vertex 37.4667 58.3003 24.6174
      vertex 24.5333 58.591 24.8404
      vertex 24.5333 58.3003 24.6174
    endloop
  endfacet
  facet normal 0 0.843335 0.537388
    outer loop
      vertex 37.4667 64.6373 23.5
      vertex 24.5333 64.4404 23.809
      vertex 37.4667 64.4404 23.809
    endloop
  endfacet
  facet normal 0 0.843335 0.537388
    outer loop
      vertex 24.5333 64.4404 23.809
      vertex 37.4667 64.6373 23.5
      vertex 24.5333 64.6373 23.5
    endloop
  endfacet
  facet normal 0 -0.793435 0.608655
    outer loop
      vertex 24.5333 57.5596 23.809
      vertex 37.4667 57.7826 24.0997
      vertex 24.5333 57.7826 24.0997
    endloop
  endfacet
  facet normal 0 -0.793435 0.608655
    outer loop
      vertex 37.4667 57.7826 24.0997
      vertex 24.5333 57.5596 23.809
      vertex 37.4667 57.5596 23.809
    endloop
  endfacet
  facet normal 0 -0.991451 0.130483
    outer loop
      vertex 24.5333 56.816 21.7661
      vertex 37.4667 56.8638 22.1293
      vertex 24.5333 56.8638 22.1293
    endloop
  endfacet
  facet normal 0 -0.991451 0.130483
    outer loop
      vertex 37.4667 56.8638 22.1293
      vertex 24.5333 56.816 21.7661
      vertex 37.4667 56.816 21.7661
    endloop
  endfacet
  facet normal 0 0.886993 0.461782
    outer loop
      vertex 37.4667 64.8065 23.175
      vertex 24.5333 64.6373 23.5
      vertex 37.4667 64.6373 23.5
    endloop
  endfacet
  facet normal 0 0.886993 0.461782
    outer loop
      vertex 24.5333 64.6373 23.5
      vertex 37.4667 64.8065 23.175
      vertex 24.5333 64.8065 23.175
    endloop
  endfacet
  facet normal 0 -0.461782 0.886993
    outer loop
      vertex 24.5333 59.225 25.2065
      vertex 37.4667 58.9 25.0373
      vertex 37.4667 59.225 25.2065
    endloop
  endfacet
  facet normal 0 -0.461782 0.886993
    outer loop
      vertex 37.4667 58.9 25.0373
      vertex 24.5333 59.225 25.2065
      vertex 24.5333 58.9 25.0373
    endloop
  endfacet
  facet normal -0 0.461782 0.886993
    outer loop
      vertex 24.5333 63.1 25.0373
      vertex 37.4667 62.775 25.2065
      vertex 37.4667 63.1 25.0373
    endloop
  endfacet
  facet normal 0 0.461782 0.886993
    outer loop
      vertex 37.4667 62.775 25.2065
      vertex 24.5333 63.1 25.0373
      vertex 24.5333 62.775 25.2065
    endloop
  endfacet
  facet normal -0 0.216439 0.976296
    outer loop
      vertex 24.5333 62.087 25.4569
      vertex 37.4667 61.7293 25.5362
      vertex 37.4667 62.087 25.4569
    endloop
  endfacet
  facet normal 0 0.216439 0.976296
    outer loop
      vertex 37.4667 61.7293 25.5362
      vertex 24.5333 62.087 25.4569
      vertex 24.5333 61.7293 25.5362
    endloop
  endfacet
  facet normal -0 0.0436622 0.999046
    outer loop
      vertex 24.5333 61.3661 25.584
      vertex 37.4667 61 25.6
      vertex 37.4667 61.3661 25.584
    endloop
  endfacet
  facet normal 0 0.0436622 0.999046
    outer loop
      vertex 37.4667 61 25.6
      vertex 24.5333 61.3661 25.584
      vertex 24.5333 61 25.6
    endloop
  endfacet
  facet normal -0 0.675737 0.737143
    outer loop
      vertex 24.5333 63.9698 24.3698
      vertex 37.4667 63.6997 24.6174
      vertex 37.4667 63.9698 24.3698
    endloop
  endfacet
  facet normal 0 0.675737 0.737143
    outer loop
      vertex 37.4667 63.6997 24.6174
      vertex 24.5333 63.9698 24.3698
      vertex 24.5333 63.6997 24.6174
    endloop
  endfacet
  facet normal -1 0 0
    outer loop
      vertex 24.5333 55.96 10.232
      vertex 24.5333 61.01 17.2004
      vertex 24.5333 61.01 0
    endloop
  endfacet
  facet normal -1 0 0
    outer loop
      vertex 24.5333 55.96 12.39
      vertex 24.5333 61.01 17.2004
      vertex 24.5333 55.96 10.232
    endloop
  endfacet
  facet normal -1 0 0
    outer loop
      vertex 24.5333 55 15
      vertex 24.5333 61.01 17.2004
      vertex 24.5333 55.96 12.39
    endloop
  endfacet
  facet normal -1 0 0
    outer loop
      vertex 24.5333 61.01 17.2004
      vertex 24.5333 60.915 20.4287
      vertex 24.5333 61 20.425
    endloop
  endfacet
  facet normal -1 0 0
    outer loop
      vertex 24.5333 61.01 17.2004
      vertex 24.5333 60.8307 20.4398
      vertex 24.5333 60.915 20.4287
    endloop
  endfacet
  facet normal -1 0 -0
    outer loop
      vertex 24.5333 56.8 21.4
      vertex 24.5333 61.01 17.2004
      vertex 24.5333 55 15
    endloop
  endfacet
  facet normal -1 0 0
    outer loop
      vertex 24.5333 61.01 17.2004
      vertex 24.5333 60.7477 20.4582
      vertex 24.5333 60.8307 20.4398
    endloop
  endfacet
  facet normal -1 0 0
    outer loop
      vertex 24.5333 61.01 17.2004
      vertex 24.5333 60.6665 20.4838
      vertex 24.5333 60.7477 20.4582
    endloop
  endfacet
  facet normal -1 0 0
    outer loop
      vertex 24.5333 61.01 17.2004
      vertex 24.5333 60.5879 20.5163
      vertex 24.5333 60.6665 20.4838
    endloop
  endfacet
  facet normal -1 0 0
    outer loop
      vertex 24.5333 61.01 17.2004
      vertex 24.5333 60.5125 20.5556
      vertex 24.5333 60.5879 20.5163
    endloop
  endfacet
  facet normal -1 0 0
    outer loop
      vertex 24.5333 61.01 17.2004
      vertex 24.5333 60.4408 20.6013
      vertex 24.5333 60.5125 20.5556
    endloop
  endfacet
  facet normal -1 0 0
    outer loop
      vertex 24.5333 61.01 17.2004
      vertex 24.5333 60.3733 20.6531
      vertex 24.5333 60.4408 20.6013
    endloop
  endfacet
  facet normal -1 -0 -0
    outer loop
      vertex 24.5333 60.3106 20.7106
      vertex 24.5333 61.01 17.2004
      vertex 24.5333 56.8 21.4
    endloop
  endfacet
  facet normal -1 0 0
    outer loop
      vertex 24.5333 61.01 17.2004
      vertex 24.5333 60.3106 20.7106
      vertex 24.5333 60.3733 20.6531
    endloop
  endfacet
  facet normal -1 0 0
    outer loop
      vertex 24.5333 60.3106 20.7106
      vertex 24.5333 56.8 21.4
      vertex 24.5333 60.2531 20.7733
    endloop
  endfacet
  facet normal -1 0 0
    outer loop
      vertex 24.5333 60.2531 20.7733
      vertex 24.5333 56.8 21.4
      vertex 24.5333 60.2013 20.8408
    endloop
  endfacet
  facet normal -1 0 0
    outer loop
      vertex 24.5333 60.2013 20.8408
      vertex 24.5333 56.8 21.4
      vertex 24.5333 60.1556 20.9125
    endloop
  endfacet
  facet normal -1 0 0
    outer loop
      vertex 24.5333 60.1556 20.9125
      vertex 24.5333 56.8 21.4
      vertex 24.5333 60.1163 20.9879
    endloop
  endfacet
  facet normal -1 0 0
    outer loop
      vertex 24.5333 60.6665 22.3162
      vertex 24.5333 59.5635 25.3467
      vertex 24.5333 59.913 25.4569
    endloop
  endfacet
  facet normal -1 0 0
    outer loop
      vertex 24.5333 56.8 21.4
      vertex 24.5333 60.025 21.4
      vertex 24.5333 60.0287 21.315
    endloop
  endfacet
  facet normal -1 0 0
    outer loop
      vertex 24.5333 60.1163 20.9879
      vertex 24.5333 56.8 21.4
      vertex 24.5333 60.0838 21.0665
    endloop
  endfacet
  facet normal -1 0 0
    outer loop
      vertex 24.5333 60.0582 21.1477
      vertex 24.5333 56.8 21.4
      vertex 24.5333 60.0398 21.2307
    endloop
  endfacet
  facet normal -1 0 0
    outer loop
      vertex 24.5333 60.025 21.4
      vertex 24.5333 56.8 21.4
      vertex 24.5333 56.816 21.7661
    endloop
  endfacet
  facet normal -1 0 0
    outer loop
      vertex 24.5333 60.0287 21.485
      vertex 24.5333 59.225 25.2065
      vertex 24.5333 59.5635 25.3467
    endloop
  endfacet
  facet normal -1 0 0
    outer loop
      vertex 24.5333 60.0287 21.485
      vertex 24.5333 58.9 25.0373
      vertex 24.5333 59.225 25.2065
    endloop
  endfacet
  facet normal -1 0 0
    outer loop
      vertex 24.5333 60.0287 21.485
      vertex 24.5333 58.591 24.8404
      vertex 24.5333 58.9 25.0373
    endloop
  endfacet
  facet normal -1 0 0
    outer loop
      vertex 24.5333 58 0.0999994
      vertex 24.5333 61.01 0
      vertex 24.5333 58 0
    endloop
  endfacet
  facet normal -1 0 0
    outer loop
      vertex 24.5333 55.96 10.232
      vertex 24.5333 61.01 0
      vertex 24.5333 58 0.0999994
    endloop
  endfacet
  facet normal -1 0 0
    outer loop
      vertex 24.5333 60.0287 21.485
      vertex 24.5333 58.3003 24.6174
      vertex 24.5333 58.591 24.8404
    endloop
  endfacet
  facet normal -1 0 0
    outer loop
      vertex 24.5333 60.0287 21.485
      vertex 24.5333 58.0302 24.3698
      vertex 24.5333 58.3003 24.6174
    endloop
  endfacet
  facet normal -1 0 0
    outer loop
      vertex 24.5333 60.0287 21.485
      vertex 24.5333 57.7826 24.0997
      vertex 24.5333 58.0302 24.3698
    endloop
  endfacet
  facet normal -1 0 0
    outer loop
      vertex 24.5333 60.0287 21.485
      vertex 24.5333 57.5596 23.809
      vertex 24.5333 57.7826 24.0997
    endloop
  endfacet
  facet normal -1 0 0
    outer loop
      vertex 24.5333 60.0287 21.485
      vertex 24.5333 57.1935 23.175
      vertex 24.5333 57.3627 23.5
    endloop
  endfacet
  facet normal -1 0 0
    outer loop
      vertex 24.5333 60.0287 21.485
      vertex 24.5333 57.0533 22.8365
      vertex 24.5333 57.1935 23.175
    endloop
  endfacet
  facet normal -1 0 0
    outer loop
      vertex 24.5333 60.0287 21.485
      vertex 24.5333 56.9431 22.487
      vertex 24.5333 57.0533 22.8365
    endloop
  endfacet
  facet normal -1 0 0
    outer loop
      vertex 24.5333 60.0287 21.485
      vertex 24.5333 56.8638 22.1293
      vertex 24.5333 56.9431 22.487
    endloop
  endfacet
  facet normal -1 0 0
    outer loop
      vertex 24.5333 60.0287 21.485
      vertex 24.5333 56.816 21.7661
      vertex 24.5333 56.8638 22.1293
    endloop
  endfacet
  facet normal -1 0 0
    outer loop
      vertex 24.5333 60.0838 21.0665
      vertex 24.5333 56.8 21.4
      vertex 24.5333 60.0582 21.1477
    endloop
  endfacet
  facet normal -1 0 0
    outer loop
      vertex 24.5333 60.0287 21.485
      vertex 24.5333 57.3627 23.5
      vertex 24.5333 57.5596 23.809
    endloop
  endfacet
  facet normal -1 0 0
    outer loop
      vertex 24.5333 55 15
      vertex 24.5333 55.96 12.39
      vertex 24.5333 55.5255 12.39
    endloop
  endfacet
  facet normal -1 0 0
    outer loop
      vertex 24.5333 60.0398 21.2307
      vertex 24.5333 56.8 21.4
      vertex 24.5333 60.0287 21.315
    endloop
  endfacet
  facet normal -1 0 0
    outer loop
      vertex 24.5333 54.6 21.4
      vertex 24.5333 55 15
      vertex 24.5333 54.6 15
    endloop
  endfacet
  facet normal -1 0 0
    outer loop
      vertex 24.5333 55 15
      vertex 24.5333 54.6 21.4
      vertex 24.5333 56.8 21.4
    endloop
  endfacet
  facet normal -1 0 0
    outer loop
      vertex 24.5333 61.975 21.4
      vertex 24.5333 65.2 21.4
      vertex 24.5333 65.184 21.0339
    endloop
  endfacet
  facet normal -1 0 0
    outer loop
      vertex 24.5333 61.9713 21.315
      vertex 24.5333 65.184 21.0339
      vertex 24.5333 65.1362 20.6707
    endloop
  endfacet
  facet normal -1 0 0
    outer loop
      vertex 24.5333 65.2 21.4
      vertex 24.5333 61.975 21.4
      vertex 24.5333 65.184 21.7661
    endloop
  endfacet
  facet normal -1 0 0
    outer loop
      vertex 24.5333 61.9602 21.2307
      vertex 24.5333 65.1362 20.6707
      vertex 24.5333 65.0569 20.313
    endloop
  endfacet
  facet normal -1 0 0
    outer loop
      vertex 24.5333 61.9713 21.485
      vertex 24.5333 65.184 21.7661
      vertex 24.5333 61.975 21.4
    endloop
  endfacet
  facet normal -1 0 0
    outer loop
      vertex 24.5333 61.9418 21.1477
      vertex 24.5333 65.0569 20.313
      vertex 24.5333 64.9467 19.9635
    endloop
  endfacet
  facet normal -1 -0 0
    outer loop
      vertex 24.5333 65.184 21.7661
      vertex 24.5333 61.9713 21.485
      vertex 24.5333 65.1362 22.1293
    endloop
  endfacet
  facet normal -1 0 0
    outer loop
      vertex 24.5333 61.9162 21.0665
      vertex 24.5333 64.9467 19.9635
      vertex 24.5333 64.8065 19.625
    endloop
  endfacet
  facet normal -1 0 0
    outer loop
      vertex 24.5333 61.9602 21.5693
      vertex 24.5333 65.1362 22.1293
      vertex 24.5333 61.9713 21.485
    endloop
  endfacet
  facet normal -1 0 0
    outer loop
      vertex 24.5333 61.8837 20.9879
      vertex 24.5333 64.8065 19.625
      vertex 24.5333 64.6373 19.3
    endloop
  endfacet
  facet normal -1 -0 0
    outer loop
      vertex 24.5333 65.1362 22.1293
      vertex 24.5333 61.9602 21.5693
      vertex 24.5333 65.0569 22.487
    endloop
  endfacet
  facet normal -1 0 0
    outer loop
      vertex 24.5333 61.8444 20.9125
      vertex 24.5333 64.6373 19.3
      vertex 24.5333 64.4404 18.991
    endloop
  endfacet
  facet normal -1 0 0
    outer loop
      vertex 24.5333 61.9418 21.6523
      vertex 24.5333 65.0569 22.487
      vertex 24.5333 61.9602 21.5693
    endloop
  endfacet
  facet normal -1 0 0
    outer loop
      vertex 24.5333 61.7987 20.8408
      vertex 24.5333 64.4404 18.991
      vertex 24.5333 64.2174 18.7003
    endloop
  endfacet
  facet normal -1 -0 0
    outer loop
      vertex 24.5333 65.0569 22.487
      vertex 24.5333 61.9418 21.6523
      vertex 24.5333 64.9467 22.8365
    endloop
  endfacet
  facet normal -1 0 0
    outer loop
      vertex 24.5333 61.7469 20.7733
      vertex 24.5333 64.2174 18.7003
      vertex 24.5333 63.9698 18.4302
    endloop
  endfacet
  facet normal -1 0 0
    outer loop
      vertex 24.5333 61.9162 21.7335
      vertex 24.5333 64.9467 22.8365
      vertex 24.5333 61.9418 21.6523
    endloop
  endfacet
  facet normal -1 0 0
    outer loop
      vertex 24.5333 61.6894 20.7106
      vertex 24.5333 63.9698 18.4302
      vertex 24.5333 63.6997 18.1826
    endloop
  endfacet
  facet normal -1 -0 0
    outer loop
      vertex 24.5333 64.9467 22.8365
      vertex 24.5333 61.9162 21.7335
      vertex 24.5333 64.8065 23.175
    endloop
  endfacet
  facet normal -1 0 0
    outer loop
      vertex 24.5333 61.6267 20.6531
      vertex 24.5333 63.6997 18.1826
      vertex 24.5333 63.409 17.9596
    endloop
  endfacet
  facet normal -1 0 0
    outer loop
      vertex 24.5333 61.8837 21.8121
      vertex 24.5333 64.8065 23.175
      vertex 24.5333 61.9162 21.7335
    endloop
  endfacet
  facet normal -1 0 0
    outer loop
      vertex 24.5333 61.5592 20.6013
      vertex 24.5333 63.409 17.9596
      vertex 24.5333 63.1 17.7627
    endloop
  endfacet
  facet normal -1 -0 0
    outer loop
      vertex 24.5333 64.8065 23.175
      vertex 24.5333 61.8837 21.8121
      vertex 24.5333 64.6373 23.5
    endloop
  endfacet
  facet normal -1 0 0
    outer loop
      vertex 24.5333 61.4875 20.5556
      vertex 24.5333 63.1 17.7627
      vertex 24.5333 62.775 17.5935
    endloop
  endfacet
  facet normal -1 0 0
    outer loop
      vertex 24.5333 61.8444 21.8875
      vertex 24.5333 64.6373 23.5
      vertex 24.5333 61.8837 21.8121
    endloop
  endfacet
  facet normal -1 0 0
    outer loop
      vertex 24.5333 61.4121 20.5163
      vertex 24.5333 62.775 17.5935
      vertex 24.5333 62.4365 17.4533
    endloop
  endfacet
  facet normal -1 -0 0
    outer loop
      vertex 24.5333 64.6373 23.5
      vertex 24.5333 61.8444 21.8875
      vertex 24.5333 64.4404 23.809
    endloop
  endfacet
  facet normal -1 0 0
    outer loop
      vertex 24.5333 61.3335 20.4838
      vertex 24.5333 62.4365 17.4533
      vertex 24.5333 62.087 17.3431
    endloop
  endfacet
  facet normal -1 0 0
    outer loop
      vertex 24.5333 61.7987 21.9592
      vertex 24.5333 64.4404 23.809
      vertex 24.5333 61.8444 21.8875
    endloop
  endfacet
  facet normal -1 -0 0
    outer loop
      vertex 24.5333 64.4404 23.809
      vertex 24.5333 61.7987 21.9592
      vertex 24.5333 64.2174 24.0997
    endloop
  endfacet
  facet normal -1 0 0
    outer loop
      vertex 24.5333 65.184 21.0339
      vertex 24.5333 61.9713 21.315
      vertex 24.5333 61.975 21.4
    endloop
  endfacet
  facet normal -1 0 0
    outer loop
      vertex 24.5333 65.1362 20.6707
      vertex 24.5333 61.9602 21.2307
      vertex 24.5333 61.9713 21.315
    endloop
  endfacet
  facet normal -1 0 0
    outer loop
      vertex 24.5333 65.0569 20.313
      vertex 24.5333 61.9418 21.1477
      vertex 24.5333 61.9602 21.2307
    endloop
  endfacet
  facet normal -1 0 0
    outer loop
      vertex 24.5333 64.9467 19.9635
      vertex 24.5333 61.9162 21.0665
      vertex 24.5333 61.9418 21.1477
    endloop
  endfacet
  facet normal -1 0 0
    outer loop
      vertex 24.5333 64.8065 19.625
      vertex 24.5333 61.8837 20.9879
      vertex 24.5333 61.9162 21.0665
    endloop
  endfacet
  facet normal -1 0 0
    outer loop
      vertex 24.5333 64.6373 19.3
      vertex 24.5333 61.8444 20.9125
      vertex 24.5333 61.8837 20.9879
    endloop
  endfacet
  facet normal -1 0 0
    outer loop
      vertex 24.5333 64.4404 18.991
      vertex 24.5333 61.7987 20.8408
      vertex 24.5333 61.8444 20.9125
    endloop
  endfacet
  facet normal -1 0 0
    outer loop
      vertex 24.5333 64.2174 18.7003
      vertex 24.5333 61.7469 20.7733
      vertex 24.5333 61.7987 20.8408
    endloop
  endfacet
  facet normal -1 0 0
    outer loop
      vertex 24.5333 61.2523 20.4582
      vertex 24.5333 62.087 17.3431
      vertex 24.5333 61.7293 17.2638
    endloop
  endfacet
  facet normal -1 0 0
    outer loop
      vertex 24.5333 63.9698 18.4302
      vertex 24.5333 61.6894 20.7106
      vertex 24.5333 61.7469 20.7733
    endloop
  endfacet
  facet normal -1 0 0
    outer loop
      vertex 24.5333 63.6997 18.1826
      vertex 24.5333 61.6267 20.6531
      vertex 24.5333 61.6894 20.7106
    endloop
  endfacet
  facet normal -1 0 0
    outer loop
      vertex 24.5333 63.409 17.9596
      vertex 24.5333 61.5592 20.6013
      vertex 24.5333 61.6267 20.6531
    endloop
  endfacet
  facet normal -1 0 0
    outer loop
      vertex 24.5333 63.1 17.7627
      vertex 24.5333 61.4875 20.5556
      vertex 24.5333 61.5592 20.6013
    endloop
  endfacet
  facet normal -1 0 0
    outer loop
      vertex 24.5333 62.775 17.5935
      vertex 24.5333 61.4121 20.5163
      vertex 24.5333 61.4875 20.5556
    endloop
  endfacet
  facet normal -1 0 0
    outer loop
      vertex 24.5333 61.1693 20.4398
      vertex 24.5333 61.7293 17.2638
      vertex 24.5333 61.3661 17.216
    endloop
  endfacet
  facet normal -1 0 0
    outer loop
      vertex 24.5333 62.4365 17.4533
      vertex 24.5333 61.3335 20.4838
      vertex 24.5333 61.4121 20.5163
    endloop
  endfacet
  facet normal -1 0 0
    outer loop
      vertex 24.5333 62.087 17.3431
      vertex 24.5333 61.2523 20.4582
      vertex 24.5333 61.3335 20.4838
    endloop
  endfacet
  facet normal -1 0 0
    outer loop
      vertex 24.5333 61.7293 17.2638
      vertex 24.5333 61.1693 20.4398
      vertex 24.5333 61.2523 20.4582
    endloop
  endfacet
  facet normal -1 0 0
    outer loop
      vertex 24.5333 61.3661 17.216
      vertex 24.5333 61.085 20.4287
      vertex 24.5333 61.1693 20.4398
    endloop
  endfacet
  facet normal -1 0 0
    outer loop
      vertex 24.5333 61.01 17.2004
      vertex 24.5333 61.085 20.4287
      vertex 24.5333 61.3661 17.216
    endloop
  endfacet
  facet normal -1 0 0
    outer loop
      vertex 24.5333 61.085 20.4287
      vertex 24.5333 61.01 17.2004
      vertex 24.5333 61 20.425
    endloop
  endfacet
  facet normal -1 0 0
    outer loop
      vertex 24.5333 61.7469 22.0267
      vertex 24.5333 64.2174 24.0997
      vertex 24.5333 61.7987 21.9592
    endloop
  endfacet
  facet normal -1 -0 0
    outer loop
      vertex 24.5333 64.2174 24.0997
      vertex 24.5333 61.7469 22.0267
      vertex 24.5333 63.9698 24.3698
    endloop
  endfacet
  facet normal -1 0 0
    outer loop
      vertex 24.5333 61.6894 22.0894
      vertex 24.5333 63.9698 24.3698
      vertex 24.5333 61.7469 22.0267
    endloop
  endfacet
  facet normal -1 -0 0
    outer loop
      vertex 24.5333 63.9698 24.3698
      vertex 24.5333 61.6894 22.0894
      vertex 24.5333 63.6997 24.6174
    endloop
  endfacet
  facet normal -1 0 0
    outer loop
      vertex 24.5333 61.6267 22.1469
      vertex 24.5333 63.6997 24.6174
      vertex 24.5333 61.6894 22.0894
    endloop
  endfacet
  facet normal -1 -0 0
    outer loop
      vertex 24.5333 63.6997 24.6174
      vertex 24.5333 61.6267 22.1469
      vertex 24.5333 63.409 24.8404
    endloop
  endfacet
  facet normal -1 0 0
    outer loop
      vertex 24.5333 61.5592 22.1987
      vertex 24.5333 63.409 24.8404
      vertex 24.5333 61.6267 22.1469
    endloop
  endfacet
  facet normal -1 -0 0
    outer loop
      vertex 24.5333 63.409 24.8404
      vertex 24.5333 61.5592 22.1987
      vertex 24.5333 63.1 25.0373
    endloop
  endfacet
  facet normal -1 0 0
    outer loop
      vertex 24.5333 61.4875 22.2444
      vertex 24.5333 63.1 25.0373
      vertex 24.5333 61.5592 22.1987
    endloop
  endfacet
  facet normal -1 -0 0
    outer loop
      vertex 24.5333 63.1 25.0373
      vertex 24.5333 61.4875 22.2444
      vertex 24.5333 62.775 25.2065
    endloop
  endfacet
  facet normal -1 0 0
    outer loop
      vertex 24.5333 61.4121 22.2836
      vertex 24.5333 62.775 25.2065
      vertex 24.5333 61.4875 22.2444
    endloop
  endfacet
  facet normal -1 -0 0
    outer loop
      vertex 24.5333 62.775 25.2065
      vertex 24.5333 61.4121 22.2836
      vertex 24.5333 62.4365 25.3467
    endloop
  endfacet
  facet normal -1 0 0
    outer loop
      vertex 24.5333 61.3335 22.3162
      vertex 24.5333 62.4365 25.3467
      vertex 24.5333 61.4121 22.2836
    endloop
  endfacet
  facet normal -1 -0 0
    outer loop
      vertex 24.5333 62.4365 25.3467
      vertex 24.5333 61.3335 22.3162
      vertex 24.5333 62.087 25.4569
    endloop
  endfacet
  facet normal -1 0 0
    outer loop
      vertex 24.5333 61.2523 22.3418
      vertex 24.5333 62.087 25.4569
      vertex 24.5333 61.3335 22.3162
    endloop
  endfacet
  facet normal -1 -0 0
    outer loop
      vertex 24.5333 62.087 25.4569
      vertex 24.5333 61.2523 22.3418
      vertex 24.5333 61.7293 25.5362
    endloop
  endfacet
  facet normal -1 0 0
    outer loop
      vertex 24.5333 61.1693 22.3602
      vertex 24.5333 61.7293 25.5362
      vertex 24.5333 61.2523 22.3418
    endloop
  endfacet
  facet normal -1 -0 0
    outer loop
      vertex 24.5333 61.7293 25.5362
      vertex 24.5333 61.1693 22.3602
      vertex 24.5333 61.3661 25.584
    endloop
  endfacet
  facet normal -1 0 0
    outer loop
      vertex 24.5333 61.085 22.3713
      vertex 24.5333 61.3661 25.584
      vertex 24.5333 61.1693 22.3602
    endloop
  endfacet
  facet normal -1 0 0
    outer loop
      vertex 24.5333 61 22.375
      vertex 24.5333 61.3661 25.584
      vertex 24.5333 61.085 22.3713
    endloop
  endfacet
  facet normal -1 0 0
    outer loop
      vertex 24.5333 61 22.375
      vertex 24.5333 61 25.6
      vertex 24.5333 61.3661 25.584
    endloop
  endfacet
  facet normal -1 0 0
    outer loop
      vertex 24.5333 60.915 22.3713
      vertex 24.5333 61 25.6
      vertex 24.5333 61 22.375
    endloop
  endfacet
  facet normal -1 0 0
    outer loop
      vertex 24.5333 60.6339 25.584
      vertex 24.5333 60.915 22.3713
      vertex 24.5333 60.8307 22.3602
    endloop
  endfacet
  facet normal -1 0 0
    outer loop
      vertex 24.5333 60.2707 25.5362
      vertex 24.5333 60.8307 22.3602
      vertex 24.5333 60.7477 22.3418
    endloop
  endfacet
  facet normal -1 0 0
    outer loop
      vertex 24.5333 59.913 25.4569
      vertex 24.5333 60.7477 22.3418
      vertex 24.5333 60.6665 22.3162
    endloop
  endfacet
  facet normal -1 0 0
    outer loop
      vertex 24.5333 60.915 22.3713
      vertex 24.5333 60.6339 25.584
      vertex 24.5333 61 25.6
    endloop
  endfacet
  facet normal -1 0 0
    outer loop
      vertex 24.5333 59.5635 25.3467
      vertex 24.5333 60.6665 22.3162
      vertex 24.5333 60.5879 22.2836
    endloop
  endfacet
  facet normal -1 0 0
    outer loop
      vertex 24.5333 59.5635 25.3467
      vertex 24.5333 60.5879 22.2836
      vertex 24.5333 60.5125 22.2444
    endloop
  endfacet
  facet normal -1 0 0
    outer loop
      vertex 24.5333 59.5635 25.3467
      vertex 24.5333 60.5125 22.2444
      vertex 24.5333 60.4408 22.1987
    endloop
  endfacet
  facet normal -1 0 0
    outer loop
      vertex 24.5333 59.5635 25.3467
      vertex 24.5333 60.4408 22.1987
      vertex 24.5333 60.3733 22.1469
    endloop
  endfacet
  facet normal -1 0 0
    outer loop
      vertex 24.5333 59.5635 25.3467
      vertex 24.5333 60.3733 22.1469
      vertex 24.5333 60.3106 22.0894
    endloop
  endfacet
  facet normal -1 0 0
    outer loop
      vertex 24.5333 60.8307 22.3602
      vertex 24.5333 60.2707 25.5362
      vertex 24.5333 60.6339 25.584
    endloop
  endfacet
  facet normal -1 0 0
    outer loop
      vertex 24.5333 59.5635 25.3467
      vertex 24.5333 60.3106 22.0894
      vertex 24.5333 60.2531 22.0267
    endloop
  endfacet
  facet normal -1 0 0
    outer loop
      vertex 24.5333 59.5635 25.3467
      vertex 24.5333 60.2531 22.0267
      vertex 24.5333 60.2013 21.9592
    endloop
  endfacet
  facet normal -1 0 0
    outer loop
      vertex 24.5333 59.5635 25.3467
      vertex 24.5333 60.2013 21.9592
      vertex 24.5333 60.1556 21.8875
    endloop
  endfacet
  facet normal -1 0 0
    outer loop
      vertex 24.5333 59.5635 25.3467
      vertex 24.5333 60.1556 21.8875
      vertex 24.5333 60.1163 21.8121
    endloop
  endfacet
  facet normal -1 0 0
    outer loop
      vertex 24.5333 59.5635 25.3467
      vertex 24.5333 60.1163 21.8121
      vertex 24.5333 60.0838 21.7335
    endloop
  endfacet
  facet normal -1 0 0
    outer loop
      vertex 24.5333 59.5635 25.3467
      vertex 24.5333 60.0838 21.7335
      vertex 24.5333 60.0582 21.6523
    endloop
  endfacet
  facet normal -1 0 0
    outer loop
      vertex 24.5333 59.5635 25.3467
      vertex 24.5333 60.0582 21.6523
      vertex 24.5333 60.0398 21.5693
    endloop
  endfacet
  facet normal -1 0 0
    outer loop
      vertex 24.5333 59.5635 25.3467
      vertex 24.5333 60.0398 21.5693
      vertex 24.5333 60.0287 21.485
    endloop
  endfacet
  facet normal -1 0 0
    outer loop
      vertex 24.5333 60.7477 22.3418
      vertex 24.5333 59.913 25.4569
      vertex 24.5333 60.2707 25.5362
    endloop
  endfacet
  facet normal -1 0 0
    outer loop
      vertex 24.5333 56.816 21.7661
      vertex 24.5333 60.0287 21.485
      vertex 24.5333 60.025 21.4
    endloop
  endfacet
  facet normal 0 -0.843335 0.537388
    outer loop
      vertex 24.5333 57.3627 23.5
      vertex 37.4667 57.5596 23.809
      vertex 24.5333 57.5596 23.809
    endloop
  endfacet
  facet normal 0 -0.843335 0.537388
    outer loop
      vertex 37.4667 57.5596 23.809
      vertex 24.5333 57.3627 23.5
      vertex 37.4667 57.3627 23.5
    endloop
  endfacet
  facet normal 1 0 0
    outer loop
      vertex 37.4667 61.01 17.2004
      vertex 37.4667 55 15
      vertex 37.4667 55.96 12.39
    endloop
  endfacet
  facet normal 1 0 0
    outer loop
      vertex 37.4667 55.96 12.39
      vertex 37.4667 55 15
      vertex 37.4667 55.5255 12.39
    endloop
  endfacet
  facet normal 1 -0 0
    outer loop
      vertex 37.4667 54.6 21.4
      vertex 37.4667 55 15
      vertex 37.4667 56.8 21.4
    endloop
  endfacet
  facet normal 1 0 0
    outer loop
      vertex 37.4667 55 15
      vertex 37.4667 54.6 21.4
      vertex 37.4667 54.6 15
    endloop
  endfacet
  facet normal 1 0 0
    outer loop
      vertex 37.4667 60.3106 20.7106
      vertex 37.4667 56.8 21.4
      vertex 37.4667 61.01 17.2004
    endloop
  endfacet
  facet normal 1 0 0
    outer loop
      vertex 37.4667 56.8 21.4
      vertex 37.4667 57.7826 24.0997
      vertex 37.4667 57.5596 23.809
    endloop
  endfacet
  facet normal 1 0 0
    outer loop
      vertex 37.4667 56.8 21.4
      vertex 37.4667 57.5596 23.809
      vertex 37.4667 57.3627 23.5
    endloop
  endfacet
  facet normal 1 0 0
    outer loop
      vertex 37.4667 56.8 21.4
      vertex 37.4667 57.3627 23.5
      vertex 37.4667 57.1935 23.175
    endloop
  endfacet
  facet normal 1 0 0
    outer loop
      vertex 37.4667 56.8 21.4
      vertex 37.4667 57.1935 23.175
      vertex 37.4667 57.0533 22.8365
    endloop
  endfacet
  facet normal 1 0 0
    outer loop
      vertex 37.4667 56.8 21.4
      vertex 37.4667 57.0533 22.8365
      vertex 37.4667 56.9431 22.487
    endloop
  endfacet
  facet normal 1 0 0
    outer loop
      vertex 37.4667 56.8 21.4
      vertex 37.4667 56.9431 22.487
      vertex 37.4667 56.8638 22.1293
    endloop
  endfacet
  facet normal 1 0 0
    outer loop
      vertex 37.4667 56.8 21.4
      vertex 37.4667 56.8638 22.1293
      vertex 37.4667 56.816 21.7661
    endloop
  endfacet
  facet normal 1 0 0
    outer loop
      vertex 37.4667 55 15
      vertex 37.4667 61.01 17.2004
      vertex 37.4667 56.8 21.4
    endloop
  endfacet
  facet normal 1 0 0
    outer loop
      vertex 37.4667 55.96 10.232
      vertex 37.4667 61.01 17.2004
      vertex 37.4667 55.96 12.39
    endloop
  endfacet
  facet normal 1 0 0
    outer loop
      vertex 37.4667 61.01 17.2004
      vertex 37.4667 55.96 10.232
      vertex 37.4667 58 0.0999994
    endloop
  endfacet
  facet normal 1 0 0
    outer loop
      vertex 37.4667 61.975 21.4
      vertex 37.4667 65.2 21.4
      vertex 37.4667 65.184 21.7661
    endloop
  endfacet
  facet normal 1 0 0
    outer loop
      vertex 37.4667 61.9713 21.485
      vertex 37.4667 65.184 21.7661
      vertex 37.4667 65.1362 22.1293
    endloop
  endfacet
  facet normal 1 0 0
    outer loop
      vertex 37.4667 65.2 21.4
      vertex 37.4667 61.975 21.4
      vertex 37.4667 65.184 21.0339
    endloop
  endfacet
  facet normal 1 0 0
    outer loop
      vertex 37.4667 61.9602 21.5693
      vertex 37.4667 65.1362 22.1293
      vertex 37.4667 65.0569 22.487
    endloop
  endfacet
  facet normal 1 -0 0
    outer loop
      vertex 37.4667 61.9713 21.315
      vertex 37.4667 65.184 21.0339
      vertex 37.4667 61.975 21.4
    endloop
  endfacet
  facet normal 1 0 0
    outer loop
      vertex 37.4667 61.9418 21.6523
      vertex 37.4667 65.0569 22.487
      vertex 37.4667 64.9467 22.8365
    endloop
  endfacet
  facet normal 1 0 0
    outer loop
      vertex 37.4667 65.184 21.0339
      vertex 37.4667 61.9713 21.315
      vertex 37.4667 65.1362 20.6707
    endloop
  endfacet
  facet normal 1 0 0
    outer loop
      vertex 37.4667 61.9162 21.7335
      vertex 37.4667 64.9467 22.8365
      vertex 37.4667 64.8065 23.175
    endloop
  endfacet
  facet normal 1 -0 0
    outer loop
      vertex 37.4667 61.9602 21.2307
      vertex 37.4667 65.1362 20.6707
      vertex 37.4667 61.9713 21.315
    endloop
  endfacet
  facet normal 1 0 0
    outer loop
      vertex 37.4667 61.8837 21.8121
      vertex 37.4667 64.8065 23.175
      vertex 37.4667 64.6373 23.5
    endloop
  endfacet
  facet normal 1 0 0
    outer loop
      vertex 37.4667 65.1362 20.6707
      vertex 37.4667 61.9602 21.2307
      vertex 37.4667 65.0569 20.313
    endloop
  endfacet
  facet normal 1 0 0
    outer loop
      vertex 37.4667 61.8444 21.8875
      vertex 37.4667 64.6373 23.5
      vertex 37.4667 64.4404 23.809
    endloop
  endfacet
  facet normal 1 -0 0
    outer loop
      vertex 37.4667 61.9418 21.1477
      vertex 37.4667 65.0569 20.313
      vertex 37.4667 61.9602 21.2307
    endloop
  endfacet
  facet normal 1 0 0
    outer loop
      vertex 37.4667 61.7987 21.9592
      vertex 37.4667 64.4404 23.809
      vertex 37.4667 64.2174 24.0997
    endloop
  endfacet
  facet normal 1 0 0
    outer loop
      vertex 37.4667 65.0569 20.313
      vertex 37.4667 61.9418 21.1477
      vertex 37.4667 64.9467 19.9635
    endloop
  endfacet
  facet normal 1 0 0
    outer loop
      vertex 37.4667 61.7469 22.0267
      vertex 37.4667 64.2174 24.0997
      vertex 37.4667 63.9698 24.3698
    endloop
  endfacet
  facet normal 1 -0 0
    outer loop
      vertex 37.4667 61.9162 21.0665
      vertex 37.4667 64.9467 19.9635
      vertex 37.4667 61.9418 21.1477
    endloop
  endfacet
  facet normal 1 0 0
    outer loop
      vertex 37.4667 61.6894 22.0894
      vertex 37.4667 63.9698 24.3698
      vertex 37.4667 63.6997 24.6174
    endloop
  endfacet
  facet normal 1 0 0
    outer loop
      vertex 37.4667 64.9467 19.9635
      vertex 37.4667 61.9162 21.0665
      vertex 37.4667 64.8065 19.625
    endloop
  endfacet
  facet normal 1 0 0
    outer loop
      vertex 37.4667 61.6267 22.1469
      vertex 37.4667 63.6997 24.6174
      vertex 37.4667 63.409 24.8404
    endloop
  endfacet
  facet normal 1 -0 0
    outer loop
      vertex 37.4667 61.8837 20.9879
      vertex 37.4667 64.8065 19.625
      vertex 37.4667 61.9162 21.0665
    endloop
  endfacet
  facet normal 1 0 0
    outer loop
      vertex 37.4667 61.5592 22.1987
      vertex 37.4667 63.409 24.8404
      vertex 37.4667 63.1 25.0373
    endloop
  endfacet
  facet normal 1 0 0
    outer loop
      vertex 37.4667 64.8065 19.625
      vertex 37.4667 61.8837 20.9879
      vertex 37.4667 64.6373 19.3
    endloop
  endfacet
  facet normal 1 0 0
    outer loop
      vertex 37.4667 61.4875 22.2444
      vertex 37.4667 63.1 25.0373
      vertex 37.4667 62.775 25.2065
    endloop
  endfacet
  facet normal 1 -0 0
    outer loop
      vertex 37.4667 61.8444 20.9125
      vertex 37.4667 64.6373 19.3
      vertex 37.4667 61.8837 20.9879
    endloop
  endfacet
  facet normal 1 0 0
    outer loop
      vertex 37.4667 61.4121 22.2836
      vertex 37.4667 62.775 25.2065
      vertex 37.4667 62.4365 25.3467
    endloop
  endfacet
  facet normal 1 0 0
    outer loop
      vertex 37.4667 64.6373 19.3
      vertex 37.4667 61.8444 20.9125
      vertex 37.4667 64.4404 18.991
    endloop
  endfacet
  facet normal 1 0 0
    outer loop
      vertex 37.4667 61.3335 22.3162
      vertex 37.4667 62.4365 25.3467
      vertex 37.4667 62.087 25.4569
    endloop
  endfacet
  facet normal 1 -0 0
    outer loop
      vertex 37.4667 61.7987 20.8408
      vertex 37.4667 64.4404 18.991
      vertex 37.4667 61.8444 20.9125
    endloop
  endfacet
  facet normal 1 0 0
    outer loop
      vertex 37.4667 64.4404 18.991
      vertex 37.4667 61.7987 20.8408
      vertex 37.4667 64.2174 18.7003
    endloop
  endfacet
  facet normal 1 0 0
    outer loop
      vertex 37.4667 65.184 21.7661
      vertex 37.4667 61.9713 21.485
      vertex 37.4667 61.975 21.4
    endloop
  endfacet
  facet normal 1 0 0
    outer loop
      vertex 37.4667 65.1362 22.1293
      vertex 37.4667 61.9602 21.5693
      vertex 37.4667 61.9713 21.485
    endloop
  endfacet
  facet normal 1 0 0
    outer loop
      vertex 37.4667 65.0569 22.487
      vertex 37.4667 61.9418 21.6523
      vertex 37.4667 61.9602 21.5693
    endloop
  endfacet
  facet normal 1 0 0
    outer loop
      vertex 37.4667 64.9467 22.8365
      vertex 37.4667 61.9162 21.7335
      vertex 37.4667 61.9418 21.6523
    endloop
  endfacet
  facet normal 1 0 0
    outer loop
      vertex 37.4667 64.8065 23.175
      vertex 37.4667 61.8837 21.8121
      vertex 37.4667 61.9162 21.7335
    endloop
  endfacet
  facet normal 1 0 0
    outer loop
      vertex 37.4667 64.6373 23.5
      vertex 37.4667 61.8444 21.8875
      vertex 37.4667 61.8837 21.8121
    endloop
  endfacet
  facet normal 1 0 0
    outer loop
      vertex 37.4667 64.4404 23.809
      vertex 37.4667 61.7987 21.9592
      vertex 37.4667 61.8444 21.8875
    endloop
  endfacet
  facet normal 1 0 0
    outer loop
      vertex 37.4667 64.2174 24.0997
      vertex 37.4667 61.7469 22.0267
      vertex 37.4667 61.7987 21.9592
    endloop
  endfacet
  facet normal 1 0 0
    outer loop
      vertex 37.4667 61.2523 22.3418
      vertex 37.4667 62.087 25.4569
      vertex 37.4667 61.7293 25.5362
    endloop
  endfacet
  facet normal 1 0 0
    outer loop
      vertex 37.4667 63.9698 24.3698
      vertex 37.4667 61.6894 22.0894
      vertex 37.4667 61.7469 22.0267
    endloop
  endfacet
  facet normal 1 0 0
    outer loop
      vertex 37.4667 63.6997 24.6174
      vertex 37.4667 61.6267 22.1469
      vertex 37.4667 61.6894 22.0894
    endloop
  endfacet
  facet normal 1 0 0
    outer loop
      vertex 37.4667 63.409 24.8404
      vertex 37.4667 61.5592 22.1987
      vertex 37.4667 61.6267 22.1469
    endloop
  endfacet
  facet normal 1 0 0
    outer loop
      vertex 37.4667 63.1 25.0373
      vertex 37.4667 61.4875 22.2444
      vertex 37.4667 61.5592 22.1987
    endloop
  endfacet
  facet normal 1 0 0
    outer loop
      vertex 37.4667 62.775 25.2065
      vertex 37.4667 61.4121 22.2836
      vertex 37.4667 61.4875 22.2444
    endloop
  endfacet
  facet normal 1 0 0
    outer loop
      vertex 37.4667 61.1693 22.3602
      vertex 37.4667 61.7293 25.5362
      vertex 37.4667 61.3661 25.584
    endloop
  endfacet
  facet normal 1 0 0
    outer loop
      vertex 37.4667 62.4365 25.3467
      vertex 37.4667 61.3335 22.3162
      vertex 37.4667 61.4121 22.2836
    endloop
  endfacet
  facet normal 1 0 0
    outer loop
      vertex 37.4667 62.087 25.4569
      vertex 37.4667 61.2523 22.3418
      vertex 37.4667 61.3335 22.3162
    endloop
  endfacet
  facet normal 1 0 0
    outer loop
      vertex 37.4667 61.7293 25.5362
      vertex 37.4667 61.1693 22.3602
      vertex 37.4667 61.2523 22.3418
    endloop
  endfacet
  facet normal 1 0 0
    outer loop
      vertex 37.4667 61.3661 25.584
      vertex 37.4667 61.085 22.3713
      vertex 37.4667 61.1693 22.3602
    endloop
  endfacet
  facet normal 1 0 0
    outer loop
      vertex 37.4667 61 25.6
      vertex 37.4667 61.085 22.3713
      vertex 37.4667 61.3661 25.584
    endloop
  endfacet
  facet normal 1 0 0
    outer loop
      vertex 37.4667 61 25.6
      vertex 37.4667 61 22.375
      vertex 37.4667 61.085 22.3713
    endloop
  endfacet
  facet normal 1 0 0
    outer loop
      vertex 37.4667 61 25.6
      vertex 37.4667 60.915 22.3713
      vertex 37.4667 61 22.375
    endloop
  endfacet
  facet normal 1 -0 0
    outer loop
      vertex 37.4667 60.6339 25.584
      vertex 37.4667 60.915 22.3713
      vertex 37.4667 61 25.6
    endloop
  endfacet
  facet normal 1 0 0
    outer loop
      vertex 37.4667 60.915 22.3713
      vertex 37.4667 60.6339 25.584
      vertex 37.4667 60.8307 22.3602
    endloop
  endfacet
  facet normal 1 -0 0
    outer loop
      vertex 37.4667 60.2707 25.5362
      vertex 37.4667 60.8307 22.3602
      vertex 37.4667 60.6339 25.584
    endloop
  endfacet
  facet normal 1 0 0
    outer loop
      vertex 37.4667 60.8307 22.3602
      vertex 37.4667 60.2707 25.5362
      vertex 37.4667 60.7477 22.3418
    endloop
  endfacet
  facet normal 1 -0 0
    outer loop
      vertex 37.4667 59.913 25.4569
      vertex 37.4667 60.7477 22.3418
      vertex 37.4667 60.2707 25.5362
    endloop
  endfacet
  facet normal 1 0 0
    outer loop
      vertex 37.4667 60.7477 22.3418
      vertex 37.4667 59.913 25.4569
      vertex 37.4667 60.6665 22.3162
    endloop
  endfacet
  facet normal 1 -0 0
    outer loop
      vertex 37.4667 59.5635 25.3467
      vertex 37.4667 60.6665 22.3162
      vertex 37.4667 59.913 25.4569
    endloop
  endfacet
  facet normal 1 0 0
    outer loop
      vertex 37.4667 60.6665 22.3162
      vertex 37.4667 59.5635 25.3467
      vertex 37.4667 60.5879 22.2836
    endloop
  endfacet
  facet normal 1 -0 0
    outer loop
      vertex 37.4667 59.225 25.2065
      vertex 37.4667 60.5879 22.2836
      vertex 37.4667 59.5635 25.3467
    endloop
  endfacet
  facet normal 1 0 0
    outer loop
      vertex 37.4667 60.5879 22.2836
      vertex 37.4667 59.225 25.2065
      vertex 37.4667 60.5125 22.2444
    endloop
  endfacet
  facet normal 1 -0 0
    outer loop
      vertex 37.4667 58.9 25.0373
      vertex 37.4667 60.5125 22.2444
      vertex 37.4667 59.225 25.2065
    endloop
  endfacet
  facet normal 1 0 0
    outer loop
      vertex 37.4667 60.5125 22.2444
      vertex 37.4667 58.9 25.0373
      vertex 37.4667 60.4408 22.1987
    endloop
  endfacet
  facet normal 1 -0 0
    outer loop
      vertex 37.4667 58.591 24.8404
      vertex 37.4667 60.4408 22.1987
      vertex 37.4667 58.9 25.0373
    endloop
  endfacet
  facet normal 1 0 0
    outer loop
      vertex 37.4667 60.4408 22.1987
      vertex 37.4667 58.591 24.8404
      vertex 37.4667 60.3733 22.1469
    endloop
  endfacet
  facet normal 1 -0 0
    outer loop
      vertex 37.4667 58.3003 24.6174
      vertex 37.4667 60.3733 22.1469
      vertex 37.4667 58.591 24.8404
    endloop
  endfacet
  facet normal 1 0 0
    outer loop
      vertex 37.4667 60.3733 22.1469
      vertex 37.4667 58.3003 24.6174
      vertex 37.4667 60.3106 22.0894
    endloop
  endfacet
  facet normal 1 -0 0
    outer loop
      vertex 37.4667 58.0302 24.3698
      vertex 37.4667 60.3106 22.0894
      vertex 37.4667 58.3003 24.6174
    endloop
  endfacet
  facet normal 1 0 0
    outer loop
      vertex 37.4667 60.3106 22.0894
      vertex 37.4667 58.0302 24.3698
      vertex 37.4667 60.2531 22.0267
    endloop
  endfacet
  facet normal 1 0 0
    outer loop
      vertex 37.4667 60.2531 22.0267
      vertex 37.4667 57.7826 24.0997
      vertex 37.4667 60.2013 21.9592
    endloop
  endfacet
  facet normal 1 -0 0
    outer loop
      vertex 37.4667 57.7826 24.0997
      vertex 37.4667 60.2531 22.0267
      vertex 37.4667 58.0302 24.3698
    endloop
  endfacet
  facet normal 1 -0 0
    outer loop
      vertex 37.4667 61.7469 20.7733
      vertex 37.4667 64.2174 18.7003
      vertex 37.4667 61.7987 20.8408
    endloop
  endfacet
  facet normal 1 0 0
    outer loop
      vertex 37.4667 64.2174 18.7003
      vertex 37.4667 61.7469 20.7733
      vertex 37.4667 63.9698 18.4302
    endloop
  endfacet
  facet normal 1 -0 0
    outer loop
      vertex 37.4667 61.6894 20.7106
      vertex 37.4667 63.9698 18.4302
      vertex 37.4667 61.7469 20.7733
    endloop
  endfacet
  facet normal 1 0 0
    outer loop
      vertex 37.4667 63.9698 18.4302
      vertex 37.4667 61.6894 20.7106
      vertex 37.4667 63.6997 18.1826
    endloop
  endfacet
  facet normal 1 -0 0
    outer loop
      vertex 37.4667 61.6267 20.6531
      vertex 37.4667 63.6997 18.1826
      vertex 37.4667 61.6894 20.7106
    endloop
  endfacet
  facet normal 1 0 0
    outer loop
      vertex 37.4667 63.6997 18.1826
      vertex 37.4667 61.6267 20.6531
      vertex 37.4667 63.409 17.9596
    endloop
  endfacet
  facet normal 1 -0 0
    outer loop
      vertex 37.4667 61.5592 20.6013
      vertex 37.4667 63.409 17.9596
      vertex 37.4667 61.6267 20.6531
    endloop
  endfacet
  facet normal 1 0 0
    outer loop
      vertex 37.4667 63.409 17.9596
      vertex 37.4667 61.5592 20.6013
      vertex 37.4667 63.1 17.7627
    endloop
  endfacet
  facet normal 1 -0 0
    outer loop
      vertex 37.4667 61.4875 20.5556
      vertex 37.4667 63.1 17.7627
      vertex 37.4667 61.5592 20.6013
    endloop
  endfacet
  facet normal 1 0 0
    outer loop
      vertex 37.4667 63.1 17.7627
      vertex 37.4667 61.4875 20.5556
      vertex 37.4667 62.775 17.5935
    endloop
  endfacet
  facet normal 1 -0 0
    outer loop
      vertex 37.4667 61.4121 20.5163
      vertex 37.4667 62.775 17.5935
      vertex 37.4667 61.4875 20.5556
    endloop
  endfacet
  facet normal 1 0 0
    outer loop
      vertex 37.4667 62.775 17.5935
      vertex 37.4667 61.4121 20.5163
      vertex 37.4667 62.4365 17.4533
    endloop
  endfacet
  facet normal 1 -0 0
    outer loop
      vertex 37.4667 61.3335 20.4838
      vertex 37.4667 62.4365 17.4533
      vertex 37.4667 61.4121 20.5163
    endloop
  endfacet
  facet normal 1 0 0
    outer loop
      vertex 37.4667 62.4365 17.4533
      vertex 37.4667 61.3335 20.4838
      vertex 37.4667 62.087 17.3431
    endloop
  endfacet
  facet normal 1 -0 0
    outer loop
      vertex 37.4667 61.2523 20.4582
      vertex 37.4667 62.087 17.3431
      vertex 37.4667 61.3335 20.4838
    endloop
  endfacet
  facet normal 1 0 0
    outer loop
      vertex 37.4667 62.087 17.3431
      vertex 37.4667 61.2523 20.4582
      vertex 37.4667 61.7293 17.2638
    endloop
  endfacet
  facet normal 1 -0 0
    outer loop
      vertex 37.4667 61.1693 20.4398
      vertex 37.4667 61.7293 17.2638
      vertex 37.4667 61.2523 20.4582
    endloop
  endfacet
  facet normal 1 0 0
    outer loop
      vertex 37.4667 61.7293 17.2638
      vertex 37.4667 61.1693 20.4398
      vertex 37.4667 61.3661 17.216
    endloop
  endfacet
  facet normal 1 -0 0
    outer loop
      vertex 37.4667 61.085 20.4287
      vertex 37.4667 61.3661 17.216
      vertex 37.4667 61.1693 20.4398
    endloop
  endfacet
  facet normal 1 0 0
    outer loop
      vertex 37.4667 61.085 20.4287
      vertex 37.4667 61.01 17.2004
      vertex 37.4667 61.3661 17.216
    endloop
  endfacet
  facet normal 1 -0 0
    outer loop
      vertex 37.4667 61 20.425
      vertex 37.4667 61.01 17.2004
      vertex 37.4667 61.085 20.4287
    endloop
  endfacet
  facet normal 1 0 0
    outer loop
      vertex 37.4667 60.915 20.4287
      vertex 37.4667 61.01 17.2004
      vertex 37.4667 61 20.425
    endloop
  endfacet
  facet normal 1 0 0
    outer loop
      vertex 37.4667 60.8307 20.4398
      vertex 37.4667 61.01 17.2004
      vertex 37.4667 60.915 20.4287
    endloop
  endfacet
  facet normal 1 0 0
    outer loop
      vertex 37.4667 60.7477 20.4582
      vertex 37.4667 61.01 17.2004
      vertex 37.4667 60.8307 20.4398
    endloop
  endfacet
  facet normal 1 0 0
    outer loop
      vertex 37.4667 60.6665 20.4838
      vertex 37.4667 61.01 17.2004
      vertex 37.4667 60.7477 20.4582
    endloop
  endfacet
  facet normal 1 0 0
    outer loop
      vertex 37.4667 60.5879 20.5163
      vertex 37.4667 61.01 17.2004
      vertex 37.4667 60.6665 20.4838
    endloop
  endfacet
  facet normal 1 0 0
    outer loop
      vertex 37.4667 60.5125 20.5556
      vertex 37.4667 61.01 17.2004
      vertex 37.4667 60.5879 20.5163
    endloop
  endfacet
  facet normal 1 0 0
    outer loop
      vertex 37.4667 60.4408 20.6013
      vertex 37.4667 61.01 17.2004
      vertex 37.4667 60.5125 20.5556
    endloop
  endfacet
  facet normal 1 0 0
    outer loop
      vertex 37.4667 60.3733 20.6531
      vertex 37.4667 61.01 17.2004
      vertex 37.4667 60.4408 20.6013
    endloop
  endfacet
  facet normal 1 0 0
    outer loop
      vertex 37.4667 60.3106 20.7106
      vertex 37.4667 61.01 17.2004
      vertex 37.4667 60.3733 20.6531
    endloop
  endfacet
  facet normal 1 0 0
    outer loop
      vertex 37.4667 56.8 21.4
      vertex 37.4667 60.3106 20.7106
      vertex 37.4667 60.2531 20.7733
    endloop
  endfacet
  facet normal 1 0 0
    outer loop
      vertex 37.4667 56.8 21.4
      vertex 37.4667 60.2531 20.7733
      vertex 37.4667 60.2013 20.8408
    endloop
  endfacet
  facet normal 1 0 0
    outer loop
      vertex 37.4667 56.8 21.4
      vertex 37.4667 60.2013 20.8408
      vertex 37.4667 60.1556 20.9125
    endloop
  endfacet
  facet normal 1 0 0
    outer loop
      vertex 37.4667 56.8 21.4
      vertex 37.4667 60.1556 20.9125
      vertex 37.4667 60.1163 20.9879
    endloop
  endfacet
  facet normal 1 0 0
    outer loop
      vertex 37.4667 60.0582 21.1477
      vertex 37.4667 56.8 21.4
      vertex 37.4667 60.0838 21.0665
    endloop
  endfacet
  facet normal 1 0 0
    outer loop
      vertex 37.4667 60.0398 21.2307
      vertex 37.4667 56.8 21.4
      vertex 37.4667 60.0582 21.1477
    endloop
  endfacet
  facet normal 1 0 0
    outer loop
      vertex 37.4667 60.0287 21.315
      vertex 37.4667 56.8 21.4
      vertex 37.4667 60.0398 21.2307
    endloop
  endfacet
  facet normal 1 0 0
    outer loop
      vertex 37.4667 60.025 21.4
      vertex 37.4667 56.8 21.4
      vertex 37.4667 60.0287 21.315
    endloop
  endfacet
  facet normal 1 0 0
    outer loop
      vertex 37.4667 60.0287 21.485
      vertex 37.4667 56.8 21.4
      vertex 37.4667 60.025 21.4
    endloop
  endfacet
  facet normal 1 0 0
    outer loop
      vertex 37.4667 60.2013 21.9592
      vertex 37.4667 57.7826 24.0997
      vertex 37.4667 60.1556 21.8875
    endloop
  endfacet
  facet normal 1 0 0
    outer loop
      vertex 37.4667 60.1556 21.8875
      vertex 37.4667 57.7826 24.0997
      vertex 37.4667 60.1163 21.8121
    endloop
  endfacet
  facet normal 1 0 0
    outer loop
      vertex 37.4667 60.1163 21.8121
      vertex 37.4667 57.7826 24.0997
      vertex 37.4667 60.0838 21.7335
    endloop
  endfacet
  facet normal 1 0 0
    outer loop
      vertex 37.4667 56.8 21.4
      vertex 37.4667 60.0838 21.7335
      vertex 37.4667 57.7826 24.0997
    endloop
  endfacet
  facet normal 1 0 0
    outer loop
      vertex 37.4667 60.0838 21.7335
      vertex 37.4667 56.8 21.4
      vertex 37.4667 60.0582 21.6523
    endloop
  endfacet
  facet normal 1 0 0
    outer loop
      vertex 37.4667 60.0582 21.6523
      vertex 37.4667 56.8 21.4
      vertex 37.4667 60.0398 21.5693
    endloop
  endfacet
  facet normal 1 0 0
    outer loop
      vertex 37.4667 60.0398 21.5693
      vertex 37.4667 56.8 21.4
      vertex 37.4667 60.0287 21.485
    endloop
  endfacet
  facet normal 1 0 0
    outer loop
      vertex 37.4667 60.0838 21.0665
      vertex 37.4667 56.8 21.4
      vertex 37.4667 60.1163 20.9879
    endloop
  endfacet
  facet normal 1 0 0
    outer loop
      vertex 37.4667 61.01 17.2004
      vertex 37.4667 58 0.0999994
      vertex 37.4667 61.01 0
    endloop
  endfacet
  facet normal 1 0 0
    outer loop
      vertex 37.4667 61.01 0
      vertex 37.4667 58 0.0999994
      vertex 37.4667 58 0
    endloop
  endfacet
  facet normal -0 0 1
    outer loop
      vertex 24.5333 56.8 21.4
      vertex 37.4667 54.6 21.4
      vertex 37.4667 56.8 21.4
    endloop
  endfacet
  facet normal 0 0 1
    outer loop
      vertex 37.4667 54.6 21.4
      vertex 24.5333 56.8 21.4
      vertex 24.5333 54.6 21.4
    endloop
  endfacet
  facet normal 0 1 -0
    outer loop
      vertex 37.4667 61.01 0
      vertex 24.5333 61.01 17.2004
      vertex 37.4667 61.01 17.2004
    endloop
  endfacet
  facet normal 0 1 0
    outer loop
      vertex 24.5333 61.01 17.2004
      vertex 37.4667 61.01 0
      vertex 24.5333 61.01 0
    endloop
  endfacet
  facet normal 0 -1 0
    outer loop
      vertex 24.5333 54.6 15
      vertex 37.4667 54.6 21.4
      vertex 24.5333 54.6 21.4
    endloop
  endfacet
  facet normal 0 -1 -0
    outer loop
      vertex 37.4667 54.6 21.4
      vertex 24.5333 54.6 15
      vertex 37.4667 54.6 15
    endloop
  endfacet
  facet normal 0.991448 0.130502 2.82341e-05
    outer loop
      vertex 2.10401 8.146 10.2564
      vertex 2.06664 8.42991 10.2407
      vertex 2.07139 8.39382 10.2564
    endloop
  endfacet
  facet normal 0.991448 0.130501 1.63135e-06
    outer loop
      vertex 2.14635 7.82446 0
      vertex 2.06664 8.42991 10.2407
      vertex 2.10401 8.146 10.2564
    endloop
  endfacet
  facet normal 0.991441 0.130552 -0
    outer loop
      vertex 2.14635 7.82446 0
      vertex 2.10401 8.146 10.2564
      vertex 2.14635 7.82446 10.2564
    endloop
  endfacet
  facet normal 0.991445 0.130528 0
    outer loop
      vertex 2.06664 8.42991 10.2407
      vertex 2.14635 7.82446 0
      vertex 2.06664 8.42991 0
    endloop
  endfacet
  facet normal 0.923852 -0.382751 0
    outer loop
      vertex 2.60834 51.7071 10.2932
      vertex 2.69584 51.9183 0
      vertex 2.69584 51.9183 10.2931
    endloop
  endfacet
  facet normal 0.923912 -0.382604 -0.000719776
    outer loop
      vertex 2.46215 51.3541 10.2828
      vertex 2.60834 51.7071 10.2932
      vertex 2.47131 51.3762 10.2932
    endloop
  endfacet
  facet normal 0.923905 -0.382622 3.09315e-06
    outer loop
      vertex 2.60834 51.7071 10.2932
      vertex 2.46215 51.3541 10.2828
      vertex 2.69584 51.9183 0
    endloop
  endfacet
  facet normal 0.923885 -0.38267 0
    outer loop
      vertex 2.69584 51.9183 0
      vertex 2.46215 51.3541 10.2828
      vertex 2.46215 51.3541 0
    endloop
  endfacet
  facet normal 0.887024 -0.461724 0
    outer loop
      vertex 2.81911 52.1551 10.3015
      vertex 2.97782 52.46 0
      vertex 2.97782 52.46 10.3015
    endloop
  endfacet
  facet normal 0.887005 -0.46176 0.000425076
    outer loop
      vertex 2.69584 51.9183 10.2931
      vertex 2.81911 52.1551 10.3015
      vertex 2.70479 51.9355 10.3015
    endloop
  endfacet
  facet normal 0.887011 -0.461748 -9.06279e-07
    outer loop
      vertex 2.81911 52.1551 10.3015
      vertex 2.69584 51.9183 10.2931
      vertex 2.97782 52.46 0
    endloop
  endfacet
  facet normal 0.887018 -0.461734 0
    outer loop
      vertex 2.97782 52.46 0
      vertex 2.69584 51.9183 10.2931
      vertex 2.69584 51.9183 0
    endloop
  endfacet
  facet normal 0.999048 0.0436224 -0.000395253
    outer loop
      vertex 2.05729 8.6441 10.2407
      vertex 2.04 9.04 10.232
      vertex 2.04175 9 10.2407
    endloop
  endfacet
  facet normal 0.999048 0.0436311 0
    outer loop
      vertex 2.04 9.04 10.232
      vertex 2.05729 8.6441 10.2407
      vertex 2.04 9.04 0
    endloop
  endfacet
  facet normal 0.999049 0.0436113 -0
    outer loop
      vertex 2.06664 8.42991 0
      vertex 2.05729 8.6441 10.2407
      vertex 2.06664 8.42991 10.2407
    endloop
  endfacet
  facet normal 0.999048 0.0436241 -2.68657e-07
    outer loop
      vertex 2.05729 8.6441 10.2407
      vertex 2.06664 8.42991 0
      vertex 2.04 9.04 0
    endloop
  endfacet
  facet normal -0.923965 0.382477 0
    outer loop
      vertex 59.3917 6.29292 10.2932
      vertex 59.5378 6.64586 10.2828
      vertex 59.5378 6.64586 0
    endloop
  endfacet
  facet normal -0.923902 0.382597 0.00497231
    outer loop
      vertex 59.5378 6.64586 10.2828
      vertex 59.3917 6.29292 10.2932
      vertex 59.5287 6.62375 10.2932
    endloop
  endfacet
  facet normal -0.923935 0.38255 2.96321e-06
    outer loop
      vertex 59.3042 6.08167 0
      vertex 59.3917 6.29292 10.2932
      vertex 59.5378 6.64586 0
    endloop
  endfacet
  facet normal -0.923884 0.382674 0
    outer loop
      vertex 59.3917 6.29292 10.2932
      vertex 59.3042 6.08167 0
      vertex 59.3042 6.08167 10.2931
    endloop
  endfacet
  facet normal -0.976286 0.216483 0
    outer loop
      vertex 59.7215 7.22827 0
      vertex 59.8537 7.82446 10.2564
      vertex 59.8537 7.82446 0
    endloop
  endfacet
  facet normal -0.976318 0.216273 -0.00539039
    outer loop
      vertex 59.8537 7.82446 10.2564
      vertex 59.7927 7.54944 10.2705
      vertex 59.8466 7.79276 10.2705
    endloop
  endfacet
  facet normal -0.976274 0.216539 -3.43217e-06
    outer loop
      vertex 59.8537 7.82446 10.2564
      vertex 59.7215 7.22827 0
      vertex 59.7927 7.54944 10.2705
    endloop
  endfacet
  facet normal -0.976297 0.216435 0
    outer loop
      vertex 59.7927 7.54944 10.2705
      vertex 59.7215 7.22827 0
      vertex 59.7215 7.22827 10.2705
    endloop
  endfacet
  facet normal -0.843471 -0.537175 0
    outer loop
      vertex 58.6941 52.975 0
      vertex 58.8216 52.7748 10.3079
      vertex 58.6941 52.975 10.3079
    endloop
  endfacet
  facet normal -0.84333 -0.537395 -6.00633e-06
    outer loop
      vertex 59.0222 52.46 10.3015
      vertex 58.8216 52.7748 10.3079
      vertex 58.6941 52.975 0
    endloop
  endfacet
  facet normal -0.843385 -0.53731 -0
    outer loop
      vertex 59.0222 52.46 10.3015
      vertex 58.6941 52.975 0
      vertex 59.0222 52.46 0
    endloop
  endfacet
  facet normal -0.843328 -0.537399 0.000226589
    outer loop
      vertex 58.8216 52.7748 10.3079
      vertex 59.0222 52.46 10.3015
      vertex 59.0143 52.4724 10.3079
    endloop
  endfacet
  facet normal -0.537355 0.843356 0
    outer loop
      vertex 56.975 3.30593 0
      vertex 56.7748 3.17837 10.3079
      vertex 56.975 3.30593 10.3079
    endloop
  endfacet
  facet normal -0.537337 0.843363 0.0027
    outer loop
      vertex 56.7748 3.17837 10.3079
      vertex 56.46 2.97782 10.3015
      vertex 56.4724 2.9857 10.3079
    endloop
  endfacet
  facet normal -0.5373 0.843391 1.50117e-06
    outer loop
      vertex 56.7748 3.17837 10.3079
      vertex 56.975 3.30593 0
      vertex 56.46 2.97782 10.3015
    endloop
  endfacet
  facet normal -0.537322 0.843377 0
    outer loop
      vertex 56.46 2.97782 10.3015
      vertex 56.975 3.30593 0
      vertex 56.46 2.97782 0
    endloop
  endfacet
  facet normal 0.991439 -0.130568 0
    outer loop
      vertex 2.10401 49.854 10.2564
      vertex 2.14635 50.1755 0
      vertex 2.14635 50.1755 10.2564
    endloop
  endfacet
  facet normal 0.991447 -0.130512 0.000135575
    outer loop
      vertex 2.06664 49.5701 10.2407
      vertex 2.10401 49.854 10.2564
      vertex 2.07139 49.6062 10.2564
    endloop
  endfacet
  facet normal 0.991448 -0.130505 1.99558e-06
    outer loop
      vertex 2.10401 49.854 10.2564
      vertex 2.06664 49.5701 10.2407
      vertex 2.14635 50.1755 0
    endloop
  endfacet
  facet normal 0.991443 -0.130538 0
    outer loop
      vertex 2.14635 50.1755 0
      vertex 2.06664 49.5701 10.2407
      vertex 2.06664 49.5701 0
    endloop
  endfacet
  facet normal 0.976281 -0.216509 0
    outer loop
      vertex 2.20731 50.4506 10.2705
      vertex 2.27852 50.7717 0
      vertex 2.27852 50.7717 10.2705
    endloop
  endfacet
  facet normal 0.976313 -0.216361 0.000349909
    outer loop
      vertex 2.14635 50.1755 10.2564
      vertex 2.20731 50.4506 10.2705
      vertex 2.15337 50.2072 10.2705
    endloop
  endfacet
  facet normal 0.976317 -0.216344 5.3871e-06
    outer loop
      vertex 2.20731 50.4506 10.2705
      vertex 2.14635 50.1755 10.2564
      vertex 2.27852 50.7717 0
    endloop
  endfacet
  facet normal 0.976298 -0.216433 0
    outer loop
      vertex 2.27852 50.7717 0
      vertex 2.14635 50.1755 10.2564
      vertex 2.14635 50.1755 0
    endloop
  endfacet
  facet normal -0.976287 -0.21648 0
    outer loop
      vertex 59.7215 50.7717 0
      vertex 59.7927 50.4506 10.2705
      vertex 59.7215 50.7717 10.2705
    endloop
  endfacet
  facet normal -0.976287 -0.21648 6.8997e-09
    outer loop
      vertex 59.8537 50.1755 10.2564
      vertex 59.7927 50.4506 10.2705
      vertex 59.7215 50.7717 0
    endloop
  endfacet
  facet normal -0.976287 -0.21648 -0
    outer loop
      vertex 59.8537 50.1755 10.2564
      vertex 59.7215 50.7717 0
      vertex 59.8537 50.1755 0
    endloop
  endfacet
  facet normal -0.976332 -0.216205 -0.00555028
    outer loop
      vertex 59.7927 50.4506 10.2705
      vertex 59.8537 50.1755 10.2564
      vertex 59.8466 50.2072 10.2705
    endloop
  endfacet
  facet normal -0.382751 0.923852 0
    outer loop
      vertex 55.9183 2.69584 0
      vertex 55.7071 2.60834 10.2932
      vertex 55.9183 2.69584 10.2931
    endloop
  endfacet
  facet normal -0.382604 0.923912 -0.000719776
    outer loop
      vertex 55.7071 2.60834 10.2932
      vertex 55.3541 2.46215 10.2828
      vertex 55.3762 2.47131 10.2932
    endloop
  endfacet
  facet normal -0.382622 0.923905 3.09315e-06
    outer loop
      vertex 55.7071 2.60834 10.2932
      vertex 55.9183 2.69584 0
      vertex 55.3541 2.46215 10.2828
    endloop
  endfacet
  facet normal -0.38267 0.923885 0
    outer loop
      vertex 55.3541 2.46215 10.2828
      vertex 55.9183 2.69584 0
      vertex 55.3541 2.46215 0
    endloop
  endfacet
  facet normal 0.382674 -0.923884 0
    outer loop
      vertex 6.08167 55.3042 0
      vertex 6.29292 55.3917 10.2932
      vertex 6.08167 55.3042 10.2931
    endloop
  endfacet
  facet normal 0.382597 -0.923902 0.00497231
    outer loop
      vertex 6.29292 55.3917 10.2932
      vertex 6.64586 55.5378 10.2828
      vertex 6.62375 55.5287 10.2932
    endloop
  endfacet
  facet normal 0.382477 -0.923965 4.73411e-06
    outer loop
      vertex 6.29292 55.3917 10.2932
      vertex 6.08167 55.3042 0
      vertex 6.64586 55.5378 10.2828
    endloop
  endfacet
  facet normal 0.38255 -0.923935 0
    outer loop
      vertex 6.64586 55.5378 10.2828
      vertex 6.08167 55.3042 0
      vertex 6.64586 55.5378 0
    endloop
  endfacet
  facet normal -0.608764 0.793352 0
    outer loop
      vertex 57.4595 3.67769 0
      vertex 57.1788 3.4623 10.3122
      vertex 57.4595 3.67769 10.3122
    endloop
  endfacet
  facet normal -0.60872 0.793384 -0.00101291
    outer loop
      vertex 57.1788 3.4623 10.3122
      vertex 56.975 3.30593 10.3079
      vertex 56.9828 3.31192 10.3122
    endloop
  endfacet
  facet normal -0.608734 0.793374 1.29146e-06
    outer loop
      vertex 57.1788 3.4623 10.3122
      vertex 57.4595 3.67769 0
      vertex 56.975 3.30593 10.3079
    endloop
  endfacet
  facet normal -0.608751 0.793361 0
    outer loop
      vertex 56.975 3.30593 10.3079
      vertex 57.4595 3.67769 0
      vertex 56.975 3.30593 0
    endloop
  endfacet
  facet normal 0.999049 -0.0436093 0
    outer loop
      vertex 2.05729 49.3559 10.2407
      vertex 2.06664 49.5701 0
      vertex 2.06664 49.5701 10.2407
    endloop
  endfacet
  facet normal 0.999048 -0.0436224 -0.000395253
    outer loop
      vertex 2.04 48.96 10.232
      vertex 2.05729 49.3559 10.2407
      vertex 2.04175 49 10.2407
    endloop
  endfacet
  facet normal 0.999048 -0.043631 -4.56401e-07
    outer loop
      vertex 2.05729 49.3559 10.2407
      vertex 2.04 48.96 10.232
      vertex 2.06664 49.5701 0
    endloop
  endfacet
  facet normal 0.999048 -0.0436234 0
    outer loop
      vertex 2.06664 49.5701 0
      vertex 2.04 48.96 10.232
      vertex 2.04 48.96 0
    endloop
  endfacet
  facet normal 1 -0 0
    outer loop
      vertex 2.04 9.04 10.232
      vertex 2.04 48.96 0
      vertex 2.04 48.96 10.232
    endloop
  endfacet
  facet normal 1 0 0
    outer loop
      vertex 2.04 48.96 0
      vertex 2.04 9.04 10.232
      vertex 2.04 9.04 0
    endloop
  endfacet
  facet normal 0.537099 -0.843519 0
    outer loop
      vertex 5.02496 54.6941 0
      vertex 5.2252 54.8216 10.3079
      vertex 5.02496 54.6941 10.3079
    endloop
  endfacet
  facet normal 0.537345 -0.843356 -0.00326952
    outer loop
      vertex 5.2252 54.8216 10.3079
      vertex 5.54 55.0222 10.3015
      vertex 5.52764 55.0143 10.3079
    endloop
  endfacet
  facet normal 0.537395 -0.84333 -8.09088e-06
    outer loop
      vertex 5.2252 54.8216 10.3079
      vertex 5.02496 54.6941 0
      vertex 5.54 55.0222 10.3015
    endloop
  endfacet
  facet normal 0.53728 -0.843404 0
    outer loop
      vertex 5.54 55.0222 10.3015
      vertex 5.02496 54.6941 0
      vertex 5.54 55.0222 0
    endloop
  endfacet
  facet normal -0.999059 -0.0433765 0
    outer loop
      vertex 59.9334 49.5701 0
      vertex 59.9427 49.3559 10.2407
      vertex 59.9334 49.5701 10.2407
    endloop
  endfacet
  facet normal -0.999047 -0.0436561 -5.85957e-06
    outer loop
      vertex 59.96 48.96 10.232
      vertex 59.9427 49.3559 10.2407
      vertex 59.9334 49.5701 0
    endloop
  endfacet
  facet normal -0.999051 -0.043558 -0
    outer loop
      vertex 59.96 48.96 10.232
      vertex 59.9334 49.5701 0
      vertex 59.96 48.96 0
    endloop
  endfacet
  facet normal -0.999022 -0.0437897 0.00612062
    outer loop
      vertex 59.9427 49.3559 10.2407
      vertex 59.96 48.96 10.232
      vertex 59.9583 49 10.2407
    endloop
  endfacet
  facet normal -0.537399 -0.843328 0.000226589
    outer loop
      vertex 56.46 55.0222 10.3015
      vertex 56.7748 54.8216 10.3079
      vertex 56.4724 55.0143 10.3079
    endloop
  endfacet
  facet normal -0.537395 -0.84333 -6.00633e-06
    outer loop
      vertex 56.975 54.6941 0
      vertex 56.7748 54.8216 10.3079
      vertex 56.46 55.0222 10.3015
    endloop
  endfacet
  facet normal -0.53731 -0.843385 0
    outer loop
      vertex 56.975 54.6941 0
      vertex 56.46 55.0222 10.3015
      vertex 56.46 55.0222 0
    endloop
  endfacet
  facet normal -0.537175 -0.843471 0
    outer loop
      vertex 56.7748 54.8216 10.3079
      vertex 56.975 54.6941 0
      vertex 56.975 54.6941 10.3079
    endloop
  endfacet
  facet normal 0.737201 -0.675673 0
    outer loop
      vertex 3.92344 53.7277 10.3143
      vertex 4.09025 53.9097 0
      vertex 4.09025 53.9097 10.3143
    endloop
  endfacet
  facet normal 0.737038 -0.675511 0.021455
    outer loop
      vertex 3.67769 53.4595 10.3122
      vertex 3.92344 53.7277 10.3143
      vertex 3.68102 53.4632 10.3143
    endloop
  endfacet
  facet normal 0.737291 -0.675575 3.18242e-06
    outer loop
      vertex 3.92344 53.7277 10.3143
      vertex 3.67769 53.4595 10.3122
      vertex 4.09025 53.9097 0
    endloop
  endfacet
  facet normal 0.737255 -0.675615 0
    outer loop
      vertex 4.09025 53.9097 0
      vertex 3.67769 53.4595 10.3122
      vertex 3.67769 53.4595 0
    endloop
  endfacet
  facet normal -0.991455 -0.130447 0
    outer loop
      vertex 59.8537 50.1755 0
      vertex 59.896 49.854 10.2564
      vertex 59.8537 50.1755 10.2564
    endloop
  endfacet
  facet normal -0.991434 -0.130608 -5.14269e-06
    outer loop
      vertex 59.9334 49.5701 10.2407
      vertex 59.896 49.854 10.2564
      vertex 59.8537 50.1755 0
    endloop
  endfacet
  facet normal -0.991445 -0.130522 -0
    outer loop
      vertex 59.9334 49.5701 10.2407
      vertex 59.8537 50.1755 0
      vertex 59.9334 49.5701 0
    endloop
  endfacet
  facet normal -0.991452 -0.130433 -0.00320591
    outer loop
      vertex 59.896 49.854 10.2564
      vertex 59.9334 49.5701 10.2407
      vertex 59.9286 49.6062 10.2564
    endloop
  endfacet
  facet normal -0.300734 0.953708 0
    outer loop
      vertex 55.3541 2.46215 0
      vertex 55.0358 2.36178 10.2828
      vertex 55.3541 2.46215 10.2828
    endloop
  endfacet
  facet normal -0.300679 0.953725 0.000172999
    outer loop
      vertex 55.0358 2.36178 10.2828
      vertex 54.7717 2.27852 10.2705
      vertex 54.7987 2.28703 10.2828
    endloop
  endfacet
  facet normal -0.300672 0.953728 2.12481e-06
    outer loop
      vertex 55.0358 2.36178 10.2828
      vertex 55.3541 2.46215 0
      vertex 54.7717 2.27852 10.2705
    endloop
  endfacet
  facet normal -0.300706 0.953717 0
    outer loop
      vertex 54.7717 2.27852 10.2705
      vertex 55.3541 2.46215 0
      vertex 54.7717 2.27852 0
    endloop
  endfacet
  facet normal -0.300862 -0.953667 0.00138979
    outer loop
      vertex 54.7717 55.7215 10.2705
      vertex 55.0358 55.6382 10.2828
      vertex 54.7987 55.713 10.2828
    endloop
  endfacet
  facet normal -0.300803 -0.953686 4.38339e-07
    outer loop
      vertex 55.3541 55.5378 0
      vertex 55.0358 55.6382 10.2828
      vertex 54.7717 55.7215 10.2705
    endloop
  endfacet
  facet normal -0.30081 -0.953684 0
    outer loop
      vertex 55.3541 55.5378 0
      vertex 54.7717 55.7215 10.2705
      vertex 54.7717 55.7215 0
    endloop
  endfacet
  facet normal -0.300816 -0.953682 0
    outer loop
      vertex 55.0358 55.6382 10.2828
      vertex 55.3541 55.5378 0
      vertex 55.3541 55.5378 10.2828
    endloop
  endfacet
  facet normal -1 0 0
    outer loop
      vertex 59.96 9.04 0
      vertex 59.96 48.96 10.232
      vertex 59.96 48.96 0
    endloop
  endfacet
  facet normal -1 -0 0
    outer loop
      vertex 59.96 48.96 10.232
      vertex 59.96 9.04 0
      vertex 59.96 9.04 10.232
    endloop
  endfacet
  facet normal 0 -1 0
    outer loop
      vertex 9.04 55.96 0
      vertex 24.5333 55.96 10.232
      vertex 9.04 55.96 10.232
    endloop
  endfacet
  facet normal 0 -1 -0
    outer loop
      vertex 24.5333 55.96 10.232
      vertex 9.04 55.96 0
      vertex 37.4667 55.96 10.232
    endloop
  endfacet
  facet normal 0 -1 0
    outer loop
      vertex 52.96 55.96 0
      vertex 37.4667 55.96 10.232
      vertex 9.04 55.96 0
    endloop
  endfacet
  facet normal 0 -1 0
    outer loop
      vertex 37.4667 55.96 10.232
      vertex 52.96 55.96 0
      vertex 52.96 55.96 10.232
    endloop
  endfacet
  facet normal 0 -1 0
    outer loop
      vertex 24.5333 55.96 10.232
      vertex 37.4667 55.96 12.39
      vertex 24.5333 55.96 12.39
    endloop
  endfacet
  facet normal 0 -1 -0
    outer loop
      vertex 37.4667 55.96 12.39
      vertex 24.5333 55.96 10.232
      vertex 37.4667 55.96 10.232
    endloop
  endfacet
  facet normal 0.300782 -0.953693 0
    outer loop
      vertex 6.64586 55.5378 0
      vertex 6.9642 55.6382 10.2828
      vertex 6.64586 55.5378 10.2828
    endloop
  endfacet
  facet normal 0.300896 -0.953656 0.00147335
    outer loop
      vertex 6.9642 55.6382 10.2828
      vertex 7.22827 55.7215 10.2705
      vertex 7.20127 55.713 10.2828
    endloop
  endfacet
  facet normal 0.300834 -0.953677 -1.7865e-06
    outer loop
      vertex 6.9642 55.6382 10.2828
      vertex 6.64586 55.5378 0
      vertex 7.22827 55.7215 10.2705
    endloop
  endfacet
  facet normal 0.300805 -0.953686 0
    outer loop
      vertex 7.22827 55.7215 10.2705
      vertex 6.64586 55.5378 0
      vertex 7.22827 55.7215 0
    endloop
  endfacet
  facet normal -0.0437897 -0.999022 0.00612062
    outer loop
      vertex 52.96 55.96 10.232
      vertex 53.3559 55.9427 10.2407
      vertex 53 55.9583 10.2407
    endloop
  endfacet
  facet normal -0.0436561 -0.999047 -5.85957e-06
    outer loop
      vertex 53.5701 55.9334 0
      vertex 53.3559 55.9427 10.2407
      vertex 52.96 55.96 10.232
    endloop
  endfacet
  facet normal -0.043558 -0.999051 0
    outer loop
      vertex 53.5701 55.9334 0
      vertex 52.96 55.96 10.232
      vertex 52.96 55.96 0
    endloop
  endfacet
  facet normal -0.0433765 -0.999059 0
    outer loop
      vertex 53.3559 55.9427 10.2407
      vertex 53.5701 55.9334 0
      vertex 53.5701 55.9334 10.2407
    endloop
  endfacet
  facet normal 0.216434 -0.976295 -0.00214425
    outer loop
      vertex 7.82446 55.8537 10.2564
      vertex 7.54944 55.7927 10.2705
      vertex 7.22827 55.7215 10.2705
    endloop
  endfacet
  facet normal 0.216273 -0.976318 -0.00539039
    outer loop
      vertex 7.54944 55.7927 10.2705
      vertex 7.82446 55.8537 10.2564
      vertex 7.79276 55.8466 10.2705
    endloop
  endfacet
  facet normal 0.216483 -0.976286 0
    outer loop
      vertex 7.22827 55.7215 0
      vertex 7.82446 55.8537 10.2564
      vertex 7.22827 55.7215 10.2705
    endloop
  endfacet
  facet normal 0.216483 -0.976286 0
    outer loop
      vertex 7.82446 55.8537 10.2564
      vertex 7.22827 55.7215 0
      vertex 7.82446 55.8537 0
    endloop
  endfacet
  facet normal 0.953708 -0.300734 0
    outer loop
      vertex 2.36178 51.0358 10.2828
      vertex 2.46215 51.3541 0
      vertex 2.46215 51.3541 10.2828
    endloop
  endfacet
  facet normal 0.953725 -0.300679 0.000172999
    outer loop
      vertex 2.27852 50.7717 10.2705
      vertex 2.36178 51.0358 10.2828
      vertex 2.28703 50.7987 10.2828
    endloop
  endfacet
  facet normal 0.953728 -0.300672 2.12481e-06
    outer loop
      vertex 2.36178 51.0358 10.2828
      vertex 2.27852 50.7717 10.2705
      vertex 2.46215 51.3541 0
    endloop
  endfacet
  facet normal 0.953717 -0.300706 0
    outer loop
      vertex 2.46215 51.3541 0
      vertex 2.27852 50.7717 10.2705
      vertex 2.27852 50.7717 0
    endloop
  endfacet
  facet normal 0.608782 -0.793338 0
    outer loop
      vertex 4.54049 54.3223 0
      vertex 4.82119 54.5377 10.3122
      vertex 4.54049 54.3223 10.3122
    endloop
  endfacet
  facet normal 0.608828 -0.793298 -0.0025418
    outer loop
      vertex 4.82119 54.5377 10.3122
      vertex 5.02496 54.6941 10.3079
      vertex 5.01716 54.6881 10.3122
    endloop
  endfacet
  facet normal 0.608864 -0.793275 -3.55489e-06
    outer loop
      vertex 4.82119 54.5377 10.3122
      vertex 4.54049 54.3223 0
      vertex 5.02496 54.6941 10.3079
    endloop
  endfacet
  facet normal 0.608816 -0.793311 0
    outer loop
      vertex 5.02496 54.6941 10.3079
      vertex 4.54049 54.3223 0
      vertex 5.02496 54.6941 0
    endloop
  endfacet
  facet normal 0.675791 -0.737094 0
    outer loop
      vertex 4.09025 53.9097 0
      vertex 4.27229 54.0766 10.3143
      vertex 4.09025 53.9097 10.3143
    endloop
  endfacet
  facet normal 0.675502 -0.737255 0.0123253
    outer loop
      vertex 4.27229 54.0766 10.3143
      vertex 4.54049 54.3223 10.3122
      vertex 4.53685 54.319 10.3143
    endloop
  endfacet
  facet normal 0.675501 -0.737359 9.42182e-06
    outer loop
      vertex 4.27229 54.0766 10.3143
      vertex 4.09025 53.9097 0
      vertex 4.54049 54.3223 10.3122
    endloop
  endfacet
  facet normal 0.675618 -0.737252 0
    outer loop
      vertex 4.54049 54.3223 10.3122
      vertex 4.09025 53.9097 0
      vertex 4.54049 54.3223 0
    endloop
  endfacet
  facet normal 0.13043 -0.991452 -0.00318224
    outer loop
      vertex 8.42991 55.9334 10.2407
      vertex 8.146 55.896 10.2564
      vertex 7.82446 55.8537 10.2564
    endloop
  endfacet
  facet normal 0.130423 -0.991453 -0.00331319
    outer loop
      vertex 8.146 55.896 10.2564
      vertex 8.42991 55.9334 10.2407
      vertex 8.39382 55.9286 10.2564
    endloop
  endfacet
  facet normal 0.130512 -0.991447 0
    outer loop
      vertex 7.82446 55.8537 0
      vertex 8.42991 55.9334 10.2407
      vertex 7.82446 55.8537 10.2564
    endloop
  endfacet
  facet normal 0.130512 -0.991447 0
    outer loop
      vertex 8.42991 55.9334 10.2407
      vertex 7.82446 55.8537 0
      vertex 8.42991 55.9334 0
    endloop
  endfacet
  facet normal -0.608769 -0.793343 -0.002711
    outer loop
      vertex 56.975 54.6941 10.3079
      vertex 57.1788 54.5377 10.3122
      vertex 56.9828 54.6881 10.3122
    endloop
  endfacet
  facet normal -0.608807 -0.793318 0
    outer loop
      vertex 56.975 54.6941 0
      vertex 57.1788 54.5377 10.3122
      vertex 56.975 54.6941 10.3079
    endloop
  endfacet
  facet normal -0.608792 -0.79333 -4.70003e-07
    outer loop
      vertex 57.4595 54.3223 0
      vertex 57.1788 54.5377 10.3122
      vertex 56.975 54.6941 0
    endloop
  endfacet
  facet normal -0.608782 -0.793338 0
    outer loop
      vertex 57.1788 54.5377 10.3122
      vertex 57.4595 54.3223 0
      vertex 57.4595 54.3223 10.3122
    endloop
  endfacet
  facet normal -0.923852 -0.382751 0
    outer loop
      vertex 59.3042 51.9183 0
      vertex 59.3917 51.7071 10.2932
      vertex 59.3042 51.9183 10.2931
    endloop
  endfacet
  facet normal -0.923988 -0.382421 7.92419e-06
    outer loop
      vertex 59.5378 51.3541 10.2828
      vertex 59.3917 51.7071 10.2932
      vertex 59.3042 51.9183 0
    endloop
  endfacet
  facet normal -0.923937 -0.382545 -0
    outer loop
      vertex 59.5378 51.3541 10.2828
      vertex 59.3042 51.9183 0
      vertex 59.5378 51.3541 0
    endloop
  endfacet
  facet normal -0.923933 -0.382529 0.00443259
    outer loop
      vertex 59.3917 51.7071 10.2932
      vertex 59.5378 51.3541 10.2828
      vertex 59.5287 51.3762 10.2932
    endloop
  endfacet
  facet normal -0.886957 0.461852 0
    outer loop
      vertex 59.1809 5.84488 10.3015
      vertex 59.3042 6.08167 10.2931
      vertex 59.3042 6.08167 0
    endloop
  endfacet
  facet normal -0.88703 0.461671 -0.00616253
    outer loop
      vertex 59.3042 6.08167 10.2931
      vertex 59.1809 5.84488 10.3015
      vertex 59.2952 6.06449 10.3015
    endloop
  endfacet
  facet normal -0.886994 0.46178 -2.08729e-06
    outer loop
      vertex 59.0222 5.54 0
      vertex 59.1809 5.84488 10.3015
      vertex 59.3042 6.08167 0
    endloop
  endfacet
  facet normal -0.887023 0.461725 0
    outer loop
      vertex 59.1809 5.84488 10.3015
      vertex 59.0222 5.54 0
      vertex 59.0222 5.54 10.3015
    endloop
  endfacet
  facet normal 0.0436224 0.999048 -0.000395253
    outer loop
      vertex 9.04 2.04 10.232
      vertex 8.6441 2.05729 10.2407
      vertex 9 2.04175 10.2407
    endloop
  endfacet
  facet normal 0.043631 0.999048 -4.13815e-07
    outer loop
      vertex 8.42991 2.06664 0
      vertex 8.6441 2.05729 10.2407
      vertex 9.04 2.04 10.232
    endloop
  endfacet
  facet normal 0.0436241 0.999048 0
    outer loop
      vertex 8.42991 2.06664 0
      vertex 9.04 2.04 10.232
      vertex 9.04 2.04 0
    endloop
  endfacet
  facet normal 0.0436113 0.999049 0
    outer loop
      vertex 8.6441 2.05729 10.2407
      vertex 8.42991 2.06664 0
      vertex 8.42991 2.06664 10.2407
    endloop
  endfacet
  facet normal 0 1 -0
    outer loop
      vertex 52.96 2.04 0
      vertex 9.04 2.04 10.232
      vertex 52.96 2.04 10.232
    endloop
  endfacet
  facet normal 0 1 0
    outer loop
      vertex 9.04 2.04 10.232
      vertex 52.96 2.04 0
      vertex 9.04 2.04 0
    endloop
  endfacet
  facet normal -0.216507 0.976275 0.00336709
    outer loop
      vertex 54.1755 2.14635 10.2564
      vertex 54.4506 2.20731 10.2705
      vertex 54.7717 2.27852 10.2705
    endloop
  endfacet
  facet normal -0.216361 0.976313 0.000349909
    outer loop
      vertex 54.4506 2.20731 10.2705
      vertex 54.1755 2.14635 10.2564
      vertex 54.2072 2.15337 10.2705
    endloop
  endfacet
  facet normal -0.216433 0.976298 0
    outer loop
      vertex 54.7717 2.27852 0
      vertex 54.1755 2.14635 10.2564
      vertex 54.7717 2.27852 10.2705
    endloop
  endfacet
  facet normal -0.216433 0.976298 0
    outer loop
      vertex 54.1755 2.14635 10.2564
      vertex 54.7717 2.27852 0
      vertex 54.1755 2.14635 0
    endloop
  endfacet
  facet normal 0.0433785 -0.999059 0
    outer loop
      vertex 8.42991 55.9334 0
      vertex 8.6441 55.9427 10.2407
      vertex 8.42991 55.9334 10.2407
    endloop
  endfacet
  facet normal 0.0437897 -0.999022 0.00612062
    outer loop
      vertex 8.6441 55.9427 10.2407
      vertex 9.04 55.96 10.232
      vertex 9 55.9583 10.2407
    endloop
  endfacet
  facet normal 0.0436561 -0.999047 -5.81696e-06
    outer loop
      vertex 8.6441 55.9427 10.2407
      vertex 8.42991 55.9334 0
      vertex 9.04 55.96 10.232
    endloop
  endfacet
  facet normal 0.0435587 -0.999051 0
    outer loop
      vertex 9.04 55.96 10.232
      vertex 8.42991 55.9334 0
      vertex 9.04 55.96 0
    endloop
  endfacet
  facet normal -0.130568 0.991439 0.00115318
    outer loop
      vertex 53.5701 2.06664 10.2407
      vertex 53.854 2.10401 10.2564
      vertex 54.1755 2.14635 10.2564
    endloop
  endfacet
  facet normal -0.130512 0.991447 0.000135575
    outer loop
      vertex 53.854 2.10401 10.2564
      vertex 53.5701 2.06664 10.2407
      vertex 53.6062 2.07139 10.2564
    endloop
  endfacet
  facet normal -0.130538 0.991443 0
    outer loop
      vertex 54.1755 2.14635 0
      vertex 53.5701 2.06664 10.2407
      vertex 54.1755 2.14635 10.2564
    endloop
  endfacet
  facet normal -0.130538 0.991443 0
    outer loop
      vertex 53.5701 2.06664 10.2407
      vertex 54.1755 2.14635 0
      vertex 53.5701 2.06664 0
    endloop
  endfacet
  facet normal 0.843356 -0.537355 0
    outer loop
      vertex 3.17837 52.7748 10.3079
      vertex 3.30593 52.975 0
      vertex 3.30593 52.975 10.3079
    endloop
  endfacet
  facet normal 0.843363 -0.537337 0.0027
    outer loop
      vertex 2.97782 52.46 10.3015
      vertex 3.17837 52.7748 10.3079
      vertex 2.9857 52.4724 10.3079
    endloop
  endfacet
  facet normal 0.843391 -0.5373 1.50117e-06
    outer loop
      vertex 3.17837 52.7748 10.3079
      vertex 2.97782 52.46 10.3015
      vertex 3.30593 52.975 0
    endloop
  endfacet
  facet normal 0.843377 -0.537322 0
    outer loop
      vertex 3.30593 52.975 0
      vertex 2.97782 52.46 10.3015
      vertex 2.97782 52.46 0
    endloop
  endfacet
  facet normal -0.999047 0.0436562 0
    outer loop
      vertex 59.9427 8.6441 10.2407
      vertex 59.96 9.04 10.232
      vertex 59.96 9.04 0
    endloop
  endfacet
  facet normal -0.999022 0.0437897 0.00612062
    outer loop
      vertex 59.96 9.04 10.232
      vertex 59.9427 8.6441 10.2407
      vertex 59.9583 9 10.2407
    endloop
  endfacet
  facet normal -0.999051 0.0435587 -3.77649e-06
    outer loop
      vertex 59.9334 8.42991 0
      vertex 59.9427 8.6441 10.2407
      vertex 59.96 9.04 0
    endloop
  endfacet
  facet normal -0.999059 0.0433785 0
    outer loop
      vertex 59.9427 8.6441 10.2407
      vertex 59.9334 8.42991 0
      vertex 59.9334 8.42991 10.2407
    endloop
  endfacet
  facet normal 0.130502 0.991448 2.82341e-05
    outer loop
      vertex 8.42991 2.06664 10.2407
      vertex 8.146 2.10401 10.2564
      vertex 8.39382 2.07139 10.2564
    endloop
  endfacet
  facet normal 0.130552 0.991441 0.000942621
    outer loop
      vertex 8.146 2.10401 10.2564
      vertex 8.42991 2.06664 10.2407
      vertex 7.82446 2.14635 10.2564
    endloop
  endfacet
  facet normal 0.130528 0.991445 0
    outer loop
      vertex 7.82446 2.14635 0
      vertex 8.42991 2.06664 10.2407
      vertex 8.42991 2.06664 0
    endloop
  endfacet
  facet normal 0.130528 0.991445 0
    outer loop
      vertex 8.42991 2.06664 10.2407
      vertex 7.82446 2.14635 0
      vertex 7.82446 2.14635 10.2564
    endloop
  endfacet
  facet normal -0.0436093 0.999049 0
    outer loop
      vertex 53.5701 2.06664 0
      vertex 53.3559 2.05729 10.2407
      vertex 53.5701 2.06664 10.2407
    endloop
  endfacet
  facet normal -0.0436224 0.999048 -0.000395253
    outer loop
      vertex 53.3559 2.05729 10.2407
      vertex 52.96 2.04 10.232
      vertex 53 2.04175 10.2407
    endloop
  endfacet
  facet normal -0.043631 0.999048 -4.56401e-07
    outer loop
      vertex 53.3559 2.05729 10.2407
      vertex 53.5701 2.06664 0
      vertex 52.96 2.04 10.232
    endloop
  endfacet
  facet normal -0.0436234 0.999048 0
    outer loop
      vertex 52.96 2.04 10.232
      vertex 53.5701 2.06664 0
      vertex 52.96 2.04 0
    endloop
  endfacet
  facet normal 0.461725 -0.887023 0
    outer loop
      vertex 5.54 55.0222 0
      vertex 5.84488 55.1809 10.3015
      vertex 5.54 55.0222 10.3015
    endloop
  endfacet
  facet normal 0.461671 -0.88703 -0.00616253
    outer loop
      vertex 5.84488 55.1809 10.3015
      vertex 6.08167 55.3042 10.2931
      vertex 6.06449 55.2952 10.3015
    endloop
  endfacet
  facet normal 0.461851 -0.886957 -4.76959e-06
    outer loop
      vertex 5.84488 55.1809 10.3015
      vertex 5.54 55.0222 0
      vertex 6.08167 55.3042 10.2931
    endloop
  endfacet
  facet normal 0.46178 -0.886994 0
    outer loop
      vertex 6.08167 55.3042 10.2931
      vertex 5.54 55.0222 0
      vertex 6.08167 55.3042 0
    endloop
  endfacet
  facet normal -0.887036 -0.461701 0
    outer loop
      vertex 59.0222 52.46 0
      vertex 59.1809 52.1551 10.3015
      vertex 59.0222 52.46 10.3015
    endloop
  endfacet
  facet normal -0.886965 -0.461836 -5.0887e-06
    outer loop
      vertex 59.3042 51.9183 10.2931
      vertex 59.1809 52.1551 10.3015
      vertex 59.0222 52.46 0
    endloop
  endfacet
  facet normal -0.887005 -0.46176 -0
    outer loop
      vertex 59.3042 51.9183 10.2931
      vertex 59.0222 52.46 0
      vertex 59.3042 51.9183 0
    endloop
  endfacet
  facet normal -0.887027 -0.46169 -0.00502025
    outer loop
      vertex 59.1809 52.1551 10.3015
      vertex 59.3042 51.9183 10.2931
      vertex 59.2952 51.9355 10.3015
    endloop
  endfacet
  facet normal 0.300714 0.953714 0.000256519
    outer loop
      vertex 7.22827 2.27852 10.2705
      vertex 6.9642 2.36178 10.2828
      vertex 7.20127 2.28703 10.2828
    endloop
  endfacet
  facet normal 0.300703 0.953718 -9.90791e-08
    outer loop
      vertex 6.64586 2.46215 0
      vertex 6.9642 2.36178 10.2828
      vertex 7.22827 2.27852 10.2705
    endloop
  endfacet
  facet normal 0.300701 0.953718 0
    outer loop
      vertex 6.64586 2.46215 0
      vertex 7.22827 2.27852 10.2705
      vertex 7.22827 2.27852 0
    endloop
  endfacet
  facet normal 0.3007 0.953719 0
    outer loop
      vertex 6.9642 2.36178 10.2828
      vertex 6.64586 2.46215 0
      vertex 6.64586 2.46215 10.2828
    endloop
  endfacet
  facet normal 0.382673 0.923884 -0.000179775
    outer loop
      vertex 6.64586 2.46215 10.2828
      vertex 6.29292 2.60834 10.2932
      vertex 6.62375 2.47131 10.2932
    endloop
  endfacet
  facet normal 0.382678 0.923882 -9.8486e-08
    outer loop
      vertex 6.08167 2.69584 0
      vertex 6.29292 2.60834 10.2932
      vertex 6.64586 2.46215 10.2828
    endloop
  endfacet
  facet normal 0.382676 0.923883 0
    outer loop
      vertex 6.08167 2.69584 0
      vertex 6.64586 2.46215 10.2828
      vertex 6.64586 2.46215 0
    endloop
  endfacet
  facet normal 0.382674 0.923884 0
    outer loop
      vertex 6.29292 2.60834 10.2932
      vertex 6.08167 2.69584 0
      vertex 6.08167 2.69584 10.2931
    endloop
  endfacet
  facet normal -0.953682 -0.300816 0
    outer loop
      vertex 59.5378 51.3541 0
      vertex 59.6382 51.0358 10.2828
      vertex 59.5378 51.3541 10.2828
    endloop
  endfacet
  facet normal -0.953686 -0.300803 4.38339e-07
    outer loop
      vertex 59.7215 50.7717 10.2705
      vertex 59.6382 51.0358 10.2828
      vertex 59.5378 51.3541 0
    endloop
  endfacet
  facet normal -0.953684 -0.30081 -0
    outer loop
      vertex 59.7215 50.7717 10.2705
      vertex 59.5378 51.3541 0
      vertex 59.7215 50.7717 0
    endloop
  endfacet
  facet normal -0.953667 -0.300862 0.00138979
    outer loop
      vertex 59.6382 51.0358 10.2828
      vertex 59.7215 50.7717 10.2705
      vertex 59.713 50.7987 10.2828
    endloop
  endfacet
  facet normal 0.79334 0.608779 -0.000843829
    outer loop
      vertex 3.4623 4.82119 10.3122
      vertex 3.30593 5.02496 10.3079
      vertex 3.31192 5.01716 10.3122
    endloop
  endfacet
  facet normal 0.793331 0.60879 0
    outer loop
      vertex 3.30593 5.02496 10.3079
      vertex 3.4623 4.82119 10.3122
      vertex 3.30593 5.02496 0
    endloop
  endfacet
  facet normal 0.793352 0.608764 -0
    outer loop
      vertex 3.67769 4.54049 0
      vertex 3.4623 4.82119 10.3122
      vertex 3.67769 4.54049 10.3122
    endloop
  endfacet
  facet normal 0.793343 0.608775 -4.82537e-07
    outer loop
      vertex 3.4623 4.82119 10.3122
      vertex 3.67769 4.54049 0
      vertex 3.30593 5.02496 0
    endloop
  endfacet
  facet normal -0.46169 -0.887027 -0.00502025
    outer loop
      vertex 55.9183 55.3042 10.2931
      vertex 56.1551 55.1809 10.3015
      vertex 55.9355 55.2952 10.3015
    endloop
  endfacet
  facet normal -0.461836 -0.886965 -5.0887e-06
    outer loop
      vertex 56.46 55.0222 0
      vertex 56.1551 55.1809 10.3015
      vertex 55.9183 55.3042 10.2931
    endloop
  endfacet
  facet normal -0.46176 -0.887005 0
    outer loop
      vertex 56.46 55.0222 0
      vertex 55.9183 55.3042 10.2931
      vertex 55.9183 55.3042 0
    endloop
  endfacet
  facet normal -0.461701 -0.887036 0
    outer loop
      vertex 56.1551 55.1809 10.3015
      vertex 56.46 55.0222 0
      vertex 56.46 55.0222 10.3015
    endloop
  endfacet
  facet normal 0.953714 0.300714 0.000256519
    outer loop
      vertex 2.36178 6.9642 10.2828
      vertex 2.27852 7.22827 10.2705
      vertex 2.28703 7.20127 10.2828
    endloop
  endfacet
  facet normal 0.953718 0.300703 -9.90791e-08
    outer loop
      vertex 2.46215 6.64586 0
      vertex 2.27852 7.22827 10.2705
      vertex 2.36178 6.9642 10.2828
    endloop
  endfacet
  facet normal 0.953719 0.3007 -0
    outer loop
      vertex 2.46215 6.64586 0
      vertex 2.36178 6.9642 10.2828
      vertex 2.46215 6.64586 10.2828
    endloop
  endfacet
  facet normal 0.953718 0.300701 0
    outer loop
      vertex 2.27852 7.22827 10.2705
      vertex 2.46215 6.64586 0
      vertex 2.27852 7.22827 0
    endloop
  endfacet
  facet normal -0.675293 -0.73686 0.0318782
    outer loop
      vertex 57.4595 54.3223 10.3122
      vertex 57.7277 54.0766 10.3143
      vertex 57.4632 54.319 10.3143
    endloop
  endfacet
  facet normal -0.675501 -0.73736 0
    outer loop
      vertex 57.4595 54.3223 0
      vertex 57.7277 54.0766 10.3143
      vertex 57.4595 54.3223 10.3122
    endloop
  endfacet
  facet normal -0.67565 -0.737222 7.17298e-06
    outer loop
      vertex 57.9097 53.9097 0
      vertex 57.7277 54.0766 10.3143
      vertex 57.4595 54.3223 0
    endloop
  endfacet
  facet normal -0.675871 -0.73702 0
    outer loop
      vertex 57.7277 54.0766 10.3143
      vertex 57.9097 53.9097 0
      vertex 57.9097 53.9097 10.3143
    endloop
  endfacet
  facet normal 0.923884 0.382673 -0.000179775
    outer loop
      vertex 2.60834 6.29292 10.2932
      vertex 2.46215 6.64586 10.2828
      vertex 2.47131 6.62375 10.2932
    endloop
  endfacet
  facet normal 0.923882 0.382678 0
    outer loop
      vertex 2.46215 6.64586 10.2828
      vertex 2.60834 6.29292 10.2932
      vertex 2.46215 6.64586 0
    endloop
  endfacet
  facet normal 0.923884 0.382674 -0
    outer loop
      vertex 2.69584 6.08167 0
      vertex 2.60834 6.29292 10.2932
      vertex 2.69584 6.08167 10.2931
    endloop
  endfacet
  facet normal 0.923883 0.382676 -6.16471e-08
    outer loop
      vertex 2.60834 6.29292 10.2932
      vertex 2.69584 6.08167 0
      vertex 2.46215 6.64586 0
    endloop
  endfacet
  facet normal 0.461743 0.887013 -0.000717362
    outer loop
      vertex 6.08167 2.69584 10.2931
      vertex 5.84488 2.81911 10.3015
      vertex 6.06449 2.70479 10.3015
    endloop
  endfacet
  facet normal 0.461763 0.887003 -5.87266e-07
    outer loop
      vertex 5.54 2.97782 0
      vertex 5.84488 2.81911 10.3015
      vertex 6.08167 2.69584 10.2931
    endloop
  endfacet
  facet normal 0.461754 0.887008 0
    outer loop
      vertex 5.54 2.97782 0
      vertex 6.08167 2.69584 10.2931
      vertex 6.08167 2.69584 0
    endloop
  endfacet
  facet normal 0.461748 0.887011 0
    outer loop
      vertex 5.84488 2.81911 10.3015
      vertex 5.54 2.97782 0
      vertex 5.54 2.97782 10.3015
    endloop
  endfacet
  facet normal -0.382529 -0.923933 0.00443259
    outer loop
      vertex 55.3541 55.5378 10.2828
      vertex 55.7071 55.3917 10.2932
      vertex 55.3762 55.5287 10.2932
    endloop
  endfacet
  facet normal -0.382421 -0.923988 7.92419e-06
    outer loop
      vertex 55.9183 55.3042 0
      vertex 55.7071 55.3917 10.2932
      vertex 55.3541 55.5378 10.2828
    endloop
  endfacet
  facet normal -0.382545 -0.923937 0
    outer loop
      vertex 55.9183 55.3042 0
      vertex 55.3541 55.5378 10.2828
      vertex 55.3541 55.5378 0
    endloop
  endfacet
  facet normal -0.382751 -0.923852 0
    outer loop
      vertex 55.7071 55.3917 10.2932
      vertex 55.9183 55.3042 0
      vertex 55.9183 55.3042 10.2931
    endloop
  endfacet
  facet normal -0.84333 0.537395 0
    outer loop
      vertex 58.8216 5.2252 10.3079
      vertex 59.0222 5.54 10.3015
      vertex 59.0222 5.54 0
    endloop
  endfacet
  facet normal -0.843356 0.537345 -0.00326952
    outer loop
      vertex 59.0222 5.54 10.3015
      vertex 58.8216 5.2252 10.3079
      vertex 59.0143 5.52764 10.3079
    endloop
  endfacet
  facet normal -0.843404 0.53728 -4.94765e-06
    outer loop
      vertex 58.6941 5.02496 0
      vertex 58.8216 5.2252 10.3079
      vertex 59.0222 5.54 0
    endloop
  endfacet
  facet normal -0.843519 0.537099 0
    outer loop
      vertex 58.8216 5.2252 10.3079
      vertex 58.6941 5.02496 0
      vertex 58.6941 5.02496 10.3079
    endloop
  endfacet
  facet normal 0.793352 -0.608764 0
    outer loop
      vertex 3.4623 53.1788 10.3122
      vertex 3.67769 53.4595 0
      vertex 3.67769 53.4595 10.3122
    endloop
  endfacet
  facet normal 0.793384 -0.60872 -0.00101291
    outer loop
      vertex 3.30593 52.975 10.3079
      vertex 3.4623 53.1788 10.3122
      vertex 3.31192 52.9828 10.3122
    endloop
  endfacet
  facet normal 0.793374 -0.608734 1.29146e-06
    outer loop
      vertex 3.4623 53.1788 10.3122
      vertex 3.30593 52.975 10.3079
      vertex 3.67769 53.4595 0
    endloop
  endfacet
  facet normal 0.793361 -0.608751 0
    outer loop
      vertex 3.67769 53.4595 0
      vertex 3.30593 52.975 10.3079
      vertex 3.30593 52.975 0
    endloop
  endfacet
  facet normal 0.608779 0.79334 -0.000843829
    outer loop
      vertex 5.02496 3.30593 10.3079
      vertex 4.82119 3.4623 10.3122
      vertex 5.01716 3.31192 10.3122
    endloop
  endfacet
  facet normal 0.60879 0.793331 -0
    outer loop
      vertex 5.02496 3.30593 0
      vertex 4.82119 3.4623 10.3122
      vertex 5.02496 3.30593 10.3079
    endloop
  endfacet
  facet normal 0.608775 0.793343 -4.82537e-07
    outer loop
      vertex 4.54049 3.67769 0
      vertex 4.82119 3.4623 10.3122
      vertex 5.02496 3.30593 0
    endloop
  endfacet
  facet normal 0.608764 0.793352 0
    outer loop
      vertex 4.82119 3.4623 10.3122
      vertex 4.54049 3.67769 0
      vertex 4.54049 3.67769 10.3122
    endloop
  endfacet
  facet normal -0.675673 0.737201 0
    outer loop
      vertex 57.9097 4.09025 0
      vertex 57.7277 3.92344 10.3143
      vertex 57.9097 4.09025 10.3143
    endloop
  endfacet
  facet normal -0.675511 0.737038 0.021455
    outer loop
      vertex 57.7277 3.92344 10.3143
      vertex 57.4595 3.67769 10.3122
      vertex 57.4632 3.68102 10.3143
    endloop
  endfacet
  facet normal -0.675575 0.737291 3.18242e-06
    outer loop
      vertex 57.7277 3.92344 10.3143
      vertex 57.9097 4.09025 0
      vertex 57.4595 3.67769 10.3122
    endloop
  endfacet
  facet normal -0.675615 0.737255 0
    outer loop
      vertex 57.4595 3.67769 10.3122
      vertex 57.9097 4.09025 0
      vertex 57.4595 3.67769 0
    endloop
  endfacet
  facet normal -0.461724 0.887024 0
    outer loop
      vertex 56.46 2.97782 0
      vertex 56.1551 2.81911 10.3015
      vertex 56.46 2.97782 10.3015
    endloop
  endfacet
  facet normal -0.46176 0.887005 0.000425076
    outer loop
      vertex 56.1551 2.81911 10.3015
      vertex 55.9183 2.69584 10.2931
      vertex 55.9355 2.70479 10.3015
    endloop
  endfacet
  facet normal -0.461748 0.887011 -9.06279e-07
    outer loop
      vertex 56.1551 2.81911 10.3015
      vertex 56.46 2.97782 0
      vertex 55.9183 2.69584 10.2931
    endloop
  endfacet
  facet normal -0.461734 0.887018 0
    outer loop
      vertex 55.9183 2.69584 10.2931
      vertex 56.46 2.97782 0
      vertex 55.9183 2.69584 0
    endloop
  endfacet
  facet normal -0.793338 -0.608782 0
    outer loop
      vertex 58.3223 53.4595 0
      vertex 58.5377 53.1788 10.3122
      vertex 58.3223 53.4595 10.3122
    endloop
  endfacet
  facet normal -0.793318 -0.608807 -1.11669e-06
    outer loop
      vertex 58.6941 52.975 10.3079
      vertex 58.5377 53.1788 10.3122
      vertex 58.3223 53.4595 0
    endloop
  endfacet
  facet normal -0.79333 -0.608792 -0
    outer loop
      vertex 58.6941 52.975 10.3079
      vertex 58.3223 53.4595 0
      vertex 58.6941 52.975 0
    endloop
  endfacet
  facet normal -0.793343 -0.608769 -0.002711
    outer loop
      vertex 58.5377 53.1788 10.3122
      vertex 58.6941 52.975 10.3079
      vertex 58.6881 52.9828 10.3122
    endloop
  endfacet
  facet normal 0.887013 0.461743 -0.000717362
    outer loop
      vertex 2.81911 5.84488 10.3015
      vertex 2.69584 6.08167 10.2931
      vertex 2.70479 6.06449 10.3015
    endloop
  endfacet
  facet normal 0.887003 0.461763 0
    outer loop
      vertex 2.69584 6.08167 10.2931
      vertex 2.81911 5.84488 10.3015
      vertex 2.69584 6.08167 0
    endloop
  endfacet
  facet normal 0.887011 0.461748 -0
    outer loop
      vertex 2.97782 5.54 0
      vertex 2.81911 5.84488 10.3015
      vertex 2.97782 5.54 10.3015
    endloop
  endfacet
  facet normal 0.887008 0.461754 -2.56993e-07
    outer loop
      vertex 2.81911 5.84488 10.3015
      vertex 2.97782 5.54 0
      vertex 2.69584 6.08167 0
    endloop
  endfacet
  facet normal 0.216429 0.976298 0.000509831
    outer loop
      vertex 7.82446 2.14635 10.2564
      vertex 7.54944 2.20731 10.2705
      vertex 7.79276 2.15337 10.2705
    endloop
  endfacet
  facet normal 0.216464 0.97629 0.00121829
    outer loop
      vertex 7.54944 2.20731 10.2705
      vertex 7.82446 2.14635 10.2564
      vertex 7.22827 2.27852 10.2705
    endloop
  endfacet
  facet normal 0.216436 0.976297 0
    outer loop
      vertex 7.22827 2.27852 0
      vertex 7.82446 2.14635 10.2564
      vertex 7.82446 2.14635 0
    endloop
  endfacet
  facet normal 0.216436 0.976297 0
    outer loop
      vertex 7.82446 2.14635 10.2564
      vertex 7.22827 2.27852 0
      vertex 7.22827 2.27852 10.2705
    endloop
  endfacet
  facet normal -0.953686 0.300805 0
    outer loop
      vertex 59.5378 6.64586 0
      vertex 59.7215 7.22827 10.2705
      vertex 59.7215 7.22827 0
    endloop
  endfacet
  facet normal -0.953656 0.300896 0.00147335
    outer loop
      vertex 59.7215 7.22827 10.2705
      vertex 59.6382 6.9642 10.2828
      vertex 59.713 7.20127 10.2828
    endloop
  endfacet
  facet normal -0.953677 0.300834 -1.7865e-06
    outer loop
      vertex 59.7215 7.22827 10.2705
      vertex 59.5378 6.64586 0
      vertex 59.6382 6.9642 10.2828
    endloop
  endfacet
  facet normal -0.953693 0.300782 0
    outer loop
      vertex 59.6382 6.9642 10.2828
      vertex 59.5378 6.64586 0
      vertex 59.5378 6.64586 10.2828
    endloop
  endfacet
  facet normal -0.73702 -0.675871 0
    outer loop
      vertex 57.9097 53.9097 0
      vertex 58.0766 53.7277 10.3143
      vertex 57.9097 53.9097 10.3143
    endloop
  endfacet
  facet normal -0.737359 -0.675501 1.20411e-05
    outer loop
      vertex 58.3223 53.4595 10.3122
      vertex 58.0766 53.7277 10.3143
      vertex 57.9097 53.9097 0
    endloop
  endfacet
  facet normal -0.737222 -0.67565 -0
    outer loop
      vertex 58.3223 53.4595 10.3122
      vertex 57.9097 53.9097 0
      vertex 58.3223 53.4595 0
    endloop
  endfacet
  facet normal -0.73686 -0.675293 0.0318782
    outer loop
      vertex 58.0766 53.7277 10.3143
      vertex 58.3223 53.4595 10.3122
      vertex 58.319 53.4632 10.3143
    endloop
  endfacet
  facet normal -0.216205 -0.976332 -0.00555028
    outer loop
      vertex 54.1755 55.8537 10.2564
      vertex 54.4506 55.7927 10.2705
      vertex 54.2072 55.8466 10.2705
    endloop
  endfacet
  facet normal -0.21648 -0.976287 4.31269e-06
    outer loop
      vertex 54.4506 55.7927 10.2705
      vertex 54.1755 55.8537 10.2564
      vertex 54.7717 55.7215 10.2705
    endloop
  endfacet
  facet normal -0.21648 -0.976287 0
    outer loop
      vertex 54.7717 55.7215 0
      vertex 54.1755 55.8537 10.2564
      vertex 54.1755 55.8537 0
    endloop
  endfacet
  facet normal -0.21648 -0.976287 0
    outer loop
      vertex 54.1755 55.8537 10.2564
      vertex 54.7717 55.7215 0
      vertex 54.7717 55.7215 10.2705
    endloop
  endfacet
  facet normal -0.130433 -0.991452 -0.00320591
    outer loop
      vertex 53.5701 55.9334 10.2407
      vertex 53.854 55.896 10.2564
      vertex 53.6062 55.9286 10.2564
    endloop
  endfacet
  facet normal -0.130446 -0.991451 -0.00297187
    outer loop
      vertex 53.854 55.896 10.2564
      vertex 53.5701 55.9334 10.2407
      vertex 54.1755 55.8537 10.2564
    endloop
  endfacet
  facet normal -0.130522 -0.991445 0
    outer loop
      vertex 54.1755 55.8537 0
      vertex 53.5701 55.9334 10.2407
      vertex 53.5701 55.9334 0
    endloop
  endfacet
  facet normal -0.130522 -0.991445 0
    outer loop
      vertex 53.5701 55.9334 10.2407
      vertex 54.1755 55.8537 0
      vertex 54.1755 55.8537 10.2564
    endloop
  endfacet
  facet normal 0.843398 0.537288 -0.000795636
    outer loop
      vertex 3.17837 5.2252 10.3079
      vertex 2.97782 5.54 10.3015
      vertex 2.9857 5.52764 10.3079
    endloop
  endfacet
  facet normal 0.843391 0.5373 0
    outer loop
      vertex 2.97782 5.54 10.3015
      vertex 3.17837 5.2252 10.3079
      vertex 2.97782 5.54 0
    endloop
  endfacet
  facet normal 0.843405 0.537279 -0
    outer loop
      vertex 3.30593 5.02496 0
      vertex 3.17837 5.2252 10.3079
      vertex 3.30593 5.02496 10.3079
    endloop
  endfacet
  facet normal 0.843396 0.537292 -3.56487e-07
    outer loop
      vertex 3.17837 5.2252 10.3079
      vertex 3.30593 5.02496 0
      vertex 2.97782 5.54 0
    endloop
  endfacet
  facet normal -0.73736 0.675501 0
    outer loop
      vertex 58.0766 4.27229 10.3143
      vertex 58.3223 4.54049 10.3122
      vertex 58.3223 4.54049 0
    endloop
  endfacet
  facet normal -0.737255 0.675502 0.0123253
    outer loop
      vertex 58.3223 4.54049 10.3122
      vertex 58.0766 4.27229 10.3143
      vertex 58.319 4.53685 10.3143
    endloop
  endfacet
  facet normal -0.737252 0.675618 5.61237e-06
    outer loop
      vertex 57.9097 4.09025 0
      vertex 58.0766 4.27229 10.3143
      vertex 58.3223 4.54049 0
    endloop
  endfacet
  facet normal -0.737094 0.675791 0
    outer loop
      vertex 58.0766 4.27229 10.3143
      vertex 57.9097 4.09025 0
      vertex 57.9097 4.09025 10.3143
    endloop
  endfacet
  facet normal -0.991447 0.130512 0
    outer loop
      vertex 59.8537 7.82446 0
      vertex 59.9334 8.42991 10.2407
      vertex 59.9334 8.42991 0
    endloop
  endfacet
  facet normal -0.991453 0.130423 -0.00331319
    outer loop
      vertex 59.9334 8.42991 10.2407
      vertex 59.896 8.146 10.2564
      vertex 59.9286 8.39382 10.2564
    endloop
  endfacet
  facet normal -0.991435 0.130603 -5.50721e-06
    outer loop
      vertex 59.9334 8.42991 10.2407
      vertex 59.8537 7.82446 0
      vertex 59.896 8.146 10.2564
    endloop
  endfacet
  facet normal -0.991457 0.130431 0
    outer loop
      vertex 59.896 8.146 10.2564
      vertex 59.8537 7.82446 0
      vertex 59.8537 7.82446 10.2564
    endloop
  endfacet
  facet normal 0.675582 0.737282 0.00188973
    outer loop
      vertex 4.54049 3.67769 10.3122
      vertex 4.27229 3.92344 10.3143
      vertex 4.53685 3.68102 10.3143
    endloop
  endfacet
  facet normal 0.675575 0.737291 -0
    outer loop
      vertex 4.54049 3.67769 0
      vertex 4.27229 3.92344 10.3143
      vertex 4.54049 3.67769 10.3122
    endloop
  endfacet
  facet normal 0.675582 0.737285 3.35309e-07
    outer loop
      vertex 4.09025 4.09025 0
      vertex 4.27229 3.92344 10.3143
      vertex 4.54049 3.67769 0
    endloop
  endfacet
  facet normal 0.675593 0.737275 0
    outer loop
      vertex 4.27229 3.92344 10.3143
      vertex 4.09025 4.09025 0
      vertex 4.09025 4.09025 10.3143
    endloop
  endfacet
  facet normal -0.793275 0.608864 0
    outer loop
      vertex 58.5377 4.82119 10.3122
      vertex 58.6941 5.02496 10.3079
      vertex 58.6941 5.02496 0
    endloop
  endfacet
  facet normal -0.793298 0.608828 -0.0025418
    outer loop
      vertex 58.6941 5.02496 10.3079
      vertex 58.5377 4.82119 10.3122
      vertex 58.6881 5.01716 10.3122
    endloop
  endfacet
  facet normal -0.793311 0.608816 -1.49613e-06
    outer loop
      vertex 58.3223 4.54049 0
      vertex 58.5377 4.82119 10.3122
      vertex 58.6941 5.02496 0
    endloop
  endfacet
  facet normal -0.793338 0.608782 0
    outer loop
      vertex 58.5377 4.82119 10.3122
      vertex 58.3223 4.54049 0
      vertex 58.3223 4.54049 10.3122
    endloop
  endfacet
  facet normal 0.537288 0.843398 -0.000795636
    outer loop
      vertex 5.54 2.97782 10.3015
      vertex 5.2252 3.17837 10.3079
      vertex 5.52764 2.9857 10.3079
    endloop
  endfacet
  facet normal 0.5373 0.843391 -5.83009e-07
    outer loop
      vertex 5.02496 3.30593 0
      vertex 5.2252 3.17837 10.3079
      vertex 5.54 2.97782 10.3015
    endloop
  endfacet
  facet normal 0.537292 0.843396 0
    outer loop
      vertex 5.02496 3.30593 0
      vertex 5.54 2.97782 10.3015
      vertex 5.54 2.97782 0
    endloop
  endfacet
  facet normal 0.537279 0.843405 0
    outer loop
      vertex 5.2252 3.17837 10.3079
      vertex 5.02496 3.30593 0
      vertex 5.02496 3.30593 10.3079
    endloop
  endfacet
  facet normal 0 0 -1
    outer loop
      vertex 53 2.4745 12.39
      vertex 59.5255 9 12.39
      vertex 59.5067 8.56867 12.39
    endloop
  endfacet
  facet normal 0 0 -1
    outer loop
      vertex 59.5255 9 12.39
      vertex 37.4667 55.5255 12.39
      vertex 59.5255 49 12.39
    endloop
  endfacet
  facet normal 0 0 -1
    outer loop
      vertex 59.4827 8.29491 12.39
      vertex 59.5067 8.56867 12.39
      vertex 59.5007 8.43126 12.39
    endloop
  endfacet
  facet normal -0 -0 -1
    outer loop
      vertex 53 55.5255 12.39
      vertex 59.5255 49 12.39
      vertex 37.4667 55.5255 12.39
    endloop
  endfacet
  facet normal 0 0 -1
    outer loop
      vertex 59.5067 8.56867 12.39
      vertex 59.4827 8.29491 12.39
      vertex 53 2.4745 12.39
    endloop
  endfacet
  facet normal 0 0 -1
    outer loop
      vertex 59.5255 49 12.39
      vertex 53 55.5255 12.39
      vertex 59.5067 49.4313 12.39
    endloop
  endfacet
  facet normal 0 0 -1
    outer loop
      vertex 59.3966 7.73259 12.39
      vertex 59.4827 8.29491 12.39
      vertex 59.4264 7.86686 12.39
    endloop
  endfacet
  facet normal -0 -0 -1
    outer loop
      vertex 59.4827 49.7051 12.39
      vertex 59.5067 49.4313 12.39
      vertex 53 55.5255 12.39
    endloop
  endfacet
  facet normal 0 0 -1
    outer loop
      vertex 59.4827 8.29491 12.39
      vertex 59.3966 7.73259 12.39
      vertex 53 2.4745 12.39
    endloop
  endfacet
  facet normal 0 0 -1
    outer loop
      vertex 59.5067 49.4313 12.39
      vertex 59.4827 49.7051 12.39
      vertex 59.5007 49.5687 12.39
    endloop
  endfacet
  facet normal 0 0 -1
    outer loop
      vertex 59.2618 7.17991 12.39
      vertex 59.3966 7.73259 12.39
      vertex 59.3032 7.31108 12.39
    endloop
  endfacet
  facet normal -0 -0 -1
    outer loop
      vertex 59.3966 50.2674 12.39
      vertex 59.4827 49.7051 12.39
      vertex 53 55.5255 12.39
    endloop
  endfacet
  facet normal 0 0 -1
    outer loop
      vertex 59.3966 7.73259 12.39
      vertex 59.2618 7.17991 12.39
      vertex 53 2.4745 12.39
    endloop
  endfacet
  facet normal 0 0 -1
    outer loop
      vertex 59.4827 49.7051 12.39
      vertex 59.3966 50.2674 12.39
      vertex 59.4264 50.1331 12.39
    endloop
  endfacet
  facet normal 0 0 -1
    outer loop
      vertex 58.9667 6.36927 12.39
      vertex 59.2618 7.17991 12.39
      vertex 59.132 6.76815 12.39
    endloop
  endfacet
  facet normal -0 -0 -1
    outer loop
      vertex 59.2618 50.8201 12.39
      vertex 59.3966 50.2674 12.39
      vertex 53 55.5255 12.39
    endloop
  endfacet
  facet normal 0 0 -1
    outer loop
      vertex 59.2618 7.17991 12.39
      vertex 58.9667 6.36927 12.39
      vertex 53 2.4745 12.39
    endloop
  endfacet
  facet normal 0 0 -1
    outer loop
      vertex 59.3966 50.2674 12.39
      vertex 59.2618 50.8201 12.39
      vertex 59.3032 50.6889 12.39
    endloop
  endfacet
  facet normal 0 0 -1
    outer loop
      vertex 58.8506 6.12021 12.39
      vertex 58.9667 6.36927 12.39
      vertex 58.9141 6.2422 12.39
    endloop
  endfacet
  facet normal -0 -0 -1
    outer loop
      vertex 58.9667 51.6307 12.39
      vertex 59.2618 50.8201 12.39
      vertex 53 55.5255 12.39
    endloop
  endfacet
  facet normal 0 0 -1
    outer loop
      vertex 58.9667 6.36927 12.39
      vertex 58.8506 6.12021 12.39
      vertex 53 2.4745 12.39
    endloop
  endfacet
  facet normal 0 0 -1
    outer loop
      vertex 59.2618 50.8201 12.39
      vertex 58.9667 51.6307 12.39
      vertex 59.132 51.2319 12.39
    endloop
  endfacet
  facet normal 0 0 -1
    outer loop
      vertex 58.4193 5.37312 12.39
      vertex 58.8506 6.12021 12.39
      vertex 58.6513 5.73725 12.39
    endloop
  endfacet
  facet normal -0 -0 -1
    outer loop
      vertex 58.8506 51.8798 12.39
      vertex 58.9667 51.6307 12.39
      vertex 53 55.5255 12.39
    endloop
  endfacet
  facet normal 0 0 -1
    outer loop
      vertex 58.8506 6.12021 12.39
      vertex 58.4193 5.37312 12.39
      vertex 53 2.4745 12.39
    endloop
  endfacet
  facet normal 0 0 -1
    outer loop
      vertex 58.9667 51.6307 12.39
      vertex 58.8506 51.8798 12.39
      vertex 58.9141 51.7578 12.39
    endloop
  endfacet
  facet normal 0 0 -1
    outer loop
      vertex 58.2617 5.14801 12.39
      vertex 58.4193 5.37312 12.39
      vertex 58.3454 5.25712 12.39
    endloop
  endfacet
  facet normal -0 -0 -1
    outer loop
      vertex 58.4193 52.6269 12.39
      vertex 58.8506 51.8798 12.39
      vertex 53 55.5255 12.39
    endloop
  endfacet
  facet normal 0 0 -1
    outer loop
      vertex 58.4193 5.37312 12.39
      vertex 58.2617 5.14801 12.39
      vertex 53 2.4745 12.39
    endloop
  endfacet
  facet normal 0 0 -1
    outer loop
      vertex 58.8506 51.8798 12.39
      vertex 58.4193 52.6269 12.39
      vertex 58.6513 52.2628 12.39
    endloop
  endfacet
  facet normal 0 0 -1
    outer loop
      vertex 57.7071 4.48717 12.39
      vertex 58.2617 5.14801 12.39
      vertex 57.9988 4.80549 12.39
    endloop
  endfacet
  facet normal -0 -0 -1
    outer loop
      vertex 58.2617 52.852 12.39
      vertex 58.4193 52.6269 12.39
      vertex 53 55.5255 12.39
    endloop
  endfacet
  facet normal 0 0 -1
    outer loop
      vertex 58.2617 5.14801 12.39
      vertex 57.7071 4.48717 12.39
      vertex 53 2.4745 12.39
    endloop
  endfacet
  facet normal 0 0 -1
    outer loop
      vertex 58.4193 52.6269 12.39
      vertex 58.2617 52.852 12.39
      vertex 58.3454 52.7429 12.39
    endloop
  endfacet
  facet normal 0 0 -1
    outer loop
      vertex 57.5128 4.29286 12.39
      vertex 57.7071 4.48717 12.39
      vertex 57.6142 4.38577 12.39
    endloop
  endfacet
  facet normal -0 -0 -1
    outer loop
      vertex 57.7071 53.5128 12.39
      vertex 58.2617 52.852 12.39
      vertex 53 55.5255 12.39
    endloop
  endfacet
  facet normal 0 0 -1
    outer loop
      vertex 57.7071 4.48717 12.39
      vertex 57.5128 4.29286 12.39
      vertex 53 2.4745 12.39
    endloop
  endfacet
  facet normal -0 0 -1
    outer loop
      vertex 59.5255 9 12.39
      vertex 53 2.4745 12.39
      vertex 37.4667 55.5255 12.39
    endloop
  endfacet
  facet normal 0 0 -1
    outer loop
      vertex 56.852 3.73834 12.39
      vertex 57.5128 4.29286 12.39
      vertex 57.1945 4.00117 12.39
    endloop
  endfacet
  facet normal 0 0 -1
    outer loop
      vertex 58.2617 52.852 12.39
      vertex 57.7071 53.5128 12.39
      vertex 57.9988 53.1945 12.39
    endloop
  endfacet
  facet normal 0 0 -1
    outer loop
      vertex 57.5128 4.29286 12.39
      vertex 56.852 3.73834 12.39
      vertex 53 2.4745 12.39
    endloop
  endfacet
  facet normal -0 -0 -1
    outer loop
      vertex 57.5128 53.7071 12.39
      vertex 57.7071 53.5128 12.39
      vertex 53 55.5255 12.39
    endloop
  endfacet
  facet normal 0 0 -1
    outer loop
      vertex 56.6269 3.58072 12.39
      vertex 56.852 3.73834 12.39
      vertex 56.7429 3.65462 12.39
    endloop
  endfacet
  facet normal -0 -0 -1
    outer loop
      vertex 56.852 54.2617 12.39
      vertex 57.5128 53.7071 12.39
      vertex 53 55.5255 12.39
    endloop
  endfacet
  facet normal 0 0 -1
    outer loop
      vertex 56.852 3.73834 12.39
      vertex 56.6269 3.58072 12.39
      vertex 53 2.4745 12.39
    endloop
  endfacet
  facet normal 0 0 -1
    outer loop
      vertex 57.5128 53.7071 12.39
      vertex 56.852 54.2617 12.39
      vertex 57.1945 53.9988 12.39
    endloop
  endfacet
  facet normal 0 0 -1
    outer loop
      vertex 55.8798 3.14939 12.39
      vertex 56.6269 3.58072 12.39
      vertex 56.2628 3.34875 12.39
    endloop
  endfacet
  facet normal -0 -0 -1
    outer loop
      vertex 56.6269 54.4193 12.39
      vertex 56.852 54.2617 12.39
      vertex 53 55.5255 12.39
    endloop
  endfacet
  facet normal 0 0 -1
    outer loop
      vertex 56.6269 3.58072 12.39
      vertex 55.8798 3.14939 12.39
      vertex 53 2.4745 12.39
    endloop
  endfacet
  facet normal 0 0 -1
    outer loop
      vertex 56.852 54.2617 12.39
      vertex 56.6269 54.4193 12.39
      vertex 56.7429 54.3454 12.39
    endloop
  endfacet
  facet normal 0 0 -1
    outer loop
      vertex 55.6307 3.03325 12.39
      vertex 55.8798 3.14939 12.39
      vertex 55.7578 3.08589 12.39
    endloop
  endfacet
  facet normal -0 -0 -1
    outer loop
      vertex 55.8798 54.8506 12.39
      vertex 56.6269 54.4193 12.39
      vertex 53 55.5255 12.39
    endloop
  endfacet
  facet normal 0 0 -1
    outer loop
      vertex 55.8798 3.14939 12.39
      vertex 55.6307 3.03325 12.39
      vertex 53 2.4745 12.39
    endloop
  endfacet
  facet normal 0 0 -1
    outer loop
      vertex 56.6269 54.4193 12.39
      vertex 55.8798 54.8506 12.39
      vertex 56.2628 54.6513 12.39
    endloop
  endfacet
  facet normal 0 0 -1
    outer loop
      vertex 54.8201 2.7382 12.39
      vertex 55.6307 3.03325 12.39
      vertex 55.2319 2.86803 12.39
    endloop
  endfacet
  facet normal -0 -0 -1
    outer loop
      vertex 55.6307 54.9667 12.39
      vertex 55.8798 54.8506 12.39
      vertex 53 55.5255 12.39
    endloop
  endfacet
  facet normal 0 0 -1
    outer loop
      vertex 55.6307 3.03325 12.39
      vertex 54.8201 2.7382 12.39
      vertex 53 2.4745 12.39
    endloop
  endfacet
  facet normal 0 0 -1
    outer loop
      vertex 55.8798 54.8506 12.39
      vertex 55.6307 54.9667 12.39
      vertex 55.7578 54.9141 12.39
    endloop
  endfacet
  facet normal 0 0 -1
    outer loop
      vertex 54.2674 2.6034 12.39
      vertex 54.8201 2.7382 12.39
      vertex 54.6889 2.69685 12.39
    endloop
  endfacet
  facet normal -0 -0 -1
    outer loop
      vertex 54.8201 55.2618 12.39
      vertex 55.6307 54.9667 12.39
      vertex 53 55.5255 12.39
    endloop
  endfacet
  facet normal 0 0 -1
    outer loop
      vertex 54.8201 2.7382 12.39
      vertex 54.2674 2.6034 12.39
      vertex 53 2.4745 12.39
    endloop
  endfacet
  facet normal 0 0 -1
    outer loop
      vertex 55.6307 54.9667 12.39
      vertex 54.8201 55.2618 12.39
      vertex 55.2319 55.132 12.39
    endloop
  endfacet
  facet normal 0 0 -1
    outer loop
      vertex 53.7051 2.51728 12.39
      vertex 54.2674 2.6034 12.39
      vertex 54.1331 2.57363 12.39
    endloop
  endfacet
  facet normal -0 -0 -1
    outer loop
      vertex 54.2674 55.3966 12.39
      vertex 54.8201 55.2618 12.39
      vertex 53 55.5255 12.39
    endloop
  endfacet
  facet normal 0 0 -1
    outer loop
      vertex 54.2674 2.6034 12.39
      vertex 53.7051 2.51728 12.39
      vertex 53 2.4745 12.39
    endloop
  endfacet
  facet normal 0 0 -1
    outer loop
      vertex 54.8201 55.2618 12.39
      vertex 54.2674 55.3966 12.39
      vertex 54.6889 55.3032 12.39
    endloop
  endfacet
  facet normal 0 0 -1
    outer loop
      vertex 53.4313 2.49333 12.39
      vertex 53.7051 2.51728 12.39
      vertex 53.5687 2.49933 12.39
    endloop
  endfacet
  facet normal 0 0 -1
    outer loop
      vertex 53 2.4745 12.39
      vertex 53.7051 2.51728 12.39
      vertex 53.4313 2.49333 12.39
    endloop
  endfacet
  facet normal -0 -0 -1
    outer loop
      vertex 53.7051 55.4827 12.39
      vertex 54.2674 55.3966 12.39
      vertex 53 55.5255 12.39
    endloop
  endfacet
  facet normal 0 0 -1
    outer loop
      vertex 53.7051 55.4827 12.39
      vertex 53.4313 55.5067 12.39
      vertex 53.5687 55.5007 12.39
    endloop
  endfacet
  facet normal 0 0 -1
    outer loop
      vertex 54.2674 55.3966 12.39
      vertex 53.7051 55.4827 12.39
      vertex 54.1331 55.4264 12.39
    endloop
  endfacet
  facet normal 0 0 -1
    outer loop
      vertex 53.7051 55.4827 12.39
      vertex 53 55.5255 12.39
      vertex 53.4313 55.5067 12.39
    endloop
  endfacet
  facet normal 0 0 -1
    outer loop
      vertex 57.7071 53.5128 12.39
      vertex 57.5128 53.7071 12.39
      vertex 57.6142 53.6142 12.39
    endloop
  endfacet
  facet normal 0 0 -1
    outer loop
      vertex 37.4667 55.5255 12.39
      vertex 24.5333 55.5255 12.39
      vertex 37.4667 55.96 12.39
    endloop
  endfacet
  facet normal 0 0 -1
    outer loop
      vertex 53 2.4745 12.39
      vertex 24.5333 55.5255 12.39
      vertex 37.4667 55.5255 12.39
    endloop
  endfacet
  facet normal 0 0 -1
    outer loop
      vertex 9 2.4745 12.39
      vertex 24.5333 55.5255 12.39
      vertex 53 2.4745 12.39
    endloop
  endfacet
  facet normal 0 0 -1
    outer loop
      vertex 2.4745 9 12.39
      vertex 24.5333 55.5255 12.39
      vertex 9 2.4745 12.39
    endloop
  endfacet
  facet normal 0 0 -1
    outer loop
      vertex 2.4745 9 12.39
      vertex 9 2.4745 12.39
      vertex 8.56867 2.49333 12.39
    endloop
  endfacet
  facet normal 0 0 -1
    outer loop
      vertex 2.4745 49 12.39
      vertex 24.5333 55.5255 12.39
      vertex 2.4745 9 12.39
    endloop
  endfacet
  facet normal 0 0 -1
    outer loop
      vertex 8.29491 2.51728 12.39
      vertex 8.56867 2.49333 12.39
      vertex 8.43126 2.49933 12.39
    endloop
  endfacet
  facet normal -0 0 -1
    outer loop
      vertex 24.5333 55.5255 12.39
      vertex 2.4745 49 12.39
      vertex 9 55.5255 12.39
    endloop
  endfacet
  facet normal 0 0 -1
    outer loop
      vertex 8.56867 2.49333 12.39
      vertex 8.29491 2.51728 12.39
      vertex 2.4745 9 12.39
    endloop
  endfacet
  facet normal 0 0 -1
    outer loop
      vertex 9 55.5255 12.39
      vertex 2.4745 49 12.39
      vertex 8.56867 55.5067 12.39
    endloop
  endfacet
  facet normal 0 0 -1
    outer loop
      vertex 7.73259 2.6034 12.39
      vertex 8.29491 2.51728 12.39
      vertex 7.86686 2.57363 12.39
    endloop
  endfacet
  facet normal 0 -0 -1
    outer loop
      vertex 8.29491 55.4827 12.39
      vertex 8.56867 55.5067 12.39
      vertex 2.4745 49 12.39
    endloop
  endfacet
  facet normal 0 0 -1
    outer loop
      vertex 8.29491 2.51728 12.39
      vertex 7.73259 2.6034 12.39
      vertex 2.4745 9 12.39
    endloop
  endfacet
  facet normal 0 0 -1
    outer loop
      vertex 8.56867 55.5067 12.39
      vertex 8.29491 55.4827 12.39
      vertex 8.43126 55.5007 12.39
    endloop
  endfacet
  facet normal 0 0 -1
    outer loop
      vertex 7.17991 2.7382 12.39
      vertex 7.73259 2.6034 12.39
      vertex 7.31108 2.69685 12.39
    endloop
  endfacet
  facet normal 0 -0 -1
    outer loop
      vertex 7.73259 55.3966 12.39
      vertex 8.29491 55.4827 12.39
      vertex 2.4745 49 12.39
    endloop
  endfacet
  facet normal 0 0 -1
    outer loop
      vertex 7.73259 2.6034 12.39
      vertex 7.17991 2.7382 12.39
      vertex 2.4745 9 12.39
    endloop
  endfacet
  facet normal 0 0 -1
    outer loop
      vertex 8.29491 55.4827 12.39
      vertex 7.73259 55.3966 12.39
      vertex 7.86686 55.4264 12.39
    endloop
  endfacet
  facet normal 0 0 -1
    outer loop
      vertex 6.36927 3.03325 12.39
      vertex 7.17991 2.7382 12.39
      vertex 6.76815 2.86803 12.39
    endloop
  endfacet
  facet normal 0 -0 -1
    outer loop
      vertex 7.17991 55.2618 12.39
      vertex 7.73259 55.3966 12.39
      vertex 2.4745 49 12.39
    endloop
  endfacet
  facet normal 0 0 -1
    outer loop
      vertex 7.17991 2.7382 12.39
      vertex 6.36927 3.03325 12.39
      vertex 2.4745 9 12.39
    endloop
  endfacet
  facet normal 0 0 -1
    outer loop
      vertex 7.73259 55.3966 12.39
      vertex 7.17991 55.2618 12.39
      vertex 7.31108 55.3032 12.39
    endloop
  endfacet
  facet normal 0 0 -1
    outer loop
      vertex 6.12021 3.14939 12.39
      vertex 6.36927 3.03325 12.39
      vertex 6.2422 3.08589 12.39
    endloop
  endfacet
  facet normal 0 -0 -1
    outer loop
      vertex 6.36927 54.9667 12.39
      vertex 7.17991 55.2618 12.39
      vertex 2.4745 49 12.39
    endloop
  endfacet
  facet normal 0 0 -1
    outer loop
      vertex 6.36927 3.03325 12.39
      vertex 6.12021 3.14939 12.39
      vertex 2.4745 9 12.39
    endloop
  endfacet
  facet normal 0 0 -1
    outer loop
      vertex 7.17991 55.2618 12.39
      vertex 6.36927 54.9667 12.39
      vertex 6.76815 55.132 12.39
    endloop
  endfacet
  facet normal 0 0 -1
    outer loop
      vertex 5.37312 3.58072 12.39
      vertex 6.12021 3.14939 12.39
      vertex 5.73725 3.34875 12.39
    endloop
  endfacet
  facet normal 0 -0 -1
    outer loop
      vertex 6.12021 54.8506 12.39
      vertex 6.36927 54.9667 12.39
      vertex 2.4745 49 12.39
    endloop
  endfacet
  facet normal 0 0 -1
    outer loop
      vertex 6.12021 3.14939 12.39
      vertex 5.37312 3.58072 12.39
      vertex 2.4745 9 12.39
    endloop
  endfacet
  facet normal 0 0 -1
    outer loop
      vertex 6.36927 54.9667 12.39
      vertex 6.12021 54.8506 12.39
      vertex 6.2422 54.9141 12.39
    endloop
  endfacet
  facet normal 0 0 -1
    outer loop
      vertex 5.14801 3.73834 12.39
      vertex 5.37312 3.58072 12.39
      vertex 5.25712 3.65462 12.39
    endloop
  endfacet
  facet normal 0 -0 -1
    outer loop
      vertex 5.37312 54.4193 12.39
      vertex 6.12021 54.8506 12.39
      vertex 2.4745 49 12.39
    endloop
  endfacet
  facet normal 0 0 -1
    outer loop
      vertex 5.37312 3.58072 12.39
      vertex 5.14801 3.73834 12.39
      vertex 2.4745 9 12.39
    endloop
  endfacet
  facet normal 0 0 -1
    outer loop
      vertex 6.12021 54.8506 12.39
      vertex 5.37312 54.4193 12.39
      vertex 5.73725 54.6513 12.39
    endloop
  endfacet
  facet normal 0 0 -1
    outer loop
      vertex 4.48717 4.29286 12.39
      vertex 5.14801 3.73834 12.39
      vertex 4.80549 4.00117 12.39
    endloop
  endfacet
  facet normal 0 -0 -1
    outer loop
      vertex 5.14801 54.2617 12.39
      vertex 5.37312 54.4193 12.39
      vertex 2.4745 49 12.39
    endloop
  endfacet
  facet normal 0 0 -1
    outer loop
      vertex 5.14801 3.73834 12.39
      vertex 4.48717 4.29286 12.39
      vertex 2.4745 9 12.39
    endloop
  endfacet
  facet normal 0 0 -1
    outer loop
      vertex 5.37312 54.4193 12.39
      vertex 5.14801 54.2617 12.39
      vertex 5.25712 54.3454 12.39
    endloop
  endfacet
  facet normal 0 0 -1
    outer loop
      vertex 4.29286 4.48717 12.39
      vertex 4.48717 4.29286 12.39
      vertex 4.38577 4.38577 12.39
    endloop
  endfacet
  facet normal 0 -0 -1
    outer loop
      vertex 4.48717 53.7071 12.39
      vertex 5.14801 54.2617 12.39
      vertex 2.4745 49 12.39
    endloop
  endfacet
  facet normal 0 0 -1
    outer loop
      vertex 4.48717 4.29286 12.39
      vertex 4.29286 4.48717 12.39
      vertex 2.4745 9 12.39
    endloop
  endfacet
  facet normal 0 0 -1
    outer loop
      vertex 5.14801 54.2617 12.39
      vertex 4.48717 53.7071 12.39
      vertex 4.80549 53.9988 12.39
    endloop
  endfacet
  facet normal 0 0 -1
    outer loop
      vertex 3.73834 5.14801 12.39
      vertex 4.29286 4.48717 12.39
      vertex 4.00117 4.80549 12.39
    endloop
  endfacet
  facet normal 0 -0 -1
    outer loop
      vertex 4.29286 53.5128 12.39
      vertex 4.48717 53.7071 12.39
      vertex 2.4745 49 12.39
    endloop
  endfacet
  facet normal 0 0 -1
    outer loop
      vertex 4.29286 4.48717 12.39
      vertex 3.73834 5.14801 12.39
      vertex 2.4745 9 12.39
    endloop
  endfacet
  facet normal 0 0 -1
    outer loop
      vertex 4.48717 53.7071 12.39
      vertex 4.29286 53.5128 12.39
      vertex 4.38577 53.6142 12.39
    endloop
  endfacet
  facet normal 0 0 -1
    outer loop
      vertex 3.58072 5.37312 12.39
      vertex 3.73834 5.14801 12.39
      vertex 3.65462 5.25712 12.39
    endloop
  endfacet
  facet normal 0 -0 -1
    outer loop
      vertex 3.73834 52.852 12.39
      vertex 4.29286 53.5128 12.39
      vertex 2.4745 49 12.39
    endloop
  endfacet
  facet normal 0 0 -1
    outer loop
      vertex 3.73834 5.14801 12.39
      vertex 3.58072 5.37312 12.39
      vertex 2.4745 9 12.39
    endloop
  endfacet
  facet normal 0 0 -1
    outer loop
      vertex 4.29286 53.5128 12.39
      vertex 3.73834 52.852 12.39
      vertex 4.00117 53.1945 12.39
    endloop
  endfacet
  facet normal 0 0 -1
    outer loop
      vertex 3.14939 6.12021 12.39
      vertex 3.58072 5.37312 12.39
      vertex 3.34875 5.73725 12.39
    endloop
  endfacet
  facet normal 0 -0 -1
    outer loop
      vertex 3.58072 52.6269 12.39
      vertex 3.73834 52.852 12.39
      vertex 2.4745 49 12.39
    endloop
  endfacet
  facet normal 0 0 -1
    outer loop
      vertex 3.58072 5.37312 12.39
      vertex 3.14939 6.12021 12.39
      vertex 2.4745 9 12.39
    endloop
  endfacet
  facet normal 0 0 -1
    outer loop
      vertex 3.73834 52.852 12.39
      vertex 3.58072 52.6269 12.39
      vertex 3.65462 52.7429 12.39
    endloop
  endfacet
  facet normal 0 0 -1
    outer loop
      vertex 3.03325 6.36927 12.39
      vertex 3.14939 6.12021 12.39
      vertex 3.08589 6.2422 12.39
    endloop
  endfacet
  facet normal 0 -0 -1
    outer loop
      vertex 3.14939 51.8798 12.39
      vertex 3.58072 52.6269 12.39
      vertex 2.4745 49 12.39
    endloop
  endfacet
  facet normal 0 0 -1
    outer loop
      vertex 3.14939 6.12021 12.39
      vertex 3.03325 6.36927 12.39
      vertex 2.4745 9 12.39
    endloop
  endfacet
  facet normal 0 0 -1
    outer loop
      vertex 3.58072 52.6269 12.39
      vertex 3.14939 51.8798 12.39
      vertex 3.34875 52.2628 12.39
    endloop
  endfacet
  facet normal 0 0 -1
    outer loop
      vertex 2.7382 7.17991 12.39
      vertex 3.03325 6.36927 12.39
      vertex 2.86803 6.76815 12.39
    endloop
  endfacet
  facet normal 0 -0 -1
    outer loop
      vertex 3.03325 51.6307 12.39
      vertex 3.14939 51.8798 12.39
      vertex 2.4745 49 12.39
    endloop
  endfacet
  facet normal 0 0 -1
    outer loop
      vertex 3.03325 6.36927 12.39
      vertex 2.7382 7.17991 12.39
      vertex 2.4745 9 12.39
    endloop
  endfacet
  facet normal 0 0 -1
    outer loop
      vertex 3.14939 51.8798 12.39
      vertex 3.03325 51.6307 12.39
      vertex 3.08589 51.7578 12.39
    endloop
  endfacet
  facet normal 0 0 -1
    outer loop
      vertex 2.6034 7.73259 12.39
      vertex 2.7382 7.17991 12.39
      vertex 2.69685 7.31108 12.39
    endloop
  endfacet
  facet normal 0 -0 -1
    outer loop
      vertex 2.7382 50.8201 12.39
      vertex 3.03325 51.6307 12.39
      vertex 2.4745 49 12.39
    endloop
  endfacet
  facet normal 0 0 -1
    outer loop
      vertex 2.7382 7.17991 12.39
      vertex 2.6034 7.73259 12.39
      vertex 2.4745 9 12.39
    endloop
  endfacet
  facet normal 0 0 -1
    outer loop
      vertex 3.03325 51.6307 12.39
      vertex 2.7382 50.8201 12.39
      vertex 2.86803 51.2319 12.39
    endloop
  endfacet
  facet normal 0 0 -1
    outer loop
      vertex 2.51728 8.29491 12.39
      vertex 2.6034 7.73259 12.39
      vertex 2.57363 7.86686 12.39
    endloop
  endfacet
  facet normal 0 -0 -1
    outer loop
      vertex 2.6034 50.2674 12.39
      vertex 2.7382 50.8201 12.39
      vertex 2.4745 49 12.39
    endloop
  endfacet
  facet normal 0 0 -1
    outer loop
      vertex 2.6034 7.73259 12.39
      vertex 2.51728 8.29491 12.39
      vertex 2.4745 9 12.39
    endloop
  endfacet
  facet normal 0 0 -1
    outer loop
      vertex 2.7382 50.8201 12.39
      vertex 2.6034 50.2674 12.39
      vertex 2.69685 50.6889 12.39
    endloop
  endfacet
  facet normal 0 0 -1
    outer loop
      vertex 2.49333 8.56867 12.39
      vertex 2.51728 8.29491 12.39
      vertex 2.49933 8.43126 12.39
    endloop
  endfacet
  facet normal 0 0 -1
    outer loop
      vertex 2.4745 9 12.39
      vertex 2.51728 8.29491 12.39
      vertex 2.49333 8.56867 12.39
    endloop
  endfacet
  facet normal 0 -0 -1
    outer loop
      vertex 2.51728 49.7051 12.39
      vertex 2.6034 50.2674 12.39
      vertex 2.4745 49 12.39
    endloop
  endfacet
  facet normal 0 0 -1
    outer loop
      vertex 2.51728 49.7051 12.39
      vertex 2.49333 49.4313 12.39
      vertex 2.49933 49.5687 12.39
    endloop
  endfacet
  facet normal 0 0 -1
    outer loop
      vertex 2.6034 50.2674 12.39
      vertex 2.51728 49.7051 12.39
      vertex 2.57363 50.1331 12.39
    endloop
  endfacet
  facet normal 0 0 -1
    outer loop
      vertex 2.51728 49.7051 12.39
      vertex 2.4745 49 12.39
      vertex 2.49333 49.4313 12.39
    endloop
  endfacet
  facet normal -0 0 -1
    outer loop
      vertex 37.4667 55.96 12.39
      vertex 24.5333 55.5255 12.39
      vertex 24.5333 55.96 12.39
    endloop
  endfacet
  facet normal 0.737282 0.675582 0.00188973
    outer loop
      vertex 3.92344 4.27229 10.3143
      vertex 3.67769 4.54049 10.3122
      vertex 3.68102 4.53685 10.3143
    endloop
  endfacet
  facet normal 0.737291 0.675575 0
    outer loop
      vertex 3.67769 4.54049 10.3122
      vertex 3.92344 4.27229 10.3143
      vertex 3.67769 4.54049 0
    endloop
  endfacet
  facet normal 0.737275 0.675593 -0
    outer loop
      vertex 4.09025 4.09025 0
      vertex 3.92344 4.27229 10.3143
      vertex 4.09025 4.09025 10.3143
    endloop
  endfacet
  facet normal 0.737285 0.675582 3.35309e-07
    outer loop
      vertex 3.92344 4.27229 10.3143
      vertex 4.09025 4.09025 0
      vertex 3.67769 4.54049 0
    endloop
  endfacet
  facet normal 0.976298 0.216429 0.000509831
    outer loop
      vertex 2.20731 7.54944 10.2705
      vertex 2.14635 7.82446 10.2564
      vertex 2.15337 7.79276 10.2705
    endloop
  endfacet
  facet normal 0.976304 0.216404 1.95011e-06
    outer loop
      vertex 2.27852 7.22827 0
      vertex 2.14635 7.82446 10.2564
      vertex 2.20731 7.54944 10.2705
    endloop
  endfacet
  facet normal 0.976291 0.216464 -0
    outer loop
      vertex 2.27852 7.22827 0
      vertex 2.20731 7.54944 10.2705
      vertex 2.27852 7.22827 10.2705
    endloop
  endfacet
  facet normal 0.976297 0.216436 0
    outer loop
      vertex 2.14635 7.82446 10.2564
      vertex 2.27852 7.22827 0
      vertex 2.14635 7.82446 0
    endloop
  endfacet
  facet normal 0 0 1
    outer loop
      vertex 44.6 32 14.1
      vertex 46 32 14.1
      vertex 45.9429 33.3073 14.1
    endloop
  endfacet
  facet normal 0 0 1
    outer loop
      vertex 44.5482 33.1853 14.1
      vertex 45.9429 33.3073 14.1
      vertex 45.7721 34.6047 14.1
    endloop
  endfacet
  facet normal 0 0 1
    outer loop
      vertex 46 32 14.1
      vertex 44.6 32 14.1
      vertex 45.9429 30.6927 14.1
    endloop
  endfacet
  facet normal -0 0 1
    outer loop
      vertex 44.2031 35.22 14.1
      vertex 45.7721 34.6047 14.1
      vertex 45.4889 35.8823 14.1
    endloop
  endfacet
  facet normal -0 0 1
    outer loop
      vertex 44.5482 30.8147 14.1
      vertex 45.9429 30.6927 14.1
      vertex 44.6 32 14.1
    endloop
  endfacet
  facet normal 0 0 1
    outer loop
      vertex 44.2031 35.22 14.1
      vertex 45.4889 35.8823 14.1
      vertex 45.0954 37.1303 14.1
    endloop
  endfacet
  facet normal 0 0 1
    outer loop
      vertex 45.9429 30.6927 14.1
      vertex 44.5482 30.8147 14.1
      vertex 45.7721 29.3953 14.1
    endloop
  endfacet
  facet normal -0 0 1
    outer loop
      vertex 44.3934 29.6384 14.1
      vertex 45.7721 29.3953 14.1
      vertex 44.5482 30.8147 14.1
    endloop
  endfacet
  facet normal -0 0 1
    outer loop
      vertex 43.1839 38.0202 14.1
      vertex 45.0954 37.1303 14.1
      vertex 44.5946 38.3393 14.1
    endloop
  endfacet
  facet normal 0 0 1
    outer loop
      vertex 45.9429 33.3073 14.1
      vertex 44.5482 33.1853 14.1
      vertex 44.6 32 14.1
    endloop
  endfacet
  facet normal 0 0 1
    outer loop
      vertex 45.7721 34.6047 14.1
      vertex 44.3934 34.3616 14.1
      vertex 44.5482 33.1853 14.1
    endloop
  endfacet
  facet normal 0 0 1
    outer loop
      vertex 45.7721 34.6047 14.1
      vertex 44.2031 35.22 14.1
      vertex 44.3934 34.3616 14.1
    endloop
  endfacet
  facet normal 0 0 1
    outer loop
      vertex 45.0954 37.1303 14.1
      vertex 43.1839 38.0202 14.1
      vertex 44.2031 35.22 14.1
    endloop
  endfacet
  facet normal 0 0 1
    outer loop
      vertex 44.2031 35.22 14.1
      vertex 43.1839 38.0202 14.1
      vertex 44.125 35.1182 14.1
    endloop
  endfacet
  facet normal 0 0 1
    outer loop
      vertex 43.1839 38.0202 14.1
      vertex 44.5946 38.3393 14.1
      vertex 43.9904 39.5 14.1
    endloop
  endfacet
  facet normal 0 0 1
    outer loop
      vertex 44.125 35.1182 14.1
      vertex 43.1839 38.0202 14.1
      vertex 44.0189 35.0025 14.1
    endloop
  endfacet
  facet normal 0 0 1
    outer loop
      vertex 44.0189 35.0025 14.1
      vertex 43.1839 38.0202 14.1
      vertex 43.9032 34.8964 14.1
    endloop
  endfacet
  facet normal 0 0 1
    outer loop
      vertex 43.9032 34.8964 14.1
      vertex 43.1839 38.0202 14.1
      vertex 43.7786 34.8008 14.1
    endloop
  endfacet
  facet normal 0 0 1
    outer loop
      vertex 43.7786 34.8008 14.1
      vertex 43.1839 38.0202 14.1
      vertex 43.6461 34.7164 14.1
    endloop
  endfacet
  facet normal 0 0 1
    outer loop
      vertex 43.6461 34.7164 14.1
      vertex 43.1839 38.0202 14.1
      vertex 43.5069 34.6439 14.1
    endloop
  endfacet
  facet normal 0 0 1
    outer loop
      vertex 42.7779 38.8 14.1
      vertex 43.9904 39.5 14.1
      vertex 43.2873 40.6036 14.1
    endloop
  endfacet
  facet normal 0 0 1
    outer loop
      vertex 43.5069 34.6439 14.1
      vertex 43.1839 38.0202 14.1
      vertex 43.3618 34.5838 14.1
    endloop
  endfacet
  facet normal 0 0 1
    outer loop
      vertex 43.3618 34.5838 14.1
      vertex 43.1839 38.0202 14.1
      vertex 43.212 34.5366 14.1
    endloop
  endfacet
  facet normal 0 0 1
    outer loop
      vertex 43.9904 39.5 14.1
      vertex 42.7779 38.8 14.1
      vertex 43.1839 38.0202 14.1
    endloop
  endfacet
  facet normal 0 0 1
    outer loop
      vertex 42.1405 39.8006 14.1
      vertex 43.2873 40.6036 14.1
      vertex 42.4907 41.6418 14.1
    endloop
  endfacet
  facet normal 0 0 1
    outer loop
      vertex 43.2873 40.6036 14.1
      vertex 42.1405 39.8006 14.1
      vertex 42.7779 38.8 14.1
    endloop
  endfacet
  facet normal 0 0 1
    outer loop
      vertex 41.4182 40.7419 14.1
      vertex 42.4907 41.6418 14.1
      vertex 41.6066 42.6066 14.1
    endloop
  endfacet
  facet normal 0 0 1
    outer loop
      vertex 42.4907 41.6418 14.1
      vertex 41.4182 40.7419 14.1
      vertex 42.1405 39.8006 14.1
    endloop
  endfacet
  facet normal 0 0 1
    outer loop
      vertex 39.9684 42.2106 14.1
      vertex 41.6066 42.6066 14.1
      vertex 40.6418 43.4907 14.1
    endloop
  endfacet
  facet normal 0 0 1
    outer loop
      vertex 41.6066 42.6066 14.1
      vertex 40.6166 41.6166 14.1
      vertex 41.4182 40.7419 14.1
    endloop
  endfacet
  facet normal 0 0 1
    outer loop
      vertex 41.6066 42.6066 14.1
      vertex 39.9684 42.2106 14.1
      vertex 40.6166 41.6166 14.1
    endloop
  endfacet
  facet normal 0 0 1
    outer loop
      vertex 39.9684 42.2106 14.1
      vertex 39.9424 41.9268 14.1
      vertex 39.9628 42.0825 14.1
    endloop
  endfacet
  facet normal 0 0 1
    outer loop
      vertex 39.9684 42.2106 14.1
      vertex 39.9084 41.7735 14.1
      vertex 39.9424 41.9268 14.1
    endloop
  endfacet
  facet normal 0 0 1
    outer loop
      vertex 39.9684 42.2106 14.1
      vertex 39.8611 41.6238 14.1
      vertex 39.9084 41.7735 14.1
    endloop
  endfacet
  facet normal 0 0 1
    outer loop
      vertex 39.9684 42.2106 14.1
      vertex 39.8011 41.4787 14.1
      vertex 39.8611 41.6238 14.1
    endloop
  endfacet
  facet normal 0 0 1
    outer loop
      vertex 39.9684 42.2106 14.1
      vertex 39.7285 41.3394 14.1
      vertex 39.8011 41.4787 14.1
    endloop
  endfacet
  facet normal 0 0 1
    outer loop
      vertex 39.9684 42.2106 14.1
      vertex 39.6442 41.207 14.1
      vertex 39.7285 41.3394 14.1
    endloop
  endfacet
  facet normal 0 0 1
    outer loop
      vertex 39.6036 44.2873 14.1
      vertex 39.9684 42.2106 14.1
      vertex 40.6418 43.4907 14.1
    endloop
  endfacet
  facet normal -0 0 1
    outer loop
      vertex 37.5274 43.9198 14.1
      vertex 39.9684 42.2106 14.1
      vertex 39.6036 44.2873 14.1
    endloop
  endfacet
  facet normal 0 0 1
    outer loop
      vertex 39.9684 42.2106 14.1
      vertex 37.5274 43.9198 14.1
      vertex 39.6442 41.207 14.1
    endloop
  endfacet
  facet normal 0 0 1
    outer loop
      vertex 39.6442 41.207 14.1
      vertex 37.5274 43.9198 14.1
      vertex 39.5486 41.0824 14.1
    endloop
  endfacet
  facet normal 0 0 1
    outer loop
      vertex 39.5486 41.0824 14.1
      vertex 37.5274 43.9198 14.1
      vertex 39.4425 40.9666 14.1
    endloop
  endfacet
  facet normal 0 0 1
    outer loop
      vertex 39.4425 40.9666 14.1
      vertex 37.5274 43.9198 14.1
      vertex 39.3267 40.8605 14.1
    endloop
  endfacet
  facet normal 0 0 1
    outer loop
      vertex 39.3267 40.8605 14.1
      vertex 37.5274 43.9198 14.1
      vertex 39.2021 40.7649 14.1
    endloop
  endfacet
  facet normal 0 0 1
    outer loop
      vertex 39.2021 40.7649 14.1
      vertex 37.5274 43.9198 14.1
      vertex 39.0697 40.6805 14.1
    endloop
  endfacet
  facet normal 0 0 1
    outer loop
      vertex 39.0697 40.6805 14.1
      vertex 37.5274 43.9198 14.1
      vertex 38.9304 40.608 14.1
    endloop
  endfacet
  facet normal 0 0 1
    outer loop
      vertex 38.9304 40.608 14.1
      vertex 37.5274 43.9198 14.1
      vertex 38.7853 40.5479 14.1
    endloop
  endfacet
  facet normal 0 0 1
    outer loop
      vertex 37.5274 43.9198 14.1
      vertex 39.6036 44.2873 14.1
      vertex 38.5 44.9904 14.1
    endloop
  endfacet
  facet normal 0 0 1
    outer loop
      vertex 38.7853 40.5479 14.1
      vertex 37.5274 43.9198 14.1
      vertex 38.6356 40.5007 14.1
    endloop
  endfacet
  facet normal 0 0 1
    outer loop
      vertex 38.6356 40.5007 14.1
      vertex 37.5274 43.9198 14.1
      vertex 38.4823 40.4667 14.1
    endloop
  endfacet
  facet normal 0 0 1
    outer loop
      vertex 38.4823 40.4667 14.1
      vertex 37.5274 43.9198 14.1
      vertex 38.3266 40.4462 14.1
    endloop
  endfacet
  facet normal 0 0 1
    outer loop
      vertex 38.3266 40.4462 14.1
      vertex 37.5274 43.9198 14.1
      vertex 38.1697 40.4394 14.1
    endloop
  endfacet
  facet normal 0 0 1
    outer loop
      vertex 38.1697 40.4394 14.1
      vertex 37.5274 43.9198 14.1
      vertex 38.0128 40.4462 14.1
    endloop
  endfacet
  facet normal 0 0 1
    outer loop
      vertex 38.0128 40.4462 14.1
      vertex 37.5274 43.9198 14.1
      vertex 37.8571 40.4667 14.1
    endloop
  endfacet
  facet normal 0 0 1
    outer loop
      vertex 37.8571 40.4667 14.1
      vertex 37.5274 43.9198 14.1
      vertex 37.7038 40.5007 14.1
    endloop
  endfacet
  facet normal 0 0 1
    outer loop
      vertex 37.7038 40.5007 14.1
      vertex 37.5274 43.9198 14.1
      vertex 37.5541 40.5479 14.1
    endloop
  endfacet
  facet normal 0 0 1
    outer loop
      vertex 37.3393 45.5946 14.1
      vertex 37.5274 43.9198 14.1
      vertex 38.5 44.9904 14.1
    endloop
  endfacet
  facet normal 0 0 1
    outer loop
      vertex 37.3393 45.5946 14.1
      vertex 36.7476 44.3258 14.1
      vertex 37.5274 43.9198 14.1
    endloop
  endfacet
  facet normal 0 0 1
    outer loop
      vertex 36.1303 46.0954 14.1
      vertex 36.7476 44.3258 14.1
      vertex 37.3393 45.5946 14.1
    endloop
  endfacet
  facet normal 0 0 1
    outer loop
      vertex 36.1303 46.0954 14.1
      vertex 35.6515 44.7798 14.1
      vertex 36.7476 44.3258 14.1
    endloop
  endfacet
  facet normal 0 0 1
    outer loop
      vertex 34.8823 46.4889 14.1
      vertex 35.6515 44.7798 14.1
      vertex 36.1303 46.0954 14.1
    endloop
  endfacet
  facet normal 0 0 1
    outer loop
      vertex 34.8823 46.4889 14.1
      vertex 34.5199 45.1366 14.1
      vertex 35.6515 44.7798 14.1
    endloop
  endfacet
  facet normal 0 0 1
    outer loop
      vertex 33.6047 46.7721 14.1
      vertex 34.5199 45.1366 14.1
      vertex 34.8823 46.4889 14.1
    endloop
  endfacet
  facet normal 0 0 1
    outer loop
      vertex 33.6047 46.7721 14.1
      vertex 33.3616 45.3934 14.1
      vertex 34.5199 45.1366 14.1
    endloop
  endfacet
  facet normal 0 0 1
    outer loop
      vertex 33.6047 46.7721 14.1
      vertex 32.4899 45.5081 14.1
      vertex 33.3616 45.3934 14.1
    endloop
  endfacet
  facet normal 0 0 1
    outer loop
      vertex 32.4899 45.5081 14.1
      vertex 32.3789 43.343 14.1
      vertex 32.4745 43.4676 14.1
    endloop
  endfacet
  facet normal 0 0 1
    outer loop
      vertex 32.3073 46.9429 14.1
      vertex 32.4899 45.5081 14.1
      vertex 33.6047 46.7721 14.1
    endloop
  endfacet
  facet normal 0 0 1
    outer loop
      vertex 31 47 14.1
      vertex 32.4899 45.5081 14.1
      vertex 32.3073 46.9429 14.1
    endloop
  endfacet
  facet normal 0 0 1
    outer loop
      vertex 29.5101 45.5081 14.1
      vertex 32.4899 45.5081 14.1
      vertex 31 47 14.1
    endloop
  endfacet
  facet normal 0 0 1
    outer loop
      vertex 32.4899 45.5081 14.1
      vertex 29.5101 45.5081 14.1
      vertex 32.3789 43.343 14.1
    endloop
  endfacet
  facet normal 0 0 1
    outer loop
      vertex 32.3789 43.343 14.1
      vertex 29.5101 45.5081 14.1
      vertex 32.2728 43.2272 14.1
    endloop
  endfacet
  facet normal 0 0 1
    outer loop
      vertex 32.2728 43.2272 14.1
      vertex 29.5101 45.5081 14.1
      vertex 32.157 43.1211 14.1
    endloop
  endfacet
  facet normal 0 0 1
    outer loop
      vertex 32.157 43.1211 14.1
      vertex 29.5101 45.5081 14.1
      vertex 32.0324 43.0255 14.1
    endloop
  endfacet
  facet normal 0 0 1
    outer loop
      vertex 31.9 42.9411 14.1
      vertex 29.5101 45.5081 14.1
      vertex 31.7607 42.8686 14.1
    endloop
  endfacet
  facet normal 0 0 1
    outer loop
      vertex 31.7607 42.8686 14.1
      vertex 29.5101 45.5081 14.1
      vertex 31.6156 42.8085 14.1
    endloop
  endfacet
  facet normal 0 0 1
    outer loop
      vertex 31.6156 42.8085 14.1
      vertex 29.5101 45.5081 14.1
      vertex 31.4659 42.7613 14.1
    endloop
  endfacet
  facet normal 0 0 1
    outer loop
      vertex 31.4659 42.7613 14.1
      vertex 29.5101 45.5081 14.1
      vertex 31.3126 42.7273 14.1
    endloop
  endfacet
  facet normal 0 0 1
    outer loop
      vertex 32.0324 43.0255 14.1
      vertex 29.5101 45.5081 14.1
      vertex 31.9 42.9411 14.1
    endloop
  endfacet
  facet normal 0 0 1
    outer loop
      vertex 31.3126 42.7273 14.1
      vertex 29.5101 45.5081 14.1
      vertex 31.1569 42.7068 14.1
    endloop
  endfacet
  facet normal 0 0 1
    outer loop
      vertex 31.1569 42.7068 14.1
      vertex 29.5101 45.5081 14.1
      vertex 31 42.7 14.1
    endloop
  endfacet
  facet normal 0 0 1
    outer loop
      vertex 31 42.7 14.1
      vertex 29.5101 45.5081 14.1
      vertex 30.8431 42.7068 14.1
    endloop
  endfacet
  facet normal 0 0 1
    outer loop
      vertex 30.8431 42.7068 14.1
      vertex 29.5101 45.5081 14.1
      vertex 30.6874 42.7273 14.1
    endloop
  endfacet
  facet normal 0 0 1
    outer loop
      vertex 30.6874 42.7273 14.1
      vertex 29.5101 45.5081 14.1
      vertex 30.5341 42.7613 14.1
    endloop
  endfacet
  facet normal 0 0 1
    outer loop
      vertex 30.5341 42.7613 14.1
      vertex 29.5101 45.5081 14.1
      vertex 30.3844 42.8085 14.1
    endloop
  endfacet
  facet normal 0 0 1
    outer loop
      vertex 30.3844 42.8085 14.1
      vertex 29.5101 45.5081 14.1
      vertex 30.2393 42.8686 14.1
    endloop
  endfacet
  facet normal 0 0 1
    outer loop
      vertex 30.2393 42.8686 14.1
      vertex 29.5101 45.5081 14.1
      vertex 30.1 42.9411 14.1
    endloop
  endfacet
  facet normal 0 0 1
    outer loop
      vertex 30.1 42.9411 14.1
      vertex 29.5101 45.5081 14.1
      vertex 29.9676 43.0255 14.1
    endloop
  endfacet
  facet normal 0 0 1
    outer loop
      vertex 29.9676 43.0255 14.1
      vertex 29.5101 45.5081 14.1
      vertex 29.843 43.1211 14.1
    endloop
  endfacet
  facet normal 0 0 1
    outer loop
      vertex 29.5101 45.5081 14.1
      vertex 31 47 14.1
      vertex 29.6927 46.9429 14.1
    endloop
  endfacet
  facet normal 0 0 1
    outer loop
      vertex 29.843 43.1211 14.1
      vertex 29.5101 45.5081 14.1
      vertex 29.7272 43.2272 14.1
    endloop
  endfacet
  facet normal 0 0 1
    outer loop
      vertex 29.7272 43.2272 14.1
      vertex 29.5101 45.5081 14.1
      vertex 29.6211 43.343 14.1
    endloop
  endfacet
  facet normal 0 0 1
    outer loop
      vertex 29.6211 43.343 14.1
      vertex 29.5101 45.5081 14.1
      vertex 29.5255 43.4676 14.1
    endloop
  endfacet
  facet normal -0 0 1
    outer loop
      vertex 28.3953 46.7721 14.1
      vertex 29.5101 45.5081 14.1
      vertex 29.6927 46.9429 14.1
    endloop
  endfacet
  facet normal 0 0 1
    outer loop
      vertex 29.5101 45.5081 14.1
      vertex 28.3953 46.7721 14.1
      vertex 28.6384 45.3934 14.1
    endloop
  endfacet
  facet normal 0 0 1
    outer loop
      vertex 28.3953 46.7721 14.1
      vertex 27.4801 45.1366 14.1
      vertex 28.6384 45.3934 14.1
    endloop
  endfacet
  facet normal -0 0 1
    outer loop
      vertex 27.1177 46.4889 14.1
      vertex 27.4801 45.1366 14.1
      vertex 28.3953 46.7721 14.1
    endloop
  endfacet
  facet normal 0 0 1
    outer loop
      vertex 27.1177 46.4889 14.1
      vertex 26.3485 44.7798 14.1
      vertex 27.4801 45.1366 14.1
    endloop
  endfacet
  facet normal -0 0 1
    outer loop
      vertex 25.8697 46.0954 14.1
      vertex 26.3485 44.7798 14.1
      vertex 27.1177 46.4889 14.1
    endloop
  endfacet
  facet normal 0 0 1
    outer loop
      vertex 25.8697 46.0954 14.1
      vertex 25.2524 44.3258 14.1
      vertex 26.3485 44.7798 14.1
    endloop
  endfacet
  facet normal -0 0 1
    outer loop
      vertex 24.6607 45.5946 14.1
      vertex 25.2524 44.3258 14.1
      vertex 25.8697 46.0954 14.1
    endloop
  endfacet
  facet normal 0 0 1
    outer loop
      vertex 24.6607 45.5946 14.1
      vertex 24.4726 43.9198 14.1
      vertex 25.2524 44.3258 14.1
    endloop
  endfacet
  facet normal 0 0 1
    outer loop
      vertex 24.4726 43.9198 14.1
      vertex 24.2962 40.5007 14.1
      vertex 24.4459 40.5479 14.1
    endloop
  endfacet
  facet normal 0 0 1
    outer loop
      vertex 24.4726 43.9198 14.1
      vertex 24.1429 40.4667 14.1
      vertex 24.2962 40.5007 14.1
    endloop
  endfacet
  facet normal 0 0 1
    outer loop
      vertex 24.4726 43.9198 14.1
      vertex 23.9872 40.4462 14.1
      vertex 24.1429 40.4667 14.1
    endloop
  endfacet
  facet normal -0 0 1
    outer loop
      vertex 23.5 44.9904 14.1
      vertex 24.4726 43.9198 14.1
      vertex 24.6607 45.5946 14.1
    endloop
  endfacet
  facet normal -0 0 1
    outer loop
      vertex 22.3964 44.2873 14.1
      vertex 24.4726 43.9198 14.1
      vertex 23.5 44.9904 14.1
    endloop
  endfacet
  facet normal 0 0 1
    outer loop
      vertex 24.4726 43.9198 14.1
      vertex 22.0316 42.2106 14.1
      vertex 23.9872 40.4462 14.1
    endloop
  endfacet
  facet normal 0 0 1
    outer loop
      vertex 23.9872 40.4462 14.1
      vertex 22.0316 42.2106 14.1
      vertex 23.8303 40.4394 14.1
    endloop
  endfacet
  facet normal 0 0 1
    outer loop
      vertex 23.8303 40.4394 14.1
      vertex 22.0316 42.2106 14.1
      vertex 23.6734 40.4462 14.1
    endloop
  endfacet
  facet normal 0 0 1
    outer loop
      vertex 23.6734 40.4462 14.1
      vertex 22.0316 42.2106 14.1
      vertex 23.5177 40.4667 14.1
    endloop
  endfacet
  facet normal 0 0 1
    outer loop
      vertex 23.5177 40.4667 14.1
      vertex 22.0316 42.2106 14.1
      vertex 23.3644 40.5007 14.1
    endloop
  endfacet
  facet normal 0 0 1
    outer loop
      vertex 23.3644 40.5007 14.1
      vertex 22.0316 42.2106 14.1
      vertex 23.2147 40.5479 14.1
    endloop
  endfacet
  facet normal 0 0 1
    outer loop
      vertex 23.2147 40.5479 14.1
      vertex 22.0316 42.2106 14.1
      vertex 23.0696 40.608 14.1
    endloop
  endfacet
  facet normal 0 0 1
    outer loop
      vertex 23.0696 40.608 14.1
      vertex 22.0316 42.2106 14.1
      vertex 22.9303 40.6805 14.1
    endloop
  endfacet
  facet normal 0 0 1
    outer loop
      vertex 22.9303 40.6805 14.1
      vertex 22.0316 42.2106 14.1
      vertex 22.7979 40.7649 14.1
    endloop
  endfacet
  facet normal 0 0 1
    outer loop
      vertex 22.7979 40.7649 14.1
      vertex 22.0316 42.2106 14.1
      vertex 22.6733 40.8605 14.1
    endloop
  endfacet
  facet normal 0 0 1
    outer loop
      vertex 22.6733 40.8605 14.1
      vertex 22.0316 42.2106 14.1
      vertex 22.5575 40.9666 14.1
    endloop
  endfacet
  facet normal 0 0 1
    outer loop
      vertex 24.4726 43.9198 14.1
      vertex 22.3964 44.2873 14.1
      vertex 22.0316 42.2106 14.1
    endloop
  endfacet
  facet normal 0 0 1
    outer loop
      vertex 22.5575 40.9666 14.1
      vertex 22.0316 42.2106 14.1
      vertex 22.4514 41.0824 14.1
    endloop
  endfacet
  facet normal 0 0 1
    outer loop
      vertex 22.4514 41.0824 14.1
      vertex 22.0316 42.2106 14.1
      vertex 22.3558 41.207 14.1
    endloop
  endfacet
  facet normal 0 0 1
    outer loop
      vertex 22.3558 41.207 14.1
      vertex 22.0316 42.2106 14.1
      vertex 22.2715 41.3394 14.1
    endloop
  endfacet
  facet normal 0 0 1
    outer loop
      vertex 22.2715 41.3394 14.1
      vertex 22.0316 42.2106 14.1
      vertex 22.1989 41.4787 14.1
    endloop
  endfacet
  facet normal 0 0 1
    outer loop
      vertex 22.1989 41.4787 14.1
      vertex 22.0316 42.2106 14.1
      vertex 22.1389 41.6238 14.1
    endloop
  endfacet
  facet normal 0 0 1
    outer loop
      vertex 22.1389 41.6238 14.1
      vertex 22.0316 42.2106 14.1
      vertex 22.0916 41.7735 14.1
    endloop
  endfacet
  facet normal 0 0 1
    outer loop
      vertex 22.0916 41.7735 14.1
      vertex 22.0316 42.2106 14.1
      vertex 22.0576 41.9268 14.1
    endloop
  endfacet
  facet normal 0 0 1
    outer loop
      vertex 22.0576 41.9268 14.1
      vertex 22.0316 42.2106 14.1
      vertex 22.0372 42.0825 14.1
    endloop
  endfacet
  facet normal -0 0 1
    outer loop
      vertex 21.3582 43.4907 14.1
      vertex 22.0316 42.2106 14.1
      vertex 22.3964 44.2873 14.1
    endloop
  endfacet
  facet normal -0 0 1
    outer loop
      vertex 20.3934 42.6066 14.1
      vertex 22.0316 42.2106 14.1
      vertex 21.3582 43.4907 14.1
    endloop
  endfacet
  facet normal 0 0 1
    outer loop
      vertex 22.0316 42.2106 14.1
      vertex 20.3934 42.6066 14.1
      vertex 21.3834 41.6166 14.1
    endloop
  endfacet
  facet normal 0 0 1
    outer loop
      vertex 21.3834 41.6166 14.1
      vertex 20.3934 42.6066 14.1
      vertex 20.5818 40.7419 14.1
    endloop
  endfacet
  facet normal -0 0 1
    outer loop
      vertex 19.5093 41.6418 14.1
      vertex 20.5818 40.7419 14.1
      vertex 20.3934 42.6066 14.1
    endloop
  endfacet
  facet normal 0 0 1
    outer loop
      vertex 20.5818 40.7419 14.1
      vertex 19.5093 41.6418 14.1
      vertex 19.8595 39.8006 14.1
    endloop
  endfacet
  facet normal -0 0 1
    outer loop
      vertex 18.7127 40.6036 14.1
      vertex 19.8595 39.8006 14.1
      vertex 19.5093 41.6418 14.1
    endloop
  endfacet
  facet normal 0 0 1
    outer loop
      vertex 19.8595 39.8006 14.1
      vertex 18.7127 40.6036 14.1
      vertex 19.2221 38.8 14.1
    endloop
  endfacet
  facet normal -0 0 1
    outer loop
      vertex 18.0096 39.5 14.1
      vertex 19.2221 38.8 14.1
      vertex 18.7127 40.6036 14.1
    endloop
  endfacet
  facet normal 0 0 1
    outer loop
      vertex 19.2221 38.8 14.1
      vertex 18.0096 39.5 14.1
      vertex 18.8161 38.0202 14.1
    endloop
  endfacet
  facet normal -0 0 1
    outer loop
      vertex 17.4054 38.3393 14.1
      vertex 18.8161 38.0202 14.1
      vertex 18.0096 39.5 14.1
    endloop
  endfacet
  facet normal 0 0 1
    outer loop
      vertex 16.9046 37.1303 14.1
      vertex 18.8161 38.0202 14.1
      vertex 17.4054 38.3393 14.1
    endloop
  endfacet
  facet normal 0 0 1
    outer loop
      vertex 18.8161 38.0202 14.1
      vertex 17.7969 35.22 14.1
      vertex 18.788 34.5366 14.1
    endloop
  endfacet
  facet normal 0 0 1
    outer loop
      vertex 18.788 34.5366 14.1
      vertex 17.7969 35.22 14.1
      vertex 18.6382 34.5838 14.1
    endloop
  endfacet
  facet normal 0 0 1
    outer loop
      vertex 18.6382 34.5838 14.1
      vertex 17.7969 35.22 14.1
      vertex 18.4931 34.6439 14.1
    endloop
  endfacet
  facet normal 0 0 1
    outer loop
      vertex 18.4931 34.6439 14.1
      vertex 17.7969 35.22 14.1
      vertex 18.3539 34.7164 14.1
    endloop
  endfacet
  facet normal 0 0 1
    outer loop
      vertex 18.3539 34.7164 14.1
      vertex 17.7969 35.22 14.1
      vertex 18.2214 34.8008 14.1
    endloop
  endfacet
  facet normal 0 0 1
    outer loop
      vertex 18.2214 34.8008 14.1
      vertex 17.7969 35.22 14.1
      vertex 18.0968 34.8964 14.1
    endloop
  endfacet
  facet normal 0 0 1
    outer loop
      vertex 18.0968 34.8964 14.1
      vertex 17.7969 35.22 14.1
      vertex 17.9811 35.0025 14.1
    endloop
  endfacet
  facet normal 0 0 1
    outer loop
      vertex 17.9811 35.0025 14.1
      vertex 17.7969 35.22 14.1
      vertex 17.875 35.1182 14.1
    endloop
  endfacet
  facet normal 0 0 1
    outer loop
      vertex 18.8161 38.0202 14.1
      vertex 16.9046 37.1303 14.1
      vertex 17.7969 35.22 14.1
    endloop
  endfacet
  facet normal -0 0 1
    outer loop
      vertex 16.5111 35.8823 14.1
      vertex 17.7969 35.22 14.1
      vertex 16.9046 37.1303 14.1
    endloop
  endfacet
  facet normal 0 0 1
    outer loop
      vertex 16.2279 34.6047 14.1
      vertex 17.7969 35.22 14.1
      vertex 16.5111 35.8823 14.1
    endloop
  endfacet
  facet normal 0 0 1
    outer loop
      vertex 17.7969 35.22 14.1
      vertex 16.2279 34.6047 14.1
      vertex 17.6066 34.3616 14.1
    endloop
  endfacet
  facet normal 0 0 1
    outer loop
      vertex 45.7721 29.3953 14.1
      vertex 44.3934 29.6384 14.1
      vertex 45.4889 28.1177 14.1
    endloop
  endfacet
  facet normal -0 0 1
    outer loop
      vertex 44.1366 28.4801 14.1
      vertex 45.4889 28.1177 14.1
      vertex 44.3934 29.6384 14.1
    endloop
  endfacet
  facet normal 0 0 1
    outer loop
      vertex 45.4889 28.1177 14.1
      vertex 44.1366 28.4801 14.1
      vertex 45.0954 26.8697 14.1
    endloop
  endfacet
  facet normal -0 0 1
    outer loop
      vertex 43.7798 27.3485 14.1
      vertex 45.0954 26.8697 14.1
      vertex 44.1366 28.4801 14.1
    endloop
  endfacet
  facet normal 0 0 1
    outer loop
      vertex 45.0954 26.8697 14.1
      vertex 43.7798 27.3485 14.1
      vertex 44.5946 25.6607 14.1
    endloop
  endfacet
  facet normal -0 0 1
    outer loop
      vertex 43.3258 26.2524 14.1
      vertex 44.5946 25.6607 14.1
      vertex 43.7798 27.3485 14.1
    endloop
  endfacet
  facet normal 0 0 1
    outer loop
      vertex 44.5946 25.6607 14.1
      vertex 43.3258 26.2524 14.1
      vertex 43.9904 24.5 14.1
    endloop
  endfacet
  facet normal -0 0 1
    outer loop
      vertex 42.7779 25.2 14.1
      vertex 43.9904 24.5 14.1
      vertex 43.3258 26.2524 14.1
    endloop
  endfacet
  facet normal 0 0 1
    outer loop
      vertex 43.9904 24.5 14.1
      vertex 42.7779 25.2 14.1
      vertex 43.2873 23.3964 14.1
    endloop
  endfacet
  facet normal -0 0 1
    outer loop
      vertex 42.1405 24.1994 14.1
      vertex 43.2873 23.3964 14.1
      vertex 42.7779 25.2 14.1
    endloop
  endfacet
  facet normal 0 0 1
    outer loop
      vertex 43.2873 23.3964 14.1
      vertex 42.1405 24.1994 14.1
      vertex 42.4907 22.3582 14.1
    endloop
  endfacet
  facet normal -0 0 1
    outer loop
      vertex 41.4182 23.2581 14.1
      vertex 42.4907 22.3582 14.1
      vertex 42.1405 24.1994 14.1
    endloop
  endfacet
  facet normal 0 0 1
    outer loop
      vertex 42.4907 22.3582 14.1
      vertex 41.4182 23.2581 14.1
      vertex 41.6066 21.3934 14.1
    endloop
  endfacet
  facet normal -0 0 1
    outer loop
      vertex 40.6166 22.3834 14.1
      vertex 41.6066 21.3934 14.1
      vertex 41.4182 23.2581 14.1
    endloop
  endfacet
  facet normal 0 0 1
    outer loop
      vertex 41.6066 21.3934 14.1
      vertex 40.6166 22.3834 14.1
      vertex 40.6418 20.5093 14.1
    endloop
  endfacet
  facet normal -0 0 1
    outer loop
      vertex 39.7419 21.5818 14.1
      vertex 40.6418 20.5093 14.1
      vertex 40.6166 22.3834 14.1
    endloop
  endfacet
  facet normal 0 0 1
    outer loop
      vertex 39.7419 21.5818 14.1
      vertex 39.6036 19.7127 14.1
      vertex 40.6418 20.5093 14.1
    endloop
  endfacet
  facet normal -0 0 1
    outer loop
      vertex 38.8006 20.8595 14.1
      vertex 39.6036 19.7127 14.1
      vertex 39.7419 21.5818 14.1
    endloop
  endfacet
  facet normal 0 0 1
    outer loop
      vertex 38.8006 20.8595 14.1
      vertex 38.5 19.0096 14.1
      vertex 39.6036 19.7127 14.1
    endloop
  endfacet
  facet normal -0 0 1
    outer loop
      vertex 37.8 20.2221 14.1
      vertex 38.5 19.0096 14.1
      vertex 38.8006 20.8595 14.1
    endloop
  endfacet
  facet normal 0 0 1
    outer loop
      vertex 37.8 20.2221 14.1
      vertex 37.3393 18.4054 14.1
      vertex 38.5 19.0096 14.1
    endloop
  endfacet
  facet normal -0 0 1
    outer loop
      vertex 36.7476 19.6742 14.1
      vertex 37.3393 18.4054 14.1
      vertex 37.8 20.2221 14.1
    endloop
  endfacet
  facet normal 0 0 1
    outer loop
      vertex 36.7476 19.6742 14.1
      vertex 36.1303 17.9046 14.1
      vertex 37.3393 18.4054 14.1
    endloop
  endfacet
  facet normal -0 0 1
    outer loop
      vertex 35.6515 19.2202 14.1
      vertex 36.1303 17.9046 14.1
      vertex 36.7476 19.6742 14.1
    endloop
  endfacet
  facet normal 0 0 1
    outer loop
      vertex 35.6515 19.2202 14.1
      vertex 34.8823 17.5111 14.1
      vertex 36.1303 17.9046 14.1
    endloop
  endfacet
  facet normal -0 0 1
    outer loop
      vertex 34.5199 18.8634 14.1
      vertex 34.8823 17.5111 14.1
      vertex 35.6515 19.2202 14.1
    endloop
  endfacet
  facet normal 0 0 1
    outer loop
      vertex 34.5199 18.8634 14.1
      vertex 33.6047 17.2279 14.1
      vertex 34.8823 17.5111 14.1
    endloop
  endfacet
  facet normal -0 0 1
    outer loop
      vertex 33.3616 18.6066 14.1
      vertex 33.6047 17.2279 14.1
      vertex 34.5199 18.8634 14.1
    endloop
  endfacet
  facet normal 0 0 1
    outer loop
      vertex 33.3616 18.6066 14.1
      vertex 32.3073 17.0571 14.1
      vertex 33.6047 17.2279 14.1
    endloop
  endfacet
  facet normal -0 0 1
    outer loop
      vertex 32.1853 18.4518 14.1
      vertex 32.3073 17.0571 14.1
      vertex 33.3616 18.6066 14.1
    endloop
  endfacet
  facet normal -0 0 1
    outer loop
      vertex 31 18.4 14.1
      vertex 32.3073 17.0571 14.1
      vertex 32.1853 18.4518 14.1
    endloop
  endfacet
  facet normal 0 0 1
    outer loop
      vertex 31 18.4 14.1
      vertex 31 17 14.1
      vertex 32.3073 17.0571 14.1
    endloop
  endfacet
  facet normal 0 0 1
    outer loop
      vertex 29.8147 18.4518 14.1
      vertex 31 17 14.1
      vertex 31 18.4 14.1
    endloop
  endfacet
  facet normal 0 0 1
    outer loop
      vertex 29.8147 18.4518 14.1
      vertex 29.6927 17.0571 14.1
      vertex 31 17 14.1
    endloop
  endfacet
  facet normal 0 0 1
    outer loop
      vertex 28.6384 18.6066 14.1
      vertex 29.6927 17.0571 14.1
      vertex 29.8147 18.4518 14.1
    endloop
  endfacet
  facet normal 0 0 1
    outer loop
      vertex 28.6384 18.6066 14.1
      vertex 28.3953 17.2279 14.1
      vertex 29.6927 17.0571 14.1
    endloop
  endfacet
  facet normal 0 0 1
    outer loop
      vertex 27.4801 18.8634 14.1
      vertex 28.3953 17.2279 14.1
      vertex 28.6384 18.6066 14.1
    endloop
  endfacet
  facet normal 0 0 1
    outer loop
      vertex 27.4801 18.8634 14.1
      vertex 27.1177 17.5111 14.1
      vertex 28.3953 17.2279 14.1
    endloop
  endfacet
  facet normal 0 0 1
    outer loop
      vertex 26.3485 19.2202 14.1
      vertex 27.1177 17.5111 14.1
      vertex 27.4801 18.8634 14.1
    endloop
  endfacet
  facet normal 0 0 1
    outer loop
      vertex 26.3485 19.2202 14.1
      vertex 25.8697 17.9046 14.1
      vertex 27.1177 17.5111 14.1
    endloop
  endfacet
  facet normal 0 0 1
    outer loop
      vertex 25.2524 19.6742 14.1
      vertex 25.8697 17.9046 14.1
      vertex 26.3485 19.2202 14.1
    endloop
  endfacet
  facet normal 0 0 1
    outer loop
      vertex 25.2524 19.6742 14.1
      vertex 24.6607 18.4054 14.1
      vertex 25.8697 17.9046 14.1
    endloop
  endfacet
  facet normal 0 0 1
    outer loop
      vertex 24.2 20.2221 14.1
      vertex 24.6607 18.4054 14.1
      vertex 25.2524 19.6742 14.1
    endloop
  endfacet
  facet normal 0 0 1
    outer loop
      vertex 24.2 20.2221 14.1
      vertex 23.5 19.0096 14.1
      vertex 24.6607 18.4054 14.1
    endloop
  endfacet
  facet normal 0 0 1
    outer loop
      vertex 23.1994 20.8595 14.1
      vertex 23.5 19.0096 14.1
      vertex 24.2 20.2221 14.1
    endloop
  endfacet
  facet normal 0 0 1
    outer loop
      vertex 23.1994 20.8595 14.1
      vertex 22.3964 19.7127 14.1
      vertex 23.5 19.0096 14.1
    endloop
  endfacet
  facet normal 0 0 1
    outer loop
      vertex 22.2581 21.5818 14.1
      vertex 22.3964 19.7127 14.1
      vertex 23.1994 20.8595 14.1
    endloop
  endfacet
  facet normal 0 0 1
    outer loop
      vertex 21.3582 20.5093 14.1
      vertex 22.2581 21.5818 14.1
      vertex 21.3834 22.3834 14.1
    endloop
  endfacet
  facet normal 0 0 1
    outer loop
      vertex 22.2581 21.5818 14.1
      vertex 21.3582 20.5093 14.1
      vertex 22.3964 19.7127 14.1
    endloop
  endfacet
  facet normal 0 0 1
    outer loop
      vertex 20.3934 21.3934 14.1
      vertex 21.3834 22.3834 14.1
      vertex 20.5818 23.2581 14.1
    endloop
  endfacet
  facet normal 0 0 1
    outer loop
      vertex 21.3834 22.3834 14.1
      vertex 20.3934 21.3934 14.1
      vertex 21.3582 20.5093 14.1
    endloop
  endfacet
  facet normal 0 0 1
    outer loop
      vertex 19.5093 22.3582 14.1
      vertex 20.5818 23.2581 14.1
      vertex 19.8595 24.1994 14.1
    endloop
  endfacet
  facet normal 0 0 1
    outer loop
      vertex 20.5818 23.2581 14.1
      vertex 19.5093 22.3582 14.1
      vertex 20.3934 21.3934 14.1
    endloop
  endfacet
  facet normal 0 0 1
    outer loop
      vertex 18.7127 23.3964 14.1
      vertex 19.8595 24.1994 14.1
      vertex 19.2221 25.2 14.1
    endloop
  endfacet
  facet normal 0 0 1
    outer loop
      vertex 19.8595 24.1994 14.1
      vertex 18.7127 23.3964 14.1
      vertex 19.5093 22.3582 14.1
    endloop
  endfacet
  facet normal 0 0 1
    outer loop
      vertex 18.0096 24.5 14.1
      vertex 19.2221 25.2 14.1
      vertex 18.6742 26.2524 14.1
    endloop
  endfacet
  facet normal 0 0 1
    outer loop
      vertex 17.4054 25.6607 14.1
      vertex 18.6742 26.2524 14.1
      vertex 18.2202 27.3485 14.1
    endloop
  endfacet
  facet normal 0 0 1
    outer loop
      vertex 19.2221 25.2 14.1
      vertex 18.0096 24.5 14.1
      vertex 18.7127 23.3964 14.1
    endloop
  endfacet
  facet normal 0 0 1
    outer loop
      vertex 16.9046 26.8697 14.1
      vertex 18.2202 27.3485 14.1
      vertex 17.8634 28.4801 14.1
    endloop
  endfacet
  facet normal 0 0 1
    outer loop
      vertex 16.5111 28.1177 14.1
      vertex 17.8634 28.4801 14.1
      vertex 17.6066 29.6384 14.1
    endloop
  endfacet
  facet normal 0 0 1
    outer loop
      vertex 16.2279 29.3953 14.1
      vertex 17.6066 29.6384 14.1
      vertex 17.4518 30.8147 14.1
    endloop
  endfacet
  facet normal 0 0 1
    outer loop
      vertex 18.6742 26.2524 14.1
      vertex 17.4054 25.6607 14.1
      vertex 18.0096 24.5 14.1
    endloop
  endfacet
  facet normal 0 0 1
    outer loop
      vertex 16.0571 30.6927 14.1
      vertex 17.4518 30.8147 14.1
      vertex 17.4 32 14.1
    endloop
  endfacet
  facet normal 0 0 1
    outer loop
      vertex 17.6066 34.3616 14.1
      vertex 16.2279 34.6047 14.1
      vertex 17.4518 33.1853 14.1
    endloop
  endfacet
  facet normal 0 0 1
    outer loop
      vertex 18.2202 27.3485 14.1
      vertex 16.9046 26.8697 14.1
      vertex 17.4054 25.6607 14.1
    endloop
  endfacet
  facet normal -0 0 1
    outer loop
      vertex 16.0571 33.3073 14.1
      vertex 17.4518 33.1853 14.1
      vertex 16.2279 34.6047 14.1
    endloop
  endfacet
  facet normal 0 0 1
    outer loop
      vertex 17.8634 28.4801 14.1
      vertex 16.5111 28.1177 14.1
      vertex 16.9046 26.8697 14.1
    endloop
  endfacet
  facet normal 0 0 1
    outer loop
      vertex 17.4518 33.1853 14.1
      vertex 16.0571 33.3073 14.1
      vertex 17.4 32 14.1
    endloop
  endfacet
  facet normal 0 0 1
    outer loop
      vertex 17.6066 29.6384 14.1
      vertex 16.2279 29.3953 14.1
      vertex 16.5111 28.1177 14.1
    endloop
  endfacet
  facet normal 0 0 1
    outer loop
      vertex 16 32 14.1
      vertex 17.4 32 14.1
      vertex 16.0571 33.3073 14.1
    endloop
  endfacet
  facet normal 0 0 1
    outer loop
      vertex 17.4518 30.8147 14.1
      vertex 16.0571 30.6927 14.1
      vertex 16.2279 29.3953 14.1
    endloop
  endfacet
  facet normal 0 0 1
    outer loop
      vertex 17.4 32 14.1
      vertex 16 32 14.1
      vertex 16.0571 30.6927 14.1
    endloop
  endfacet
  facet normal 0 0 1
    outer loop
      vertex 43.0587 38.0479 14.1
      vertex 43.212 34.5366 14.1
      vertex 43.1839 38.0202 14.1
    endloop
  endfacet
  facet normal 0 0 1
    outer loop
      vertex 43.0587 38.0479 14.1
      vertex 43.0587 34.5026 14.1
      vertex 43.212 34.5366 14.1
    endloop
  endfacet
  facet normal 0 0 1
    outer loop
      vertex 42.903 38.0684 14.1
      vertex 43.0587 34.5026 14.1
      vertex 43.0587 38.0479 14.1
    endloop
  endfacet
  facet normal 0 0 1
    outer loop
      vertex 42.903 38.0684 14.1
      vertex 42.903 34.4821 14.1
      vertex 43.0587 34.5026 14.1
    endloop
  endfacet
  facet normal 0 0 1
    outer loop
      vertex 42.7462 38.0752 14.1
      vertex 42.903 34.4821 14.1
      vertex 42.903 38.0684 14.1
    endloop
  endfacet
  facet normal 0 0 1
    outer loop
      vertex 42.7462 38.0752 14.1
      vertex 42.7462 34.4753 14.1
      vertex 42.903 34.4821 14.1
    endloop
  endfacet
  facet normal -0 0 1
    outer loop
      vertex 42.5893 38.0684 14.1
      vertex 42.7462 34.4753 14.1
      vertex 42.7462 38.0752 14.1
    endloop
  endfacet
  facet normal 0 0 1
    outer loop
      vertex 42.5893 38.0684 14.1
      vertex 42.5893 34.4821 14.1
      vertex 42.7462 34.4753 14.1
    endloop
  endfacet
  facet normal -0 0 1
    outer loop
      vertex 42.4336 38.0479 14.1
      vertex 42.5893 34.4821 14.1
      vertex 42.5893 38.0684 14.1
    endloop
  endfacet
  facet normal 0 0 1
    outer loop
      vertex 42.4336 38.0479 14.1
      vertex 42.4336 34.5026 14.1
      vertex 42.5893 34.4821 14.1
    endloop
  endfacet
  facet normal -0 0 1
    outer loop
      vertex 42.2803 38.0139 14.1
      vertex 42.4336 34.5026 14.1
      vertex 42.4336 38.0479 14.1
    endloop
  endfacet
  facet normal 0 0 1
    outer loop
      vertex 42.2803 38.0139 14.1
      vertex 42.2803 34.5366 14.1
      vertex 42.4336 34.5026 14.1
    endloop
  endfacet
  facet normal -0 0 1
    outer loop
      vertex 42.1305 37.9667 14.1
      vertex 42.2803 34.5366 14.1
      vertex 42.2803 38.0139 14.1
    endloop
  endfacet
  facet normal 0 0 1
    outer loop
      vertex 42.1305 37.9667 14.1
      vertex 42.1305 34.5838 14.1
      vertex 42.2803 34.5366 14.1
    endloop
  endfacet
  facet normal -0 0 1
    outer loop
      vertex 41.9854 37.9066 14.1
      vertex 42.1305 34.5838 14.1
      vertex 42.1305 37.9667 14.1
    endloop
  endfacet
  facet normal 0 0 1
    outer loop
      vertex 41.9854 37.9066 14.1
      vertex 41.9854 34.6439 14.1
      vertex 42.1305 34.5838 14.1
    endloop
  endfacet
  facet normal -0 0 1
    outer loop
      vertex 41.8461 37.8341 14.1
      vertex 41.9854 34.6439 14.1
      vertex 41.9854 37.9066 14.1
    endloop
  endfacet
  facet normal 0 0 1
    outer loop
      vertex 41.8461 37.8341 14.1
      vertex 41.8461 34.7164 14.1
      vertex 41.9854 34.6439 14.1
    endloop
  endfacet
  facet normal -0 0 1
    outer loop
      vertex 41.7137 37.7497 14.1
      vertex 41.8461 34.7164 14.1
      vertex 41.8461 37.8341 14.1
    endloop
  endfacet
  facet normal 0 0 1
    outer loop
      vertex 41.7137 37.7497 14.1
      vertex 41.7137 34.8008 14.1
      vertex 41.8461 34.7164 14.1
    endloop
  endfacet
  facet normal -0 0 1
    outer loop
      vertex 41.5891 37.6541 14.1
      vertex 41.7137 34.8008 14.1
      vertex 41.7137 37.7497 14.1
    endloop
  endfacet
  facet normal 0 0 1
    outer loop
      vertex 41.5891 37.6541 14.1
      vertex 41.5891 34.8964 14.1
      vertex 41.7137 34.8008 14.1
    endloop
  endfacet
  facet normal -0 0 1
    outer loop
      vertex 41.4734 37.548 14.1
      vertex 41.5891 34.8964 14.1
      vertex 41.5891 37.6541 14.1
    endloop
  endfacet
  facet normal 0 0 1
    outer loop
      vertex 41.4734 37.548 14.1
      vertex 41.4734 35.0025 14.1
      vertex 41.5891 34.8964 14.1
    endloop
  endfacet
  facet normal -0 0 1
    outer loop
      vertex 41.3673 37.4323 14.1
      vertex 41.4734 35.0025 14.1
      vertex 41.4734 37.548 14.1
    endloop
  endfacet
  facet normal 0 0 1
    outer loop
      vertex 41.3673 37.4323 14.1
      vertex 41.3673 35.1182 14.1
      vertex 41.4734 35.0025 14.1
    endloop
  endfacet
  facet normal -0 0 1
    outer loop
      vertex 41.2717 37.3077 14.1
      vertex 41.3673 35.1182 14.1
      vertex 41.3673 37.4323 14.1
    endloop
  endfacet
  facet normal 0 0 1
    outer loop
      vertex 41.2717 37.3077 14.1
      vertex 41.2717 35.2428 14.1
      vertex 41.3673 35.1182 14.1
    endloop
  endfacet
  facet normal -0 0 1
    outer loop
      vertex 41.1873 37.1752 14.1
      vertex 41.2717 35.2428 14.1
      vertex 41.2717 37.3077 14.1
    endloop
  endfacet
  facet normal 0 0 1
    outer loop
      vertex 41.1873 37.1752 14.1
      vertex 41.1873 35.3752 14.1
      vertex 41.2717 35.2428 14.1
    endloop
  endfacet
  facet normal -0 0 1
    outer loop
      vertex 41.1148 37.0359 14.1
      vertex 41.1873 35.3752 14.1
      vertex 41.1873 37.1752 14.1
    endloop
  endfacet
  facet normal 0 0 1
    outer loop
      vertex 41.1148 37.0359 14.1
      vertex 41.1148 35.5145 14.1
      vertex 41.1873 35.3752 14.1
    endloop
  endfacet
  facet normal -0 0 1
    outer loop
      vertex 41.0547 36.8909 14.1
      vertex 41.1148 35.5145 14.1
      vertex 41.1148 37.0359 14.1
    endloop
  endfacet
  facet normal 0 0 1
    outer loop
      vertex 41.0547 36.8909 14.1
      vertex 41.0547 35.6596 14.1
      vertex 41.1148 35.5145 14.1
    endloop
  endfacet
  facet normal -0 0 1
    outer loop
      vertex 41.0075 36.7411 14.1
      vertex 41.0547 35.6596 14.1
      vertex 41.0547 36.8909 14.1
    endloop
  endfacet
  facet normal 0 0 1
    outer loop
      vertex 41.0075 36.7411 14.1
      vertex 41.0075 35.8094 14.1
      vertex 41.0547 35.6596 14.1
    endloop
  endfacet
  facet normal -0 0 1
    outer loop
      vertex 40.9735 36.5878 14.1
      vertex 41.0075 35.8094 14.1
      vertex 41.0075 36.7411 14.1
    endloop
  endfacet
  facet normal 0 0 1
    outer loop
      vertex 40.9735 36.5878 14.1
      vertex 40.9735 35.9627 14.1
      vertex 41.0075 35.8094 14.1
    endloop
  endfacet
  facet normal -0 0 1
    outer loop
      vertex 40.953 36.4321 14.1
      vertex 40.9735 35.9627 14.1
      vertex 40.9735 36.5878 14.1
    endloop
  endfacet
  facet normal 0 0 1
    outer loop
      vertex 40.953 36.4321 14.1
      vertex 40.953 36.1184 14.1
      vertex 40.9735 35.9627 14.1
    endloop
  endfacet
  facet normal 0 -0 1
    outer loop
      vertex 40.953 36.1184 14.1
      vertex 40.953 36.4321 14.1
      vertex 40.9462 36.2752 14.1
    endloop
  endfacet
  facet normal -0 0 1
    outer loop
      vertex 37.409 43.8707 14.1
      vertex 37.5541 40.5479 14.1
      vertex 37.5274 43.9198 14.1
    endloop
  endfacet
  facet normal 0 0 1
    outer loop
      vertex 37.409 43.8707 14.1
      vertex 37.409 40.608 14.1
      vertex 37.5541 40.5479 14.1
    endloop
  endfacet
  facet normal -0 0 1
    outer loop
      vertex 37.2697 43.7982 14.1
      vertex 37.409 40.608 14.1
      vertex 37.409 43.8707 14.1
    endloop
  endfacet
  facet normal 0 0 1
    outer loop
      vertex 37.2697 43.7982 14.1
      vertex 37.2697 40.6805 14.1
      vertex 37.409 40.608 14.1
    endloop
  endfacet
  facet normal -0 0 1
    outer loop
      vertex 37.1373 43.7139 14.1
      vertex 37.2697 40.6805 14.1
      vertex 37.2697 43.7982 14.1
    endloop
  endfacet
  facet normal 0 0 1
    outer loop
      vertex 37.1373 43.7139 14.1
      vertex 37.1373 40.7649 14.1
      vertex 37.2697 40.6805 14.1
    endloop
  endfacet
  facet normal -0 0 1
    outer loop
      vertex 37.0127 43.6183 14.1
      vertex 37.1373 40.7649 14.1
      vertex 37.1373 43.7139 14.1
    endloop
  endfacet
  facet normal 0 0 1
    outer loop
      vertex 37.0127 43.6183 14.1
      vertex 37.0127 40.8605 14.1
      vertex 37.1373 40.7649 14.1
    endloop
  endfacet
  facet normal -0 0 1
    outer loop
      vertex 36.8969 43.5122 14.1
      vertex 37.0127 40.8605 14.1
      vertex 37.0127 43.6183 14.1
    endloop
  endfacet
  facet normal 0 0 1
    outer loop
      vertex 36.8969 43.5122 14.1
      vertex 36.8969 40.9666 14.1
      vertex 37.0127 40.8605 14.1
    endloop
  endfacet
  facet normal -0 0 1
    outer loop
      vertex 36.7908 43.3964 14.1
      vertex 36.8969 40.9666 14.1
      vertex 36.8969 43.5122 14.1
    endloop
  endfacet
  facet normal 0 0 1
    outer loop
      vertex 36.7908 43.3964 14.1
      vertex 36.7908 41.0824 14.1
      vertex 36.8969 40.9666 14.1
    endloop
  endfacet
  facet normal -0 0 1
    outer loop
      vertex 36.6952 43.2718 14.1
      vertex 36.7908 41.0824 14.1
      vertex 36.7908 43.3964 14.1
    endloop
  endfacet
  facet normal 0 0 1
    outer loop
      vertex 36.6952 43.2718 14.1
      vertex 36.6952 41.207 14.1
      vertex 36.7908 41.0824 14.1
    endloop
  endfacet
  facet normal -0 0 1
    outer loop
      vertex 36.6109 43.1394 14.1
      vertex 36.6952 41.207 14.1
      vertex 36.6952 43.2718 14.1
    endloop
  endfacet
  facet normal 0 0 1
    outer loop
      vertex 36.6109 43.1394 14.1
      vertex 36.6109 41.3394 14.1
      vertex 36.6952 41.207 14.1
    endloop
  endfacet
  facet normal -0 0 1
    outer loop
      vertex 36.5383 43.0001 14.1
      vertex 36.6109 41.3394 14.1
      vertex 36.6109 43.1394 14.1
    endloop
  endfacet
  facet normal 0 0 1
    outer loop
      vertex 36.5383 43.0001 14.1
      vertex 36.5383 41.4787 14.1
      vertex 36.6109 41.3394 14.1
    endloop
  endfacet
  facet normal -0 0 1
    outer loop
      vertex 36.4783 42.855 14.1
      vertex 36.5383 41.4787 14.1
      vertex 36.5383 43.0001 14.1
    endloop
  endfacet
  facet normal 0 0 1
    outer loop
      vertex 36.4783 42.855 14.1
      vertex 36.4783 41.6238 14.1
      vertex 36.5383 41.4787 14.1
    endloop
  endfacet
  facet normal -0 0 1
    outer loop
      vertex 36.431 42.7053 14.1
      vertex 36.4783 41.6238 14.1
      vertex 36.4783 42.855 14.1
    endloop
  endfacet
  facet normal 0 0 1
    outer loop
      vertex 36.431 42.7053 14.1
      vertex 36.431 41.7735 14.1
      vertex 36.4783 41.6238 14.1
    endloop
  endfacet
  facet normal -0 0 1
    outer loop
      vertex 36.397 42.552 14.1
      vertex 36.431 41.7735 14.1
      vertex 36.431 42.7053 14.1
    endloop
  endfacet
  facet normal 0 0 1
    outer loop
      vertex 36.397 42.552 14.1
      vertex 36.397 41.9268 14.1
      vertex 36.431 41.7735 14.1
    endloop
  endfacet
  facet normal -0 0 1
    outer loop
      vertex 36.3765 42.3963 14.1
      vertex 36.397 41.9268 14.1
      vertex 36.397 42.552 14.1
    endloop
  endfacet
  facet normal 0 0 1
    outer loop
      vertex 36.3765 42.3963 14.1
      vertex 36.3765 42.0825 14.1
      vertex 36.397 41.9268 14.1
    endloop
  endfacet
  facet normal 0 -0 1
    outer loop
      vertex 36.3765 42.0825 14.1
      vertex 36.3765 42.3963 14.1
      vertex 36.3697 42.2394 14.1
    endloop
  endfacet
  facet normal 0 0 1
    outer loop
      vertex 32.7931 44.6569 14.1
      vertex 32.7931 44.3431 14.1
      vertex 32.8 44.5 14.1
    endloop
  endfacet
  facet normal 0 0 1
    outer loop
      vertex 32.7726 44.8126 14.1
      vertex 32.7931 44.3431 14.1
      vertex 32.7931 44.6569 14.1
    endloop
  endfacet
  facet normal 0 0 1
    outer loop
      vertex 32.7726 44.8126 14.1
      vertex 32.7726 44.1874 14.1
      vertex 32.7931 44.3431 14.1
    endloop
  endfacet
  facet normal 0 0 1
    outer loop
      vertex 32.7387 44.9659 14.1
      vertex 32.7726 44.1874 14.1
      vertex 32.7726 44.8126 14.1
    endloop
  endfacet
  facet normal 0 0 1
    outer loop
      vertex 32.7387 44.9659 14.1
      vertex 32.7387 44.0341 14.1
      vertex 32.7726 44.1874 14.1
    endloop
  endfacet
  facet normal 0 0 1
    outer loop
      vertex 32.6914 45.1156 14.1
      vertex 32.7387 44.0341 14.1
      vertex 32.7387 44.9659 14.1
    endloop
  endfacet
  facet normal 0 0 1
    outer loop
      vertex 32.6914 45.1156 14.1
      vertex 32.6914 43.8844 14.1
      vertex 32.7387 44.0341 14.1
    endloop
  endfacet
  facet normal 0 0 1
    outer loop
      vertex 32.6313 45.2607 14.1
      vertex 32.6914 43.8844 14.1
      vertex 32.6914 45.1156 14.1
    endloop
  endfacet
  facet normal 0 0 1
    outer loop
      vertex 32.6313 45.2607 14.1
      vertex 32.6313 43.7393 14.1
      vertex 32.6914 43.8844 14.1
    endloop
  endfacet
  facet normal 0 0 1
    outer loop
      vertex 32.5588 45.4 14.1
      vertex 32.6313 43.7393 14.1
      vertex 32.6313 45.2607 14.1
    endloop
  endfacet
  facet normal 0 0 1
    outer loop
      vertex 32.5588 45.4 14.1
      vertex 32.5588 43.6 14.1
      vertex 32.6313 43.7393 14.1
    endloop
  endfacet
  facet normal 0 0 1
    outer loop
      vertex 32.4899 45.5081 14.1
      vertex 32.5588 43.6 14.1
      vertex 32.5588 45.4 14.1
    endloop
  endfacet
  facet normal 0 0 1
    outer loop
      vertex 32.5588 43.6 14.1
      vertex 32.4899 45.5081 14.1
      vertex 32.4745 43.4676 14.1
    endloop
  endfacet
  facet normal -0 0 1
    outer loop
      vertex 29.4412 45.4 14.1
      vertex 29.5255 43.4676 14.1
      vertex 29.5101 45.5081 14.1
    endloop
  endfacet
  facet normal 0 0 1
    outer loop
      vertex 29.4412 45.4 14.1
      vertex 29.4412 43.6 14.1
      vertex 29.5255 43.4676 14.1
    endloop
  endfacet
  facet normal -0 0 1
    outer loop
      vertex 29.3687 45.2607 14.1
      vertex 29.4412 43.6 14.1
      vertex 29.4412 45.4 14.1
    endloop
  endfacet
  facet normal 0 0 1
    outer loop
      vertex 29.3687 45.2607 14.1
      vertex 29.3687 43.7393 14.1
      vertex 29.4412 43.6 14.1
    endloop
  endfacet
  facet normal -0 0 1
    outer loop
      vertex 29.3086 45.1156 14.1
      vertex 29.3687 43.7393 14.1
      vertex 29.3687 45.2607 14.1
    endloop
  endfacet
  facet normal 0 0 1
    outer loop
      vertex 29.3086 45.1156 14.1
      vertex 29.3086 43.8844 14.1
      vertex 29.3687 43.7393 14.1
    endloop
  endfacet
  facet normal -0 0 1
    outer loop
      vertex 29.2613 44.9659 14.1
      vertex 29.3086 43.8844 14.1
      vertex 29.3086 45.1156 14.1
    endloop
  endfacet
  facet normal 0 0 1
    outer loop
      vertex 29.2613 44.9659 14.1
      vertex 29.2613 44.0341 14.1
      vertex 29.3086 43.8844 14.1
    endloop
  endfacet
  facet normal -0 0 1
    outer loop
      vertex 29.2274 44.8126 14.1
      vertex 29.2613 44.0341 14.1
      vertex 29.2613 44.9659 14.1
    endloop
  endfacet
  facet normal 0 0 1
    outer loop
      vertex 29.2274 44.8126 14.1
      vertex 29.2274 44.1874 14.1
      vertex 29.2613 44.0341 14.1
    endloop
  endfacet
  facet normal -0 0 1
    outer loop
      vertex 29.2069 44.6569 14.1
      vertex 29.2274 44.1874 14.1
      vertex 29.2274 44.8126 14.1
    endloop
  endfacet
  facet normal 0 0 1
    outer loop
      vertex 29.2069 44.6569 14.1
      vertex 29.2069 44.3431 14.1
      vertex 29.2274 44.1874 14.1
    endloop
  endfacet
  facet normal 0 -0 1
    outer loop
      vertex 29.2069 44.3431 14.1
      vertex 29.2069 44.6569 14.1
      vertex 29.2 44.5 14.1
    endloop
  endfacet
  facet normal 0 0 1
    outer loop
      vertex 25.6235 42.3963 14.1
      vertex 25.6235 42.0825 14.1
      vertex 25.6303 42.2394 14.1
    endloop
  endfacet
  facet normal 0 0 1
    outer loop
      vertex 25.603 42.552 14.1
      vertex 25.6235 42.0825 14.1
      vertex 25.6235 42.3963 14.1
    endloop
  endfacet
  facet normal 0 0 1
    outer loop
      vertex 25.603 42.552 14.1
      vertex 25.603 41.9268 14.1
      vertex 25.6235 42.0825 14.1
    endloop
  endfacet
  facet normal 0 0 1
    outer loop
      vertex 25.569 42.7053 14.1
      vertex 25.603 41.9268 14.1
      vertex 25.603 42.552 14.1
    endloop
  endfacet
  facet normal 0 0 1
    outer loop
      vertex 25.569 42.7053 14.1
      vertex 25.569 41.7735 14.1
      vertex 25.603 41.9268 14.1
    endloop
  endfacet
  facet normal 0 0 1
    outer loop
      vertex 25.5217 42.855 14.1
      vertex 25.569 41.7735 14.1
      vertex 25.569 42.7053 14.1
    endloop
  endfacet
  facet normal 0 0 1
    outer loop
      vertex 25.5217 42.855 14.1
      vertex 25.5217 41.6238 14.1
      vertex 25.569 41.7735 14.1
    endloop
  endfacet
  facet normal 0 0 1
    outer loop
      vertex 25.4617 43.0001 14.1
      vertex 25.5217 41.6238 14.1
      vertex 25.5217 42.855 14.1
    endloop
  endfacet
  facet normal 0 0 1
    outer loop
      vertex 25.4617 43.0001 14.1
      vertex 25.4617 41.4787 14.1
      vertex 25.5217 41.6238 14.1
    endloop
  endfacet
  facet normal 0 0 1
    outer loop
      vertex 25.3891 43.1394 14.1
      vertex 25.4617 41.4787 14.1
      vertex 25.4617 43.0001 14.1
    endloop
  endfacet
  facet normal 0 0 1
    outer loop
      vertex 25.3891 43.1394 14.1
      vertex 25.3891 41.3394 14.1
      vertex 25.4617 41.4787 14.1
    endloop
  endfacet
  facet normal 0 0 1
    outer loop
      vertex 25.3048 43.2718 14.1
      vertex 25.3891 41.3394 14.1
      vertex 25.3891 43.1394 14.1
    endloop
  endfacet
  facet normal 0 0 1
    outer loop
      vertex 25.3048 43.2718 14.1
      vertex 25.3048 41.207 14.1
      vertex 25.3891 41.3394 14.1
    endloop
  endfacet
  facet normal 0 0 1
    outer loop
      vertex 25.2092 43.3964 14.1
      vertex 25.3048 41.207 14.1
      vertex 25.3048 43.2718 14.1
    endloop
  endfacet
  facet normal 0 0 1
    outer loop
      vertex 25.2092 43.3964 14.1
      vertex 25.2092 41.0824 14.1
      vertex 25.3048 41.207 14.1
    endloop
  endfacet
  facet normal 0 0 1
    outer loop
      vertex 25.1031 43.5122 14.1
      vertex 25.2092 41.0824 14.1
      vertex 25.2092 43.3964 14.1
    endloop
  endfacet
  facet normal 0 0 1
    outer loop
      vertex 25.1031 43.5122 14.1
      vertex 25.1031 40.9666 14.1
      vertex 25.2092 41.0824 14.1
    endloop
  endfacet
  facet normal 0 0 1
    outer loop
      vertex 24.9873 43.6183 14.1
      vertex 25.1031 40.9666 14.1
      vertex 25.1031 43.5122 14.1
    endloop
  endfacet
  facet normal 0 0 1
    outer loop
      vertex 24.9873 43.6183 14.1
      vertex 24.9873 40.8605 14.1
      vertex 25.1031 40.9666 14.1
    endloop
  endfacet
  facet normal 0 0 1
    outer loop
      vertex 24.8627 43.7139 14.1
      vertex 24.9873 40.8605 14.1
      vertex 24.9873 43.6183 14.1
    endloop
  endfacet
  facet normal 0 0 1
    outer loop
      vertex 24.8627 43.7139 14.1
      vertex 24.8627 40.7649 14.1
      vertex 24.9873 40.8605 14.1
    endloop
  endfacet
  facet normal 0 0 1
    outer loop
      vertex 24.7303 43.7982 14.1
      vertex 24.8627 40.7649 14.1
      vertex 24.8627 43.7139 14.1
    endloop
  endfacet
  facet normal 0 0 1
    outer loop
      vertex 24.7303 43.7982 14.1
      vertex 24.7303 40.6805 14.1
      vertex 24.8627 40.7649 14.1
    endloop
  endfacet
  facet normal 0 0 1
    outer loop
      vertex 24.591 43.8707 14.1
      vertex 24.7303 40.6805 14.1
      vertex 24.7303 43.7982 14.1
    endloop
  endfacet
  facet normal 0 0 1
    outer loop
      vertex 24.591 43.8707 14.1
      vertex 24.591 40.608 14.1
      vertex 24.7303 40.6805 14.1
    endloop
  endfacet
  facet normal 0 0 1
    outer loop
      vertex 24.4726 43.9198 14.1
      vertex 24.591 40.608 14.1
      vertex 24.591 43.8707 14.1
    endloop
  endfacet
  facet normal 0 0 1
    outer loop
      vertex 24.591 40.608 14.1
      vertex 24.4726 43.9198 14.1
      vertex 24.4459 40.5479 14.1
    endloop
  endfacet
  facet normal 0 0 1
    outer loop
      vertex 21.047 36.4321 14.1
      vertex 21.047 36.1184 14.1
      vertex 21.0538 36.2752 14.1
    endloop
  endfacet
  facet normal 0 0 1
    outer loop
      vertex 21.0265 36.5878 14.1
      vertex 21.047 36.1184 14.1
      vertex 21.047 36.4321 14.1
    endloop
  endfacet
  facet normal 0 0 1
    outer loop
      vertex 21.0265 36.5878 14.1
      vertex 21.0265 35.9627 14.1
      vertex 21.047 36.1184 14.1
    endloop
  endfacet
  facet normal 0 0 1
    outer loop
      vertex 20.9925 36.7411 14.1
      vertex 21.0265 35.9627 14.1
      vertex 21.0265 36.5878 14.1
    endloop
  endfacet
  facet normal 0 0 1
    outer loop
      vertex 20.9925 36.7411 14.1
      vertex 20.9925 35.8094 14.1
      vertex 21.0265 35.9627 14.1
    endloop
  endfacet
  facet normal 0 0 1
    outer loop
      vertex 20.9453 36.8909 14.1
      vertex 20.9925 35.8094 14.1
      vertex 20.9925 36.7411 14.1
    endloop
  endfacet
  facet normal 0 0 1
    outer loop
      vertex 20.9453 36.8909 14.1
      vertex 20.9453 35.6596 14.1
      vertex 20.9925 35.8094 14.1
    endloop
  endfacet
  facet normal 0 0 1
    outer loop
      vertex 20.8852 37.0359 14.1
      vertex 20.9453 35.6596 14.1
      vertex 20.9453 36.8909 14.1
    endloop
  endfacet
  facet normal 0 0 1
    outer loop
      vertex 20.8852 37.0359 14.1
      vertex 20.8852 35.5145 14.1
      vertex 20.9453 35.6596 14.1
    endloop
  endfacet
  facet normal 0 0 1
    outer loop
      vertex 20.8127 37.1752 14.1
      vertex 20.8852 35.5145 14.1
      vertex 20.8852 37.0359 14.1
    endloop
  endfacet
  facet normal 0 0 1
    outer loop
      vertex 20.8127 37.1752 14.1
      vertex 20.8127 35.3752 14.1
      vertex 20.8852 35.5145 14.1
    endloop
  endfacet
  facet normal 0 0 1
    outer loop
      vertex 20.7283 37.3077 14.1
      vertex 20.8127 35.3752 14.1
      vertex 20.8127 37.1752 14.1
    endloop
  endfacet
  facet normal 0 0 1
    outer loop
      vertex 20.7283 37.3077 14.1
      vertex 20.7283 35.2428 14.1
      vertex 20.8127 35.3752 14.1
    endloop
  endfacet
  facet normal 0 0 1
    outer loop
      vertex 20.6327 37.4323 14.1
      vertex 20.7283 35.2428 14.1
      vertex 20.7283 37.3077 14.1
    endloop
  endfacet
  facet normal 0 0 1
    outer loop
      vertex 20.6327 37.4323 14.1
      vertex 20.6327 35.1182 14.1
      vertex 20.7283 35.2428 14.1
    endloop
  endfacet
  facet normal 0 0 1
    outer loop
      vertex 20.5266 37.548 14.1
      vertex 20.6327 35.1182 14.1
      vertex 20.6327 37.4323 14.1
    endloop
  endfacet
  facet normal 0 0 1
    outer loop
      vertex 20.5266 37.548 14.1
      vertex 20.5266 35.0025 14.1
      vertex 20.6327 35.1182 14.1
    endloop
  endfacet
  facet normal 0 0 1
    outer loop
      vertex 20.4109 37.6541 14.1
      vertex 20.5266 35.0025 14.1
      vertex 20.5266 37.548 14.1
    endloop
  endfacet
  facet normal 0 0 1
    outer loop
      vertex 20.4109 37.6541 14.1
      vertex 20.4109 34.8964 14.1
      vertex 20.5266 35.0025 14.1
    endloop
  endfacet
  facet normal 0 0 1
    outer loop
      vertex 20.2863 37.7497 14.1
      vertex 20.4109 34.8964 14.1
      vertex 20.4109 37.6541 14.1
    endloop
  endfacet
  facet normal 0 0 1
    outer loop
      vertex 20.2863 37.7497 14.1
      vertex 20.2863 34.8008 14.1
      vertex 20.4109 34.8964 14.1
    endloop
  endfacet
  facet normal 0 0 1
    outer loop
      vertex 20.1539 37.8341 14.1
      vertex 20.2863 34.8008 14.1
      vertex 20.2863 37.7497 14.1
    endloop
  endfacet
  facet normal 0 0 1
    outer loop
      vertex 20.1539 37.8341 14.1
      vertex 20.1539 34.7164 14.1
      vertex 20.2863 34.8008 14.1
    endloop
  endfacet
  facet normal 0 0 1
    outer loop
      vertex 20.0146 37.9066 14.1
      vertex 20.1539 34.7164 14.1
      vertex 20.1539 37.8341 14.1
    endloop
  endfacet
  facet normal 0 0 1
    outer loop
      vertex 20.0146 37.9066 14.1
      vertex 20.0146 34.6439 14.1
      vertex 20.1539 34.7164 14.1
    endloop
  endfacet
  facet normal 0 0 1
    outer loop
      vertex 19.8695 37.9667 14.1
      vertex 20.0146 34.6439 14.1
      vertex 20.0146 37.9066 14.1
    endloop
  endfacet
  facet normal 0 0 1
    outer loop
      vertex 19.8695 37.9667 14.1
      vertex 19.8695 34.5838 14.1
      vertex 20.0146 34.6439 14.1
    endloop
  endfacet
  facet normal 0 0 1
    outer loop
      vertex 19.7197 38.0139 14.1
      vertex 19.8695 34.5838 14.1
      vertex 19.8695 37.9667 14.1
    endloop
  endfacet
  facet normal 0 0 1
    outer loop
      vertex 19.7197 38.0139 14.1
      vertex 19.7197 34.5366 14.1
      vertex 19.8695 34.5838 14.1
    endloop
  endfacet
  facet normal 0 0 1
    outer loop
      vertex 19.5664 38.0479 14.1
      vertex 19.7197 34.5366 14.1
      vertex 19.7197 38.0139 14.1
    endloop
  endfacet
  facet normal 0 0 1
    outer loop
      vertex 19.5664 38.0479 14.1
      vertex 19.5664 34.5026 14.1
      vertex 19.7197 34.5366 14.1
    endloop
  endfacet
  facet normal 0 0 1
    outer loop
      vertex 19.4107 38.0684 14.1
      vertex 19.5664 34.5026 14.1
      vertex 19.5664 38.0479 14.1
    endloop
  endfacet
  facet normal 0 0 1
    outer loop
      vertex 19.4107 38.0684 14.1
      vertex 19.4107 34.4821 14.1
      vertex 19.5664 34.5026 14.1
    endloop
  endfacet
  facet normal 0 0 1
    outer loop
      vertex 19.2538 38.0752 14.1
      vertex 19.4107 34.4821 14.1
      vertex 19.4107 38.0684 14.1
    endloop
  endfacet
  facet normal 0 0 1
    outer loop
      vertex 19.2538 38.0752 14.1
      vertex 19.2538 34.4753 14.1
      vertex 19.4107 34.4821 14.1
    endloop
  endfacet
  facet normal -0 0 1
    outer loop
      vertex 19.097 38.0684 14.1
      vertex 19.2538 34.4753 14.1
      vertex 19.2538 38.0752 14.1
    endloop
  endfacet
  facet normal 0 0 1
    outer loop
      vertex 19.097 38.0684 14.1
      vertex 19.097 34.4821 14.1
      vertex 19.2538 34.4753 14.1
    endloop
  endfacet
  facet normal -0 0 1
    outer loop
      vertex 18.9413 38.0479 14.1
      vertex 19.097 34.4821 14.1
      vertex 19.097 38.0684 14.1
    endloop
  endfacet
  facet normal 0 0 1
    outer loop
      vertex 18.9413 38.0479 14.1
      vertex 18.9413 34.5026 14.1
      vertex 19.097 34.4821 14.1
    endloop
  endfacet
  facet normal -0 0 1
    outer loop
      vertex 18.8161 38.0202 14.1
      vertex 18.9413 34.5026 14.1
      vertex 18.9413 38.0479 14.1
    endloop
  endfacet
  facet normal 0 0 1
    outer loop
      vertex 18.9413 34.5026 14.1
      vertex 18.8161 38.0202 14.1
      vertex 18.788 34.5366 14.1
    endloop
  endfacet
  facet normal 0 0 1
    outer loop
      vertex 31.8 40 14.1
      vertex 30.2 40 14.1
      vertex 31.8 34.9856 14.1
    endloop
  endfacet
  facet normal 0 0 1
    outer loop
      vertex 34.8641 30.6928 14.1
      vertex 33.1856 29.8144 14.1
      vertex 34.0641 29.3072 14.1
    endloop
  endfacet
  facet normal 0 -0 1
    outer loop
      vertex 33.1856 29.8144 14.1
      vertex 34.8641 30.6928 14.1
      vertex 32.6 32 14.1
    endloop
  endfacet
  facet normal 0 0 1
    outer loop
      vertex 33.1856 29.8144 14.1
      vertex 32.4 28.1895 14.1
      vertex 33.6928 28.9359 14.1
    endloop
  endfacet
  facet normal 0 0 1
    outer loop
      vertex 28.8144 29.8144 14.1
      vertex 33.1856 29.8144 14.1
      vertex 32.6 32 14.1
    endloop
  endfacet
  facet normal 0 0 1
    outer loop
      vertex 34.3072 39.3282 14.1
      vertex 33.1856 34.1856 14.1
      vertex 35.6928 38.5282 14.1
    endloop
  endfacet
  facet normal -0 0 1
    outer loop
      vertex 31.8 34.9856 14.1
      vertex 33.1856 34.1856 14.1
      vertex 34.3072 39.3282 14.1
    endloop
  endfacet
  facet normal 0 0 1
    outer loop
      vertex 33.1856 34.1856 14.1
      vertex 31.8 34.9856 14.1
      vertex 32.6 32 14.1
    endloop
  endfacet
  facet normal 0 0 1
    outer loop
      vertex 29.4 32 14.1
      vertex 32.6 32 14.1
      vertex 31.8 34.9856 14.1
    endloop
  endfacet
  facet normal 0 0 1
    outer loop
      vertex 28.8144 29.8144 14.1
      vertex 32.6 32 14.1
      vertex 29.4 32 14.1
    endloop
  endfacet
  facet normal 0 0 1
    outer loop
      vertex 30.2 34.9856 14.1
      vertex 31.8 34.9856 14.1
      vertex 30.2 40 14.1
    endloop
  endfacet
  facet normal 0 0 1
    outer loop
      vertex 29.4 32 14.1
      vertex 31.8 34.9856 14.1
      vertex 30.2 34.9856 14.1
    endloop
  endfacet
  facet normal 0 0 1
    outer loop
      vertex 32.4 28.1895 14.1
      vertex 29.6 28.1895 14.1
      vertex 32.4 19 14.1
    endloop
  endfacet
  facet normal 0 0 1
    outer loop
      vertex 32.4 19 14.1
      vertex 29.6 28.1895 14.1
      vertex 29.6 19 14.1
    endloop
  endfacet
  facet normal 0 0 1
    outer loop
      vertex 33.1856 34.1856 14.1
      vertex 38.3282 35.3072 14.1
      vertex 37.5282 36.6928 14.1
    endloop
  endfacet
  facet normal 0 0 1
    outer loop
      vertex 38.3282 35.3072 14.1
      vertex 33.1856 34.1856 14.1
      vertex 32.6 32 14.1
    endloop
  endfacet
  facet normal -0 0 1
    outer loop
      vertex 27.1359 30.6928 14.1
      vertex 28.8144 29.8144 14.1
      vertex 29.4 32 14.1
    endloop
  endfacet
  facet normal 0 0 1
    outer loop
      vertex 28.8144 29.8144 14.1
      vertex 27.1359 30.6928 14.1
      vertex 27.9359 29.3072 14.1
    endloop
  endfacet
  facet normal 0 0 1
    outer loop
      vertex 33.1856 29.8144 14.1
      vertex 28.8144 29.8144 14.1
      vertex 32.4 28.1895 14.1
    endloop
  endfacet
  facet normal 0 0 1
    outer loop
      vertex 30.2 34.9856 14.1
      vertex 28.8144 34.1856 14.1
      vertex 29.4 32 14.1
    endloop
  endfacet
  facet normal 0 0 1
    outer loop
      vertex 27.6928 39.3282 14.1
      vertex 28.8144 34.1856 14.1
      vertex 30.2 34.9856 14.1
    endloop
  endfacet
  facet normal 0 0 1
    outer loop
      vertex 28.8144 34.1856 14.1
      vertex 27.6928 39.3282 14.1
      vertex 26.3072 38.5282 14.1
    endloop
  endfacet
  facet normal 0 0 1
    outer loop
      vertex 32.4 28.1895 14.1
      vertex 28.8144 29.8144 14.1
      vertex 29.6 28.1895 14.1
    endloop
  endfacet
  facet normal 0 0 1
    outer loop
      vertex 29.6 28.1895 14.1
      vertex 28.8144 29.8144 14.1
      vertex 28.3072 28.9359 14.1
    endloop
  endfacet
  facet normal -0 0 1
    outer loop
      vertex 23.6718 35.3072 14.1
      vertex 28.8144 34.1856 14.1
      vertex 24.4718 36.6928 14.1
    endloop
  endfacet
  facet normal 0 0 1
    outer loop
      vertex 28.8144 34.1856 14.1
      vertex 23.6718 35.3072 14.1
      vertex 29.4 32 14.1
    endloop
  endfacet
  facet normal -0.130522 0.991445 0
    outer loop
      vertex 33.6047 17.2279 14.1
      vertex 32.3073 17.0571 15
      vertex 33.6047 17.2279 15
    endloop
  endfacet
  facet normal -0.130522 0.991445 0
    outer loop
      vertex 32.3073 17.0571 15
      vertex 33.6047 17.2279 14.1
      vertex 32.3073 17.0571 14.1
    endloop
  endfacet
  facet normal -0.216413 0.976302 0
    outer loop
      vertex 34.8823 17.5111 14.1
      vertex 33.6047 17.2279 15
      vertex 34.8823 17.5111 15
    endloop
  endfacet
  facet normal -0.216413 0.976302 0
    outer loop
      vertex 33.6047 17.2279 15
      vertex 34.8823 17.5111 14.1
      vertex 33.6047 17.2279 14.1
    endloop
  endfacet
  facet normal -0.300711 0.953715 0
    outer loop
      vertex 36.1303 17.9046 14.1
      vertex 34.8823 17.5111 15
      vertex 36.1303 17.9046 15
    endloop
  endfacet
  facet normal -0.300711 0.953715 0
    outer loop
      vertex 34.8823 17.5111 15
      vertex 36.1303 17.9046 14.1
      vertex 34.8823 17.5111 14.1
    endloop
  endfacet
  facet normal -0.382694 0.923875 0
    outer loop
      vertex 37.3393 18.4054 14.1
      vertex 36.1303 17.9046 15
      vertex 37.3393 18.4054 15
    endloop
  endfacet
  facet normal -0.382694 0.923875 0
    outer loop
      vertex 36.1303 17.9046 15
      vertex 37.3393 18.4054 14.1
      vertex 36.1303 17.9046 14.1
    endloop
  endfacet
  facet normal -0.461735 0.887018 0
    outer loop
      vertex 38.5 19.0096 14.1
      vertex 37.3393 18.4054 15
      vertex 38.5 19.0096 15
    endloop
  endfacet
  facet normal -0.461735 0.887018 0
    outer loop
      vertex 37.3393 18.4054 15
      vertex 38.5 19.0096 14.1
      vertex 37.3393 18.4054 14.1
    endloop
  endfacet
  facet normal -0.537316 0.843381 0
    outer loop
      vertex 39.6036 19.7127 14.1
      vertex 38.5 19.0096 15
      vertex 39.6036 19.7127 15
    endloop
  endfacet
  facet normal -0.537316 0.843381 0
    outer loop
      vertex 38.5 19.0096 15
      vertex 39.6036 19.7127 14.1
      vertex 38.5 19.0096 14.1
    endloop
  endfacet
  facet normal -0.608743 0.793368 0
    outer loop
      vertex 40.6418 20.5093 14.1
      vertex 39.6036 19.7127 15
      vertex 40.6418 20.5093 15
    endloop
  endfacet
  facet normal -0.608743 0.793368 0
    outer loop
      vertex 39.6036 19.7127 15
      vertex 40.6418 20.5093 14.1
      vertex 39.6036 19.7127 14.1
    endloop
  endfacet
  facet normal -0.6756 0.737268 0
    outer loop
      vertex 41.6066 21.3934 14.1
      vertex 40.6418 20.5093 15
      vertex 41.6066 21.3934 15
    endloop
  endfacet
  facet normal -0.6756 0.737268 0
    outer loop
      vertex 40.6418 20.5093 15
      vertex 41.6066 21.3934 14.1
      vertex 40.6418 20.5093 14.1
    endloop
  endfacet
  facet normal -0.737268 0.6756 0
    outer loop
      vertex 41.6066 21.3934 14.1
      vertex 42.4907 22.3582 15
      vertex 42.4907 22.3582 14.1
    endloop
  endfacet
  facet normal -0.737268 0.6756 0
    outer loop
      vertex 42.4907 22.3582 15
      vertex 41.6066 21.3934 14.1
      vertex 41.6066 21.3934 15
    endloop
  endfacet
  facet normal -0.793368 0.608743 0
    outer loop
      vertex 42.4907 22.3582 14.1
      vertex 43.2873 23.3964 15
      vertex 43.2873 23.3964 14.1
    endloop
  endfacet
  facet normal -0.793368 0.608743 0
    outer loop
      vertex 43.2873 23.3964 15
      vertex 42.4907 22.3582 14.1
      vertex 42.4907 22.3582 15
    endloop
  endfacet
  facet normal -0.843381 0.537316 0
    outer loop
      vertex 43.2873 23.3964 14.1
      vertex 43.9904 24.5 15
      vertex 43.9904 24.5 14.1
    endloop
  endfacet
  facet normal -0.843381 0.537316 0
    outer loop
      vertex 43.9904 24.5 15
      vertex 43.2873 23.3964 14.1
      vertex 43.2873 23.3964 15
    endloop
  endfacet
  facet normal -0.887018 0.461735 0
    outer loop
      vertex 43.9904 24.5 14.1
      vertex 44.5946 25.6607 15
      vertex 44.5946 25.6607 14.1
    endloop
  endfacet
  facet normal -0.887018 0.461735 0
    outer loop
      vertex 44.5946 25.6607 15
      vertex 43.9904 24.5 14.1
      vertex 43.9904 24.5 15
    endloop
  endfacet
  facet normal -0.923875 0.382694 0
    outer loop
      vertex 44.5946 25.6607 14.1
      vertex 45.0954 26.8697 15
      vertex 45.0954 26.8697 14.1
    endloop
  endfacet
  facet normal -0.923875 0.382694 0
    outer loop
      vertex 45.0954 26.8697 15
      vertex 44.5946 25.6607 14.1
      vertex 44.5946 25.6607 15
    endloop
  endfacet
  facet normal -0.953715 0.300711 0
    outer loop
      vertex 45.0954 26.8697 14.1
      vertex 45.4889 28.1177 15
      vertex 45.4889 28.1177 14.1
    endloop
  endfacet
  facet normal -0.953715 0.300711 0
    outer loop
      vertex 45.4889 28.1177 15
      vertex 45.0954 26.8697 14.1
      vertex 45.0954 26.8697 15
    endloop
  endfacet
  facet normal -0.976302 0.216413 0
    outer loop
      vertex 45.4889 28.1177 14.1
      vertex 45.7721 29.3953 15
      vertex 45.7721 29.3953 14.1
    endloop
  endfacet
  facet normal -0.976302 0.216413 0
    outer loop
      vertex 45.7721 29.3953 15
      vertex 45.4889 28.1177 14.1
      vertex 45.4889 28.1177 15
    endloop
  endfacet
  facet normal -0.991445 0.130522 0
    outer loop
      vertex 45.7721 29.3953 14.1
      vertex 45.9429 30.6927 15
      vertex 45.9429 30.6927 14.1
    endloop
  endfacet
  facet normal -0.991445 0.130522 0
    outer loop
      vertex 45.9429 30.6927 15
      vertex 45.7721 29.3953 14.1
      vertex 45.7721 29.3953 15
    endloop
  endfacet
  facet normal -0.999047 0.0436362 0
    outer loop
      vertex 45.9429 30.6927 14.1
      vertex 46 32 15
      vertex 46 32 14.1
    endloop
  endfacet
  facet normal -0.999047 0.0436362 0
    outer loop
      vertex 46 32 15
      vertex 45.9429 30.6927 14.1
      vertex 45.9429 30.6927 15
    endloop
  endfacet
  facet normal -0.999047 -0.0436362 0
    outer loop
      vertex 46 32 14.1
      vertex 45.9429 33.3073 15
      vertex 45.9429 33.3073 14.1
    endloop
  endfacet
  facet normal -0.999047 -0.0436362 0
    outer loop
      vertex 45.9429 33.3073 15
      vertex 46 32 14.1
      vertex 46 32 15
    endloop
  endfacet
  facet normal -0.991445 -0.130522 0
    outer loop
      vertex 45.9429 33.3073 14.1
      vertex 45.7721 34.6047 15
      vertex 45.7721 34.6047 14.1
    endloop
  endfacet
  facet normal -0.991445 -0.130522 0
    outer loop
      vertex 45.7721 34.6047 15
      vertex 45.9429 33.3073 14.1
      vertex 45.9429 33.3073 15
    endloop
  endfacet
  facet normal -0.976302 -0.216413 0
    outer loop
      vertex 45.7721 34.6047 14.1
      vertex 45.4889 35.8823 15
      vertex 45.4889 35.8823 14.1
    endloop
  endfacet
  facet normal -0.976302 -0.216413 0
    outer loop
      vertex 45.4889 35.8823 15
      vertex 45.7721 34.6047 14.1
      vertex 45.7721 34.6047 15
    endloop
  endfacet
  facet normal -0.953715 -0.300711 0
    outer loop
      vertex 45.4889 35.8823 14.1
      vertex 45.0954 37.1303 15
      vertex 45.0954 37.1303 14.1
    endloop
  endfacet
  facet normal -0.953715 -0.300711 0
    outer loop
      vertex 45.0954 37.1303 15
      vertex 45.4889 35.8823 14.1
      vertex 45.4889 35.8823 15
    endloop
  endfacet
  facet normal -0.923875 -0.382694 0
    outer loop
      vertex 45.0954 37.1303 14.1
      vertex 44.5946 38.3393 15
      vertex 44.5946 38.3393 14.1
    endloop
  endfacet
  facet normal -0.923875 -0.382694 0
    outer loop
      vertex 44.5946 38.3393 15
      vertex 45.0954 37.1303 14.1
      vertex 45.0954 37.1303 15
    endloop
  endfacet
  facet normal -0.887018 -0.461735 0
    outer loop
      vertex 44.5946 38.3393 14.1
      vertex 43.9904 39.5 15
      vertex 43.9904 39.5 14.1
    endloop
  endfacet
  facet normal -0.887018 -0.461735 0
    outer loop
      vertex 43.9904 39.5 15
      vertex 44.5946 38.3393 14.1
      vertex 44.5946 38.3393 15
    endloop
  endfacet
  facet normal -0.843381 -0.537316 0
    outer loop
      vertex 43.9904 39.5 14.1
      vertex 43.2873 40.6036 15
      vertex 43.2873 40.6036 14.1
    endloop
  endfacet
  facet normal -0.843381 -0.537316 0
    outer loop
      vertex 43.2873 40.6036 15
      vertex 43.9904 39.5 14.1
      vertex 43.9904 39.5 15
    endloop
  endfacet
  facet normal -0.793368 -0.608743 0
    outer loop
      vertex 43.2873 40.6036 14.1
      vertex 42.4907 41.6418 15
      vertex 42.4907 41.6418 14.1
    endloop
  endfacet
  facet normal -0.793368 -0.608743 0
    outer loop
      vertex 42.4907 41.6418 15
      vertex 43.2873 40.6036 14.1
      vertex 43.2873 40.6036 15
    endloop
  endfacet
  facet normal -0.737268 -0.6756 0
    outer loop
      vertex 42.4907 41.6418 14.1
      vertex 41.6066 42.6066 15
      vertex 41.6066 42.6066 14.1
    endloop
  endfacet
  facet normal -0.737268 -0.6756 0
    outer loop
      vertex 41.6066 42.6066 15
      vertex 42.4907 41.6418 14.1
      vertex 42.4907 41.6418 15
    endloop
  endfacet
  facet normal -0.6756 -0.737268 0
    outer loop
      vertex 40.6418 43.4907 14.1
      vertex 41.6066 42.6066 15
      vertex 40.6418 43.4907 15
    endloop
  endfacet
  facet normal -0.6756 -0.737268 -0
    outer loop
      vertex 41.6066 42.6066 15
      vertex 40.6418 43.4907 14.1
      vertex 41.6066 42.6066 14.1
    endloop
  endfacet
  facet normal -0.608743 -0.793368 0
    outer loop
      vertex 39.6036 44.2873 14.1
      vertex 40.6418 43.4907 15
      vertex 39.6036 44.2873 15
    endloop
  endfacet
  facet normal -0.608743 -0.793368 -0
    outer loop
      vertex 40.6418 43.4907 15
      vertex 39.6036 44.2873 14.1
      vertex 40.6418 43.4907 14.1
    endloop
  endfacet
  facet normal -0.537316 -0.843381 0
    outer loop
      vertex 38.5 44.9904 14.1
      vertex 39.6036 44.2873 15
      vertex 38.5 44.9904 15
    endloop
  endfacet
  facet normal -0.537316 -0.843381 -0
    outer loop
      vertex 39.6036 44.2873 15
      vertex 38.5 44.9904 14.1
      vertex 39.6036 44.2873 14.1
    endloop
  endfacet
  facet normal -0.461735 -0.887018 0
    outer loop
      vertex 37.3393 45.5946 14.1
      vertex 38.5 44.9904 15
      vertex 37.3393 45.5946 15
    endloop
  endfacet
  facet normal -0.461735 -0.887018 -0
    outer loop
      vertex 38.5 44.9904 15
      vertex 37.3393 45.5946 14.1
      vertex 38.5 44.9904 14.1
    endloop
  endfacet
  facet normal -0.382694 -0.923875 0
    outer loop
      vertex 36.1303 46.0954 14.1
      vertex 37.3393 45.5946 15
      vertex 36.1303 46.0954 15
    endloop
  endfacet
  facet normal -0.382694 -0.923875 -0
    outer loop
      vertex 37.3393 45.5946 15
      vertex 36.1303 46.0954 14.1
      vertex 37.3393 45.5946 14.1
    endloop
  endfacet
  facet normal -0.300711 -0.953715 0
    outer loop
      vertex 34.8823 46.4889 14.1
      vertex 36.1303 46.0954 15
      vertex 34.8823 46.4889 15
    endloop
  endfacet
  facet normal -0.300711 -0.953715 -0
    outer loop
      vertex 36.1303 46.0954 15
      vertex 34.8823 46.4889 14.1
      vertex 36.1303 46.0954 14.1
    endloop
  endfacet
  facet normal -0.216413 -0.976302 0
    outer loop
      vertex 33.6047 46.7721 14.1
      vertex 34.8823 46.4889 15
      vertex 33.6047 46.7721 15
    endloop
  endfacet
  facet normal -0.216413 -0.976302 -0
    outer loop
      vertex 34.8823 46.4889 15
      vertex 33.6047 46.7721 14.1
      vertex 34.8823 46.4889 14.1
    endloop
  endfacet
  facet normal -0.130522 -0.991445 0
    outer loop
      vertex 32.3073 46.9429 14.1
      vertex 33.6047 46.7721 15
      vertex 32.3073 46.9429 15
    endloop
  endfacet
  facet normal -0.130522 -0.991445 -0
    outer loop
      vertex 33.6047 46.7721 15
      vertex 32.3073 46.9429 14.1
      vertex 33.6047 46.7721 14.1
    endloop
  endfacet
  facet normal -0.0436362 -0.999047 0
    outer loop
      vertex 31 47 14.1
      vertex 32.3073 46.9429 15
      vertex 31 47 15
    endloop
  endfacet
  facet normal -0.0436362 -0.999047 -0
    outer loop
      vertex 32.3073 46.9429 15
      vertex 31 47 14.1
      vertex 32.3073 46.9429 14.1
    endloop
  endfacet
  facet normal 0.0436362 -0.999047 0
    outer loop
      vertex 29.6927 46.9429 14.1
      vertex 31 47 15
      vertex 29.6927 46.9429 15
    endloop
  endfacet
  facet normal 0.0436362 -0.999047 0
    outer loop
      vertex 31 47 15
      vertex 29.6927 46.9429 14.1
      vertex 31 47 14.1
    endloop
  endfacet
  facet normal 0.130522 -0.991445 0
    outer loop
      vertex 28.3953 46.7721 14.1
      vertex 29.6927 46.9429 15
      vertex 28.3953 46.7721 15
    endloop
  endfacet
  facet normal 0.130522 -0.991445 0
    outer loop
      vertex 29.6927 46.9429 15
      vertex 28.3953 46.7721 14.1
      vertex 29.6927 46.9429 14.1
    endloop
  endfacet
  facet normal 0.216413 -0.976302 0
    outer loop
      vertex 27.1177 46.4889 14.1
      vertex 28.3953 46.7721 15
      vertex 27.1177 46.4889 15
    endloop
  endfacet
  facet normal 0.216413 -0.976302 0
    outer loop
      vertex 28.3953 46.7721 15
      vertex 27.1177 46.4889 14.1
      vertex 28.3953 46.7721 14.1
    endloop
  endfacet
  facet normal 0.300711 -0.953715 0
    outer loop
      vertex 25.8697 46.0954 14.1
      vertex 27.1177 46.4889 15
      vertex 25.8697 46.0954 15
    endloop
  endfacet
  facet normal 0.300711 -0.953715 0
    outer loop
      vertex 27.1177 46.4889 15
      vertex 25.8697 46.0954 14.1
      vertex 27.1177 46.4889 14.1
    endloop
  endfacet
  facet normal 0.382694 -0.923875 0
    outer loop
      vertex 24.6607 45.5946 14.1
      vertex 25.8697 46.0954 15
      vertex 24.6607 45.5946 15
    endloop
  endfacet
  facet normal 0.382694 -0.923875 0
    outer loop
      vertex 25.8697 46.0954 15
      vertex 24.6607 45.5946 14.1
      vertex 25.8697 46.0954 14.1
    endloop
  endfacet
  facet normal 0.461735 -0.887018 0
    outer loop
      vertex 23.5 44.9904 14.1
      vertex 24.6607 45.5946 15
      vertex 23.5 44.9904 15
    endloop
  endfacet
  facet normal 0.461735 -0.887018 0
    outer loop
      vertex 24.6607 45.5946 15
      vertex 23.5 44.9904 14.1
      vertex 24.6607 45.5946 14.1
    endloop
  endfacet
  facet normal 0.537316 -0.843381 0
    outer loop
      vertex 22.3964 44.2873 14.1
      vertex 23.5 44.9904 15
      vertex 22.3964 44.2873 15
    endloop
  endfacet
  facet normal 0.537316 -0.843381 0
    outer loop
      vertex 23.5 44.9904 15
      vertex 22.3964 44.2873 14.1
      vertex 23.5 44.9904 14.1
    endloop
  endfacet
  facet normal 0.608743 -0.793368 0
    outer loop
      vertex 21.3582 43.4907 14.1
      vertex 22.3964 44.2873 15
      vertex 21.3582 43.4907 15
    endloop
  endfacet
  facet normal 0.608743 -0.793368 0
    outer loop
      vertex 22.3964 44.2873 15
      vertex 21.3582 43.4907 14.1
      vertex 22.3964 44.2873 14.1
    endloop
  endfacet
  facet normal 0.6756 -0.737268 0
    outer loop
      vertex 20.3934 42.6066 14.1
      vertex 21.3582 43.4907 15
      vertex 20.3934 42.6066 15
    endloop
  endfacet
  facet normal 0.6756 -0.737268 0
    outer loop
      vertex 21.3582 43.4907 15
      vertex 20.3934 42.6066 14.1
      vertex 21.3582 43.4907 14.1
    endloop
  endfacet
  facet normal 0.737268 -0.6756 0
    outer loop
      vertex 19.5093 41.6418 15
      vertex 20.3934 42.6066 14.1
      vertex 20.3934 42.6066 15
    endloop
  endfacet
  facet normal 0.737268 -0.6756 0
    outer loop
      vertex 20.3934 42.6066 14.1
      vertex 19.5093 41.6418 15
      vertex 19.5093 41.6418 14.1
    endloop
  endfacet
  facet normal 0.793368 -0.608743 0
    outer loop
      vertex 18.7127 40.6036 15
      vertex 19.5093 41.6418 14.1
      vertex 19.5093 41.6418 15
    endloop
  endfacet
  facet normal 0.793368 -0.608743 0
    outer loop
      vertex 19.5093 41.6418 14.1
      vertex 18.7127 40.6036 15
      vertex 18.7127 40.6036 14.1
    endloop
  endfacet
  facet normal 0.843381 -0.537316 0
    outer loop
      vertex 18.0096 39.5 15
      vertex 18.7127 40.6036 14.1
      vertex 18.7127 40.6036 15
    endloop
  endfacet
  facet normal 0.843381 -0.537316 0
    outer loop
      vertex 18.7127 40.6036 14.1
      vertex 18.0096 39.5 15
      vertex 18.0096 39.5 14.1
    endloop
  endfacet
  facet normal 0.887018 -0.461735 0
    outer loop
      vertex 17.4054 38.3393 15
      vertex 18.0096 39.5 14.1
      vertex 18.0096 39.5 15
    endloop
  endfacet
  facet normal 0.887018 -0.461735 0
    outer loop
      vertex 18.0096 39.5 14.1
      vertex 17.4054 38.3393 15
      vertex 17.4054 38.3393 14.1
    endloop
  endfacet
  facet normal 0.923875 -0.382694 0
    outer loop
      vertex 16.9046 37.1303 15
      vertex 17.4054 38.3393 14.1
      vertex 17.4054 38.3393 15
    endloop
  endfacet
  facet normal 0.923875 -0.382694 0
    outer loop
      vertex 17.4054 38.3393 14.1
      vertex 16.9046 37.1303 15
      vertex 16.9046 37.1303 14.1
    endloop
  endfacet
  facet normal 0.953715 -0.300711 0
    outer loop
      vertex 16.5111 35.8823 15
      vertex 16.9046 37.1303 14.1
      vertex 16.9046 37.1303 15
    endloop
  endfacet
  facet normal 0.953715 -0.300711 0
    outer loop
      vertex 16.9046 37.1303 14.1
      vertex 16.5111 35.8823 15
      vertex 16.5111 35.8823 14.1
    endloop
  endfacet
  facet normal 0.976302 -0.216413 0
    outer loop
      vertex 16.2279 34.6047 15
      vertex 16.5111 35.8823 14.1
      vertex 16.5111 35.8823 15
    endloop
  endfacet
  facet normal 0.976302 -0.216413 0
    outer loop
      vertex 16.5111 35.8823 14.1
      vertex 16.2279 34.6047 15
      vertex 16.2279 34.6047 14.1
    endloop
  endfacet
  facet normal 0.991445 -0.130522 0
    outer loop
      vertex 16.0571 33.3073 15
      vertex 16.2279 34.6047 14.1
      vertex 16.2279 34.6047 15
    endloop
  endfacet
  facet normal 0.991445 -0.130522 0
    outer loop
      vertex 16.2279 34.6047 14.1
      vertex 16.0571 33.3073 15
      vertex 16.0571 33.3073 14.1
    endloop
  endfacet
  facet normal 0.999047 -0.0436362 0
    outer loop
      vertex 16 32 15
      vertex 16.0571 33.3073 14.1
      vertex 16.0571 33.3073 15
    endloop
  endfacet
  facet normal 0.999047 -0.0436362 0
    outer loop
      vertex 16.0571 33.3073 14.1
      vertex 16 32 15
      vertex 16 32 14.1
    endloop
  endfacet
  facet normal 0.999047 0.0436362 0
    outer loop
      vertex 16.0571 30.6927 15
      vertex 16 32 14.1
      vertex 16 32 15
    endloop
  endfacet
  facet normal 0.999047 0.0436362 0
    outer loop
      vertex 16 32 14.1
      vertex 16.0571 30.6927 15
      vertex 16.0571 30.6927 14.1
    endloop
  endfacet
  facet normal 0.991445 0.130522 0
    outer loop
      vertex 16.2279 29.3953 15
      vertex 16.0571 30.6927 14.1
      vertex 16.0571 30.6927 15
    endloop
  endfacet
  facet normal 0.991445 0.130522 0
    outer loop
      vertex 16.0571 30.6927 14.1
      vertex 16.2279 29.3953 15
      vertex 16.2279 29.3953 14.1
    endloop
  endfacet
  facet normal 0.976302 0.216413 0
    outer loop
      vertex 16.5111 28.1177 15
      vertex 16.2279 29.3953 14.1
      vertex 16.2279 29.3953 15
    endloop
  endfacet
  facet normal 0.976302 0.216413 0
    outer loop
      vertex 16.2279 29.3953 14.1
      vertex 16.5111 28.1177 15
      vertex 16.5111 28.1177 14.1
    endloop
  endfacet
  facet normal 0.953715 0.300711 0
    outer loop
      vertex 16.9046 26.8697 15
      vertex 16.5111 28.1177 14.1
      vertex 16.5111 28.1177 15
    endloop
  endfacet
  facet normal 0.953715 0.300711 0
    outer loop
      vertex 16.5111 28.1177 14.1
      vertex 16.9046 26.8697 15
      vertex 16.9046 26.8697 14.1
    endloop
  endfacet
  facet normal 0.923875 0.382694 0
    outer loop
      vertex 17.4054 25.6607 15
      vertex 16.9046 26.8697 14.1
      vertex 16.9046 26.8697 15
    endloop
  endfacet
  facet normal 0.923875 0.382694 0
    outer loop
      vertex 16.9046 26.8697 14.1
      vertex 17.4054 25.6607 15
      vertex 17.4054 25.6607 14.1
    endloop
  endfacet
  facet normal 0.887018 0.461735 0
    outer loop
      vertex 18.0096 24.5 15
      vertex 17.4054 25.6607 14.1
      vertex 17.4054 25.6607 15
    endloop
  endfacet
  facet normal 0.887018 0.461735 0
    outer loop
      vertex 17.4054 25.6607 14.1
      vertex 18.0096 24.5 15
      vertex 18.0096 24.5 14.1
    endloop
  endfacet
  facet normal 0.843381 0.537316 0
    outer loop
      vertex 18.7127 23.3964 15
      vertex 18.0096 24.5 14.1
      vertex 18.0096 24.5 15
    endloop
  endfacet
  facet normal 0.843381 0.537316 0
    outer loop
      vertex 18.0096 24.5 14.1
      vertex 18.7127 23.3964 15
      vertex 18.7127 23.3964 14.1
    endloop
  endfacet
  facet normal 0.793368 0.608743 0
    outer loop
      vertex 19.5093 22.3582 15
      vertex 18.7127 23.3964 14.1
      vertex 18.7127 23.3964 15
    endloop
  endfacet
  facet normal 0.793368 0.608743 0
    outer loop
      vertex 18.7127 23.3964 14.1
      vertex 19.5093 22.3582 15
      vertex 19.5093 22.3582 14.1
    endloop
  endfacet
  facet normal 0.737268 0.6756 0
    outer loop
      vertex 20.3934 21.3934 15
      vertex 19.5093 22.3582 14.1
      vertex 19.5093 22.3582 15
    endloop
  endfacet
  facet normal 0.737268 0.6756 0
    outer loop
      vertex 19.5093 22.3582 14.1
      vertex 20.3934 21.3934 15
      vertex 20.3934 21.3934 14.1
    endloop
  endfacet
  facet normal 0.6756 0.737268 -0
    outer loop
      vertex 21.3582 20.5093 14.1
      vertex 20.3934 21.3934 15
      vertex 21.3582 20.5093 15
    endloop
  endfacet
  facet normal 0.6756 0.737268 0
    outer loop
      vertex 20.3934 21.3934 15
      vertex 21.3582 20.5093 14.1
      vertex 20.3934 21.3934 14.1
    endloop
  endfacet
  facet normal 0.608743 0.793368 -0
    outer loop
      vertex 22.3964 19.7127 14.1
      vertex 21.3582 20.5093 15
      vertex 22.3964 19.7127 15
    endloop
  endfacet
  facet normal 0.608743 0.793368 0
    outer loop
      vertex 21.3582 20.5093 15
      vertex 22.3964 19.7127 14.1
      vertex 21.3582 20.5093 14.1
    endloop
  endfacet
  facet normal 0.537316 0.843381 -0
    outer loop
      vertex 23.5 19.0096 14.1
      vertex 22.3964 19.7127 15
      vertex 23.5 19.0096 15
    endloop
  endfacet
  facet normal 0.537316 0.843381 0
    outer loop
      vertex 22.3964 19.7127 15
      vertex 23.5 19.0096 14.1
      vertex 22.3964 19.7127 14.1
    endloop
  endfacet
  facet normal 0.461735 0.887018 -0
    outer loop
      vertex 24.6607 18.4054 14.1
      vertex 23.5 19.0096 15
      vertex 24.6607 18.4054 15
    endloop
  endfacet
  facet normal 0.461735 0.887018 0
    outer loop
      vertex 23.5 19.0096 15
      vertex 24.6607 18.4054 14.1
      vertex 23.5 19.0096 14.1
    endloop
  endfacet
  facet normal 0.382694 0.923875 -0
    outer loop
      vertex 25.8697 17.9046 14.1
      vertex 24.6607 18.4054 15
      vertex 25.8697 17.9046 15
    endloop
  endfacet
  facet normal 0.382694 0.923875 0
    outer loop
      vertex 24.6607 18.4054 15
      vertex 25.8697 17.9046 14.1
      vertex 24.6607 18.4054 14.1
    endloop
  endfacet
  facet normal 0.300711 0.953715 -0
    outer loop
      vertex 27.1177 17.5111 14.1
      vertex 25.8697 17.9046 15
      vertex 27.1177 17.5111 15
    endloop
  endfacet
  facet normal 0.300711 0.953715 0
    outer loop
      vertex 25.8697 17.9046 15
      vertex 27.1177 17.5111 14.1
      vertex 25.8697 17.9046 14.1
    endloop
  endfacet
  facet normal 0.216413 0.976302 -0
    outer loop
      vertex 28.3953 17.2279 14.1
      vertex 27.1177 17.5111 15
      vertex 28.3953 17.2279 15
    endloop
  endfacet
  facet normal 0.216413 0.976302 0
    outer loop
      vertex 27.1177 17.5111 15
      vertex 28.3953 17.2279 14.1
      vertex 27.1177 17.5111 14.1
    endloop
  endfacet
  facet normal 0.130522 0.991445 -0
    outer loop
      vertex 29.6927 17.0571 14.1
      vertex 28.3953 17.2279 15
      vertex 29.6927 17.0571 15
    endloop
  endfacet
  facet normal 0.130522 0.991445 0
    outer loop
      vertex 28.3953 17.2279 15
      vertex 29.6927 17.0571 14.1
      vertex 28.3953 17.2279 14.1
    endloop
  endfacet
  facet normal 0.0436362 0.999047 -0
    outer loop
      vertex 31 17 14.1
      vertex 29.6927 17.0571 15
      vertex 31 17 15
    endloop
  endfacet
  facet normal 0.0436362 0.999047 0
    outer loop
      vertex 29.6927 17.0571 15
      vertex 31 17 14.1
      vertex 29.6927 17.0571 14.1
    endloop
  endfacet
  facet normal -0.0436362 0.999047 0
    outer loop
      vertex 32.3073 17.0571 14.1
      vertex 31 17 15
      vertex 32.3073 17.0571 15
    endloop
  endfacet
  facet normal -0.0436362 0.999047 0
    outer loop
      vertex 31 17 15
      vertex 32.3073 17.0571 14.1
      vertex 31 17 14.1
    endloop
  endfacet
  facet normal -0.130474 -0.991452 0
    outer loop
      vertex 28.6384 18.6066 14.1
      vertex 29.8147 18.4518 15
      vertex 28.6384 18.6066 15
    endloop
  endfacet
  facet normal -0.130474 -0.991452 -0
    outer loop
      vertex 29.8147 18.4518 15
      vertex 28.6384 18.6066 14.1
      vertex 29.8147 18.4518 14.1
    endloop
  endfacet
  facet normal -0.216449 -0.976294 0
    outer loop
      vertex 27.4801 18.8634 14.1
      vertex 28.6384 18.6066 15
      vertex 27.4801 18.8634 15
    endloop
  endfacet
  facet normal -0.216449 -0.976294 -0
    outer loop
      vertex 28.6384 18.6066 15
      vertex 27.4801 18.8634 14.1
      vertex 28.6384 18.6066 14.1
    endloop
  endfacet
  facet normal -0.300712 -0.953715 0
    outer loop
      vertex 26.3485 19.2202 14.1
      vertex 27.4801 18.8634 15
      vertex 26.3485 19.2202 15
    endloop
  endfacet
  facet normal -0.300712 -0.953715 -0
    outer loop
      vertex 27.4801 18.8634 15
      vertex 26.3485 19.2202 14.1
      vertex 27.4801 18.8634 14.1
    endloop
  endfacet
  facet normal -0.382669 -0.923885 0
    outer loop
      vertex 25.2524 19.6742 14.1
      vertex 26.3485 19.2202 15
      vertex 25.2524 19.6742 15
    endloop
  endfacet
  facet normal -0.382669 -0.923885 -0
    outer loop
      vertex 26.3485 19.2202 15
      vertex 25.2524 19.6742 14.1
      vertex 26.3485 19.2202 14.1
    endloop
  endfacet
  facet normal -0.461785 -0.886992 0
    outer loop
      vertex 24.2 20.2221 14.1
      vertex 25.2524 19.6742 15
      vertex 24.2 20.2221 15
    endloop
  endfacet
  facet normal -0.461785 -0.886992 -0
    outer loop
      vertex 25.2524 19.6742 15
      vertex 24.2 20.2221 14.1
      vertex 25.2524 19.6742 14.1
    endloop
  endfacet
  facet normal -0.537268 -0.843411 0
    outer loop
      vertex 23.1994 20.8595 14.1
      vertex 24.2 20.2221 15
      vertex 23.1994 20.8595 15
    endloop
  endfacet
  facet normal -0.537268 -0.843411 -0
    outer loop
      vertex 24.2 20.2221 15
      vertex 23.1994 20.8595 14.1
      vertex 24.2 20.2221 14.1
    endloop
  endfacet
  facet normal -0.608769 -0.793347 0
    outer loop
      vertex 22.2581 21.5818 14.1
      vertex 23.1994 20.8595 15
      vertex 22.2581 21.5818 15
    endloop
  endfacet
  facet normal -0.608769 -0.793347 -0
    outer loop
      vertex 23.1994 20.8595 15
      vertex 22.2581 21.5818 14.1
      vertex 23.1994 20.8595 14.1
    endloop
  endfacet
  facet normal -0.675629 -0.737242 0
    outer loop
      vertex 21.3834 22.3834 14.1
      vertex 22.2581 21.5818 15
      vertex 21.3834 22.3834 15
    endloop
  endfacet
  facet normal -0.675629 -0.737242 -0
    outer loop
      vertex 22.2581 21.5818 15
      vertex 21.3834 22.3834 14.1
      vertex 22.2581 21.5818 14.1
    endloop
  endfacet
  facet normal -0.737242 -0.675629 0
    outer loop
      vertex 21.3834 22.3834 14.1
      vertex 20.5818 23.2581 15
      vertex 20.5818 23.2581 14.1
    endloop
  endfacet
  facet normal -0.737242 -0.675629 0
    outer loop
      vertex 20.5818 23.2581 15
      vertex 21.3834 22.3834 14.1
      vertex 21.3834 22.3834 15
    endloop
  endfacet
  facet normal -0.793347 -0.608769 0
    outer loop
      vertex 20.5818 23.2581 14.1
      vertex 19.8595 24.1994 15
      vertex 19.8595 24.1994 14.1
    endloop
  endfacet
  facet normal -0.793347 -0.608769 0
    outer loop
      vertex 19.8595 24.1994 15
      vertex 20.5818 23.2581 14.1
      vertex 20.5818 23.2581 15
    endloop
  endfacet
  facet normal -0.843411 -0.537268 0
    outer loop
      vertex 19.8595 24.1994 14.1
      vertex 19.2221 25.2 15
      vertex 19.2221 25.2 14.1
    endloop
  endfacet
  facet normal -0.843411 -0.537268 0
    outer loop
      vertex 19.2221 25.2 15
      vertex 19.8595 24.1994 14.1
      vertex 19.8595 24.1994 15
    endloop
  endfacet
  facet normal -0.886992 -0.461785 0
    outer loop
      vertex 19.2221 25.2 14.1
      vertex 18.6742 26.2524 15
      vertex 18.6742 26.2524 14.1
    endloop
  endfacet
  facet normal -0.886992 -0.461785 0
    outer loop
      vertex 18.6742 26.2524 15
      vertex 19.2221 25.2 14.1
      vertex 19.2221 25.2 15
    endloop
  endfacet
  facet normal -0.923885 -0.382669 0
    outer loop
      vertex 18.6742 26.2524 14.1
      vertex 18.2202 27.3485 15
      vertex 18.2202 27.3485 14.1
    endloop
  endfacet
  facet normal -0.923885 -0.382669 0
    outer loop
      vertex 18.2202 27.3485 15
      vertex 18.6742 26.2524 14.1
      vertex 18.6742 26.2524 15
    endloop
  endfacet
  facet normal -0.953715 -0.300712 0
    outer loop
      vertex 18.2202 27.3485 14.1
      vertex 17.8634 28.4801 15
      vertex 17.8634 28.4801 14.1
    endloop
  endfacet
  facet normal -0.953715 -0.300712 0
    outer loop
      vertex 17.8634 28.4801 15
      vertex 18.2202 27.3485 14.1
      vertex 18.2202 27.3485 15
    endloop
  endfacet
  facet normal -0.976294 -0.216449 0
    outer loop
      vertex 17.8634 28.4801 14.1
      vertex 17.6066 29.6384 15
      vertex 17.6066 29.6384 14.1
    endloop
  endfacet
  facet normal -0.976294 -0.216449 0
    outer loop
      vertex 17.6066 29.6384 15
      vertex 17.8634 28.4801 14.1
      vertex 17.8634 28.4801 15
    endloop
  endfacet
  facet normal -0.991452 -0.130474 0
    outer loop
      vertex 17.6066 29.6384 14.1
      vertex 17.4518 30.8147 15
      vertex 17.4518 30.8147 14.1
    endloop
  endfacet
  facet normal -0.991452 -0.130474 0
    outer loop
      vertex 17.4518 30.8147 15
      vertex 17.6066 29.6384 14.1
      vertex 17.6066 29.6384 15
    endloop
  endfacet
  facet normal -0.999046 -0.0436603 0
    outer loop
      vertex 17.4518 30.8147 14.1
      vertex 17.4 32 15
      vertex 17.4 32 14.1
    endloop
  endfacet
  facet normal -0.999046 -0.0436603 0
    outer loop
      vertex 17.4 32 15
      vertex 17.4518 30.8147 14.1
      vertex 17.4518 30.8147 15
    endloop
  endfacet
  facet normal -0.999046 0.0436603 0
    outer loop
      vertex 17.4 32 14.1
      vertex 17.4518 33.1853 15
      vertex 17.4518 33.1853 14.1
    endloop
  endfacet
  facet normal -0.999046 0.0436603 0
    outer loop
      vertex 17.4518 33.1853 15
      vertex 17.4 32 14.1
      vertex 17.4 32 15
    endloop
  endfacet
  facet normal -0.991452 0.130474 0
    outer loop
      vertex 17.4518 33.1853 14.1
      vertex 17.6066 34.3616 15
      vertex 17.6066 34.3616 14.1
    endloop
  endfacet
  facet normal -0.991452 0.130474 0
    outer loop
      vertex 17.6066 34.3616 15
      vertex 17.4518 33.1853 14.1
      vertex 17.4518 33.1853 15
    endloop
  endfacet
  facet normal -0.976297 0.216437 0
    outer loop
      vertex 17.6066 34.3616 14.1
      vertex 17.7969 35.22 15
      vertex 17.7969 35.22 14.1
    endloop
  endfacet
  facet normal -0.976297 0.216437 0
    outer loop
      vertex 17.7969 35.22 15
      vertex 17.6066 34.3616 14.1
      vertex 17.6066 34.3616 15
    endloop
  endfacet
  facet normal 0.793406 0.608693 0
    outer loop
      vertex 17.875 35.1182 15
      vertex 17.7969 35.22 14.1
      vertex 17.7969 35.22 15
    endloop
  endfacet
  facet normal 0.793406 0.608693 0
    outer loop
      vertex 17.7969 35.22 14.1
      vertex 17.875 35.1182 15
      vertex 17.875 35.1182 14.1
    endloop
  endfacet
  facet normal 0.737022 0.675869 0
    outer loop
      vertex 17.9811 35.0025 15
      vertex 17.875 35.1182 14.1
      vertex 17.875 35.1182 15
    endloop
  endfacet
  facet normal 0.737022 0.675869 0
    outer loop
      vertex 17.875 35.1182 14.1
      vertex 17.9811 35.0025 15
      vertex 17.9811 35.0025 14.1
    endloop
  endfacet
  facet normal 0.675869 0.737022 -0
    outer loop
      vertex 18.0968 34.8964 14.1
      vertex 17.9811 35.0025 15
      vertex 18.0968 34.8964 15
    endloop
  endfacet
  facet normal 0.675869 0.737022 0
    outer loop
      vertex 17.9811 35.0025 15
      vertex 18.0968 34.8964 14.1
      vertex 17.9811 35.0025 14.1
    endloop
  endfacet
  facet normal 0.608726 0.793381 -0
    outer loop
      vertex 18.2214 34.8008 14.1
      vertex 18.0968 34.8964 15
      vertex 18.2214 34.8008 15
    endloop
  endfacet
  facet normal 0.608726 0.793381 0
    outer loop
      vertex 18.0968 34.8964 15
      vertex 18.2214 34.8008 14.1
      vertex 18.0968 34.8964 14.1
    endloop
  endfacet
  facet normal 0.537246 0.843426 -0
    outer loop
      vertex 18.3539 34.7164 14.1
      vertex 18.2214 34.8008 15
      vertex 18.3539 34.7164 15
    endloop
  endfacet
  facet normal 0.537246 0.843426 0
    outer loop
      vertex 18.2214 34.8008 15
      vertex 18.3539 34.7164 14.1
      vertex 18.2214 34.8008 14.1
    endloop
  endfacet
  facet normal 0.461934 0.886914 -0
    outer loop
      vertex 18.4931 34.6439 14.1
      vertex 18.3539 34.7164 15
      vertex 18.4931 34.6439 15
    endloop
  endfacet
  facet normal 0.461934 0.886914 0
    outer loop
      vertex 18.3539 34.7164 15
      vertex 18.4931 34.6439 14.1
      vertex 18.3539 34.7164 14.1
    endloop
  endfacet
  facet normal 0.38267 0.923885 -0
    outer loop
      vertex 18.6382 34.5838 14.1
      vertex 18.4931 34.6439 15
      vertex 18.6382 34.5838 15
    endloop
  endfacet
  facet normal 0.38267 0.923885 0
    outer loop
      vertex 18.4931 34.6439 15
      vertex 18.6382 34.5838 14.1
      vertex 18.4931 34.6439 14.1
    endloop
  endfacet
  facet normal 0.300522 0.953775 -0
    outer loop
      vertex 18.788 34.5366 14.1
      vertex 18.6382 34.5838 15
      vertex 18.788 34.5366 15
    endloop
  endfacet
  facet normal 0.300522 0.953775 0
    outer loop
      vertex 18.6382 34.5838 15
      vertex 18.788 34.5366 14.1
      vertex 18.6382 34.5838 14.1
    endloop
  endfacet
  facet normal 0.216526 0.976277 -0
    outer loop
      vertex 18.9413 34.5026 14.1
      vertex 18.788 34.5366 15
      vertex 18.9413 34.5026 15
    endloop
  endfacet
  facet normal 0.216526 0.976277 0
    outer loop
      vertex 18.788 34.5366 15
      vertex 18.9413 34.5026 14.1
      vertex 18.788 34.5366 14.1
    endloop
  endfacet
  facet normal 0.130537 0.991443 -0
    outer loop
      vertex 19.097 34.4821 14.1
      vertex 18.9413 34.5026 15
      vertex 19.097 34.4821 15
    endloop
  endfacet
  facet normal 0.130537 0.991443 0
    outer loop
      vertex 18.9413 34.5026 15
      vertex 19.097 34.4821 14.1
      vertex 18.9413 34.5026 14.1
    endloop
  endfacet
  facet normal 0.0433266 0.999061 -0
    outer loop
      vertex 19.2538 34.4753 14.1
      vertex 19.097 34.4821 15
      vertex 19.2538 34.4753 15
    endloop
  endfacet
  facet normal 0.0433266 0.999061 0
    outer loop
      vertex 19.097 34.4821 15
      vertex 19.2538 34.4753 14.1
      vertex 19.097 34.4821 14.1
    endloop
  endfacet
  facet normal -0.0432991 0.999062 0
    outer loop
      vertex 19.4107 34.4821 14.1
      vertex 19.2538 34.4753 15
      vertex 19.4107 34.4821 15
    endloop
  endfacet
  facet normal -0.0432991 0.999062 0
    outer loop
      vertex 19.2538 34.4753 15
      vertex 19.4107 34.4821 14.1
      vertex 19.2538 34.4753 14.1
    endloop
  endfacet
  facet normal -0.130537 0.991443 0
    outer loop
      vertex 19.5664 34.5026 14.1
      vertex 19.4107 34.4821 15
      vertex 19.5664 34.5026 15
    endloop
  endfacet
  facet normal -0.130537 0.991443 0
    outer loop
      vertex 19.4107 34.4821 15
      vertex 19.5664 34.5026 14.1
      vertex 19.4107 34.4821 14.1
    endloop
  endfacet
  facet normal -0.216526 0.976277 0
    outer loop
      vertex 19.7197 34.5366 14.1
      vertex 19.5664 34.5026 15
      vertex 19.7197 34.5366 15
    endloop
  endfacet
  facet normal -0.216526 0.976277 0
    outer loop
      vertex 19.5664 34.5026 15
      vertex 19.7197 34.5366 14.1
      vertex 19.5664 34.5026 14.1
    endloop
  endfacet
  facet normal -0.300522 0.953775 0
    outer loop
      vertex 19.8695 34.5838 14.1
      vertex 19.7197 34.5366 15
      vertex 19.8695 34.5838 15
    endloop
  endfacet
  facet normal -0.300522 0.953775 0
    outer loop
      vertex 19.7197 34.5366 15
      vertex 19.8695 34.5838 14.1
      vertex 19.7197 34.5366 14.1
    endloop
  endfacet
  facet normal -0.38267 0.923885 0
    outer loop
      vertex 20.0146 34.6439 14.1
      vertex 19.8695 34.5838 15
      vertex 20.0146 34.6439 15
    endloop
  endfacet
  facet normal -0.38267 0.923885 0
    outer loop
      vertex 19.8695 34.5838 15
      vertex 20.0146 34.6439 14.1
      vertex 19.8695 34.5838 14.1
    endloop
  endfacet
  facet normal -0.461674 0.88705 0
    outer loop
      vertex 20.1539 34.7164 14.1
      vertex 20.0146 34.6439 15
      vertex 20.1539 34.7164 15
    endloop
  endfacet
  facet normal -0.461674 0.88705 0
    outer loop
      vertex 20.0146 34.6439 15
      vertex 20.1539 34.7164 14.1
      vertex 20.0146 34.6439 14.1
    endloop
  endfacet
  facet normal -0.537535 0.843242 0
    outer loop
      vertex 20.2863 34.8008 14.1
      vertex 20.1539 34.7164 15
      vertex 20.2863 34.8008 15
    endloop
  endfacet
  facet normal -0.537535 0.843242 0
    outer loop
      vertex 20.1539 34.7164 15
      vertex 20.2863 34.8008 14.1
      vertex 20.1539 34.7164 14.1
    endloop
  endfacet
  facet normal -0.608726 0.793381 0
    outer loop
      vertex 20.4109 34.8964 14.1
      vertex 20.2863 34.8008 15
      vertex 20.4109 34.8964 15
    endloop
  endfacet
  facet normal -0.608726 0.793381 0
    outer loop
      vertex 20.2863 34.8008 15
      vertex 20.4109 34.8964 14.1
      vertex 20.2863 34.8008 14.1
    endloop
  endfacet
  facet normal -0.675869 0.737022 0
    outer loop
      vertex 20.5266 35.0025 14.1
      vertex 20.4109 34.8964 15
      vertex 20.5266 35.0025 15
    endloop
  endfacet
  facet normal -0.675869 0.737022 0
    outer loop
      vertex 20.4109 34.8964 15
      vertex 20.5266 35.0025 14.1
      vertex 20.4109 34.8964 14.1
    endloop
  endfacet
  facet normal -0.737022 0.675869 0
    outer loop
      vertex 20.5266 35.0025 14.1
      vertex 20.6327 35.1182 15
      vertex 20.6327 35.1182 14.1
    endloop
  endfacet
  facet normal -0.737022 0.675869 0
    outer loop
      vertex 20.6327 35.1182 15
      vertex 20.5266 35.0025 14.1
      vertex 20.5266 35.0025 15
    endloop
  endfacet
  facet normal -0.793381 0.608726 0
    outer loop
      vertex 20.6327 35.1182 14.1
      vertex 20.7283 35.2428 15
      vertex 20.7283 35.2428 14.1
    endloop
  endfacet
  facet normal -0.793381 0.608726 0
    outer loop
      vertex 20.7283 35.2428 15
      vertex 20.6327 35.1182 14.1
      vertex 20.6327 35.1182 15
    endloop
  endfacet
  facet normal -0.843242 0.537535 0
    outer loop
      vertex 20.7283 35.2428 14.1
      vertex 20.8127 35.3752 15
      vertex 20.8127 35.3752 14.1
    endloop
  endfacet
  facet normal -0.843242 0.537535 0
    outer loop
      vertex 20.8127 35.3752 15
      vertex 20.7283 35.2428 14.1
      vertex 20.7283 35.2428 15
    endloop
  endfacet
  facet normal -0.88705 0.461674 0
    outer loop
      vertex 20.8127 35.3752 14.1
      vertex 20.8852 35.5145 15
      vertex 20.8852 35.5145 14.1
    endloop
  endfacet
  facet normal -0.88705 0.461674 0
    outer loop
      vertex 20.8852 35.5145 15
      vertex 20.8127 35.3752 14.1
      vertex 20.8127 35.3752 15
    endloop
  endfacet
  facet normal -0.923885 0.38267 0
    outer loop
      vertex 20.8852 35.5145 14.1
      vertex 20.9453 35.6596 15
      vertex 20.9453 35.6596 14.1
    endloop
  endfacet
  facet normal -0.923885 0.38267 0
    outer loop
      vertex 20.9453 35.6596 15
      vertex 20.8852 35.5145 14.1
      vertex 20.8852 35.5145 15
    endloop
  endfacet
  facet normal -0.953775 0.300522 0
    outer loop
      vertex 20.9453 35.6596 14.1
      vertex 20.9925 35.8094 15
      vertex 20.9925 35.8094 14.1
    endloop
  endfacet
  facet normal -0.953775 0.300522 0
    outer loop
      vertex 20.9925 35.8094 15
      vertex 20.9453 35.6596 14.1
      vertex 20.9453 35.6596 15
    endloop
  endfacet
  facet normal -0.976277 0.216526 0
    outer loop
      vertex 20.9925 35.8094 14.1
      vertex 21.0265 35.9627 15
      vertex 21.0265 35.9627 14.1
    endloop
  endfacet
  facet normal -0.976277 0.216526 0
    outer loop
      vertex 21.0265 35.9627 15
      vertex 20.9925 35.8094 14.1
      vertex 20.9925 35.8094 15
    endloop
  endfacet
  facet normal -0.991443 0.130537 0
    outer loop
      vertex 21.0265 35.9627 14.1
      vertex 21.047 36.1184 15
      vertex 21.047 36.1184 14.1
    endloop
  endfacet
  facet normal -0.991443 0.130537 0
    outer loop
      vertex 21.047 36.1184 15
      vertex 21.0265 35.9627 14.1
      vertex 21.0265 35.9627 15
    endloop
  endfacet
  facet normal -0.999061 0.0433266 0
    outer loop
      vertex 21.047 36.1184 14.1
      vertex 21.0538 36.2752 15
      vertex 21.0538 36.2752 14.1
    endloop
  endfacet
  facet normal -0.999061 0.0433266 0
    outer loop
      vertex 21.0538 36.2752 15
      vertex 21.047 36.1184 14.1
      vertex 21.047 36.1184 15
    endloop
  endfacet
  facet normal -0.999062 -0.0432991 0
    outer loop
      vertex 21.0538 36.2752 14.1
      vertex 21.047 36.4321 15
      vertex 21.047 36.4321 14.1
    endloop
  endfacet
  facet normal -0.999062 -0.0432991 0
    outer loop
      vertex 21.047 36.4321 15
      vertex 21.0538 36.2752 14.1
      vertex 21.0538 36.2752 15
    endloop
  endfacet
  facet normal -0.991443 -0.130537 0
    outer loop
      vertex 21.047 36.4321 14.1
      vertex 21.0265 36.5878 15
      vertex 21.0265 36.5878 14.1
    endloop
  endfacet
  facet normal -0.991443 -0.130537 0
    outer loop
      vertex 21.0265 36.5878 15
      vertex 21.047 36.4321 14.1
      vertex 21.047 36.4321 15
    endloop
  endfacet
  facet normal -0.976277 -0.216526 0
    outer loop
      vertex 21.0265 36.5878 14.1
      vertex 20.9925 36.7411 15
      vertex 20.9925 36.7411 14.1
    endloop
  endfacet
  facet normal -0.976277 -0.216526 0
    outer loop
      vertex 20.9925 36.7411 15
      vertex 21.0265 36.5878 14.1
      vertex 21.0265 36.5878 15
    endloop
  endfacet
  facet normal -0.953775 -0.300522 0
    outer loop
      vertex 20.9925 36.7411 14.1
      vertex 20.9453 36.8909 15
      vertex 20.9453 36.8909 14.1
    endloop
  endfacet
  facet normal -0.953775 -0.300522 0
    outer loop
      vertex 20.9453 36.8909 15
      vertex 20.9925 36.7411 14.1
      vertex 20.9925 36.7411 15
    endloop
  endfacet
  facet normal -0.923792 -0.382896 0
    outer loop
      vertex 20.9453 36.8909 14.1
      vertex 20.8852 37.0359 15
      vertex 20.8852 37.0359 14.1
    endloop
  endfacet
  facet normal -0.923792 -0.382896 0
    outer loop
      vertex 20.8852 37.0359 15
      vertex 20.9453 36.8909 14.1
      vertex 20.9453 36.8909 15
    endloop
  endfacet
  facet normal -0.88705 -0.461674 0
    outer loop
      vertex 20.8852 37.0359 14.1
      vertex 20.8127 37.1752 15
      vertex 20.8127 37.1752 14.1
    endloop
  endfacet
  facet normal -0.88705 -0.461674 0
    outer loop
      vertex 20.8127 37.1752 15
      vertex 20.8852 37.0359 14.1
      vertex 20.8852 37.0359 15
    endloop
  endfacet
  facet normal -0.843426 -0.537246 0
    outer loop
      vertex 20.8127 37.1752 14.1
      vertex 20.7283 37.3077 15
      vertex 20.7283 37.3077 14.1
    endloop
  endfacet
  facet normal -0.843426 -0.537246 0
    outer loop
      vertex 20.7283 37.3077 15
      vertex 20.8127 37.1752 14.1
      vertex 20.8127 37.1752 15
    endloop
  endfacet
  facet normal -0.793381 -0.608726 0
    outer loop
      vertex 20.7283 37.3077 14.1
      vertex 20.6327 37.4323 15
      vertex 20.6327 37.4323 14.1
    endloop
  endfacet
  facet normal -0.793381 -0.608726 0
    outer loop
      vertex 20.6327 37.4323 15
      vertex 20.7283 37.3077 14.1
      vertex 20.7283 37.3077 15
    endloop
  endfacet
  facet normal -0.737022 -0.675869 0
    outer loop
      vertex 20.6327 37.4323 14.1
      vertex 20.5266 37.548 15
      vertex 20.5266 37.548 14.1
    endloop
  endfacet
  facet normal -0.737022 -0.675869 0
    outer loop
      vertex 20.5266 37.548 15
      vertex 20.6327 37.4323 14.1
      vertex 20.6327 37.4323 15
    endloop
  endfacet
  facet normal -0.675869 -0.737022 0
    outer loop
      vertex 20.4109 37.6541 14.1
      vertex 20.5266 37.548 15
      vertex 20.4109 37.6541 15
    endloop
  endfacet
  facet normal -0.675869 -0.737022 -0
    outer loop
      vertex 20.5266 37.548 15
      vertex 20.4109 37.6541 14.1
      vertex 20.5266 37.548 14.1
    endloop
  endfacet
  facet normal -0.608726 -0.793381 0
    outer loop
      vertex 20.2863 37.7497 14.1
      vertex 20.4109 37.6541 15
      vertex 20.2863 37.7497 15
    endloop
  endfacet
  facet normal -0.608726 -0.793381 -0
    outer loop
      vertex 20.4109 37.6541 15
      vertex 20.2863 37.7497 14.1
      vertex 20.4109 37.6541 14.1
    endloop
  endfacet
  facet normal -0.537535 -0.843242 0
    outer loop
      vertex 20.1539 37.8341 14.1
      vertex 20.2863 37.7497 15
      vertex 20.1539 37.8341 15
    endloop
  endfacet
  facet normal -0.537535 -0.843242 -0
    outer loop
      vertex 20.2863 37.7497 15
      vertex 20.1539 37.8341 14.1
      vertex 20.2863 37.7497 14.1
    endloop
  endfacet
  facet normal -0.461674 -0.88705 0
    outer loop
      vertex 20.0146 37.9066 14.1
      vertex 20.1539 37.8341 15
      vertex 20.0146 37.9066 15
    endloop
  endfacet
  facet normal -0.461674 -0.88705 -0
    outer loop
      vertex 20.1539 37.8341 15
      vertex 20.0146 37.9066 14.1
      vertex 20.1539 37.8341 14.1
    endloop
  endfacet
  facet normal -0.38267 -0.923885 0
    outer loop
      vertex 19.8695 37.9667 14.1
      vertex 20.0146 37.9066 15
      vertex 19.8695 37.9667 15
    endloop
  endfacet
  facet normal -0.38267 -0.923885 -0
    outer loop
      vertex 20.0146 37.9066 15
      vertex 19.8695 37.9667 14.1
      vertex 20.0146 37.9066 14.1
    endloop
  endfacet
  facet normal -0.300522 -0.953775 0
    outer loop
      vertex 19.7197 38.0139 14.1
      vertex 19.8695 37.9667 15
      vertex 19.7197 38.0139 15
    endloop
  endfacet
  facet normal -0.300522 -0.953775 -0
    outer loop
      vertex 19.8695 37.9667 15
      vertex 19.7197 38.0139 14.1
      vertex 19.8695 37.9667 14.1
    endloop
  endfacet
  facet normal -0.216526 -0.976277 0
    outer loop
      vertex 19.5664 38.0479 14.1
      vertex 19.7197 38.0139 15
      vertex 19.5664 38.0479 15
    endloop
  endfacet
  facet normal -0.216526 -0.976277 -0
    outer loop
      vertex 19.7197 38.0139 15
      vertex 19.5664 38.0479 14.1
      vertex 19.7197 38.0139 14.1
    endloop
  endfacet
  facet normal -0.130537 -0.991443 0
    outer loop
      vertex 19.4107 38.0684 14.1
      vertex 19.5664 38.0479 15
      vertex 19.4107 38.0684 15
    endloop
  endfacet
  facet normal -0.130537 -0.991443 -0
    outer loop
      vertex 19.5664 38.0479 15
      vertex 19.4107 38.0684 14.1
      vertex 19.5664 38.0479 14.1
    endloop
  endfacet
  facet normal -0.0432991 -0.999062 0
    outer loop
      vertex 19.2538 38.0752 14.1
      vertex 19.4107 38.0684 15
      vertex 19.2538 38.0752 15
    endloop
  endfacet
  facet normal -0.0432991 -0.999062 -0
    outer loop
      vertex 19.4107 38.0684 15
      vertex 19.2538 38.0752 14.1
      vertex 19.4107 38.0684 14.1
    endloop
  endfacet
  facet normal 0.0433266 -0.999061 0
    outer loop
      vertex 19.097 38.0684 14.1
      vertex 19.2538 38.0752 15
      vertex 19.097 38.0684 15
    endloop
  endfacet
  facet normal 0.0433266 -0.999061 0
    outer loop
      vertex 19.2538 38.0752 15
      vertex 19.097 38.0684 14.1
      vertex 19.2538 38.0752 14.1
    endloop
  endfacet
  facet normal 0.130537 -0.991443 0
    outer loop
      vertex 18.9413 38.0479 14.1
      vertex 19.097 38.0684 15
      vertex 18.9413 38.0479 15
    endloop
  endfacet
  facet normal 0.130537 -0.991443 0
    outer loop
      vertex 19.097 38.0684 15
      vertex 18.9413 38.0479 14.1
      vertex 19.097 38.0684 14.1
    endloop
  endfacet
  facet normal 0.216022 -0.976388 0
    outer loop
      vertex 18.8161 38.0202 14.1
      vertex 18.9413 38.0479 15
      vertex 18.8161 38.0202 15
    endloop
  endfacet
  facet normal 0.216022 -0.976388 0
    outer loop
      vertex 18.9413 38.0479 15
      vertex 18.8161 38.0202 14.1
      vertex 18.9413 38.0479 14.1
    endloop
  endfacet
  facet normal -0.886982 0.461804 0
    outer loop
      vertex 18.8161 38.0202 14.1
      vertex 19.2221 38.8 15
      vertex 19.2221 38.8 14.1
    endloop
  endfacet
  facet normal -0.886982 0.461804 0
    outer loop
      vertex 19.2221 38.8 15
      vertex 18.8161 38.0202 14.1
      vertex 18.8161 38.0202 15
    endloop
  endfacet
  facet normal -0.843411 0.537268 0
    outer loop
      vertex 19.2221 38.8 14.1
      vertex 19.8595 39.8006 15
      vertex 19.8595 39.8006 14.1
    endloop
  endfacet
  facet normal -0.843411 0.537268 0
    outer loop
      vertex 19.8595 39.8006 15
      vertex 19.2221 38.8 14.1
      vertex 19.2221 38.8 15
    endloop
  endfacet
  facet normal -0.793347 0.608769 0
    outer loop
      vertex 19.8595 39.8006 14.1
      vertex 20.5818 40.7419 15
      vertex 20.5818 40.7419 14.1
    endloop
  endfacet
  facet normal -0.793347 0.608769 0
    outer loop
      vertex 20.5818 40.7419 15
      vertex 19.8595 39.8006 14.1
      vertex 19.8595 39.8006 15
    endloop
  endfacet
  facet normal -0.737242 0.675629 0
    outer loop
      vertex 20.5818 40.7419 14.1
      vertex 21.3834 41.6166 15
      vertex 21.3834 41.6166 14.1
    endloop
  endfacet
  facet normal -0.737242 0.675629 0
    outer loop
      vertex 21.3834 41.6166 15
      vertex 20.5818 40.7419 14.1
      vertex 20.5818 40.7419 15
    endloop
  endfacet
  facet normal -0.675611 0.737258 0
    outer loop
      vertex 22.0316 42.2106 14.1
      vertex 21.3834 41.6166 15
      vertex 22.0316 42.2106 15
    endloop
  endfacet
  facet normal -0.675611 0.737258 0
    outer loop
      vertex 21.3834 41.6166 15
      vertex 22.0316 42.2106 14.1
      vertex 21.3834 41.6166 14.1
    endloop
  endfacet
  facet normal 0.999046 0.0436741 0
    outer loop
      vertex 22.0372 42.0825 15
      vertex 22.0316 42.2106 14.1
      vertex 22.0316 42.2106 15
    endloop
  endfacet
  facet normal 0.999046 0.0436741 0
    outer loop
      vertex 22.0316 42.2106 14.1
      vertex 22.0372 42.0825 15
      vertex 22.0372 42.0825 14.1
    endloop
  endfacet
  facet normal 0.991526 0.129911 0
    outer loop
      vertex 22.0576 41.9268 15
      vertex 22.0372 42.0825 14.1
      vertex 22.0372 42.0825 15
    endloop
  endfacet
  facet normal 0.991526 0.129911 0
    outer loop
      vertex 22.0372 42.0825 14.1
      vertex 22.0576 41.9268 15
      vertex 22.0576 41.9268 14.1
    endloop
  endfacet
  facet normal 0.976277 0.216526 0
    outer loop
      vertex 22.0916 41.7735 15
      vertex 22.0576 41.9268 14.1
      vertex 22.0576 41.9268 15
    endloop
  endfacet
  facet normal 0.976277 0.216526 0
    outer loop
      vertex 22.0576 41.9268 14.1
      vertex 22.0916 41.7735 15
      vertex 22.0916 41.7735 14.1
    endloop
  endfacet
  facet normal 0.953535 0.301284 0
    outer loop
      vertex 22.1389 41.6238 15
      vertex 22.0916 41.7735 14.1
      vertex 22.0916 41.7735 15
    endloop
  endfacet
  facet normal 0.953535 0.301284 0
    outer loop
      vertex 22.0916 41.7735 14.1
      vertex 22.1389 41.6238 15
      vertex 22.1389 41.6238 14.1
    endloop
  endfacet
  facet normal 0.92411 0.382127 0
    outer loop
      vertex 22.1989 41.4787 15
      vertex 22.1389 41.6238 14.1
      vertex 22.1389 41.6238 15
    endloop
  endfacet
  facet normal 0.92411 0.382127 0
    outer loop
      vertex 22.1389 41.6238 14.1
      vertex 22.1989 41.4787 15
      vertex 22.1989 41.4787 14.1
    endloop
  endfacet
  facet normal 0.886789 0.462174 0
    outer loop
      vertex 22.2715 41.3394 15
      vertex 22.1989 41.4787 14.1
      vertex 22.1989 41.4787 15
    endloop
  endfacet
  facet normal 0.886789 0.462174 0
    outer loop
      vertex 22.1989 41.4787 14.1
      vertex 22.2715 41.3394 15
      vertex 22.2715 41.3394 14.1
    endloop
  endfacet
  facet normal 0.84353 0.537082 0
    outer loop
      vertex 22.3558 41.207 15
      vertex 22.2715 41.3394 14.1
      vertex 22.2715 41.3394 15
    endloop
  endfacet
  facet normal 0.84353 0.537082 0
    outer loop
      vertex 22.2715 41.3394 14.1
      vertex 22.3558 41.207 15
      vertex 22.3558 41.207 14.1
    endloop
  endfacet
  facet normal 0.793381 0.608726 0
    outer loop
      vertex 22.4514 41.0824 15
      vertex 22.3558 41.207 14.1
      vertex 22.3558 41.207 15
    endloop
  endfacet
  facet normal 0.793381 0.608726 0
    outer loop
      vertex 22.3558 41.207 14.1
      vertex 22.4514 41.0824 15
      vertex 22.4514 41.0824 14.1
    endloop
  endfacet
  facet normal 0.737313 0.675552 0
    outer loop
      vertex 22.5575 40.9666 15
      vertex 22.4514 41.0824 14.1
      vertex 22.4514 41.0824 15
    endloop
  endfacet
  facet normal 0.737313 0.675552 0
    outer loop
      vertex 22.4514 41.0824 14.1
      vertex 22.5575 40.9666 15
      vertex 22.5575 40.9666 14.1
    endloop
  endfacet
  facet normal 0.675552 0.737313 -0
    outer loop
      vertex 22.6733 40.8605 14.1
      vertex 22.5575 40.9666 15
      vertex 22.6733 40.8605 15
    endloop
  endfacet
  facet normal 0.675552 0.737313 0
    outer loop
      vertex 22.5575 40.9666 15
      vertex 22.6733 40.8605 14.1
      vertex 22.5575 40.9666 14.1
    endloop
  endfacet
  facet normal 0.608726 0.793381 -0
    outer loop
      vertex 22.7979 40.7649 14.1
      vertex 22.6733 40.8605 15
      vertex 22.7979 40.7649 15
    endloop
  endfacet
  facet normal 0.608726 0.793381 0
    outer loop
      vertex 22.6733 40.8605 15
      vertex 22.7979 40.7649 14.1
      vertex 22.6733 40.8605 14.1
    endloop
  endfacet
  facet normal 0.537535 0.843242 -0
    outer loop
      vertex 22.9303 40.6805 14.1
      vertex 22.7979 40.7649 15
      vertex 22.9303 40.6805 15
    endloop
  endfacet
  facet normal 0.537535 0.843242 0
    outer loop
      vertex 22.7979 40.7649 15
      vertex 22.9303 40.6805 14.1
      vertex 22.7979 40.7649 14.1
    endloop
  endfacet
  facet normal 0.461674 0.88705 -0
    outer loop
      vertex 23.0696 40.608 14.1
      vertex 22.9303 40.6805 15
      vertex 23.0696 40.608 15
    endloop
  endfacet
  facet normal 0.461674 0.88705 0
    outer loop
      vertex 22.9303 40.6805 15
      vertex 23.0696 40.608 14.1
      vertex 22.9303 40.6805 14.1
    endloop
  endfacet
  facet normal 0.38267 0.923885 -0
    outer loop
      vertex 23.2147 40.5479 14.1
      vertex 23.0696 40.608 15
      vertex 23.2147 40.5479 15
    endloop
  endfacet
  facet normal 0.38267 0.923885 0
    outer loop
      vertex 23.0696 40.608 15
      vertex 23.2147 40.5479 14.1
      vertex 23.0696 40.608 14.1
    endloop
  endfacet
  facet normal 0.300704 0.953717 -0
    outer loop
      vertex 23.3644 40.5007 14.1
      vertex 23.2147 40.5479 15
      vertex 23.3644 40.5007 15
    endloop
  endfacet
  facet normal 0.300704 0.953717 0
    outer loop
      vertex 23.2147 40.5479 15
      vertex 23.3644 40.5007 14.1
      vertex 23.2147 40.5479 14.1
    endloop
  endfacet
  facet normal 0.216526 0.976277 -0
    outer loop
      vertex 23.5177 40.4667 14.1
      vertex 23.3644 40.5007 15
      vertex 23.5177 40.4667 15
    endloop
  endfacet
  facet normal 0.216526 0.976277 0
    outer loop
      vertex 23.3644 40.5007 15
      vertex 23.5177 40.4667 14.1
      vertex 23.3644 40.5007 14.1
    endloop
  endfacet
  facet normal 0.130537 0.991443 -0
    outer loop
      vertex 23.6734 40.4462 14.1
      vertex 23.5177 40.4667 15
      vertex 23.6734 40.4462 15
    endloop
  endfacet
  facet normal 0.130537 0.991443 0
    outer loop
      vertex 23.5177 40.4667 15
      vertex 23.6734 40.4462 14.1
      vertex 23.5177 40.4667 14.1
    endloop
  endfacet
  facet normal 0.0432991 0.999062 -0
    outer loop
      vertex 23.8303 40.4394 14.1
      vertex 23.6734 40.4462 15
      vertex 23.8303 40.4394 15
    endloop
  endfacet
  facet normal 0.0432991 0.999062 0
    outer loop
      vertex 23.6734 40.4462 15
      vertex 23.8303 40.4394 14.1
      vertex 23.6734 40.4462 14.1
    endloop
  endfacet
  facet normal -0.0432991 0.999062 0
    outer loop
      vertex 23.9872 40.4462 14.1
      vertex 23.8303 40.4394 15
      vertex 23.9872 40.4462 15
    endloop
  endfacet
  facet normal -0.0432991 0.999062 0
    outer loop
      vertex 23.8303 40.4394 15
      vertex 23.9872 40.4462 14.1
      vertex 23.8303 40.4394 14.1
    endloop
  endfacet
  facet normal -0.130537 0.991443 0
    outer loop
      vertex 24.1429 40.4667 14.1
      vertex 23.9872 40.4462 15
      vertex 24.1429 40.4667 15
    endloop
  endfacet
  facet normal -0.130537 0.991443 0
    outer loop
      vertex 23.9872 40.4462 15
      vertex 24.1429 40.4667 14.1
      vertex 23.9872 40.4462 14.1
    endloop
  endfacet
  facet normal -0.216526 0.976277 0
    outer loop
      vertex 24.2962 40.5007 14.1
      vertex 24.1429 40.4667 15
      vertex 24.2962 40.5007 15
    endloop
  endfacet
  facet normal -0.216526 0.976277 0
    outer loop
      vertex 24.1429 40.4667 15
      vertex 24.2962 40.5007 14.1
      vertex 24.1429 40.4667 14.1
    endloop
  endfacet
  facet normal -0.300704 0.953717 0
    outer loop
      vertex 24.4459 40.5479 14.1
      vertex 24.2962 40.5007 15
      vertex 24.4459 40.5479 15
    endloop
  endfacet
  facet normal -0.300704 0.953717 0
    outer loop
      vertex 24.2962 40.5007 15
      vertex 24.4459 40.5479 14.1
      vertex 24.2962 40.5007 14.1
    endloop
  endfacet
  facet normal -0.38267 0.923885 0
    outer loop
      vertex 24.591 40.608 14.1
      vertex 24.4459 40.5479 15
      vertex 24.591 40.608 15
    endloop
  endfacet
  facet normal -0.38267 0.923885 0
    outer loop
      vertex 24.4459 40.5479 15
      vertex 24.591 40.608 14.1
      vertex 24.4459 40.5479 14.1
    endloop
  endfacet
  facet normal -0.461674 0.88705 0
    outer loop
      vertex 24.7303 40.6805 14.1
      vertex 24.591 40.608 15
      vertex 24.7303 40.6805 15
    endloop
  endfacet
  facet normal -0.461674 0.88705 0
    outer loop
      vertex 24.591 40.608 15
      vertex 24.7303 40.6805 14.1
      vertex 24.591 40.608 14.1
    endloop
  endfacet
  facet normal -0.537535 0.843242 0
    outer loop
      vertex 24.8627 40.7649 14.1
      vertex 24.7303 40.6805 15
      vertex 24.8627 40.7649 15
    endloop
  endfacet
  facet normal -0.537535 0.843242 0
    outer loop
      vertex 24.7303 40.6805 15
      vertex 24.8627 40.7649 14.1
      vertex 24.7303 40.6805 14.1
    endloop
  endfacet
  facet normal -0.608726 0.793381 0
    outer loop
      vertex 24.9873 40.8605 14.1
      vertex 24.8627 40.7649 15
      vertex 24.9873 40.8605 15
    endloop
  endfacet
  facet normal -0.608726 0.793381 0
    outer loop
      vertex 24.8627 40.7649 15
      vertex 24.9873 40.8605 14.1
      vertex 24.8627 40.7649 14.1
    endloop
  endfacet
  facet normal -0.675552 0.737313 0
    outer loop
      vertex 25.1031 40.9666 14.1
      vertex 24.9873 40.8605 15
      vertex 25.1031 40.9666 15
    endloop
  endfacet
  facet normal -0.675552 0.737313 0
    outer loop
      vertex 24.9873 40.8605 15
      vertex 25.1031 40.9666 14.1
      vertex 24.9873 40.8605 14.1
    endloop
  endfacet
  facet normal -0.737313 0.675552 0
    outer loop
      vertex 25.1031 40.9666 14.1
      vertex 25.2092 41.0824 15
      vertex 25.2092 41.0824 14.1
    endloop
  endfacet
  facet normal -0.737313 0.675552 0
    outer loop
      vertex 25.2092 41.0824 15
      vertex 25.1031 40.9666 14.1
      vertex 25.1031 40.9666 15
    endloop
  endfacet
  facet normal -0.793381 0.608726 0
    outer loop
      vertex 25.2092 41.0824 14.1
      vertex 25.3048 41.207 15
      vertex 25.3048 41.207 14.1
    endloop
  endfacet
  facet normal -0.793381 0.608726 0
    outer loop
      vertex 25.3048 41.207 15
      vertex 25.2092 41.0824 14.1
      vertex 25.2092 41.0824 15
    endloop
  endfacet
  facet normal -0.84353 0.537082 0
    outer loop
      vertex 25.3048 41.207 14.1
      vertex 25.3891 41.3394 15
      vertex 25.3891 41.3394 14.1
    endloop
  endfacet
  facet normal -0.84353 0.537082 0
    outer loop
      vertex 25.3891 41.3394 15
      vertex 25.3048 41.207 14.1
      vertex 25.3048 41.207 15
    endloop
  endfacet
  facet normal -0.886789 0.462174 0
    outer loop
      vertex 25.3891 41.3394 14.1
      vertex 25.4617 41.4787 15
      vertex 25.4617 41.4787 14.1
    endloop
  endfacet
  facet normal -0.886789 0.462174 0
    outer loop
      vertex 25.4617 41.4787 15
      vertex 25.3891 41.3394 14.1
      vertex 25.3891 41.3394 15
    endloop
  endfacet
  facet normal -0.92411 0.382127 0
    outer loop
      vertex 25.4617 41.4787 14.1
      vertex 25.5217 41.6238 15
      vertex 25.5217 41.6238 14.1
    endloop
  endfacet
  facet normal -0.92411 0.382127 0
    outer loop
      vertex 25.5217 41.6238 15
      vertex 25.4617 41.4787 14.1
      vertex 25.4617 41.4787 15
    endloop
  endfacet
  facet normal -0.953535 0.301284 0
    outer loop
      vertex 25.5217 41.6238 14.1
      vertex 25.569 41.7735 15
      vertex 25.569 41.7735 14.1
    endloop
  endfacet
  facet normal -0.953535 0.301284 0
    outer loop
      vertex 25.569 41.7735 15
      vertex 25.5217 41.6238 14.1
      vertex 25.5217 41.6238 15
    endloop
  endfacet
  facet normal -0.976277 0.216526 0
    outer loop
      vertex 25.569 41.7735 14.1
      vertex 25.603 41.9268 15
      vertex 25.603 41.9268 14.1
    endloop
  endfacet
  facet normal -0.976277 0.216526 0
    outer loop
      vertex 25.603 41.9268 15
      vertex 25.569 41.7735 14.1
      vertex 25.569 41.7735 15
    endloop
  endfacet
  facet normal -0.991443 0.130537 0
    outer loop
      vertex 25.603 41.9268 14.1
      vertex 25.6235 42.0825 15
      vertex 25.6235 42.0825 14.1
    endloop
  endfacet
  facet normal -0.991443 0.130537 0
    outer loop
      vertex 25.6235 42.0825 15
      vertex 25.603 41.9268 14.1
      vertex 25.603 41.9268 15
    endloop
  endfacet
  facet normal -0.999062 0.0432991 0
    outer loop
      vertex 25.6235 42.0825 14.1
      vertex 25.6303 42.2394 15
      vertex 25.6303 42.2394 14.1
    endloop
  endfacet
  facet normal -0.999062 0.0432991 0
    outer loop
      vertex 25.6303 42.2394 15
      vertex 25.6235 42.0825 14.1
      vertex 25.6235 42.0825 15
    endloop
  endfacet
  facet normal -0.999062 -0.0432991 0
    outer loop
      vertex 25.6303 42.2394 14.1
      vertex 25.6235 42.3963 15
      vertex 25.6235 42.3963 14.1
    endloop
  endfacet
  facet normal -0.999062 -0.0432991 0
    outer loop
      vertex 25.6235 42.3963 15
      vertex 25.6303 42.2394 14.1
      vertex 25.6303 42.2394 15
    endloop
  endfacet
  facet normal -0.991443 -0.130537 0
    outer loop
      vertex 25.6235 42.3963 14.1
      vertex 25.603 42.552 15
      vertex 25.603 42.552 14.1
    endloop
  endfacet
  facet normal -0.991443 -0.130537 0
    outer loop
      vertex 25.603 42.552 15
      vertex 25.6235 42.3963 14.1
      vertex 25.6235 42.3963 15
    endloop
  endfacet
  facet normal -0.976277 -0.216526 0
    outer loop
      vertex 25.603 42.552 14.1
      vertex 25.569 42.7053 15
      vertex 25.569 42.7053 14.1
    endloop
  endfacet
  facet normal -0.976277 -0.216526 0
    outer loop
      vertex 25.569 42.7053 15
      vertex 25.603 42.552 14.1
      vertex 25.603 42.552 15
    endloop
  endfacet
  facet normal -0.953535 -0.301284 0
    outer loop
      vertex 25.569 42.7053 14.1
      vertex 25.5217 42.855 15
      vertex 25.5217 42.855 14.1
    endloop
  endfacet
  facet normal -0.953535 -0.301284 0
    outer loop
      vertex 25.5217 42.855 15
      vertex 25.569 42.7053 14.1
      vertex 25.569 42.7053 15
    endloop
  endfacet
  facet normal -0.92411 -0.382127 0
    outer loop
      vertex 25.5217 42.855 14.1
      vertex 25.4617 43.0001 15
      vertex 25.4617 43.0001 14.1
    endloop
  endfacet
  facet normal -0.92411 -0.382127 0
    outer loop
      vertex 25.4617 43.0001 15
      vertex 25.5217 42.855 14.1
      vertex 25.5217 42.855 15
    endloop
  endfacet
  facet normal -0.886789 -0.462174 0
    outer loop
      vertex 25.4617 43.0001 14.1
      vertex 25.3891 43.1394 15
      vertex 25.3891 43.1394 14.1
    endloop
  endfacet
  facet normal -0.886789 -0.462174 0
    outer loop
      vertex 25.3891 43.1394 15
      vertex 25.4617 43.0001 14.1
      vertex 25.4617 43.0001 15
    endloop
  endfacet
  facet normal -0.84353 -0.537082 0
    outer loop
      vertex 25.3891 43.1394 14.1
      vertex 25.3048 43.2718 15
      vertex 25.3048 43.2718 14.1
    endloop
  endfacet
  facet normal -0.84353 -0.537082 0
    outer loop
      vertex 25.3048 43.2718 15
      vertex 25.3891 43.1394 14.1
      vertex 25.3891 43.1394 15
    endloop
  endfacet
  facet normal -0.793381 -0.608726 0
    outer loop
      vertex 25.3048 43.2718 14.1
      vertex 25.2092 43.3964 15
      vertex 25.2092 43.3964 14.1
    endloop
  endfacet
  facet normal -0.793381 -0.608726 0
    outer loop
      vertex 25.2092 43.3964 15
      vertex 25.3048 43.2718 14.1
      vertex 25.3048 43.2718 15
    endloop
  endfacet
  facet normal -0.737313 -0.675552 0
    outer loop
      vertex 25.2092 43.3964 14.1
      vertex 25.1031 43.5122 15
      vertex 25.1031 43.5122 14.1
    endloop
  endfacet
  facet normal -0.737313 -0.675552 0
    outer loop
      vertex 25.1031 43.5122 15
      vertex 25.2092 43.3964 14.1
      vertex 25.2092 43.3964 15
    endloop
  endfacet
  facet normal -0.675552 -0.737313 0
    outer loop
      vertex 24.9873 43.6183 14.1
      vertex 25.1031 43.5122 15
      vertex 24.9873 43.6183 15
    endloop
  endfacet
  facet normal -0.675552 -0.737313 -0
    outer loop
      vertex 25.1031 43.5122 15
      vertex 24.9873 43.6183 14.1
      vertex 25.1031 43.5122 14.1
    endloop
  endfacet
  facet normal -0.608726 -0.793381 0
    outer loop
      vertex 24.8627 43.7139 14.1
      vertex 24.9873 43.6183 15
      vertex 24.8627 43.7139 15
    endloop
  endfacet
  facet normal -0.608726 -0.793381 -0
    outer loop
      vertex 24.9873 43.6183 15
      vertex 24.8627 43.7139 14.1
      vertex 24.9873 43.6183 14.1
    endloop
  endfacet
  facet normal -0.537082 -0.84353 0
    outer loop
      vertex 24.7303 43.7982 14.1
      vertex 24.8627 43.7139 15
      vertex 24.7303 43.7982 15
    endloop
  endfacet
  facet normal -0.537082 -0.84353 -0
    outer loop
      vertex 24.8627 43.7139 15
      vertex 24.7303 43.7982 14.1
      vertex 24.8627 43.7139 14.1
    endloop
  endfacet
  facet normal -0.461674 -0.88705 0
    outer loop
      vertex 24.591 43.8707 14.1
      vertex 24.7303 43.7982 15
      vertex 24.591 43.8707 15
    endloop
  endfacet
  facet normal -0.461674 -0.88705 -0
    outer loop
      vertex 24.7303 43.7982 15
      vertex 24.591 43.8707 14.1
      vertex 24.7303 43.7982 14.1
    endloop
  endfacet
  facet normal -0.383064 -0.923722 0
    outer loop
      vertex 24.4726 43.9198 14.1
      vertex 24.591 43.8707 15
      vertex 24.4726 43.9198 15
    endloop
  endfacet
  facet normal -0.383064 -0.923722 -0
    outer loop
      vertex 24.591 43.8707 15
      vertex 24.4726 43.9198 14.1
      vertex 24.591 43.8707 14.1
    endloop
  endfacet
  facet normal -0.461804 0.886982 0
    outer loop
      vertex 25.2524 44.3258 14.1
      vertex 24.4726 43.9198 15
      vertex 25.2524 44.3258 15
    endloop
  endfacet
  facet normal -0.461804 0.886982 0
    outer loop
      vertex 24.4726 43.9198 15
      vertex 25.2524 44.3258 14.1
      vertex 24.4726 43.9198 14.1
    endloop
  endfacet
  facet normal -0.382669 0.923885 0
    outer loop
      vertex 26.3485 44.7798 14.1
      vertex 25.2524 44.3258 15
      vertex 26.3485 44.7798 15
    endloop
  endfacet
  facet normal -0.382669 0.923885 0
    outer loop
      vertex 25.2524 44.3258 15
      vertex 26.3485 44.7798 14.1
      vertex 25.2524 44.3258 14.1
    endloop
  endfacet
  facet normal -0.300712 0.953715 0
    outer loop
      vertex 27.4801 45.1366 14.1
      vertex 26.3485 44.7798 15
      vertex 27.4801 45.1366 15
    endloop
  endfacet
  facet normal -0.300712 0.953715 0
    outer loop
      vertex 26.3485 44.7798 15
      vertex 27.4801 45.1366 14.1
      vertex 26.3485 44.7798 14.1
    endloop
  endfacet
  facet normal -0.216449 0.976294 0
    outer loop
      vertex 28.6384 45.3934 14.1
      vertex 27.4801 45.1366 15
      vertex 28.6384 45.3934 15
    endloop
  endfacet
  facet normal -0.216449 0.976294 0
    outer loop
      vertex 27.4801 45.1366 15
      vertex 28.6384 45.3934 14.1
      vertex 27.4801 45.1366 14.1
    endloop
  endfacet
  facet normal -0.130457 0.991454 0
    outer loop
      vertex 29.5101 45.5081 14.1
      vertex 28.6384 45.3934 15
      vertex 29.5101 45.5081 15
    endloop
  endfacet
  facet normal -0.130457 0.991454 0
    outer loop
      vertex 28.6384 45.3934 15
      vertex 29.5101 45.5081 14.1
      vertex 28.6384 45.3934 14.1
    endloop
  endfacet
  facet normal 0.843276 -0.537481 0
    outer loop
      vertex 29.4412 45.4 15
      vertex 29.5101 45.5081 14.1
      vertex 29.5101 45.5081 15
    endloop
  endfacet
  facet normal 0.843276 -0.537481 0
    outer loop
      vertex 29.5101 45.5081 14.1
      vertex 29.4412 45.4 15
      vertex 29.4412 45.4 14.1
    endloop
  endfacet
  facet normal 0.88705 -0.461674 0
    outer loop
      vertex 29.3687 45.2607 15
      vertex 29.4412 45.4 14.1
      vertex 29.4412 45.4 15
    endloop
  endfacet
  facet normal 0.88705 -0.461674 0
    outer loop
      vertex 29.4412 45.4 14.1
      vertex 29.3687 45.2607 15
      vertex 29.3687 45.2607 14.1
    endloop
  endfacet
  facet normal 0.923885 -0.38267 0
    outer loop
      vertex 29.3086 45.1156 15
      vertex 29.3687 45.2607 14.1
      vertex 29.3687 45.2607 15
    endloop
  endfacet
  facet normal 0.923885 -0.38267 0
    outer loop
      vertex 29.3687 45.2607 14.1
      vertex 29.3086 45.1156 15
      vertex 29.3086 45.1156 14.1
    endloop
  endfacet
  facet normal 0.953535 -0.301284 0
    outer loop
      vertex 29.2613 44.9659 15
      vertex 29.3086 45.1156 14.1
      vertex 29.3086 45.1156 15
    endloop
  endfacet
  facet normal 0.953535 -0.301284 0
    outer loop
      vertex 29.3086 45.1156 14.1
      vertex 29.2613 44.9659 15
      vertex 29.2613 44.9659 14.1
    endloop
  endfacet
  facet normal 0.976411 -0.215919 0
    outer loop
      vertex 29.2274 44.8126 15
      vertex 29.2613 44.9659 14.1
      vertex 29.2613 44.9659 15
    endloop
  endfacet
  facet normal 0.976411 -0.215919 0
    outer loop
      vertex 29.2613 44.9659 14.1
      vertex 29.2274 44.8126 15
      vertex 29.2274 44.8126 14.1
    endloop
  endfacet
  facet normal 0.991443 -0.130537 0
    outer loop
      vertex 29.2069 44.6569 15
      vertex 29.2274 44.8126 14.1
      vertex 29.2274 44.8126 15
    endloop
  endfacet
  facet normal 0.991443 -0.130537 0
    outer loop
      vertex 29.2274 44.8126 14.1
      vertex 29.2069 44.6569 15
      vertex 29.2069 44.6569 14.1
    endloop
  endfacet
  facet normal 0.999034 -0.0439346 0
    outer loop
      vertex 29.2 44.5 15
      vertex 29.2069 44.6569 14.1
      vertex 29.2069 44.6569 15
    endloop
  endfacet
  facet normal 0.999034 -0.0439346 0
    outer loop
      vertex 29.2069 44.6569 14.1
      vertex 29.2 44.5 15
      vertex 29.2 44.5 14.1
    endloop
  endfacet
  facet normal 0.999034 0.0439346 0
    outer loop
      vertex 29.2069 44.3431 15
      vertex 29.2 44.5 14.1
      vertex 29.2 44.5 15
    endloop
  endfacet
  facet normal 0.999034 0.0439346 0
    outer loop
      vertex 29.2 44.5 14.1
      vertex 29.2069 44.3431 15
      vertex 29.2069 44.3431 14.1
    endloop
  endfacet
  facet normal 0.991443 0.130537 0
    outer loop
      vertex 29.2274 44.1874 15
      vertex 29.2069 44.3431 14.1
      vertex 29.2069 44.3431 15
    endloop
  endfacet
  facet normal 0.991443 0.130537 0
    outer loop
      vertex 29.2069 44.3431 14.1
      vertex 29.2274 44.1874 15
      vertex 29.2274 44.1874 14.1
    endloop
  endfacet
  facet normal 0.976411 0.215919 0
    outer loop
      vertex 29.2613 44.0341 15
      vertex 29.2274 44.1874 14.1
      vertex 29.2274 44.1874 15
    endloop
  endfacet
  facet normal 0.976411 0.215919 0
    outer loop
      vertex 29.2274 44.1874 14.1
      vertex 29.2613 44.0341 15
      vertex 29.2613 44.0341 14.1
    endloop
  endfacet
  facet normal 0.953535 0.301284 0
    outer loop
      vertex 29.3086 43.8844 15
      vertex 29.2613 44.0341 14.1
      vertex 29.2613 44.0341 15
    endloop
  endfacet
  facet normal 0.953535 0.301284 0
    outer loop
      vertex 29.2613 44.0341 14.1
      vertex 29.3086 43.8844 15
      vertex 29.3086 43.8844 14.1
    endloop
  endfacet
  facet normal 0.923885 0.38267 0
    outer loop
      vertex 29.3687 43.7393 15
      vertex 29.3086 43.8844 14.1
      vertex 29.3086 43.8844 15
    endloop
  endfacet
  facet normal 0.923885 0.38267 0
    outer loop
      vertex 29.3086 43.8844 14.1
      vertex 29.3687 43.7393 15
      vertex 29.3687 43.7393 14.1
    endloop
  endfacet
  facet normal 0.88705 0.461674 0
    outer loop
      vertex 29.4412 43.6 15
      vertex 29.3687 43.7393 14.1
      vertex 29.3687 43.7393 15
    endloop
  endfacet
  facet normal 0.88705 0.461674 0
    outer loop
      vertex 29.3687 43.7393 14.1
      vertex 29.4412 43.6 15
      vertex 29.4412 43.6 14.1
    endloop
  endfacet
  facet normal 0.84353 0.537082 0
    outer loop
      vertex 29.5255 43.4676 15
      vertex 29.4412 43.6 14.1
      vertex 29.4412 43.6 15
    endloop
  endfacet
  facet normal 0.84353 0.537082 0
    outer loop
      vertex 29.4412 43.6 14.1
      vertex 29.5255 43.4676 15
      vertex 29.5255 43.4676 14.1
    endloop
  endfacet
  facet normal 0.793381 0.608726 0
    outer loop
      vertex 29.6211 43.343 15
      vertex 29.5255 43.4676 14.1
      vertex 29.5255 43.4676 15
    endloop
  endfacet
  facet normal 0.793381 0.608726 0
    outer loop
      vertex 29.5255 43.4676 14.1
      vertex 29.6211 43.343 15
      vertex 29.6211 43.343 14.1
    endloop
  endfacet
  facet normal 0.737313 0.675552 0
    outer loop
      vertex 29.7272 43.2272 15
      vertex 29.6211 43.343 14.1
      vertex 29.6211 43.343 15
    endloop
  endfacet
  facet normal 0.737313 0.675552 0
    outer loop
      vertex 29.6211 43.343 14.1
      vertex 29.7272 43.2272 15
      vertex 29.7272 43.2272 14.1
    endloop
  endfacet
  facet normal 0.675552 0.737313 -0
    outer loop
      vertex 29.843 43.1211 14.1
      vertex 29.7272 43.2272 15
      vertex 29.843 43.1211 15
    endloop
  endfacet
  facet normal 0.675552 0.737313 0
    outer loop
      vertex 29.7272 43.2272 15
      vertex 29.843 43.1211 14.1
      vertex 29.7272 43.2272 14.1
    endloop
  endfacet
  facet normal 0.608726 0.793381 -0
    outer loop
      vertex 29.9676 43.0255 14.1
      vertex 29.843 43.1211 15
      vertex 29.9676 43.0255 15
    endloop
  endfacet
  facet normal 0.608726 0.793381 0
    outer loop
      vertex 29.843 43.1211 15
      vertex 29.9676 43.0255 14.1
      vertex 29.843 43.1211 14.1
    endloop
  endfacet
  facet normal 0.537535 0.843242 -0
    outer loop
      vertex 30.1 42.9411 14.1
      vertex 29.9676 43.0255 15
      vertex 30.1 42.9411 15
    endloop
  endfacet
  facet normal 0.537535 0.843242 0
    outer loop
      vertex 29.9676 43.0255 15
      vertex 30.1 42.9411 14.1
      vertex 29.9676 43.0255 14.1
    endloop
  endfacet
  facet normal 0.461674 0.88705 -0
    outer loop
      vertex 30.2393 42.8686 14.1
      vertex 30.1 42.9411 15
      vertex 30.2393 42.8686 15
    endloop
  endfacet
  facet normal 0.461674 0.88705 0
    outer loop
      vertex 30.1 42.9411 15
      vertex 30.2393 42.8686 14.1
      vertex 30.1 42.9411 14.1
    endloop
  endfacet
  facet normal 0.38267 0.923885 -0
    outer loop
      vertex 30.3844 42.8085 14.1
      vertex 30.2393 42.8686 15
      vertex 30.3844 42.8085 15
    endloop
  endfacet
  facet normal 0.38267 0.923885 0
    outer loop
      vertex 30.2393 42.8686 15
      vertex 30.3844 42.8085 14.1
      vertex 30.2393 42.8686 14.1
    endloop
  endfacet
  facet normal 0.300704 0.953717 -0
    outer loop
      vertex 30.5341 42.7613 14.1
      vertex 30.3844 42.8085 15
      vertex 30.5341 42.7613 15
    endloop
  endfacet
  facet normal 0.300704 0.953717 0
    outer loop
      vertex 30.3844 42.8085 15
      vertex 30.5341 42.7613 14.1
      vertex 30.3844 42.8085 14.1
    endloop
  endfacet
  facet normal 0.216526 0.976277 -0
    outer loop
      vertex 30.6874 42.7273 14.1
      vertex 30.5341 42.7613 15
      vertex 30.6874 42.7273 15
    endloop
  endfacet
  facet normal 0.216526 0.976277 0
    outer loop
      vertex 30.5341 42.7613 15
      vertex 30.6874 42.7273 14.1
      vertex 30.5341 42.7613 14.1
    endloop
  endfacet
  facet normal 0.130537 0.991443 -0
    outer loop
      vertex 30.8431 42.7068 14.1
      vertex 30.6874 42.7273 15
      vertex 30.8431 42.7068 15
    endloop
  endfacet
  facet normal 0.130537 0.991443 0
    outer loop
      vertex 30.6874 42.7273 15
      vertex 30.8431 42.7068 14.1
      vertex 30.6874 42.7273 14.1
    endloop
  endfacet
  facet normal 0.0432991 0.999062 -0
    outer loop
      vertex 31 42.7 14.1
      vertex 30.8431 42.7068 15
      vertex 31 42.7 15
    endloop
  endfacet
  facet normal 0.0432991 0.999062 0
    outer loop
      vertex 30.8431 42.7068 15
      vertex 31 42.7 14.1
      vertex 30.8431 42.7068 14.1
    endloop
  endfacet
  facet normal -0.0432991 0.999062 0
    outer loop
      vertex 31.1569 42.7068 14.1
      vertex 31 42.7 15
      vertex 31.1569 42.7068 15
    endloop
  endfacet
  facet normal -0.0432991 0.999062 0
    outer loop
      vertex 31 42.7 15
      vertex 31.1569 42.7068 14.1
      vertex 31 42.7 14.1
    endloop
  endfacet
  facet normal -0.130537 0.991443 0
    outer loop
      vertex 31.3126 42.7273 14.1
      vertex 31.1569 42.7068 15
      vertex 31.3126 42.7273 15
    endloop
  endfacet
  facet normal -0.130537 0.991443 0
    outer loop
      vertex 31.1569 42.7068 15
      vertex 31.3126 42.7273 14.1
      vertex 31.1569 42.7068 14.1
    endloop
  endfacet
  facet normal -0.216526 0.976277 0
    outer loop
      vertex 31.4659 42.7613 14.1
      vertex 31.3126 42.7273 15
      vertex 31.4659 42.7613 15
    endloop
  endfacet
  facet normal -0.216526 0.976277 0
    outer loop
      vertex 31.3126 42.7273 15
      vertex 31.4659 42.7613 14.1
      vertex 31.3126 42.7273 14.1
    endloop
  endfacet
  facet normal -0.300704 0.953717 0
    outer loop
      vertex 31.6156 42.8085 14.1
      vertex 31.4659 42.7613 15
      vertex 31.6156 42.8085 15
    endloop
  endfacet
  facet normal -0.300704 0.953717 0
    outer loop
      vertex 31.4659 42.7613 15
      vertex 31.6156 42.8085 14.1
      vertex 31.4659 42.7613 14.1
    endloop
  endfacet
  facet normal -0.38267 0.923885 0
    outer loop
      vertex 31.7607 42.8686 14.1
      vertex 31.6156 42.8085 15
      vertex 31.7607 42.8686 15
    endloop
  endfacet
  facet normal -0.38267 0.923885 0
    outer loop
      vertex 31.6156 42.8085 15
      vertex 31.7607 42.8686 14.1
      vertex 31.6156 42.8085 14.1
    endloop
  endfacet
  facet normal -0.461674 0.88705 0
    outer loop
      vertex 31.9 42.9411 14.1
      vertex 31.7607 42.8686 15
      vertex 31.9 42.9411 15
    endloop
  endfacet
  facet normal -0.461674 0.88705 0
    outer loop
      vertex 31.7607 42.8686 15
      vertex 31.9 42.9411 14.1
      vertex 31.7607 42.8686 14.1
    endloop
  endfacet
  facet normal -0.537535 0.843242 0
    outer loop
      vertex 32.0324 43.0255 14.1
      vertex 31.9 42.9411 15
      vertex 32.0324 43.0255 15
    endloop
  endfacet
  facet normal -0.537535 0.843242 0
    outer loop
      vertex 31.9 42.9411 15
      vertex 32.0324 43.0255 14.1
      vertex 31.9 42.9411 14.1
    endloop
  endfacet
  facet normal -0.608726 0.793381 0
    outer loop
      vertex 32.157 43.1211 14.1
      vertex 32.0324 43.0255 15
      vertex 32.157 43.1211 15
    endloop
  endfacet
  facet normal -0.608726 0.793381 0
    outer loop
      vertex 32.0324 43.0255 15
      vertex 32.157 43.1211 14.1
      vertex 32.0324 43.0255 14.1
    endloop
  endfacet
  facet normal -0.675552 0.737313 0
    outer loop
      vertex 32.2728 43.2272 14.1
      vertex 32.157 43.1211 15
      vertex 32.2728 43.2272 15
    endloop
  endfacet
  facet normal -0.675552 0.737313 0
    outer loop
      vertex 32.157 43.1211 15
      vertex 32.2728 43.2272 14.1
      vertex 32.157 43.1211 14.1
    endloop
  endfacet
  facet normal -0.737313 0.675552 0
    outer loop
      vertex 32.2728 43.2272 14.1
      vertex 32.3789 43.343 15
      vertex 32.3789 43.343 14.1
    endloop
  endfacet
  facet normal -0.737313 0.675552 0
    outer loop
      vertex 32.3789 43.343 15
      vertex 32.2728 43.2272 14.1
      vertex 32.2728 43.2272 15
    endloop
  endfacet
  facet normal -0.793381 0.608726 0
    outer loop
      vertex 32.3789 43.343 14.1
      vertex 32.4745 43.4676 15
      vertex 32.4745 43.4676 14.1
    endloop
  endfacet
  facet normal -0.793381 0.608726 0
    outer loop
      vertex 32.4745 43.4676 15
      vertex 32.3789 43.343 14.1
      vertex 32.3789 43.343 15
    endloop
  endfacet
  facet normal -0.84353 0.537082 0
    outer loop
      vertex 32.4745 43.4676 14.1
      vertex 32.5588 43.6 15
      vertex 32.5588 43.6 14.1
    endloop
  endfacet
  facet normal -0.84353 0.537082 0
    outer loop
      vertex 32.5588 43.6 15
      vertex 32.4745 43.4676 14.1
      vertex 32.4745 43.4676 15
    endloop
  endfacet
  facet normal -0.88705 0.461674 0
    outer loop
      vertex 32.5588 43.6 14.1
      vertex 32.6313 43.7393 15
      vertex 32.6313 43.7393 14.1
    endloop
  endfacet
  facet normal -0.88705 0.461674 0
    outer loop
      vertex 32.6313 43.7393 15
      vertex 32.5588 43.6 14.1
      vertex 32.5588 43.6 15
    endloop
  endfacet
  facet normal -0.923885 0.38267 0
    outer loop
      vertex 32.6313 43.7393 14.1
      vertex 32.6914 43.8844 15
      vertex 32.6914 43.8844 14.1
    endloop
  endfacet
  facet normal -0.923885 0.38267 0
    outer loop
      vertex 32.6914 43.8844 15
      vertex 32.6313 43.7393 14.1
      vertex 32.6313 43.7393 15
    endloop
  endfacet
  facet normal -0.953535 0.301284 0
    outer loop
      vertex 32.6914 43.8844 14.1
      vertex 32.7387 44.0341 15
      vertex 32.7387 44.0341 14.1
    endloop
  endfacet
  facet normal -0.953535 0.301284 0
    outer loop
      vertex 32.7387 44.0341 15
      vertex 32.6914 43.8844 14.1
      vertex 32.6914 43.8844 15
    endloop
  endfacet
  facet normal -0.976411 0.215919 0
    outer loop
      vertex 32.7387 44.0341 14.1
      vertex 32.7726 44.1874 15
      vertex 32.7726 44.1874 14.1
    endloop
  endfacet
  facet normal -0.976411 0.215919 0
    outer loop
      vertex 32.7726 44.1874 15
      vertex 32.7387 44.0341 14.1
      vertex 32.7387 44.0341 15
    endloop
  endfacet
  facet normal -0.991443 0.130537 0
    outer loop
      vertex 32.7726 44.1874 14.1
      vertex 32.7931 44.3431 15
      vertex 32.7931 44.3431 14.1
    endloop
  endfacet
  facet normal -0.991443 0.130537 0
    outer loop
      vertex 32.7931 44.3431 15
      vertex 32.7726 44.1874 14.1
      vertex 32.7726 44.1874 15
    endloop
  endfacet
  facet normal -0.999034 0.0439346 0
    outer loop
      vertex 32.7931 44.3431 14.1
      vertex 32.8 44.5 15
      vertex 32.8 44.5 14.1
    endloop
  endfacet
  facet normal -0.999034 0.0439346 0
    outer loop
      vertex 32.8 44.5 15
      vertex 32.7931 44.3431 14.1
      vertex 32.7931 44.3431 15
    endloop
  endfacet
  facet normal -0.999034 -0.0439346 0
    outer loop
      vertex 32.8 44.5 14.1
      vertex 32.7931 44.6569 15
      vertex 32.7931 44.6569 14.1
    endloop
  endfacet
  facet normal -0.999034 -0.0439346 0
    outer loop
      vertex 32.7931 44.6569 15
      vertex 32.8 44.5 14.1
      vertex 32.8 44.5 15
    endloop
  endfacet
  facet normal -0.991443 -0.130537 0
    outer loop
      vertex 32.7931 44.6569 14.1
      vertex 32.7726 44.8126 15
      vertex 32.7726 44.8126 14.1
    endloop
  endfacet
  facet normal -0.991443 -0.130537 0
    outer loop
      vertex 32.7726 44.8126 15
      vertex 32.7931 44.6569 14.1
      vertex 32.7931 44.6569 15
    endloop
  endfacet
  facet normal -0.976411 -0.215919 0
    outer loop
      vertex 32.7726 44.8126 14.1
      vertex 32.7387 44.9659 15
      vertex 32.7387 44.9659 14.1
    endloop
  endfacet
  facet normal -0.976411 -0.215919 0
    outer loop
      vertex 32.7387 44.9659 15
      vertex 32.7726 44.8126 14.1
      vertex 32.7726 44.8126 15
    endloop
  endfacet
  facet normal -0.953535 -0.301284 0
    outer loop
      vertex 32.7387 44.9659 14.1
      vertex 32.6914 45.1156 15
      vertex 32.6914 45.1156 14.1
    endloop
  endfacet
  facet normal -0.953535 -0.301284 0
    outer loop
      vertex 32.6914 45.1156 15
      vertex 32.7387 44.9659 14.1
      vertex 32.7387 44.9659 15
    endloop
  endfacet
  facet normal -0.923885 -0.38267 0
    outer loop
      vertex 32.6914 45.1156 14.1
      vertex 32.6313 45.2607 15
      vertex 32.6313 45.2607 14.1
    endloop
  endfacet
  facet normal -0.923885 -0.38267 0
    outer loop
      vertex 32.6313 45.2607 15
      vertex 32.6914 45.1156 14.1
      vertex 32.6914 45.1156 15
    endloop
  endfacet
  facet normal -0.88705 -0.461674 0
    outer loop
      vertex 32.6313 45.2607 14.1
      vertex 32.5588 45.4 15
      vertex 32.5588 45.4 14.1
    endloop
  endfacet
  facet normal -0.88705 -0.461674 0
    outer loop
      vertex 32.5588 45.4 15
      vertex 32.6313 45.2607 14.1
      vertex 32.6313 45.2607 15
    endloop
  endfacet
  facet normal -0.843276 -0.537481 0
    outer loop
      vertex 32.5588 45.4 14.1
      vertex 32.4899 45.5081 15
      vertex 32.4899 45.5081 14.1
    endloop
  endfacet
  facet normal -0.843276 -0.537481 0
    outer loop
      vertex 32.4899 45.5081 15
      vertex 32.5588 45.4 14.1
      vertex 32.5588 45.4 15
    endloop
  endfacet
  facet normal 0.130457 0.991454 -0
    outer loop
      vertex 33.3616 45.3934 14.1
      vertex 32.4899 45.5081 15
      vertex 33.3616 45.3934 15
    endloop
  endfacet
  facet normal 0.130457 0.991454 0
    outer loop
      vertex 32.4899 45.5081 15
      vertex 33.3616 45.3934 14.1
      vertex 32.4899 45.5081 14.1
    endloop
  endfacet
  facet normal 0.216449 0.976294 -0
    outer loop
      vertex 34.5199 45.1366 14.1
      vertex 33.3616 45.3934 15
      vertex 34.5199 45.1366 15
    endloop
  endfacet
  facet normal 0.216449 0.976294 0
    outer loop
      vertex 33.3616 45.3934 15
      vertex 34.5199 45.1366 14.1
      vertex 33.3616 45.3934 14.1
    endloop
  endfacet
  facet normal 0.300712 0.953715 -0
    outer loop
      vertex 35.6515 44.7798 14.1
      vertex 34.5199 45.1366 15
      vertex 35.6515 44.7798 15
    endloop
  endfacet
  facet normal 0.300712 0.953715 0
    outer loop
      vertex 34.5199 45.1366 15
      vertex 35.6515 44.7798 14.1
      vertex 34.5199 45.1366 14.1
    endloop
  endfacet
  facet normal 0.382669 0.923885 -0
    outer loop
      vertex 36.7476 44.3258 14.1
      vertex 35.6515 44.7798 15
      vertex 36.7476 44.3258 15
    endloop
  endfacet
  facet normal 0.382669 0.923885 0
    outer loop
      vertex 35.6515 44.7798 15
      vertex 36.7476 44.3258 14.1
      vertex 35.6515 44.7798 14.1
    endloop
  endfacet
  facet normal 0.461804 0.886982 -0
    outer loop
      vertex 37.5274 43.9198 14.1
      vertex 36.7476 44.3258 15
      vertex 37.5274 43.9198 15
    endloop
  endfacet
  facet normal 0.461804 0.886982 0
    outer loop
      vertex 36.7476 44.3258 15
      vertex 37.5274 43.9198 14.1
      vertex 36.7476 44.3258 14.1
    endloop
  endfacet
  facet normal 0.383064 -0.923722 0
    outer loop
      vertex 37.409 43.8707 14.1
      vertex 37.5274 43.9198 15
      vertex 37.409 43.8707 15
    endloop
  endfacet
  facet normal 0.383064 -0.923722 0
    outer loop
      vertex 37.5274 43.9198 15
      vertex 37.409 43.8707 14.1
      vertex 37.5274 43.9198 14.1
    endloop
  endfacet
  facet normal 0.461674 -0.88705 0
    outer loop
      vertex 37.2697 43.7982 14.1
      vertex 37.409 43.8707 15
      vertex 37.2697 43.7982 15
    endloop
  endfacet
  facet normal 0.461674 -0.88705 0
    outer loop
      vertex 37.409 43.8707 15
      vertex 37.2697 43.7982 14.1
      vertex 37.409 43.8707 14.1
    endloop
  endfacet
  facet normal 0.537082 -0.84353 0
    outer loop
      vertex 37.1373 43.7139 14.1
      vertex 37.2697 43.7982 15
      vertex 37.1373 43.7139 15
    endloop
  endfacet
  facet normal 0.537082 -0.84353 0
    outer loop
      vertex 37.2697 43.7982 15
      vertex 37.1373 43.7139 14.1
      vertex 37.2697 43.7982 14.1
    endloop
  endfacet
  facet normal 0.608726 -0.793381 0
    outer loop
      vertex 37.0127 43.6183 14.1
      vertex 37.1373 43.7139 15
      vertex 37.0127 43.6183 15
    endloop
  endfacet
  facet normal 0.608726 -0.793381 0
    outer loop
      vertex 37.1373 43.7139 15
      vertex 37.0127 43.6183 14.1
      vertex 37.1373 43.7139 14.1
    endloop
  endfacet
  facet normal 0.675552 -0.737313 0
    outer loop
      vertex 36.8969 43.5122 14.1
      vertex 37.0127 43.6183 15
      vertex 36.8969 43.5122 15
    endloop
  endfacet
  facet normal 0.675552 -0.737313 0
    outer loop
      vertex 37.0127 43.6183 15
      vertex 36.8969 43.5122 14.1
      vertex 37.0127 43.6183 14.1
    endloop
  endfacet
  facet normal 0.737313 -0.675552 0
    outer loop
      vertex 36.7908 43.3964 15
      vertex 36.8969 43.5122 14.1
      vertex 36.8969 43.5122 15
    endloop
  endfacet
  facet normal 0.737313 -0.675552 0
    outer loop
      vertex 36.8969 43.5122 14.1
      vertex 36.7908 43.3964 15
      vertex 36.7908 43.3964 14.1
    endloop
  endfacet
  facet normal 0.793381 -0.608726 0
    outer loop
      vertex 36.6952 43.2718 15
      vertex 36.7908 43.3964 14.1
      vertex 36.7908 43.3964 15
    endloop
  endfacet
  facet normal 0.793381 -0.608726 0
    outer loop
      vertex 36.7908 43.3964 14.1
      vertex 36.6952 43.2718 15
      vertex 36.6952 43.2718 14.1
    endloop
  endfacet
  facet normal 0.84353 -0.537082 0
    outer loop
      vertex 36.6109 43.1394 15
      vertex 36.6952 43.2718 14.1
      vertex 36.6952 43.2718 15
    endloop
  endfacet
  facet normal 0.84353 -0.537082 0
    outer loop
      vertex 36.6952 43.2718 14.1
      vertex 36.6109 43.1394 15
      vertex 36.6109 43.1394 14.1
    endloop
  endfacet
  facet normal 0.886789 -0.462174 0
    outer loop
      vertex 36.5383 43.0001 15
      vertex 36.6109 43.1394 14.1
      vertex 36.6109 43.1394 15
    endloop
  endfacet
  facet normal 0.886789 -0.462174 0
    outer loop
      vertex 36.6109 43.1394 14.1
      vertex 36.5383 43.0001 15
      vertex 36.5383 43.0001 14.1
    endloop
  endfacet
  facet normal 0.92411 -0.382127 0
    outer loop
      vertex 36.4783 42.855 15
      vertex 36.5383 43.0001 14.1
      vertex 36.5383 43.0001 15
    endloop
  endfacet
  facet normal 0.92411 -0.382127 0
    outer loop
      vertex 36.5383 43.0001 14.1
      vertex 36.4783 42.855 15
      vertex 36.4783 42.855 14.1
    endloop
  endfacet
  facet normal 0.953535 -0.301284 0
    outer loop
      vertex 36.431 42.7053 15
      vertex 36.4783 42.855 14.1
      vertex 36.4783 42.855 15
    endloop
  endfacet
  facet normal 0.953535 -0.301284 0
    outer loop
      vertex 36.4783 42.855 14.1
      vertex 36.431 42.7053 15
      vertex 36.431 42.7053 14.1
    endloop
  endfacet
  facet normal 0.976277 -0.216526 0
    outer loop
      vertex 36.397 42.552 15
      vertex 36.431 42.7053 14.1
      vertex 36.431 42.7053 15
    endloop
  endfacet
  facet normal 0.976277 -0.216526 0
    outer loop
      vertex 36.431 42.7053 14.1
      vertex 36.397 42.552 15
      vertex 36.397 42.552 14.1
    endloop
  endfacet
  facet normal 0.991443 -0.130537 0
    outer loop
      vertex 36.3765 42.3963 15
      vertex 36.397 42.552 14.1
      vertex 36.397 42.552 15
    endloop
  endfacet
  facet normal 0.991443 -0.130537 0
    outer loop
      vertex 36.397 42.552 14.1
      vertex 36.3765 42.3963 15
      vertex 36.3765 42.3963 14.1
    endloop
  endfacet
  facet normal 0.999062 -0.0432991 0
    outer loop
      vertex 36.3697 42.2394 15
      vertex 36.3765 42.3963 14.1
      vertex 36.3765 42.3963 15
    endloop
  endfacet
  facet normal 0.999062 -0.0432991 0
    outer loop
      vertex 36.3765 42.3963 14.1
      vertex 36.3697 42.2394 15
      vertex 36.3697 42.2394 14.1
    endloop
  endfacet
  facet normal 0.999062 0.0432991 0
    outer loop
      vertex 36.3765 42.0825 15
      vertex 36.3697 42.2394 14.1
      vertex 36.3697 42.2394 15
    endloop
  endfacet
  facet normal 0.999062 0.0432991 0
    outer loop
      vertex 36.3697 42.2394 14.1
      vertex 36.3765 42.0825 15
      vertex 36.3765 42.0825 14.1
    endloop
  endfacet
  facet normal 0.991443 0.130537 0
    outer loop
      vertex 36.397 41.9268 15
      vertex 36.3765 42.0825 14.1
      vertex 36.3765 42.0825 15
    endloop
  endfacet
  facet normal 0.991443 0.130537 0
    outer loop
      vertex 36.3765 42.0825 14.1
      vertex 36.397 41.9268 15
      vertex 36.397 41.9268 14.1
    endloop
  endfacet
  facet normal 0.976277 0.216526 0
    outer loop
      vertex 36.431 41.7735 15
      vertex 36.397 41.9268 14.1
      vertex 36.397 41.9268 15
    endloop
  endfacet
  facet normal 0.976277 0.216526 0
    outer loop
      vertex 36.397 41.9268 14.1
      vertex 36.431 41.7735 15
      vertex 36.431 41.7735 14.1
    endloop
  endfacet
  facet normal 0.953535 0.301284 0
    outer loop
      vertex 36.4783 41.6238 15
      vertex 36.431 41.7735 14.1
      vertex 36.431 41.7735 15
    endloop
  endfacet
  facet normal 0.953535 0.301284 0
    outer loop
      vertex 36.431 41.7735 14.1
      vertex 36.4783 41.6238 15
      vertex 36.4783 41.6238 14.1
    endloop
  endfacet
  facet normal 0.92411 0.382127 0
    outer loop
      vertex 36.5383 41.4787 15
      vertex 36.4783 41.6238 14.1
      vertex 36.4783 41.6238 15
    endloop
  endfacet
  facet normal 0.92411 0.382127 0
    outer loop
      vertex 36.4783 41.6238 14.1
      vertex 36.5383 41.4787 15
      vertex 36.5383 41.4787 14.1
    endloop
  endfacet
  facet normal 0.886789 0.462174 0
    outer loop
      vertex 36.6109 41.3394 15
      vertex 36.5383 41.4787 14.1
      vertex 36.5383 41.4787 15
    endloop
  endfacet
  facet normal 0.886789 0.462174 0
    outer loop
      vertex 36.5383 41.4787 14.1
      vertex 36.6109 41.3394 15
      vertex 36.6109 41.3394 14.1
    endloop
  endfacet
  facet normal 0.84353 0.537082 0
    outer loop
      vertex 36.6952 41.207 15
      vertex 36.6109 41.3394 14.1
      vertex 36.6109 41.3394 15
    endloop
  endfacet
  facet normal 0.84353 0.537082 0
    outer loop
      vertex 36.6109 41.3394 14.1
      vertex 36.6952 41.207 15
      vertex 36.6952 41.207 14.1
    endloop
  endfacet
  facet normal 0.793381 0.608726 0
    outer loop
      vertex 36.7908 41.0824 15
      vertex 36.6952 41.207 14.1
      vertex 36.6952 41.207 15
    endloop
  endfacet
  facet normal 0.793381 0.608726 0
    outer loop
      vertex 36.6952 41.207 14.1
      vertex 36.7908 41.0824 15
      vertex 36.7908 41.0824 14.1
    endloop
  endfacet
  facet normal 0.737313 0.675552 0
    outer loop
      vertex 36.8969 40.9666 15
      vertex 36.7908 41.0824 14.1
      vertex 36.7908 41.0824 15
    endloop
  endfacet
  facet normal 0.737313 0.675552 0
    outer loop
      vertex 36.7908 41.0824 14.1
      vertex 36.8969 40.9666 15
      vertex 36.8969 40.9666 14.1
    endloop
  endfacet
  facet normal 0.675552 0.737313 -0
    outer loop
      vertex 37.0127 40.8605 14.1
      vertex 36.8969 40.9666 15
      vertex 37.0127 40.8605 15
    endloop
  endfacet
  facet normal 0.675552 0.737313 0
    outer loop
      vertex 36.8969 40.9666 15
      vertex 37.0127 40.8605 14.1
      vertex 36.8969 40.9666 14.1
    endloop
  endfacet
  facet normal 0.608726 0.793381 -0
    outer loop
      vertex 37.1373 40.7649 14.1
      vertex 37.0127 40.8605 15
      vertex 37.1373 40.7649 15
    endloop
  endfacet
  facet normal 0.608726 0.793381 0
    outer loop
      vertex 37.0127 40.8605 15
      vertex 37.1373 40.7649 14.1
      vertex 37.0127 40.8605 14.1
    endloop
  endfacet
  facet normal 0.537535 0.843242 -0
    outer loop
      vertex 37.2697 40.6805 14.1
      vertex 37.1373 40.7649 15
      vertex 37.2697 40.6805 15
    endloop
  endfacet
  facet normal 0.537535 0.843242 0
    outer loop
      vertex 37.1373 40.7649 15
      vertex 37.2697 40.6805 14.1
      vertex 37.1373 40.7649 14.1
    endloop
  endfacet
  facet normal 0.461674 0.88705 -0
    outer loop
      vertex 37.409 40.608 14.1
      vertex 37.2697 40.6805 15
      vertex 37.409 40.608 15
    endloop
  endfacet
  facet normal 0.461674 0.88705 0
    outer loop
      vertex 37.2697 40.6805 15
      vertex 37.409 40.608 14.1
      vertex 37.2697 40.6805 14.1
    endloop
  endfacet
  facet normal 0.38267 0.923885 -0
    outer loop
      vertex 37.5541 40.5479 14.1
      vertex 37.409 40.608 15
      vertex 37.5541 40.5479 15
    endloop
  endfacet
  facet normal 0.38267 0.923885 0
    outer loop
      vertex 37.409 40.608 15
      vertex 37.5541 40.5479 14.1
      vertex 37.409 40.608 14.1
    endloop
  endfacet
  facet normal 0.300704 0.953717 -0
    outer loop
      vertex 37.7038 40.5007 14.1
      vertex 37.5541 40.5479 15
      vertex 37.7038 40.5007 15
    endloop
  endfacet
  facet normal 0.300704 0.953717 0
    outer loop
      vertex 37.5541 40.5479 15
      vertex 37.7038 40.5007 14.1
      vertex 37.5541 40.5479 14.1
    endloop
  endfacet
  facet normal 0.216526 0.976277 -0
    outer loop
      vertex 37.8571 40.4667 14.1
      vertex 37.7038 40.5007 15
      vertex 37.8571 40.4667 15
    endloop
  endfacet
  facet normal 0.216526 0.976277 0
    outer loop
      vertex 37.7038 40.5007 15
      vertex 37.8571 40.4667 14.1
      vertex 37.7038 40.5007 14.1
    endloop
  endfacet
  facet normal 0.130537 0.991443 -0
    outer loop
      vertex 38.0128 40.4462 14.1
      vertex 37.8571 40.4667 15
      vertex 38.0128 40.4462 15
    endloop
  endfacet
  facet normal 0.130537 0.991443 0
    outer loop
      vertex 37.8571 40.4667 15
      vertex 38.0128 40.4462 14.1
      vertex 37.8571 40.4667 14.1
    endloop
  endfacet
  facet normal 0.0432991 0.999062 -0
    outer loop
      vertex 38.1697 40.4394 14.1
      vertex 38.0128 40.4462 15
      vertex 38.1697 40.4394 15
    endloop
  endfacet
  facet normal 0.0432991 0.999062 0
    outer loop
      vertex 38.0128 40.4462 15
      vertex 38.1697 40.4394 14.1
      vertex 38.0128 40.4462 14.1
    endloop
  endfacet
  facet normal -0.0432991 0.999062 0
    outer loop
      vertex 38.3266 40.4462 14.1
      vertex 38.1697 40.4394 15
      vertex 38.3266 40.4462 15
    endloop
  endfacet
  facet normal -0.0432991 0.999062 0
    outer loop
      vertex 38.1697 40.4394 15
      vertex 38.3266 40.4462 14.1
      vertex 38.1697 40.4394 14.1
    endloop
  endfacet
  facet normal -0.130537 0.991443 0
    outer loop
      vertex 38.4823 40.4667 14.1
      vertex 38.3266 40.4462 15
      vertex 38.4823 40.4667 15
    endloop
  endfacet
  facet normal -0.130537 0.991443 0
    outer loop
      vertex 38.3266 40.4462 15
      vertex 38.4823 40.4667 14.1
      vertex 38.3266 40.4462 14.1
    endloop
  endfacet
  facet normal -0.216526 0.976277 0
    outer loop
      vertex 38.6356 40.5007 14.1
      vertex 38.4823 40.4667 15
      vertex 38.6356 40.5007 15
    endloop
  endfacet
  facet normal -0.216526 0.976277 0
    outer loop
      vertex 38.4823 40.4667 15
      vertex 38.6356 40.5007 14.1
      vertex 38.4823 40.4667 14.1
    endloop
  endfacet
  facet normal -0.300704 0.953717 0
    outer loop
      vertex 38.7853 40.5479 14.1
      vertex 38.6356 40.5007 15
      vertex 38.7853 40.5479 15
    endloop
  endfacet
  facet normal -0.300704 0.953717 0
    outer loop
      vertex 38.6356 40.5007 15
      vertex 38.7853 40.5479 14.1
      vertex 38.6356 40.5007 14.1
    endloop
  endfacet
  facet normal -0.38267 0.923885 0
    outer loop
      vertex 38.9304 40.608 14.1
      vertex 38.7853 40.5479 15
      vertex 38.9304 40.608 15
    endloop
  endfacet
  facet normal -0.38267 0.923885 0
    outer loop
      vertex 38.7853 40.5479 15
      vertex 38.9304 40.608 14.1
      vertex 38.7853 40.5479 14.1
    endloop
  endfacet
  facet normal -0.461674 0.88705 0
    outer loop
      vertex 39.0697 40.6805 14.1
      vertex 38.9304 40.608 15
      vertex 39.0697 40.6805 15
    endloop
  endfacet
  facet normal -0.461674 0.88705 0
    outer loop
      vertex 38.9304 40.608 15
      vertex 39.0697 40.6805 14.1
      vertex 38.9304 40.608 14.1
    endloop
  endfacet
  facet normal -0.537535 0.843242 0
    outer loop
      vertex 39.2021 40.7649 14.1
      vertex 39.0697 40.6805 15
      vertex 39.2021 40.7649 15
    endloop
  endfacet
  facet normal -0.537535 0.843242 0
    outer loop
      vertex 39.0697 40.6805 15
      vertex 39.2021 40.7649 14.1
      vertex 39.0697 40.6805 14.1
    endloop
  endfacet
  facet normal -0.608726 0.793381 0
    outer loop
      vertex 39.3267 40.8605 14.1
      vertex 39.2021 40.7649 15
      vertex 39.3267 40.8605 15
    endloop
  endfacet
  facet normal -0.608726 0.793381 0
    outer loop
      vertex 39.2021 40.7649 15
      vertex 39.3267 40.8605 14.1
      vertex 39.2021 40.7649 14.1
    endloop
  endfacet
  facet normal -0.675552 0.737313 0
    outer loop
      vertex 39.4425 40.9666 14.1
      vertex 39.3267 40.8605 15
      vertex 39.4425 40.9666 15
    endloop
  endfacet
  facet normal -0.675552 0.737313 0
    outer loop
      vertex 39.3267 40.8605 15
      vertex 39.4425 40.9666 14.1
      vertex 39.3267 40.8605 14.1
    endloop
  endfacet
  facet normal -0.737313 0.675552 0
    outer loop
      vertex 39.4425 40.9666 14.1
      vertex 39.5486 41.0824 15
      vertex 39.5486 41.0824 14.1
    endloop
  endfacet
  facet normal -0.737313 0.675552 0
    outer loop
      vertex 39.5486 41.0824 15
      vertex 39.4425 40.9666 14.1
      vertex 39.4425 40.9666 15
    endloop
  endfacet
  facet normal -0.793381 0.608726 0
    outer loop
      vertex 39.5486 41.0824 14.1
      vertex 39.6442 41.207 15
      vertex 39.6442 41.207 14.1
    endloop
  endfacet
  facet normal -0.793381 0.608726 0
    outer loop
      vertex 39.6442 41.207 15
      vertex 39.5486 41.0824 14.1
      vertex 39.5486 41.0824 15
    endloop
  endfacet
  facet normal -0.84353 0.537082 0
    outer loop
      vertex 39.6442 41.207 14.1
      vertex 39.7285 41.3394 15
      vertex 39.7285 41.3394 14.1
    endloop
  endfacet
  facet normal -0.84353 0.537082 0
    outer loop
      vertex 39.7285 41.3394 15
      vertex 39.6442 41.207 14.1
      vertex 39.6442 41.207 15
    endloop
  endfacet
  facet normal -0.886789 0.462174 0
    outer loop
      vertex 39.7285 41.3394 14.1
      vertex 39.8011 41.4787 15
      vertex 39.8011 41.4787 14.1
    endloop
  endfacet
  facet normal -0.886789 0.462174 0
    outer loop
      vertex 39.8011 41.4787 15
      vertex 39.7285 41.3394 14.1
      vertex 39.7285 41.3394 15
    endloop
  endfacet
  facet normal -0.92411 0.382127 0
    outer loop
      vertex 39.8011 41.4787 14.1
      vertex 39.8611 41.6238 15
      vertex 39.8611 41.6238 14.1
    endloop
  endfacet
  facet normal -0.92411 0.382127 0
    outer loop
      vertex 39.8611 41.6238 15
      vertex 39.8011 41.4787 14.1
      vertex 39.8011 41.4787 15
    endloop
  endfacet
  facet normal -0.953535 0.301284 0
    outer loop
      vertex 39.8611 41.6238 14.1
      vertex 39.9084 41.7735 15
      vertex 39.9084 41.7735 14.1
    endloop
  endfacet
  facet normal -0.953535 0.301284 0
    outer loop
      vertex 39.9084 41.7735 15
      vertex 39.8611 41.6238 14.1
      vertex 39.8611 41.6238 15
    endloop
  endfacet
  facet normal -0.976277 0.216526 0
    outer loop
      vertex 39.9084 41.7735 14.1
      vertex 39.9424 41.9268 15
      vertex 39.9424 41.9268 14.1
    endloop
  endfacet
  facet normal -0.976277 0.216526 0
    outer loop
      vertex 39.9424 41.9268 15
      vertex 39.9084 41.7735 14.1
      vertex 39.9084 41.7735 15
    endloop
  endfacet
  facet normal -0.991526 0.129911 0
    outer loop
      vertex 39.9424 41.9268 14.1
      vertex 39.9628 42.0825 15
      vertex 39.9628 42.0825 14.1
    endloop
  endfacet
  facet normal -0.991526 0.129911 0
    outer loop
      vertex 39.9628 42.0825 15
      vertex 39.9424 41.9268 14.1
      vertex 39.9424 41.9268 15
    endloop
  endfacet
  facet normal -0.999046 0.0436741 0
    outer loop
      vertex 39.9628 42.0825 14.1
      vertex 39.9684 42.2106 15
      vertex 39.9684 42.2106 14.1
    endloop
  endfacet
  facet normal -0.999046 0.0436741 0
    outer loop
      vertex 39.9684 42.2106 15
      vertex 39.9628 42.0825 14.1
      vertex 39.9628 42.0825 15
    endloop
  endfacet
  facet normal 0.675611 0.737258 -0
    outer loop
      vertex 40.6166 41.6166 14.1
      vertex 39.9684 42.2106 15
      vertex 40.6166 41.6166 15
    endloop
  endfacet
  facet normal 0.675611 0.737258 0
    outer loop
      vertex 39.9684 42.2106 15
      vertex 40.6166 41.6166 14.1
      vertex 39.9684 42.2106 14.1
    endloop
  endfacet
  facet normal 0.737242 0.675629 0
    outer loop
      vertex 41.4182 40.7419 15
      vertex 40.6166 41.6166 14.1
      vertex 40.6166 41.6166 15
    endloop
  endfacet
  facet normal 0.737242 0.675629 0
    outer loop
      vertex 40.6166 41.6166 14.1
      vertex 41.4182 40.7419 15
      vertex 41.4182 40.7419 14.1
    endloop
  endfacet
  facet normal 0.793347 0.608769 0
    outer loop
      vertex 42.1405 39.8006 15
      vertex 41.4182 40.7419 14.1
      vertex 41.4182 40.7419 15
    endloop
  endfacet
  facet normal 0.793347 0.608769 0
    outer loop
      vertex 41.4182 40.7419 14.1
      vertex 42.1405 39.8006 15
      vertex 42.1405 39.8006 14.1
    endloop
  endfacet
  facet normal 0.843411 0.537268 0
    outer loop
      vertex 42.7779 38.8 15
      vertex 42.1405 39.8006 14.1
      vertex 42.1405 39.8006 15
    endloop
  endfacet
  facet normal 0.843411 0.537268 0
    outer loop
      vertex 42.1405 39.8006 14.1
      vertex 42.7779 38.8 15
      vertex 42.7779 38.8 14.1
    endloop
  endfacet
  facet normal 0.886982 0.461804 0
    outer loop
      vertex 43.1839 38.0202 15
      vertex 42.7779 38.8 14.1
      vertex 42.7779 38.8 15
    endloop
  endfacet
  facet normal 0.886982 0.461804 0
    outer loop
      vertex 42.7779 38.8 14.1
      vertex 43.1839 38.0202 15
      vertex 43.1839 38.0202 14.1
    endloop
  endfacet
  facet normal -0.216022 -0.976388 0
    outer loop
      vertex 43.0587 38.0479 14.1
      vertex 43.1839 38.0202 15
      vertex 43.0587 38.0479 15
    endloop
  endfacet
  facet normal -0.216022 -0.976388 -0
    outer loop
      vertex 43.1839 38.0202 15
      vertex 43.0587 38.0479 14.1
      vertex 43.1839 38.0202 14.1
    endloop
  endfacet
  facet normal -0.130537 -0.991443 0
    outer loop
      vertex 42.903 38.0684 14.1
      vertex 43.0587 38.0479 15
      vertex 42.903 38.0684 15
    endloop
  endfacet
  facet normal -0.130537 -0.991443 -0
    outer loop
      vertex 43.0587 38.0479 15
      vertex 42.903 38.0684 14.1
      vertex 43.0587 38.0479 14.1
    endloop
  endfacet
  facet normal -0.0433266 -0.999061 0
    outer loop
      vertex 42.7462 38.0752 14.1
      vertex 42.903 38.0684 15
      vertex 42.7462 38.0752 15
    endloop
  endfacet
  facet normal -0.0433266 -0.999061 -0
    outer loop
      vertex 42.903 38.0684 15
      vertex 42.7462 38.0752 14.1
      vertex 42.903 38.0684 14.1
    endloop
  endfacet
  facet normal 0.0432991 -0.999062 0
    outer loop
      vertex 42.5893 38.0684 14.1
      vertex 42.7462 38.0752 15
      vertex 42.5893 38.0684 15
    endloop
  endfacet
  facet normal 0.0432991 -0.999062 0
    outer loop
      vertex 42.7462 38.0752 15
      vertex 42.5893 38.0684 14.1
      vertex 42.7462 38.0752 14.1
    endloop
  endfacet
  facet normal 0.130537 -0.991443 0
    outer loop
      vertex 42.4336 38.0479 14.1
      vertex 42.5893 38.0684 15
      vertex 42.4336 38.0479 15
    endloop
  endfacet
  facet normal 0.130537 -0.991443 0
    outer loop
      vertex 42.5893 38.0684 15
      vertex 42.4336 38.0479 14.1
      vertex 42.5893 38.0684 14.1
    endloop
  endfacet
  facet normal 0.216526 -0.976277 0
    outer loop
      vertex 42.2803 38.0139 14.1
      vertex 42.4336 38.0479 15
      vertex 42.2803 38.0139 15
    endloop
  endfacet
  facet normal 0.216526 -0.976277 0
    outer loop
      vertex 42.4336 38.0479 15
      vertex 42.2803 38.0139 14.1
      vertex 42.4336 38.0479 14.1
    endloop
  endfacet
  facet normal 0.300522 -0.953775 0
    outer loop
      vertex 42.1305 37.9667 14.1
      vertex 42.2803 38.0139 15
      vertex 42.1305 37.9667 15
    endloop
  endfacet
  facet normal 0.300522 -0.953775 0
    outer loop
      vertex 42.2803 38.0139 15
      vertex 42.1305 37.9667 14.1
      vertex 42.2803 38.0139 14.1
    endloop
  endfacet
  facet normal 0.38267 -0.923885 0
    outer loop
      vertex 41.9854 37.9066 14.1
      vertex 42.1305 37.9667 15
      vertex 41.9854 37.9066 15
    endloop
  endfacet
  facet normal 0.38267 -0.923885 0
    outer loop
      vertex 42.1305 37.9667 15
      vertex 41.9854 37.9066 14.1
      vertex 42.1305 37.9667 14.1
    endloop
  endfacet
  facet normal 0.461674 -0.88705 0
    outer loop
      vertex 41.8461 37.8341 14.1
      vertex 41.9854 37.9066 15
      vertex 41.8461 37.8341 15
    endloop
  endfacet
  facet normal 0.461674 -0.88705 0
    outer loop
      vertex 41.9854 37.9066 15
      vertex 41.8461 37.8341 14.1
      vertex 41.9854 37.9066 14.1
    endloop
  endfacet
  facet normal 0.537535 -0.843242 0
    outer loop
      vertex 41.7137 37.7497 14.1
      vertex 41.8461 37.8341 15
      vertex 41.7137 37.7497 15
    endloop
  endfacet
  facet normal 0.537535 -0.843242 0
    outer loop
      vertex 41.8461 37.8341 15
      vertex 41.7137 37.7497 14.1
      vertex 41.8461 37.8341 14.1
    endloop
  endfacet
  facet normal 0.608726 -0.793381 0
    outer loop
      vertex 41.5891 37.6541 14.1
      vertex 41.7137 37.7497 15
      vertex 41.5891 37.6541 15
    endloop
  endfacet
  facet normal 0.608726 -0.793381 0
    outer loop
      vertex 41.7137 37.7497 15
      vertex 41.5891 37.6541 14.1
      vertex 41.7137 37.7497 14.1
    endloop
  endfacet
  facet normal 0.675869 -0.737022 0
    outer loop
      vertex 41.4734 37.548 14.1
      vertex 41.5891 37.6541 15
      vertex 41.4734 37.548 15
    endloop
  endfacet
  facet normal 0.675869 -0.737022 0
    outer loop
      vertex 41.5891 37.6541 15
      vertex 41.4734 37.548 14.1
      vertex 41.5891 37.6541 14.1
    endloop
  endfacet
  facet normal 0.737022 -0.675869 0
    outer loop
      vertex 41.3673 37.4323 15
      vertex 41.4734 37.548 14.1
      vertex 41.4734 37.548 15
    endloop
  endfacet
  facet normal 0.737022 -0.675869 0
    outer loop
      vertex 41.4734 37.548 14.1
      vertex 41.3673 37.4323 15
      vertex 41.3673 37.4323 14.1
    endloop
  endfacet
  facet normal 0.793381 -0.608726 0
    outer loop
      vertex 41.2717 37.3077 15
      vertex 41.3673 37.4323 14.1
      vertex 41.3673 37.4323 15
    endloop
  endfacet
  facet normal 0.793381 -0.608726 0
    outer loop
      vertex 41.3673 37.4323 14.1
      vertex 41.2717 37.3077 15
      vertex 41.2717 37.3077 14.1
    endloop
  endfacet
  facet normal 0.843426 -0.537246 0
    outer loop
      vertex 41.1873 37.1752 15
      vertex 41.2717 37.3077 14.1
      vertex 41.2717 37.3077 15
    endloop
  endfacet
  facet normal 0.843426 -0.537246 0
    outer loop
      vertex 41.2717 37.3077 14.1
      vertex 41.1873 37.1752 15
      vertex 41.1873 37.1752 14.1
    endloop
  endfacet
  facet normal 0.88705 -0.461674 0
    outer loop
      vertex 41.1148 37.0359 15
      vertex 41.1873 37.1752 14.1
      vertex 41.1873 37.1752 15
    endloop
  endfacet
  facet normal 0.88705 -0.461674 0
    outer loop
      vertex 41.1873 37.1752 14.1
      vertex 41.1148 37.0359 15
      vertex 41.1148 37.0359 14.1
    endloop
  endfacet
  facet normal 0.923792 -0.382896 0
    outer loop
      vertex 41.0547 36.8909 15
      vertex 41.1148 37.0359 14.1
      vertex 41.1148 37.0359 15
    endloop
  endfacet
  facet normal 0.923792 -0.382896 0
    outer loop
      vertex 41.1148 37.0359 14.1
      vertex 41.0547 36.8909 15
      vertex 41.0547 36.8909 14.1
    endloop
  endfacet
  facet normal 0.953775 -0.300522 0
    outer loop
      vertex 41.0075 36.7411 15
      vertex 41.0547 36.8909 14.1
      vertex 41.0547 36.8909 15
    endloop
  endfacet
  facet normal 0.953775 -0.300522 0
    outer loop
      vertex 41.0547 36.8909 14.1
      vertex 41.0075 36.7411 15
      vertex 41.0075 36.7411 14.1
    endloop
  endfacet
  facet normal 0.976277 -0.216526 0
    outer loop
      vertex 40.9735 36.5878 15
      vertex 41.0075 36.7411 14.1
      vertex 41.0075 36.7411 15
    endloop
  endfacet
  facet normal 0.976277 -0.216526 0
    outer loop
      vertex 41.0075 36.7411 14.1
      vertex 40.9735 36.5878 15
      vertex 40.9735 36.5878 14.1
    endloop
  endfacet
  facet normal 0.991443 -0.130537 0
    outer loop
      vertex 40.953 36.4321 15
      vertex 40.9735 36.5878 14.1
      vertex 40.9735 36.5878 15
    endloop
  endfacet
  facet normal 0.991443 -0.130537 0
    outer loop
      vertex 40.9735 36.5878 14.1
      vertex 40.953 36.4321 15
      vertex 40.953 36.4321 14.1
    endloop
  endfacet
  facet normal 0.999062 -0.0432991 0
    outer loop
      vertex 40.9462 36.2752 15
      vertex 40.953 36.4321 14.1
      vertex 40.953 36.4321 15
    endloop
  endfacet
  facet normal 0.999062 -0.0432991 0
    outer loop
      vertex 40.953 36.4321 14.1
      vertex 40.9462 36.2752 15
      vertex 40.9462 36.2752 14.1
    endloop
  endfacet
  facet normal 0.999061 0.0433266 0
    outer loop
      vertex 40.953 36.1184 15
      vertex 40.9462 36.2752 14.1
      vertex 40.9462 36.2752 15
    endloop
  endfacet
  facet normal 0.999061 0.0433266 0
    outer loop
      vertex 40.9462 36.2752 14.1
      vertex 40.953 36.1184 15
      vertex 40.953 36.1184 14.1
    endloop
  endfacet
  facet normal 0.991443 0.130537 0
    outer loop
      vertex 40.9735 35.9627 15
      vertex 40.953 36.1184 14.1
      vertex 40.953 36.1184 15
    endloop
  endfacet
  facet normal 0.991443 0.130537 0
    outer loop
      vertex 40.953 36.1184 14.1
      vertex 40.9735 35.9627 15
      vertex 40.9735 35.9627 14.1
    endloop
  endfacet
  facet normal 0.976277 0.216526 0
    outer loop
      vertex 41.0075 35.8094 15
      vertex 40.9735 35.9627 14.1
      vertex 40.9735 35.9627 15
    endloop
  endfacet
  facet normal 0.976277 0.216526 0
    outer loop
      vertex 40.9735 35.9627 14.1
      vertex 41.0075 35.8094 15
      vertex 41.0075 35.8094 14.1
    endloop
  endfacet
  facet normal 0.953775 0.300522 0
    outer loop
      vertex 41.0547 35.6596 15
      vertex 41.0075 35.8094 14.1
      vertex 41.0075 35.8094 15
    endloop
  endfacet
  facet normal 0.953775 0.300522 0
    outer loop
      vertex 41.0075 35.8094 14.1
      vertex 41.0547 35.6596 15
      vertex 41.0547 35.6596 14.1
    endloop
  endfacet
  facet normal 0.923885 0.38267 0
    outer loop
      vertex 41.1148 35.5145 15
      vertex 41.0547 35.6596 14.1
      vertex 41.0547 35.6596 15
    endloop
  endfacet
  facet normal 0.923885 0.38267 0
    outer loop
      vertex 41.0547 35.6596 14.1
      vertex 41.1148 35.5145 15
      vertex 41.1148 35.5145 14.1
    endloop
  endfacet
  facet normal 0.88705 0.461674 0
    outer loop
      vertex 41.1873 35.3752 15
      vertex 41.1148 35.5145 14.1
      vertex 41.1148 35.5145 15
    endloop
  endfacet
  facet normal 0.88705 0.461674 0
    outer loop
      vertex 41.1148 35.5145 14.1
      vertex 41.1873 35.3752 15
      vertex 41.1873 35.3752 14.1
    endloop
  endfacet
  facet normal 0.843242 0.537535 0
    outer loop
      vertex 41.2717 35.2428 15
      vertex 41.1873 35.3752 14.1
      vertex 41.1873 35.3752 15
    endloop
  endfacet
  facet normal 0.843242 0.537535 0
    outer loop
      vertex 41.1873 35.3752 14.1
      vertex 41.2717 35.2428 15
      vertex 41.2717 35.2428 14.1
    endloop
  endfacet
  facet normal 0.793381 0.608726 0
    outer loop
      vertex 41.3673 35.1182 15
      vertex 41.2717 35.2428 14.1
      vertex 41.2717 35.2428 15
    endloop
  endfacet
  facet normal 0.793381 0.608726 0
    outer loop
      vertex 41.2717 35.2428 14.1
      vertex 41.3673 35.1182 15
      vertex 41.3673 35.1182 14.1
    endloop
  endfacet
  facet normal 0.737022 0.675869 0
    outer loop
      vertex 41.4734 35.0025 15
      vertex 41.3673 35.1182 14.1
      vertex 41.3673 35.1182 15
    endloop
  endfacet
  facet normal 0.737022 0.675869 0
    outer loop
      vertex 41.3673 35.1182 14.1
      vertex 41.4734 35.0025 15
      vertex 41.4734 35.0025 14.1
    endloop
  endfacet
  facet normal 0.675869 0.737022 -0
    outer loop
      vertex 41.5891 34.8964 14.1
      vertex 41.4734 35.0025 15
      vertex 41.5891 34.8964 15
    endloop
  endfacet
  facet normal 0.675869 0.737022 0
    outer loop
      vertex 41.4734 35.0025 15
      vertex 41.5891 34.8964 14.1
      vertex 41.4734 35.0025 14.1
    endloop
  endfacet
  facet normal 0.608726 0.793381 -0
    outer loop
      vertex 41.7137 34.8008 14.1
      vertex 41.5891 34.8964 15
      vertex 41.7137 34.8008 15
    endloop
  endfacet
  facet normal 0.608726 0.793381 0
    outer loop
      vertex 41.5891 34.8964 15
      vertex 41.7137 34.8008 14.1
      vertex 41.5891 34.8964 14.1
    endloop
  endfacet
  facet normal 0.537535 0.843242 -0
    outer loop
      vertex 41.8461 34.7164 14.1
      vertex 41.7137 34.8008 15
      vertex 41.8461 34.7164 15
    endloop
  endfacet
  facet normal 0.537535 0.843242 0
    outer loop
      vertex 41.7137 34.8008 15
      vertex 41.8461 34.7164 14.1
      vertex 41.7137 34.8008 14.1
    endloop
  endfacet
  facet normal 0.461674 0.88705 -0
    outer loop
      vertex 41.9854 34.6439 14.1
      vertex 41.8461 34.7164 15
      vertex 41.9854 34.6439 15
    endloop
  endfacet
  facet normal 0.461674 0.88705 0
    outer loop
      vertex 41.8461 34.7164 15
      vertex 41.9854 34.6439 14.1
      vertex 41.8461 34.7164 14.1
    endloop
  endfacet
  facet normal 0.38267 0.923885 -0
    outer loop
      vertex 42.1305 34.5838 14.1
      vertex 41.9854 34.6439 15
      vertex 42.1305 34.5838 15
    endloop
  endfacet
  facet normal 0.38267 0.923885 0
    outer loop
      vertex 41.9854 34.6439 15
      vertex 42.1305 34.5838 14.1
      vertex 41.9854 34.6439 14.1
    endloop
  endfacet
  facet normal 0.300522 0.953775 -0
    outer loop
      vertex 42.2803 34.5366 14.1
      vertex 42.1305 34.5838 15
      vertex 42.2803 34.5366 15
    endloop
  endfacet
  facet normal 0.300522 0.953775 0
    outer loop
      vertex 42.1305 34.5838 15
      vertex 42.2803 34.5366 14.1
      vertex 42.1305 34.5838 14.1
    endloop
  endfacet
  facet normal 0.216526 0.976277 -0
    outer loop
      vertex 42.4336 34.5026 14.1
      vertex 42.2803 34.5366 15
      vertex 42.4336 34.5026 15
    endloop
  endfacet
  facet normal 0.216526 0.976277 0
    outer loop
      vertex 42.2803 34.5366 15
      vertex 42.4336 34.5026 14.1
      vertex 42.2803 34.5366 14.1
    endloop
  endfacet
  facet normal 0.130537 0.991443 -0
    outer loop
      vertex 42.5893 34.4821 14.1
      vertex 42.4336 34.5026 15
      vertex 42.5893 34.4821 15
    endloop
  endfacet
  facet normal 0.130537 0.991443 0
    outer loop
      vertex 42.4336 34.5026 15
      vertex 42.5893 34.4821 14.1
      vertex 42.4336 34.5026 14.1
    endloop
  endfacet
  facet normal 0.0432991 0.999062 -0
    outer loop
      vertex 42.7462 34.4753 14.1
      vertex 42.5893 34.4821 15
      vertex 42.7462 34.4753 15
    endloop
  endfacet
  facet normal 0.0432991 0.999062 0
    outer loop
      vertex 42.5893 34.4821 15
      vertex 42.7462 34.4753 14.1
      vertex 42.5893 34.4821 14.1
    endloop
  endfacet
  facet normal -0.0433266 0.999061 0
    outer loop
      vertex 42.903 34.4821 14.1
      vertex 42.7462 34.4753 15
      vertex 42.903 34.4821 15
    endloop
  endfacet
  facet normal -0.0433266 0.999061 0
    outer loop
      vertex 42.7462 34.4753 15
      vertex 42.903 34.4821 14.1
      vertex 42.7462 34.4753 14.1
    endloop
  endfacet
  facet normal -0.130537 0.991443 0
    outer loop
      vertex 43.0587 34.5026 14.1
      vertex 42.903 34.4821 15
      vertex 43.0587 34.5026 15
    endloop
  endfacet
  facet normal -0.130537 0.991443 0
    outer loop
      vertex 42.903 34.4821 15
      vertex 43.0587 34.5026 14.1
      vertex 42.903 34.4821 14.1
    endloop
  endfacet
  facet normal -0.216526 0.976277 0
    outer loop
      vertex 43.212 34.5366 14.1
      vertex 43.0587 34.5026 15
      vertex 43.212 34.5366 15
    endloop
  endfacet
  facet normal -0.216526 0.976277 0
    outer loop
      vertex 43.0587 34.5026 15
      vertex 43.212 34.5366 14.1
      vertex 43.0587 34.5026 14.1
    endloop
  endfacet
  facet normal -0.300522 0.953775 0
    outer loop
      vertex 43.3618 34.5838 14.1
      vertex 43.212 34.5366 15
      vertex 43.3618 34.5838 15
    endloop
  endfacet
  facet normal -0.300522 0.953775 0
    outer loop
      vertex 43.212 34.5366 15
      vertex 43.3618 34.5838 14.1
      vertex 43.212 34.5366 14.1
    endloop
  endfacet
  facet normal -0.38267 0.923885 0
    outer loop
      vertex 43.5069 34.6439 14.1
      vertex 43.3618 34.5838 15
      vertex 43.5069 34.6439 15
    endloop
  endfacet
  facet normal -0.38267 0.923885 0
    outer loop
      vertex 43.3618 34.5838 15
      vertex 43.5069 34.6439 14.1
      vertex 43.3618 34.5838 14.1
    endloop
  endfacet
  facet normal -0.461934 0.886914 0
    outer loop
      vertex 43.6461 34.7164 14.1
      vertex 43.5069 34.6439 15
      vertex 43.6461 34.7164 15
    endloop
  endfacet
  facet normal -0.461934 0.886914 0
    outer loop
      vertex 43.5069 34.6439 15
      vertex 43.6461 34.7164 14.1
      vertex 43.5069 34.6439 14.1
    endloop
  endfacet
  facet normal -0.537246 0.843426 0
    outer loop
      vertex 43.7786 34.8008 14.1
      vertex 43.6461 34.7164 15
      vertex 43.7786 34.8008 15
    endloop
  endfacet
  facet normal -0.537246 0.843426 0
    outer loop
      vertex 43.6461 34.7164 15
      vertex 43.7786 34.8008 14.1
      vertex 43.6461 34.7164 14.1
    endloop
  endfacet
  facet normal -0.608726 0.793381 0
    outer loop
      vertex 43.9032 34.8964 14.1
      vertex 43.7786 34.8008 15
      vertex 43.9032 34.8964 15
    endloop
  endfacet
  facet normal -0.608726 0.793381 0
    outer loop
      vertex 43.7786 34.8008 15
      vertex 43.9032 34.8964 14.1
      vertex 43.7786 34.8008 14.1
    endloop
  endfacet
  facet normal -0.675869 0.737022 0
    outer loop
      vertex 44.0189 35.0025 14.1
      vertex 43.9032 34.8964 15
      vertex 44.0189 35.0025 15
    endloop
  endfacet
  facet normal -0.675869 0.737022 0
    outer loop
      vertex 43.9032 34.8964 15
      vertex 44.0189 35.0025 14.1
      vertex 43.9032 34.8964 14.1
    endloop
  endfacet
  facet normal -0.737022 0.675869 0
    outer loop
      vertex 44.0189 35.0025 14.1
      vertex 44.125 35.1182 15
      vertex 44.125 35.1182 14.1
    endloop
  endfacet
  facet normal -0.737022 0.675869 0
    outer loop
      vertex 44.125 35.1182 15
      vertex 44.0189 35.0025 14.1
      vertex 44.0189 35.0025 15
    endloop
  endfacet
  facet normal -0.793406 0.608693 0
    outer loop
      vertex 44.125 35.1182 14.1
      vertex 44.2031 35.22 15
      vertex 44.2031 35.22 14.1
    endloop
  endfacet
  facet normal -0.793406 0.608693 0
    outer loop
      vertex 44.2031 35.22 15
      vertex 44.125 35.1182 14.1
      vertex 44.125 35.1182 15
    endloop
  endfacet
  facet normal 0.976297 0.216437 0
    outer loop
      vertex 44.3934 34.3616 15
      vertex 44.2031 35.22 14.1
      vertex 44.2031 35.22 15
    endloop
  endfacet
  facet normal 0.976297 0.216437 0
    outer loop
      vertex 44.2031 35.22 14.1
      vertex 44.3934 34.3616 15
      vertex 44.3934 34.3616 14.1
    endloop
  endfacet
  facet normal 0.991452 0.130474 0
    outer loop
      vertex 44.5482 33.1853 15
      vertex 44.3934 34.3616 14.1
      vertex 44.3934 34.3616 15
    endloop
  endfacet
  facet normal 0.991452 0.130474 0
    outer loop
      vertex 44.3934 34.3616 14.1
      vertex 44.5482 33.1853 15
      vertex 44.5482 33.1853 14.1
    endloop
  endfacet
  facet normal 0.999046 0.0436603 0
    outer loop
      vertex 44.6 32 15
      vertex 44.5482 33.1853 14.1
      vertex 44.5482 33.1853 15
    endloop
  endfacet
  facet normal 0.999046 0.0436603 0
    outer loop
      vertex 44.5482 33.1853 14.1
      vertex 44.6 32 15
      vertex 44.6 32 14.1
    endloop
  endfacet
  facet normal 0.999046 -0.0436603 0
    outer loop
      vertex 44.5482 30.8147 15
      vertex 44.6 32 14.1
      vertex 44.6 32 15
    endloop
  endfacet
  facet normal 0.999046 -0.0436603 0
    outer loop
      vertex 44.6 32 14.1
      vertex 44.5482 30.8147 15
      vertex 44.5482 30.8147 14.1
    endloop
  endfacet
  facet normal 0.991452 -0.130474 0
    outer loop
      vertex 44.3934 29.6384 15
      vertex 44.5482 30.8147 14.1
      vertex 44.5482 30.8147 15
    endloop
  endfacet
  facet normal 0.991452 -0.130474 0
    outer loop
      vertex 44.5482 30.8147 14.1
      vertex 44.3934 29.6384 15
      vertex 44.3934 29.6384 14.1
    endloop
  endfacet
  facet normal 0.976294 -0.216449 0
    outer loop
      vertex 44.1366 28.4801 15
      vertex 44.3934 29.6384 14.1
      vertex 44.3934 29.6384 15
    endloop
  endfacet
  facet normal 0.976294 -0.216449 0
    outer loop
      vertex 44.3934 29.6384 14.1
      vertex 44.1366 28.4801 15
      vertex 44.1366 28.4801 14.1
    endloop
  endfacet
  facet normal 0.953715 -0.300712 0
    outer loop
      vertex 43.7798 27.3485 15
      vertex 44.1366 28.4801 14.1
      vertex 44.1366 28.4801 15
    endloop
  endfacet
  facet normal 0.953715 -0.300712 0
    outer loop
      vertex 44.1366 28.4801 14.1
      vertex 43.7798 27.3485 15
      vertex 43.7798 27.3485 14.1
    endloop
  endfacet
  facet normal 0.923885 -0.382669 0
    outer loop
      vertex 43.3258 26.2524 15
      vertex 43.7798 27.3485 14.1
      vertex 43.7798 27.3485 15
    endloop
  endfacet
  facet normal 0.923885 -0.382669 0
    outer loop
      vertex 43.7798 27.3485 14.1
      vertex 43.3258 26.2524 15
      vertex 43.3258 26.2524 14.1
    endloop
  endfacet
  facet normal 0.886992 -0.461785 0
    outer loop
      vertex 42.7779 25.2 15
      vertex 43.3258 26.2524 14.1
      vertex 43.3258 26.2524 15
    endloop
  endfacet
  facet normal 0.886992 -0.461785 0
    outer loop
      vertex 43.3258 26.2524 14.1
      vertex 42.7779 25.2 15
      vertex 42.7779 25.2 14.1
    endloop
  endfacet
  facet normal 0.843411 -0.537268 0
    outer loop
      vertex 42.1405 24.1994 15
      vertex 42.7779 25.2 14.1
      vertex 42.7779 25.2 15
    endloop
  endfacet
  facet normal 0.843411 -0.537268 0
    outer loop
      vertex 42.7779 25.2 14.1
      vertex 42.1405 24.1994 15
      vertex 42.1405 24.1994 14.1
    endloop
  endfacet
  facet normal 0.793347 -0.608769 0
    outer loop
      vertex 41.4182 23.2581 15
      vertex 42.1405 24.1994 14.1
      vertex 42.1405 24.1994 15
    endloop
  endfacet
  facet normal 0.793347 -0.608769 0
    outer loop
      vertex 42.1405 24.1994 14.1
      vertex 41.4182 23.2581 15
      vertex 41.4182 23.2581 14.1
    endloop
  endfacet
  facet normal 0.737242 -0.675629 0
    outer loop
      vertex 40.6166 22.3834 15
      vertex 41.4182 23.2581 14.1
      vertex 41.4182 23.2581 15
    endloop
  endfacet
  facet normal 0.737242 -0.675629 0
    outer loop
      vertex 41.4182 23.2581 14.1
      vertex 40.6166 22.3834 15
      vertex 40.6166 22.3834 14.1
    endloop
  endfacet
  facet normal 0.675629 -0.737242 0
    outer loop
      vertex 39.7419 21.5818 14.1
      vertex 40.6166 22.3834 15
      vertex 39.7419 21.5818 15
    endloop
  endfacet
  facet normal 0.675629 -0.737242 0
    outer loop
      vertex 40.6166 22.3834 15
      vertex 39.7419 21.5818 14.1
      vertex 40.6166 22.3834 14.1
    endloop
  endfacet
  facet normal 0.608769 -0.793347 0
    outer loop
      vertex 38.8006 20.8595 14.1
      vertex 39.7419 21.5818 15
      vertex 38.8006 20.8595 15
    endloop
  endfacet
  facet normal 0.608769 -0.793347 0
    outer loop
      vertex 39.7419 21.5818 15
      vertex 38.8006 20.8595 14.1
      vertex 39.7419 21.5818 14.1
    endloop
  endfacet
  facet normal 0.537268 -0.843411 0
    outer loop
      vertex 37.8 20.2221 14.1
      vertex 38.8006 20.8595 15
      vertex 37.8 20.2221 15
    endloop
  endfacet
  facet normal 0.537268 -0.843411 0
    outer loop
      vertex 38.8006 20.8595 15
      vertex 37.8 20.2221 14.1
      vertex 38.8006 20.8595 14.1
    endloop
  endfacet
  facet normal 0.461785 -0.886992 0
    outer loop
      vertex 36.7476 19.6742 14.1
      vertex 37.8 20.2221 15
      vertex 36.7476 19.6742 15
    endloop
  endfacet
  facet normal 0.461785 -0.886992 0
    outer loop
      vertex 37.8 20.2221 15
      vertex 36.7476 19.6742 14.1
      vertex 37.8 20.2221 14.1
    endloop
  endfacet
  facet normal 0.382669 -0.923885 0
    outer loop
      vertex 35.6515 19.2202 14.1
      vertex 36.7476 19.6742 15
      vertex 35.6515 19.2202 15
    endloop
  endfacet
  facet normal 0.382669 -0.923885 0
    outer loop
      vertex 36.7476 19.6742 15
      vertex 35.6515 19.2202 14.1
      vertex 36.7476 19.6742 14.1
    endloop
  endfacet
  facet normal 0.300712 -0.953715 0
    outer loop
      vertex 34.5199 18.8634 14.1
      vertex 35.6515 19.2202 15
      vertex 34.5199 18.8634 15
    endloop
  endfacet
  facet normal 0.300712 -0.953715 0
    outer loop
      vertex 35.6515 19.2202 15
      vertex 34.5199 18.8634 14.1
      vertex 35.6515 19.2202 14.1
    endloop
  endfacet
  facet normal 0.216449 -0.976294 0
    outer loop
      vertex 33.3616 18.6066 14.1
      vertex 34.5199 18.8634 15
      vertex 33.3616 18.6066 15
    endloop
  endfacet
  facet normal 0.216449 -0.976294 0
    outer loop
      vertex 34.5199 18.8634 15
      vertex 33.3616 18.6066 14.1
      vertex 34.5199 18.8634 14.1
    endloop
  endfacet
  facet normal 0.130474 -0.991452 0
    outer loop
      vertex 32.1853 18.4518 14.1
      vertex 33.3616 18.6066 15
      vertex 32.1853 18.4518 15
    endloop
  endfacet
  facet normal 0.130474 -0.991452 0
    outer loop
      vertex 33.3616 18.6066 15
      vertex 32.1853 18.4518 14.1
      vertex 33.3616 18.6066 14.1
    endloop
  endfacet
  facet normal 0.0436603 -0.999046 0
    outer loop
      vertex 31 18.4 14.1
      vertex 32.1853 18.4518 15
      vertex 31 18.4 15
    endloop
  endfacet
  facet normal 0.0436603 -0.999046 0
    outer loop
      vertex 32.1853 18.4518 15
      vertex 31 18.4 14.1
      vertex 32.1853 18.4518 14.1
    endloop
  endfacet
  facet normal -0.0436603 -0.999046 0
    outer loop
      vertex 29.8147 18.4518 14.1
      vertex 31 18.4 15
      vertex 29.8147 18.4518 15
    endloop
  endfacet
  facet normal -0.0436603 -0.999046 -0
    outer loop
      vertex 31 18.4 15
      vertex 29.8147 18.4518 14.1
      vertex 31 18.4 14.1
    endloop
  endfacet
  facet normal -0.500001 0.866025 0
    outer loop
      vertex 33.6928 28.9359 14.1
      vertex 32.4 28.1895 15
      vertex 33.6928 28.9359 15
    endloop
  endfacet
  facet normal -0.500001 0.866025 0
    outer loop
      vertex 32.4 28.1895 15
      vertex 33.6928 28.9359 14.1
      vertex 32.4 28.1895 14.1
    endloop
  endfacet
  facet normal -0.866026 -0.499998 0
    outer loop
      vertex 33.6928 28.9359 14.1
      vertex 33.1856 29.8144 15
      vertex 33.1856 29.8144 14.1
    endloop
  endfacet
  facet normal -0.866026 -0.499998 0
    outer loop
      vertex 33.1856 29.8144 15
      vertex 33.6928 28.9359 14.1
      vertex 33.6928 28.9359 15
    endloop
  endfacet
  facet normal 0.499998 0.866026 -0
    outer loop
      vertex 34.0641 29.3072 14.1
      vertex 33.1856 29.8144 15
      vertex 34.0641 29.3072 15
    endloop
  endfacet
  facet normal 0.499998 0.866026 0
    outer loop
      vertex 33.1856 29.8144 15
      vertex 34.0641 29.3072 14.1
      vertex 33.1856 29.8144 14.1
    endloop
  endfacet
  facet normal -0.866019 0.500011 0
    outer loop
      vertex 34.0641 29.3072 14.1
      vertex 34.8641 30.6928 15
      vertex 34.8641 30.6928 14.1
    endloop
  endfacet
  facet normal -0.866019 0.500011 0
    outer loop
      vertex 34.8641 30.6928 15
      vertex 34.0641 29.3072 14.1
      vertex 34.0641 29.3072 15
    endloop
  endfacet
  facet normal -0.500006 -0.866022 0
    outer loop
      vertex 32.6 32 14.1
      vertex 34.8641 30.6928 15
      vertex 32.6 32 15
    endloop
  endfacet
  facet normal -0.500006 -0.866022 -0
    outer loop
      vertex 34.8641 30.6928 15
      vertex 32.6 32 14.1
      vertex 34.8641 30.6928 14.1
    endloop
  endfacet
  facet normal -0.500003 0.866024 0
    outer loop
      vertex 38.3282 35.3072 14.1
      vertex 32.6 32 15
      vertex 38.3282 35.3072 15
    endloop
  endfacet
  facet normal -0.500003 0.866024 0
    outer loop
      vertex 32.6 32 15
      vertex 38.3282 35.3072 14.1
      vertex 32.6 32 14.1
    endloop
  endfacet
  facet normal -0.866019 -0.500011 0
    outer loop
      vertex 38.3282 35.3072 14.1
      vertex 37.5282 36.6928 15
      vertex 37.5282 36.6928 14.1
    endloop
  endfacet
  facet normal -0.866019 -0.500011 0
    outer loop
      vertex 37.5282 36.6928 15
      vertex 38.3282 35.3072 14.1
      vertex 38.3282 35.3072 15
    endloop
  endfacet
  facet normal 0.5 -0.866026 0
    outer loop
      vertex 33.1856 34.1856 14.1
      vertex 37.5282 36.6928 15
      vertex 33.1856 34.1856 15
    endloop
  endfacet
  facet normal 0.5 -0.866026 0
    outer loop
      vertex 37.5282 36.6928 15
      vertex 33.1856 34.1856 14.1
      vertex 37.5282 36.6928 14.1
    endloop
  endfacet
  facet normal -0.866026 0.5 0
    outer loop
      vertex 33.1856 34.1856 14.1
      vertex 35.6928 38.5282 15
      vertex 35.6928 38.5282 14.1
    endloop
  endfacet
  facet normal -0.866026 0.5 0
    outer loop
      vertex 35.6928 38.5282 15
      vertex 33.1856 34.1856 14.1
      vertex 33.1856 34.1856 15
    endloop
  endfacet
  facet normal -0.500011 -0.866019 0
    outer loop
      vertex 34.3072 39.3282 14.1
      vertex 35.6928 38.5282 15
      vertex 34.3072 39.3282 15
    endloop
  endfacet
  facet normal -0.500011 -0.866019 -0
    outer loop
      vertex 35.6928 38.5282 15
      vertex 34.3072 39.3282 14.1
      vertex 35.6928 38.5282 14.1
    endloop
  endfacet
  facet normal 0.866026 -0.5 0
    outer loop
      vertex 31.8 34.9856 15
      vertex 34.3072 39.3282 14.1
      vertex 34.3072 39.3282 15
    endloop
  endfacet
  facet normal 0.866026 -0.5 0
    outer loop
      vertex 34.3072 39.3282 14.1
      vertex 31.8 34.9856 15
      vertex 31.8 34.9856 14.1
    endloop
  endfacet
  facet normal -1 0 0
    outer loop
      vertex 31.8 34.9856 14.1
      vertex 31.8 40 15
      vertex 31.8 40 14.1
    endloop
  endfacet
  facet normal -1 -0 0
    outer loop
      vertex 31.8 40 15
      vertex 31.8 34.9856 14.1
      vertex 31.8 34.9856 15
    endloop
  endfacet
  facet normal 0 -1 0
    outer loop
      vertex 30.2 40 14.1
      vertex 31.8 40 15
      vertex 30.2 40 15
    endloop
  endfacet
  facet normal 0 -1 -0
    outer loop
      vertex 31.8 40 15
      vertex 30.2 40 14.1
      vertex 31.8 40 14.1
    endloop
  endfacet
  facet normal 1 -0 0
    outer loop
      vertex 30.2 34.9856 15
      vertex 30.2 40 14.1
      vertex 30.2 40 15
    endloop
  endfacet
  facet normal 1 0 0
    outer loop
      vertex 30.2 40 14.1
      vertex 30.2 34.9856 15
      vertex 30.2 34.9856 14.1
    endloop
  endfacet
  facet normal -0.866026 -0.5 0
    outer loop
      vertex 30.2 34.9856 14.1
      vertex 27.6928 39.3282 15
      vertex 27.6928 39.3282 14.1
    endloop
  endfacet
  facet normal -0.866026 -0.5 0
    outer loop
      vertex 27.6928 39.3282 15
      vertex 30.2 34.9856 14.1
      vertex 30.2 34.9856 15
    endloop
  endfacet
  facet normal 0.500011 -0.866019 0
    outer loop
      vertex 26.3072 38.5282 14.1
      vertex 27.6928 39.3282 15
      vertex 26.3072 38.5282 15
    endloop
  endfacet
  facet normal 0.500011 -0.866019 0
    outer loop
      vertex 27.6928 39.3282 15
      vertex 26.3072 38.5282 14.1
      vertex 27.6928 39.3282 14.1
    endloop
  endfacet
  facet normal 0.866026 0.5 0
    outer loop
      vertex 28.8144 34.1856 15
      vertex 26.3072 38.5282 14.1
      vertex 26.3072 38.5282 15
    endloop
  endfacet
  facet normal 0.866026 0.5 0
    outer loop
      vertex 26.3072 38.5282 14.1
      vertex 28.8144 34.1856 15
      vertex 28.8144 34.1856 14.1
    endloop
  endfacet
  facet normal -0.5 -0.866026 0
    outer loop
      vertex 24.4718 36.6928 14.1
      vertex 28.8144 34.1856 15
      vertex 24.4718 36.6928 15
    endloop
  endfacet
  facet normal -0.5 -0.866026 -0
    outer loop
      vertex 28.8144 34.1856 15
      vertex 24.4718 36.6928 14.1
      vertex 28.8144 34.1856 14.1
    endloop
  endfacet
  facet normal 0.866019 -0.500011 0
    outer loop
      vertex 23.6718 35.3072 15
      vertex 24.4718 36.6928 14.1
      vertex 24.4718 36.6928 15
    endloop
  endfacet
  facet normal 0.866019 -0.500011 0
    outer loop
      vertex 24.4718 36.6928 14.1
      vertex 23.6718 35.3072 15
      vertex 23.6718 35.3072 14.1
    endloop
  endfacet
  facet normal 0.500003 0.866024 -0
    outer loop
      vertex 29.4 32 14.1
      vertex 23.6718 35.3072 15
      vertex 29.4 32 15
    endloop
  endfacet
  facet normal 0.500003 0.866024 0
    outer loop
      vertex 23.6718 35.3072 15
      vertex 29.4 32 14.1
      vertex 23.6718 35.3072 14.1
    endloop
  endfacet
  facet normal 0.500006 -0.866022 0
    outer loop
      vertex 27.1359 30.6928 14.1
      vertex 29.4 32 15
      vertex 27.1359 30.6928 15
    endloop
  endfacet
  facet normal 0.500006 -0.866022 0
    outer loop
      vertex 29.4 32 15
      vertex 27.1359 30.6928 14.1
      vertex 29.4 32 14.1
    endloop
  endfacet
  facet normal 0.866019 0.500011 0
    outer loop
      vertex 27.9359 29.3072 15
      vertex 27.1359 30.6928 14.1
      vertex 27.1359 30.6928 15
    endloop
  endfacet
  facet normal 0.866019 0.500011 0
    outer loop
      vertex 27.1359 30.6928 14.1
      vertex 27.9359 29.3072 15
      vertex 27.9359 29.3072 14.1
    endloop
  endfacet
  facet normal -0.499998 0.866026 0
    outer loop
      vertex 28.8144 29.8144 14.1
      vertex 27.9359 29.3072 15
      vertex 28.8144 29.8144 15
    endloop
  endfacet
  facet normal -0.499998 0.866026 0
    outer loop
      vertex 27.9359 29.3072 15
      vertex 28.8144 29.8144 14.1
      vertex 27.9359 29.3072 14.1
    endloop
  endfacet
  facet normal 0.866026 -0.499998 0
    outer loop
      vertex 28.3072 28.9359 15
      vertex 28.8144 29.8144 14.1
      vertex 28.8144 29.8144 15
    endloop
  endfacet
  facet normal 0.866026 -0.499998 0
    outer loop
      vertex 28.8144 29.8144 14.1
      vertex 28.3072 28.9359 15
      vertex 28.3072 28.9359 14.1
    endloop
  endfacet
  facet normal 0.500001 0.866025 -0
    outer loop
      vertex 29.6 28.1895 14.1
      vertex 28.3072 28.9359 15
      vertex 29.6 28.1895 15
    endloop
  endfacet
  facet normal 0.500001 0.866025 0
    outer loop
      vertex 28.3072 28.9359 15
      vertex 29.6 28.1895 14.1
      vertex 28.3072 28.9359 14.1
    endloop
  endfacet
  facet normal 1 -0 0
    outer loop
      vertex 29.6 19 15
      vertex 29.6 28.1895 14.1
      vertex 29.6 28.1895 15
    endloop
  endfacet
  facet normal 1 0 0
    outer loop
      vertex 29.6 28.1895 14.1
      vertex 29.6 19 15
      vertex 29.6 19 14.1
    endloop
  endfacet
  facet normal 0 1 -0
    outer loop
      vertex 32.4 19 14.1
      vertex 29.6 19 15
      vertex 32.4 19 15
    endloop
  endfacet
  facet normal 0 1 0
    outer loop
      vertex 29.6 19 15
      vertex 32.4 19 14.1
      vertex 29.6 19 14.1
    endloop
  endfacet
  facet normal -1 0 0
    outer loop
      vertex 32.4 19 14.1
      vertex 32.4 28.1895 15
      vertex 32.4 28.1895 14.1
    endloop
  endfacet
  facet normal -1 -0 0
    outer loop
      vertex 32.4 28.1895 15
      vertex 32.4 19 14.1
      vertex 32.4 19 15
    endloop
  endfacet
  facet normal 0 -0.216432 0.976298
    outer loop
      vertex 24.5333 61.2523 20.4582
      vertex 37.4667 61.1693 20.4398
      vertex 37.4667 61.2523 20.4582
    endloop
  endfacet
  facet normal 0 -0.216432 0.976298
    outer loop
      vertex 37.4667 61.1693 20.4398
      vertex 24.5333 61.2523 20.4582
      vertex 24.5333 61.1693 20.4398
    endloop
  endfacet
  facet normal 0 -0.0434882 0.999054
    outer loop
      vertex 24.5333 61.085 20.4287
      vertex 37.4667 61 20.425
      vertex 37.4667 61.085 20.4287
    endloop
  endfacet
  facet normal 0 -0.0434882 0.999054
    outer loop
      vertex 37.4667 61 20.425
      vertex 24.5333 61.085 20.4287
      vertex 24.5333 61 20.425
    endloop
  endfacet
  facet normal 0 -0.216432 -0.976298
    outer loop
      vertex 24.5333 61.1693 22.3602
      vertex 37.4667 61.2523 22.3418
      vertex 37.4667 61.1693 22.3602
    endloop
  endfacet
  facet normal -0 -0.216432 -0.976298
    outer loop
      vertex 37.4667 61.2523 22.3418
      vertex 24.5333 61.1693 22.3602
      vertex 24.5333 61.2523 22.3418
    endloop
  endfacet
  facet normal 0 -0.976298 -0.216432
    outer loop
      vertex 24.5333 61.9602 21.5693
      vertex 37.4667 61.9418 21.6523
      vertex 24.5333 61.9418 21.6523
    endloop
  endfacet
  facet normal 0 -0.976298 -0.216432
    outer loop
      vertex 37.4667 61.9418 21.6523
      vertex 24.5333 61.9602 21.5693
      vertex 37.4667 61.9602 21.5693
    endloop
  endfacet
  facet normal 0 0.976298 0.216432
    outer loop
      vertex 37.4667 60.0582 21.1477
      vertex 24.5333 60.0398 21.2307
      vertex 37.4667 60.0398 21.2307
    endloop
  endfacet
  facet normal 0 0.976298 0.216432
    outer loop
      vertex 24.5333 60.0398 21.2307
      vertex 37.4667 60.0582 21.1477
      vertex 24.5333 60.0582 21.1477
    endloop
  endfacet
  facet normal 0 -0.793323 -0.608802
    outer loop
      vertex 24.5333 61.7987 21.9592
      vertex 37.4667 61.7469 22.0267
      vertex 24.5333 61.7469 22.0267
    endloop
  endfacet
  facet normal 0 -0.793323 -0.608802
    outer loop
      vertex 37.4667 61.7469 22.0267
      vertex 24.5333 61.7987 21.9592
      vertex 37.4667 61.7987 21.9592
    endloop
  endfacet
  facet normal 0 0.843274 0.537484
    outer loop
      vertex 37.4667 60.2013 20.8408
      vertex 24.5333 60.1556 20.9125
      vertex 37.4667 60.1556 20.9125
    endloop
  endfacet
  facet normal 0 0.843274 0.537484
    outer loop
      vertex 24.5333 60.1556 20.9125
      vertex 37.4667 60.2013 20.8408
      vertex 24.5333 60.2013 20.8408
    endloop
  endfacet
  facet normal -0 0.608802 0.793323
    outer loop
      vertex 24.5333 60.4408 20.6013
      vertex 37.4667 60.3733 20.6531
      vertex 37.4667 60.4408 20.6013
    endloop
  endfacet
  facet normal 0 0.608802 0.793323
    outer loop
      vertex 37.4667 60.3733 20.6531
      vertex 24.5333 60.4408 20.6013
      vertex 24.5333 60.3733 20.6531
    endloop
  endfacet
  facet normal -0 0.130546 0.991442
    outer loop
      vertex 24.5333 60.915 20.4287
      vertex 37.4667 60.8307 20.4398
      vertex 37.4667 60.915 20.4287
    endloop
  endfacet
  facet normal 0 0.130546 0.991442
    outer loop
      vertex 37.4667 60.8307 20.4398
      vertex 24.5333 60.915 20.4287
      vertex 24.5333 60.8307 20.4398
    endloop
  endfacet
  facet normal 0 0.953725 -0.300682
    outer loop
      vertex 37.4667 60.0582 21.6523
      vertex 24.5333 60.0838 21.7335
      vertex 37.4667 60.0838 21.7335
    endloop
  endfacet
  facet normal 0 0.953725 -0.300682
    outer loop
      vertex 24.5333 60.0838 21.7335
      vertex 37.4667 60.0582 21.6523
      vertex 24.5333 60.0582 21.6523
    endloop
  endfacet
  facet normal 0 0.886774 -0.462204
    outer loop
      vertex 37.4667 60.1163 21.8121
      vertex 24.5333 60.1556 21.8875
      vertex 37.4667 60.1556 21.8875
    endloop
  endfacet
  facet normal 0 0.886774 -0.462204
    outer loop
      vertex 24.5333 60.1556 21.8875
      vertex 37.4667 60.1163 21.8121
      vertex 24.5333 60.1163 21.8121
    endloop
  endfacet
  facet normal 0 -0.886774 0.462204
    outer loop
      vertex 24.5333 61.8444 20.9125
      vertex 37.4667 61.8837 20.9879
      vertex 24.5333 61.8837 20.9879
    endloop
  endfacet
  facet normal 0 -0.886774 0.462204
    outer loop
      vertex 37.4667 61.8837 20.9879
      vertex 24.5333 61.8444 20.9125
      vertex 37.4667 61.8444 20.9125
    endloop
  endfacet
  facet normal 0 0.537484 -0.843274
    outer loop
      vertex 24.5333 60.4408 22.1987
      vertex 37.4667 60.5125 22.2444
      vertex 37.4667 60.4408 22.1987
    endloop
  endfacet
  facet normal 0 0.537484 -0.843274
    outer loop
      vertex 37.4667 60.5125 22.2444
      vertex 24.5333 60.4408 22.1987
      vertex 24.5333 60.5125 22.2444
    endloop
  endfacet
  facet normal 0 -0.608802 -0.793323
    outer loop
      vertex 24.5333 61.5592 22.1987
      vertex 37.4667 61.6267 22.1469
      vertex 37.4667 61.5592 22.1987
    endloop
  endfacet
  facet normal -0 -0.608802 -0.793323
    outer loop
      vertex 37.4667 61.6267 22.1469
      vertex 24.5333 61.5592 22.1987
      vertex 24.5333 61.6267 22.1469
    endloop
  endfacet
  facet normal 0 0.383113 -0.923702
    outer loop
      vertex 24.5333 60.5879 22.2836
      vertex 37.4667 60.6665 22.3162
      vertex 37.4667 60.5879 22.2836
    endloop
  endfacet
  facet normal 0 0.383113 -0.923702
    outer loop
      vertex 37.4667 60.6665 22.3162
      vertex 24.5333 60.5879 22.2836
      vertex 24.5333 60.6665 22.3162
    endloop
  endfacet
  facet normal 0 0.300682 -0.953725
    outer loop
      vertex 24.5333 60.6665 22.3162
      vertex 37.4667 60.7477 22.3418
      vertex 37.4667 60.6665 22.3162
    endloop
  endfacet
  facet normal 0 0.300682 -0.953725
    outer loop
      vertex 37.4667 60.7477 22.3418
      vertex 24.5333 60.6665 22.3162
      vertex 24.5333 60.7477 22.3418
    endloop
  endfacet
  facet normal -0 0.216432 0.976298
    outer loop
      vertex 24.5333 60.8307 20.4398
      vertex 37.4667 60.7477 20.4582
      vertex 37.4667 60.8307 20.4398
    endloop
  endfacet
  facet normal 0 0.216432 0.976298
    outer loop
      vertex 37.4667 60.7477 20.4582
      vertex 24.5333 60.8307 20.4398
      vertex 24.5333 60.7477 20.4582
    endloop
  endfacet
  facet normal 0 -0.843274 0.537484
    outer loop
      vertex 24.5333 61.7987 20.8408
      vertex 37.4667 61.8444 20.9125
      vertex 24.5333 61.8444 20.9125
    endloop
  endfacet
  facet normal 0 -0.843274 0.537484
    outer loop
      vertex 37.4667 61.8444 20.9125
      vertex 24.5333 61.7987 20.8408
      vertex 37.4667 61.7987 20.8408
    endloop
  endfacet
  facet normal 0 -0.999054 -0.0434882
    outer loop
      vertex 24.5333 61.975 21.4
      vertex 37.4667 61.9713 21.485
      vertex 24.5333 61.9713 21.485
    endloop
  endfacet
  facet normal 0 -0.999054 -0.0434882
    outer loop
      vertex 37.4667 61.9713 21.485
      vertex 24.5333 61.975 21.4
      vertex 37.4667 61.975 21.4
    endloop
  endfacet
  facet normal 0 -0.608802 0.793323
    outer loop
      vertex 24.5333 61.6267 20.6531
      vertex 37.4667 61.5592 20.6013
      vertex 37.4667 61.6267 20.6531
    endloop
  endfacet
  facet normal 0 -0.608802 0.793323
    outer loop
      vertex 37.4667 61.5592 20.6013
      vertex 24.5333 61.6267 20.6531
      vertex 24.5333 61.5592 20.6013
    endloop
  endfacet
  facet normal 0 -0.886774 -0.462204
    outer loop
      vertex 24.5333 61.8837 21.8121
      vertex 37.4667 61.8444 21.8875
      vertex 24.5333 61.8444 21.8875
    endloop
  endfacet
  facet normal 0 -0.886774 -0.462204
    outer loop
      vertex 37.4667 61.8444 21.8875
      vertex 24.5333 61.8837 21.8121
      vertex 37.4667 61.8837 21.8121
    endloop
  endfacet
  facet normal 0 -0.737008 -0.675884
    outer loop
      vertex 24.5333 61.7469 22.0267
      vertex 37.4667 61.6894 22.0894
      vertex 24.5333 61.6894 22.0894
    endloop
  endfacet
  facet normal 0 -0.737008 -0.675884
    outer loop
      vertex 37.4667 61.6894 22.0894
      vertex 24.5333 61.7469 22.0267
      vertex 37.4667 61.7469 22.0267
    endloop
  endfacet
  facet normal 0 -0.537484 -0.843274
    outer loop
      vertex 24.5333 61.4875 22.2444
      vertex 37.4667 61.5592 22.1987
      vertex 37.4667 61.4875 22.2444
    endloop
  endfacet
  facet normal -0 -0.537484 -0.843274
    outer loop
      vertex 37.4667 61.5592 22.1987
      vertex 24.5333 61.4875 22.2444
      vertex 24.5333 61.5592 22.1987
    endloop
  endfacet
  facet normal 0 0.953725 0.300682
    outer loop
      vertex 37.4667 60.0838 21.0665
      vertex 24.5333 60.0582 21.1477
      vertex 37.4667 60.0582 21.1477
    endloop
  endfacet
  facet normal 0 0.953725 0.300682
    outer loop
      vertex 24.5333 60.0582 21.1477
      vertex 37.4667 60.0838 21.0665
      vertex 24.5333 60.0838 21.0665
    endloop
  endfacet
  facet normal 0 0.991442 -0.130546
    outer loop
      vertex 37.4667 60.0287 21.485
      vertex 24.5333 60.0398 21.5693
      vertex 37.4667 60.0398 21.5693
    endloop
  endfacet
  facet normal 0 0.991442 -0.130546
    outer loop
      vertex 24.5333 60.0398 21.5693
      vertex 37.4667 60.0287 21.485
      vertex 24.5333 60.0287 21.485
    endloop
  endfacet
  facet normal 0 0.461279 -0.887255
    outer loop
      vertex 24.5333 60.5125 22.2444
      vertex 37.4667 60.5879 22.2836
      vertex 37.4667 60.5125 22.2444
    endloop
  endfacet
  facet normal 0 0.461279 -0.887255
    outer loop
      vertex 37.4667 60.5879 22.2836
      vertex 24.5333 60.5125 22.2444
      vertex 24.5333 60.5879 22.2836
    endloop
  endfacet
  facet normal 0 -0.383113 -0.923702
    outer loop
      vertex 24.5333 61.3335 22.3162
      vertex 37.4667 61.4121 22.2836
      vertex 37.4667 61.3335 22.3162
    endloop
  endfacet
  facet normal -0 -0.383113 -0.923702
    outer loop
      vertex 37.4667 61.4121 22.2836
      vertex 24.5333 61.3335 22.3162
      vertex 24.5333 61.4121 22.2836
    endloop
  endfacet
  facet normal 0 0.999054 0.0434882
    outer loop
      vertex 37.4667 60.0287 21.315
      vertex 24.5333 60.025 21.4
      vertex 37.4667 60.025 21.4
    endloop
  endfacet
  facet normal 0 0.999054 0.0434882
    outer loop
      vertex 24.5333 60.025 21.4
      vertex 37.4667 60.0287 21.315
      vertex 24.5333 60.0287 21.315
    endloop
  endfacet
  facet normal 0 -0.130546 0.991442
    outer loop
      vertex 24.5333 61.1693 20.4398
      vertex 37.4667 61.085 20.4287
      vertex 37.4667 61.1693 20.4398
    endloop
  endfacet
  facet normal 0 -0.130546 0.991442
    outer loop
      vertex 37.4667 61.085 20.4287
      vertex 24.5333 61.1693 20.4398
      vertex 24.5333 61.085 20.4287
    endloop
  endfacet
  facet normal 0 -0.843274 -0.537484
    outer loop
      vertex 24.5333 61.8444 21.8875
      vertex 37.4667 61.7987 21.9592
      vertex 24.5333 61.7987 21.9592
    endloop
  endfacet
  facet normal 0 -0.843274 -0.537484
    outer loop
      vertex 37.4667 61.7987 21.9592
      vertex 24.5333 61.8444 21.8875
      vertex 37.4667 61.8444 21.8875
    endloop
  endfacet
  facet normal 0 -0.953725 0.300682
    outer loop
      vertex 24.5333 61.9162 21.0665
      vertex 37.4667 61.9418 21.1477
      vertex 24.5333 61.9418 21.1477
    endloop
  endfacet
  facet normal 0 -0.953725 0.300682
    outer loop
      vertex 37.4667 61.9418 21.1477
      vertex 24.5333 61.9162 21.0665
      vertex 37.4667 61.9162 21.0665
    endloop
  endfacet
  facet normal -0 0.0434882 0.999054
    outer loop
      vertex 24.5333 61 20.425
      vertex 37.4667 60.915 20.4287
      vertex 37.4667 61 20.425
    endloop
  endfacet
  facet normal 0 0.0434882 0.999054
    outer loop
      vertex 37.4667 60.915 20.4287
      vertex 24.5333 61 20.425
      vertex 24.5333 60.915 20.4287
    endloop
  endfacet
  facet normal 0 -0.976298 0.216432
    outer loop
      vertex 24.5333 61.9418 21.1477
      vertex 37.4667 61.9602 21.2307
      vertex 24.5333 61.9602 21.2307
    endloop
  endfacet
  facet normal 0 -0.976298 0.216432
    outer loop
      vertex 37.4667 61.9602 21.2307
      vertex 24.5333 61.9418 21.1477
      vertex 37.4667 61.9418 21.1477
    endloop
  endfacet
  facet normal 0 0.737008 -0.675884
    outer loop
      vertex 37.4667 60.2531 22.0267
      vertex 24.5333 60.3106 22.0894
      vertex 37.4667 60.3106 22.0894
    endloop
  endfacet
  facet normal 0 0.737008 -0.675884
    outer loop
      vertex 24.5333 60.3106 22.0894
      vertex 37.4667 60.2531 22.0267
      vertex 24.5333 60.2531 22.0267
    endloop
  endfacet
  facet normal 0 -0.130546 -0.991442
    outer loop
      vertex 24.5333 61.085 22.3713
      vertex 37.4667 61.1693 22.3602
      vertex 37.4667 61.085 22.3713
    endloop
  endfacet
  facet normal -0 -0.130546 -0.991442
    outer loop
      vertex 37.4667 61.1693 22.3602
      vertex 24.5333 61.085 22.3713
      vertex 24.5333 61.1693 22.3602
    endloop
  endfacet
  facet normal 0 -0.793323 0.608802
    outer loop
      vertex 24.5333 61.7469 20.7733
      vertex 37.4667 61.7987 20.8408
      vertex 24.5333 61.7987 20.8408
    endloop
  endfacet
  facet normal 0 -0.793323 0.608802
    outer loop
      vertex 37.4667 61.7987 20.8408
      vertex 24.5333 61.7469 20.7733
      vertex 37.4667 61.7469 20.7733
    endloop
  endfacet
  facet normal 0 0.608802 -0.793323
    outer loop
      vertex 24.5333 60.3733 22.1469
      vertex 37.4667 60.4408 22.1987
      vertex 37.4667 60.3733 22.1469
    endloop
  endfacet
  facet normal 0 0.608802 -0.793323
    outer loop
      vertex 37.4667 60.4408 22.1987
      vertex 24.5333 60.3733 22.1469
      vertex 24.5333 60.4408 22.1987
    endloop
  endfacet
  facet normal 0 0.991442 0.130546
    outer loop
      vertex 37.4667 60.0398 21.2307
      vertex 24.5333 60.0287 21.315
      vertex 37.4667 60.0287 21.315
    endloop
  endfacet
  facet normal 0 0.991442 0.130546
    outer loop
      vertex 24.5333 60.0287 21.315
      vertex 37.4667 60.0398 21.2307
      vertex 24.5333 60.0398 21.2307
    endloop
  endfacet
  facet normal 0 -0.300682 0.953725
    outer loop
      vertex 24.5333 61.3335 20.4838
      vertex 37.4667 61.2523 20.4582
      vertex 37.4667 61.3335 20.4838
    endloop
  endfacet
  facet normal 0 -0.300682 0.953725
    outer loop
      vertex 37.4667 61.2523 20.4582
      vertex 24.5333 61.3335 20.4838
      vertex 24.5333 61.2523 20.4582
    endloop
  endfacet
  facet normal -0 0.537484 0.843274
    outer loop
      vertex 24.5333 60.5125 20.5556
      vertex 37.4667 60.4408 20.6013
      vertex 37.4667 60.5125 20.5556
    endloop
  endfacet
  facet normal 0 0.537484 0.843274
    outer loop
      vertex 37.4667 60.4408 20.6013
      vertex 24.5333 60.5125 20.5556
      vertex 24.5333 60.4408 20.6013
    endloop
  endfacet
  facet normal 0 0.924117 0.382109
    outer loop
      vertex 37.4667 60.1163 20.9879
      vertex 24.5333 60.0838 21.0665
      vertex 37.4667 60.0838 21.0665
    endloop
  endfacet
  facet normal 0 0.924117 0.382109
    outer loop
      vertex 24.5333 60.0838 21.0665
      vertex 37.4667 60.1163 20.9879
      vertex 24.5333 60.1163 20.9879
    endloop
  endfacet
  facet normal -0 0.300682 0.953725
    outer loop
      vertex 24.5333 60.7477 20.4582
      vertex 37.4667 60.6665 20.4838
      vertex 37.4667 60.7477 20.4582
    endloop
  endfacet
  facet normal 0 0.300682 0.953725
    outer loop
      vertex 37.4667 60.6665 20.4838
      vertex 24.5333 60.7477 20.4582
      vertex 24.5333 60.6665 20.4838
    endloop
  endfacet
  facet normal 0 -0.0434882 -0.999054
    outer loop
      vertex 24.5333 61 22.375
      vertex 37.4667 61.085 22.3713
      vertex 37.4667 61 22.375
    endloop
  endfacet
  facet normal -0 -0.0434882 -0.999054
    outer loop
      vertex 37.4667 61.085 22.3713
      vertex 24.5333 61 22.375
      vertex 24.5333 61.085 22.3713
    endloop
  endfacet
  facet normal 0 -0.991442 -0.130546
    outer loop
      vertex 24.5333 61.9713 21.485
      vertex 37.4667 61.9602 21.5693
      vertex 24.5333 61.9602 21.5693
    endloop
  endfacet
  facet normal 0 -0.991442 -0.130546
    outer loop
      vertex 37.4667 61.9602 21.5693
      vertex 24.5333 61.9713 21.485
      vertex 37.4667 61.9713 21.485
    endloop
  endfacet
  facet normal 0 0.924117 -0.382109
    outer loop
      vertex 37.4667 60.0838 21.7335
      vertex 24.5333 60.1163 21.8121
      vertex 37.4667 60.1163 21.8121
    endloop
  endfacet
  facet normal 0 0.924117 -0.382109
    outer loop
      vertex 24.5333 60.1163 21.8121
      vertex 37.4667 60.0838 21.7335
      vertex 24.5333 60.0838 21.7335
    endloop
  endfacet
  facet normal 0 0.737008 0.675884
    outer loop
      vertex 37.4667 60.3106 20.7106
      vertex 24.5333 60.2531 20.7733
      vertex 37.4667 60.2531 20.7733
    endloop
  endfacet
  facet normal 0 0.737008 0.675884
    outer loop
      vertex 24.5333 60.2531 20.7733
      vertex 37.4667 60.3106 20.7106
      vertex 24.5333 60.3106 20.7106
    endloop
  endfacet
  facet normal -0 0.462204 0.886774
    outer loop
      vertex 24.5333 60.5879 20.5163
      vertex 37.4667 60.5125 20.5556
      vertex 37.4667 60.5879 20.5163
    endloop
  endfacet
  facet normal 0 0.462204 0.886774
    outer loop
      vertex 37.4667 60.5125 20.5556
      vertex 24.5333 60.5879 20.5163
      vertex 24.5333 60.5125 20.5556
    endloop
  endfacet
  facet normal 0 -0.737008 0.675884
    outer loop
      vertex 24.5333 61.6894 20.7106
      vertex 37.4667 61.7469 20.7733
      vertex 24.5333 61.7469 20.7733
    endloop
  endfacet
  facet normal 0 -0.737008 0.675884
    outer loop
      vertex 37.4667 61.7469 20.7733
      vertex 24.5333 61.6894 20.7106
      vertex 37.4667 61.6894 20.7106
    endloop
  endfacet
  facet normal 0 -0.461279 -0.887255
    outer loop
      vertex 24.5333 61.4121 22.2836
      vertex 37.4667 61.4875 22.2444
      vertex 37.4667 61.4121 22.2836
    endloop
  endfacet
  facet normal -0 -0.461279 -0.887255
    outer loop
      vertex 37.4667 61.4875 22.2444
      vertex 24.5333 61.4121 22.2836
      vertex 24.5333 61.4875 22.2444
    endloop
  endfacet
  facet normal 0 -0.537484 0.843274
    outer loop
      vertex 24.5333 61.5592 20.6013
      vertex 37.4667 61.4875 20.5556
      vertex 37.4667 61.5592 20.6013
    endloop
  endfacet
  facet normal 0 -0.537484 0.843274
    outer loop
      vertex 37.4667 61.4875 20.5556
      vertex 24.5333 61.5592 20.6013
      vertex 24.5333 61.4875 20.5556
    endloop
  endfacet
  facet normal 0 -0.675884 -0.737008
    outer loop
      vertex 24.5333 61.6267 22.1469
      vertex 37.4667 61.6894 22.0894
      vertex 37.4667 61.6267 22.1469
    endloop
  endfacet
  facet normal -0 -0.675884 -0.737008
    outer loop
      vertex 37.4667 61.6894 22.0894
      vertex 24.5333 61.6267 22.1469
      vertex 24.5333 61.6894 22.0894
    endloop
  endfacet
  facet normal -0 0.382109 0.924117
    outer loop
      vertex 24.5333 60.6665 20.4838
      vertex 37.4667 60.5879 20.5163
      vertex 37.4667 60.6665 20.4838
    endloop
  endfacet
  facet normal 0 0.382109 0.924117
    outer loop
      vertex 37.4667 60.5879 20.5163
      vertex 24.5333 60.6665 20.4838
      vertex 24.5333 60.5879 20.5163
    endloop
  endfacet
  facet normal 0 -0.924117 -0.382109
    outer loop
      vertex 24.5333 61.9162 21.7335
      vertex 37.4667 61.8837 21.8121
      vertex 24.5333 61.8837 21.8121
    endloop
  endfacet
  facet normal 0 -0.924117 -0.382109
    outer loop
      vertex 37.4667 61.8837 21.8121
      vertex 24.5333 61.9162 21.7335
      vertex 37.4667 61.9162 21.7335
    endloop
  endfacet
  facet normal 0 0.793323 -0.608802
    outer loop
      vertex 37.4667 60.2013 21.9592
      vertex 24.5333 60.2531 22.0267
      vertex 37.4667 60.2531 22.0267
    endloop
  endfacet
  facet normal 0 0.793323 -0.608802
    outer loop
      vertex 24.5333 60.2531 22.0267
      vertex 37.4667 60.2013 21.9592
      vertex 24.5333 60.2013 21.9592
    endloop
  endfacet
  facet normal 0 -0.300682 -0.953725
    outer loop
      vertex 24.5333 61.2523 22.3418
      vertex 37.4667 61.3335 22.3162
      vertex 37.4667 61.2523 22.3418
    endloop
  endfacet
  facet normal -0 -0.300682 -0.953725
    outer loop
      vertex 37.4667 61.3335 22.3162
      vertex 24.5333 61.2523 22.3418
      vertex 24.5333 61.3335 22.3162
    endloop
  endfacet
  facet normal 0 -0.999054 0.0434882
    outer loop
      vertex 24.5333 61.9713 21.315
      vertex 37.4667 61.975 21.4
      vertex 24.5333 61.975 21.4
    endloop
  endfacet
  facet normal 0 -0.999054 0.0434882
    outer loop
      vertex 37.4667 61.975 21.4
      vertex 24.5333 61.9713 21.315
      vertex 37.4667 61.9713 21.315
    endloop
  endfacet
  facet normal 0 0.675884 -0.737008
    outer loop
      vertex 24.5333 60.3106 22.0894
      vertex 37.4667 60.3733 22.1469
      vertex 37.4667 60.3106 22.0894
    endloop
  endfacet
  facet normal 0 0.675884 -0.737008
    outer loop
      vertex 37.4667 60.3733 22.1469
      vertex 24.5333 60.3106 22.0894
      vertex 24.5333 60.3733 22.1469
    endloop
  endfacet
  facet normal 0 0.886774 0.462204
    outer loop
      vertex 37.4667 60.1556 20.9125
      vertex 24.5333 60.1163 20.9879
      vertex 37.4667 60.1163 20.9879
    endloop
  endfacet
  facet normal 0 0.886774 0.462204
    outer loop
      vertex 24.5333 60.1163 20.9879
      vertex 37.4667 60.1556 20.9125
      vertex 24.5333 60.1556 20.9125
    endloop
  endfacet
  facet normal 0 0.130546 -0.991442
    outer loop
      vertex 24.5333 60.8307 22.3602
      vertex 37.4667 60.915 22.3713
      vertex 37.4667 60.8307 22.3602
    endloop
  endfacet
  facet normal 0 0.130546 -0.991442
    outer loop
      vertex 37.4667 60.915 22.3713
      vertex 24.5333 60.8307 22.3602
      vertex 24.5333 60.915 22.3713
    endloop
  endfacet
  facet normal 0 0.216432 -0.976298
    outer loop
      vertex 24.5333 60.7477 22.3418
      vertex 37.4667 60.8307 22.3602
      vertex 37.4667 60.7477 22.3418
    endloop
  endfacet
  facet normal 0 0.216432 -0.976298
    outer loop
      vertex 37.4667 60.8307 22.3602
      vertex 24.5333 60.7477 22.3418
      vertex 24.5333 60.8307 22.3602
    endloop
  endfacet
  facet normal 0 -0.462204 0.886774
    outer loop
      vertex 24.5333 61.4875 20.5556
      vertex 37.4667 61.4121 20.5163
      vertex 37.4667 61.4875 20.5556
    endloop
  endfacet
  facet normal 0 -0.462204 0.886774
    outer loop
      vertex 37.4667 61.4121 20.5163
      vertex 24.5333 61.4875 20.5556
      vertex 24.5333 61.4121 20.5163
    endloop
  endfacet
  facet normal 0 0.793323 0.608802
    outer loop
      vertex 37.4667 60.2531 20.7733
      vertex 24.5333 60.2013 20.8408
      vertex 37.4667 60.2013 20.8408
    endloop
  endfacet
  facet normal 0 0.793323 0.608802
    outer loop
      vertex 24.5333 60.2013 20.8408
      vertex 37.4667 60.2531 20.7733
      vertex 24.5333 60.2531 20.7733
    endloop
  endfacet
  facet normal 0 -0.675884 0.737008
    outer loop
      vertex 24.5333 61.6894 20.7106
      vertex 37.4667 61.6267 20.6531
      vertex 37.4667 61.6894 20.7106
    endloop
  endfacet
  facet normal 0 -0.675884 0.737008
    outer loop
      vertex 37.4667 61.6267 20.6531
      vertex 24.5333 61.6894 20.7106
      vertex 24.5333 61.6267 20.6531
    endloop
  endfacet
  facet normal 0 -0.991442 0.130546
    outer loop
      vertex 24.5333 61.9602 21.2307
      vertex 37.4667 61.9713 21.315
      vertex 24.5333 61.9713 21.315
    endloop
  endfacet
  facet normal 0 -0.991442 0.130546
    outer loop
      vertex 37.4667 61.9713 21.315
      vertex 24.5333 61.9602 21.2307
      vertex 37.4667 61.9602 21.2307
    endloop
  endfacet
  facet normal 0 0.843274 -0.537484
    outer loop
      vertex 37.4667 60.1556 21.8875
      vertex 24.5333 60.2013 21.9592
      vertex 37.4667 60.2013 21.9592
    endloop
  endfacet
  facet normal 0 0.843274 -0.537484
    outer loop
      vertex 24.5333 60.2013 21.9592
      vertex 37.4667 60.1556 21.8875
      vertex 24.5333 60.1556 21.8875
    endloop
  endfacet
  facet normal 0 -0.382109 0.924117
    outer loop
      vertex 24.5333 61.4121 20.5163
      vertex 37.4667 61.3335 20.4838
      vertex 37.4667 61.4121 20.5163
    endloop
  endfacet
  facet normal 0 -0.382109 0.924117
    outer loop
      vertex 37.4667 61.3335 20.4838
      vertex 24.5333 61.4121 20.5163
      vertex 24.5333 61.3335 20.4838
    endloop
  endfacet
  facet normal 0 -0.924117 0.382109
    outer loop
      vertex 24.5333 61.8837 20.9879
      vertex 37.4667 61.9162 21.0665
      vertex 24.5333 61.9162 21.0665
    endloop
  endfacet
  facet normal 0 -0.924117 0.382109
    outer loop
      vertex 37.4667 61.9162 21.0665
      vertex 24.5333 61.8837 20.9879
      vertex 37.4667 61.8837 20.9879
    endloop
  endfacet
  facet normal 0 0.999054 -0.0434882
    outer loop
      vertex 37.4667 60.025 21.4
      vertex 24.5333 60.0287 21.485
      vertex 37.4667 60.0287 21.485
    endloop
  endfacet
  facet normal 0 0.999054 -0.0434882
    outer loop
      vertex 24.5333 60.0287 21.485
      vertex 37.4667 60.025 21.4
      vertex 24.5333 60.025 21.4
    endloop
  endfacet
  facet normal 0 0.0434882 -0.999054
    outer loop
      vertex 24.5333 60.915 22.3713
      vertex 37.4667 61 22.375
      vertex 37.4667 60.915 22.3713
    endloop
  endfacet
  facet normal 0 0.0434882 -0.999054
    outer loop
      vertex 37.4667 61 22.375
      vertex 24.5333 60.915 22.3713
      vertex 24.5333 61 22.375
    endloop
  endfacet
  facet normal 0 -0.953725 -0.300682
    outer loop
      vertex 24.5333 61.9418 21.6523
      vertex 37.4667 61.9162 21.7335
      vertex 24.5333 61.9162 21.7335
    endloop
  endfacet
  facet normal 0 -0.953725 -0.300682
    outer loop
      vertex 37.4667 61.9162 21.7335
      vertex 24.5333 61.9418 21.6523
      vertex 37.4667 61.9418 21.6523
    endloop
  endfacet
  facet normal 0 0.976298 -0.216432
    outer loop
      vertex 37.4667 60.0398 21.5693
      vertex 24.5333 60.0582 21.6523
      vertex 37.4667 60.0582 21.6523
    endloop
  endfacet
  facet normal 0 0.976298 -0.216432
    outer loop
      vertex 24.5333 60.0582 21.6523
      vertex 37.4667 60.0398 21.5693
      vertex 24.5333 60.0398 21.5693
    endloop
  endfacet
  facet normal -0 0.675884 0.737008
    outer loop
      vertex 24.5333 60.3733 20.6531
      vertex 37.4667 60.3106 20.7106
      vertex 37.4667 60.3733 20.6531
    endloop
  endfacet
  facet normal 0 0.675884 0.737008
    outer loop
      vertex 37.4667 60.3106 20.7106
      vertex 24.5333 60.3733 20.6531
      vertex 24.5333 60.3106 20.7106
    endloop
  endfacet
endsolid OpenSCAD_Model
