solid OpenSCAD_Model
  facet normal 0.848989 0.528411 0
    outer loop
      vertex -73.8708 -98.25 3
      vertex -73.9486 -98.125 0
      vertex -73.9486 -98.125 3
    endloop
  endfacet
  facet normal 0.848989 0.528411 0
    outer loop
      vertex -73.9486 -98.125 0
      vertex -73.8708 -98.25 3
      vertex -73.8708 -98.25 0
    endloop
  endfacet
  facet normal -0.995204 -0.0978221 0
    outer loop
      vertex -69.7548 -96.8528 0
      vertex -69.7692 -96.7063 3
      vertex -69.7692 -96.7063 0
    endloop
  endfacet
  facet normal -0.995204 -0.0978221 0
    outer loop
      vertex -69.7692 -96.7063 3
      vertex -69.7548 -96.8528 0
      vertex -69.7548 -96.8528 3
    endloop
  endfacet
  facet normal -0.999469 -0.0325914 0
    outer loop
      vertex -69.75 -97 0
      vertex -69.7548 -96.8528 3
      vertex -69.7548 -96.8528 0
    endloop
  endfacet
  facet normal -0.999469 -0.0325914 0
    outer loop
      vertex -69.7548 -96.8528 3
      vertex -69.75 -97 0
      vertex -69.75 -97 3
    endloop
  endfacet
  facet normal -0.986613 -0.163077 0
    outer loop
      vertex -69.7692 -96.7063 0
      vertex -69.7932 -96.5611 3
      vertex -69.7932 -96.5611 0
    endloop
  endfacet
  facet normal -0.986613 -0.163077 0
    outer loop
      vertex -69.7932 -96.5611 3
      vertex -69.7692 -96.7063 0
      vertex -69.7692 -96.7063 3
    endloop
  endfacet
  facet normal -0.730151 0.683286 0
    outer loop
      vertex -70.409 -98.591 0
      vertex -70.3084 -98.4835 3
      vertex -70.3084 -98.4835 0
    endloop
  endfacet
  facet normal -0.730151 0.683286 0
    outer loop
      vertex -70.3084 -98.4835 3
      vertex -70.409 -98.591 0
      vertex -70.409 -98.591 3
    endloop
  endfacet
  facet normal 0.812769 0.582586 0
    outer loop
      vertex -73.785 -98.3697 3
      vertex -73.8708 -98.25 0
      vertex -73.8708 -98.25 3
    endloop
  endfacet
  facet normal 0.812769 0.582586 0
    outer loop
      vertex -73.8708 -98.25 0
      vertex -73.785 -98.3697 3
      vertex -73.785 -98.3697 0
    endloop
  endfacet
  facet normal 0.412369 -0.911017 0
    outer loop
      vertex -72.9951 -94.982 0
      vertex -72.861 -94.9213 3
      vertex -72.9951 -94.982 3
    endloop
  endfacet
  facet normal 0.412369 -0.911017 0
    outer loop
      vertex -72.861 -94.9213 3
      vertex -72.9951 -94.982 0
      vertex -72.861 -94.9213 0
    endloop
  endfacet
  facet normal 0.528411 -0.848989 0
    outer loop
      vertex -73.25 -95.1292 0
      vertex -73.125 -95.0514 3
      vertex -73.25 -95.1292 3
    endloop
  endfacet
  facet normal 0.528411 -0.848989 0
    outer loop
      vertex -73.125 -95.0514 3
      vertex -73.25 -95.1292 0
      vertex -73.125 -95.0514 0
    endloop
  endfacet
  facet normal -0.730151 -0.683286 0
    outer loop
      vertex -70.3084 -95.5165 0
      vertex -70.409 -95.409 3
      vertex -70.409 -95.409 0
    endloop
  endfacet
  facet normal -0.730151 -0.683286 0
    outer loop
      vertex -70.409 -95.409 3
      vertex -70.3084 -95.5165 0
      vertex -70.3084 -95.5165 3
    endloop
  endfacet
  facet normal 0.582586 0.812769 -0
    outer loop
      vertex -73.25 -98.8708 0
      vertex -73.3697 -98.785 3
      vertex -73.25 -98.8708 3
    endloop
  endfacet
  facet normal 0.582586 0.812769 0
    outer loop
      vertex -73.3697 -98.785 3
      vertex -73.25 -98.8708 0
      vertex -73.3697 -98.785 0
    endloop
  endfacet
  facet normal 0.882014 0.471222 0
    outer loop
      vertex -73.9486 -98.125 3
      vertex -74.018 -97.9951 0
      vertex -74.018 -97.9951 3
    endloop
  endfacet
  facet normal 0.882014 0.471222 0
    outer loop
      vertex -74.018 -97.9951 0
      vertex -73.9486 -98.125 3
      vertex -73.9486 -98.125 0
    endloop
  endfacet
  facet normal -0.0978221 -0.995204 0
    outer loop
      vertex -71.8528 -94.7548 0
      vertex -71.7063 -94.7692 3
      vertex -71.8528 -94.7548 3
    endloop
  endfacet
  facet normal -0.0978221 -0.995204 -0
    outer loop
      vertex -71.7063 -94.7692 3
      vertex -71.8528 -94.7548 0
      vertex -71.7063 -94.7692 0
    endloop
  endfacet
  facet normal -0.848989 -0.528411 0
    outer loop
      vertex -70.0514 -95.875 0
      vertex -70.1292 -95.75 3
      vertex -70.1292 -95.75 0
    endloop
  endfacet
  facet normal -0.848989 -0.528411 0
    outer loop
      vertex -70.1292 -95.75 3
      vertex -70.0514 -95.875 0
      vertex -70.0514 -95.875 3
    endloop
  endfacet
  facet normal -0.999469 0.0325914 0
    outer loop
      vertex -69.7548 -97.1472 0
      vertex -69.75 -97 3
      vertex -69.75 -97 0
    endloop
  endfacet
  facet normal -0.999469 0.0325914 0
    outer loop
      vertex -69.75 -97 3
      vertex -69.7548 -97.1472 0
      vertex -69.7548 -97.1472 3
    endloop
  endfacet
  facet normal -0.957019 -0.290026 0
    outer loop
      vertex -69.8267 -96.4177 0
      vertex -69.8694 -96.2768 3
      vertex -69.8694 -96.2768 0
    endloop
  endfacet
  facet normal -0.957019 -0.290026 0
    outer loop
      vertex -69.8694 -96.2768 3
      vertex -69.8267 -96.4177 0
      vertex -69.8267 -96.4177 3
    endloop
  endfacet
  facet normal -0.973781 -0.227487 0
    outer loop
      vertex -69.7932 -96.5611 0
      vertex -69.8267 -96.4177 3
      vertex -69.8267 -96.4177 0
    endloop
  endfacet
  facet normal -0.973781 -0.227487 0
    outer loop
      vertex -69.8267 -96.4177 3
      vertex -69.7932 -96.5611 0
      vertex -69.7932 -96.5611 3
    endloop
  endfacet
  facet normal -0.986613 0.163077 0
    outer loop
      vertex -69.7932 -97.4389 0
      vertex -69.7692 -97.2937 3
      vertex -69.7692 -97.2937 0
    endloop
  endfacet
  facet normal -0.986613 0.163077 0
    outer loop
      vertex -69.7692 -97.2937 3
      vertex -69.7932 -97.4389 0
      vertex -69.7932 -97.4389 3
    endloop
  endfacet
  facet normal -0.812769 -0.582586 0
    outer loop
      vertex -70.1292 -95.75 0
      vertex -70.215 -95.6303 3
      vertex -70.215 -95.6303 0
    endloop
  endfacet
  facet normal -0.812769 -0.582586 0
    outer loop
      vertex -70.215 -95.6303 3
      vertex -70.1292 -95.75 0
      vertex -70.1292 -95.75 3
    endloop
  endfacet
  facet normal 0.935826 0.352463 0
    outer loop
      vertex -74.0787 -97.861 3
      vertex -74.1306 -97.7232 0
      vertex -74.1306 -97.7232 3
    endloop
  endfacet
  facet normal 0.935826 0.352463 0
    outer loop
      vertex -74.1306 -97.7232 0
      vertex -74.0787 -97.861 3
      vertex -74.0787 -97.861 0
    endloop
  endfacet
  facet normal -0.0325914 -0.999469 0
    outer loop
      vertex -72 -94.75 0
      vertex -71.8528 -94.7548 3
      vertex -72 -94.75 3
    endloop
  endfacet
  facet normal -0.0325914 -0.999469 -0
    outer loop
      vertex -71.8528 -94.7548 3
      vertex -72 -94.75 0
      vertex -71.8528 -94.7548 0
    endloop
  endfacet
  facet normal 0.163077 0.986613 -0
    outer loop
      vertex -72.2937 -99.2308 0
      vertex -72.4389 -99.2068 3
      vertex -72.2937 -99.2308 3
    endloop
  endfacet
  facet normal 0.163077 0.986613 0
    outer loop
      vertex -72.4389 -99.2068 3
      vertex -72.2937 -99.2308 0
      vertex -72.4389 -99.2068 0
    endloop
  endfacet
  facet normal -0.882014 -0.471222 0
    outer loop
      vertex -69.982 -96.0049 0
      vertex -70.0514 -95.875 3
      vertex -70.0514 -95.875 0
    endloop
  endfacet
  facet normal -0.882014 -0.471222 0
    outer loop
      vertex -70.0514 -95.875 3
      vertex -69.982 -96.0049 0
      vertex -69.982 -96.0049 3
    endloop
  endfacet
  facet normal -0.0978221 0.995204 0
    outer loop
      vertex -71.7063 -99.2308 0
      vertex -71.8528 -99.2452 3
      vertex -71.7063 -99.2308 3
    endloop
  endfacet
  facet normal -0.0978221 0.995204 0
    outer loop
      vertex -71.8528 -99.2452 3
      vertex -71.7063 -99.2308 0
      vertex -71.8528 -99.2452 0
    endloop
  endfacet
  facet normal -0.911017 -0.412369 0
    outer loop
      vertex -69.9213 -96.139 0
      vertex -69.982 -96.0049 3
      vertex -69.982 -96.0049 0
    endloop
  endfacet
  facet normal -0.911017 -0.412369 0
    outer loop
      vertex -69.982 -96.0049 3
      vertex -69.9213 -96.139 0
      vertex -69.9213 -96.139 3
    endloop
  endfacet
  facet normal 0.986613 0.163077 0
    outer loop
      vertex -74.2068 -97.4389 3
      vertex -74.2308 -97.2937 0
      vertex -74.2308 -97.2937 3
    endloop
  endfacet
  facet normal 0.986613 0.163077 0
    outer loop
      vertex -74.2308 -97.2937 0
      vertex -74.2068 -97.4389 3
      vertex -74.2068 -97.4389 0
    endloop
  endfacet
  facet normal -0.352463 -0.935826 0
    outer loop
      vertex -71.2768 -94.8694 0
      vertex -71.139 -94.9213 3
      vertex -71.2768 -94.8694 3
    endloop
  endfacet
  facet normal -0.352463 -0.935826 -0
    outer loop
      vertex -71.139 -94.9213 3
      vertex -71.2768 -94.8694 0
      vertex -71.139 -94.9213 0
    endloop
  endfacet
  facet normal -0.471222 0.882014 0
    outer loop
      vertex -70.875 -98.9486 0
      vertex -71.0049 -99.018 3
      vertex -70.875 -98.9486 3
    endloop
  endfacet
  facet normal -0.471222 0.882014 0
    outer loop
      vertex -71.0049 -99.018 3
      vertex -70.875 -98.9486 0
      vertex -71.0049 -99.018 0
    endloop
  endfacet
  facet normal -0.848989 0.528411 0
    outer loop
      vertex -70.1292 -98.25 0
      vertex -70.0514 -98.125 3
      vertex -70.0514 -98.125 0
    endloop
  endfacet
  facet normal -0.848989 0.528411 0
    outer loop
      vertex -70.0514 -98.125 3
      vertex -70.1292 -98.25 0
      vertex -70.1292 -98.25 3
    endloop
  endfacet
  facet normal 0.882014 -0.471222 0
    outer loop
      vertex -74.018 -96.0049 3
      vertex -73.9486 -95.875 0
      vertex -73.9486 -95.875 3
    endloop
  endfacet
  facet normal 0.882014 -0.471222 0
    outer loop
      vertex -73.9486 -95.875 0
      vertex -74.018 -96.0049 3
      vertex -74.018 -96.0049 0
    endloop
  endfacet
  facet normal 0.730151 0.683286 0
    outer loop
      vertex -73.591 -98.591 3
      vertex -73.6916 -98.4835 0
      vertex -73.6916 -98.4835 3
    endloop
  endfacet
  facet normal 0.730151 0.683286 0
    outer loop
      vertex -73.6916 -98.4835 0
      vertex -73.591 -98.591 3
      vertex -73.591 -98.591 0
    endloop
  endfacet
  facet normal -0.995204 0.0978221 0
    outer loop
      vertex -69.7692 -97.2937 0
      vertex -69.7548 -97.1472 3
      vertex -69.7548 -97.1472 0
    endloop
  endfacet
  facet normal -0.995204 0.0978221 0
    outer loop
      vertex -69.7548 -97.1472 3
      vertex -69.7692 -97.2937 0
      vertex -69.7692 -97.2937 3
    endloop
  endfacet
  facet normal 0.0978221 0.995204 -0
    outer loop
      vertex -72.1472 -99.2452 0
      vertex -72.2937 -99.2308 3
      vertex -72.1472 -99.2452 3
    endloop
  endfacet
  facet normal 0.0978221 0.995204 0
    outer loop
      vertex -72.2937 -99.2308 3
      vertex -72.1472 -99.2452 0
      vertex -72.2937 -99.2308 0
    endloop
  endfacet
  facet normal 0.999469 -0.0325914 0
    outer loop
      vertex -74.25 -97 3
      vertex -74.2452 -96.8528 0
      vertex -74.2452 -96.8528 3
    endloop
  endfacet
  facet normal 0.999469 -0.0325914 0
    outer loop
      vertex -74.2452 -96.8528 0
      vertex -74.25 -97 3
      vertex -74.25 -97 0
    endloop
  endfacet
  facet normal 0.471222 0.882014 -0
    outer loop
      vertex -72.9951 -99.018 0
      vertex -73.125 -98.9486 3
      vertex -72.9951 -99.018 3
    endloop
  endfacet
  facet normal 0.471222 0.882014 0
    outer loop
      vertex -73.125 -98.9486 3
      vertex -72.9951 -99.018 0
      vertex -73.125 -98.9486 0
    endloop
  endfacet
  facet normal -0.528411 0.848989 0
    outer loop
      vertex -70.75 -98.8708 0
      vertex -70.875 -98.9486 3
      vertex -70.75 -98.8708 3
    endloop
  endfacet
  facet normal -0.528411 0.848989 0
    outer loop
      vertex -70.875 -98.9486 3
      vertex -70.75 -98.8708 0
      vertex -70.875 -98.9486 0
    endloop
  endfacet
  facet normal 0.0978221 -0.995204 0
    outer loop
      vertex -72.2937 -94.7692 0
      vertex -72.1472 -94.7548 3
      vertex -72.2937 -94.7692 3
    endloop
  endfacet
  facet normal 0.0978221 -0.995204 0
    outer loop
      vertex -72.1472 -94.7548 3
      vertex -72.2937 -94.7692 0
      vertex -72.1472 -94.7548 0
    endloop
  endfacet
  facet normal -0.935826 0.352463 0
    outer loop
      vertex -69.9213 -97.861 0
      vertex -69.8694 -97.7232 3
      vertex -69.8694 -97.7232 0
    endloop
  endfacet
  facet normal -0.935826 0.352463 0
    outer loop
      vertex -69.8694 -97.7232 3
      vertex -69.9213 -97.861 0
      vertex -69.9213 -97.861 3
    endloop
  endfacet
  facet normal 0.290026 -0.957019 0
    outer loop
      vertex -72.7232 -94.8694 0
      vertex -72.5823 -94.8267 3
      vertex -72.7232 -94.8694 3
    endloop
  endfacet
  facet normal 0.290026 -0.957019 0
    outer loop
      vertex -72.5823 -94.8267 3
      vertex -72.7232 -94.8694 0
      vertex -72.5823 -94.8267 0
    endloop
  endfacet
  facet normal -0.634421 -0.772988 0
    outer loop
      vertex -70.6303 -95.215 0
      vertex -70.5165 -95.3084 3
      vertex -70.6303 -95.215 3
    endloop
  endfacet
  facet normal -0.634421 -0.772988 -0
    outer loop
      vertex -70.5165 -95.3084 3
      vertex -70.6303 -95.215 0
      vertex -70.5165 -95.3084 0
    endloop
  endfacet
  facet normal -0.935826 -0.352463 0
    outer loop
      vertex -69.8694 -96.2768 0
      vertex -69.9213 -96.139 3
      vertex -69.9213 -96.139 0
    endloop
  endfacet
  facet normal -0.935826 -0.352463 0
    outer loop
      vertex -69.9213 -96.139 3
      vertex -69.8694 -96.2768 0
      vertex -69.8694 -96.2768 3
    endloop
  endfacet
  facet normal -0.0325914 0.999469 0
    outer loop
      vertex -71.8528 -99.2452 0
      vertex -72 -99.25 3
      vertex -71.8528 -99.2452 3
    endloop
  endfacet
  facet normal -0.0325914 0.999469 0
    outer loop
      vertex -72 -99.25 3
      vertex -71.8528 -99.2452 0
      vertex -72 -99.25 0
    endloop
  endfacet
  facet normal 0.352463 0.935826 -0
    outer loop
      vertex -72.7232 -99.1306 0
      vertex -72.861 -99.0787 3
      vertex -72.7232 -99.1306 3
    endloop
  endfacet
  facet normal 0.352463 0.935826 0
    outer loop
      vertex -72.861 -99.0787 3
      vertex -72.7232 -99.1306 0
      vertex -72.861 -99.0787 0
    endloop
  endfacet
  facet normal -0.812769 0.582586 0
    outer loop
      vertex -70.215 -98.3697 0
      vertex -70.1292 -98.25 3
      vertex -70.1292 -98.25 0
    endloop
  endfacet
  facet normal -0.812769 0.582586 0
    outer loop
      vertex -70.1292 -98.25 3
      vertex -70.215 -98.3697 0
      vertex -70.215 -98.3697 3
    endloop
  endfacet
  facet normal 0.227487 -0.973781 0
    outer loop
      vertex -72.5823 -94.8267 0
      vertex -72.4389 -94.7932 3
      vertex -72.5823 -94.8267 3
    endloop
  endfacet
  facet normal 0.227487 -0.973781 0
    outer loop
      vertex -72.4389 -94.7932 3
      vertex -72.5823 -94.8267 0
      vertex -72.4389 -94.7932 0
    endloop
  endfacet
  facet normal 0.973781 0.227487 0
    outer loop
      vertex -74.1733 -97.5823 3
      vertex -74.2068 -97.4389 0
      vertex -74.2068 -97.4389 3
    endloop
  endfacet
  facet normal 0.973781 0.227487 0
    outer loop
      vertex -74.2068 -97.4389 0
      vertex -74.1733 -97.5823 3
      vertex -74.1733 -97.5823 0
    endloop
  endfacet
  facet normal -0.772988 0.634421 0
    outer loop
      vertex -70.3084 -98.4835 0
      vertex -70.215 -98.3697 3
      vertex -70.215 -98.3697 0
    endloop
  endfacet
  facet normal -0.772988 0.634421 0
    outer loop
      vertex -70.215 -98.3697 3
      vertex -70.3084 -98.4835 0
      vertex -70.3084 -98.4835 3
    endloop
  endfacet
  facet normal 0.352463 -0.935826 0
    outer loop
      vertex -72.861 -94.9213 0
      vertex -72.7232 -94.8694 3
      vertex -72.861 -94.9213 3
    endloop
  endfacet
  facet normal 0.352463 -0.935826 0
    outer loop
      vertex -72.7232 -94.8694 3
      vertex -72.861 -94.9213 0
      vertex -72.7232 -94.8694 0
    endloop
  endfacet
  facet normal -0.471222 -0.882014 0
    outer loop
      vertex -71.0049 -94.982 0
      vertex -70.875 -95.0514 3
      vertex -71.0049 -94.982 3
    endloop
  endfacet
  facet normal -0.471222 -0.882014 -0
    outer loop
      vertex -70.875 -95.0514 3
      vertex -71.0049 -94.982 0
      vertex -70.875 -95.0514 0
    endloop
  endfacet
  facet normal -0.412369 -0.911017 0
    outer loop
      vertex -71.139 -94.9213 0
      vertex -71.0049 -94.982 3
      vertex -71.139 -94.9213 3
    endloop
  endfacet
  facet normal -0.412369 -0.911017 -0
    outer loop
      vertex -71.0049 -94.982 3
      vertex -71.139 -94.9213 0
      vertex -71.0049 -94.982 0
    endloop
  endfacet
  facet normal 0.0325914 -0.999469 0
    outer loop
      vertex -72.1472 -94.7548 0
      vertex -72 -94.75 3
      vertex -72.1472 -94.7548 3
    endloop
  endfacet
  facet normal 0.0325914 -0.999469 0
    outer loop
      vertex -72 -94.75 3
      vertex -72.1472 -94.7548 0
      vertex -72 -94.75 0
    endloop
  endfacet
  facet normal -0.634421 0.772988 0
    outer loop
      vertex -70.5165 -98.6916 0
      vertex -70.6303 -98.785 3
      vertex -70.5165 -98.6916 3
    endloop
  endfacet
  facet normal -0.634421 0.772988 0
    outer loop
      vertex -70.6303 -98.785 3
      vertex -70.5165 -98.6916 0
      vertex -70.6303 -98.785 0
    endloop
  endfacet
  facet normal 0.582586 -0.812769 0
    outer loop
      vertex -73.3697 -95.215 0
      vertex -73.25 -95.1292 3
      vertex -73.3697 -95.215 3
    endloop
  endfacet
  facet normal 0.582586 -0.812769 0
    outer loop
      vertex -73.25 -95.1292 3
      vertex -73.3697 -95.215 0
      vertex -73.25 -95.1292 0
    endloop
  endfacet
  facet normal -0.582586 -0.812769 0
    outer loop
      vertex -70.75 -95.1292 0
      vertex -70.6303 -95.215 3
      vertex -70.75 -95.1292 3
    endloop
  endfacet
  facet normal -0.582586 -0.812769 -0
    outer loop
      vertex -70.6303 -95.215 3
      vertex -70.75 -95.1292 0
      vertex -70.6303 -95.215 0
    endloop
  endfacet
  facet normal -0.163077 0.986613 0
    outer loop
      vertex -71.5611 -99.2068 0
      vertex -71.7063 -99.2308 3
      vertex -71.5611 -99.2068 3
    endloop
  endfacet
  facet normal -0.163077 0.986613 0
    outer loop
      vertex -71.7063 -99.2308 3
      vertex -71.5611 -99.2068 0
      vertex -71.7063 -99.2308 0
    endloop
  endfacet
  facet normal 0.957019 -0.290026 0
    outer loop
      vertex -74.1733 -96.4177 3
      vertex -74.1306 -96.2768 0
      vertex -74.1306 -96.2768 3
    endloop
  endfacet
  facet normal 0.957019 -0.290026 0
    outer loop
      vertex -74.1306 -96.2768 0
      vertex -74.1733 -96.4177 3
      vertex -74.1733 -96.4177 0
    endloop
  endfacet
  facet normal 0.163077 -0.986613 0
    outer loop
      vertex -72.4389 -94.7932 0
      vertex -72.2937 -94.7692 3
      vertex -72.4389 -94.7932 3
    endloop
  endfacet
  facet normal 0.163077 -0.986613 0
    outer loop
      vertex -72.2937 -94.7692 3
      vertex -72.4389 -94.7932 0
      vertex -72.2937 -94.7692 0
    endloop
  endfacet
  facet normal -0.973781 0.227487 0
    outer loop
      vertex -69.8267 -97.5823 0
      vertex -69.7932 -97.4389 3
      vertex -69.7932 -97.4389 0
    endloop
  endfacet
  facet normal -0.973781 0.227487 0
    outer loop
      vertex -69.7932 -97.4389 3
      vertex -69.8267 -97.5823 0
      vertex -69.8267 -97.5823 3
    endloop
  endfacet
  facet normal 0.935826 -0.352463 0
    outer loop
      vertex -74.1306 -96.2768 3
      vertex -74.0787 -96.139 0
      vertex -74.0787 -96.139 3
    endloop
  endfacet
  facet normal 0.935826 -0.352463 0
    outer loop
      vertex -74.0787 -96.139 0
      vertex -74.1306 -96.2768 3
      vertex -74.1306 -96.2768 0
    endloop
  endfacet
  facet normal -0.528411 -0.848989 0
    outer loop
      vertex -70.875 -95.0514 0
      vertex -70.75 -95.1292 3
      vertex -70.875 -95.0514 3
    endloop
  endfacet
  facet normal -0.528411 -0.848989 -0
    outer loop
      vertex -70.75 -95.1292 3
      vertex -70.875 -95.0514 0
      vertex -70.75 -95.1292 0
    endloop
  endfacet
  facet normal 0.999469 0.0325914 0
    outer loop
      vertex -74.2452 -97.1472 3
      vertex -74.25 -97 0
      vertex -74.25 -97 3
    endloop
  endfacet
  facet normal 0.999469 0.0325914 0
    outer loop
      vertex -74.25 -97 0
      vertex -74.2452 -97.1472 3
      vertex -74.2452 -97.1472 0
    endloop
  endfacet
  facet normal 0.227487 0.973781 -0
    outer loop
      vertex -72.4389 -99.2068 0
      vertex -72.5823 -99.1733 3
      vertex -72.4389 -99.2068 3
    endloop
  endfacet
  facet normal 0.227487 0.973781 0
    outer loop
      vertex -72.5823 -99.1733 3
      vertex -72.4389 -99.2068 0
      vertex -72.5823 -99.1733 0
    endloop
  endfacet
  facet normal 0.812769 -0.582586 0
    outer loop
      vertex -73.8708 -95.75 3
      vertex -73.785 -95.6303 0
      vertex -73.785 -95.6303 3
    endloop
  endfacet
  facet normal 0.812769 -0.582586 0
    outer loop
      vertex -73.785 -95.6303 0
      vertex -73.8708 -95.75 3
      vertex -73.8708 -95.75 0
    endloop
  endfacet
  facet normal -0.772988 -0.634421 0
    outer loop
      vertex -70.215 -95.6303 0
      vertex -70.3084 -95.5165 3
      vertex -70.3084 -95.5165 0
    endloop
  endfacet
  facet normal -0.772988 -0.634421 0
    outer loop
      vertex -70.3084 -95.5165 3
      vertex -70.215 -95.6303 0
      vertex -70.215 -95.6303 3
    endloop
  endfacet
  facet normal 0.986613 -0.163077 0
    outer loop
      vertex -74.2308 -96.7063 3
      vertex -74.2068 -96.5611 0
      vertex -74.2068 -96.5611 3
    endloop
  endfacet
  facet normal 0.986613 -0.163077 0
    outer loop
      vertex -74.2068 -96.5611 0
      vertex -74.2308 -96.7063 3
      vertex -74.2308 -96.7063 0
    endloop
  endfacet
  facet normal 0.634421 -0.772988 0
    outer loop
      vertex -73.4835 -95.3084 0
      vertex -73.3697 -95.215 3
      vertex -73.4835 -95.3084 3
    endloop
  endfacet
  facet normal 0.634421 -0.772988 0
    outer loop
      vertex -73.3697 -95.215 3
      vertex -73.4835 -95.3084 0
      vertex -73.3697 -95.215 0
    endloop
  endfacet
  facet normal -0.227487 0.973781 0
    outer loop
      vertex -71.4177 -99.1733 0
      vertex -71.5611 -99.2068 3
      vertex -71.4177 -99.1733 3
    endloop
  endfacet
  facet normal -0.227487 0.973781 0
    outer loop
      vertex -71.5611 -99.2068 3
      vertex -71.4177 -99.1733 0
      vertex -71.5611 -99.2068 0
    endloop
  endfacet
  facet normal 0.683286 0.730151 -0
    outer loop
      vertex -73.4835 -98.6916 0
      vertex -73.591 -98.591 3
      vertex -73.4835 -98.6916 3
    endloop
  endfacet
  facet normal 0.683286 0.730151 0
    outer loop
      vertex -73.591 -98.591 3
      vertex -73.4835 -98.6916 0
      vertex -73.591 -98.591 0
    endloop
  endfacet
  facet normal -0.352463 0.935826 0
    outer loop
      vertex -71.139 -99.0787 0
      vertex -71.2768 -99.1306 3
      vertex -71.139 -99.0787 3
    endloop
  endfacet
  facet normal -0.352463 0.935826 0
    outer loop
      vertex -71.2768 -99.1306 3
      vertex -71.139 -99.0787 0
      vertex -71.2768 -99.1306 0
    endloop
  endfacet
  facet normal -0.911017 0.412369 0
    outer loop
      vertex -69.982 -97.9951 0
      vertex -69.9213 -97.861 3
      vertex -69.9213 -97.861 0
    endloop
  endfacet
  facet normal -0.911017 0.412369 0
    outer loop
      vertex -69.9213 -97.861 3
      vertex -69.982 -97.9951 0
      vertex -69.982 -97.9951 3
    endloop
  endfacet
  facet normal -0.957019 0.290026 0
    outer loop
      vertex -69.8694 -97.7232 0
      vertex -69.8267 -97.5823 3
      vertex -69.8267 -97.5823 0
    endloop
  endfacet
  facet normal -0.957019 0.290026 0
    outer loop
      vertex -69.8267 -97.5823 3
      vertex -69.8694 -97.7232 0
      vertex -69.8694 -97.7232 3
    endloop
  endfacet
  facet normal 0.911017 0.412369 0
    outer loop
      vertex -74.018 -97.9951 3
      vertex -74.0787 -97.861 0
      vertex -74.0787 -97.861 3
    endloop
  endfacet
  facet normal 0.911017 0.412369 0
    outer loop
      vertex -74.0787 -97.861 0
      vertex -74.018 -97.9951 3
      vertex -74.018 -97.9951 0
    endloop
  endfacet
  facet normal -0.412369 0.911017 0
    outer loop
      vertex -71.0049 -99.018 0
      vertex -71.139 -99.0787 3
      vertex -71.0049 -99.018 3
    endloop
  endfacet
  facet normal -0.412369 0.911017 0
    outer loop
      vertex -71.139 -99.0787 3
      vertex -71.0049 -99.018 0
      vertex -71.139 -99.0787 0
    endloop
  endfacet
  facet normal 0.772988 -0.634421 0
    outer loop
      vertex -73.785 -95.6303 3
      vertex -73.6916 -95.5165 0
      vertex -73.6916 -95.5165 3
    endloop
  endfacet
  facet normal 0.772988 -0.634421 0
    outer loop
      vertex -73.6916 -95.5165 0
      vertex -73.785 -95.6303 3
      vertex -73.785 -95.6303 0
    endloop
  endfacet
  facet normal 0.683286 -0.730151 0
    outer loop
      vertex -73.591 -95.409 0
      vertex -73.4835 -95.3084 3
      vertex -73.591 -95.409 3
    endloop
  endfacet
  facet normal 0.683286 -0.730151 0
    outer loop
      vertex -73.4835 -95.3084 3
      vertex -73.591 -95.409 0
      vertex -73.4835 -95.3084 0
    endloop
  endfacet
  facet normal -0.683286 -0.730151 0
    outer loop
      vertex -70.5165 -95.3084 0
      vertex -70.409 -95.409 3
      vertex -70.5165 -95.3084 3
    endloop
  endfacet
  facet normal -0.683286 -0.730151 -0
    outer loop
      vertex -70.409 -95.409 3
      vertex -70.5165 -95.3084 0
      vertex -70.409 -95.409 0
    endloop
  endfacet
  facet normal -0.683286 0.730151 0
    outer loop
      vertex -70.409 -98.591 0
      vertex -70.5165 -98.6916 3
      vertex -70.409 -98.591 3
    endloop
  endfacet
  facet normal -0.683286 0.730151 0
    outer loop
      vertex -70.5165 -98.6916 3
      vertex -70.409 -98.591 0
      vertex -70.5165 -98.6916 0
    endloop
  endfacet
  facet normal 0.995204 0.0978221 0
    outer loop
      vertex -74.2308 -97.2937 3
      vertex -74.2452 -97.1472 0
      vertex -74.2452 -97.1472 3
    endloop
  endfacet
  facet normal 0.995204 0.0978221 0
    outer loop
      vertex -74.2452 -97.1472 0
      vertex -74.2308 -97.2937 3
      vertex -74.2308 -97.2937 0
    endloop
  endfacet
  facet normal 0.973781 -0.227487 0
    outer loop
      vertex -74.2068 -96.5611 3
      vertex -74.1733 -96.4177 0
      vertex -74.1733 -96.4177 3
    endloop
  endfacet
  facet normal 0.973781 -0.227487 0
    outer loop
      vertex -74.1733 -96.4177 0
      vertex -74.2068 -96.5611 3
      vertex -74.2068 -96.5611 0
    endloop
  endfacet
  facet normal -0.290026 0.957019 0
    outer loop
      vertex -71.2768 -99.1306 0
      vertex -71.4177 -99.1733 3
      vertex -71.2768 -99.1306 3
    endloop
  endfacet
  facet normal -0.290026 0.957019 0
    outer loop
      vertex -71.4177 -99.1733 3
      vertex -71.2768 -99.1306 0
      vertex -71.4177 -99.1733 0
    endloop
  endfacet
  facet normal 0.772988 0.634421 0
    outer loop
      vertex -73.6916 -98.4835 3
      vertex -73.785 -98.3697 0
      vertex -73.785 -98.3697 3
    endloop
  endfacet
  facet normal 0.772988 0.634421 0
    outer loop
      vertex -73.785 -98.3697 0
      vertex -73.6916 -98.4835 3
      vertex -73.6916 -98.4835 0
    endloop
  endfacet
  facet normal 0.0325914 0.999469 -0
    outer loop
      vertex -72 -99.25 0
      vertex -72.1472 -99.2452 3
      vertex -72 -99.25 3
    endloop
  endfacet
  facet normal 0.0325914 0.999469 0
    outer loop
      vertex -72.1472 -99.2452 3
      vertex -72 -99.25 0
      vertex -72.1472 -99.2452 0
    endloop
  endfacet
  facet normal -0.582586 0.812769 0
    outer loop
      vertex -70.6303 -98.785 0
      vertex -70.75 -98.8708 3
      vertex -70.6303 -98.785 3
    endloop
  endfacet
  facet normal -0.582586 0.812769 0
    outer loop
      vertex -70.75 -98.8708 3
      vertex -70.6303 -98.785 0
      vertex -70.75 -98.8708 0
    endloop
  endfacet
  facet normal -0.163077 -0.986613 0
    outer loop
      vertex -71.7063 -94.7692 0
      vertex -71.5611 -94.7932 3
      vertex -71.7063 -94.7692 3
    endloop
  endfacet
  facet normal -0.163077 -0.986613 -0
    outer loop
      vertex -71.5611 -94.7932 3
      vertex -71.7063 -94.7692 0
      vertex -71.5611 -94.7932 0
    endloop
  endfacet
  facet normal 0.634421 0.772988 -0
    outer loop
      vertex -73.3697 -98.785 0
      vertex -73.4835 -98.6916 3
      vertex -73.3697 -98.785 3
    endloop
  endfacet
  facet normal 0.634421 0.772988 0
    outer loop
      vertex -73.4835 -98.6916 3
      vertex -73.3697 -98.785 0
      vertex -73.4835 -98.6916 0
    endloop
  endfacet
  facet normal -0.290026 -0.957019 0
    outer loop
      vertex -71.4177 -94.8267 0
      vertex -71.2768 -94.8694 3
      vertex -71.4177 -94.8267 3
    endloop
  endfacet
  facet normal -0.290026 -0.957019 -0
    outer loop
      vertex -71.2768 -94.8694 3
      vertex -71.4177 -94.8267 0
      vertex -71.2768 -94.8694 0
    endloop
  endfacet
  facet normal 0.528411 0.848989 -0
    outer loop
      vertex -73.125 -98.9486 0
      vertex -73.25 -98.8708 3
      vertex -73.125 -98.9486 3
    endloop
  endfacet
  facet normal 0.528411 0.848989 0
    outer loop
      vertex -73.25 -98.8708 3
      vertex -73.125 -98.9486 0
      vertex -73.25 -98.8708 0
    endloop
  endfacet
  facet normal -0.227487 -0.973781 0
    outer loop
      vertex -71.5611 -94.7932 0
      vertex -71.4177 -94.8267 3
      vertex -71.5611 -94.7932 3
    endloop
  endfacet
  facet normal -0.227487 -0.973781 -0
    outer loop
      vertex -71.4177 -94.8267 3
      vertex -71.5611 -94.7932 0
      vertex -71.4177 -94.8267 0
    endloop
  endfacet
  facet normal 0.957019 0.290026 0
    outer loop
      vertex -74.1306 -97.7232 3
      vertex -74.1733 -97.5823 0
      vertex -74.1733 -97.5823 3
    endloop
  endfacet
  facet normal 0.957019 0.290026 0
    outer loop
      vertex -74.1733 -97.5823 0
      vertex -74.1306 -97.7232 3
      vertex -74.1306 -97.7232 0
    endloop
  endfacet
  facet normal 0.995204 -0.0978221 0
    outer loop
      vertex -74.2452 -96.8528 3
      vertex -74.2308 -96.7063 0
      vertex -74.2308 -96.7063 3
    endloop
  endfacet
  facet normal 0.995204 -0.0978221 0
    outer loop
      vertex -74.2308 -96.7063 0
      vertex -74.2452 -96.8528 3
      vertex -74.2452 -96.8528 0
    endloop
  endfacet
  facet normal -0.882014 0.471222 0
    outer loop
      vertex -70.0514 -98.125 0
      vertex -69.982 -97.9951 3
      vertex -69.982 -97.9951 0
    endloop
  endfacet
  facet normal -0.882014 0.471222 0
    outer loop
      vertex -69.982 -97.9951 3
      vertex -70.0514 -98.125 0
      vertex -70.0514 -98.125 3
    endloop
  endfacet
  facet normal 0.290026 0.957019 -0
    outer loop
      vertex -72.5823 -99.1733 0
      vertex -72.7232 -99.1306 3
      vertex -72.5823 -99.1733 3
    endloop
  endfacet
  facet normal 0.290026 0.957019 0
    outer loop
      vertex -72.7232 -99.1306 3
      vertex -72.5823 -99.1733 0
      vertex -72.7232 -99.1306 0
    endloop
  endfacet
  facet normal 0.730151 -0.683286 0
    outer loop
      vertex -73.6916 -95.5165 3
      vertex -73.591 -95.409 0
      vertex -73.591 -95.409 3
    endloop
  endfacet
  facet normal 0.730151 -0.683286 0
    outer loop
      vertex -73.591 -95.409 0
      vertex -73.6916 -95.5165 3
      vertex -73.6916 -95.5165 0
    endloop
  endfacet
  facet normal 0.911017 -0.412369 0
    outer loop
      vertex -74.0787 -96.139 3
      vertex -74.018 -96.0049 0
      vertex -74.018 -96.0049 3
    endloop
  endfacet
  facet normal 0.911017 -0.412369 0
    outer loop
      vertex -74.018 -96.0049 0
      vertex -74.0787 -96.139 3
      vertex -74.0787 -96.139 0
    endloop
  endfacet
  facet normal 0.848989 -0.528411 0
    outer loop
      vertex -73.9486 -95.875 3
      vertex -73.8708 -95.75 0
      vertex -73.8708 -95.75 3
    endloop
  endfacet
  facet normal 0.848989 -0.528411 0
    outer loop
      vertex -73.8708 -95.75 0
      vertex -73.9486 -95.875 3
      vertex -73.9486 -95.875 0
    endloop
  endfacet
  facet normal 0.412369 0.911017 -0
    outer loop
      vertex -72.861 -99.0787 0
      vertex -72.9951 -99.018 3
      vertex -72.861 -99.0787 3
    endloop
  endfacet
  facet normal 0.412369 0.911017 0
    outer loop
      vertex -72.9951 -99.018 3
      vertex -72.861 -99.0787 0
      vertex -72.9951 -99.018 0
    endloop
  endfacet
  facet normal 0.471222 -0.882014 0
    outer loop
      vertex -73.125 -95.0514 0
      vertex -72.9951 -94.982 3
      vertex -73.125 -95.0514 3
    endloop
  endfacet
  facet normal 0.471222 -0.882014 0
    outer loop
      vertex -72.9951 -94.982 3
      vertex -73.125 -95.0514 0
      vertex -72.9951 -94.982 0
    endloop
  endfacet
  facet normal -0.352463 0.935826 0
    outer loop
      vertex -71.139 94.9213 0
      vertex -71.2768 94.8694 3
      vertex -71.139 94.9213 3
    endloop
  endfacet
  facet normal -0.352463 0.935826 0
    outer loop
      vertex -71.2768 94.8694 3
      vertex -71.139 94.9213 0
      vertex -71.2768 94.8694 0
    endloop
  endfacet
  facet normal -0.0325914 -0.999469 0
    outer loop
      vertex -72 99.25 0
      vertex -71.8528 99.2452 3
      vertex -72 99.25 3
    endloop
  endfacet
  facet normal -0.0325914 -0.999469 -0
    outer loop
      vertex -71.8528 99.2452 3
      vertex -72 99.25 0
      vertex -71.8528 99.2452 0
    endloop
  endfacet
  facet normal -0.582586 -0.812769 0
    outer loop
      vertex -70.75 98.8708 0
      vertex -70.6303 98.785 3
      vertex -70.75 98.8708 3
    endloop
  endfacet
  facet normal -0.582586 -0.812769 -0
    outer loop
      vertex -70.6303 98.785 3
      vertex -70.75 98.8708 0
      vertex -70.6303 98.785 0
    endloop
  endfacet
  facet normal -0.471222 0.882014 0
    outer loop
      vertex -70.875 95.0514 0
      vertex -71.0049 94.982 3
      vertex -70.875 95.0514 3
    endloop
  endfacet
  facet normal -0.471222 0.882014 0
    outer loop
      vertex -71.0049 94.982 3
      vertex -70.875 95.0514 0
      vertex -71.0049 94.982 0
    endloop
  endfacet
  facet normal -0.999469 -0.0325914 0
    outer loop
      vertex -69.75 97 0
      vertex -69.7548 97.1472 3
      vertex -69.7548 97.1472 0
    endloop
  endfacet
  facet normal -0.999469 -0.0325914 0
    outer loop
      vertex -69.7548 97.1472 3
      vertex -69.75 97 0
      vertex -69.75 97 3
    endloop
  endfacet
  facet normal 0.528411 -0.848989 0
    outer loop
      vertex -73.25 98.8708 0
      vertex -73.125 98.9486 3
      vertex -73.25 98.8708 3
    endloop
  endfacet
  facet normal 0.528411 -0.848989 0
    outer loop
      vertex -73.125 98.9486 3
      vertex -73.25 98.8708 0
      vertex -73.125 98.9486 0
    endloop
  endfacet
  facet normal 0.973781 0.227487 0
    outer loop
      vertex -74.1733 96.4177 3
      vertex -74.2068 96.5611 0
      vertex -74.2068 96.5611 3
    endloop
  endfacet
  facet normal 0.973781 0.227487 0
    outer loop
      vertex -74.2068 96.5611 0
      vertex -74.1733 96.4177 3
      vertex -74.1733 96.4177 0
    endloop
  endfacet
  facet normal -0.634421 -0.772988 0
    outer loop
      vertex -70.6303 98.785 0
      vertex -70.5165 98.6916 3
      vertex -70.6303 98.785 3
    endloop
  endfacet
  facet normal -0.634421 -0.772988 -0
    outer loop
      vertex -70.5165 98.6916 3
      vertex -70.6303 98.785 0
      vertex -70.5165 98.6916 0
    endloop
  endfacet
  facet normal -0.999469 0.0325914 0
    outer loop
      vertex -69.7548 96.8528 0
      vertex -69.75 97 3
      vertex -69.75 97 0
    endloop
  endfacet
  facet normal -0.999469 0.0325914 0
    outer loop
      vertex -69.75 97 3
      vertex -69.7548 96.8528 0
      vertex -69.7548 96.8528 3
    endloop
  endfacet
  facet normal 0.412369 -0.911017 0
    outer loop
      vertex -72.9951 99.018 0
      vertex -72.861 99.0787 3
      vertex -72.9951 99.018 3
    endloop
  endfacet
  facet normal 0.412369 -0.911017 0
    outer loop
      vertex -72.861 99.0787 3
      vertex -72.9951 99.018 0
      vertex -72.861 99.0787 0
    endloop
  endfacet
  facet normal 0.995204 0.0978221 0
    outer loop
      vertex -74.2308 96.7063 3
      vertex -74.2452 96.8528 0
      vertex -74.2452 96.8528 3
    endloop
  endfacet
  facet normal 0.995204 0.0978221 0
    outer loop
      vertex -74.2452 96.8528 0
      vertex -74.2308 96.7063 3
      vertex -74.2308 96.7063 0
    endloop
  endfacet
  facet normal 0.986613 0.163077 0
    outer loop
      vertex -74.2068 96.5611 3
      vertex -74.2308 96.7063 0
      vertex -74.2308 96.7063 3
    endloop
  endfacet
  facet normal 0.986613 0.163077 0
    outer loop
      vertex -74.2308 96.7063 0
      vertex -74.2068 96.5611 3
      vertex -74.2068 96.5611 0
    endloop
  endfacet
  facet normal 0.999469 0.0325914 0
    outer loop
      vertex -74.2452 96.8528 3
      vertex -74.25 97 0
      vertex -74.25 97 3
    endloop
  endfacet
  facet normal 0.999469 0.0325914 0
    outer loop
      vertex -74.25 97 0
      vertex -74.2452 96.8528 3
      vertex -74.2452 96.8528 0
    endloop
  endfacet
  facet normal -0.935826 0.352463 0
    outer loop
      vertex -69.9213 96.139 0
      vertex -69.8694 96.2768 3
      vertex -69.8694 96.2768 0
    endloop
  endfacet
  facet normal -0.935826 0.352463 0
    outer loop
      vertex -69.8694 96.2768 3
      vertex -69.9213 96.139 0
      vertex -69.9213 96.139 3
    endloop
  endfacet
  facet normal -0.911017 -0.412369 0
    outer loop
      vertex -69.9213 97.861 0
      vertex -69.982 97.9951 3
      vertex -69.982 97.9951 0
    endloop
  endfacet
  facet normal -0.911017 -0.412369 0
    outer loop
      vertex -69.982 97.9951 3
      vertex -69.9213 97.861 0
      vertex -69.9213 97.861 3
    endloop
  endfacet
  facet normal -0.986613 0.163077 0
    outer loop
      vertex -69.7932 96.5611 0
      vertex -69.7692 96.7063 3
      vertex -69.7692 96.7063 0
    endloop
  endfacet
  facet normal -0.986613 0.163077 0
    outer loop
      vertex -69.7692 96.7063 3
      vertex -69.7932 96.5611 0
      vertex -69.7932 96.5611 3
    endloop
  endfacet
  facet normal -0.683286 -0.730151 0
    outer loop
      vertex -70.5165 98.6916 0
      vertex -70.409 98.591 3
      vertex -70.5165 98.6916 3
    endloop
  endfacet
  facet normal -0.683286 -0.730151 -0
    outer loop
      vertex -70.409 98.591 3
      vertex -70.5165 98.6916 0
      vertex -70.409 98.591 0
    endloop
  endfacet
  facet normal 0.986613 -0.163077 0
    outer loop
      vertex -74.2308 97.2937 3
      vertex -74.2068 97.4389 0
      vertex -74.2068 97.4389 3
    endloop
  endfacet
  facet normal 0.986613 -0.163077 0
    outer loop
      vertex -74.2068 97.4389 0
      vertex -74.2308 97.2937 3
      vertex -74.2308 97.2937 0
    endloop
  endfacet
  facet normal -0.528411 0.848989 0
    outer loop
      vertex -70.75 95.1292 0
      vertex -70.875 95.0514 3
      vertex -70.75 95.1292 3
    endloop
  endfacet
  facet normal -0.528411 0.848989 0
    outer loop
      vertex -70.875 95.0514 3
      vertex -70.75 95.1292 0
      vertex -70.875 95.0514 0
    endloop
  endfacet
  facet normal 0.935826 0.352463 0
    outer loop
      vertex -74.0787 96.139 3
      vertex -74.1306 96.2768 0
      vertex -74.1306 96.2768 3
    endloop
  endfacet
  facet normal 0.935826 0.352463 0
    outer loop
      vertex -74.1306 96.2768 0
      vertex -74.0787 96.139 3
      vertex -74.0787 96.139 0
    endloop
  endfacet
  facet normal -0.995204 -0.0978221 0
    outer loop
      vertex -69.7548 97.1472 0
      vertex -69.7692 97.2937 3
      vertex -69.7692 97.2937 0
    endloop
  endfacet
  facet normal -0.995204 -0.0978221 0
    outer loop
      vertex -69.7692 97.2937 3
      vertex -69.7548 97.1472 0
      vertex -69.7548 97.1472 3
    endloop
  endfacet
  facet normal -0.973781 0.227487 0
    outer loop
      vertex -69.8267 96.4177 0
      vertex -69.7932 96.5611 3
      vertex -69.7932 96.5611 0
    endloop
  endfacet
  facet normal -0.973781 0.227487 0
    outer loop
      vertex -69.7932 96.5611 3
      vertex -69.8267 96.4177 0
      vertex -69.8267 96.4177 3
    endloop
  endfacet
  facet normal 0.882014 -0.471222 0
    outer loop
      vertex -74.018 97.9951 3
      vertex -73.9486 98.125 0
      vertex -73.9486 98.125 3
    endloop
  endfacet
  facet normal 0.882014 -0.471222 0
    outer loop
      vertex -73.9486 98.125 0
      vertex -74.018 97.9951 3
      vertex -74.018 97.9951 0
    endloop
  endfacet
  facet normal -0.986613 -0.163077 0
    outer loop
      vertex -69.7692 97.2937 0
      vertex -69.7932 97.4389 3
      vertex -69.7932 97.4389 0
    endloop
  endfacet
  facet normal -0.986613 -0.163077 0
    outer loop
      vertex -69.7932 97.4389 3
      vertex -69.7692 97.2937 0
      vertex -69.7692 97.2937 3
    endloop
  endfacet
  facet normal 0.352463 -0.935826 0
    outer loop
      vertex -72.861 99.0787 0
      vertex -72.7232 99.1306 3
      vertex -72.861 99.0787 3
    endloop
  endfacet
  facet normal 0.352463 -0.935826 0
    outer loop
      vertex -72.7232 99.1306 3
      vertex -72.861 99.0787 0
      vertex -72.7232 99.1306 0
    endloop
  endfacet
  facet normal 0.227487 0.973781 -0
    outer loop
      vertex -72.4389 94.7932 0
      vertex -72.5823 94.8267 3
      vertex -72.4389 94.7932 3
    endloop
  endfacet
  facet normal 0.227487 0.973781 0
    outer loop
      vertex -72.5823 94.8267 3
      vertex -72.4389 94.7932 0
      vertex -72.5823 94.8267 0
    endloop
  endfacet
  facet normal 0.999469 -0.0325914 0
    outer loop
      vertex -74.25 97 3
      vertex -74.2452 97.1472 0
      vertex -74.2452 97.1472 3
    endloop
  endfacet
  facet normal 0.999469 -0.0325914 0
    outer loop
      vertex -74.2452 97.1472 0
      vertex -74.25 97 3
      vertex -74.25 97 0
    endloop
  endfacet
  facet normal 0.290026 -0.957019 0
    outer loop
      vertex -72.7232 99.1306 0
      vertex -72.5823 99.1733 3
      vertex -72.7232 99.1306 3
    endloop
  endfacet
  facet normal 0.290026 -0.957019 0
    outer loop
      vertex -72.5823 99.1733 3
      vertex -72.7232 99.1306 0
      vertex -72.5823 99.1733 0
    endloop
  endfacet
  facet normal -0.935826 -0.352463 0
    outer loop
      vertex -69.8694 97.7232 0
      vertex -69.9213 97.861 3
      vertex -69.9213 97.861 0
    endloop
  endfacet
  facet normal -0.935826 -0.352463 0
    outer loop
      vertex -69.9213 97.861 3
      vertex -69.8694 97.7232 0
      vertex -69.8694 97.7232 3
    endloop
  endfacet
  facet normal -0.848989 -0.528411 0
    outer loop
      vertex -70.0514 98.125 0
      vertex -70.1292 98.25 3
      vertex -70.1292 98.25 0
    endloop
  endfacet
  facet normal -0.848989 -0.528411 0
    outer loop
      vertex -70.1292 98.25 3
      vertex -70.0514 98.125 0
      vertex -70.0514 98.125 3
    endloop
  endfacet
  facet normal -0.882014 -0.471222 0
    outer loop
      vertex -69.982 97.9951 0
      vertex -70.0514 98.125 3
      vertex -70.0514 98.125 0
    endloop
  endfacet
  facet normal -0.882014 -0.471222 0
    outer loop
      vertex -70.0514 98.125 3
      vertex -69.982 97.9951 0
      vertex -69.982 97.9951 3
    endloop
  endfacet
  facet normal -0.957019 -0.290026 0
    outer loop
      vertex -69.8267 97.5823 0
      vertex -69.8694 97.7232 3
      vertex -69.8694 97.7232 0
    endloop
  endfacet
  facet normal -0.957019 -0.290026 0
    outer loop
      vertex -69.8694 97.7232 3
      vertex -69.8267 97.5823 0
      vertex -69.8267 97.5823 3
    endloop
  endfacet
  facet normal 0.772988 0.634421 0
    outer loop
      vertex -73.6916 95.5165 3
      vertex -73.785 95.6303 0
      vertex -73.785 95.6303 3
    endloop
  endfacet
  facet normal 0.772988 0.634421 0
    outer loop
      vertex -73.785 95.6303 0
      vertex -73.6916 95.5165 3
      vertex -73.6916 95.5165 0
    endloop
  endfacet
  facet normal -0.163077 0.986613 0
    outer loop
      vertex -71.5611 94.7932 0
      vertex -71.7063 94.7692 3
      vertex -71.5611 94.7932 3
    endloop
  endfacet
  facet normal -0.163077 0.986613 0
    outer loop
      vertex -71.7063 94.7692 3
      vertex -71.5611 94.7932 0
      vertex -71.7063 94.7692 0
    endloop
  endfacet
  facet normal -0.290026 -0.957019 0
    outer loop
      vertex -71.4177 99.1733 0
      vertex -71.2768 99.1306 3
      vertex -71.4177 99.1733 3
    endloop
  endfacet
  facet normal -0.290026 -0.957019 -0
    outer loop
      vertex -71.2768 99.1306 3
      vertex -71.4177 99.1733 0
      vertex -71.2768 99.1306 0
    endloop
  endfacet
  facet normal -0.772988 0.634421 0
    outer loop
      vertex -70.3084 95.5165 0
      vertex -70.215 95.6303 3
      vertex -70.215 95.6303 0
    endloop
  endfacet
  facet normal -0.772988 0.634421 0
    outer loop
      vertex -70.215 95.6303 3
      vertex -70.3084 95.5165 0
      vertex -70.3084 95.5165 3
    endloop
  endfacet
  facet normal 0.0325914 -0.999469 0
    outer loop
      vertex -72.1472 99.2452 0
      vertex -72 99.25 3
      vertex -72.1472 99.2452 3
    endloop
  endfacet
  facet normal 0.0325914 -0.999469 0
    outer loop
      vertex -72 99.25 3
      vertex -72.1472 99.2452 0
      vertex -72 99.25 0
    endloop
  endfacet
  facet normal -0.471222 -0.882014 0
    outer loop
      vertex -71.0049 99.018 0
      vertex -70.875 98.9486 3
      vertex -71.0049 99.018 3
    endloop
  endfacet
  facet normal -0.471222 -0.882014 -0
    outer loop
      vertex -70.875 98.9486 3
      vertex -71.0049 99.018 0
      vertex -70.875 98.9486 0
    endloop
  endfacet
  facet normal -0.227487 0.973781 0
    outer loop
      vertex -71.4177 94.8267 0
      vertex -71.5611 94.7932 3
      vertex -71.4177 94.8267 3
    endloop
  endfacet
  facet normal -0.227487 0.973781 0
    outer loop
      vertex -71.5611 94.7932 3
      vertex -71.4177 94.8267 0
      vertex -71.5611 94.7932 0
    endloop
  endfacet
  facet normal 0.290026 0.957019 -0
    outer loop
      vertex -72.5823 94.8267 0
      vertex -72.7232 94.8694 3
      vertex -72.5823 94.8267 3
    endloop
  endfacet
  facet normal 0.290026 0.957019 0
    outer loop
      vertex -72.7232 94.8694 3
      vertex -72.5823 94.8267 0
      vertex -72.7232 94.8694 0
    endloop
  endfacet
  facet normal 0.528411 0.848989 -0
    outer loop
      vertex -73.125 95.0514 0
      vertex -73.25 95.1292 3
      vertex -73.125 95.0514 3
    endloop
  endfacet
  facet normal 0.528411 0.848989 0
    outer loop
      vertex -73.25 95.1292 3
      vertex -73.125 95.0514 0
      vertex -73.25 95.1292 0
    endloop
  endfacet
  facet normal -0.528411 -0.848989 0
    outer loop
      vertex -70.875 98.9486 0
      vertex -70.75 98.8708 3
      vertex -70.875 98.9486 3
    endloop
  endfacet
  facet normal -0.528411 -0.848989 -0
    outer loop
      vertex -70.75 98.8708 3
      vertex -70.875 98.9486 0
      vertex -70.75 98.8708 0
    endloop
  endfacet
  facet normal -0.352463 -0.935826 0
    outer loop
      vertex -71.2768 99.1306 0
      vertex -71.139 99.0787 3
      vertex -71.2768 99.1306 3
    endloop
  endfacet
  facet normal -0.352463 -0.935826 -0
    outer loop
      vertex -71.139 99.0787 3
      vertex -71.2768 99.1306 0
      vertex -71.139 99.0787 0
    endloop
  endfacet
  facet normal 0.683286 -0.730151 0
    outer loop
      vertex -73.591 98.591 0
      vertex -73.4835 98.6916 3
      vertex -73.591 98.591 3
    endloop
  endfacet
  facet normal 0.683286 -0.730151 0
    outer loop
      vertex -73.4835 98.6916 3
      vertex -73.591 98.591 0
      vertex -73.4835 98.6916 0
    endloop
  endfacet
  facet normal -0.995204 0.0978221 0
    outer loop
      vertex -69.7692 96.7063 0
      vertex -69.7548 96.8528 3
      vertex -69.7548 96.8528 0
    endloop
  endfacet
  facet normal -0.995204 0.0978221 0
    outer loop
      vertex -69.7548 96.8528 3
      vertex -69.7692 96.7063 0
      vertex -69.7692 96.7063 3
    endloop
  endfacet
  facet normal -0.848989 0.528411 0
    outer loop
      vertex -70.1292 95.75 0
      vertex -70.0514 95.875 3
      vertex -70.0514 95.875 0
    endloop
  endfacet
  facet normal -0.848989 0.528411 0
    outer loop
      vertex -70.0514 95.875 3
      vertex -70.1292 95.75 0
      vertex -70.1292 95.75 3
    endloop
  endfacet
  facet normal -0.0325914 0.999469 0
    outer loop
      vertex -71.8528 94.7548 0
      vertex -72 94.75 3
      vertex -71.8528 94.7548 3
    endloop
  endfacet
  facet normal -0.0325914 0.999469 0
    outer loop
      vertex -72 94.75 3
      vertex -71.8528 94.7548 0
      vertex -72 94.75 0
    endloop
  endfacet
  facet normal 0.471222 0.882014 -0
    outer loop
      vertex -72.9951 94.982 0
      vertex -73.125 95.0514 3
      vertex -72.9951 94.982 3
    endloop
  endfacet
  facet normal 0.471222 0.882014 0
    outer loop
      vertex -73.125 95.0514 3
      vertex -72.9951 94.982 0
      vertex -73.125 95.0514 0
    endloop
  endfacet
  facet normal -0.412369 0.911017 0
    outer loop
      vertex -71.0049 94.982 0
      vertex -71.139 94.9213 3
      vertex -71.0049 94.982 3
    endloop
  endfacet
  facet normal -0.412369 0.911017 0
    outer loop
      vertex -71.139 94.9213 3
      vertex -71.0049 94.982 0
      vertex -71.139 94.9213 0
    endloop
  endfacet
  facet normal 0.957019 -0.290026 0
    outer loop
      vertex -74.1733 97.5823 3
      vertex -74.1306 97.7232 0
      vertex -74.1306 97.7232 3
    endloop
  endfacet
  facet normal 0.957019 -0.290026 0
    outer loop
      vertex -74.1306 97.7232 0
      vertex -74.1733 97.5823 3
      vertex -74.1733 97.5823 0
    endloop
  endfacet
  facet normal -0.812769 0.582586 0
    outer loop
      vertex -70.215 95.6303 0
      vertex -70.1292 95.75 3
      vertex -70.1292 95.75 0
    endloop
  endfacet
  facet normal -0.812769 0.582586 0
    outer loop
      vertex -70.1292 95.75 3
      vertex -70.215 95.6303 0
      vertex -70.215 95.6303 3
    endloop
  endfacet
  facet normal 0.582586 -0.812769 0
    outer loop
      vertex -73.3697 98.785 0
      vertex -73.25 98.8708 3
      vertex -73.3697 98.785 3
    endloop
  endfacet
  facet normal 0.582586 -0.812769 0
    outer loop
      vertex -73.25 98.8708 3
      vertex -73.3697 98.785 0
      vertex -73.25 98.8708 0
    endloop
  endfacet
  facet normal -0.683286 0.730151 0
    outer loop
      vertex -70.409 95.409 0
      vertex -70.5165 95.3084 3
      vertex -70.409 95.409 3
    endloop
  endfacet
  facet normal -0.683286 0.730151 0
    outer loop
      vertex -70.5165 95.3084 3
      vertex -70.409 95.409 0
      vertex -70.5165 95.3084 0
    endloop
  endfacet
  facet normal -0.882014 0.471222 0
    outer loop
      vertex -70.0514 95.875 0
      vertex -69.982 96.0049 3
      vertex -69.982 96.0049 0
    endloop
  endfacet
  facet normal -0.882014 0.471222 0
    outer loop
      vertex -69.982 96.0049 3
      vertex -70.0514 95.875 0
      vertex -70.0514 95.875 3
    endloop
  endfacet
  facet normal 0.634421 -0.772988 0
    outer loop
      vertex -73.4835 98.6916 0
      vertex -73.3697 98.785 3
      vertex -73.4835 98.6916 3
    endloop
  endfacet
  facet normal 0.634421 -0.772988 0
    outer loop
      vertex -73.3697 98.785 3
      vertex -73.4835 98.6916 0
      vertex -73.3697 98.785 0
    endloop
  endfacet
  facet normal -0.973781 -0.227487 0
    outer loop
      vertex -69.7932 97.4389 0
      vertex -69.8267 97.5823 3
      vertex -69.8267 97.5823 0
    endloop
  endfacet
  facet normal -0.973781 -0.227487 0
    outer loop
      vertex -69.8267 97.5823 3
      vertex -69.7932 97.4389 0
      vertex -69.7932 97.4389 3
    endloop
  endfacet
  facet normal 0.973781 -0.227487 0
    outer loop
      vertex -74.2068 97.4389 3
      vertex -74.1733 97.5823 0
      vertex -74.1733 97.5823 3
    endloop
  endfacet
  facet normal 0.973781 -0.227487 0
    outer loop
      vertex -74.1733 97.5823 0
      vertex -74.2068 97.4389 3
      vertex -74.2068 97.4389 0
    endloop
  endfacet
  facet normal -0.412369 -0.911017 0
    outer loop
      vertex -71.139 99.0787 0
      vertex -71.0049 99.018 3
      vertex -71.139 99.0787 3
    endloop
  endfacet
  facet normal -0.412369 -0.911017 -0
    outer loop
      vertex -71.0049 99.018 3
      vertex -71.139 99.0787 0
      vertex -71.0049 99.018 0
    endloop
  endfacet
  facet normal -0.812769 -0.582586 0
    outer loop
      vertex -70.1292 98.25 0
      vertex -70.215 98.3697 3
      vertex -70.215 98.3697 0
    endloop
  endfacet
  facet normal -0.812769 -0.582586 0
    outer loop
      vertex -70.215 98.3697 3
      vertex -70.1292 98.25 0
      vertex -70.1292 98.25 3
    endloop
  endfacet
  facet normal 0.730151 -0.683286 0
    outer loop
      vertex -73.6916 98.4835 3
      vertex -73.591 98.591 0
      vertex -73.591 98.591 3
    endloop
  endfacet
  facet normal 0.730151 -0.683286 0
    outer loop
      vertex -73.591 98.591 0
      vertex -73.6916 98.4835 3
      vertex -73.6916 98.4835 0
    endloop
  endfacet
  facet normal 0.582586 0.812769 -0
    outer loop
      vertex -73.25 95.1292 0
      vertex -73.3697 95.215 3
      vertex -73.25 95.1292 3
    endloop
  endfacet
  facet normal 0.582586 0.812769 0
    outer loop
      vertex -73.3697 95.215 3
      vertex -73.25 95.1292 0
      vertex -73.3697 95.215 0
    endloop
  endfacet
  facet normal -0.730151 -0.683286 0
    outer loop
      vertex -70.3084 98.4835 0
      vertex -70.409 98.591 3
      vertex -70.409 98.591 0
    endloop
  endfacet
  facet normal -0.730151 -0.683286 0
    outer loop
      vertex -70.409 98.591 3
      vertex -70.3084 98.4835 0
      vertex -70.3084 98.4835 3
    endloop
  endfacet
  facet normal -0.227487 -0.973781 0
    outer loop
      vertex -71.5611 99.2068 0
      vertex -71.4177 99.1733 3
      vertex -71.5611 99.2068 3
    endloop
  endfacet
  facet normal -0.227487 -0.973781 -0
    outer loop
      vertex -71.4177 99.1733 3
      vertex -71.5611 99.2068 0
      vertex -71.4177 99.1733 0
    endloop
  endfacet
  facet normal 0.412369 0.911017 -0
    outer loop
      vertex -72.861 94.9213 0
      vertex -72.9951 94.982 3
      vertex -72.861 94.9213 3
    endloop
  endfacet
  facet normal 0.412369 0.911017 0
    outer loop
      vertex -72.9951 94.982 3
      vertex -72.861 94.9213 0
      vertex -72.9951 94.982 0
    endloop
  endfacet
  facet normal -0.0978221 0.995204 0
    outer loop
      vertex -71.7063 94.7692 0
      vertex -71.8528 94.7548 3
      vertex -71.7063 94.7692 3
    endloop
  endfacet
  facet normal -0.0978221 0.995204 0
    outer loop
      vertex -71.8528 94.7548 3
      vertex -71.7063 94.7692 0
      vertex -71.8528 94.7548 0
    endloop
  endfacet
  facet normal -0.772988 -0.634421 0
    outer loop
      vertex -70.215 98.3697 0
      vertex -70.3084 98.4835 3
      vertex -70.3084 98.4835 0
    endloop
  endfacet
  facet normal -0.772988 -0.634421 0
    outer loop
      vertex -70.3084 98.4835 3
      vertex -70.215 98.3697 0
      vertex -70.215 98.3697 3
    endloop
  endfacet
  facet normal -0.634421 0.772988 0
    outer loop
      vertex -70.5165 95.3084 0
      vertex -70.6303 95.215 3
      vertex -70.5165 95.3084 3
    endloop
  endfacet
  facet normal -0.634421 0.772988 0
    outer loop
      vertex -70.6303 95.215 3
      vertex -70.5165 95.3084 0
      vertex -70.6303 95.215 0
    endloop
  endfacet
  facet normal 0.812769 0.582586 0
    outer loop
      vertex -73.785 95.6303 3
      vertex -73.8708 95.75 0
      vertex -73.8708 95.75 3
    endloop
  endfacet
  facet normal 0.812769 0.582586 0
    outer loop
      vertex -73.8708 95.75 0
      vertex -73.785 95.6303 3
      vertex -73.785 95.6303 0
    endloop
  endfacet
  facet normal 0.848989 0.528411 0
    outer loop
      vertex -73.8708 95.75 3
      vertex -73.9486 95.875 0
      vertex -73.9486 95.875 3
    endloop
  endfacet
  facet normal 0.848989 0.528411 0
    outer loop
      vertex -73.9486 95.875 0
      vertex -73.8708 95.75 3
      vertex -73.8708 95.75 0
    endloop
  endfacet
  facet normal 0.935826 -0.352463 0
    outer loop
      vertex -74.1306 97.7232 3
      vertex -74.0787 97.861 0
      vertex -74.0787 97.861 3
    endloop
  endfacet
  facet normal 0.935826 -0.352463 0
    outer loop
      vertex -74.0787 97.861 0
      vertex -74.1306 97.7232 3
      vertex -74.1306 97.7232 0
    endloop
  endfacet
  facet normal -0.957019 0.290026 0
    outer loop
      vertex -69.8694 96.2768 0
      vertex -69.8267 96.4177 3
      vertex -69.8267 96.4177 0
    endloop
  endfacet
  facet normal -0.957019 0.290026 0
    outer loop
      vertex -69.8267 96.4177 3
      vertex -69.8694 96.2768 0
      vertex -69.8694 96.2768 3
    endloop
  endfacet
  facet normal -0.730151 0.683286 0
    outer loop
      vertex -70.409 95.409 0
      vertex -70.3084 95.5165 3
      vertex -70.3084 95.5165 0
    endloop
  endfacet
  facet normal -0.730151 0.683286 0
    outer loop
      vertex -70.3084 95.5165 3
      vertex -70.409 95.409 0
      vertex -70.409 95.409 3
    endloop
  endfacet
  facet normal 0.0978221 -0.995204 0
    outer loop
      vertex -72.2937 99.2308 0
      vertex -72.1472 99.2452 3
      vertex -72.2937 99.2308 3
    endloop
  endfacet
  facet normal 0.0978221 -0.995204 0
    outer loop
      vertex -72.1472 99.2452 3
      vertex -72.2937 99.2308 0
      vertex -72.1472 99.2452 0
    endloop
  endfacet
  facet normal 0.812769 -0.582586 0
    outer loop
      vertex -73.8708 98.25 3
      vertex -73.785 98.3697 0
      vertex -73.785 98.3697 3
    endloop
  endfacet
  facet normal 0.812769 -0.582586 0
    outer loop
      vertex -73.785 98.3697 0
      vertex -73.8708 98.25 3
      vertex -73.8708 98.25 0
    endloop
  endfacet
  facet normal -0.911017 0.412369 0
    outer loop
      vertex -69.982 96.0049 0
      vertex -69.9213 96.139 3
      vertex -69.9213 96.139 0
    endloop
  endfacet
  facet normal -0.911017 0.412369 0
    outer loop
      vertex -69.9213 96.139 3
      vertex -69.982 96.0049 0
      vertex -69.982 96.0049 3
    endloop
  endfacet
  facet normal -0.290026 0.957019 0
    outer loop
      vertex -71.2768 94.8694 0
      vertex -71.4177 94.8267 3
      vertex -71.2768 94.8694 3
    endloop
  endfacet
  facet normal -0.290026 0.957019 0
    outer loop
      vertex -71.4177 94.8267 3
      vertex -71.2768 94.8694 0
      vertex -71.4177 94.8267 0
    endloop
  endfacet
  facet normal 0.163077 -0.986613 0
    outer loop
      vertex -72.4389 99.2068 0
      vertex -72.2937 99.2308 3
      vertex -72.4389 99.2068 3
    endloop
  endfacet
  facet normal 0.163077 -0.986613 0
    outer loop
      vertex -72.2937 99.2308 3
      vertex -72.4389 99.2068 0
      vertex -72.2937 99.2308 0
    endloop
  endfacet
  facet normal 0.957019 0.290026 0
    outer loop
      vertex -74.1306 96.2768 3
      vertex -74.1733 96.4177 0
      vertex -74.1733 96.4177 3
    endloop
  endfacet
  facet normal 0.957019 0.290026 0
    outer loop
      vertex -74.1733 96.4177 0
      vertex -74.1306 96.2768 3
      vertex -74.1306 96.2768 0
    endloop
  endfacet
  facet normal 0.730151 0.683286 0
    outer loop
      vertex -73.591 95.409 3
      vertex -73.6916 95.5165 0
      vertex -73.6916 95.5165 3
    endloop
  endfacet
  facet normal 0.730151 0.683286 0
    outer loop
      vertex -73.6916 95.5165 0
      vertex -73.591 95.409 3
      vertex -73.591 95.409 0
    endloop
  endfacet
  facet normal 0.995204 -0.0978221 0
    outer loop
      vertex -74.2452 97.1472 3
      vertex -74.2308 97.2937 0
      vertex -74.2308 97.2937 3
    endloop
  endfacet
  facet normal 0.995204 -0.0978221 0
    outer loop
      vertex -74.2308 97.2937 0
      vertex -74.2452 97.1472 3
      vertex -74.2452 97.1472 0
    endloop
  endfacet
  facet normal -0.582586 0.812769 0
    outer loop
      vertex -70.6303 95.215 0
      vertex -70.75 95.1292 3
      vertex -70.6303 95.215 3
    endloop
  endfacet
  facet normal -0.582586 0.812769 0
    outer loop
      vertex -70.75 95.1292 3
      vertex -70.6303 95.215 0
      vertex -70.75 95.1292 0
    endloop
  endfacet
  facet normal 0.227487 -0.973781 0
    outer loop
      vertex -72.5823 99.1733 0
      vertex -72.4389 99.2068 3
      vertex -72.5823 99.1733 3
    endloop
  endfacet
  facet normal 0.227487 -0.973781 0
    outer loop
      vertex -72.4389 99.2068 3
      vertex -72.5823 99.1733 0
      vertex -72.4389 99.2068 0
    endloop
  endfacet
  facet normal 0.0325914 0.999469 -0
    outer loop
      vertex -72 94.75 0
      vertex -72.1472 94.7548 3
      vertex -72 94.75 3
    endloop
  endfacet
  facet normal 0.0325914 0.999469 0
    outer loop
      vertex -72.1472 94.7548 3
      vertex -72 94.75 0
      vertex -72.1472 94.7548 0
    endloop
  endfacet
  facet normal 0.352463 0.935826 -0
    outer loop
      vertex -72.7232 94.8694 0
      vertex -72.861 94.9213 3
      vertex -72.7232 94.8694 3
    endloop
  endfacet
  facet normal 0.352463 0.935826 0
    outer loop
      vertex -72.861 94.9213 3
      vertex -72.7232 94.8694 0
      vertex -72.861 94.9213 0
    endloop
  endfacet
  facet normal 0.634421 0.772988 -0
    outer loop
      vertex -73.3697 95.215 0
      vertex -73.4835 95.3084 3
      vertex -73.3697 95.215 3
    endloop
  endfacet
  facet normal 0.634421 0.772988 0
    outer loop
      vertex -73.4835 95.3084 3
      vertex -73.3697 95.215 0
      vertex -73.4835 95.3084 0
    endloop
  endfacet
  facet normal 0.0978221 0.995204 -0
    outer loop
      vertex -72.1472 94.7548 0
      vertex -72.2937 94.7692 3
      vertex -72.1472 94.7548 3
    endloop
  endfacet
  facet normal 0.0978221 0.995204 0
    outer loop
      vertex -72.2937 94.7692 3
      vertex -72.1472 94.7548 0
      vertex -72.2937 94.7692 0
    endloop
  endfacet
  facet normal 0.471222 -0.882014 0
    outer loop
      vertex -73.125 98.9486 0
      vertex -72.9951 99.018 3
      vertex -73.125 98.9486 3
    endloop
  endfacet
  facet normal 0.471222 -0.882014 0
    outer loop
      vertex -72.9951 99.018 3
      vertex -73.125 98.9486 0
      vertex -72.9951 99.018 0
    endloop
  endfacet
  facet normal -0.163077 -0.986613 0
    outer loop
      vertex -71.7063 99.2308 0
      vertex -71.5611 99.2068 3
      vertex -71.7063 99.2308 3
    endloop
  endfacet
  facet normal -0.163077 -0.986613 -0
    outer loop
      vertex -71.5611 99.2068 3
      vertex -71.7063 99.2308 0
      vertex -71.5611 99.2068 0
    endloop
  endfacet
  facet normal -0.0978221 -0.995204 0
    outer loop
      vertex -71.8528 99.2452 0
      vertex -71.7063 99.2308 3
      vertex -71.8528 99.2452 3
    endloop
  endfacet
  facet normal -0.0978221 -0.995204 -0
    outer loop
      vertex -71.7063 99.2308 3
      vertex -71.8528 99.2452 0
      vertex -71.7063 99.2308 0
    endloop
  endfacet
  facet normal 0.163077 0.986613 -0
    outer loop
      vertex -72.2937 94.7692 0
      vertex -72.4389 94.7932 3
      vertex -72.2937 94.7692 3
    endloop
  endfacet
  facet normal 0.163077 0.986613 0
    outer loop
      vertex -72.4389 94.7932 3
      vertex -72.2937 94.7692 0
      vertex -72.4389 94.7932 0
    endloop
  endfacet
  facet normal 0.911017 -0.412369 0
    outer loop
      vertex -74.0787 97.861 3
      vertex -74.018 97.9951 0
      vertex -74.018 97.9951 3
    endloop
  endfacet
  facet normal 0.911017 -0.412369 0
    outer loop
      vertex -74.018 97.9951 0
      vertex -74.0787 97.861 3
      vertex -74.0787 97.861 0
    endloop
  endfacet
  facet normal 0.683286 0.730151 -0
    outer loop
      vertex -73.4835 95.3084 0
      vertex -73.591 95.409 3
      vertex -73.4835 95.3084 3
    endloop
  endfacet
  facet normal 0.683286 0.730151 0
    outer loop
      vertex -73.591 95.409 3
      vertex -73.4835 95.3084 0
      vertex -73.591 95.409 0
    endloop
  endfacet
  facet normal 0.848989 -0.528411 0
    outer loop
      vertex -73.9486 98.125 3
      vertex -73.8708 98.25 0
      vertex -73.8708 98.25 3
    endloop
  endfacet
  facet normal 0.848989 -0.528411 0
    outer loop
      vertex -73.8708 98.25 0
      vertex -73.9486 98.125 3
      vertex -73.9486 98.125 0
    endloop
  endfacet
  facet normal 0.772988 -0.634421 0
    outer loop
      vertex -73.785 98.3697 3
      vertex -73.6916 98.4835 0
      vertex -73.6916 98.4835 3
    endloop
  endfacet
  facet normal 0.772988 -0.634421 0
    outer loop
      vertex -73.6916 98.4835 0
      vertex -73.785 98.3697 3
      vertex -73.785 98.3697 0
    endloop
  endfacet
  facet normal 0.882014 0.471222 0
    outer loop
      vertex -73.9486 95.875 3
      vertex -74.018 96.0049 0
      vertex -74.018 96.0049 3
    endloop
  endfacet
  facet normal 0.882014 0.471222 0
    outer loop
      vertex -74.018 96.0049 0
      vertex -73.9486 95.875 3
      vertex -73.9486 95.875 0
    endloop
  endfacet
  facet normal 0.911017 0.412369 0
    outer loop
      vertex -74.018 96.0049 3
      vertex -74.0787 96.139 0
      vertex -74.0787 96.139 3
    endloop
  endfacet
  facet normal 0.911017 0.412369 0
    outer loop
      vertex -74.0787 96.139 0
      vertex -74.018 96.0049 3
      vertex -74.018 96.0049 0
    endloop
  endfacet
  facet normal -0.882014 -0.471222 0
    outer loop
      vertex 74.018 -96.0049 0
      vertex 73.9486 -95.875 3
      vertex 73.9486 -95.875 0
    endloop
  endfacet
  facet normal -0.882014 -0.471222 0
    outer loop
      vertex 73.9486 -95.875 3
      vertex 74.018 -96.0049 0
      vertex 74.018 -96.0049 3
    endloop
  endfacet
  facet normal -0.995204 -0.0978221 0
    outer loop
      vertex 74.2452 -96.8528 0
      vertex 74.2308 -96.7063 3
      vertex 74.2308 -96.7063 0
    endloop
  endfacet
  facet normal -0.995204 -0.0978221 0
    outer loop
      vertex 74.2308 -96.7063 3
      vertex 74.2452 -96.8528 0
      vertex 74.2452 -96.8528 3
    endloop
  endfacet
  facet normal -0.999469 -0.0325914 0
    outer loop
      vertex 74.25 -97 0
      vertex 74.2452 -96.8528 3
      vertex 74.2452 -96.8528 0
    endloop
  endfacet
  facet normal -0.999469 -0.0325914 0
    outer loop
      vertex 74.2452 -96.8528 3
      vertex 74.25 -97 0
      vertex 74.25 -97 3
    endloop
  endfacet
  facet normal -0.986613 -0.163077 0
    outer loop
      vertex 74.2308 -96.7063 0
      vertex 74.2068 -96.5611 3
      vertex 74.2068 -96.5611 0
    endloop
  endfacet
  facet normal -0.986613 -0.163077 0
    outer loop
      vertex 74.2068 -96.5611 3
      vertex 74.2308 -96.7063 0
      vertex 74.2308 -96.7063 3
    endloop
  endfacet
  facet normal -0.973781 -0.227487 0
    outer loop
      vertex 74.2068 -96.5611 0
      vertex 74.1733 -96.4177 3
      vertex 74.1733 -96.4177 0
    endloop
  endfacet
  facet normal -0.973781 -0.227487 0
    outer loop
      vertex 74.1733 -96.4177 3
      vertex 74.2068 -96.5611 0
      vertex 74.2068 -96.5611 3
    endloop
  endfacet
  facet normal -0.935826 0.352463 0
    outer loop
      vertex 74.0787 -97.861 0
      vertex 74.1306 -97.7232 3
      vertex 74.1306 -97.7232 0
    endloop
  endfacet
  facet normal -0.935826 0.352463 0
    outer loop
      vertex 74.1306 -97.7232 3
      vertex 74.0787 -97.861 0
      vertex 74.0787 -97.861 3
    endloop
  endfacet
  facet normal 0.352463 -0.935826 0
    outer loop
      vertex 71.139 -94.9213 0
      vertex 71.2768 -94.8694 3
      vertex 71.139 -94.9213 3
    endloop
  endfacet
  facet normal 0.352463 -0.935826 0
    outer loop
      vertex 71.2768 -94.8694 3
      vertex 71.139 -94.9213 0
      vertex 71.2768 -94.8694 0
    endloop
  endfacet
  facet normal -0.995204 0.0978221 0
    outer loop
      vertex 74.2308 -97.2937 0
      vertex 74.2452 -97.1472 3
      vertex 74.2452 -97.1472 0
    endloop
  endfacet
  facet normal -0.995204 0.0978221 0
    outer loop
      vertex 74.2452 -97.1472 3
      vertex 74.2308 -97.2937 0
      vertex 74.2308 -97.2937 3
    endloop
  endfacet
  facet normal 0.528411 0.848989 -0
    outer loop
      vertex 70.875 -98.9486 0
      vertex 70.75 -98.8708 3
      vertex 70.875 -98.9486 3
    endloop
  endfacet
  facet normal 0.528411 0.848989 0
    outer loop
      vertex 70.75 -98.8708 3
      vertex 70.875 -98.9486 0
      vertex 70.75 -98.8708 0
    endloop
  endfacet
  facet normal 0.0978221 -0.995204 0
    outer loop
      vertex 71.7063 -94.7692 0
      vertex 71.8528 -94.7548 3
      vertex 71.7063 -94.7692 3
    endloop
  endfacet
  facet normal 0.0978221 -0.995204 0
    outer loop
      vertex 71.8528 -94.7548 3
      vertex 71.7063 -94.7692 0
      vertex 71.8528 -94.7548 0
    endloop
  endfacet
  facet normal -0.957019 -0.290026 0
    outer loop
      vertex 74.1733 -96.4177 0
      vertex 74.1306 -96.2768 3
      vertex 74.1306 -96.2768 0
    endloop
  endfacet
  facet normal -0.957019 -0.290026 0
    outer loop
      vertex 74.1306 -96.2768 3
      vertex 74.1733 -96.4177 0
      vertex 74.1733 -96.4177 3
    endloop
  endfacet
  facet normal -0.935826 -0.352463 0
    outer loop
      vertex 74.1306 -96.2768 0
      vertex 74.0787 -96.139 3
      vertex 74.0787 -96.139 0
    endloop
  endfacet
  facet normal -0.935826 -0.352463 0
    outer loop
      vertex 74.0787 -96.139 3
      vertex 74.1306 -96.2768 0
      vertex 74.1306 -96.2768 3
    endloop
  endfacet
  facet normal -0.772988 0.634421 0
    outer loop
      vertex 73.6916 -98.4835 0
      vertex 73.785 -98.3697 3
      vertex 73.785 -98.3697 0
    endloop
  endfacet
  facet normal -0.772988 0.634421 0
    outer loop
      vertex 73.785 -98.3697 3
      vertex 73.6916 -98.4835 0
      vertex 73.6916 -98.4835 3
    endloop
  endfacet
  facet normal -0.973781 0.227487 0
    outer loop
      vertex 74.1733 -97.5823 0
      vertex 74.2068 -97.4389 3
      vertex 74.2068 -97.4389 0
    endloop
  endfacet
  facet normal -0.973781 0.227487 0
    outer loop
      vertex 74.2068 -97.4389 3
      vertex 74.1733 -97.5823 0
      vertex 74.1733 -97.5823 3
    endloop
  endfacet
  facet normal 0.812769 -0.582586 0
    outer loop
      vertex 70.1292 -95.75 3
      vertex 70.215 -95.6303 0
      vertex 70.215 -95.6303 3
    endloop
  endfacet
  facet normal 0.812769 -0.582586 0
    outer loop
      vertex 70.215 -95.6303 0
      vertex 70.1292 -95.75 3
      vertex 70.1292 -95.75 0
    endloop
  endfacet
  facet normal -0.0978221 0.995204 0
    outer loop
      vertex 72.2937 -99.2308 0
      vertex 72.1472 -99.2452 3
      vertex 72.2937 -99.2308 3
    endloop
  endfacet
  facet normal -0.0978221 0.995204 0
    outer loop
      vertex 72.1472 -99.2452 3
      vertex 72.2937 -99.2308 0
      vertex 72.1472 -99.2452 0
    endloop
  endfacet
  facet normal 0.935826 -0.352463 0
    outer loop
      vertex 69.8694 -96.2768 3
      vertex 69.9213 -96.139 0
      vertex 69.9213 -96.139 3
    endloop
  endfacet
  facet normal 0.935826 -0.352463 0
    outer loop
      vertex 69.9213 -96.139 0
      vertex 69.8694 -96.2768 3
      vertex 69.8694 -96.2768 0
    endloop
  endfacet
  facet normal -0.911017 -0.412369 0
    outer loop
      vertex 74.0787 -96.139 0
      vertex 74.018 -96.0049 3
      vertex 74.018 -96.0049 0
    endloop
  endfacet
  facet normal -0.911017 -0.412369 0
    outer loop
      vertex 74.018 -96.0049 3
      vertex 74.0787 -96.139 0
      vertex 74.0787 -96.139 3
    endloop
  endfacet
  facet normal 0.730151 -0.683286 0
    outer loop
      vertex 70.3084 -95.5165 3
      vertex 70.409 -95.409 0
      vertex 70.409 -95.409 3
    endloop
  endfacet
  facet normal 0.730151 -0.683286 0
    outer loop
      vertex 70.409 -95.409 0
      vertex 70.3084 -95.5165 3
      vertex 70.3084 -95.5165 0
    endloop
  endfacet
  facet normal -0.999469 0.0325914 0
    outer loop
      vertex 74.2452 -97.1472 0
      vertex 74.25 -97 3
      vertex 74.25 -97 0
    endloop
  endfacet
  facet normal -0.999469 0.0325914 0
    outer loop
      vertex 74.25 -97 3
      vertex 74.2452 -97.1472 0
      vertex 74.2452 -97.1472 3
    endloop
  endfacet
  facet normal 0.290026 -0.957019 0
    outer loop
      vertex 71.2768 -94.8694 0
      vertex 71.4177 -94.8267 3
      vertex 71.2768 -94.8694 3
    endloop
  endfacet
  facet normal 0.290026 -0.957019 0
    outer loop
      vertex 71.4177 -94.8267 3
      vertex 71.2768 -94.8694 0
      vertex 71.4177 -94.8267 0
    endloop
  endfacet
  facet normal 0.772988 -0.634421 0
    outer loop
      vertex 70.215 -95.6303 3
      vertex 70.3084 -95.5165 0
      vertex 70.3084 -95.5165 3
    endloop
  endfacet
  facet normal 0.772988 -0.634421 0
    outer loop
      vertex 70.3084 -95.5165 0
      vertex 70.215 -95.6303 3
      vertex 70.215 -95.6303 0
    endloop
  endfacet
  facet normal 0.986613 0.163077 0
    outer loop
      vertex 69.7932 -97.4389 3
      vertex 69.7692 -97.2937 0
      vertex 69.7692 -97.2937 3
    endloop
  endfacet
  facet normal 0.986613 0.163077 0
    outer loop
      vertex 69.7692 -97.2937 0
      vertex 69.7932 -97.4389 3
      vertex 69.7932 -97.4389 0
    endloop
  endfacet
  facet normal 0.999469 0.0325914 0
    outer loop
      vertex 69.7548 -97.1472 3
      vertex 69.75 -97 0
      vertex 69.75 -97 3
    endloop
  endfacet
  facet normal 0.999469 0.0325914 0
    outer loop
      vertex 69.75 -97 0
      vertex 69.7548 -97.1472 3
      vertex 69.7548 -97.1472 0
    endloop
  endfacet
  facet normal -0.957019 0.290026 0
    outer loop
      vertex 74.1306 -97.7232 0
      vertex 74.1733 -97.5823 3
      vertex 74.1733 -97.5823 0
    endloop
  endfacet
  facet normal -0.957019 0.290026 0
    outer loop
      vertex 74.1733 -97.5823 3
      vertex 74.1306 -97.7232 0
      vertex 74.1306 -97.7232 3
    endloop
  endfacet
  facet normal -0.471222 0.882014 0
    outer loop
      vertex 73.125 -98.9486 0
      vertex 72.9951 -99.018 3
      vertex 73.125 -98.9486 3
    endloop
  endfacet
  facet normal -0.471222 0.882014 0
    outer loop
      vertex 72.9951 -99.018 3
      vertex 73.125 -98.9486 0
      vertex 72.9951 -99.018 0
    endloop
  endfacet
  facet normal 0.911017 -0.412369 0
    outer loop
      vertex 69.9213 -96.139 3
      vertex 69.982 -96.0049 0
      vertex 69.982 -96.0049 3
    endloop
  endfacet
  facet normal 0.911017 -0.412369 0
    outer loop
      vertex 69.982 -96.0049 0
      vertex 69.9213 -96.139 3
      vertex 69.9213 -96.139 0
    endloop
  endfacet
  facet normal -0.730151 0.683286 0
    outer loop
      vertex 73.591 -98.591 0
      vertex 73.6916 -98.4835 3
      vertex 73.6916 -98.4835 0
    endloop
  endfacet
  facet normal -0.730151 0.683286 0
    outer loop
      vertex 73.6916 -98.4835 3
      vertex 73.591 -98.591 0
      vertex 73.591 -98.591 3
    endloop
  endfacet
  facet normal -0.163077 0.986613 0
    outer loop
      vertex 72.4389 -99.2068 0
      vertex 72.2937 -99.2308 3
      vertex 72.4389 -99.2068 3
    endloop
  endfacet
  facet normal -0.163077 0.986613 0
    outer loop
      vertex 72.2937 -99.2308 3
      vertex 72.4389 -99.2068 0
      vertex 72.2937 -99.2308 0
    endloop
  endfacet
  facet normal 0.882014 0.471222 0
    outer loop
      vertex 70.0514 -98.125 3
      vertex 69.982 -97.9951 0
      vertex 69.982 -97.9951 3
    endloop
  endfacet
  facet normal 0.882014 0.471222 0
    outer loop
      vertex 69.982 -97.9951 0
      vertex 70.0514 -98.125 3
      vertex 70.0514 -98.125 0
    endloop
  endfacet
  facet normal -0.848989 -0.528411 0
    outer loop
      vertex 73.9486 -95.875 0
      vertex 73.8708 -95.75 3
      vertex 73.8708 -95.75 0
    endloop
  endfacet
  facet normal -0.848989 -0.528411 0
    outer loop
      vertex 73.8708 -95.75 3
      vertex 73.9486 -95.875 0
      vertex 73.9486 -95.875 3
    endloop
  endfacet
  facet normal -0.0325914 0.999469 0
    outer loop
      vertex 72.1472 -99.2452 0
      vertex 72 -99.25 3
      vertex 72.1472 -99.2452 3
    endloop
  endfacet
  facet normal -0.0325914 0.999469 0
    outer loop
      vertex 72 -99.25 3
      vertex 72.1472 -99.2452 0
      vertex 72 -99.25 0
    endloop
  endfacet
  facet normal 0.995204 0.0978221 0
    outer loop
      vertex 69.7692 -97.2937 3
      vertex 69.7548 -97.1472 0
      vertex 69.7548 -97.1472 3
    endloop
  endfacet
  facet normal 0.995204 0.0978221 0
    outer loop
      vertex 69.7548 -97.1472 0
      vertex 69.7692 -97.2937 3
      vertex 69.7692 -97.2937 0
    endloop
  endfacet
  facet normal -0.634421 0.772988 0
    outer loop
      vertex 73.4835 -98.6916 0
      vertex 73.3697 -98.785 3
      vertex 73.4835 -98.6916 3
    endloop
  endfacet
  facet normal -0.634421 0.772988 0
    outer loop
      vertex 73.3697 -98.785 3
      vertex 73.4835 -98.6916 0
      vertex 73.3697 -98.785 0
    endloop
  endfacet
  facet normal 0.0978221 0.995204 -0
    outer loop
      vertex 71.8528 -99.2452 0
      vertex 71.7063 -99.2308 3
      vertex 71.8528 -99.2452 3
    endloop
  endfacet
  facet normal 0.0978221 0.995204 0
    outer loop
      vertex 71.7063 -99.2308 3
      vertex 71.8528 -99.2452 0
      vertex 71.7063 -99.2308 0
    endloop
  endfacet
  facet normal 0.634421 0.772988 -0
    outer loop
      vertex 70.6303 -98.785 0
      vertex 70.5165 -98.6916 3
      vertex 70.6303 -98.785 3
    endloop
  endfacet
  facet normal 0.634421 0.772988 0
    outer loop
      vertex 70.5165 -98.6916 3
      vertex 70.6303 -98.785 0
      vertex 70.5165 -98.6916 0
    endloop
  endfacet
  facet normal -0.528411 -0.848989 0
    outer loop
      vertex 73.125 -95.0514 0
      vertex 73.25 -95.1292 3
      vertex 73.125 -95.0514 3
    endloop
  endfacet
  facet normal -0.528411 -0.848989 -0
    outer loop
      vertex 73.25 -95.1292 3
      vertex 73.125 -95.0514 0
      vertex 73.25 -95.1292 0
    endloop
  endfacet
  facet normal -0.683286 -0.730151 0
    outer loop
      vertex 73.4835 -95.3084 0
      vertex 73.591 -95.409 3
      vertex 73.4835 -95.3084 3
    endloop
  endfacet
  facet normal -0.683286 -0.730151 -0
    outer loop
      vertex 73.591 -95.409 3
      vertex 73.4835 -95.3084 0
      vertex 73.591 -95.409 0
    endloop
  endfacet
  facet normal 0.957019 0.290026 0
    outer loop
      vertex 69.8694 -97.7232 3
      vertex 69.8267 -97.5823 0
      vertex 69.8267 -97.5823 3
    endloop
  endfacet
  facet normal 0.957019 0.290026 0
    outer loop
      vertex 69.8267 -97.5823 0
      vertex 69.8694 -97.7232 3
      vertex 69.8694 -97.7232 0
    endloop
  endfacet
  facet normal 0.683286 0.730151 -0
    outer loop
      vertex 70.5165 -98.6916 0
      vertex 70.409 -98.591 3
      vertex 70.5165 -98.6916 3
    endloop
  endfacet
  facet normal 0.683286 0.730151 0
    outer loop
      vertex 70.409 -98.591 3
      vertex 70.5165 -98.6916 0
      vertex 70.409 -98.591 0
    endloop
  endfacet
  facet normal -0.0978221 -0.995204 0
    outer loop
      vertex 72.1472 -94.7548 0
      vertex 72.2937 -94.7692 3
      vertex 72.1472 -94.7548 3
    endloop
  endfacet
  facet normal -0.0978221 -0.995204 -0
    outer loop
      vertex 72.2937 -94.7692 3
      vertex 72.1472 -94.7548 0
      vertex 72.2937 -94.7692 0
    endloop
  endfacet
  facet normal -0.634421 -0.772988 0
    outer loop
      vertex 73.3697 -95.215 0
      vertex 73.4835 -95.3084 3
      vertex 73.3697 -95.215 3
    endloop
  endfacet
  facet normal -0.634421 -0.772988 -0
    outer loop
      vertex 73.4835 -95.3084 3
      vertex 73.3697 -95.215 0
      vertex 73.4835 -95.3084 0
    endloop
  endfacet
  facet normal 0.957019 -0.290026 0
    outer loop
      vertex 69.8267 -96.4177 3
      vertex 69.8694 -96.2768 0
      vertex 69.8694 -96.2768 3
    endloop
  endfacet
  facet normal 0.957019 -0.290026 0
    outer loop
      vertex 69.8694 -96.2768 0
      vertex 69.8267 -96.4177 3
      vertex 69.8267 -96.4177 0
    endloop
  endfacet
  facet normal -0.412369 0.911017 0
    outer loop
      vertex 72.9951 -99.018 0
      vertex 72.861 -99.0787 3
      vertex 72.9951 -99.018 3
    endloop
  endfacet
  facet normal -0.412369 0.911017 0
    outer loop
      vertex 72.861 -99.0787 3
      vertex 72.9951 -99.018 0
      vertex 72.861 -99.0787 0
    endloop
  endfacet
  facet normal -0.352463 -0.935826 0
    outer loop
      vertex 72.7232 -94.8694 0
      vertex 72.861 -94.9213 3
      vertex 72.7232 -94.8694 3
    endloop
  endfacet
  facet normal -0.352463 -0.935826 -0
    outer loop
      vertex 72.861 -94.9213 3
      vertex 72.7232 -94.8694 0
      vertex 72.861 -94.9213 0
    endloop
  endfacet
  facet normal 0.0325914 -0.999469 0
    outer loop
      vertex 71.8528 -94.7548 0
      vertex 72 -94.75 3
      vertex 71.8528 -94.7548 3
    endloop
  endfacet
  facet normal 0.0325914 -0.999469 0
    outer loop
      vertex 72 -94.75 3
      vertex 71.8528 -94.7548 0
      vertex 72 -94.75 0
    endloop
  endfacet
  facet normal 0.995204 -0.0978221 0
    outer loop
      vertex 69.7548 -96.8528 3
      vertex 69.7692 -96.7063 0
      vertex 69.7692 -96.7063 3
    endloop
  endfacet
  facet normal 0.995204 -0.0978221 0
    outer loop
      vertex 69.7692 -96.7063 0
      vertex 69.7548 -96.8528 3
      vertex 69.7548 -96.8528 0
    endloop
  endfacet
  facet normal 0.412369 -0.911017 0
    outer loop
      vertex 71.0049 -94.982 0
      vertex 71.139 -94.9213 3
      vertex 71.0049 -94.982 3
    endloop
  endfacet
  facet normal 0.412369 -0.911017 0
    outer loop
      vertex 71.139 -94.9213 3
      vertex 71.0049 -94.982 0
      vertex 71.139 -94.9213 0
    endloop
  endfacet
  facet normal -0.911017 0.412369 0
    outer loop
      vertex 74.018 -97.9951 0
      vertex 74.0787 -97.861 3
      vertex 74.0787 -97.861 0
    endloop
  endfacet
  facet normal -0.911017 0.412369 0
    outer loop
      vertex 74.0787 -97.861 3
      vertex 74.018 -97.9951 0
      vertex 74.018 -97.9951 3
    endloop
  endfacet
  facet normal 0.0325914 0.999469 -0
    outer loop
      vertex 72 -99.25 0
      vertex 71.8528 -99.2452 3
      vertex 72 -99.25 3
    endloop
  endfacet
  facet normal 0.0325914 0.999469 0
    outer loop
      vertex 71.8528 -99.2452 3
      vertex 72 -99.25 0
      vertex 71.8528 -99.2452 0
    endloop
  endfacet
  facet normal 0.227487 -0.973781 0
    outer loop
      vertex 71.4177 -94.8267 0
      vertex 71.5611 -94.7932 3
      vertex 71.4177 -94.8267 3
    endloop
  endfacet
  facet normal 0.227487 -0.973781 0
    outer loop
      vertex 71.5611 -94.7932 3
      vertex 71.4177 -94.8267 0
      vertex 71.5611 -94.7932 0
    endloop
  endfacet
  facet normal -0.882014 0.471222 0
    outer loop
      vertex 73.9486 -98.125 0
      vertex 74.018 -97.9951 3
      vertex 74.018 -97.9951 0
    endloop
  endfacet
  facet normal -0.882014 0.471222 0
    outer loop
      vertex 74.018 -97.9951 3
      vertex 73.9486 -98.125 0
      vertex 73.9486 -98.125 3
    endloop
  endfacet
  facet normal 0.772988 0.634421 0
    outer loop
      vertex 70.3084 -98.4835 3
      vertex 70.215 -98.3697 0
      vertex 70.215 -98.3697 3
    endloop
  endfacet
  facet normal 0.772988 0.634421 0
    outer loop
      vertex 70.215 -98.3697 0
      vertex 70.3084 -98.4835 3
      vertex 70.3084 -98.4835 0
    endloop
  endfacet
  facet normal -0.471222 -0.882014 0
    outer loop
      vertex 72.9951 -94.982 0
      vertex 73.125 -95.0514 3
      vertex 72.9951 -94.982 3
    endloop
  endfacet
  facet normal -0.471222 -0.882014 -0
    outer loop
      vertex 73.125 -95.0514 3
      vertex 72.9951 -94.982 0
      vertex 73.125 -95.0514 0
    endloop
  endfacet
  facet normal -0.227487 0.973781 0
    outer loop
      vertex 72.5823 -99.1733 0
      vertex 72.4389 -99.2068 3
      vertex 72.5823 -99.1733 3
    endloop
  endfacet
  facet normal -0.227487 0.973781 0
    outer loop
      vertex 72.4389 -99.2068 3
      vertex 72.5823 -99.1733 0
      vertex 72.4389 -99.2068 0
    endloop
  endfacet
  facet normal 0.882014 -0.471222 0
    outer loop
      vertex 69.982 -96.0049 3
      vertex 70.0514 -95.875 0
      vertex 70.0514 -95.875 3
    endloop
  endfacet
  facet normal 0.882014 -0.471222 0
    outer loop
      vertex 70.0514 -95.875 0
      vertex 69.982 -96.0049 3
      vertex 69.982 -96.0049 0
    endloop
  endfacet
  facet normal -0.352463 0.935826 0
    outer loop
      vertex 72.861 -99.0787 0
      vertex 72.7232 -99.1306 3
      vertex 72.861 -99.0787 3
    endloop
  endfacet
  facet normal -0.352463 0.935826 0
    outer loop
      vertex 72.7232 -99.1306 3
      vertex 72.861 -99.0787 0
      vertex 72.7232 -99.1306 0
    endloop
  endfacet
  facet normal -0.683286 0.730151 0
    outer loop
      vertex 73.591 -98.591 0
      vertex 73.4835 -98.6916 3
      vertex 73.591 -98.591 3
    endloop
  endfacet
  facet normal -0.683286 0.730151 0
    outer loop
      vertex 73.4835 -98.6916 3
      vertex 73.591 -98.591 0
      vertex 73.4835 -98.6916 0
    endloop
  endfacet
  facet normal -0.227487 -0.973781 0
    outer loop
      vertex 72.4389 -94.7932 0
      vertex 72.5823 -94.8267 3
      vertex 72.4389 -94.7932 3
    endloop
  endfacet
  facet normal -0.227487 -0.973781 -0
    outer loop
      vertex 72.5823 -94.8267 3
      vertex 72.4389 -94.7932 0
      vertex 72.5823 -94.8267 0
    endloop
  endfacet
  facet normal 0.471222 -0.882014 0
    outer loop
      vertex 70.875 -95.0514 0
      vertex 71.0049 -94.982 3
      vertex 70.875 -95.0514 3
    endloop
  endfacet
  facet normal 0.471222 -0.882014 0
    outer loop
      vertex 71.0049 -94.982 3
      vertex 70.875 -95.0514 0
      vertex 71.0049 -94.982 0
    endloop
  endfacet
  facet normal 0.911017 0.412369 0
    outer loop
      vertex 69.982 -97.9951 3
      vertex 69.9213 -97.861 0
      vertex 69.9213 -97.861 3
    endloop
  endfacet
  facet normal 0.911017 0.412369 0
    outer loop
      vertex 69.9213 -97.861 0
      vertex 69.982 -97.9951 3
      vertex 69.982 -97.9951 0
    endloop
  endfacet
  facet normal -0.528411 0.848989 0
    outer loop
      vertex 73.25 -98.8708 0
      vertex 73.125 -98.9486 3
      vertex 73.25 -98.8708 3
    endloop
  endfacet
  facet normal -0.528411 0.848989 0
    outer loop
      vertex 73.125 -98.9486 3
      vertex 73.25 -98.8708 0
      vertex 73.125 -98.9486 0
    endloop
  endfacet
  facet normal -0.812769 0.582586 0
    outer loop
      vertex 73.785 -98.3697 0
      vertex 73.8708 -98.25 3
      vertex 73.8708 -98.25 0
    endloop
  endfacet
  facet normal -0.812769 0.582586 0
    outer loop
      vertex 73.8708 -98.25 3
      vertex 73.785 -98.3697 0
      vertex 73.785 -98.3697 3
    endloop
  endfacet
  facet normal 0.582586 0.812769 -0
    outer loop
      vertex 70.75 -98.8708 0
      vertex 70.6303 -98.785 3
      vertex 70.75 -98.8708 3
    endloop
  endfacet
  facet normal 0.582586 0.812769 0
    outer loop
      vertex 70.6303 -98.785 3
      vertex 70.75 -98.8708 0
      vertex 70.6303 -98.785 0
    endloop
  endfacet
  facet normal 0.290026 0.957019 -0
    outer loop
      vertex 71.4177 -99.1733 0
      vertex 71.2768 -99.1306 3
      vertex 71.4177 -99.1733 3
    endloop
  endfacet
  facet normal 0.290026 0.957019 0
    outer loop
      vertex 71.2768 -99.1306 3
      vertex 71.4177 -99.1733 0
      vertex 71.2768 -99.1306 0
    endloop
  endfacet
  facet normal 0.163077 0.986613 -0
    outer loop
      vertex 71.7063 -99.2308 0
      vertex 71.5611 -99.2068 3
      vertex 71.7063 -99.2308 3
    endloop
  endfacet
  facet normal 0.163077 0.986613 0
    outer loop
      vertex 71.5611 -99.2068 3
      vertex 71.7063 -99.2308 0
      vertex 71.5611 -99.2068 0
    endloop
  endfacet
  facet normal -0.0325914 -0.999469 0
    outer loop
      vertex 72 -94.75 0
      vertex 72.1472 -94.7548 3
      vertex 72 -94.75 3
    endloop
  endfacet
  facet normal -0.0325914 -0.999469 -0
    outer loop
      vertex 72.1472 -94.7548 3
      vertex 72 -94.75 0
      vertex 72.1472 -94.7548 0
    endloop
  endfacet
  facet normal -0.812769 -0.582586 0
    outer loop
      vertex 73.8708 -95.75 0
      vertex 73.785 -95.6303 3
      vertex 73.785 -95.6303 0
    endloop
  endfacet
  facet normal -0.812769 -0.582586 0
    outer loop
      vertex 73.785 -95.6303 3
      vertex 73.8708 -95.75 0
      vertex 73.8708 -95.75 3
    endloop
  endfacet
  facet normal 0.986613 -0.163077 0
    outer loop
      vertex 69.7692 -96.7063 3
      vertex 69.7932 -96.5611 0
      vertex 69.7932 -96.5611 3
    endloop
  endfacet
  facet normal 0.986613 -0.163077 0
    outer loop
      vertex 69.7932 -96.5611 0
      vertex 69.7692 -96.7063 3
      vertex 69.7692 -96.7063 0
    endloop
  endfacet
  facet normal 0.471222 0.882014 -0
    outer loop
      vertex 71.0049 -99.018 0
      vertex 70.875 -98.9486 3
      vertex 71.0049 -99.018 3
    endloop
  endfacet
  facet normal 0.471222 0.882014 0
    outer loop
      vertex 70.875 -98.9486 3
      vertex 71.0049 -99.018 0
      vertex 70.875 -98.9486 0
    endloop
  endfacet
  facet normal 0.812769 0.582586 0
    outer loop
      vertex 70.215 -98.3697 3
      vertex 70.1292 -98.25 0
      vertex 70.1292 -98.25 3
    endloop
  endfacet
  facet normal 0.812769 0.582586 0
    outer loop
      vertex 70.1292 -98.25 0
      vertex 70.215 -98.3697 3
      vertex 70.215 -98.3697 0
    endloop
  endfacet
  facet normal 0.634421 -0.772988 0
    outer loop
      vertex 70.5165 -95.3084 0
      vertex 70.6303 -95.215 3
      vertex 70.5165 -95.3084 3
    endloop
  endfacet
  facet normal 0.634421 -0.772988 0
    outer loop
      vertex 70.6303 -95.215 3
      vertex 70.5165 -95.3084 0
      vertex 70.6303 -95.215 0
    endloop
  endfacet
  facet normal 0.730151 0.683286 0
    outer loop
      vertex 70.409 -98.591 3
      vertex 70.3084 -98.4835 0
      vertex 70.3084 -98.4835 3
    endloop
  endfacet
  facet normal 0.730151 0.683286 0
    outer loop
      vertex 70.3084 -98.4835 0
      vertex 70.409 -98.591 3
      vertex 70.409 -98.591 0
    endloop
  endfacet
  facet normal 0.582586 -0.812769 0
    outer loop
      vertex 70.6303 -95.215 0
      vertex 70.75 -95.1292 3
      vertex 70.6303 -95.215 3
    endloop
  endfacet
  facet normal 0.582586 -0.812769 0
    outer loop
      vertex 70.75 -95.1292 3
      vertex 70.6303 -95.215 0
      vertex 70.75 -95.1292 0
    endloop
  endfacet
  facet normal 0.528411 -0.848989 0
    outer loop
      vertex 70.75 -95.1292 0
      vertex 70.875 -95.0514 3
      vertex 70.75 -95.1292 3
    endloop
  endfacet
  facet normal 0.528411 -0.848989 0
    outer loop
      vertex 70.875 -95.0514 3
      vertex 70.75 -95.1292 0
      vertex 70.875 -95.0514 0
    endloop
  endfacet
  facet normal 0.848989 0.528411 0
    outer loop
      vertex 70.1292 -98.25 3
      vertex 70.0514 -98.125 0
      vertex 70.0514 -98.125 3
    endloop
  endfacet
  facet normal 0.848989 0.528411 0
    outer loop
      vertex 70.0514 -98.125 0
      vertex 70.1292 -98.25 3
      vertex 70.1292 -98.25 0
    endloop
  endfacet
  facet normal -0.163077 -0.986613 0
    outer loop
      vertex 72.2937 -94.7692 0
      vertex 72.4389 -94.7932 3
      vertex 72.2937 -94.7692 3
    endloop
  endfacet
  facet normal -0.163077 -0.986613 -0
    outer loop
      vertex 72.4389 -94.7932 3
      vertex 72.2937 -94.7692 0
      vertex 72.4389 -94.7932 0
    endloop
  endfacet
  facet normal -0.582586 -0.812769 0
    outer loop
      vertex 73.25 -95.1292 0
      vertex 73.3697 -95.215 3
      vertex 73.25 -95.1292 3
    endloop
  endfacet
  facet normal -0.582586 -0.812769 -0
    outer loop
      vertex 73.3697 -95.215 3
      vertex 73.25 -95.1292 0
      vertex 73.3697 -95.215 0
    endloop
  endfacet
  facet normal 0.683286 -0.730151 0
    outer loop
      vertex 70.409 -95.409 0
      vertex 70.5165 -95.3084 3
      vertex 70.409 -95.409 3
    endloop
  endfacet
  facet normal 0.683286 -0.730151 0
    outer loop
      vertex 70.5165 -95.3084 3
      vertex 70.409 -95.409 0
      vertex 70.5165 -95.3084 0
    endloop
  endfacet
  facet normal -0.986613 0.163077 0
    outer loop
      vertex 74.2068 -97.4389 0
      vertex 74.2308 -97.2937 3
      vertex 74.2308 -97.2937 0
    endloop
  endfacet
  facet normal -0.986613 0.163077 0
    outer loop
      vertex 74.2308 -97.2937 3
      vertex 74.2068 -97.4389 0
      vertex 74.2068 -97.4389 3
    endloop
  endfacet
  facet normal -0.582586 0.812769 0
    outer loop
      vertex 73.3697 -98.785 0
      vertex 73.25 -98.8708 3
      vertex 73.3697 -98.785 3
    endloop
  endfacet
  facet normal -0.582586 0.812769 0
    outer loop
      vertex 73.25 -98.8708 3
      vertex 73.3697 -98.785 0
      vertex 73.25 -98.8708 0
    endloop
  endfacet
  facet normal 0.352463 0.935826 -0
    outer loop
      vertex 71.2768 -99.1306 0
      vertex 71.139 -99.0787 3
      vertex 71.2768 -99.1306 3
    endloop
  endfacet
  facet normal 0.352463 0.935826 0
    outer loop
      vertex 71.139 -99.0787 3
      vertex 71.2768 -99.1306 0
      vertex 71.139 -99.0787 0
    endloop
  endfacet
  facet normal 0.163077 -0.986613 0
    outer loop
      vertex 71.5611 -94.7932 0
      vertex 71.7063 -94.7692 3
      vertex 71.5611 -94.7932 3
    endloop
  endfacet
  facet normal 0.163077 -0.986613 0
    outer loop
      vertex 71.7063 -94.7692 3
      vertex 71.5611 -94.7932 0
      vertex 71.7063 -94.7692 0
    endloop
  endfacet
  facet normal 0.227487 0.973781 -0
    outer loop
      vertex 71.5611 -99.2068 0
      vertex 71.4177 -99.1733 3
      vertex 71.5611 -99.2068 3
    endloop
  endfacet
  facet normal 0.227487 0.973781 0
    outer loop
      vertex 71.4177 -99.1733 3
      vertex 71.5611 -99.2068 0
      vertex 71.4177 -99.1733 0
    endloop
  endfacet
  facet normal 0.935826 0.352463 0
    outer loop
      vertex 69.9213 -97.861 3
      vertex 69.8694 -97.7232 0
      vertex 69.8694 -97.7232 3
    endloop
  endfacet
  facet normal 0.935826 0.352463 0
    outer loop
      vertex 69.8694 -97.7232 0
      vertex 69.9213 -97.861 3
      vertex 69.9213 -97.861 0
    endloop
  endfacet
  facet normal -0.730151 -0.683286 0
    outer loop
      vertex 73.6916 -95.5165 0
      vertex 73.591 -95.409 3
      vertex 73.591 -95.409 0
    endloop
  endfacet
  facet normal -0.730151 -0.683286 0
    outer loop
      vertex 73.591 -95.409 3
      vertex 73.6916 -95.5165 0
      vertex 73.6916 -95.5165 3
    endloop
  endfacet
  facet normal 0.973781 -0.227487 0
    outer loop
      vertex 69.7932 -96.5611 3
      vertex 69.8267 -96.4177 0
      vertex 69.8267 -96.4177 3
    endloop
  endfacet
  facet normal 0.973781 -0.227487 0
    outer loop
      vertex 69.8267 -96.4177 0
      vertex 69.7932 -96.5611 3
      vertex 69.7932 -96.5611 0
    endloop
  endfacet
  facet normal -0.412369 -0.911017 0
    outer loop
      vertex 72.861 -94.9213 0
      vertex 72.9951 -94.982 3
      vertex 72.861 -94.9213 3
    endloop
  endfacet
  facet normal -0.412369 -0.911017 -0
    outer loop
      vertex 72.9951 -94.982 3
      vertex 72.861 -94.9213 0
      vertex 72.9951 -94.982 0
    endloop
  endfacet
  facet normal -0.290026 0.957019 0
    outer loop
      vertex 72.7232 -99.1306 0
      vertex 72.5823 -99.1733 3
      vertex 72.7232 -99.1306 3
    endloop
  endfacet
  facet normal -0.290026 0.957019 0
    outer loop
      vertex 72.5823 -99.1733 3
      vertex 72.7232 -99.1306 0
      vertex 72.5823 -99.1733 0
    endloop
  endfacet
  facet normal -0.772988 -0.634421 0
    outer loop
      vertex 73.785 -95.6303 0
      vertex 73.6916 -95.5165 3
      vertex 73.6916 -95.5165 0
    endloop
  endfacet
  facet normal -0.772988 -0.634421 0
    outer loop
      vertex 73.6916 -95.5165 3
      vertex 73.785 -95.6303 0
      vertex 73.785 -95.6303 3
    endloop
  endfacet
  facet normal -0.848989 0.528411 0
    outer loop
      vertex 73.8708 -98.25 0
      vertex 73.9486 -98.125 3
      vertex 73.9486 -98.125 0
    endloop
  endfacet
  facet normal -0.848989 0.528411 0
    outer loop
      vertex 73.9486 -98.125 3
      vertex 73.8708 -98.25 0
      vertex 73.8708 -98.25 3
    endloop
  endfacet
  facet normal 0.412369 0.911017 -0
    outer loop
      vertex 71.139 -99.0787 0
      vertex 71.0049 -99.018 3
      vertex 71.139 -99.0787 3
    endloop
  endfacet
  facet normal 0.412369 0.911017 0
    outer loop
      vertex 71.0049 -99.018 3
      vertex 71.139 -99.0787 0
      vertex 71.0049 -99.018 0
    endloop
  endfacet
  facet normal 0.999469 -0.0325914 0
    outer loop
      vertex 69.75 -97 3
      vertex 69.7548 -96.8528 0
      vertex 69.7548 -96.8528 3
    endloop
  endfacet
  facet normal 0.999469 -0.0325914 0
    outer loop
      vertex 69.7548 -96.8528 0
      vertex 69.75 -97 3
      vertex 69.75 -97 0
    endloop
  endfacet
  facet normal -0.290026 -0.957019 0
    outer loop
      vertex 72.5823 -94.8267 0
      vertex 72.7232 -94.8694 3
      vertex 72.5823 -94.8267 3
    endloop
  endfacet
  facet normal -0.290026 -0.957019 -0
    outer loop
      vertex 72.7232 -94.8694 3
      vertex 72.5823 -94.8267 0
      vertex 72.7232 -94.8694 0
    endloop
  endfacet
  facet normal 0.848989 -0.528411 0
    outer loop
      vertex 70.0514 -95.875 3
      vertex 70.1292 -95.75 0
      vertex 70.1292 -95.75 3
    endloop
  endfacet
  facet normal 0.848989 -0.528411 0
    outer loop
      vertex 70.1292 -95.75 0
      vertex 70.0514 -95.875 3
      vertex 70.0514 -95.875 0
    endloop
  endfacet
  facet normal 0.973781 0.227487 0
    outer loop
      vertex 69.8267 -97.5823 3
      vertex 69.7932 -97.4389 0
      vertex 69.7932 -97.4389 3
    endloop
  endfacet
  facet normal 0.973781 0.227487 0
    outer loop
      vertex 69.7932 -97.4389 0
      vertex 69.8267 -97.5823 3
      vertex 69.8267 -97.5823 0
    endloop
  endfacet
  facet normal -0.995204 -0.0978221 0
    outer loop
      vertex 74.2452 97.1472 0
      vertex 74.2308 97.2937 3
      vertex 74.2308 97.2937 0
    endloop
  endfacet
  facet normal -0.995204 -0.0978221 0
    outer loop
      vertex 74.2308 97.2937 3
      vertex 74.2452 97.1472 0
      vertex 74.2452 97.1472 3
    endloop
  endfacet
  facet normal -0.999469 -0.0325914 0
    outer loop
      vertex 74.25 97 0
      vertex 74.2452 97.1472 3
      vertex 74.2452 97.1472 0
    endloop
  endfacet
  facet normal -0.999469 -0.0325914 0
    outer loop
      vertex 74.2452 97.1472 3
      vertex 74.25 97 0
      vertex 74.25 97 3
    endloop
  endfacet
  facet normal -0.986613 -0.163077 0
    outer loop
      vertex 74.2308 97.2937 0
      vertex 74.2068 97.4389 3
      vertex 74.2068 97.4389 0
    endloop
  endfacet
  facet normal -0.986613 -0.163077 0
    outer loop
      vertex 74.2068 97.4389 3
      vertex 74.2308 97.2937 0
      vertex 74.2308 97.2937 3
    endloop
  endfacet
  facet normal -0.163077 0.986613 0
    outer loop
      vertex 72.4389 94.7932 0
      vertex 72.2937 94.7692 3
      vertex 72.4389 94.7932 3
    endloop
  endfacet
  facet normal -0.163077 0.986613 0
    outer loop
      vertex 72.2937 94.7692 3
      vertex 72.4389 94.7932 0
      vertex 72.2937 94.7692 0
    endloop
  endfacet
  facet normal -0.163077 -0.986613 0
    outer loop
      vertex 72.2937 99.2308 0
      vertex 72.4389 99.2068 3
      vertex 72.2937 99.2308 3
    endloop
  endfacet
  facet normal -0.163077 -0.986613 -0
    outer loop
      vertex 72.4389 99.2068 3
      vertex 72.2937 99.2308 0
      vertex 72.4389 99.2068 0
    endloop
  endfacet
  facet normal -0.882014 0.471222 0
    outer loop
      vertex 73.9486 95.875 0
      vertex 74.018 96.0049 3
      vertex 74.018 96.0049 0
    endloop
  endfacet
  facet normal -0.882014 0.471222 0
    outer loop
      vertex 74.018 96.0049 3
      vertex 73.9486 95.875 0
      vertex 73.9486 95.875 3
    endloop
  endfacet
  facet normal -0.290026 0.957019 0
    outer loop
      vertex 72.7232 94.8694 0
      vertex 72.5823 94.8267 3
      vertex 72.7232 94.8694 3
    endloop
  endfacet
  facet normal -0.290026 0.957019 0
    outer loop
      vertex 72.5823 94.8267 3
      vertex 72.7232 94.8694 0
      vertex 72.5823 94.8267 0
    endloop
  endfacet
  facet normal -0.973781 -0.227487 0
    outer loop
      vertex 74.2068 97.4389 0
      vertex 74.1733 97.5823 3
      vertex 74.1733 97.5823 0
    endloop
  endfacet
  facet normal -0.973781 -0.227487 0
    outer loop
      vertex 74.1733 97.5823 3
      vertex 74.2068 97.4389 0
      vertex 74.2068 97.4389 3
    endloop
  endfacet
  facet normal 0.412369 0.911017 -0
    outer loop
      vertex 71.139 94.9213 0
      vertex 71.0049 94.982 3
      vertex 71.139 94.9213 3
    endloop
  endfacet
  facet normal 0.412369 0.911017 0
    outer loop
      vertex 71.0049 94.982 3
      vertex 71.139 94.9213 0
      vertex 71.0049 94.982 0
    endloop
  endfacet
  facet normal -0.0325914 0.999469 0
    outer loop
      vertex 72.1472 94.7548 0
      vertex 72 94.75 3
      vertex 72.1472 94.7548 3
    endloop
  endfacet
  facet normal -0.0325914 0.999469 0
    outer loop
      vertex 72 94.75 3
      vertex 72.1472 94.7548 0
      vertex 72 94.75 0
    endloop
  endfacet
  facet normal 0.471222 -0.882014 0
    outer loop
      vertex 70.875 98.9486 0
      vertex 71.0049 99.018 3
      vertex 70.875 98.9486 3
    endloop
  endfacet
  facet normal 0.471222 -0.882014 0
    outer loop
      vertex 71.0049 99.018 3
      vertex 70.875 98.9486 0
      vertex 71.0049 99.018 0
    endloop
  endfacet
  facet normal -0.528411 -0.848989 0
    outer loop
      vertex 73.125 98.9486 0
      vertex 73.25 98.8708 3
      vertex 73.125 98.9486 3
    endloop
  endfacet
  facet normal -0.528411 -0.848989 -0
    outer loop
      vertex 73.25 98.8708 3
      vertex 73.125 98.9486 0
      vertex 73.25 98.8708 0
    endloop
  endfacet
  facet normal 0.848989 -0.528411 0
    outer loop
      vertex 70.0514 98.125 3
      vertex 70.1292 98.25 0
      vertex 70.1292 98.25 3
    endloop
  endfacet
  facet normal 0.848989 -0.528411 0
    outer loop
      vertex 70.1292 98.25 0
      vertex 70.0514 98.125 3
      vertex 70.0514 98.125 0
    endloop
  endfacet
  facet normal -0.352463 -0.935826 0
    outer loop
      vertex 72.7232 99.1306 0
      vertex 72.861 99.0787 3
      vertex 72.7232 99.1306 3
    endloop
  endfacet
  facet normal -0.352463 -0.935826 -0
    outer loop
      vertex 72.861 99.0787 3
      vertex 72.7232 99.1306 0
      vertex 72.861 99.0787 0
    endloop
  endfacet
  facet normal -0.634421 0.772988 0
    outer loop
      vertex 73.4835 95.3084 0
      vertex 73.3697 95.215 3
      vertex 73.4835 95.3084 3
    endloop
  endfacet
  facet normal -0.634421 0.772988 0
    outer loop
      vertex 73.3697 95.215 3
      vertex 73.4835 95.3084 0
      vertex 73.3697 95.215 0
    endloop
  endfacet
  facet normal 0.0978221 0.995204 -0
    outer loop
      vertex 71.8528 94.7548 0
      vertex 71.7063 94.7692 3
      vertex 71.8528 94.7548 3
    endloop
  endfacet
  facet normal 0.0978221 0.995204 0
    outer loop
      vertex 71.7063 94.7692 3
      vertex 71.8528 94.7548 0
      vertex 71.7063 94.7692 0
    endloop
  endfacet
  facet normal -0.683286 -0.730151 0
    outer loop
      vertex 73.4835 98.6916 0
      vertex 73.591 98.591 3
      vertex 73.4835 98.6916 3
    endloop
  endfacet
  facet normal -0.683286 -0.730151 -0
    outer loop
      vertex 73.591 98.591 3
      vertex 73.4835 98.6916 0
      vertex 73.591 98.591 0
    endloop
  endfacet
  facet normal 0.772988 0.634421 0
    outer loop
      vertex 70.3084 95.5165 3
      vertex 70.215 95.6303 0
      vertex 70.215 95.6303 3
    endloop
  endfacet
  facet normal 0.772988 0.634421 0
    outer loop
      vertex 70.215 95.6303 0
      vertex 70.3084 95.5165 3
      vertex 70.3084 95.5165 0
    endloop
  endfacet
  facet normal -0.471222 -0.882014 0
    outer loop
      vertex 72.9951 99.018 0
      vertex 73.125 98.9486 3
      vertex 72.9951 99.018 3
    endloop
  endfacet
  facet normal -0.471222 -0.882014 -0
    outer loop
      vertex 73.125 98.9486 3
      vertex 72.9951 99.018 0
      vertex 73.125 98.9486 0
    endloop
  endfacet
  facet normal 0.582586 -0.812769 0
    outer loop
      vertex 70.6303 98.785 0
      vertex 70.75 98.8708 3
      vertex 70.6303 98.785 3
    endloop
  endfacet
  facet normal 0.582586 -0.812769 0
    outer loop
      vertex 70.75 98.8708 3
      vertex 70.6303 98.785 0
      vertex 70.75 98.8708 0
    endloop
  endfacet
  facet normal -0.973781 0.227487 0
    outer loop
      vertex 74.1733 96.4177 0
      vertex 74.2068 96.5611 3
      vertex 74.2068 96.5611 0
    endloop
  endfacet
  facet normal -0.973781 0.227487 0
    outer loop
      vertex 74.2068 96.5611 3
      vertex 74.1733 96.4177 0
      vertex 74.1733 96.4177 3
    endloop
  endfacet
  facet normal -0.772988 0.634421 0
    outer loop
      vertex 73.6916 95.5165 0
      vertex 73.785 95.6303 3
      vertex 73.785 95.6303 0
    endloop
  endfacet
  facet normal -0.772988 0.634421 0
    outer loop
      vertex 73.785 95.6303 3
      vertex 73.6916 95.5165 0
      vertex 73.6916 95.5165 3
    endloop
  endfacet
  facet normal 0.848989 0.528411 0
    outer loop
      vertex 70.1292 95.75 3
      vertex 70.0514 95.875 0
      vertex 70.0514 95.875 3
    endloop
  endfacet
  facet normal 0.848989 0.528411 0
    outer loop
      vertex 70.0514 95.875 0
      vertex 70.1292 95.75 3
      vertex 70.1292 95.75 0
    endloop
  endfacet
  facet normal 0.227487 -0.973781 0
    outer loop
      vertex 71.4177 99.1733 0
      vertex 71.5611 99.2068 3
      vertex 71.4177 99.1733 3
    endloop
  endfacet
  facet normal 0.227487 -0.973781 0
    outer loop
      vertex 71.5611 99.2068 3
      vertex 71.4177 99.1733 0
      vertex 71.5611 99.2068 0
    endloop
  endfacet
  facet normal -0.986613 0.163077 0
    outer loop
      vertex 74.2068 96.5611 0
      vertex 74.2308 96.7063 3
      vertex 74.2308 96.7063 0
    endloop
  endfacet
  facet normal -0.986613 0.163077 0
    outer loop
      vertex 74.2308 96.7063 3
      vertex 74.2068 96.5611 0
      vertex 74.2068 96.5611 3
    endloop
  endfacet
  facet normal -0.911017 -0.412369 0
    outer loop
      vertex 74.0787 97.861 0
      vertex 74.018 97.9951 3
      vertex 74.018 97.9951 0
    endloop
  endfacet
  facet normal -0.911017 -0.412369 0
    outer loop
      vertex 74.018 97.9951 3
      vertex 74.0787 97.861 0
      vertex 74.0787 97.861 3
    endloop
  endfacet
  facet normal 0.911017 0.412369 0
    outer loop
      vertex 69.982 96.0049 3
      vertex 69.9213 96.139 0
      vertex 69.9213 96.139 3
    endloop
  endfacet
  facet normal 0.911017 0.412369 0
    outer loop
      vertex 69.9213 96.139 0
      vertex 69.982 96.0049 3
      vertex 69.982 96.0049 0
    endloop
  endfacet
  facet normal -0.634421 -0.772988 0
    outer loop
      vertex 73.3697 98.785 0
      vertex 73.4835 98.6916 3
      vertex 73.3697 98.785 3
    endloop
  endfacet
  facet normal -0.634421 -0.772988 -0
    outer loop
      vertex 73.4835 98.6916 3
      vertex 73.3697 98.785 0
      vertex 73.4835 98.6916 0
    endloop
  endfacet
  facet normal -0.812769 0.582586 0
    outer loop
      vertex 73.785 95.6303 0
      vertex 73.8708 95.75 3
      vertex 73.8708 95.75 0
    endloop
  endfacet
  facet normal -0.812769 0.582586 0
    outer loop
      vertex 73.8708 95.75 3
      vertex 73.785 95.6303 0
      vertex 73.785 95.6303 3
    endloop
  endfacet
  facet normal 0.227487 0.973781 -0
    outer loop
      vertex 71.5611 94.7932 0
      vertex 71.4177 94.8267 3
      vertex 71.5611 94.7932 3
    endloop
  endfacet
  facet normal 0.227487 0.973781 0
    outer loop
      vertex 71.4177 94.8267 3
      vertex 71.5611 94.7932 0
      vertex 71.4177 94.8267 0
    endloop
  endfacet
  facet normal -0.528411 0.848989 0
    outer loop
      vertex 73.25 95.1292 0
      vertex 73.125 95.0514 3
      vertex 73.25 95.1292 3
    endloop
  endfacet
  facet normal -0.528411 0.848989 0
    outer loop
      vertex 73.125 95.0514 3
      vertex 73.25 95.1292 0
      vertex 73.125 95.0514 0
    endloop
  endfacet
  facet normal 0.163077 -0.986613 0
    outer loop
      vertex 71.5611 99.2068 0
      vertex 71.7063 99.2308 3
      vertex 71.5611 99.2068 3
    endloop
  endfacet
  facet normal 0.163077 -0.986613 0
    outer loop
      vertex 71.7063 99.2308 3
      vertex 71.5611 99.2068 0
      vertex 71.7063 99.2308 0
    endloop
  endfacet
  facet normal -0.471222 0.882014 0
    outer loop
      vertex 73.125 95.0514 0
      vertex 72.9951 94.982 3
      vertex 73.125 95.0514 3
    endloop
  endfacet
  facet normal -0.471222 0.882014 0
    outer loop
      vertex 72.9951 94.982 3
      vertex 73.125 95.0514 0
      vertex 72.9951 94.982 0
    endloop
  endfacet
  facet normal -0.812769 -0.582586 0
    outer loop
      vertex 73.8708 98.25 0
      vertex 73.785 98.3697 3
      vertex 73.785 98.3697 0
    endloop
  endfacet
  facet normal -0.812769 -0.582586 0
    outer loop
      vertex 73.785 98.3697 3
      vertex 73.8708 98.25 0
      vertex 73.8708 98.25 3
    endloop
  endfacet
  facet normal 0.352463 0.935826 -0
    outer loop
      vertex 71.2768 94.8694 0
      vertex 71.139 94.9213 3
      vertex 71.2768 94.8694 3
    endloop
  endfacet
  facet normal 0.352463 0.935826 0
    outer loop
      vertex 71.139 94.9213 3
      vertex 71.2768 94.8694 0
      vertex 71.139 94.9213 0
    endloop
  endfacet
  facet normal 0.582586 0.812769 -0
    outer loop
      vertex 70.75 95.1292 0
      vertex 70.6303 95.215 3
      vertex 70.75 95.1292 3
    endloop
  endfacet
  facet normal 0.582586 0.812769 0
    outer loop
      vertex 70.6303 95.215 3
      vertex 70.75 95.1292 0
      vertex 70.6303 95.215 0
    endloop
  endfacet
  facet normal 0.0325914 -0.999469 0
    outer loop
      vertex 71.8528 99.2452 0
      vertex 72 99.25 3
      vertex 71.8528 99.2452 3
    endloop
  endfacet
  facet normal 0.0325914 -0.999469 0
    outer loop
      vertex 72 99.25 3
      vertex 71.8528 99.2452 0
      vertex 72 99.25 0
    endloop
  endfacet
  facet normal 0.957019 -0.290026 0
    outer loop
      vertex 69.8267 97.5823 3
      vertex 69.8694 97.7232 0
      vertex 69.8694 97.7232 3
    endloop
  endfacet
  facet normal 0.957019 -0.290026 0
    outer loop
      vertex 69.8694 97.7232 0
      vertex 69.8267 97.5823 3
      vertex 69.8267 97.5823 0
    endloop
  endfacet
  facet normal -0.227487 0.973781 0
    outer loop
      vertex 72.5823 94.8267 0
      vertex 72.4389 94.7932 3
      vertex 72.5823 94.8267 3
    endloop
  endfacet
  facet normal -0.227487 0.973781 0
    outer loop
      vertex 72.4389 94.7932 3
      vertex 72.5823 94.8267 0
      vertex 72.4389 94.7932 0
    endloop
  endfacet
  facet normal 0.935826 -0.352463 0
    outer loop
      vertex 69.8694 97.7232 3
      vertex 69.9213 97.861 0
      vertex 69.9213 97.861 3
    endloop
  endfacet
  facet normal 0.935826 -0.352463 0
    outer loop
      vertex 69.9213 97.861 0
      vertex 69.8694 97.7232 3
      vertex 69.8694 97.7232 0
    endloop
  endfacet
  facet normal 0.290026 -0.957019 0
    outer loop
      vertex 71.2768 99.1306 0
      vertex 71.4177 99.1733 3
      vertex 71.2768 99.1306 3
    endloop
  endfacet
  facet normal 0.290026 -0.957019 0
    outer loop
      vertex 71.4177 99.1733 3
      vertex 71.2768 99.1306 0
      vertex 71.4177 99.1733 0
    endloop
  endfacet
  facet normal 0.973781 0.227487 0
    outer loop
      vertex 69.8267 96.4177 3
      vertex 69.7932 96.5611 0
      vertex 69.7932 96.5611 3
    endloop
  endfacet
  facet normal 0.973781 0.227487 0
    outer loop
      vertex 69.7932 96.5611 0
      vertex 69.8267 96.4177 3
      vertex 69.8267 96.4177 0
    endloop
  endfacet
  facet normal 0.995204 0.0978221 0
    outer loop
      vertex 69.7692 96.7063 3
      vertex 69.7548 96.8528 0
      vertex 69.7548 96.8528 3
    endloop
  endfacet
  facet normal 0.995204 0.0978221 0
    outer loop
      vertex 69.7548 96.8528 0
      vertex 69.7692 96.7063 3
      vertex 69.7692 96.7063 0
    endloop
  endfacet
  facet normal 0.957019 0.290026 0
    outer loop
      vertex 69.8694 96.2768 3
      vertex 69.8267 96.4177 0
      vertex 69.8267 96.4177 3
    endloop
  endfacet
  facet normal 0.957019 0.290026 0
    outer loop
      vertex 69.8267 96.4177 0
      vertex 69.8694 96.2768 3
      vertex 69.8694 96.2768 0
    endloop
  endfacet
  facet normal -0.412369 0.911017 0
    outer loop
      vertex 72.9951 94.982 0
      vertex 72.861 94.9213 3
      vertex 72.9951 94.982 3
    endloop
  endfacet
  facet normal -0.412369 0.911017 0
    outer loop
      vertex 72.861 94.9213 3
      vertex 72.9951 94.982 0
      vertex 72.861 94.9213 0
    endloop
  endfacet
  facet normal 0.772988 -0.634421 0
    outer loop
      vertex 70.215 98.3697 3
      vertex 70.3084 98.4835 0
      vertex 70.3084 98.4835 3
    endloop
  endfacet
  facet normal 0.772988 -0.634421 0
    outer loop
      vertex 70.3084 98.4835 0
      vertex 70.215 98.3697 3
      vertex 70.215 98.3697 0
    endloop
  endfacet
  facet normal -0.882014 -0.471222 0
    outer loop
      vertex 74.018 97.9951 0
      vertex 73.9486 98.125 3
      vertex 73.9486 98.125 0
    endloop
  endfacet
  facet normal -0.882014 -0.471222 0
    outer loop
      vertex 73.9486 98.125 3
      vertex 74.018 97.9951 0
      vertex 74.018 97.9951 3
    endloop
  endfacet
  facet normal 0.634421 0.772988 -0
    outer loop
      vertex 70.6303 95.215 0
      vertex 70.5165 95.3084 3
      vertex 70.6303 95.215 3
    endloop
  endfacet
  facet normal 0.634421 0.772988 0
    outer loop
      vertex 70.5165 95.3084 3
      vertex 70.6303 95.215 0
      vertex 70.5165 95.3084 0
    endloop
  endfacet
  facet normal 0.528411 0.848989 -0
    outer loop
      vertex 70.875 95.0514 0
      vertex 70.75 95.1292 3
      vertex 70.875 95.0514 3
    endloop
  endfacet
  facet normal 0.528411 0.848989 0
    outer loop
      vertex 70.75 95.1292 3
      vertex 70.875 95.0514 0
      vertex 70.75 95.1292 0
    endloop
  endfacet
  facet normal -0.935826 0.352463 0
    outer loop
      vertex 74.0787 96.139 0
      vertex 74.1306 96.2768 3
      vertex 74.1306 96.2768 0
    endloop
  endfacet
  facet normal -0.935826 0.352463 0
    outer loop
      vertex 74.1306 96.2768 3
      vertex 74.0787 96.139 0
      vertex 74.0787 96.139 3
    endloop
  endfacet
  facet normal -0.848989 -0.528411 0
    outer loop
      vertex 73.9486 98.125 0
      vertex 73.8708 98.25 3
      vertex 73.8708 98.25 0
    endloop
  endfacet
  facet normal -0.848989 -0.528411 0
    outer loop
      vertex 73.8708 98.25 3
      vertex 73.9486 98.125 0
      vertex 73.9486 98.125 3
    endloop
  endfacet
  facet normal 0.986613 0.163077 0
    outer loop
      vertex 69.7932 96.5611 3
      vertex 69.7692 96.7063 0
      vertex 69.7692 96.7063 3
    endloop
  endfacet
  facet normal 0.986613 0.163077 0
    outer loop
      vertex 69.7692 96.7063 0
      vertex 69.7932 96.5611 3
      vertex 69.7932 96.5611 0
    endloop
  endfacet
  facet normal -0.290026 -0.957019 0
    outer loop
      vertex 72.5823 99.1733 0
      vertex 72.7232 99.1306 3
      vertex 72.5823 99.1733 3
    endloop
  endfacet
  facet normal -0.290026 -0.957019 -0
    outer loop
      vertex 72.7232 99.1306 3
      vertex 72.5823 99.1733 0
      vertex 72.7232 99.1306 0
    endloop
  endfacet
  facet normal 0.882014 -0.471222 0
    outer loop
      vertex 69.982 97.9951 3
      vertex 70.0514 98.125 0
      vertex 70.0514 98.125 3
    endloop
  endfacet
  facet normal 0.882014 -0.471222 0
    outer loop
      vertex 70.0514 98.125 0
      vertex 69.982 97.9951 3
      vertex 69.982 97.9951 0
    endloop
  endfacet
  facet normal 0.730151 -0.683286 0
    outer loop
      vertex 70.3084 98.4835 3
      vertex 70.409 98.591 0
      vertex 70.409 98.591 3
    endloop
  endfacet
  facet normal 0.730151 -0.683286 0
    outer loop
      vertex 70.409 98.591 0
      vertex 70.3084 98.4835 3
      vertex 70.3084 98.4835 0
    endloop
  endfacet
  facet normal -0.0978221 0.995204 0
    outer loop
      vertex 72.2937 94.7692 0
      vertex 72.1472 94.7548 3
      vertex 72.2937 94.7692 3
    endloop
  endfacet
  facet normal -0.0978221 0.995204 0
    outer loop
      vertex 72.1472 94.7548 3
      vertex 72.2937 94.7692 0
      vertex 72.1472 94.7548 0
    endloop
  endfacet
  facet normal -0.412369 -0.911017 0
    outer loop
      vertex 72.861 99.0787 0
      vertex 72.9951 99.018 3
      vertex 72.861 99.0787 3
    endloop
  endfacet
  facet normal -0.412369 -0.911017 -0
    outer loop
      vertex 72.9951 99.018 3
      vertex 72.861 99.0787 0
      vertex 72.9951 99.018 0
    endloop
  endfacet
  facet normal 0.412369 -0.911017 0
    outer loop
      vertex 71.0049 99.018 0
      vertex 71.139 99.0787 3
      vertex 71.0049 99.018 3
    endloop
  endfacet
  facet normal 0.412369 -0.911017 0
    outer loop
      vertex 71.139 99.0787 3
      vertex 71.0049 99.018 0
      vertex 71.139 99.0787 0
    endloop
  endfacet
  facet normal 0.528411 -0.848989 0
    outer loop
      vertex 70.75 98.8708 0
      vertex 70.875 98.9486 3
      vertex 70.75 98.8708 3
    endloop
  endfacet
  facet normal 0.528411 -0.848989 0
    outer loop
      vertex 70.875 98.9486 3
      vertex 70.75 98.8708 0
      vertex 70.875 98.9486 0
    endloop
  endfacet
  facet normal 0.730151 0.683286 0
    outer loop
      vertex 70.409 95.409 3
      vertex 70.3084 95.5165 0
      vertex 70.3084 95.5165 3
    endloop
  endfacet
  facet normal 0.730151 0.683286 0
    outer loop
      vertex 70.3084 95.5165 0
      vertex 70.409 95.409 3
      vertex 70.409 95.409 0
    endloop
  endfacet
  facet normal 0.973781 -0.227487 0
    outer loop
      vertex 69.7932 97.4389 3
      vertex 69.8267 97.5823 0
      vertex 69.8267 97.5823 3
    endloop
  endfacet
  facet normal 0.973781 -0.227487 0
    outer loop
      vertex 69.8267 97.5823 0
      vertex 69.7932 97.4389 3
      vertex 69.7932 97.4389 0
    endloop
  endfacet
  facet normal -0.582586 -0.812769 0
    outer loop
      vertex 73.25 98.8708 0
      vertex 73.3697 98.785 3
      vertex 73.25 98.8708 3
    endloop
  endfacet
  facet normal -0.582586 -0.812769 -0
    outer loop
      vertex 73.3697 98.785 3
      vertex 73.25 98.8708 0
      vertex 73.3697 98.785 0
    endloop
  endfacet
  facet normal -0.0325914 -0.999469 0
    outer loop
      vertex 72 99.25 0
      vertex 72.1472 99.2452 3
      vertex 72 99.25 3
    endloop
  endfacet
  facet normal -0.0325914 -0.999469 -0
    outer loop
      vertex 72.1472 99.2452 3
      vertex 72 99.25 0
      vertex 72.1472 99.2452 0
    endloop
  endfacet
  facet normal -0.995204 0.0978221 0
    outer loop
      vertex 74.2308 96.7063 0
      vertex 74.2452 96.8528 3
      vertex 74.2452 96.8528 0
    endloop
  endfacet
  facet normal -0.995204 0.0978221 0
    outer loop
      vertex 74.2452 96.8528 3
      vertex 74.2308 96.7063 0
      vertex 74.2308 96.7063 3
    endloop
  endfacet
  facet normal -0.0978221 -0.995204 0
    outer loop
      vertex 72.1472 99.2452 0
      vertex 72.2937 99.2308 3
      vertex 72.1472 99.2452 3
    endloop
  endfacet
  facet normal -0.0978221 -0.995204 -0
    outer loop
      vertex 72.2937 99.2308 3
      vertex 72.1472 99.2452 0
      vertex 72.2937 99.2308 0
    endloop
  endfacet
  facet normal 0.683286 0.730151 -0
    outer loop
      vertex 70.5165 95.3084 0
      vertex 70.409 95.409 3
      vertex 70.5165 95.3084 3
    endloop
  endfacet
  facet normal 0.683286 0.730151 0
    outer loop
      vertex 70.409 95.409 3
      vertex 70.5165 95.3084 0
      vertex 70.409 95.409 0
    endloop
  endfacet
  facet normal -0.911017 0.412369 0
    outer loop
      vertex 74.018 96.0049 0
      vertex 74.0787 96.139 3
      vertex 74.0787 96.139 0
    endloop
  endfacet
  facet normal -0.911017 0.412369 0
    outer loop
      vertex 74.0787 96.139 3
      vertex 74.018 96.0049 0
      vertex 74.018 96.0049 3
    endloop
  endfacet
  facet normal 0.911017 -0.412369 0
    outer loop
      vertex 69.9213 97.861 3
      vertex 69.982 97.9951 0
      vertex 69.982 97.9951 3
    endloop
  endfacet
  facet normal 0.911017 -0.412369 0
    outer loop
      vertex 69.982 97.9951 0
      vertex 69.9213 97.861 3
      vertex 69.9213 97.861 0
    endloop
  endfacet
  facet normal -0.683286 0.730151 0
    outer loop
      vertex 73.591 95.409 0
      vertex 73.4835 95.3084 3
      vertex 73.591 95.409 3
    endloop
  endfacet
  facet normal -0.683286 0.730151 0
    outer loop
      vertex 73.4835 95.3084 3
      vertex 73.591 95.409 0
      vertex 73.4835 95.3084 0
    endloop
  endfacet
  facet normal -0.957019 -0.290026 0
    outer loop
      vertex 74.1733 97.5823 0
      vertex 74.1306 97.7232 3
      vertex 74.1306 97.7232 0
    endloop
  endfacet
  facet normal -0.957019 -0.290026 0
    outer loop
      vertex 74.1306 97.7232 3
      vertex 74.1733 97.5823 0
      vertex 74.1733 97.5823 3
    endloop
  endfacet
  facet normal -0.957019 0.290026 0
    outer loop
      vertex 74.1306 96.2768 0
      vertex 74.1733 96.4177 3
      vertex 74.1733 96.4177 0
    endloop
  endfacet
  facet normal -0.957019 0.290026 0
    outer loop
      vertex 74.1733 96.4177 3
      vertex 74.1306 96.2768 0
      vertex 74.1306 96.2768 3
    endloop
  endfacet
  facet normal 0.986613 -0.163077 0
    outer loop
      vertex 69.7692 97.2937 3
      vertex 69.7932 97.4389 0
      vertex 69.7932 97.4389 3
    endloop
  endfacet
  facet normal 0.986613 -0.163077 0
    outer loop
      vertex 69.7932 97.4389 0
      vertex 69.7692 97.2937 3
      vertex 69.7692 97.2937 0
    endloop
  endfacet
  facet normal 0.352463 -0.935826 0
    outer loop
      vertex 71.139 99.0787 0
      vertex 71.2768 99.1306 3
      vertex 71.139 99.0787 3
    endloop
  endfacet
  facet normal 0.352463 -0.935826 0
    outer loop
      vertex 71.2768 99.1306 3
      vertex 71.139 99.0787 0
      vertex 71.2768 99.1306 0
    endloop
  endfacet
  facet normal -0.227487 -0.973781 0
    outer loop
      vertex 72.4389 99.2068 0
      vertex 72.5823 99.1733 3
      vertex 72.4389 99.2068 3
    endloop
  endfacet
  facet normal -0.227487 -0.973781 -0
    outer loop
      vertex 72.5823 99.1733 3
      vertex 72.4389 99.2068 0
      vertex 72.5823 99.1733 0
    endloop
  endfacet
  facet normal 0.999469 -0.0325914 0
    outer loop
      vertex 69.75 97 3
      vertex 69.7548 97.1472 0
      vertex 69.7548 97.1472 3
    endloop
  endfacet
  facet normal 0.999469 -0.0325914 0
    outer loop
      vertex 69.7548 97.1472 0
      vertex 69.75 97 3
      vertex 69.75 97 0
    endloop
  endfacet
  facet normal -0.935826 -0.352463 0
    outer loop
      vertex 74.1306 97.7232 0
      vertex 74.0787 97.861 3
      vertex 74.0787 97.861 0
    endloop
  endfacet
  facet normal -0.935826 -0.352463 0
    outer loop
      vertex 74.0787 97.861 3
      vertex 74.1306 97.7232 0
      vertex 74.1306 97.7232 3
    endloop
  endfacet
  facet normal 0.163077 0.986613 -0
    outer loop
      vertex 71.7063 94.7692 0
      vertex 71.5611 94.7932 3
      vertex 71.7063 94.7692 3
    endloop
  endfacet
  facet normal 0.163077 0.986613 0
    outer loop
      vertex 71.5611 94.7932 3
      vertex 71.7063 94.7692 0
      vertex 71.5611 94.7932 0
    endloop
  endfacet
  facet normal 0.882014 0.471222 0
    outer loop
      vertex 70.0514 95.875 3
      vertex 69.982 96.0049 0
      vertex 69.982 96.0049 3
    endloop
  endfacet
  facet normal 0.882014 0.471222 0
    outer loop
      vertex 69.982 96.0049 0
      vertex 70.0514 95.875 3
      vertex 70.0514 95.875 0
    endloop
  endfacet
  facet normal 0.634421 -0.772988 0
    outer loop
      vertex 70.5165 98.6916 0
      vertex 70.6303 98.785 3
      vertex 70.5165 98.6916 3
    endloop
  endfacet
  facet normal 0.634421 -0.772988 0
    outer loop
      vertex 70.6303 98.785 3
      vertex 70.5165 98.6916 0
      vertex 70.6303 98.785 0
    endloop
  endfacet
  facet normal 0.0325914 0.999469 -0
    outer loop
      vertex 72 94.75 0
      vertex 71.8528 94.7548 3
      vertex 72 94.75 3
    endloop
  endfacet
  facet normal 0.0325914 0.999469 0
    outer loop
      vertex 71.8528 94.7548 3
      vertex 72 94.75 0
      vertex 71.8528 94.7548 0
    endloop
  endfacet
  facet normal 0.995204 -0.0978221 0
    outer loop
      vertex 69.7548 97.1472 3
      vertex 69.7692 97.2937 0
      vertex 69.7692 97.2937 3
    endloop
  endfacet
  facet normal 0.995204 -0.0978221 0
    outer loop
      vertex 69.7692 97.2937 0
      vertex 69.7548 97.1472 3
      vertex 69.7548 97.1472 0
    endloop
  endfacet
  facet normal 0.683286 -0.730151 0
    outer loop
      vertex 70.409 98.591 0
      vertex 70.5165 98.6916 3
      vertex 70.409 98.591 3
    endloop
  endfacet
  facet normal 0.683286 -0.730151 0
    outer loop
      vertex 70.5165 98.6916 3
      vertex 70.409 98.591 0
      vertex 70.5165 98.6916 0
    endloop
  endfacet
  facet normal 0.935826 0.352463 0
    outer loop
      vertex 69.9213 96.139 3
      vertex 69.8694 96.2768 0
      vertex 69.8694 96.2768 3
    endloop
  endfacet
  facet normal 0.935826 0.352463 0
    outer loop
      vertex 69.8694 96.2768 0
      vertex 69.9213 96.139 3
      vertex 69.9213 96.139 0
    endloop
  endfacet
  facet normal 0.812769 0.582586 0
    outer loop
      vertex 70.215 95.6303 3
      vertex 70.1292 95.75 0
      vertex 70.1292 95.75 3
    endloop
  endfacet
  facet normal 0.812769 0.582586 0
    outer loop
      vertex 70.1292 95.75 0
      vertex 70.215 95.6303 3
      vertex 70.215 95.6303 0
    endloop
  endfacet
  facet normal -0.848989 0.528411 0
    outer loop
      vertex 73.8708 95.75 0
      vertex 73.9486 95.875 3
      vertex 73.9486 95.875 0
    endloop
  endfacet
  facet normal -0.848989 0.528411 0
    outer loop
      vertex 73.9486 95.875 3
      vertex 73.8708 95.75 0
      vertex 73.8708 95.75 3
    endloop
  endfacet
  facet normal -0.730151 -0.683286 0
    outer loop
      vertex 73.6916 98.4835 0
      vertex 73.591 98.591 3
      vertex 73.591 98.591 0
    endloop
  endfacet
  facet normal -0.730151 -0.683286 0
    outer loop
      vertex 73.591 98.591 3
      vertex 73.6916 98.4835 0
      vertex 73.6916 98.4835 3
    endloop
  endfacet
  facet normal 0.0978221 -0.995204 0
    outer loop
      vertex 71.7063 99.2308 0
      vertex 71.8528 99.2452 3
      vertex 71.7063 99.2308 3
    endloop
  endfacet
  facet normal 0.0978221 -0.995204 0
    outer loop
      vertex 71.8528 99.2452 3
      vertex 71.7063 99.2308 0
      vertex 71.8528 99.2452 0
    endloop
  endfacet
  facet normal -0.730151 0.683286 0
    outer loop
      vertex 73.591 95.409 0
      vertex 73.6916 95.5165 3
      vertex 73.6916 95.5165 0
    endloop
  endfacet
  facet normal -0.730151 0.683286 0
    outer loop
      vertex 73.6916 95.5165 3
      vertex 73.591 95.409 0
      vertex 73.591 95.409 3
    endloop
  endfacet
  facet normal -0.352463 0.935826 0
    outer loop
      vertex 72.861 94.9213 0
      vertex 72.7232 94.8694 3
      vertex 72.861 94.9213 3
    endloop
  endfacet
  facet normal -0.352463 0.935826 0
    outer loop
      vertex 72.7232 94.8694 3
      vertex 72.861 94.9213 0
      vertex 72.7232 94.8694 0
    endloop
  endfacet
  facet normal -0.999469 0.0325914 0
    outer loop
      vertex 74.2452 96.8528 0
      vertex 74.25 97 3
      vertex 74.25 97 0
    endloop
  endfacet
  facet normal -0.999469 0.0325914 0
    outer loop
      vertex 74.25 97 3
      vertex 74.2452 96.8528 0
      vertex 74.2452 96.8528 3
    endloop
  endfacet
  facet normal -0.582586 0.812769 0
    outer loop
      vertex 73.3697 95.215 0
      vertex 73.25 95.1292 3
      vertex 73.3697 95.215 3
    endloop
  endfacet
  facet normal -0.582586 0.812769 0
    outer loop
      vertex 73.25 95.1292 3
      vertex 73.3697 95.215 0
      vertex 73.25 95.1292 0
    endloop
  endfacet
  facet normal -0.772988 -0.634421 0
    outer loop
      vertex 73.785 98.3697 0
      vertex 73.6916 98.4835 3
      vertex 73.6916 98.4835 0
    endloop
  endfacet
  facet normal -0.772988 -0.634421 0
    outer loop
      vertex 73.6916 98.4835 3
      vertex 73.785 98.3697 0
      vertex 73.785 98.3697 3
    endloop
  endfacet
  facet normal 0.812769 -0.582586 0
    outer loop
      vertex 70.1292 98.25 3
      vertex 70.215 98.3697 0
      vertex 70.215 98.3697 3
    endloop
  endfacet
  facet normal 0.812769 -0.582586 0
    outer loop
      vertex 70.215 98.3697 0
      vertex 70.1292 98.25 3
      vertex 70.1292 98.25 0
    endloop
  endfacet
  facet normal 0.999469 0.0325914 0
    outer loop
      vertex 69.7548 96.8528 3
      vertex 69.75 97 0
      vertex 69.75 97 3
    endloop
  endfacet
  facet normal 0.999469 0.0325914 0
    outer loop
      vertex 69.75 97 0
      vertex 69.7548 96.8528 3
      vertex 69.7548 96.8528 0
    endloop
  endfacet
  facet normal 0.290026 0.957019 -0
    outer loop
      vertex 71.4177 94.8267 0
      vertex 71.2768 94.8694 3
      vertex 71.4177 94.8267 3
    endloop
  endfacet
  facet normal 0.290026 0.957019 0
    outer loop
      vertex 71.2768 94.8694 3
      vertex 71.4177 94.8267 0
      vertex 71.2768 94.8694 0
    endloop
  endfacet
  facet normal 0.471222 0.882014 -0
    outer loop
      vertex 71.0049 94.982 0
      vertex 70.875 95.0514 3
      vertex 71.0049 94.982 3
    endloop
  endfacet
  facet normal 0.471222 0.882014 0
    outer loop
      vertex 70.875 95.0514 3
      vertex 71.0049 94.982 0
      vertex 70.875 95.0514 0
    endloop
  endfacet
  facet normal 0.163036 -0.98662 0
    outer loop
      vertex 74.7832 -104.949 0
      vertex 75.1705 -104.885 3
      vertex 74.7832 -104.949 3
    endloop
  endfacet
  facet normal 0.163036 -0.98662 0
    outer loop
      vertex 75.1705 -104.885 3
      vertex 74.7832 -104.949 0
      vertex 75.1705 -104.885 0
    endloop
  endfacet
  facet normal 0 -1 0
    outer loop
      vertex -74 -105 0
      vertex 74 -105 3
      vertex -74 -105 3
    endloop
  endfacet
  facet normal 0 -1 -0
    outer loop
      vertex 74 -105 3
      vertex -74 -105 0
      vertex 74 -105 0
    endloop
  endfacet
  facet normal 0.09678 -0.995306 0
    outer loop
      vertex 74.3924 -104.987 0
      vertex 74.7832 -104.949 3
      vertex 74.3924 -104.987 3
    endloop
  endfacet
  facet normal 0.09678 -0.995306 0
    outer loop
      vertex 74.7832 -104.949 3
      vertex 74.3924 -104.987 0
      vertex 74.7832 -104.949 0
    endloop
  endfacet
  facet normal 0.226682 0.973969 -0
    outer loop
      vertex 75.5529 104.796 0
      vertex 75.1705 104.885 3
      vertex 75.5529 104.796 3
    endloop
  endfacet
  facet normal 0.226682 0.973969 0
    outer loop
      vertex 75.1705 104.885 3
      vertex 75.5529 104.796 0
      vertex 75.1705 104.885 0
    endloop
  endfacet
  facet normal -0.471196 -0.882028 0
    outer loop
      vertex -77 -104.196 0
      vertex -76.6537 -104.381 3
      vertex -77 -104.196 3
    endloop
  endfacet
  facet normal -0.471196 -0.882028 -0
    outer loop
      vertex -76.6537 -104.381 3
      vertex -77 -104.196 0
      vertex -76.6537 -104.381 0
    endloop
  endfacet
  facet normal 0.0331113 -0.999452 0
    outer loop
      vertex 74 -105 0
      vertex 74.3924 -104.987 3
      vertex 74 -105 3
    endloop
  endfacet
  facet normal 0.0331113 -0.999452 0
    outer loop
      vertex 74.3924 -104.987 3
      vertex 74 -105 0
      vertex 74.3924 -104.987 0
    endloop
  endfacet
  facet normal -0.582922 0.812528 0
    outer loop
      vertex -77.3334 103.989 0
      vertex -77.6526 103.76 3
      vertex -77.3334 103.989 3
    endloop
  endfacet
  facet normal -0.582922 0.812528 0
    outer loop
      vertex -77.6526 103.76 3
      vertex -77.3334 103.989 0
      vertex -77.6526 103.76 0
    endloop
  endfacet
  facet normal -0.163036 -0.98662 0
    outer loop
      vertex -75.1705 -104.885 0
      vertex -74.7832 -104.949 3
      vertex -75.1705 -104.885 3
    endloop
  endfacet
  facet normal -0.163036 -0.98662 -0
    outer loop
      vertex -74.7832 -104.949 3
      vertex -75.1705 -104.885 0
      vertex -74.7832 -104.949 0
    endloop
  endfacet
  facet normal -0.471196 0.882028 0
    outer loop
      vertex -76.6537 104.381 0
      vertex -77 104.196 3
      vertex -76.6537 104.381 3
    endloop
  endfacet
  facet normal -0.471196 0.882028 0
    outer loop
      vertex -77 104.196 3
      vertex -76.6537 104.381 0
      vertex -77 104.196 0
    endloop
  endfacet
  facet normal -0.813579 -0.581455 0
    outer loop
      vertex -78.7601 -102.653 0
      vertex -78.9888 -102.333 3
      vertex -78.9888 -102.333 0
    endloop
  endfacet
  facet normal -0.813579 -0.581455 0
    outer loop
      vertex -78.9888 -102.333 3
      vertex -78.7601 -102.653 0
      vertex -78.7601 -102.653 3
    endloop
  endfacet
  facet normal 0.935762 0.352632 0
    outer loop
      vertex 79.6816 100.929 3
      vertex 79.5433 101.296 0
      vertex 79.5433 101.296 3
    endloop
  endfacet
  facet normal 0.935762 0.352632 0
    outer loop
      vertex 79.5433 101.296 0
      vertex 79.6816 100.929 3
      vertex 79.6816 100.929 0
    endloop
  endfacet
  facet normal -0.910967 -0.41248 0
    outer loop
      vertex -79.3812 -101.654 0
      vertex -79.5433 -101.296 3
      vertex -79.5433 -101.296 0
    endloop
  endfacet
  facet normal -0.910967 -0.41248 0
    outer loop
      vertex -79.5433 -101.296 3
      vertex -79.3812 -101.654 0
      vertex -79.3812 -101.654 3
    endloop
  endfacet
  facet normal -0.0331113 0.999452 0
    outer loop
      vertex -74 105 0
      vertex -74.3924 104.987 3
      vertex -74 105 3
    endloop
  endfacet
  facet normal -0.0331113 0.999452 0
    outer loop
      vertex -74.3924 104.987 3
      vertex -74 105 0
      vertex -74.3924 104.987 0
    endloop
  endfacet
  facet normal 1 -0 0
    outer loop
      vertex 80 -99 3
      vertex 80 99 0
      vertex 80 99 3
    endloop
  endfacet
  facet normal 1 0 0
    outer loop
      vertex 80 99 0
      vertex 80 -99 3
      vertex 80 -99 0
    endloop
  endfacet
  facet normal -1 0 0
    outer loop
      vertex -80 -99 0
      vertex -80 99 3
      vertex -80 99 0
    endloop
  endfacet
  facet normal -1 -0 0
    outer loop
      vertex -80 99 3
      vertex -80 -99 0
      vertex -80 -99 3
    endloop
  endfacet
  facet normal 0.935762 -0.352632 0
    outer loop
      vertex 79.5433 -101.296 3
      vertex 79.6816 -100.929 0
      vertex 79.6816 -100.929 3
    endloop
  endfacet
  facet normal 0.935762 -0.352632 0
    outer loop
      vertex 79.6816 -100.929 0
      vertex 79.5433 -101.296 3
      vertex 79.5433 -101.296 0
    endloop
  endfacet
  facet normal 0.957052 0.289916 0
    outer loop
      vertex 79.7955 100.553 3
      vertex 79.6816 100.929 0
      vertex 79.6816 100.929 3
    endloop
  endfacet
  facet normal 0.957052 0.289916 0
    outer loop
      vertex 79.6816 100.929 0
      vertex 79.7955 100.553 3
      vertex 79.7955 100.553 0
    endloop
  endfacet
  facet normal -0.730378 -0.683043 0
    outer loop
      vertex -78.2426 -103.243 0
      vertex -78.511 -102.956 3
      vertex -78.511 -102.956 0
    endloop
  endfacet
  facet normal -0.730378 -0.683043 0
    outer loop
      vertex -78.511 -102.956 3
      vertex -78.2426 -103.243 0
      vertex -78.2426 -103.243 3
    endloop
  endfacet
  facet normal 0.910967 -0.41248 0
    outer loop
      vertex 79.3812 -101.654 3
      vertex 79.5433 -101.296 0
      vertex 79.5433 -101.296 3
    endloop
  endfacet
  facet normal 0.910967 -0.41248 0
    outer loop
      vertex 79.5433 -101.296 0
      vertex 79.3812 -101.654 3
      vertex 79.3812 -101.654 0
    endloop
  endfacet
  facet normal -0.999468 0.0326024 0
    outer loop
      vertex -80 99 0
      vertex -79.9872 99.3924 3
      vertex -79.9872 99.3924 0
    endloop
  endfacet
  facet normal -0.999468 0.0326024 0
    outer loop
      vertex -79.9872 99.3924 3
      vertex -80 99 0
      vertex -80 99 3
    endloop
  endfacet
  facet normal -0.910967 0.41248 0
    outer loop
      vertex -79.5433 101.296 0
      vertex -79.3812 101.654 3
      vertex -79.3812 101.654 0
    endloop
  endfacet
  facet normal -0.910967 0.41248 0
    outer loop
      vertex -79.3812 101.654 3
      vertex -79.5433 101.296 0
      vertex -79.5433 101.296 3
    endloop
  endfacet
  facet normal -0.935762 -0.352632 0
    outer loop
      vertex -79.5433 -101.296 0
      vertex -79.6816 -100.929 3
      vertex -79.6816 -100.929 0
    endloop
  endfacet
  facet normal -0.935762 -0.352632 0
    outer loop
      vertex -79.6816 -100.929 3
      vertex -79.5433 -101.296 0
      vertex -79.5433 -101.296 3
    endloop
  endfacet
  facet normal 0.683135 0.730292 -0
    outer loop
      vertex 78.2426 103.243 0
      vertex 77.9561 103.511 3
      vertex 78.2426 103.243 3
    endloop
  endfacet
  facet normal 0.683135 0.730292 0
    outer loop
      vertex 77.9561 103.511 3
      vertex 78.2426 103.243 0
      vertex 77.9561 103.511 0
    endloop
  endfacet
  facet normal 0 0 1
    outer loop
      vertex 70.0514 95.875 3
      vertex -70.0514 95.875 3
      vertex 70.1292 95.75 3
    endloop
  endfacet
  facet normal 0 0 1
    outer loop
      vertex 70.6303 -95.215 3
      vertex -69.7548 -96.8528 3
      vertex -69.75 -97 3
    endloop
  endfacet
  facet normal 0 0 1
    outer loop
      vertex -70.1292 95.75 3
      vertex 70.1292 95.75 3
      vertex -70.0514 95.875 3
    endloop
  endfacet
  facet normal 0 0 1
    outer loop
      vertex 70.6303 -95.215 3
      vertex -69.7692 -96.7063 3
      vertex -69.7548 -96.8528 3
    endloop
  endfacet
  facet normal 0 0 1
    outer loop
      vertex 70.1292 95.75 3
      vertex -70.1292 95.75 3
      vertex 70.215 95.6303 3
    endloop
  endfacet
  facet normal 0 0 1
    outer loop
      vertex 70.6303 -95.215 3
      vertex -69.7932 -96.5611 3
      vertex -69.7692 -96.7063 3
    endloop
  endfacet
  facet normal 0 0 1
    outer loop
      vertex -70.215 95.6303 3
      vertex 70.215 95.6303 3
      vertex -70.1292 95.75 3
    endloop
  endfacet
  facet normal 0 0 1
    outer loop
      vertex 70.6303 -95.215 3
      vertex -69.8267 -96.4177 3
      vertex -69.7932 -96.5611 3
    endloop
  endfacet
  facet normal 0 0 1
    outer loop
      vertex 70.215 95.6303 3
      vertex -70.215 95.6303 3
      vertex 70.3084 95.5165 3
    endloop
  endfacet
  facet normal 0 0 1
    outer loop
      vertex 70.6303 -95.215 3
      vertex -69.8694 -96.2768 3
      vertex -69.8267 -96.4177 3
    endloop
  endfacet
  facet normal 0 0 1
    outer loop
      vertex -70.3084 95.5165 3
      vertex 70.3084 95.5165 3
      vertex -70.215 95.6303 3
    endloop
  endfacet
  facet normal 0 0 1
    outer loop
      vertex 70.6303 -95.215 3
      vertex -69.9213 -96.139 3
      vertex -69.8694 -96.2768 3
    endloop
  endfacet
  facet normal 0 0 1
    outer loop
      vertex 70.3084 95.5165 3
      vertex -70.3084 95.5165 3
      vertex 70.409 95.409 3
    endloop
  endfacet
  facet normal 0 0 1
    outer loop
      vertex 70.6303 -95.215 3
      vertex -69.982 -96.0049 3
      vertex -69.9213 -96.139 3
    endloop
  endfacet
  facet normal 0 0 1
    outer loop
      vertex -70.409 95.409 3
      vertex 70.409 95.409 3
      vertex -70.3084 95.5165 3
    endloop
  endfacet
  facet normal 0 0 1
    outer loop
      vertex 70.6303 -95.215 3
      vertex -70.0514 -95.875 3
      vertex -69.982 -96.0049 3
    endloop
  endfacet
  facet normal 0 0 1
    outer loop
      vertex 70.409 95.409 3
      vertex -70.409 95.409 3
      vertex 70.5165 95.3084 3
    endloop
  endfacet
  facet normal 0 0 1
    outer loop
      vertex 70.6303 -95.215 3
      vertex -70.1292 -95.75 3
      vertex -70.0514 -95.875 3
    endloop
  endfacet
  facet normal 0 0 1
    outer loop
      vertex -70.5165 95.3084 3
      vertex 70.5165 95.3084 3
      vertex -70.409 95.409 3
    endloop
  endfacet
  facet normal 0 0 1
    outer loop
      vertex 70.6303 -95.215 3
      vertex -70.215 -95.6303 3
      vertex -70.1292 -95.75 3
    endloop
  endfacet
  facet normal 0 0 1
    outer loop
      vertex 70.5165 95.3084 3
      vertex -70.5165 95.3084 3
      vertex 70.6303 95.215 3
    endloop
  endfacet
  facet normal 0 0 1
    outer loop
      vertex 70.6303 -95.215 3
      vertex -70.3084 -95.5165 3
      vertex -70.215 -95.6303 3
    endloop
  endfacet
  facet normal 0 0 1
    outer loop
      vertex -70.6303 95.215 3
      vertex 70.6303 95.215 3
      vertex -70.5165 95.3084 3
    endloop
  endfacet
  facet normal 0 0 1
    outer loop
      vertex 70.6303 -95.215 3
      vertex -70.409 -95.409 3
      vertex -70.3084 -95.5165 3
    endloop
  endfacet
  facet normal 0 0 1
    outer loop
      vertex 70.6303 95.215 3
      vertex -70.6303 95.215 3
      vertex 70.6303 -95.215 3
    endloop
  endfacet
  facet normal 0 0 1
    outer loop
      vertex 70.6303 -95.215 3
      vertex -70.5165 -95.3084 3
      vertex -70.409 -95.409 3
    endloop
  endfacet
  facet normal 0 0 1
    outer loop
      vertex -70.6303 -95.215 3
      vertex 70.6303 -95.215 3
      vertex -70.6303 95.215 3
    endloop
  endfacet
  facet normal 0 0 1
    outer loop
      vertex 70.6303 -95.215 3
      vertex -70.6303 -95.215 3
      vertex -70.5165 -95.3084 3
    endloop
  endfacet
  facet normal -0 0 1
    outer loop
      vertex -70.75 95.1292 3
      vertex -70.6303 -95.215 3
      vertex -70.6303 95.215 3
    endloop
  endfacet
  facet normal 0 0 1
    outer loop
      vertex -70.75 95.1292 3
      vertex -70.75 -95.1292 3
      vertex -70.6303 -95.215 3
    endloop
  endfacet
  facet normal -0 0 1
    outer loop
      vertex -70.875 95.0514 3
      vertex -70.75 -95.1292 3
      vertex -70.75 95.1292 3
    endloop
  endfacet
  facet normal 0 0 1
    outer loop
      vertex -70.875 95.0514 3
      vertex -70.875 -95.0514 3
      vertex -70.75 -95.1292 3
    endloop
  endfacet
  facet normal -0 0 1
    outer loop
      vertex -71.0049 94.982 3
      vertex -70.875 -95.0514 3
      vertex -70.875 95.0514 3
    endloop
  endfacet
  facet normal 0 0 1
    outer loop
      vertex -71.0049 94.982 3
      vertex -71.0049 -94.982 3
      vertex -70.875 -95.0514 3
    endloop
  endfacet
  facet normal -0 0 1
    outer loop
      vertex -71.139 94.9213 3
      vertex -71.0049 -94.982 3
      vertex -71.0049 94.982 3
    endloop
  endfacet
  facet normal 0 0 1
    outer loop
      vertex -71.139 94.9213 3
      vertex -71.139 -94.9213 3
      vertex -71.0049 -94.982 3
    endloop
  endfacet
  facet normal -0 0 1
    outer loop
      vertex -71.2768 94.8694 3
      vertex -71.139 -94.9213 3
      vertex -71.139 94.9213 3
    endloop
  endfacet
  facet normal 0 0 1
    outer loop
      vertex -71.2768 94.8694 3
      vertex -71.2768 -94.8694 3
      vertex -71.139 -94.9213 3
    endloop
  endfacet
  facet normal -0 0 1
    outer loop
      vertex -71.4177 94.8267 3
      vertex -71.2768 -94.8694 3
      vertex -71.2768 94.8694 3
    endloop
  endfacet
  facet normal 0 0 1
    outer loop
      vertex -71.4177 94.8267 3
      vertex -71.4177 -94.8267 3
      vertex -71.2768 -94.8694 3
    endloop
  endfacet
  facet normal -0 0 1
    outer loop
      vertex -71.5611 94.7932 3
      vertex -71.4177 -94.8267 3
      vertex -71.4177 94.8267 3
    endloop
  endfacet
  facet normal 0 0 1
    outer loop
      vertex -71.5611 94.7932 3
      vertex -71.5611 -94.7932 3
      vertex -71.4177 -94.8267 3
    endloop
  endfacet
  facet normal -0 0 1
    outer loop
      vertex -71.7063 94.7692 3
      vertex -71.5611 -94.7932 3
      vertex -71.5611 94.7932 3
    endloop
  endfacet
  facet normal 0 0 1
    outer loop
      vertex -71.7063 94.7692 3
      vertex -71.7063 -94.7692 3
      vertex -71.5611 -94.7932 3
    endloop
  endfacet
  facet normal -0 0 1
    outer loop
      vertex -71.8528 94.7548 3
      vertex -71.7063 -94.7692 3
      vertex -71.7063 94.7692 3
    endloop
  endfacet
  facet normal 0 0 1
    outer loop
      vertex -71.8528 94.7548 3
      vertex -71.8528 -94.7548 3
      vertex -71.7063 -94.7692 3
    endloop
  endfacet
  facet normal -0 0 1
    outer loop
      vertex -72 94.75 3
      vertex -71.8528 -94.7548 3
      vertex -71.8528 94.7548 3
    endloop
  endfacet
  facet normal 0 0 1
    outer loop
      vertex -72 94.75 3
      vertex -72 -94.75 3
      vertex -71.8528 -94.7548 3
    endloop
  endfacet
  facet normal 0 0 1
    outer loop
      vertex -72.1472 94.7548 3
      vertex -72 -94.75 3
      vertex -72 94.75 3
    endloop
  endfacet
  facet normal 0 0 1
    outer loop
      vertex -72.1472 94.7548 3
      vertex -72.1472 -94.7548 3
      vertex -72 -94.75 3
    endloop
  endfacet
  facet normal 0 0 1
    outer loop
      vertex -72.2937 94.7692 3
      vertex -72.1472 -94.7548 3
      vertex -72.1472 94.7548 3
    endloop
  endfacet
  facet normal 0 0 1
    outer loop
      vertex -72.2937 94.7692 3
      vertex -72.2937 -94.7692 3
      vertex -72.1472 -94.7548 3
    endloop
  endfacet
  facet normal 0 0 1
    outer loop
      vertex -72.4389 94.7932 3
      vertex -72.2937 -94.7692 3
      vertex -72.2937 94.7692 3
    endloop
  endfacet
  facet normal 0 0 1
    outer loop
      vertex -72.4389 94.7932 3
      vertex -72.4389 -94.7932 3
      vertex -72.2937 -94.7692 3
    endloop
  endfacet
  facet normal 0 0 1
    outer loop
      vertex -72.5823 94.8267 3
      vertex -72.4389 -94.7932 3
      vertex -72.4389 94.7932 3
    endloop
  endfacet
  facet normal 0 0 1
    outer loop
      vertex -72.5823 94.8267 3
      vertex -72.5823 -94.8267 3
      vertex -72.4389 -94.7932 3
    endloop
  endfacet
  facet normal 0 0 1
    outer loop
      vertex -72.7232 94.8694 3
      vertex -72.5823 -94.8267 3
      vertex -72.5823 94.8267 3
    endloop
  endfacet
  facet normal 0 0 1
    outer loop
      vertex -72.7232 94.8694 3
      vertex -72.7232 -94.8694 3
      vertex -72.5823 -94.8267 3
    endloop
  endfacet
  facet normal 0 0 1
    outer loop
      vertex -72.861 94.9213 3
      vertex -72.7232 -94.8694 3
      vertex -72.7232 94.8694 3
    endloop
  endfacet
  facet normal 0 0 1
    outer loop
      vertex -72.861 94.9213 3
      vertex -72.861 -94.9213 3
      vertex -72.7232 -94.8694 3
    endloop
  endfacet
  facet normal 0 0 1
    outer loop
      vertex -72.9951 94.982 3
      vertex -72.861 -94.9213 3
      vertex -72.861 94.9213 3
    endloop
  endfacet
  facet normal 0 0 1
    outer loop
      vertex -72.9951 94.982 3
      vertex -72.9951 -94.982 3
      vertex -72.861 -94.9213 3
    endloop
  endfacet
  facet normal 0 0 1
    outer loop
      vertex -73.125 95.0514 3
      vertex -72.9951 -94.982 3
      vertex -72.9951 94.982 3
    endloop
  endfacet
  facet normal 0 0 1
    outer loop
      vertex -73.125 95.0514 3
      vertex -73.125 -95.0514 3
      vertex -72.9951 -94.982 3
    endloop
  endfacet
  facet normal 0 0 1
    outer loop
      vertex -73.25 95.1292 3
      vertex -73.125 -95.0514 3
      vertex -73.125 95.0514 3
    endloop
  endfacet
  facet normal 0 0 1
    outer loop
      vertex -73.25 95.1292 3
      vertex -73.25 -95.1292 3
      vertex -73.125 -95.0514 3
    endloop
  endfacet
  facet normal 0 0 1
    outer loop
      vertex -80 99 3
      vertex -73.25 95.1292 3
      vertex -73.3697 95.215 3
    endloop
  endfacet
  facet normal 0 0 1
    outer loop
      vertex -73.25 95.1292 3
      vertex -80 99 3
      vertex -73.25 -95.1292 3
    endloop
  endfacet
  facet normal 0 0 1
    outer loop
      vertex -80 99 3
      vertex -73.3697 95.215 3
      vertex -73.4835 95.3084 3
    endloop
  endfacet
  facet normal 0 0 1
    outer loop
      vertex -80 -99 3
      vertex -73.25 -95.1292 3
      vertex -80 99 3
    endloop
  endfacet
  facet normal 0 0 1
    outer loop
      vertex -80 99 3
      vertex -73.4835 95.3084 3
      vertex -73.591 95.409 3
    endloop
  endfacet
  facet normal 0 0 1
    outer loop
      vertex -73.25 -95.1292 3
      vertex -80 -99 3
      vertex -73.3697 -95.215 3
    endloop
  endfacet
  facet normal 0 0 1
    outer loop
      vertex -80 99 3
      vertex -73.591 95.409 3
      vertex -73.6916 95.5165 3
    endloop
  endfacet
  facet normal 0 0 1
    outer loop
      vertex -73.3697 -95.215 3
      vertex -80 -99 3
      vertex -73.4835 -95.3084 3
    endloop
  endfacet
  facet normal 0 0 1
    outer loop
      vertex -80 99 3
      vertex -73.6916 95.5165 3
      vertex -73.785 95.6303 3
    endloop
  endfacet
  facet normal 0 0 1
    outer loop
      vertex -73.4835 -95.3084 3
      vertex -80 -99 3
      vertex -73.591 -95.409 3
    endloop
  endfacet
  facet normal 0 0 1
    outer loop
      vertex -80 99 3
      vertex -73.785 95.6303 3
      vertex -73.8708 95.75 3
    endloop
  endfacet
  facet normal 0 0 1
    outer loop
      vertex -73.591 -95.409 3
      vertex -80 -99 3
      vertex -73.6916 -95.5165 3
    endloop
  endfacet
  facet normal 0 0 1
    outer loop
      vertex -80 99 3
      vertex -73.8708 95.75 3
      vertex -73.9486 95.875 3
    endloop
  endfacet
  facet normal 0 0 1
    outer loop
      vertex -73.6916 -95.5165 3
      vertex -80 -99 3
      vertex -73.785 -95.6303 3
    endloop
  endfacet
  facet normal 0 0 1
    outer loop
      vertex -80 99 3
      vertex -73.9486 95.875 3
      vertex -74.018 96.0049 3
    endloop
  endfacet
  facet normal 0 0 1
    outer loop
      vertex -73.785 -95.6303 3
      vertex -80 -99 3
      vertex -73.8708 -95.75 3
    endloop
  endfacet
  facet normal 0 0 1
    outer loop
      vertex -80 99 3
      vertex -74.018 96.0049 3
      vertex -74.0787 96.139 3
    endloop
  endfacet
  facet normal 0 0 1
    outer loop
      vertex -73.8708 -95.75 3
      vertex -80 -99 3
      vertex -73.9486 -95.875 3
    endloop
  endfacet
  facet normal 0 0 1
    outer loop
      vertex -80 99 3
      vertex -74.0787 96.139 3
      vertex -74.1306 96.2768 3
    endloop
  endfacet
  facet normal 0 0 1
    outer loop
      vertex -73.9486 -95.875 3
      vertex -80 -99 3
      vertex -74.018 -96.0049 3
    endloop
  endfacet
  facet normal 0 0 1
    outer loop
      vertex -80 99 3
      vertex -74.1306 96.2768 3
      vertex -74.1733 96.4177 3
    endloop
  endfacet
  facet normal 0 0 1
    outer loop
      vertex -74.018 -96.0049 3
      vertex -80 -99 3
      vertex -74.0787 -96.139 3
    endloop
  endfacet
  facet normal 0 0 1
    outer loop
      vertex -80 99 3
      vertex -74.1733 96.4177 3
      vertex -74.2068 96.5611 3
    endloop
  endfacet
  facet normal 0 0 1
    outer loop
      vertex -74.0787 -96.139 3
      vertex -80 -99 3
      vertex -74.1306 -96.2768 3
    endloop
  endfacet
  facet normal 0 0 1
    outer loop
      vertex -80 99 3
      vertex -74.2068 96.5611 3
      vertex -74.2308 96.7063 3
    endloop
  endfacet
  facet normal 0 0 1
    outer loop
      vertex -74.1306 -96.2768 3
      vertex -80 -99 3
      vertex -74.1733 -96.4177 3
    endloop
  endfacet
  facet normal 0 0 1
    outer loop
      vertex -80 99 3
      vertex -74.2308 96.7063 3
      vertex -74.2452 96.8528 3
    endloop
  endfacet
  facet normal 0 0 1
    outer loop
      vertex -74.1733 -96.4177 3
      vertex -80 -99 3
      vertex -74.2068 -96.5611 3
    endloop
  endfacet
  facet normal 0 0 1
    outer loop
      vertex -80 99 3
      vertex -74.2452 96.8528 3
      vertex -74.25 97 3
    endloop
  endfacet
  facet normal 0 0 1
    outer loop
      vertex -74.2068 -96.5611 3
      vertex -80 -99 3
      vertex -74.2308 -96.7063 3
    endloop
  endfacet
  facet normal 0 0 1
    outer loop
      vertex 74.2068 96.5611 3
      vertex 80 99 3
      vertex 74.2308 96.7063 3
    endloop
  endfacet
  facet normal 0 0 1
    outer loop
      vertex 80 -99 3
      vertex 74.2452 -96.8528 3
      vertex 74.25 -97 3
    endloop
  endfacet
  facet normal 0 0 1
    outer loop
      vertex 74.1733 96.4177 3
      vertex 80 99 3
      vertex 74.2068 96.5611 3
    endloop
  endfacet
  facet normal 0 0 1
    outer loop
      vertex 80 -99 3
      vertex 74.2308 -96.7063 3
      vertex 74.2452 -96.8528 3
    endloop
  endfacet
  facet normal 0 0 1
    outer loop
      vertex 74.1306 96.2768 3
      vertex 80 99 3
      vertex 74.1733 96.4177 3
    endloop
  endfacet
  facet normal 0 0 1
    outer loop
      vertex 80 -99 3
      vertex 74.2068 -96.5611 3
      vertex 74.2308 -96.7063 3
    endloop
  endfacet
  facet normal 0 0 1
    outer loop
      vertex 74.0787 96.139 3
      vertex 80 99 3
      vertex 74.1306 96.2768 3
    endloop
  endfacet
  facet normal 0 0 1
    outer loop
      vertex 80 -99 3
      vertex 74.1733 -96.4177 3
      vertex 74.2068 -96.5611 3
    endloop
  endfacet
  facet normal 0 0 1
    outer loop
      vertex 74.018 96.0049 3
      vertex 80 99 3
      vertex 74.0787 96.139 3
    endloop
  endfacet
  facet normal 0 0 1
    outer loop
      vertex 80 -99 3
      vertex 74.1306 -96.2768 3
      vertex 74.1733 -96.4177 3
    endloop
  endfacet
  facet normal 0 0 1
    outer loop
      vertex 73.9486 95.875 3
      vertex 80 99 3
      vertex 74.018 96.0049 3
    endloop
  endfacet
  facet normal 0 0 1
    outer loop
      vertex 80 -99 3
      vertex 74.0787 -96.139 3
      vertex 74.1306 -96.2768 3
    endloop
  endfacet
  facet normal 0 0 1
    outer loop
      vertex 73.8708 95.75 3
      vertex 80 99 3
      vertex 73.9486 95.875 3
    endloop
  endfacet
  facet normal 0 0 1
    outer loop
      vertex 80 -99 3
      vertex 74.018 -96.0049 3
      vertex 74.0787 -96.139 3
    endloop
  endfacet
  facet normal 0 0 1
    outer loop
      vertex 73.785 95.6303 3
      vertex 80 99 3
      vertex 73.8708 95.75 3
    endloop
  endfacet
  facet normal 0 0 1
    outer loop
      vertex 80 -99 3
      vertex 73.9486 -95.875 3
      vertex 74.018 -96.0049 3
    endloop
  endfacet
  facet normal 0 0 1
    outer loop
      vertex 73.6916 95.5165 3
      vertex 80 99 3
      vertex 73.785 95.6303 3
    endloop
  endfacet
  facet normal 0 0 1
    outer loop
      vertex 80 -99 3
      vertex 73.8708 -95.75 3
      vertex 73.9486 -95.875 3
    endloop
  endfacet
  facet normal 0 0 1
    outer loop
      vertex 73.591 95.409 3
      vertex 80 99 3
      vertex 73.6916 95.5165 3
    endloop
  endfacet
  facet normal 0 0 1
    outer loop
      vertex 80 -99 3
      vertex 73.785 -95.6303 3
      vertex 73.8708 -95.75 3
    endloop
  endfacet
  facet normal 0 0 1
    outer loop
      vertex 73.4835 95.3084 3
      vertex 80 99 3
      vertex 73.591 95.409 3
    endloop
  endfacet
  facet normal 0 0 1
    outer loop
      vertex 80 -99 3
      vertex 73.6916 -95.5165 3
      vertex 73.785 -95.6303 3
    endloop
  endfacet
  facet normal 0 0 1
    outer loop
      vertex 73.3697 95.215 3
      vertex 80 99 3
      vertex 73.4835 95.3084 3
    endloop
  endfacet
  facet normal 0 0 1
    outer loop
      vertex 80 -99 3
      vertex 73.591 -95.409 3
      vertex 73.6916 -95.5165 3
    endloop
  endfacet
  facet normal 0 0 1
    outer loop
      vertex 73.25 95.1292 3
      vertex 80 99 3
      vertex 73.3697 95.215 3
    endloop
  endfacet
  facet normal 0 0 1
    outer loop
      vertex 80 -99 3
      vertex 73.4835 -95.3084 3
      vertex 73.591 -95.409 3
    endloop
  endfacet
  facet normal 0 0 1
    outer loop
      vertex 80 99 3
      vertex 73.25 95.1292 3
      vertex 80 -99 3
    endloop
  endfacet
  facet normal 0 0 1
    outer loop
      vertex 80 -99 3
      vertex 73.3697 -95.215 3
      vertex 73.4835 -95.3084 3
    endloop
  endfacet
  facet normal -0 0 1
    outer loop
      vertex 73.25 -95.1292 3
      vertex 80 -99 3
      vertex 73.25 95.1292 3
    endloop
  endfacet
  facet normal 0 0 1
    outer loop
      vertex 80 -99 3
      vertex 73.25 -95.1292 3
      vertex 73.3697 -95.215 3
    endloop
  endfacet
  facet normal -0 0 1
    outer loop
      vertex 73.125 95.0514 3
      vertex 73.25 -95.1292 3
      vertex 73.25 95.1292 3
    endloop
  endfacet
  facet normal 0 0 1
    outer loop
      vertex 73.125 95.0514 3
      vertex 73.125 -95.0514 3
      vertex 73.25 -95.1292 3
    endloop
  endfacet
  facet normal -0 0 1
    outer loop
      vertex 72.9951 94.982 3
      vertex 73.125 -95.0514 3
      vertex 73.125 95.0514 3
    endloop
  endfacet
  facet normal 0 0 1
    outer loop
      vertex 72.9951 94.982 3
      vertex 72.9951 -94.982 3
      vertex 73.125 -95.0514 3
    endloop
  endfacet
  facet normal -0 0 1
    outer loop
      vertex 72.861 94.9213 3
      vertex 72.9951 -94.982 3
      vertex 72.9951 94.982 3
    endloop
  endfacet
  facet normal 0 0 1
    outer loop
      vertex 72.861 94.9213 3
      vertex 72.861 -94.9213 3
      vertex 72.9951 -94.982 3
    endloop
  endfacet
  facet normal -0 0 1
    outer loop
      vertex 72.7232 94.8694 3
      vertex 72.861 -94.9213 3
      vertex 72.861 94.9213 3
    endloop
  endfacet
  facet normal 0 0 1
    outer loop
      vertex 72.7232 94.8694 3
      vertex 72.7232 -94.8694 3
      vertex 72.861 -94.9213 3
    endloop
  endfacet
  facet normal -0 0 1
    outer loop
      vertex 72.5823 94.8267 3
      vertex 72.7232 -94.8694 3
      vertex 72.7232 94.8694 3
    endloop
  endfacet
  facet normal 0 0 1
    outer loop
      vertex 72.5823 94.8267 3
      vertex 72.5823 -94.8267 3
      vertex 72.7232 -94.8694 3
    endloop
  endfacet
  facet normal -0 0 1
    outer loop
      vertex 72.4389 94.7932 3
      vertex 72.5823 -94.8267 3
      vertex 72.5823 94.8267 3
    endloop
  endfacet
  facet normal 0 0 1
    outer loop
      vertex 72.4389 94.7932 3
      vertex 72.4389 -94.7932 3
      vertex 72.5823 -94.8267 3
    endloop
  endfacet
  facet normal -0 0 1
    outer loop
      vertex 72.2937 94.7692 3
      vertex 72.4389 -94.7932 3
      vertex 72.4389 94.7932 3
    endloop
  endfacet
  facet normal 0 0 1
    outer loop
      vertex 72.2937 94.7692 3
      vertex 72.2937 -94.7692 3
      vertex 72.4389 -94.7932 3
    endloop
  endfacet
  facet normal -0 0 1
    outer loop
      vertex 72.1472 94.7548 3
      vertex 72.2937 -94.7692 3
      vertex 72.2937 94.7692 3
    endloop
  endfacet
  facet normal 0 0 1
    outer loop
      vertex 72.1472 94.7548 3
      vertex 72.1472 -94.7548 3
      vertex 72.2937 -94.7692 3
    endloop
  endfacet
  facet normal -0 0 1
    outer loop
      vertex 72 94.75 3
      vertex 72.1472 -94.7548 3
      vertex 72.1472 94.7548 3
    endloop
  endfacet
  facet normal 0 0 1
    outer loop
      vertex 72 94.75 3
      vertex 72 -94.75 3
      vertex 72.1472 -94.7548 3
    endloop
  endfacet
  facet normal 0 0 1
    outer loop
      vertex 71.8528 94.7548 3
      vertex 72 -94.75 3
      vertex 72 94.75 3
    endloop
  endfacet
  facet normal 0 0 1
    outer loop
      vertex 71.8528 94.7548 3
      vertex 71.8528 -94.7548 3
      vertex 72 -94.75 3
    endloop
  endfacet
  facet normal 0 0 1
    outer loop
      vertex 71.7063 94.7692 3
      vertex 71.8528 -94.7548 3
      vertex 71.8528 94.7548 3
    endloop
  endfacet
  facet normal 0 0 1
    outer loop
      vertex 71.7063 94.7692 3
      vertex 71.7063 -94.7692 3
      vertex 71.8528 -94.7548 3
    endloop
  endfacet
  facet normal 0 0 1
    outer loop
      vertex 71.5611 94.7932 3
      vertex 71.7063 -94.7692 3
      vertex 71.7063 94.7692 3
    endloop
  endfacet
  facet normal 0 0 1
    outer loop
      vertex 71.5611 94.7932 3
      vertex 71.5611 -94.7932 3
      vertex 71.7063 -94.7692 3
    endloop
  endfacet
  facet normal 0 0 1
    outer loop
      vertex 71.4177 94.8267 3
      vertex 71.5611 -94.7932 3
      vertex 71.5611 94.7932 3
    endloop
  endfacet
  facet normal 0 0 1
    outer loop
      vertex 71.4177 94.8267 3
      vertex 71.4177 -94.8267 3
      vertex 71.5611 -94.7932 3
    endloop
  endfacet
  facet normal 0 0 1
    outer loop
      vertex 71.2768 94.8694 3
      vertex 71.4177 -94.8267 3
      vertex 71.4177 94.8267 3
    endloop
  endfacet
  facet normal 0 0 1
    outer loop
      vertex 71.2768 94.8694 3
      vertex 71.2768 -94.8694 3
      vertex 71.4177 -94.8267 3
    endloop
  endfacet
  facet normal 0 0 1
    outer loop
      vertex 71.139 94.9213 3
      vertex 71.2768 -94.8694 3
      vertex 71.2768 94.8694 3
    endloop
  endfacet
  facet normal 0 0 1
    outer loop
      vertex 71.139 94.9213 3
      vertex 71.139 -94.9213 3
      vertex 71.2768 -94.8694 3
    endloop
  endfacet
  facet normal 0 0 1
    outer loop
      vertex 71.0049 94.982 3
      vertex 71.139 -94.9213 3
      vertex 71.139 94.9213 3
    endloop
  endfacet
  facet normal 0 0 1
    outer loop
      vertex 71.0049 94.982 3
      vertex 71.0049 -94.982 3
      vertex 71.139 -94.9213 3
    endloop
  endfacet
  facet normal 0 0 1
    outer loop
      vertex 70.875 95.0514 3
      vertex 71.0049 -94.982 3
      vertex 71.0049 94.982 3
    endloop
  endfacet
  facet normal 0 0 1
    outer loop
      vertex 70.875 95.0514 3
      vertex 70.875 -95.0514 3
      vertex 71.0049 -94.982 3
    endloop
  endfacet
  facet normal 0 0 1
    outer loop
      vertex 70.75 95.1292 3
      vertex 70.875 -95.0514 3
      vertex 70.875 95.0514 3
    endloop
  endfacet
  facet normal 0 0 1
    outer loop
      vertex 70.75 95.1292 3
      vertex 70.75 -95.1292 3
      vertex 70.875 -95.0514 3
    endloop
  endfacet
  facet normal 0 0 1
    outer loop
      vertex 70.6303 95.215 3
      vertex 70.75 -95.1292 3
      vertex 70.75 95.1292 3
    endloop
  endfacet
  facet normal 0 0 1
    outer loop
      vertex 70.6303 95.215 3
      vertex 70.6303 -95.215 3
      vertex 70.75 -95.1292 3
    endloop
  endfacet
  facet normal 0 0 1
    outer loop
      vertex -69.982 96.0049 3
      vertex 69.982 96.0049 3
      vertex -69.9213 96.139 3
    endloop
  endfacet
  facet normal 0 0 1
    outer loop
      vertex 69.982 96.0049 3
      vertex -69.982 96.0049 3
      vertex 70.0514 95.875 3
    endloop
  endfacet
  facet normal 0 0 1
    outer loop
      vertex 69.9213 96.139 3
      vertex -69.9213 96.139 3
      vertex 69.982 96.0049 3
    endloop
  endfacet
  facet normal 0 0 1
    outer loop
      vertex -70.0514 95.875 3
      vertex 70.0514 95.875 3
      vertex -69.982 96.0049 3
    endloop
  endfacet
  facet normal 0 0 1
    outer loop
      vertex -69.9213 96.139 3
      vertex 69.9213 96.139 3
      vertex -69.8694 96.2768 3
    endloop
  endfacet
  facet normal 0 0 1
    outer loop
      vertex 70.6303 -95.215 3
      vertex -69.75 -97 3
      vertex 70.5165 -95.3084 3
    endloop
  endfacet
  facet normal 0 0 1
    outer loop
      vertex 69.8694 96.2768 3
      vertex -69.8694 96.2768 3
      vertex 69.9213 96.139 3
    endloop
  endfacet
  facet normal 0 0 1
    outer loop
      vertex 70.5165 -95.3084 3
      vertex -69.75 -97 3
      vertex 70.409 -95.409 3
    endloop
  endfacet
  facet normal 0 0 1
    outer loop
      vertex -69.8694 96.2768 3
      vertex 69.8694 96.2768 3
      vertex -69.8267 96.4177 3
    endloop
  endfacet
  facet normal 0 0 1
    outer loop
      vertex 70.409 -95.409 3
      vertex -69.75 -97 3
      vertex 70.3084 -95.5165 3
    endloop
  endfacet
  facet normal 0 0 1
    outer loop
      vertex 69.8267 96.4177 3
      vertex -69.8267 96.4177 3
      vertex 69.8694 96.2768 3
    endloop
  endfacet
  facet normal 0 0 1
    outer loop
      vertex 70.3084 -95.5165 3
      vertex -69.75 -97 3
      vertex 70.215 -95.6303 3
    endloop
  endfacet
  facet normal 0 0 1
    outer loop
      vertex -69.8267 96.4177 3
      vertex 69.8267 96.4177 3
      vertex -69.7932 96.5611 3
    endloop
  endfacet
  facet normal 0 0 1
    outer loop
      vertex 70.215 -95.6303 3
      vertex -69.75 -97 3
      vertex 70.1292 -95.75 3
    endloop
  endfacet
  facet normal 0 0 1
    outer loop
      vertex 69.7932 96.5611 3
      vertex -69.7932 96.5611 3
      vertex 69.8267 96.4177 3
    endloop
  endfacet
  facet normal 0 0 1
    outer loop
      vertex 70.1292 -95.75 3
      vertex -69.75 -97 3
      vertex 70.0514 -95.875 3
    endloop
  endfacet
  facet normal 0 0 1
    outer loop
      vertex -69.7932 96.5611 3
      vertex 69.7932 96.5611 3
      vertex -69.7692 96.7063 3
    endloop
  endfacet
  facet normal 0 0 1
    outer loop
      vertex 70.0514 -95.875 3
      vertex -69.75 -97 3
      vertex 69.982 -96.0049 3
    endloop
  endfacet
  facet normal 0 0 1
    outer loop
      vertex 69.7692 96.7063 3
      vertex -69.7692 96.7063 3
      vertex 69.7932 96.5611 3
    endloop
  endfacet
  facet normal 0 0 1
    outer loop
      vertex 69.982 -96.0049 3
      vertex -69.75 -97 3
      vertex 69.9213 -96.139 3
    endloop
  endfacet
  facet normal 0 0 1
    outer loop
      vertex -69.7692 96.7063 3
      vertex 69.7692 96.7063 3
      vertex -69.7548 96.8528 3
    endloop
  endfacet
  facet normal 0 0 1
    outer loop
      vertex 69.9213 -96.139 3
      vertex -69.75 -97 3
      vertex 69.8694 -96.2768 3
    endloop
  endfacet
  facet normal 0 0 1
    outer loop
      vertex 69.7548 96.8528 3
      vertex -69.7548 96.8528 3
      vertex 69.7692 96.7063 3
    endloop
  endfacet
  facet normal 0 0 1
    outer loop
      vertex 69.8694 -96.2768 3
      vertex -69.75 -97 3
      vertex 69.8267 -96.4177 3
    endloop
  endfacet
  facet normal 0 0 1
    outer loop
      vertex -69.7548 96.8528 3
      vertex 69.7548 96.8528 3
      vertex -69.75 97 3
    endloop
  endfacet
  facet normal 0 0 1
    outer loop
      vertex 69.8267 -96.4177 3
      vertex -69.75 -97 3
      vertex 69.7932 -96.5611 3
    endloop
  endfacet
  facet normal -0 0 1
    outer loop
      vertex -69.75 97 3
      vertex 69.7548 96.8528 3
      vertex 69.75 97 3
    endloop
  endfacet
  facet normal 0 0 1
    outer loop
      vertex 69.7932 -96.5611 3
      vertex -69.75 -97 3
      vertex 69.7692 -96.7063 3
    endloop
  endfacet
  facet normal 0 0 1
    outer loop
      vertex 74.0787 97.861 3
      vertex 80 99 3
      vertex 79.9872 99.3924 3
    endloop
  endfacet
  facet normal 0 0 1
    outer loop
      vertex 74.2452 96.8528 3
      vertex 80 99 3
      vertex 74.25 97 3
    endloop
  endfacet
  facet normal 0 0 1
    outer loop
      vertex 74.018 97.9951 3
      vertex 79.9872 99.3924 3
      vertex 79.9487 99.7832 3
    endloop
  endfacet
  facet normal 0 0 1
    outer loop
      vertex 74.2308 96.7063 3
      vertex 80 99 3
      vertex 74.2452 96.8528 3
    endloop
  endfacet
  facet normal 0 0 1
    outer loop
      vertex 74.018 97.9951 3
      vertex 79.9487 99.7832 3
      vertex 79.8847 100.171 3
    endloop
  endfacet
  facet normal -0 0 1
    outer loop
      vertex 74.2452 -97.1472 3
      vertex 80 -99 3
      vertex 74.25 -97 3
    endloop
  endfacet
  facet normal 0 0 1
    outer loop
      vertex 73.9486 98.125 3
      vertex 79.8847 100.171 3
      vertex 79.7955 100.553 3
    endloop
  endfacet
  facet normal -0 0 1
    outer loop
      vertex 74.2308 -97.2937 3
      vertex 80 -99 3
      vertex 74.2452 -97.1472 3
    endloop
  endfacet
  facet normal 0 0 1
    outer loop
      vertex 73.9486 98.125 3
      vertex 79.7955 100.553 3
      vertex 79.6816 100.929 3
    endloop
  endfacet
  facet normal -0 0 1
    outer loop
      vertex 74.2068 -97.4389 3
      vertex 80 -99 3
      vertex 74.2308 -97.2937 3
    endloop
  endfacet
  facet normal 0 0 1
    outer loop
      vertex 73.8708 98.25 3
      vertex 79.6816 100.929 3
      vertex 79.5433 101.296 3
    endloop
  endfacet
  facet normal -0 0 1
    outer loop
      vertex 74.1733 -97.5823 3
      vertex 80 -99 3
      vertex 74.2068 -97.4389 3
    endloop
  endfacet
  facet normal 0 0 1
    outer loop
      vertex 73.8708 98.25 3
      vertex 79.5433 101.296 3
      vertex 79.3812 101.654 3
    endloop
  endfacet
  facet normal -0 0 1
    outer loop
      vertex 74.1306 -97.7232 3
      vertex 80 -99 3
      vertex 74.1733 -97.5823 3
    endloop
  endfacet
  facet normal 0 0 1
    outer loop
      vertex 73.785 98.3697 3
      vertex 79.3812 101.654 3
      vertex 79.1962 102 3
    endloop
  endfacet
  facet normal -0 0 1
    outer loop
      vertex 74.0787 -97.861 3
      vertex 80 -99 3
      vertex 74.1306 -97.7232 3
    endloop
  endfacet
  facet normal 0 0 1
    outer loop
      vertex 73.785 98.3697 3
      vertex 79.1962 102 3
      vertex 78.9888 102.333 3
    endloop
  endfacet
  facet normal 0 0 1
    outer loop
      vertex 80 -99 3
      vertex 74.0787 -97.861 3
      vertex 79.9872 -99.3924 3
    endloop
  endfacet
  facet normal 0 0 1
    outer loop
      vertex 73.6916 98.4835 3
      vertex 78.9888 102.333 3
      vertex 78.7601 102.653 3
    endloop
  endfacet
  facet normal -0 0 1
    outer loop
      vertex 74.018 -97.9951 3
      vertex 79.9872 -99.3924 3
      vertex 74.0787 -97.861 3
    endloop
  endfacet
  facet normal 0 0 1
    outer loop
      vertex 73.6916 98.4835 3
      vertex 78.7601 102.653 3
      vertex 78.511 102.956 3
    endloop
  endfacet
  facet normal 0 0 1
    outer loop
      vertex 79.9872 -99.3924 3
      vertex 74.018 -97.9951 3
      vertex 79.9487 -99.7832 3
    endloop
  endfacet
  facet normal 0 0 1
    outer loop
      vertex 73.591 98.591 3
      vertex 78.511 102.956 3
      vertex 78.2426 103.243 3
    endloop
  endfacet
  facet normal 0 0 1
    outer loop
      vertex 79.9487 -99.7832 3
      vertex 74.018 -97.9951 3
      vertex 79.8847 -100.171 3
    endloop
  endfacet
  facet normal 0 0 1
    outer loop
      vertex 73.591 98.591 3
      vertex 78.2426 103.243 3
      vertex 77.9561 103.511 3
    endloop
  endfacet
  facet normal -0 0 1
    outer loop
      vertex 73.9486 -98.125 3
      vertex 79.8847 -100.171 3
      vertex 74.018 -97.9951 3
    endloop
  endfacet
  facet normal 0 0 1
    outer loop
      vertex 73.4835 98.6916 3
      vertex 77.9561 103.511 3
      vertex 77.6526 103.76 3
    endloop
  endfacet
  facet normal 0 0 1
    outer loop
      vertex 79.8847 -100.171 3
      vertex 73.9486 -98.125 3
      vertex 79.7955 -100.553 3
    endloop
  endfacet
  facet normal 0 0 1
    outer loop
      vertex 73.4835 98.6916 3
      vertex 77.6526 103.76 3
      vertex 77.3334 103.989 3
    endloop
  endfacet
  facet normal 0 0 1
    outer loop
      vertex 79.7955 -100.553 3
      vertex 73.9486 -98.125 3
      vertex 79.6816 -100.929 3
    endloop
  endfacet
  facet normal 0 0 1
    outer loop
      vertex 73.3697 98.785 3
      vertex 77.3334 103.989 3
      vertex 77 104.196 3
    endloop
  endfacet
  facet normal -0 0 1
    outer loop
      vertex 73.8708 -98.25 3
      vertex 79.6816 -100.929 3
      vertex 73.9486 -98.125 3
    endloop
  endfacet
  facet normal 0 0 1
    outer loop
      vertex 73.3697 98.785 3
      vertex 77 104.196 3
      vertex 76.6537 104.381 3
    endloop
  endfacet
  facet normal 0 0 1
    outer loop
      vertex 79.6816 -100.929 3
      vertex 73.8708 -98.25 3
      vertex 79.5433 -101.296 3
    endloop
  endfacet
  facet normal 0 0 1
    outer loop
      vertex 73.25 98.8708 3
      vertex 76.6537 104.381 3
      vertex 76.2961 104.543 3
    endloop
  endfacet
  facet normal 0 0 1
    outer loop
      vertex 79.5433 -101.296 3
      vertex 73.8708 -98.25 3
      vertex 79.3812 -101.654 3
    endloop
  endfacet
  facet normal 0 0 1
    outer loop
      vertex 73.25 98.8708 3
      vertex 76.2961 104.543 3
      vertex 75.9286 104.682 3
    endloop
  endfacet
  facet normal -0 0 1
    outer loop
      vertex 73.785 -98.3697 3
      vertex 79.3812 -101.654 3
      vertex 73.8708 -98.25 3
    endloop
  endfacet
  facet normal 0 0 1
    outer loop
      vertex 73.125 98.9486 3
      vertex 75.9286 104.682 3
      vertex 75.5529 104.796 3
    endloop
  endfacet
  facet normal 0 0 1
    outer loop
      vertex 79.3812 -101.654 3
      vertex 73.785 -98.3697 3
      vertex 79.1962 -102 3
    endloop
  endfacet
  facet normal 0 0 1
    outer loop
      vertex 73.125 98.9486 3
      vertex 75.5529 104.796 3
      vertex 75.1705 104.885 3
    endloop
  endfacet
  facet normal 0 0 1
    outer loop
      vertex 79.1962 -102 3
      vertex 73.785 -98.3697 3
      vertex 78.9888 -102.333 3
    endloop
  endfacet
  facet normal 0 0 1
    outer loop
      vertex 72.9951 99.018 3
      vertex 75.1705 104.885 3
      vertex 74.7832 104.949 3
    endloop
  endfacet
  facet normal -0 0 1
    outer loop
      vertex 73.6916 -98.4835 3
      vertex 78.9888 -102.333 3
      vertex 73.785 -98.3697 3
    endloop
  endfacet
  facet normal 0 0 1
    outer loop
      vertex 72.9951 99.018 3
      vertex 74.7832 104.949 3
      vertex 74.3924 104.987 3
    endloop
  endfacet
  facet normal 0 0 1
    outer loop
      vertex 78.9888 -102.333 3
      vertex 73.6916 -98.4835 3
      vertex 78.7601 -102.653 3
    endloop
  endfacet
  facet normal 0 0 1
    outer loop
      vertex 78.7601 -102.653 3
      vertex 73.6916 -98.4835 3
      vertex 78.511 -102.956 3
    endloop
  endfacet
  facet normal 0 0 1
    outer loop
      vertex 80 99 3
      vertex 74.2452 97.1472 3
      vertex 74.25 97 3
    endloop
  endfacet
  facet normal 0 0 1
    outer loop
      vertex 80 99 3
      vertex 74.2308 97.2937 3
      vertex 74.2452 97.1472 3
    endloop
  endfacet
  facet normal 0 0 1
    outer loop
      vertex 80 99 3
      vertex 74.2068 97.4389 3
      vertex 74.2308 97.2937 3
    endloop
  endfacet
  facet normal 0 0 1
    outer loop
      vertex 80 99 3
      vertex 74.1733 97.5823 3
      vertex 74.2068 97.4389 3
    endloop
  endfacet
  facet normal 0 0 1
    outer loop
      vertex 80 99 3
      vertex 74.1306 97.7232 3
      vertex 74.1733 97.5823 3
    endloop
  endfacet
  facet normal 0 0 1
    outer loop
      vertex 80 99 3
      vertex 74.0787 97.861 3
      vertex 74.1306 97.7232 3
    endloop
  endfacet
  facet normal 0 0 1
    outer loop
      vertex 79.9872 99.3924 3
      vertex 74.018 97.9951 3
      vertex 74.0787 97.861 3
    endloop
  endfacet
  facet normal 0 0 1
    outer loop
      vertex 72.861 99.0787 3
      vertex 74.3924 104.987 3
      vertex 74 105 3
    endloop
  endfacet
  facet normal 0 0 1
    outer loop
      vertex 79.8847 100.171 3
      vertex 73.9486 98.125 3
      vertex 74.018 97.9951 3
    endloop
  endfacet
  facet normal 0 0 1
    outer loop
      vertex 79.6816 100.929 3
      vertex 73.8708 98.25 3
      vertex 73.9486 98.125 3
    endloop
  endfacet
  facet normal 0 0 1
    outer loop
      vertex 79.3812 101.654 3
      vertex 73.785 98.3697 3
      vertex 73.8708 98.25 3
    endloop
  endfacet
  facet normal 0 0 1
    outer loop
      vertex 78.9888 102.333 3
      vertex 73.6916 98.4835 3
      vertex 73.785 98.3697 3
    endloop
  endfacet
  facet normal 0 0 1
    outer loop
      vertex 78.511 102.956 3
      vertex 73.591 98.591 3
      vertex 73.6916 98.4835 3
    endloop
  endfacet
  facet normal 0 0 1
    outer loop
      vertex 77.9561 103.511 3
      vertex 73.4835 98.6916 3
      vertex 73.591 98.591 3
    endloop
  endfacet
  facet normal 0 0 1
    outer loop
      vertex 77.3334 103.989 3
      vertex 73.3697 98.785 3
      vertex 73.4835 98.6916 3
    endloop
  endfacet
  facet normal 0 0 1
    outer loop
      vertex 76.6537 104.381 3
      vertex 73.25 98.8708 3
      vertex 73.3697 98.785 3
    endloop
  endfacet
  facet normal 0 0 1
    outer loop
      vertex 75.9286 104.682 3
      vertex 73.125 98.9486 3
      vertex 73.25 98.8708 3
    endloop
  endfacet
  facet normal 0 0 1
    outer loop
      vertex 75.1705 104.885 3
      vertex 72.9951 99.018 3
      vertex 73.125 98.9486 3
    endloop
  endfacet
  facet normal 0 0 1
    outer loop
      vertex 74.3924 104.987 3
      vertex 72.861 99.0787 3
      vertex 72.9951 99.018 3
    endloop
  endfacet
  facet normal 0 0 1
    outer loop
      vertex 74 105 3
      vertex 72.7232 99.1306 3
      vertex 72.861 99.0787 3
    endloop
  endfacet
  facet normal 0 0 1
    outer loop
      vertex 74 105 3
      vertex 72.5823 99.1733 3
      vertex 72.7232 99.1306 3
    endloop
  endfacet
  facet normal 0 0 1
    outer loop
      vertex 74 105 3
      vertex 72.4389 99.2068 3
      vertex 72.5823 99.1733 3
    endloop
  endfacet
  facet normal 0 0 1
    outer loop
      vertex 74 105 3
      vertex 72.2937 99.2308 3
      vertex 72.4389 99.2068 3
    endloop
  endfacet
  facet normal 0 0 1
    outer loop
      vertex 74 105 3
      vertex 72.1472 99.2452 3
      vertex 72.2937 99.2308 3
    endloop
  endfacet
  facet normal 0 0 1
    outer loop
      vertex 74 105 3
      vertex 72 99.25 3
      vertex 72.1472 99.2452 3
    endloop
  endfacet
  facet normal 0 0 1
    outer loop
      vertex 74 105 3
      vertex 71.8528 99.2452 3
      vertex 72 99.25 3
    endloop
  endfacet
  facet normal 0 0 1
    outer loop
      vertex 74 105 3
      vertex 71.7063 99.2308 3
      vertex 71.8528 99.2452 3
    endloop
  endfacet
  facet normal 0 0 1
    outer loop
      vertex 74 105 3
      vertex 71.5611 99.2068 3
      vertex 71.7063 99.2308 3
    endloop
  endfacet
  facet normal 0 0 1
    outer loop
      vertex 74 105 3
      vertex 71.4177 99.1733 3
      vertex 71.5611 99.2068 3
    endloop
  endfacet
  facet normal 0 0 1
    outer loop
      vertex 74 105 3
      vertex 71.2768 99.1306 3
      vertex 71.4177 99.1733 3
    endloop
  endfacet
  facet normal 0 0 1
    outer loop
      vertex 74 105 3
      vertex 71.139 99.0787 3
      vertex 71.2768 99.1306 3
    endloop
  endfacet
  facet normal 0 0 1
    outer loop
      vertex 74 105 3
      vertex 71.0049 99.018 3
      vertex 71.139 99.0787 3
    endloop
  endfacet
  facet normal 0 0 1
    outer loop
      vertex 74 105 3
      vertex 70.875 98.9486 3
      vertex 71.0049 99.018 3
    endloop
  endfacet
  facet normal 0 0 1
    outer loop
      vertex 74 105 3
      vertex 70.75 98.8708 3
      vertex 70.875 98.9486 3
    endloop
  endfacet
  facet normal 0 0 1
    outer loop
      vertex 74 105 3
      vertex 70.6303 98.785 3
      vertex 70.75 98.8708 3
    endloop
  endfacet
  facet normal 0 0 1
    outer loop
      vertex 74 105 3
      vertex 70.5165 98.6916 3
      vertex 70.6303 98.785 3
    endloop
  endfacet
  facet normal 0 0 1
    outer loop
      vertex 74 105 3
      vertex 70.409 98.591 3
      vertex 70.5165 98.6916 3
    endloop
  endfacet
  facet normal 0 0 1
    outer loop
      vertex 74 105 3
      vertex 70.3084 98.4835 3
      vertex 70.409 98.591 3
    endloop
  endfacet
  facet normal 0 0 1
    outer loop
      vertex 74 105 3
      vertex 70.215 98.3697 3
      vertex 70.3084 98.4835 3
    endloop
  endfacet
  facet normal 0 0 1
    outer loop
      vertex 74 105 3
      vertex 70.1292 98.25 3
      vertex 70.215 98.3697 3
    endloop
  endfacet
  facet normal 0 0 1
    outer loop
      vertex -70.1292 98.25 3
      vertex 70.1292 98.25 3
      vertex 74 105 3
    endloop
  endfacet
  facet normal 0 0 1
    outer loop
      vertex 69.7692 -96.7063 3
      vertex -69.75 -97 3
      vertex 69.7548 -96.8528 3
    endloop
  endfacet
  facet normal 0 0 1
    outer loop
      vertex 69.7548 97.1472 3
      vertex -69.75 97 3
      vertex 69.75 97 3
    endloop
  endfacet
  facet normal 0 0 1
    outer loop
      vertex -69.7548 97.1472 3
      vertex 69.7548 97.1472 3
      vertex 69.7692 97.2937 3
    endloop
  endfacet
  facet normal 0 0 1
    outer loop
      vertex -69.7692 97.2937 3
      vertex 69.7692 97.2937 3
      vertex 69.7932 97.4389 3
    endloop
  endfacet
  facet normal 0 0 1
    outer loop
      vertex -69.7932 97.4389 3
      vertex 69.7932 97.4389 3
      vertex 69.8267 97.5823 3
    endloop
  endfacet
  facet normal 0 0 1
    outer loop
      vertex -69.8267 97.5823 3
      vertex 69.8267 97.5823 3
      vertex 69.8694 97.7232 3
    endloop
  endfacet
  facet normal 0 0 1
    outer loop
      vertex -69.8694 97.7232 3
      vertex 69.8694 97.7232 3
      vertex 69.9213 97.861 3
    endloop
  endfacet
  facet normal 0 0 1
    outer loop
      vertex -69.9213 97.861 3
      vertex 69.9213 97.861 3
      vertex 69.982 97.9951 3
    endloop
  endfacet
  facet normal 0 0 1
    outer loop
      vertex -69.982 97.9951 3
      vertex 69.982 97.9951 3
      vertex 70.0514 98.125 3
    endloop
  endfacet
  facet normal 0 0 1
    outer loop
      vertex 70.1292 98.25 3
      vertex -70.1292 98.25 3
      vertex 70.0514 98.125 3
    endloop
  endfacet
  facet normal 0 0 1
    outer loop
      vertex 69.7548 97.1472 3
      vertex -69.7548 97.1472 3
      vertex -69.75 97 3
    endloop
  endfacet
  facet normal 0 0 1
    outer loop
      vertex 69.7692 97.2937 3
      vertex -69.7692 97.2937 3
      vertex -69.7548 97.1472 3
    endloop
  endfacet
  facet normal 0 0 1
    outer loop
      vertex 69.7932 97.4389 3
      vertex -69.7932 97.4389 3
      vertex -69.7692 97.2937 3
    endloop
  endfacet
  facet normal 0 0 1
    outer loop
      vertex 69.8267 97.5823 3
      vertex -69.8267 97.5823 3
      vertex -69.7932 97.4389 3
    endloop
  endfacet
  facet normal 0 0 1
    outer loop
      vertex 69.8694 97.7232 3
      vertex -69.8694 97.7232 3
      vertex -69.8267 97.5823 3
    endloop
  endfacet
  facet normal 0 0 1
    outer loop
      vertex 69.9213 97.861 3
      vertex -69.9213 97.861 3
      vertex -69.8694 97.7232 3
    endloop
  endfacet
  facet normal 0 0 1
    outer loop
      vertex 69.982 97.9951 3
      vertex -69.982 97.9951 3
      vertex -69.9213 97.861 3
    endloop
  endfacet
  facet normal 0 0 1
    outer loop
      vertex 70.0514 98.125 3
      vertex -70.0514 98.125 3
      vertex -69.982 97.9951 3
    endloop
  endfacet
  facet normal 0 0 1
    outer loop
      vertex 70.0514 98.125 3
      vertex -70.1292 98.25 3
      vertex -70.0514 98.125 3
    endloop
  endfacet
  facet normal -0 0 1
    outer loop
      vertex -74 105 3
      vertex -70.1292 98.25 3
      vertex 74 105 3
    endloop
  endfacet
  facet normal 0 0 1
    outer loop
      vertex -70.1292 98.25 3
      vertex -74 105 3
      vertex -70.215 98.3697 3
    endloop
  endfacet
  facet normal 0 0 1
    outer loop
      vertex -70.215 98.3697 3
      vertex -74 105 3
      vertex -70.3084 98.4835 3
    endloop
  endfacet
  facet normal 0 0 1
    outer loop
      vertex -70.3084 98.4835 3
      vertex -74 105 3
      vertex -70.409 98.591 3
    endloop
  endfacet
  facet normal 0 0 1
    outer loop
      vertex -70.409 98.591 3
      vertex -74 105 3
      vertex -70.5165 98.6916 3
    endloop
  endfacet
  facet normal 0 0 1
    outer loop
      vertex -70.5165 98.6916 3
      vertex -74 105 3
      vertex -70.6303 98.785 3
    endloop
  endfacet
  facet normal 0 0 1
    outer loop
      vertex -70.6303 98.785 3
      vertex -74 105 3
      vertex -70.75 98.8708 3
    endloop
  endfacet
  facet normal 0 0 1
    outer loop
      vertex -70.75 98.8708 3
      vertex -74 105 3
      vertex -70.875 98.9486 3
    endloop
  endfacet
  facet normal 0 0 1
    outer loop
      vertex -70.875 98.9486 3
      vertex -74 105 3
      vertex -71.0049 99.018 3
    endloop
  endfacet
  facet normal 0 0 1
    outer loop
      vertex -71.0049 99.018 3
      vertex -74 105 3
      vertex -71.139 99.0787 3
    endloop
  endfacet
  facet normal 0 0 1
    outer loop
      vertex -71.139 99.0787 3
      vertex -74 105 3
      vertex -71.2768 99.1306 3
    endloop
  endfacet
  facet normal 0 0 1
    outer loop
      vertex -71.2768 99.1306 3
      vertex -74 105 3
      vertex -71.4177 99.1733 3
    endloop
  endfacet
  facet normal 0 0 1
    outer loop
      vertex -71.4177 99.1733 3
      vertex -74 105 3
      vertex -71.5611 99.2068 3
    endloop
  endfacet
  facet normal 0 0 1
    outer loop
      vertex -71.5611 99.2068 3
      vertex -74 105 3
      vertex -71.7063 99.2308 3
    endloop
  endfacet
  facet normal 0 0 1
    outer loop
      vertex -71.7063 99.2308 3
      vertex -74 105 3
      vertex -71.8528 99.2452 3
    endloop
  endfacet
  facet normal 0 0 1
    outer loop
      vertex -71.8528 99.2452 3
      vertex -74 105 3
      vertex -72 99.25 3
    endloop
  endfacet
  facet normal 0 0 1
    outer loop
      vertex -72 99.25 3
      vertex -74 105 3
      vertex -72.1472 99.2452 3
    endloop
  endfacet
  facet normal 0 0 1
    outer loop
      vertex -74 105 3
      vertex -72.2937 99.2308 3
      vertex -72.1472 99.2452 3
    endloop
  endfacet
  facet normal 0 0 1
    outer loop
      vertex -74 105 3
      vertex -72.4389 99.2068 3
      vertex -72.2937 99.2308 3
    endloop
  endfacet
  facet normal 0 0 1
    outer loop
      vertex -74 105 3
      vertex -72.5823 99.1733 3
      vertex -72.4389 99.2068 3
    endloop
  endfacet
  facet normal 0 0 1
    outer loop
      vertex -74 105 3
      vertex -72.7232 99.1306 3
      vertex -72.5823 99.1733 3
    endloop
  endfacet
  facet normal 0 0 1
    outer loop
      vertex -74 105 3
      vertex -72.861 99.0787 3
      vertex -72.7232 99.1306 3
    endloop
  endfacet
  facet normal -0 0 1
    outer loop
      vertex -74.3924 104.987 3
      vertex -72.861 99.0787 3
      vertex -74 105 3
    endloop
  endfacet
  facet normal 0 0 1
    outer loop
      vertex -72.861 99.0787 3
      vertex -74.3924 104.987 3
      vertex -72.9951 99.018 3
    endloop
  endfacet
  facet normal -0 0 1
    outer loop
      vertex -74.7832 104.949 3
      vertex -72.9951 99.018 3
      vertex -74.3924 104.987 3
    endloop
  endfacet
  facet normal -0 0 1
    outer loop
      vertex -75.1705 104.885 3
      vertex -72.9951 99.018 3
      vertex -74.7832 104.949 3
    endloop
  endfacet
  facet normal 0 0 1
    outer loop
      vertex -72.9951 99.018 3
      vertex -75.1705 104.885 3
      vertex -73.125 98.9486 3
    endloop
  endfacet
  facet normal -0 0 1
    outer loop
      vertex -75.5529 104.796 3
      vertex -73.125 98.9486 3
      vertex -75.1705 104.885 3
    endloop
  endfacet
  facet normal -0 0 1
    outer loop
      vertex -75.9286 104.682 3
      vertex -73.125 98.9486 3
      vertex -75.5529 104.796 3
    endloop
  endfacet
  facet normal 0 0 1
    outer loop
      vertex -73.125 98.9486 3
      vertex -75.9286 104.682 3
      vertex -73.25 98.8708 3
    endloop
  endfacet
  facet normal -0 0 1
    outer loop
      vertex -76.2961 104.543 3
      vertex -73.25 98.8708 3
      vertex -75.9286 104.682 3
    endloop
  endfacet
  facet normal -0 0 1
    outer loop
      vertex -76.6537 104.381 3
      vertex -73.25 98.8708 3
      vertex -76.2961 104.543 3
    endloop
  endfacet
  facet normal 0 0 1
    outer loop
      vertex -73.25 98.8708 3
      vertex -76.6537 104.381 3
      vertex -73.3697 98.785 3
    endloop
  endfacet
  facet normal -0 0 1
    outer loop
      vertex -77 104.196 3
      vertex -73.3697 98.785 3
      vertex -76.6537 104.381 3
    endloop
  endfacet
  facet normal -0 0 1
    outer loop
      vertex -77.3334 103.989 3
      vertex -73.3697 98.785 3
      vertex -77 104.196 3
    endloop
  endfacet
  facet normal 0 0 1
    outer loop
      vertex -73.3697 98.785 3
      vertex -77.3334 103.989 3
      vertex -73.4835 98.6916 3
    endloop
  endfacet
  facet normal -0 0 1
    outer loop
      vertex -77.6526 103.76 3
      vertex -73.4835 98.6916 3
      vertex -77.3334 103.989 3
    endloop
  endfacet
  facet normal -0 0 1
    outer loop
      vertex -77.9561 103.511 3
      vertex -73.4835 98.6916 3
      vertex -77.6526 103.76 3
    endloop
  endfacet
  facet normal 0 0 1
    outer loop
      vertex -73.4835 98.6916 3
      vertex -77.9561 103.511 3
      vertex -73.591 98.591 3
    endloop
  endfacet
  facet normal -0 0 1
    outer loop
      vertex -78.2426 103.243 3
      vertex -73.591 98.591 3
      vertex -77.9561 103.511 3
    endloop
  endfacet
  facet normal 0 0 1
    outer loop
      vertex -73.591 98.591 3
      vertex -78.511 102.956 3
      vertex -73.6916 98.4835 3
    endloop
  endfacet
  facet normal -0 0 1
    outer loop
      vertex -78.511 102.956 3
      vertex -73.591 98.591 3
      vertex -78.2426 103.243 3
    endloop
  endfacet
  facet normal -0 0 1
    outer loop
      vertex 73.591 -98.591 3
      vertex 78.511 -102.956 3
      vertex 73.6916 -98.4835 3
    endloop
  endfacet
  facet normal 0 0 1
    outer loop
      vertex 78.511 -102.956 3
      vertex 73.591 -98.591 3
      vertex 78.2426 -103.243 3
    endloop
  endfacet
  facet normal 0 0 1
    outer loop
      vertex 78.2426 -103.243 3
      vertex 73.591 -98.591 3
      vertex 77.9561 -103.511 3
    endloop
  endfacet
  facet normal -0 0 1
    outer loop
      vertex 73.4835 -98.6916 3
      vertex 77.9561 -103.511 3
      vertex 73.591 -98.591 3
    endloop
  endfacet
  facet normal 0 0 1
    outer loop
      vertex 77.9561 -103.511 3
      vertex 73.4835 -98.6916 3
      vertex 77.6526 -103.76 3
    endloop
  endfacet
  facet normal 0 0 1
    outer loop
      vertex 77.6526 -103.76 3
      vertex 73.4835 -98.6916 3
      vertex 77.3334 -103.989 3
    endloop
  endfacet
  facet normal -0 0 1
    outer loop
      vertex 73.3697 -98.785 3
      vertex 77.3334 -103.989 3
      vertex 73.4835 -98.6916 3
    endloop
  endfacet
  facet normal 0 0 1
    outer loop
      vertex 77.3334 -103.989 3
      vertex 73.3697 -98.785 3
      vertex 77 -104.196 3
    endloop
  endfacet
  facet normal 0 0 1
    outer loop
      vertex 77 -104.196 3
      vertex 73.3697 -98.785 3
      vertex 76.6537 -104.381 3
    endloop
  endfacet
  facet normal -0 0 1
    outer loop
      vertex 73.25 -98.8708 3
      vertex 76.6537 -104.381 3
      vertex 73.3697 -98.785 3
    endloop
  endfacet
  facet normal 0 0 1
    outer loop
      vertex 76.6537 -104.381 3
      vertex 73.25 -98.8708 3
      vertex 76.2961 -104.543 3
    endloop
  endfacet
  facet normal 0 0 1
    outer loop
      vertex 76.2961 -104.543 3
      vertex 73.25 -98.8708 3
      vertex 75.9286 -104.682 3
    endloop
  endfacet
  facet normal -0 0 1
    outer loop
      vertex 73.125 -98.9486 3
      vertex 75.9286 -104.682 3
      vertex 73.25 -98.8708 3
    endloop
  endfacet
  facet normal 0 0 1
    outer loop
      vertex 75.9286 -104.682 3
      vertex 73.125 -98.9486 3
      vertex 75.5529 -104.796 3
    endloop
  endfacet
  facet normal 0 0 1
    outer loop
      vertex 75.5529 -104.796 3
      vertex 73.125 -98.9486 3
      vertex 75.1705 -104.885 3
    endloop
  endfacet
  facet normal -0 0 1
    outer loop
      vertex 72.9951 -99.018 3
      vertex 75.1705 -104.885 3
      vertex 73.125 -98.9486 3
    endloop
  endfacet
  facet normal 0 0 1
    outer loop
      vertex 75.1705 -104.885 3
      vertex 72.9951 -99.018 3
      vertex 74.7832 -104.949 3
    endloop
  endfacet
  facet normal 0 0 1
    outer loop
      vertex 74.7832 -104.949 3
      vertex 72.9951 -99.018 3
      vertex 74.3924 -104.987 3
    endloop
  endfacet
  facet normal -0 0 1
    outer loop
      vertex 72.861 -99.0787 3
      vertex 74.3924 -104.987 3
      vertex 72.9951 -99.018 3
    endloop
  endfacet
  facet normal 0 0 1
    outer loop
      vertex 74.3924 -104.987 3
      vertex 72.861 -99.0787 3
      vertex 74 -105 3
    endloop
  endfacet
  facet normal -0 0 1
    outer loop
      vertex 72.7232 -99.1306 3
      vertex 74 -105 3
      vertex 72.861 -99.0787 3
    endloop
  endfacet
  facet normal -0 0 1
    outer loop
      vertex 72.5823 -99.1733 3
      vertex 74 -105 3
      vertex 72.7232 -99.1306 3
    endloop
  endfacet
  facet normal -0 0 1
    outer loop
      vertex 72.4389 -99.2068 3
      vertex 74 -105 3
      vertex 72.5823 -99.1733 3
    endloop
  endfacet
  facet normal -0 0 1
    outer loop
      vertex 72.2937 -99.2308 3
      vertex 74 -105 3
      vertex 72.4389 -99.2068 3
    endloop
  endfacet
  facet normal -0 0 1
    outer loop
      vertex 72.1472 -99.2452 3
      vertex 74 -105 3
      vertex 72.2937 -99.2308 3
    endloop
  endfacet
  facet normal -0 0 1
    outer loop
      vertex 72 -99.25 3
      vertex 74 -105 3
      vertex 72.1472 -99.2452 3
    endloop
  endfacet
  facet normal 0 0 1
    outer loop
      vertex 71.8528 -99.2452 3
      vertex 74 -105 3
      vertex 72 -99.25 3
    endloop
  endfacet
  facet normal 0 0 1
    outer loop
      vertex 71.7063 -99.2308 3
      vertex 74 -105 3
      vertex 71.8528 -99.2452 3
    endloop
  endfacet
  facet normal 0 0 1
    outer loop
      vertex 71.5611 -99.2068 3
      vertex 74 -105 3
      vertex 71.7063 -99.2308 3
    endloop
  endfacet
  facet normal 0 0 1
    outer loop
      vertex 71.4177 -99.1733 3
      vertex 74 -105 3
      vertex 71.5611 -99.2068 3
    endloop
  endfacet
  facet normal 0 0 1
    outer loop
      vertex 71.2768 -99.1306 3
      vertex 74 -105 3
      vertex 71.4177 -99.1733 3
    endloop
  endfacet
  facet normal 0 0 1
    outer loop
      vertex 71.139 -99.0787 3
      vertex 74 -105 3
      vertex 71.2768 -99.1306 3
    endloop
  endfacet
  facet normal 0 0 1
    outer loop
      vertex 71.0049 -99.018 3
      vertex 74 -105 3
      vertex 71.139 -99.0787 3
    endloop
  endfacet
  facet normal 0 0 1
    outer loop
      vertex 70.875 -98.9486 3
      vertex 74 -105 3
      vertex 71.0049 -99.018 3
    endloop
  endfacet
  facet normal 0 0 1
    outer loop
      vertex 70.75 -98.8708 3
      vertex 74 -105 3
      vertex 70.875 -98.9486 3
    endloop
  endfacet
  facet normal 0 0 1
    outer loop
      vertex 70.6303 -98.785 3
      vertex 74 -105 3
      vertex 70.75 -98.8708 3
    endloop
  endfacet
  facet normal 0 0 1
    outer loop
      vertex 70.5165 -98.6916 3
      vertex 74 -105 3
      vertex 70.6303 -98.785 3
    endloop
  endfacet
  facet normal 0 0 1
    outer loop
      vertex 70.409 -98.591 3
      vertex 74 -105 3
      vertex 70.5165 -98.6916 3
    endloop
  endfacet
  facet normal 0 0 1
    outer loop
      vertex 70.3084 -98.4835 3
      vertex 74 -105 3
      vertex 70.409 -98.591 3
    endloop
  endfacet
  facet normal 0 0 1
    outer loop
      vertex 70.215 -98.3697 3
      vertex 74 -105 3
      vertex 70.3084 -98.4835 3
    endloop
  endfacet
  facet normal 0 0 1
    outer loop
      vertex 70.1292 -98.25 3
      vertex 74 -105 3
      vertex 70.215 -98.3697 3
    endloop
  endfacet
  facet normal 0 0 1
    outer loop
      vertex -70.1292 -98.25 3
      vertex 70.1292 -98.25 3
      vertex 70.0514 -98.125 3
    endloop
  endfacet
  facet normal 0 0 1
    outer loop
      vertex 69.7548 -96.8528 3
      vertex -69.75 -97 3
      vertex 69.75 -97 3
    endloop
  endfacet
  facet normal 0 0 1
    outer loop
      vertex 69.75 -97 3
      vertex -69.75 -97 3
      vertex 69.7548 -97.1472 3
    endloop
  endfacet
  facet normal 0 0 1
    outer loop
      vertex -69.7548 -97.1472 3
      vertex 69.7548 -97.1472 3
      vertex -69.75 -97 3
    endloop
  endfacet
  facet normal 0 0 1
    outer loop
      vertex 69.7548 -97.1472 3
      vertex -69.7548 -97.1472 3
      vertex 69.7692 -97.2937 3
    endloop
  endfacet
  facet normal 0 0 1
    outer loop
      vertex -69.7692 -97.2937 3
      vertex 69.7692 -97.2937 3
      vertex -69.7548 -97.1472 3
    endloop
  endfacet
  facet normal 0 0 1
    outer loop
      vertex 69.7692 -97.2937 3
      vertex -69.7692 -97.2937 3
      vertex 69.7932 -97.4389 3
    endloop
  endfacet
  facet normal 0 0 1
    outer loop
      vertex -69.7932 -97.4389 3
      vertex 69.7932 -97.4389 3
      vertex -69.7692 -97.2937 3
    endloop
  endfacet
  facet normal 0 0 1
    outer loop
      vertex 69.7932 -97.4389 3
      vertex -69.7932 -97.4389 3
      vertex 69.8267 -97.5823 3
    endloop
  endfacet
  facet normal 0 0 1
    outer loop
      vertex -69.8267 -97.5823 3
      vertex 69.8267 -97.5823 3
      vertex -69.7932 -97.4389 3
    endloop
  endfacet
  facet normal 0 0 1
    outer loop
      vertex 69.8267 -97.5823 3
      vertex -69.8267 -97.5823 3
      vertex 69.8694 -97.7232 3
    endloop
  endfacet
  facet normal 0 0 1
    outer loop
      vertex -69.8694 -97.7232 3
      vertex 69.8694 -97.7232 3
      vertex -69.8267 -97.5823 3
    endloop
  endfacet
  facet normal 0 0 1
    outer loop
      vertex 69.8694 -97.7232 3
      vertex -69.8694 -97.7232 3
      vertex 69.9213 -97.861 3
    endloop
  endfacet
  facet normal 0 0 1
    outer loop
      vertex -69.9213 -97.861 3
      vertex 69.9213 -97.861 3
      vertex -69.8694 -97.7232 3
    endloop
  endfacet
  facet normal 0 0 1
    outer loop
      vertex 69.9213 -97.861 3
      vertex -69.9213 -97.861 3
      vertex 69.982 -97.9951 3
    endloop
  endfacet
  facet normal 0 0 1
    outer loop
      vertex -69.982 -97.9951 3
      vertex 69.982 -97.9951 3
      vertex -69.9213 -97.861 3
    endloop
  endfacet
  facet normal 0 0 1
    outer loop
      vertex 69.982 -97.9951 3
      vertex -69.982 -97.9951 3
      vertex 70.0514 -98.125 3
    endloop
  endfacet
  facet normal 0 0 1
    outer loop
      vertex -70.0514 -98.125 3
      vertex 70.0514 -98.125 3
      vertex -69.982 -97.9951 3
    endloop
  endfacet
  facet normal 0 0 1
    outer loop
      vertex -70.1292 -98.25 3
      vertex 70.0514 -98.125 3
      vertex -70.0514 -98.125 3
    endloop
  endfacet
  facet normal 0 0 1
    outer loop
      vertex 70.1292 -98.25 3
      vertex -70.1292 -98.25 3
      vertex 74 -105 3
    endloop
  endfacet
  facet normal 0 0 1
    outer loop
      vertex -74 -105 3
      vertex -70.1292 -98.25 3
      vertex -70.215 -98.3697 3
    endloop
  endfacet
  facet normal 0 0 1
    outer loop
      vertex -74 -105 3
      vertex -70.215 -98.3697 3
      vertex -70.3084 -98.4835 3
    endloop
  endfacet
  facet normal 0 0 1
    outer loop
      vertex -74 -105 3
      vertex -70.3084 -98.4835 3
      vertex -70.409 -98.591 3
    endloop
  endfacet
  facet normal 0 0 1
    outer loop
      vertex -74 -105 3
      vertex -70.409 -98.591 3
      vertex -70.5165 -98.6916 3
    endloop
  endfacet
  facet normal 0 0 1
    outer loop
      vertex -74 -105 3
      vertex -70.5165 -98.6916 3
      vertex -70.6303 -98.785 3
    endloop
  endfacet
  facet normal 0 0 1
    outer loop
      vertex -74 -105 3
      vertex -70.6303 -98.785 3
      vertex -70.75 -98.8708 3
    endloop
  endfacet
  facet normal 0 0 1
    outer loop
      vertex -74 -105 3
      vertex -70.75 -98.8708 3
      vertex -70.875 -98.9486 3
    endloop
  endfacet
  facet normal 0 0 1
    outer loop
      vertex -74 -105 3
      vertex -70.875 -98.9486 3
      vertex -71.0049 -99.018 3
    endloop
  endfacet
  facet normal 0 0 1
    outer loop
      vertex -74 -105 3
      vertex -71.0049 -99.018 3
      vertex -71.139 -99.0787 3
    endloop
  endfacet
  facet normal 0 0 1
    outer loop
      vertex -74 -105 3
      vertex -71.139 -99.0787 3
      vertex -71.2768 -99.1306 3
    endloop
  endfacet
  facet normal 0 0 1
    outer loop
      vertex -74 -105 3
      vertex -71.2768 -99.1306 3
      vertex -71.4177 -99.1733 3
    endloop
  endfacet
  facet normal 0 0 1
    outer loop
      vertex -74 -105 3
      vertex -71.4177 -99.1733 3
      vertex -71.5611 -99.2068 3
    endloop
  endfacet
  facet normal 0 0 1
    outer loop
      vertex -74 -105 3
      vertex -71.5611 -99.2068 3
      vertex -71.7063 -99.2308 3
    endloop
  endfacet
  facet normal 0 0 1
    outer loop
      vertex -74 -105 3
      vertex -71.7063 -99.2308 3
      vertex -71.8528 -99.2452 3
    endloop
  endfacet
  facet normal 0 0 1
    outer loop
      vertex -74 -105 3
      vertex -71.8528 -99.2452 3
      vertex -72 -99.25 3
    endloop
  endfacet
  facet normal 0 0 1
    outer loop
      vertex -74 -105 3
      vertex -72 -99.25 3
      vertex -72.1472 -99.2452 3
    endloop
  endfacet
  facet normal 0 0 1
    outer loop
      vertex -70.1292 -98.25 3
      vertex -74 -105 3
      vertex 74 -105 3
    endloop
  endfacet
  facet normal 0 0 1
    outer loop
      vertex -72.2937 -99.2308 3
      vertex -74 -105 3
      vertex -72.1472 -99.2452 3
    endloop
  endfacet
  facet normal 0 0 1
    outer loop
      vertex -72.4389 -99.2068 3
      vertex -74 -105 3
      vertex -72.2937 -99.2308 3
    endloop
  endfacet
  facet normal 0 0 1
    outer loop
      vertex -72.5823 -99.1733 3
      vertex -74 -105 3
      vertex -72.4389 -99.2068 3
    endloop
  endfacet
  facet normal 0 0 1
    outer loop
      vertex -72.7232 -99.1306 3
      vertex -74 -105 3
      vertex -72.5823 -99.1733 3
    endloop
  endfacet
  facet normal 0 0 1
    outer loop
      vertex -72.861 -99.0787 3
      vertex -74 -105 3
      vertex -72.7232 -99.1306 3
    endloop
  endfacet
  facet normal 0 0 1
    outer loop
      vertex -74.3924 -104.987 3
      vertex -72.861 -99.0787 3
      vertex -72.9951 -99.018 3
    endloop
  endfacet
  facet normal 0 0 1
    outer loop
      vertex -75.1705 -104.885 3
      vertex -72.9951 -99.018 3
      vertex -73.125 -98.9486 3
    endloop
  endfacet
  facet normal 0 0 1
    outer loop
      vertex -75.9286 -104.682 3
      vertex -73.125 -98.9486 3
      vertex -73.25 -98.8708 3
    endloop
  endfacet
  facet normal 0 0 1
    outer loop
      vertex -76.6537 -104.381 3
      vertex -73.25 -98.8708 3
      vertex -73.3697 -98.785 3
    endloop
  endfacet
  facet normal 0 0 1
    outer loop
      vertex -77.3334 -103.989 3
      vertex -73.3697 -98.785 3
      vertex -73.4835 -98.6916 3
    endloop
  endfacet
  facet normal 0 0 1
    outer loop
      vertex -77.9561 -103.511 3
      vertex -73.4835 -98.6916 3
      vertex -73.591 -98.591 3
    endloop
  endfacet
  facet normal 0 0 1
    outer loop
      vertex -78.511 -102.956 3
      vertex -73.591 -98.591 3
      vertex -73.6916 -98.4835 3
    endloop
  endfacet
  facet normal 0 0 1
    outer loop
      vertex -78.9888 -102.333 3
      vertex -73.6916 -98.4835 3
      vertex -73.785 -98.3697 3
    endloop
  endfacet
  facet normal 0 0 1
    outer loop
      vertex -79.3812 -101.654 3
      vertex -73.785 -98.3697 3
      vertex -73.8708 -98.25 3
    endloop
  endfacet
  facet normal 0 0 1
    outer loop
      vertex -79.6816 -100.929 3
      vertex -73.8708 -98.25 3
      vertex -73.9486 -98.125 3
    endloop
  endfacet
  facet normal 0 0 1
    outer loop
      vertex -79.8847 -100.171 3
      vertex -73.9486 -98.125 3
      vertex -74.018 -97.9951 3
    endloop
  endfacet
  facet normal 0 0 1
    outer loop
      vertex -79.9872 -99.3924 3
      vertex -74.018 -97.9951 3
      vertex -74.0787 -97.861 3
    endloop
  endfacet
  facet normal 0 0 1
    outer loop
      vertex -80 -99 3
      vertex -74.0787 -97.861 3
      vertex -74.1306 -97.7232 3
    endloop
  endfacet
  facet normal 0 0 1
    outer loop
      vertex -80 -99 3
      vertex -74.1306 -97.7232 3
      vertex -74.1733 -97.5823 3
    endloop
  endfacet
  facet normal 0 0 1
    outer loop
      vertex -80 -99 3
      vertex -74.1733 -97.5823 3
      vertex -74.2068 -97.4389 3
    endloop
  endfacet
  facet normal 0 0 1
    outer loop
      vertex -80 -99 3
      vertex -74.2068 -97.4389 3
      vertex -74.2308 -97.2937 3
    endloop
  endfacet
  facet normal 0 0 1
    outer loop
      vertex -80 -99 3
      vertex -74.2308 -97.2937 3
      vertex -74.2452 -97.1472 3
    endloop
  endfacet
  facet normal 0 0 1
    outer loop
      vertex -80 -99 3
      vertex -74.2452 -97.1472 3
      vertex -74.25 -97 3
    endloop
  endfacet
  facet normal 0 0 1
    outer loop
      vertex -72.861 -99.0787 3
      vertex -74.3924 -104.987 3
      vertex -74 -105 3
    endloop
  endfacet
  facet normal 0 0 1
    outer loop
      vertex -74.2308 -96.7063 3
      vertex -80 -99 3
      vertex -74.2452 -96.8528 3
    endloop
  endfacet
  facet normal -0 0 1
    outer loop
      vertex -78.7601 102.653 3
      vertex -73.6916 98.4835 3
      vertex -78.511 102.956 3
    endloop
  endfacet
  facet normal 0 0 1
    outer loop
      vertex -74.2452 -96.8528 3
      vertex -80 -99 3
      vertex -74.25 -97 3
    endloop
  endfacet
  facet normal -0 0 1
    outer loop
      vertex -78.9888 102.333 3
      vertex -73.6916 98.4835 3
      vertex -78.7601 102.653 3
    endloop
  endfacet
  facet normal 0 0 1
    outer loop
      vertex -74.0787 -97.861 3
      vertex -80 -99 3
      vertex -79.9872 -99.3924 3
    endloop
  endfacet
  facet normal 0 0 1
    outer loop
      vertex -73.6916 98.4835 3
      vertex -78.9888 102.333 3
      vertex -73.785 98.3697 3
    endloop
  endfacet
  facet normal 0 0 1
    outer loop
      vertex -72.9951 -99.018 3
      vertex -74.7832 -104.949 3
      vertex -74.3924 -104.987 3
    endloop
  endfacet
  facet normal -0 0 1
    outer loop
      vertex -79.1962 102 3
      vertex -73.785 98.3697 3
      vertex -78.9888 102.333 3
    endloop
  endfacet
  facet normal 0 0 1
    outer loop
      vertex -72.9951 -99.018 3
      vertex -75.1705 -104.885 3
      vertex -74.7832 -104.949 3
    endloop
  endfacet
  facet normal -0 0 1
    outer loop
      vertex -79.3812 101.654 3
      vertex -73.785 98.3697 3
      vertex -79.1962 102 3
    endloop
  endfacet
  facet normal 0 0 1
    outer loop
      vertex -73.125 -98.9486 3
      vertex -75.5529 -104.796 3
      vertex -75.1705 -104.885 3
    endloop
  endfacet
  facet normal 0 0 1
    outer loop
      vertex -73.785 98.3697 3
      vertex -79.3812 101.654 3
      vertex -73.8708 98.25 3
    endloop
  endfacet
  facet normal 0 0 1
    outer loop
      vertex -73.125 -98.9486 3
      vertex -75.9286 -104.682 3
      vertex -75.5529 -104.796 3
    endloop
  endfacet
  facet normal -0 0 1
    outer loop
      vertex -79.5433 101.296 3
      vertex -73.8708 98.25 3
      vertex -79.3812 101.654 3
    endloop
  endfacet
  facet normal 0 0 1
    outer loop
      vertex -73.25 -98.8708 3
      vertex -76.2961 -104.543 3
      vertex -75.9286 -104.682 3
    endloop
  endfacet
  facet normal -0 0 1
    outer loop
      vertex -79.6816 100.929 3
      vertex -73.8708 98.25 3
      vertex -79.5433 101.296 3
    endloop
  endfacet
  facet normal 0 0 1
    outer loop
      vertex -73.25 -98.8708 3
      vertex -76.6537 -104.381 3
      vertex -76.2961 -104.543 3
    endloop
  endfacet
  facet normal 0 0 1
    outer loop
      vertex -73.8708 98.25 3
      vertex -79.6816 100.929 3
      vertex -73.9486 98.125 3
    endloop
  endfacet
  facet normal 0 0 1
    outer loop
      vertex -73.3697 -98.785 3
      vertex -77 -104.196 3
      vertex -76.6537 -104.381 3
    endloop
  endfacet
  facet normal -0 0 1
    outer loop
      vertex -79.7955 100.553 3
      vertex -73.9486 98.125 3
      vertex -79.6816 100.929 3
    endloop
  endfacet
  facet normal 0 0 1
    outer loop
      vertex -73.3697 -98.785 3
      vertex -77.3334 -103.989 3
      vertex -77 -104.196 3
    endloop
  endfacet
  facet normal -0 0 1
    outer loop
      vertex -79.8847 100.171 3
      vertex -73.9486 98.125 3
      vertex -79.7955 100.553 3
    endloop
  endfacet
  facet normal 0 0 1
    outer loop
      vertex -73.4835 -98.6916 3
      vertex -77.6526 -103.76 3
      vertex -77.3334 -103.989 3
    endloop
  endfacet
  facet normal 0 0 1
    outer loop
      vertex -73.9486 98.125 3
      vertex -79.8847 100.171 3
      vertex -74.018 97.9951 3
    endloop
  endfacet
  facet normal 0 0 1
    outer loop
      vertex -73.4835 -98.6916 3
      vertex -77.9561 -103.511 3
      vertex -77.6526 -103.76 3
    endloop
  endfacet
  facet normal -0 0 1
    outer loop
      vertex -79.9487 99.7832 3
      vertex -74.018 97.9951 3
      vertex -79.8847 100.171 3
    endloop
  endfacet
  facet normal 0 0 1
    outer loop
      vertex -73.591 -98.591 3
      vertex -78.2426 -103.243 3
      vertex -77.9561 -103.511 3
    endloop
  endfacet
  facet normal -0 0 1
    outer loop
      vertex -79.9872 99.3924 3
      vertex -74.018 97.9951 3
      vertex -79.9487 99.7832 3
    endloop
  endfacet
  facet normal 0 0 1
    outer loop
      vertex -73.591 -98.591 3
      vertex -78.511 -102.956 3
      vertex -78.2426 -103.243 3
    endloop
  endfacet
  facet normal 0 0 1
    outer loop
      vertex -74.018 97.9951 3
      vertex -79.9872 99.3924 3
      vertex -74.0787 97.861 3
    endloop
  endfacet
  facet normal 0 0 1
    outer loop
      vertex -73.6916 -98.4835 3
      vertex -78.7601 -102.653 3
      vertex -78.511 -102.956 3
    endloop
  endfacet
  facet normal -0 0 1
    outer loop
      vertex -80 99 3
      vertex -74.0787 97.861 3
      vertex -79.9872 99.3924 3
    endloop
  endfacet
  facet normal 0 0 1
    outer loop
      vertex -73.6916 -98.4835 3
      vertex -78.9888 -102.333 3
      vertex -78.7601 -102.653 3
    endloop
  endfacet
  facet normal 0 0 1
    outer loop
      vertex -74.0787 97.861 3
      vertex -80 99 3
      vertex -74.1306 97.7232 3
    endloop
  endfacet
  facet normal 0 0 1
    outer loop
      vertex -73.785 -98.3697 3
      vertex -79.1962 -102 3
      vertex -78.9888 -102.333 3
    endloop
  endfacet
  facet normal 0 0 1
    outer loop
      vertex -74.1306 97.7232 3
      vertex -80 99 3
      vertex -74.1733 97.5823 3
    endloop
  endfacet
  facet normal 0 0 1
    outer loop
      vertex -73.785 -98.3697 3
      vertex -79.3812 -101.654 3
      vertex -79.1962 -102 3
    endloop
  endfacet
  facet normal 0 0 1
    outer loop
      vertex -74.1733 97.5823 3
      vertex -80 99 3
      vertex -74.2068 97.4389 3
    endloop
  endfacet
  facet normal 0 0 1
    outer loop
      vertex -73.8708 -98.25 3
      vertex -79.5433 -101.296 3
      vertex -79.3812 -101.654 3
    endloop
  endfacet
  facet normal 0 0 1
    outer loop
      vertex -74.2068 97.4389 3
      vertex -80 99 3
      vertex -74.2308 97.2937 3
    endloop
  endfacet
  facet normal 0 0 1
    outer loop
      vertex -73.8708 -98.25 3
      vertex -79.6816 -100.929 3
      vertex -79.5433 -101.296 3
    endloop
  endfacet
  facet normal 0 0 1
    outer loop
      vertex -74.2308 97.2937 3
      vertex -80 99 3
      vertex -74.2452 97.1472 3
    endloop
  endfacet
  facet normal 0 0 1
    outer loop
      vertex -73.9486 -98.125 3
      vertex -79.7955 -100.553 3
      vertex -79.6816 -100.929 3
    endloop
  endfacet
  facet normal 0 0 1
    outer loop
      vertex -74.2452 97.1472 3
      vertex -80 99 3
      vertex -74.25 97 3
    endloop
  endfacet
  facet normal 0 0 1
    outer loop
      vertex -73.9486 -98.125 3
      vertex -79.8847 -100.171 3
      vertex -79.7955 -100.553 3
    endloop
  endfacet
  facet normal 0 0 1
    outer loop
      vertex -74.018 -97.9951 3
      vertex -79.9487 -99.7832 3
      vertex -79.8847 -100.171 3
    endloop
  endfacet
  facet normal 0 0 1
    outer loop
      vertex -74.018 -97.9951 3
      vertex -79.9872 -99.3924 3
      vertex -79.9487 -99.7832 3
    endloop
  endfacet
  facet normal 0 1 -0
    outer loop
      vertex 74 105 0
      vertex -74 105 3
      vertex 74 105 3
    endloop
  endfacet
  facet normal 0 1 0
    outer loop
      vertex -74 105 3
      vertex 74 105 0
      vertex -74 105 0
    endloop
  endfacet
  facet normal -0.634278 0.773105 0
    outer loop
      vertex -77.6526 103.76 0
      vertex -77.9561 103.511 3
      vertex -77.6526 103.76 3
    endloop
  endfacet
  facet normal -0.634278 0.773105 0
    outer loop
      vertex -77.9561 103.511 3
      vertex -77.6526 103.76 0
      vertex -77.9561 103.511 0
    endloop
  endfacet
  facet normal -0.881859 -0.471514 0
    outer loop
      vertex -79.1962 -102 0
      vertex -79.3812 -101.654 3
      vertex -79.3812 -101.654 0
    endloop
  endfacet
  facet normal -0.881859 -0.471514 0
    outer loop
      vertex -79.3812 -101.654 3
      vertex -79.1962 -102 0
      vertex -79.1962 -102 3
    endloop
  endfacet
  facet normal -0.848828 -0.528669 0
    outer loop
      vertex -78.9888 -102.333 0
      vertex -79.1962 -102 3
      vertex -79.1962 -102 0
    endloop
  endfacet
  facet normal -0.848828 -0.528669 0
    outer loop
      vertex -79.1962 -102 3
      vertex -78.9888 -102.333 0
      vertex -78.9888 -102.333 3
    endloop
  endfacet
  facet normal -0.353772 0.935332 0
    outer loop
      vertex -75.9286 104.682 0
      vertex -76.2961 104.543 3
      vertex -75.9286 104.682 3
    endloop
  endfacet
  facet normal -0.353772 0.935332 0
    outer loop
      vertex -76.2961 104.543 3
      vertex -75.9286 104.682 0
      vertex -76.2961 104.543 0
    endloop
  endfacet
  facet normal -0.634278 -0.773105 0
    outer loop
      vertex -77.9561 -103.511 0
      vertex -77.6526 -103.76 3
      vertex -77.9561 -103.511 3
    endloop
  endfacet
  facet normal -0.634278 -0.773105 -0
    outer loop
      vertex -77.6526 -103.76 3
      vertex -77.9561 -103.511 0
      vertex -77.6526 -103.76 0
    endloop
  endfacet
  facet normal -0.986654 0.162831 0
    outer loop
      vertex -79.9487 99.7832 0
      vertex -79.8847 100.171 3
      vertex -79.8847 100.171 0
    endloop
  endfacet
  facet normal -0.986654 0.162831 0
    outer loop
      vertex -79.8847 100.171 3
      vertex -79.9487 99.7832 0
      vertex -79.9487 99.7832 3
    endloop
  endfacet
  facet normal -0.848828 0.528669 0
    outer loop
      vertex -79.1962 102 0
      vertex -78.9888 102.333 3
      vertex -78.9888 102.333 0
    endloop
  endfacet
  facet normal -0.848828 0.528669 0
    outer loop
      vertex -78.9888 102.333 3
      vertex -79.1962 102 0
      vertex -79.1962 102 3
    endloop
  endfacet
  facet normal 0.848828 -0.528669 0
    outer loop
      vertex 78.9888 -102.333 3
      vertex 79.1962 -102 0
      vertex 79.1962 -102 3
    endloop
  endfacet
  facet normal 0.848828 -0.528669 0
    outer loop
      vertex 79.1962 -102 0
      vertex 78.9888 -102.333 3
      vertex 78.9888 -102.333 0
    endloop
  endfacet
  facet normal 0.730378 -0.683043 0
    outer loop
      vertex 78.2426 -103.243 3
      vertex 78.511 -102.956 0
      vertex 78.511 -102.956 3
    endloop
  endfacet
  facet normal 0.730378 -0.683043 0
    outer loop
      vertex 78.511 -102.956 0
      vertex 78.2426 -103.243 3
      vertex 78.2426 -103.243 0
    endloop
  endfacet
  facet normal -0.09678 0.995306 0
    outer loop
      vertex -74.3924 104.987 0
      vertex -74.7832 104.949 3
      vertex -74.3924 104.987 3
    endloop
  endfacet
  facet normal -0.09678 0.995306 0
    outer loop
      vertex -74.7832 104.949 3
      vertex -74.3924 104.987 0
      vertex -74.7832 104.949 0
    endloop
  endfacet
  facet normal -0.353772 -0.935332 0
    outer loop
      vertex -76.2961 -104.543 0
      vertex -75.9286 -104.682 3
      vertex -76.2961 -104.543 3
    endloop
  endfacet
  facet normal -0.353772 -0.935332 -0
    outer loop
      vertex -75.9286 -104.682 3
      vertex -76.2961 -104.543 0
      vertex -75.9286 -104.682 0
    endloop
  endfacet
  facet normal -0.163036 0.98662 0
    outer loop
      vertex -74.7832 104.949 0
      vertex -75.1705 104.885 3
      vertex -74.7832 104.949 3
    endloop
  endfacet
  facet normal -0.163036 0.98662 0
    outer loop
      vertex -75.1705 104.885 3
      vertex -74.7832 104.949 0
      vertex -75.1705 104.885 0
    endloop
  endfacet
  facet normal 0.09678 0.995306 -0
    outer loop
      vertex 74.7832 104.949 0
      vertex 74.3924 104.987 3
      vertex 74.7832 104.949 3
    endloop
  endfacet
  facet normal 0.09678 0.995306 0
    outer loop
      vertex 74.3924 104.987 3
      vertex 74.7832 104.949 0
      vertex 74.3924 104.987 0
    endloop
  endfacet
  facet normal -0.772467 0.635055 0
    outer loop
      vertex -78.7601 102.653 0
      vertex -78.511 102.956 3
      vertex -78.511 102.956 0
    endloop
  endfacet
  facet normal -0.772467 0.635055 0
    outer loop
      vertex -78.511 102.956 3
      vertex -78.7601 102.653 0
      vertex -78.7601 102.653 3
    endloop
  endfacet
  facet normal 0.813579 -0.581455 0
    outer loop
      vertex 78.7601 -102.653 3
      vertex 78.9888 -102.333 0
      vertex 78.9888 -102.333 3
    endloop
  endfacet
  facet normal 0.813579 -0.581455 0
    outer loop
      vertex 78.9888 -102.333 0
      vertex 78.7601 -102.653 3
      vertex 78.7601 -102.653 0
    endloop
  endfacet
  facet normal 0.412651 -0.910889 0
    outer loop
      vertex 76.2961 -104.543 0
      vertex 76.6537 -104.381 3
      vertex 76.2961 -104.543 3
    endloop
  endfacet
  facet normal 0.412651 -0.910889 0
    outer loop
      vertex 76.6537 -104.381 3
      vertex 76.2961 -104.543 0
      vertex 76.6537 -104.381 0
    endloop
  endfacet
  facet normal 0.163036 0.98662 -0
    outer loop
      vertex 75.1705 104.885 0
      vertex 74.7832 104.949 3
      vertex 75.1705 104.885 3
    endloop
  endfacet
  facet normal 0.163036 0.98662 0
    outer loop
      vertex 74.7832 104.949 3
      vertex 75.1705 104.885 0
      vertex 74.7832 104.949 0
    endloop
  endfacet
  facet normal -0.772467 -0.635055 0
    outer loop
      vertex -78.511 -102.956 0
      vertex -78.7601 -102.653 3
      vertex -78.7601 -102.653 0
    endloop
  endfacet
  facet normal -0.772467 -0.635055 0
    outer loop
      vertex -78.7601 -102.653 3
      vertex -78.511 -102.956 0
      vertex -78.511 -102.956 3
    endloop
  endfacet
  facet normal -0.527477 -0.849569 0
    outer loop
      vertex -77.3334 -103.989 0
      vertex -77 -104.196 3
      vertex -77.3334 -103.989 3
    endloop
  endfacet
  facet normal -0.527477 -0.849569 -0
    outer loop
      vertex -77 -104.196 3
      vertex -77.3334 -103.989 0
      vertex -77 -104.196 0
    endloop
  endfacet
  facet normal 0.848828 0.528669 0
    outer loop
      vertex 79.1962 102 3
      vertex 78.9888 102.333 0
      vertex 78.9888 102.333 3
    endloop
  endfacet
  facet normal 0.848828 0.528669 0
    outer loop
      vertex 78.9888 102.333 0
      vertex 79.1962 102 3
      vertex 79.1962 102 0
    endloop
  endfacet
  facet normal -0.683135 -0.730292 0
    outer loop
      vertex -78.2426 -103.243 0
      vertex -77.9561 -103.511 3
      vertex -78.2426 -103.243 3
    endloop
  endfacet
  facet normal -0.683135 -0.730292 -0
    outer loop
      vertex -77.9561 -103.511 3
      vertex -78.2426 -103.243 0
      vertex -77.9561 -103.511 0
    endloop
  endfacet
  facet normal -0.412651 0.910889 0
    outer loop
      vertex -76.2961 104.543 0
      vertex -76.6537 104.381 3
      vertex -76.2961 104.543 3
    endloop
  endfacet
  facet normal -0.412651 0.910889 0
    outer loop
      vertex -76.6537 104.381 3
      vertex -76.2961 104.543 0
      vertex -76.6537 104.381 0
    endloop
  endfacet
  facet normal 0.881859 0.471514 0
    outer loop
      vertex 79.3812 101.654 3
      vertex 79.1962 102 0
      vertex 79.1962 102 3
    endloop
  endfacet
  facet normal 0.881859 0.471514 0
    outer loop
      vertex 79.1962 102 0
      vertex 79.3812 101.654 3
      vertex 79.3812 101.654 0
    endloop
  endfacet
  facet normal 0.730378 0.683043 0
    outer loop
      vertex 78.511 102.956 3
      vertex 78.2426 103.243 0
      vertex 78.2426 103.243 3
    endloop
  endfacet
  facet normal 0.730378 0.683043 0
    outer loop
      vertex 78.2426 103.243 0
      vertex 78.511 102.956 3
      vertex 78.511 102.956 0
    endloop
  endfacet
  facet normal 0.527477 0.849569 -0
    outer loop
      vertex 77.3334 103.989 0
      vertex 77 104.196 3
      vertex 77.3334 103.989 3
    endloop
  endfacet
  facet normal 0.527477 0.849569 0
    outer loop
      vertex 77 104.196 3
      vertex 77.3334 103.989 0
      vertex 77 104.196 0
    endloop
  endfacet
  facet normal -0.527477 0.849569 0
    outer loop
      vertex -77 104.196 0
      vertex -77.3334 103.989 3
      vertex -77 104.196 3
    endloop
  endfacet
  facet normal -0.527477 0.849569 0
    outer loop
      vertex -77.3334 103.989 3
      vertex -77 104.196 0
      vertex -77.3334 103.989 0
    endloop
  endfacet
  facet normal 0.910967 0.41248 0
    outer loop
      vertex 79.5433 101.296 3
      vertex 79.3812 101.654 0
      vertex 79.3812 101.654 3
    endloop
  endfacet
  facet normal 0.910967 0.41248 0
    outer loop
      vertex 79.3812 101.654 0
      vertex 79.5433 101.296 3
      vertex 79.5433 101.296 0
    endloop
  endfacet
  facet normal -0.881859 0.471514 0
    outer loop
      vertex -79.3812 101.654 0
      vertex -79.1962 102 3
      vertex -79.1962 102 0
    endloop
  endfacet
  facet normal -0.881859 0.471514 0
    outer loop
      vertex -79.1962 102 3
      vertex -79.3812 101.654 0
      vertex -79.3812 101.654 3
    endloop
  endfacet
  facet normal 0.634278 0.773105 -0
    outer loop
      vertex 77.9561 103.511 0
      vertex 77.6526 103.76 3
      vertex 77.9561 103.511 3
    endloop
  endfacet
  facet normal 0.634278 0.773105 0
    outer loop
      vertex 77.6526 103.76 3
      vertex 77.9561 103.511 0
      vertex 77.6526 103.76 0
    endloop
  endfacet
  facet normal 0 0 -1
    outer loop
      vertex 70.0514 -95.875 0
      vertex -70.0514 -95.875 0
      vertex 70.1292 -95.75 0
    endloop
  endfacet
  facet normal 0 0 -1
    outer loop
      vertex 70.6303 95.215 0
      vertex -69.7548 96.8528 0
      vertex -69.75 97 0
    endloop
  endfacet
  facet normal 0 0 -1
    outer loop
      vertex -70.1292 -95.75 0
      vertex 70.1292 -95.75 0
      vertex -70.0514 -95.875 0
    endloop
  endfacet
  facet normal 0 0 -1
    outer loop
      vertex 70.6303 95.215 0
      vertex -69.7692 96.7063 0
      vertex -69.7548 96.8528 0
    endloop
  endfacet
  facet normal 0 0 -1
    outer loop
      vertex 70.1292 -95.75 0
      vertex -70.1292 -95.75 0
      vertex 70.215 -95.6303 0
    endloop
  endfacet
  facet normal 0 0 -1
    outer loop
      vertex 70.6303 95.215 0
      vertex -69.7932 96.5611 0
      vertex -69.7692 96.7063 0
    endloop
  endfacet
  facet normal 0 0 -1
    outer loop
      vertex -70.215 -95.6303 0
      vertex 70.215 -95.6303 0
      vertex -70.1292 -95.75 0
    endloop
  endfacet
  facet normal 0 0 -1
    outer loop
      vertex 70.6303 95.215 0
      vertex -69.8267 96.4177 0
      vertex -69.7932 96.5611 0
    endloop
  endfacet
  facet normal 0 0 -1
    outer loop
      vertex 70.215 -95.6303 0
      vertex -70.215 -95.6303 0
      vertex 70.3084 -95.5165 0
    endloop
  endfacet
  facet normal 0 0 -1
    outer loop
      vertex 70.6303 95.215 0
      vertex -69.8694 96.2768 0
      vertex -69.8267 96.4177 0
    endloop
  endfacet
  facet normal 0 0 -1
    outer loop
      vertex -70.3084 -95.5165 0
      vertex 70.3084 -95.5165 0
      vertex -70.215 -95.6303 0
    endloop
  endfacet
  facet normal 0 0 -1
    outer loop
      vertex 70.6303 95.215 0
      vertex -69.9213 96.139 0
      vertex -69.8694 96.2768 0
    endloop
  endfacet
  facet normal 0 0 -1
    outer loop
      vertex 70.3084 -95.5165 0
      vertex -70.3084 -95.5165 0
      vertex 70.409 -95.409 0
    endloop
  endfacet
  facet normal 0 0 -1
    outer loop
      vertex 70.6303 95.215 0
      vertex -69.982 96.0049 0
      vertex -69.9213 96.139 0
    endloop
  endfacet
  facet normal 0 0 -1
    outer loop
      vertex -70.409 -95.409 0
      vertex 70.409 -95.409 0
      vertex -70.3084 -95.5165 0
    endloop
  endfacet
  facet normal 0 0 -1
    outer loop
      vertex 70.6303 95.215 0
      vertex -70.0514 95.875 0
      vertex -69.982 96.0049 0
    endloop
  endfacet
  facet normal 0 0 -1
    outer loop
      vertex 70.409 -95.409 0
      vertex -70.409 -95.409 0
      vertex 70.5165 -95.3084 0
    endloop
  endfacet
  facet normal 0 0 -1
    outer loop
      vertex 70.6303 95.215 0
      vertex -70.1292 95.75 0
      vertex -70.0514 95.875 0
    endloop
  endfacet
  facet normal 0 0 -1
    outer loop
      vertex -70.5165 -95.3084 0
      vertex 70.5165 -95.3084 0
      vertex -70.409 -95.409 0
    endloop
  endfacet
  facet normal 0 0 -1
    outer loop
      vertex 70.6303 95.215 0
      vertex -70.215 95.6303 0
      vertex -70.1292 95.75 0
    endloop
  endfacet
  facet normal 0 0 -1
    outer loop
      vertex 70.5165 -95.3084 0
      vertex -70.5165 -95.3084 0
      vertex 70.6303 -95.215 0
    endloop
  endfacet
  facet normal 0 0 -1
    outer loop
      vertex 70.6303 95.215 0
      vertex -70.3084 95.5165 0
      vertex -70.215 95.6303 0
    endloop
  endfacet
  facet normal 0 0 -1
    outer loop
      vertex -70.6303 -95.215 0
      vertex 70.6303 -95.215 0
      vertex -70.5165 -95.3084 0
    endloop
  endfacet
  facet normal 0 0 -1
    outer loop
      vertex 70.6303 95.215 0
      vertex -70.409 95.409 0
      vertex -70.3084 95.5165 0
    endloop
  endfacet
  facet normal 0 0 -1
    outer loop
      vertex 70.6303 -95.215 0
      vertex -70.6303 -95.215 0
      vertex 70.6303 95.215 0
    endloop
  endfacet
  facet normal 0 0 -1
    outer loop
      vertex 70.6303 95.215 0
      vertex -70.5165 95.3084 0
      vertex -70.409 95.409 0
    endloop
  endfacet
  facet normal 0 0 -1
    outer loop
      vertex -70.6303 95.215 0
      vertex 70.6303 95.215 0
      vertex -70.6303 -95.215 0
    endloop
  endfacet
  facet normal 0 0 -1
    outer loop
      vertex 70.6303 95.215 0
      vertex -70.6303 95.215 0
      vertex -70.5165 95.3084 0
    endloop
  endfacet
  facet normal 0 0 -1
    outer loop
      vertex -70.75 -95.1292 0
      vertex -70.6303 95.215 0
      vertex -70.6303 -95.215 0
    endloop
  endfacet
  facet normal 0 0 -1
    outer loop
      vertex -70.75 -95.1292 0
      vertex -70.75 95.1292 0
      vertex -70.6303 95.215 0
    endloop
  endfacet
  facet normal 0 0 -1
    outer loop
      vertex -70.875 -95.0514 0
      vertex -70.75 95.1292 0
      vertex -70.75 -95.1292 0
    endloop
  endfacet
  facet normal 0 0 -1
    outer loop
      vertex -70.875 -95.0514 0
      vertex -70.875 95.0514 0
      vertex -70.75 95.1292 0
    endloop
  endfacet
  facet normal 0 0 -1
    outer loop
      vertex -71.0049 -94.982 0
      vertex -70.875 95.0514 0
      vertex -70.875 -95.0514 0
    endloop
  endfacet
  facet normal 0 0 -1
    outer loop
      vertex -71.0049 -94.982 0
      vertex -71.0049 94.982 0
      vertex -70.875 95.0514 0
    endloop
  endfacet
  facet normal 0 0 -1
    outer loop
      vertex -71.139 -94.9213 0
      vertex -71.0049 94.982 0
      vertex -71.0049 -94.982 0
    endloop
  endfacet
  facet normal 0 0 -1
    outer loop
      vertex -71.139 -94.9213 0
      vertex -71.139 94.9213 0
      vertex -71.0049 94.982 0
    endloop
  endfacet
  facet normal 0 0 -1
    outer loop
      vertex -71.2768 -94.8694 0
      vertex -71.139 94.9213 0
      vertex -71.139 -94.9213 0
    endloop
  endfacet
  facet normal 0 0 -1
    outer loop
      vertex -71.2768 -94.8694 0
      vertex -71.2768 94.8694 0
      vertex -71.139 94.9213 0
    endloop
  endfacet
  facet normal 0 0 -1
    outer loop
      vertex -71.4177 -94.8267 0
      vertex -71.2768 94.8694 0
      vertex -71.2768 -94.8694 0
    endloop
  endfacet
  facet normal 0 0 -1
    outer loop
      vertex -71.4177 -94.8267 0
      vertex -71.4177 94.8267 0
      vertex -71.2768 94.8694 0
    endloop
  endfacet
  facet normal 0 0 -1
    outer loop
      vertex -71.5611 -94.7932 0
      vertex -71.4177 94.8267 0
      vertex -71.4177 -94.8267 0
    endloop
  endfacet
  facet normal 0 0 -1
    outer loop
      vertex -71.5611 -94.7932 0
      vertex -71.5611 94.7932 0
      vertex -71.4177 94.8267 0
    endloop
  endfacet
  facet normal 0 0 -1
    outer loop
      vertex -71.7063 -94.7692 0
      vertex -71.5611 94.7932 0
      vertex -71.5611 -94.7932 0
    endloop
  endfacet
  facet normal 0 0 -1
    outer loop
      vertex -71.7063 -94.7692 0
      vertex -71.7063 94.7692 0
      vertex -71.5611 94.7932 0
    endloop
  endfacet
  facet normal 0 0 -1
    outer loop
      vertex -71.8528 -94.7548 0
      vertex -71.7063 94.7692 0
      vertex -71.7063 -94.7692 0
    endloop
  endfacet
  facet normal 0 0 -1
    outer loop
      vertex -71.8528 -94.7548 0
      vertex -71.8528 94.7548 0
      vertex -71.7063 94.7692 0
    endloop
  endfacet
  facet normal 0 0 -1
    outer loop
      vertex -72 -94.75 0
      vertex -71.8528 94.7548 0
      vertex -71.8528 -94.7548 0
    endloop
  endfacet
  facet normal 0 0 -1
    outer loop
      vertex -72 -94.75 0
      vertex -72 94.75 0
      vertex -71.8528 94.7548 0
    endloop
  endfacet
  facet normal 0 0 -1
    outer loop
      vertex -72.1472 -94.7548 0
      vertex -72 94.75 0
      vertex -72 -94.75 0
    endloop
  endfacet
  facet normal 0 0 -1
    outer loop
      vertex -72.1472 -94.7548 0
      vertex -72.1472 94.7548 0
      vertex -72 94.75 0
    endloop
  endfacet
  facet normal 0 0 -1
    outer loop
      vertex -72.2937 -94.7692 0
      vertex -72.1472 94.7548 0
      vertex -72.1472 -94.7548 0
    endloop
  endfacet
  facet normal 0 0 -1
    outer loop
      vertex -72.2937 -94.7692 0
      vertex -72.2937 94.7692 0
      vertex -72.1472 94.7548 0
    endloop
  endfacet
  facet normal 0 0 -1
    outer loop
      vertex -72.4389 -94.7932 0
      vertex -72.2937 94.7692 0
      vertex -72.2937 -94.7692 0
    endloop
  endfacet
  facet normal 0 0 -1
    outer loop
      vertex -72.4389 -94.7932 0
      vertex -72.4389 94.7932 0
      vertex -72.2937 94.7692 0
    endloop
  endfacet
  facet normal 0 0 -1
    outer loop
      vertex -72.5823 -94.8267 0
      vertex -72.4389 94.7932 0
      vertex -72.4389 -94.7932 0
    endloop
  endfacet
  facet normal 0 0 -1
    outer loop
      vertex -72.5823 -94.8267 0
      vertex -72.5823 94.8267 0
      vertex -72.4389 94.7932 0
    endloop
  endfacet
  facet normal 0 0 -1
    outer loop
      vertex -72.7232 -94.8694 0
      vertex -72.5823 94.8267 0
      vertex -72.5823 -94.8267 0
    endloop
  endfacet
  facet normal 0 0 -1
    outer loop
      vertex -72.7232 -94.8694 0
      vertex -72.7232 94.8694 0
      vertex -72.5823 94.8267 0
    endloop
  endfacet
  facet normal 0 0 -1
    outer loop
      vertex -72.861 -94.9213 0
      vertex -72.7232 94.8694 0
      vertex -72.7232 -94.8694 0
    endloop
  endfacet
  facet normal 0 0 -1
    outer loop
      vertex -72.861 -94.9213 0
      vertex -72.861 94.9213 0
      vertex -72.7232 94.8694 0
    endloop
  endfacet
  facet normal 0 0 -1
    outer loop
      vertex -72.9951 -94.982 0
      vertex -72.861 94.9213 0
      vertex -72.861 -94.9213 0
    endloop
  endfacet
  facet normal 0 0 -1
    outer loop
      vertex -72.9951 -94.982 0
      vertex -72.9951 94.982 0
      vertex -72.861 94.9213 0
    endloop
  endfacet
  facet normal 0 0 -1
    outer loop
      vertex -73.125 -95.0514 0
      vertex -72.9951 94.982 0
      vertex -72.9951 -94.982 0
    endloop
  endfacet
  facet normal 0 0 -1
    outer loop
      vertex -73.125 -95.0514 0
      vertex -73.125 95.0514 0
      vertex -72.9951 94.982 0
    endloop
  endfacet
  facet normal 0 0 -1
    outer loop
      vertex -73.25 -95.1292 0
      vertex -73.125 95.0514 0
      vertex -73.125 -95.0514 0
    endloop
  endfacet
  facet normal 0 0 -1
    outer loop
      vertex -73.25 -95.1292 0
      vertex -73.25 95.1292 0
      vertex -73.125 95.0514 0
    endloop
  endfacet
  facet normal 0 0 -1
    outer loop
      vertex -80 -99 0
      vertex -73.25 -95.1292 0
      vertex -73.3697 -95.215 0
    endloop
  endfacet
  facet normal -0 0 -1
    outer loop
      vertex -73.25 -95.1292 0
      vertex -80 -99 0
      vertex -73.25 95.1292 0
    endloop
  endfacet
  facet normal 0 0 -1
    outer loop
      vertex -80 -99 0
      vertex -73.3697 -95.215 0
      vertex -73.4835 -95.3084 0
    endloop
  endfacet
  facet normal 0 0 -1
    outer loop
      vertex -80 99 0
      vertex -73.25 95.1292 0
      vertex -80 -99 0
    endloop
  endfacet
  facet normal 0 0 -1
    outer loop
      vertex -80 -99 0
      vertex -73.4835 -95.3084 0
      vertex -73.591 -95.409 0
    endloop
  endfacet
  facet normal 0 0 -1
    outer loop
      vertex -73.25 95.1292 0
      vertex -80 99 0
      vertex -73.3697 95.215 0
    endloop
  endfacet
  facet normal 0 0 -1
    outer loop
      vertex -80 -99 0
      vertex -73.591 -95.409 0
      vertex -73.6916 -95.5165 0
    endloop
  endfacet
  facet normal 0 0 -1
    outer loop
      vertex -73.3697 95.215 0
      vertex -80 99 0
      vertex -73.4835 95.3084 0
    endloop
  endfacet
  facet normal 0 0 -1
    outer loop
      vertex -80 -99 0
      vertex -73.6916 -95.5165 0
      vertex -73.785 -95.6303 0
    endloop
  endfacet
  facet normal 0 0 -1
    outer loop
      vertex -73.4835 95.3084 0
      vertex -80 99 0
      vertex -73.591 95.409 0
    endloop
  endfacet
  facet normal 0 0 -1
    outer loop
      vertex -80 -99 0
      vertex -73.785 -95.6303 0
      vertex -73.8708 -95.75 0
    endloop
  endfacet
  facet normal 0 0 -1
    outer loop
      vertex -73.591 95.409 0
      vertex -80 99 0
      vertex -73.6916 95.5165 0
    endloop
  endfacet
  facet normal 0 0 -1
    outer loop
      vertex -80 -99 0
      vertex -73.8708 -95.75 0
      vertex -73.9486 -95.875 0
    endloop
  endfacet
  facet normal 0 0 -1
    outer loop
      vertex -73.6916 95.5165 0
      vertex -80 99 0
      vertex -73.785 95.6303 0
    endloop
  endfacet
  facet normal 0 0 -1
    outer loop
      vertex -80 -99 0
      vertex -73.9486 -95.875 0
      vertex -74.018 -96.0049 0
    endloop
  endfacet
  facet normal 0 0 -1
    outer loop
      vertex -73.785 95.6303 0
      vertex -80 99 0
      vertex -73.8708 95.75 0
    endloop
  endfacet
  facet normal 0 0 -1
    outer loop
      vertex -80 -99 0
      vertex -74.018 -96.0049 0
      vertex -74.0787 -96.139 0
    endloop
  endfacet
  facet normal 0 0 -1
    outer loop
      vertex -73.8708 95.75 0
      vertex -80 99 0
      vertex -73.9486 95.875 0
    endloop
  endfacet
  facet normal 0 0 -1
    outer loop
      vertex -80 -99 0
      vertex -74.0787 -96.139 0
      vertex -74.1306 -96.2768 0
    endloop
  endfacet
  facet normal 0 0 -1
    outer loop
      vertex -73.9486 95.875 0
      vertex -80 99 0
      vertex -74.018 96.0049 0
    endloop
  endfacet
  facet normal 0 0 -1
    outer loop
      vertex -80 -99 0
      vertex -74.1306 -96.2768 0
      vertex -74.1733 -96.4177 0
    endloop
  endfacet
  facet normal 0 0 -1
    outer loop
      vertex -74.018 96.0049 0
      vertex -80 99 0
      vertex -74.0787 96.139 0
    endloop
  endfacet
  facet normal 0 0 -1
    outer loop
      vertex -80 -99 0
      vertex -74.1733 -96.4177 0
      vertex -74.2068 -96.5611 0
    endloop
  endfacet
  facet normal 0 0 -1
    outer loop
      vertex -74.0787 96.139 0
      vertex -80 99 0
      vertex -74.1306 96.2768 0
    endloop
  endfacet
  facet normal 0 0 -1
    outer loop
      vertex -80 -99 0
      vertex -74.2068 -96.5611 0
      vertex -74.2308 -96.7063 0
    endloop
  endfacet
  facet normal 0 0 -1
    outer loop
      vertex -74.1306 96.2768 0
      vertex -80 99 0
      vertex -74.1733 96.4177 0
    endloop
  endfacet
  facet normal 0 0 -1
    outer loop
      vertex -80 -99 0
      vertex -74.2308 -96.7063 0
      vertex -74.2452 -96.8528 0
    endloop
  endfacet
  facet normal 0 0 -1
    outer loop
      vertex -74.1733 96.4177 0
      vertex -80 99 0
      vertex -74.2068 96.5611 0
    endloop
  endfacet
  facet normal 0 0 -1
    outer loop
      vertex -80 -99 0
      vertex -74.2452 -96.8528 0
      vertex -74.25 -97 0
    endloop
  endfacet
  facet normal 0 0 -1
    outer loop
      vertex -74.2068 96.5611 0
      vertex -80 99 0
      vertex -74.2308 96.7063 0
    endloop
  endfacet
  facet normal 0 0 -1
    outer loop
      vertex 74.2068 -96.5611 0
      vertex 80 -99 0
      vertex 74.2308 -96.7063 0
    endloop
  endfacet
  facet normal 0 0 -1
    outer loop
      vertex 80 99 0
      vertex 74.2452 96.8528 0
      vertex 74.25 97 0
    endloop
  endfacet
  facet normal 0 0 -1
    outer loop
      vertex 74.1733 -96.4177 0
      vertex 80 -99 0
      vertex 74.2068 -96.5611 0
    endloop
  endfacet
  facet normal 0 0 -1
    outer loop
      vertex 80 99 0
      vertex 74.2308 96.7063 0
      vertex 74.2452 96.8528 0
    endloop
  endfacet
  facet normal 0 0 -1
    outer loop
      vertex 74.1306 -96.2768 0
      vertex 80 -99 0
      vertex 74.1733 -96.4177 0
    endloop
  endfacet
  facet normal 0 0 -1
    outer loop
      vertex 80 99 0
      vertex 74.2068 96.5611 0
      vertex 74.2308 96.7063 0
    endloop
  endfacet
  facet normal 0 0 -1
    outer loop
      vertex 74.0787 -96.139 0
      vertex 80 -99 0
      vertex 74.1306 -96.2768 0
    endloop
  endfacet
  facet normal 0 0 -1
    outer loop
      vertex 80 99 0
      vertex 74.1733 96.4177 0
      vertex 74.2068 96.5611 0
    endloop
  endfacet
  facet normal 0 0 -1
    outer loop
      vertex 74.018 -96.0049 0
      vertex 80 -99 0
      vertex 74.0787 -96.139 0
    endloop
  endfacet
  facet normal 0 0 -1
    outer loop
      vertex 80 99 0
      vertex 74.1306 96.2768 0
      vertex 74.1733 96.4177 0
    endloop
  endfacet
  facet normal 0 0 -1
    outer loop
      vertex 73.9486 -95.875 0
      vertex 80 -99 0
      vertex 74.018 -96.0049 0
    endloop
  endfacet
  facet normal 0 0 -1
    outer loop
      vertex 80 99 0
      vertex 74.0787 96.139 0
      vertex 74.1306 96.2768 0
    endloop
  endfacet
  facet normal 0 0 -1
    outer loop
      vertex 73.8708 -95.75 0
      vertex 80 -99 0
      vertex 73.9486 -95.875 0
    endloop
  endfacet
  facet normal 0 0 -1
    outer loop
      vertex 80 99 0
      vertex 74.018 96.0049 0
      vertex 74.0787 96.139 0
    endloop
  endfacet
  facet normal 0 0 -1
    outer loop
      vertex 73.785 -95.6303 0
      vertex 80 -99 0
      vertex 73.8708 -95.75 0
    endloop
  endfacet
  facet normal 0 0 -1
    outer loop
      vertex 80 99 0
      vertex 73.9486 95.875 0
      vertex 74.018 96.0049 0
    endloop
  endfacet
  facet normal 0 0 -1
    outer loop
      vertex 73.6916 -95.5165 0
      vertex 80 -99 0
      vertex 73.785 -95.6303 0
    endloop
  endfacet
  facet normal 0 0 -1
    outer loop
      vertex 80 99 0
      vertex 73.8708 95.75 0
      vertex 73.9486 95.875 0
    endloop
  endfacet
  facet normal 0 0 -1
    outer loop
      vertex 73.591 -95.409 0
      vertex 80 -99 0
      vertex 73.6916 -95.5165 0
    endloop
  endfacet
  facet normal 0 0 -1
    outer loop
      vertex 80 99 0
      vertex 73.785 95.6303 0
      vertex 73.8708 95.75 0
    endloop
  endfacet
  facet normal 0 0 -1
    outer loop
      vertex 73.4835 -95.3084 0
      vertex 80 -99 0
      vertex 73.591 -95.409 0
    endloop
  endfacet
  facet normal 0 0 -1
    outer loop
      vertex 80 99 0
      vertex 73.6916 95.5165 0
      vertex 73.785 95.6303 0
    endloop
  endfacet
  facet normal 0 0 -1
    outer loop
      vertex 73.3697 -95.215 0
      vertex 80 -99 0
      vertex 73.4835 -95.3084 0
    endloop
  endfacet
  facet normal 0 0 -1
    outer loop
      vertex 80 99 0
      vertex 73.591 95.409 0
      vertex 73.6916 95.5165 0
    endloop
  endfacet
  facet normal 0 0 -1
    outer loop
      vertex 73.25 -95.1292 0
      vertex 80 -99 0
      vertex 73.3697 -95.215 0
    endloop
  endfacet
  facet normal 0 0 -1
    outer loop
      vertex 80 99 0
      vertex 73.4835 95.3084 0
      vertex 73.591 95.409 0
    endloop
  endfacet
  facet normal 0 0 -1
    outer loop
      vertex 80 -99 0
      vertex 73.25 -95.1292 0
      vertex 80 99 0
    endloop
  endfacet
  facet normal 0 0 -1
    outer loop
      vertex 80 99 0
      vertex 73.3697 95.215 0
      vertex 73.4835 95.3084 0
    endloop
  endfacet
  facet normal 0 0 -1
    outer loop
      vertex 73.25 95.1292 0
      vertex 80 99 0
      vertex 73.25 -95.1292 0
    endloop
  endfacet
  facet normal 0 0 -1
    outer loop
      vertex 80 99 0
      vertex 73.25 95.1292 0
      vertex 73.3697 95.215 0
    endloop
  endfacet
  facet normal 0 0 -1
    outer loop
      vertex 73.125 -95.0514 0
      vertex 73.25 95.1292 0
      vertex 73.25 -95.1292 0
    endloop
  endfacet
  facet normal 0 0 -1
    outer loop
      vertex 73.125 -95.0514 0
      vertex 73.125 95.0514 0
      vertex 73.25 95.1292 0
    endloop
  endfacet
  facet normal 0 0 -1
    outer loop
      vertex 72.9951 -94.982 0
      vertex 73.125 95.0514 0
      vertex 73.125 -95.0514 0
    endloop
  endfacet
  facet normal 0 0 -1
    outer loop
      vertex 72.9951 -94.982 0
      vertex 72.9951 94.982 0
      vertex 73.125 95.0514 0
    endloop
  endfacet
  facet normal 0 0 -1
    outer loop
      vertex 72.861 -94.9213 0
      vertex 72.9951 94.982 0
      vertex 72.9951 -94.982 0
    endloop
  endfacet
  facet normal 0 0 -1
    outer loop
      vertex 72.861 -94.9213 0
      vertex 72.861 94.9213 0
      vertex 72.9951 94.982 0
    endloop
  endfacet
  facet normal 0 0 -1
    outer loop
      vertex 72.7232 -94.8694 0
      vertex 72.861 94.9213 0
      vertex 72.861 -94.9213 0
    endloop
  endfacet
  facet normal 0 0 -1
    outer loop
      vertex 72.7232 -94.8694 0
      vertex 72.7232 94.8694 0
      vertex 72.861 94.9213 0
    endloop
  endfacet
  facet normal 0 0 -1
    outer loop
      vertex 72.5823 -94.8267 0
      vertex 72.7232 94.8694 0
      vertex 72.7232 -94.8694 0
    endloop
  endfacet
  facet normal 0 0 -1
    outer loop
      vertex 72.5823 -94.8267 0
      vertex 72.5823 94.8267 0
      vertex 72.7232 94.8694 0
    endloop
  endfacet
  facet normal 0 0 -1
    outer loop
      vertex 72.4389 -94.7932 0
      vertex 72.5823 94.8267 0
      vertex 72.5823 -94.8267 0
    endloop
  endfacet
  facet normal 0 0 -1
    outer loop
      vertex 72.4389 -94.7932 0
      vertex 72.4389 94.7932 0
      vertex 72.5823 94.8267 0
    endloop
  endfacet
  facet normal 0 0 -1
    outer loop
      vertex 72.2937 -94.7692 0
      vertex 72.4389 94.7932 0
      vertex 72.4389 -94.7932 0
    endloop
  endfacet
  facet normal 0 0 -1
    outer loop
      vertex 72.2937 -94.7692 0
      vertex 72.2937 94.7692 0
      vertex 72.4389 94.7932 0
    endloop
  endfacet
  facet normal 0 0 -1
    outer loop
      vertex 72.1472 -94.7548 0
      vertex 72.2937 94.7692 0
      vertex 72.2937 -94.7692 0
    endloop
  endfacet
  facet normal 0 0 -1
    outer loop
      vertex 72.1472 -94.7548 0
      vertex 72.1472 94.7548 0
      vertex 72.2937 94.7692 0
    endloop
  endfacet
  facet normal 0 0 -1
    outer loop
      vertex 72 -94.75 0
      vertex 72.1472 94.7548 0
      vertex 72.1472 -94.7548 0
    endloop
  endfacet
  facet normal 0 0 -1
    outer loop
      vertex 72 -94.75 0
      vertex 72 94.75 0
      vertex 72.1472 94.7548 0
    endloop
  endfacet
  facet normal 0 0 -1
    outer loop
      vertex 71.8528 -94.7548 0
      vertex 72 94.75 0
      vertex 72 -94.75 0
    endloop
  endfacet
  facet normal 0 0 -1
    outer loop
      vertex 71.8528 -94.7548 0
      vertex 71.8528 94.7548 0
      vertex 72 94.75 0
    endloop
  endfacet
  facet normal 0 0 -1
    outer loop
      vertex 71.7063 -94.7692 0
      vertex 71.8528 94.7548 0
      vertex 71.8528 -94.7548 0
    endloop
  endfacet
  facet normal 0 0 -1
    outer loop
      vertex 71.7063 -94.7692 0
      vertex 71.7063 94.7692 0
      vertex 71.8528 94.7548 0
    endloop
  endfacet
  facet normal 0 0 -1
    outer loop
      vertex 71.5611 -94.7932 0
      vertex 71.7063 94.7692 0
      vertex 71.7063 -94.7692 0
    endloop
  endfacet
  facet normal 0 0 -1
    outer loop
      vertex 71.5611 -94.7932 0
      vertex 71.5611 94.7932 0
      vertex 71.7063 94.7692 0
    endloop
  endfacet
  facet normal 0 0 -1
    outer loop
      vertex 71.4177 -94.8267 0
      vertex 71.5611 94.7932 0
      vertex 71.5611 -94.7932 0
    endloop
  endfacet
  facet normal 0 0 -1
    outer loop
      vertex 71.4177 -94.8267 0
      vertex 71.4177 94.8267 0
      vertex 71.5611 94.7932 0
    endloop
  endfacet
  facet normal 0 0 -1
    outer loop
      vertex 71.2768 -94.8694 0
      vertex 71.4177 94.8267 0
      vertex 71.4177 -94.8267 0
    endloop
  endfacet
  facet normal 0 0 -1
    outer loop
      vertex 71.2768 -94.8694 0
      vertex 71.2768 94.8694 0
      vertex 71.4177 94.8267 0
    endloop
  endfacet
  facet normal 0 0 -1
    outer loop
      vertex 71.139 -94.9213 0
      vertex 71.2768 94.8694 0
      vertex 71.2768 -94.8694 0
    endloop
  endfacet
  facet normal 0 0 -1
    outer loop
      vertex 71.139 -94.9213 0
      vertex 71.139 94.9213 0
      vertex 71.2768 94.8694 0
    endloop
  endfacet
  facet normal 0 0 -1
    outer loop
      vertex 71.0049 -94.982 0
      vertex 71.139 94.9213 0
      vertex 71.139 -94.9213 0
    endloop
  endfacet
  facet normal 0 0 -1
    outer loop
      vertex 71.0049 -94.982 0
      vertex 71.0049 94.982 0
      vertex 71.139 94.9213 0
    endloop
  endfacet
  facet normal 0 0 -1
    outer loop
      vertex 70.875 -95.0514 0
      vertex 71.0049 94.982 0
      vertex 71.0049 -94.982 0
    endloop
  endfacet
  facet normal 0 0 -1
    outer loop
      vertex 70.875 -95.0514 0
      vertex 70.875 95.0514 0
      vertex 71.0049 94.982 0
    endloop
  endfacet
  facet normal 0 0 -1
    outer loop
      vertex 70.75 -95.1292 0
      vertex 70.875 95.0514 0
      vertex 70.875 -95.0514 0
    endloop
  endfacet
  facet normal 0 0 -1
    outer loop
      vertex 70.75 -95.1292 0
      vertex 70.75 95.1292 0
      vertex 70.875 95.0514 0
    endloop
  endfacet
  facet normal 0 0 -1
    outer loop
      vertex 70.6303 -95.215 0
      vertex 70.75 95.1292 0
      vertex 70.75 -95.1292 0
    endloop
  endfacet
  facet normal 0 0 -1
    outer loop
      vertex 70.6303 -95.215 0
      vertex 70.6303 95.215 0
      vertex 70.75 95.1292 0
    endloop
  endfacet
  facet normal 0 0 -1
    outer loop
      vertex -69.982 -96.0049 0
      vertex 69.982 -96.0049 0
      vertex -69.9213 -96.139 0
    endloop
  endfacet
  facet normal 0 0 -1
    outer loop
      vertex 69.982 -96.0049 0
      vertex -69.982 -96.0049 0
      vertex 70.0514 -95.875 0
    endloop
  endfacet
  facet normal 0 0 -1
    outer loop
      vertex 69.9213 -96.139 0
      vertex -69.9213 -96.139 0
      vertex 69.982 -96.0049 0
    endloop
  endfacet
  facet normal 0 0 -1
    outer loop
      vertex -70.0514 -95.875 0
      vertex 70.0514 -95.875 0
      vertex -69.982 -96.0049 0
    endloop
  endfacet
  facet normal 0 0 -1
    outer loop
      vertex -69.9213 -96.139 0
      vertex 69.9213 -96.139 0
      vertex -69.8694 -96.2768 0
    endloop
  endfacet
  facet normal 0 0 -1
    outer loop
      vertex 70.6303 95.215 0
      vertex -69.75 97 0
      vertex 70.5165 95.3084 0
    endloop
  endfacet
  facet normal 0 0 -1
    outer loop
      vertex 69.8694 -96.2768 0
      vertex -69.8694 -96.2768 0
      vertex 69.9213 -96.139 0
    endloop
  endfacet
  facet normal 0 0 -1
    outer loop
      vertex 70.5165 95.3084 0
      vertex -69.75 97 0
      vertex 70.409 95.409 0
    endloop
  endfacet
  facet normal 0 0 -1
    outer loop
      vertex -69.8694 -96.2768 0
      vertex 69.8694 -96.2768 0
      vertex -69.8267 -96.4177 0
    endloop
  endfacet
  facet normal 0 0 -1
    outer loop
      vertex 70.409 95.409 0
      vertex -69.75 97 0
      vertex 70.3084 95.5165 0
    endloop
  endfacet
  facet normal 0 0 -1
    outer loop
      vertex 69.8267 -96.4177 0
      vertex -69.8267 -96.4177 0
      vertex 69.8694 -96.2768 0
    endloop
  endfacet
  facet normal 0 0 -1
    outer loop
      vertex 70.3084 95.5165 0
      vertex -69.75 97 0
      vertex 70.215 95.6303 0
    endloop
  endfacet
  facet normal 0 0 -1
    outer loop
      vertex -69.8267 -96.4177 0
      vertex 69.8267 -96.4177 0
      vertex -69.7932 -96.5611 0
    endloop
  endfacet
  facet normal 0 0 -1
    outer loop
      vertex 70.215 95.6303 0
      vertex -69.75 97 0
      vertex 70.1292 95.75 0
    endloop
  endfacet
  facet normal 0 0 -1
    outer loop
      vertex 69.7932 -96.5611 0
      vertex -69.7932 -96.5611 0
      vertex 69.8267 -96.4177 0
    endloop
  endfacet
  facet normal 0 0 -1
    outer loop
      vertex 70.1292 95.75 0
      vertex -69.75 97 0
      vertex 70.0514 95.875 0
    endloop
  endfacet
  facet normal 0 0 -1
    outer loop
      vertex -69.7932 -96.5611 0
      vertex 69.7932 -96.5611 0
      vertex -69.7692 -96.7063 0
    endloop
  endfacet
  facet normal 0 0 -1
    outer loop
      vertex 70.0514 95.875 0
      vertex -69.75 97 0
      vertex 69.982 96.0049 0
    endloop
  endfacet
  facet normal 0 0 -1
    outer loop
      vertex 69.7692 -96.7063 0
      vertex -69.7692 -96.7063 0
      vertex 69.7932 -96.5611 0
    endloop
  endfacet
  facet normal 0 0 -1
    outer loop
      vertex 69.982 96.0049 0
      vertex -69.75 97 0
      vertex 69.9213 96.139 0
    endloop
  endfacet
  facet normal 0 0 -1
    outer loop
      vertex -69.7692 -96.7063 0
      vertex 69.7692 -96.7063 0
      vertex -69.7548 -96.8528 0
    endloop
  endfacet
  facet normal 0 0 -1
    outer loop
      vertex 69.9213 96.139 0
      vertex -69.75 97 0
      vertex 69.8694 96.2768 0
    endloop
  endfacet
  facet normal 0 0 -1
    outer loop
      vertex 69.7548 -96.8528 0
      vertex -69.7548 -96.8528 0
      vertex 69.7692 -96.7063 0
    endloop
  endfacet
  facet normal 0 0 -1
    outer loop
      vertex 69.8694 96.2768 0
      vertex -69.75 97 0
      vertex 69.8267 96.4177 0
    endloop
  endfacet
  facet normal 0 0 -1
    outer loop
      vertex -69.7548 -96.8528 0
      vertex 69.7548 -96.8528 0
      vertex -69.75 -97 0
    endloop
  endfacet
  facet normal 0 0 -1
    outer loop
      vertex 69.8267 96.4177 0
      vertex -69.75 97 0
      vertex 69.7932 96.5611 0
    endloop
  endfacet
  facet normal 0 0 -1
    outer loop
      vertex -69.75 -97 0
      vertex 69.7548 -96.8528 0
      vertex 69.75 -97 0
    endloop
  endfacet
  facet normal 0 0 -1
    outer loop
      vertex 69.7932 96.5611 0
      vertex -69.75 97 0
      vertex 69.7692 96.7063 0
    endloop
  endfacet
  facet normal 0 0 -1
    outer loop
      vertex 74.0787 -97.861 0
      vertex 80 -99 0
      vertex 79.9872 -99.3924 0
    endloop
  endfacet
  facet normal 0 0 -1
    outer loop
      vertex 74.2452 -96.8528 0
      vertex 80 -99 0
      vertex 74.25 -97 0
    endloop
  endfacet
  facet normal 0 0 -1
    outer loop
      vertex 74.018 -97.9951 0
      vertex 79.9872 -99.3924 0
      vertex 79.9487 -99.7832 0
    endloop
  endfacet
  facet normal 0 0 -1
    outer loop
      vertex 74.2308 -96.7063 0
      vertex 80 -99 0
      vertex 74.2452 -96.8528 0
    endloop
  endfacet
  facet normal 0 0 -1
    outer loop
      vertex 74.018 -97.9951 0
      vertex 79.9487 -99.7832 0
      vertex 79.8847 -100.171 0
    endloop
  endfacet
  facet normal 0 0 -1
    outer loop
      vertex 74.2452 97.1472 0
      vertex 80 99 0
      vertex 74.25 97 0
    endloop
  endfacet
  facet normal 0 0 -1
    outer loop
      vertex 73.9486 -98.125 0
      vertex 79.8847 -100.171 0
      vertex 79.7955 -100.553 0
    endloop
  endfacet
  facet normal 0 0 -1
    outer loop
      vertex 74.2308 97.2937 0
      vertex 80 99 0
      vertex 74.2452 97.1472 0
    endloop
  endfacet
  facet normal 0 0 -1
    outer loop
      vertex 73.9486 -98.125 0
      vertex 79.7955 -100.553 0
      vertex 79.6816 -100.929 0
    endloop
  endfacet
  facet normal 0 0 -1
    outer loop
      vertex 74.2068 97.4389 0
      vertex 80 99 0
      vertex 74.2308 97.2937 0
    endloop
  endfacet
  facet normal 0 0 -1
    outer loop
      vertex 73.8708 -98.25 0
      vertex 79.6816 -100.929 0
      vertex 79.5433 -101.296 0
    endloop
  endfacet
  facet normal 0 0 -1
    outer loop
      vertex 74.1733 97.5823 0
      vertex 80 99 0
      vertex 74.2068 97.4389 0
    endloop
  endfacet
  facet normal 0 0 -1
    outer loop
      vertex 73.8708 -98.25 0
      vertex 79.5433 -101.296 0
      vertex 79.3812 -101.654 0
    endloop
  endfacet
  facet normal 0 0 -1
    outer loop
      vertex 74.1306 97.7232 0
      vertex 80 99 0
      vertex 74.1733 97.5823 0
    endloop
  endfacet
  facet normal 0 0 -1
    outer loop
      vertex 73.785 -98.3697 0
      vertex 79.3812 -101.654 0
      vertex 79.1962 -102 0
    endloop
  endfacet
  facet normal 0 0 -1
    outer loop
      vertex 74.0787 97.861 0
      vertex 80 99 0
      vertex 74.1306 97.7232 0
    endloop
  endfacet
  facet normal 0 0 -1
    outer loop
      vertex 73.785 -98.3697 0
      vertex 79.1962 -102 0
      vertex 78.9888 -102.333 0
    endloop
  endfacet
  facet normal -0 0 -1
    outer loop
      vertex 80 99 0
      vertex 74.0787 97.861 0
      vertex 79.9872 99.3924 0
    endloop
  endfacet
  facet normal 0 0 -1
    outer loop
      vertex 73.6916 -98.4835 0
      vertex 78.9888 -102.333 0
      vertex 78.7601 -102.653 0
    endloop
  endfacet
  facet normal 0 0 -1
    outer loop
      vertex 74.018 97.9951 0
      vertex 79.9872 99.3924 0
      vertex 74.0787 97.861 0
    endloop
  endfacet
  facet normal 0 0 -1
    outer loop
      vertex 73.6916 -98.4835 0
      vertex 78.7601 -102.653 0
      vertex 78.511 -102.956 0
    endloop
  endfacet
  facet normal -0 0 -1
    outer loop
      vertex 79.9872 99.3924 0
      vertex 74.018 97.9951 0
      vertex 79.9487 99.7832 0
    endloop
  endfacet
  facet normal 0 0 -1
    outer loop
      vertex 73.591 -98.591 0
      vertex 78.511 -102.956 0
      vertex 78.2426 -103.243 0
    endloop
  endfacet
  facet normal -0 0 -1
    outer loop
      vertex 79.9487 99.7832 0
      vertex 74.018 97.9951 0
      vertex 79.8847 100.171 0
    endloop
  endfacet
  facet normal 0 0 -1
    outer loop
      vertex 73.591 -98.591 0
      vertex 78.2426 -103.243 0
      vertex 77.9561 -103.511 0
    endloop
  endfacet
  facet normal 0 0 -1
    outer loop
      vertex 73.9486 98.125 0
      vertex 79.8847 100.171 0
      vertex 74.018 97.9951 0
    endloop
  endfacet
  facet normal 0 0 -1
    outer loop
      vertex 73.4835 -98.6916 0
      vertex 77.9561 -103.511 0
      vertex 77.6526 -103.76 0
    endloop
  endfacet
  facet normal -0 0 -1
    outer loop
      vertex 79.8847 100.171 0
      vertex 73.9486 98.125 0
      vertex 79.7955 100.553 0
    endloop
  endfacet
  facet normal 0 0 -1
    outer loop
      vertex 73.4835 -98.6916 0
      vertex 77.6526 -103.76 0
      vertex 77.3334 -103.989 0
    endloop
  endfacet
  facet normal -0 0 -1
    outer loop
      vertex 79.7955 100.553 0
      vertex 73.9486 98.125 0
      vertex 79.6816 100.929 0
    endloop
  endfacet
  facet normal 0 0 -1
    outer loop
      vertex 73.3697 -98.785 0
      vertex 77.3334 -103.989 0
      vertex 77 -104.196 0
    endloop
  endfacet
  facet normal 0 0 -1
    outer loop
      vertex 73.8708 98.25 0
      vertex 79.6816 100.929 0
      vertex 73.9486 98.125 0
    endloop
  endfacet
  facet normal 0 0 -1
    outer loop
      vertex 73.3697 -98.785 0
      vertex 77 -104.196 0
      vertex 76.6537 -104.381 0
    endloop
  endfacet
  facet normal -0 0 -1
    outer loop
      vertex 79.6816 100.929 0
      vertex 73.8708 98.25 0
      vertex 79.5433 101.296 0
    endloop
  endfacet
  facet normal 0 0 -1
    outer loop
      vertex 73.25 -98.8708 0
      vertex 76.6537 -104.381 0
      vertex 76.2961 -104.543 0
    endloop
  endfacet
  facet normal -0 0 -1
    outer loop
      vertex 79.5433 101.296 0
      vertex 73.8708 98.25 0
      vertex 79.3812 101.654 0
    endloop
  endfacet
  facet normal 0 0 -1
    outer loop
      vertex 73.25 -98.8708 0
      vertex 76.2961 -104.543 0
      vertex 75.9286 -104.682 0
    endloop
  endfacet
  facet normal 0 0 -1
    outer loop
      vertex 73.785 98.3697 0
      vertex 79.3812 101.654 0
      vertex 73.8708 98.25 0
    endloop
  endfacet
  facet normal 0 0 -1
    outer loop
      vertex 73.125 -98.9486 0
      vertex 75.9286 -104.682 0
      vertex 75.5529 -104.796 0
    endloop
  endfacet
  facet normal -0 0 -1
    outer loop
      vertex 79.3812 101.654 0
      vertex 73.785 98.3697 0
      vertex 79.1962 102 0
    endloop
  endfacet
  facet normal 0 0 -1
    outer loop
      vertex 73.125 -98.9486 0
      vertex 75.5529 -104.796 0
      vertex 75.1705 -104.885 0
    endloop
  endfacet
  facet normal -0 0 -1
    outer loop
      vertex 79.1962 102 0
      vertex 73.785 98.3697 0
      vertex 78.9888 102.333 0
    endloop
  endfacet
  facet normal 0 0 -1
    outer loop
      vertex 72.9951 -99.018 0
      vertex 75.1705 -104.885 0
      vertex 74.7832 -104.949 0
    endloop
  endfacet
  facet normal 0 0 -1
    outer loop
      vertex 73.6916 98.4835 0
      vertex 78.9888 102.333 0
      vertex 73.785 98.3697 0
    endloop
  endfacet
  facet normal 0 0 -1
    outer loop
      vertex 72.9951 -99.018 0
      vertex 74.7832 -104.949 0
      vertex 74.3924 -104.987 0
    endloop
  endfacet
  facet normal -0 0 -1
    outer loop
      vertex 78.9888 102.333 0
      vertex 73.6916 98.4835 0
      vertex 78.7601 102.653 0
    endloop
  endfacet
  facet normal -0 0 -1
    outer loop
      vertex 78.7601 102.653 0
      vertex 73.6916 98.4835 0
      vertex 78.511 102.956 0
    endloop
  endfacet
  facet normal 0 0 -1
    outer loop
      vertex 80 -99 0
      vertex 74.2452 -97.1472 0
      vertex 74.25 -97 0
    endloop
  endfacet
  facet normal 0 0 -1
    outer loop
      vertex 80 -99 0
      vertex 74.2308 -97.2937 0
      vertex 74.2452 -97.1472 0
    endloop
  endfacet
  facet normal 0 0 -1
    outer loop
      vertex 80 -99 0
      vertex 74.2068 -97.4389 0
      vertex 74.2308 -97.2937 0
    endloop
  endfacet
  facet normal 0 0 -1
    outer loop
      vertex 80 -99 0
      vertex 74.1733 -97.5823 0
      vertex 74.2068 -97.4389 0
    endloop
  endfacet
  facet normal 0 0 -1
    outer loop
      vertex 80 -99 0
      vertex 74.1306 -97.7232 0
      vertex 74.1733 -97.5823 0
    endloop
  endfacet
  facet normal 0 0 -1
    outer loop
      vertex 80 -99 0
      vertex 74.0787 -97.861 0
      vertex 74.1306 -97.7232 0
    endloop
  endfacet
  facet normal 0 0 -1
    outer loop
      vertex 79.9872 -99.3924 0
      vertex 74.018 -97.9951 0
      vertex 74.0787 -97.861 0
    endloop
  endfacet
  facet normal 0 0 -1
    outer loop
      vertex 72.861 -99.0787 0
      vertex 74.3924 -104.987 0
      vertex 74 -105 0
    endloop
  endfacet
  facet normal 0 0 -1
    outer loop
      vertex 79.8847 -100.171 0
      vertex 73.9486 -98.125 0
      vertex 74.018 -97.9951 0
    endloop
  endfacet
  facet normal 0 0 -1
    outer loop
      vertex 79.6816 -100.929 0
      vertex 73.8708 -98.25 0
      vertex 73.9486 -98.125 0
    endloop
  endfacet
  facet normal 0 0 -1
    outer loop
      vertex 79.3812 -101.654 0
      vertex 73.785 -98.3697 0
      vertex 73.8708 -98.25 0
    endloop
  endfacet
  facet normal 0 0 -1
    outer loop
      vertex 78.9888 -102.333 0
      vertex 73.6916 -98.4835 0
      vertex 73.785 -98.3697 0
    endloop
  endfacet
  facet normal 0 0 -1
    outer loop
      vertex 78.511 -102.956 0
      vertex 73.591 -98.591 0
      vertex 73.6916 -98.4835 0
    endloop
  endfacet
  facet normal 0 0 -1
    outer loop
      vertex 77.9561 -103.511 0
      vertex 73.4835 -98.6916 0
      vertex 73.591 -98.591 0
    endloop
  endfacet
  facet normal 0 0 -1
    outer loop
      vertex 77.3334 -103.989 0
      vertex 73.3697 -98.785 0
      vertex 73.4835 -98.6916 0
    endloop
  endfacet
  facet normal 0 0 -1
    outer loop
      vertex 76.6537 -104.381 0
      vertex 73.25 -98.8708 0
      vertex 73.3697 -98.785 0
    endloop
  endfacet
  facet normal 0 0 -1
    outer loop
      vertex 75.9286 -104.682 0
      vertex 73.125 -98.9486 0
      vertex 73.25 -98.8708 0
    endloop
  endfacet
  facet normal 0 0 -1
    outer loop
      vertex 75.1705 -104.885 0
      vertex 72.9951 -99.018 0
      vertex 73.125 -98.9486 0
    endloop
  endfacet
  facet normal 0 0 -1
    outer loop
      vertex 74.3924 -104.987 0
      vertex 72.861 -99.0787 0
      vertex 72.9951 -99.018 0
    endloop
  endfacet
  facet normal 0 0 -1
    outer loop
      vertex 74 -105 0
      vertex 72.7232 -99.1306 0
      vertex 72.861 -99.0787 0
    endloop
  endfacet
  facet normal 0 0 -1
    outer loop
      vertex 74 -105 0
      vertex 72.5823 -99.1733 0
      vertex 72.7232 -99.1306 0
    endloop
  endfacet
  facet normal 0 0 -1
    outer loop
      vertex 74 -105 0
      vertex 72.4389 -99.2068 0
      vertex 72.5823 -99.1733 0
    endloop
  endfacet
  facet normal 0 0 -1
    outer loop
      vertex 74 -105 0
      vertex 72.2937 -99.2308 0
      vertex 72.4389 -99.2068 0
    endloop
  endfacet
  facet normal 0 0 -1
    outer loop
      vertex 74 -105 0
      vertex 72.1472 -99.2452 0
      vertex 72.2937 -99.2308 0
    endloop
  endfacet
  facet normal 0 0 -1
    outer loop
      vertex 74 -105 0
      vertex 72 -99.25 0
      vertex 72.1472 -99.2452 0
    endloop
  endfacet
  facet normal 0 0 -1
    outer loop
      vertex 74 -105 0
      vertex 71.8528 -99.2452 0
      vertex 72 -99.25 0
    endloop
  endfacet
  facet normal 0 0 -1
    outer loop
      vertex 74 -105 0
      vertex 71.7063 -99.2308 0
      vertex 71.8528 -99.2452 0
    endloop
  endfacet
  facet normal 0 0 -1
    outer loop
      vertex 74 -105 0
      vertex 71.5611 -99.2068 0
      vertex 71.7063 -99.2308 0
    endloop
  endfacet
  facet normal 0 0 -1
    outer loop
      vertex 74 -105 0
      vertex 71.4177 -99.1733 0
      vertex 71.5611 -99.2068 0
    endloop
  endfacet
  facet normal 0 0 -1
    outer loop
      vertex 74 -105 0
      vertex 71.2768 -99.1306 0
      vertex 71.4177 -99.1733 0
    endloop
  endfacet
  facet normal 0 0 -1
    outer loop
      vertex 74 -105 0
      vertex 71.139 -99.0787 0
      vertex 71.2768 -99.1306 0
    endloop
  endfacet
  facet normal 0 0 -1
    outer loop
      vertex 74 -105 0
      vertex 71.0049 -99.018 0
      vertex 71.139 -99.0787 0
    endloop
  endfacet
  facet normal 0 0 -1
    outer loop
      vertex 74 -105 0
      vertex 70.875 -98.9486 0
      vertex 71.0049 -99.018 0
    endloop
  endfacet
  facet normal 0 0 -1
    outer loop
      vertex 74 -105 0
      vertex 70.75 -98.8708 0
      vertex 70.875 -98.9486 0
    endloop
  endfacet
  facet normal 0 0 -1
    outer loop
      vertex 74 -105 0
      vertex 70.6303 -98.785 0
      vertex 70.75 -98.8708 0
    endloop
  endfacet
  facet normal 0 0 -1
    outer loop
      vertex 74 -105 0
      vertex 70.5165 -98.6916 0
      vertex 70.6303 -98.785 0
    endloop
  endfacet
  facet normal 0 0 -1
    outer loop
      vertex 74 -105 0
      vertex 70.409 -98.591 0
      vertex 70.5165 -98.6916 0
    endloop
  endfacet
  facet normal 0 0 -1
    outer loop
      vertex 74 -105 0
      vertex 70.3084 -98.4835 0
      vertex 70.409 -98.591 0
    endloop
  endfacet
  facet normal 0 0 -1
    outer loop
      vertex 74 -105 0
      vertex 70.215 -98.3697 0
      vertex 70.3084 -98.4835 0
    endloop
  endfacet
  facet normal 0 0 -1
    outer loop
      vertex 74 -105 0
      vertex 70.1292 -98.25 0
      vertex 70.215 -98.3697 0
    endloop
  endfacet
  facet normal 0 0 -1
    outer loop
      vertex -70.1292 -98.25 0
      vertex 70.1292 -98.25 0
      vertex 74 -105 0
    endloop
  endfacet
  facet normal 0 0 -1
    outer loop
      vertex 69.7692 96.7063 0
      vertex -69.75 97 0
      vertex 69.7548 96.8528 0
    endloop
  endfacet
  facet normal 0 0 -1
    outer loop
      vertex 69.7548 -97.1472 0
      vertex -69.75 -97 0
      vertex 69.75 -97 0
    endloop
  endfacet
  facet normal 0 0 -1
    outer loop
      vertex -69.7548 -97.1472 0
      vertex 69.7548 -97.1472 0
      vertex 69.7692 -97.2937 0
    endloop
  endfacet
  facet normal 0 0 -1
    outer loop
      vertex -69.7692 -97.2937 0
      vertex 69.7692 -97.2937 0
      vertex 69.7932 -97.4389 0
    endloop
  endfacet
  facet normal 0 0 -1
    outer loop
      vertex -69.7932 -97.4389 0
      vertex 69.7932 -97.4389 0
      vertex 69.8267 -97.5823 0
    endloop
  endfacet
  facet normal 0 0 -1
    outer loop
      vertex -69.8267 -97.5823 0
      vertex 69.8267 -97.5823 0
      vertex 69.8694 -97.7232 0
    endloop
  endfacet
  facet normal 0 0 -1
    outer loop
      vertex -69.8694 -97.7232 0
      vertex 69.8694 -97.7232 0
      vertex 69.9213 -97.861 0
    endloop
  endfacet
  facet normal 0 0 -1
    outer loop
      vertex -69.9213 -97.861 0
      vertex 69.9213 -97.861 0
      vertex 69.982 -97.9951 0
    endloop
  endfacet
  facet normal 0 0 -1
    outer loop
      vertex -69.982 -97.9951 0
      vertex 69.982 -97.9951 0
      vertex 70.0514 -98.125 0
    endloop
  endfacet
  facet normal 0 0 -1
    outer loop
      vertex 70.1292 -98.25 0
      vertex -70.1292 -98.25 0
      vertex 70.0514 -98.125 0
    endloop
  endfacet
  facet normal 0 0 -1
    outer loop
      vertex 69.7548 -97.1472 0
      vertex -69.7548 -97.1472 0
      vertex -69.75 -97 0
    endloop
  endfacet
  facet normal 0 0 -1
    outer loop
      vertex 69.7692 -97.2937 0
      vertex -69.7692 -97.2937 0
      vertex -69.7548 -97.1472 0
    endloop
  endfacet
  facet normal 0 0 -1
    outer loop
      vertex 69.7932 -97.4389 0
      vertex -69.7932 -97.4389 0
      vertex -69.7692 -97.2937 0
    endloop
  endfacet
  facet normal 0 0 -1
    outer loop
      vertex 69.8267 -97.5823 0
      vertex -69.8267 -97.5823 0
      vertex -69.7932 -97.4389 0
    endloop
  endfacet
  facet normal 0 0 -1
    outer loop
      vertex 69.8694 -97.7232 0
      vertex -69.8694 -97.7232 0
      vertex -69.8267 -97.5823 0
    endloop
  endfacet
  facet normal 0 0 -1
    outer loop
      vertex 69.9213 -97.861 0
      vertex -69.9213 -97.861 0
      vertex -69.8694 -97.7232 0
    endloop
  endfacet
  facet normal 0 0 -1
    outer loop
      vertex 69.982 -97.9951 0
      vertex -69.982 -97.9951 0
      vertex -69.9213 -97.861 0
    endloop
  endfacet
  facet normal 0 0 -1
    outer loop
      vertex 70.0514 -98.125 0
      vertex -70.0514 -98.125 0
      vertex -69.982 -97.9951 0
    endloop
  endfacet
  facet normal -0 0 -1
    outer loop
      vertex 70.0514 -98.125 0
      vertex -70.1292 -98.25 0
      vertex -70.0514 -98.125 0
    endloop
  endfacet
  facet normal 0 0 -1
    outer loop
      vertex -74 -105 0
      vertex -70.1292 -98.25 0
      vertex 74 -105 0
    endloop
  endfacet
  facet normal 0 0 -1
    outer loop
      vertex -70.1292 -98.25 0
      vertex -74 -105 0
      vertex -70.215 -98.3697 0
    endloop
  endfacet
  facet normal 0 0 -1
    outer loop
      vertex -70.215 -98.3697 0
      vertex -74 -105 0
      vertex -70.3084 -98.4835 0
    endloop
  endfacet
  facet normal 0 0 -1
    outer loop
      vertex -70.3084 -98.4835 0
      vertex -74 -105 0
      vertex -70.409 -98.591 0
    endloop
  endfacet
  facet normal 0 0 -1
    outer loop
      vertex -70.409 -98.591 0
      vertex -74 -105 0
      vertex -70.5165 -98.6916 0
    endloop
  endfacet
  facet normal 0 0 -1
    outer loop
      vertex -70.5165 -98.6916 0
      vertex -74 -105 0
      vertex -70.6303 -98.785 0
    endloop
  endfacet
  facet normal 0 0 -1
    outer loop
      vertex -70.6303 -98.785 0
      vertex -74 -105 0
      vertex -70.75 -98.8708 0
    endloop
  endfacet
  facet normal 0 0 -1
    outer loop
      vertex -70.75 -98.8708 0
      vertex -74 -105 0
      vertex -70.875 -98.9486 0
    endloop
  endfacet
  facet normal 0 0 -1
    outer loop
      vertex -70.875 -98.9486 0
      vertex -74 -105 0
      vertex -71.0049 -99.018 0
    endloop
  endfacet
  facet normal 0 0 -1
    outer loop
      vertex -71.0049 -99.018 0
      vertex -74 -105 0
      vertex -71.139 -99.0787 0
    endloop
  endfacet
  facet normal 0 0 -1
    outer loop
      vertex -71.139 -99.0787 0
      vertex -74 -105 0
      vertex -71.2768 -99.1306 0
    endloop
  endfacet
  facet normal 0 0 -1
    outer loop
      vertex -71.2768 -99.1306 0
      vertex -74 -105 0
      vertex -71.4177 -99.1733 0
    endloop
  endfacet
  facet normal 0 0 -1
    outer loop
      vertex -71.4177 -99.1733 0
      vertex -74 -105 0
      vertex -71.5611 -99.2068 0
    endloop
  endfacet
  facet normal 0 0 -1
    outer loop
      vertex -71.5611 -99.2068 0
      vertex -74 -105 0
      vertex -71.7063 -99.2308 0
    endloop
  endfacet
  facet normal 0 0 -1
    outer loop
      vertex -71.7063 -99.2308 0
      vertex -74 -105 0
      vertex -71.8528 -99.2452 0
    endloop
  endfacet
  facet normal 0 0 -1
    outer loop
      vertex -71.8528 -99.2452 0
      vertex -74 -105 0
      vertex -72 -99.25 0
    endloop
  endfacet
  facet normal -0 0 -1
    outer loop
      vertex -72 -99.25 0
      vertex -74 -105 0
      vertex -72.1472 -99.2452 0
    endloop
  endfacet
  facet normal 0 0 -1
    outer loop
      vertex -74 -105 0
      vertex -72.2937 -99.2308 0
      vertex -72.1472 -99.2452 0
    endloop
  endfacet
  facet normal 0 0 -1
    outer loop
      vertex -74 -105 0
      vertex -72.4389 -99.2068 0
      vertex -72.2937 -99.2308 0
    endloop
  endfacet
  facet normal 0 0 -1
    outer loop
      vertex -74 -105 0
      vertex -72.5823 -99.1733 0
      vertex -72.4389 -99.2068 0
    endloop
  endfacet
  facet normal 0 0 -1
    outer loop
      vertex -74 -105 0
      vertex -72.7232 -99.1306 0
      vertex -72.5823 -99.1733 0
    endloop
  endfacet
  facet normal 0 0 -1
    outer loop
      vertex -74 -105 0
      vertex -72.861 -99.0787 0
      vertex -72.7232 -99.1306 0
    endloop
  endfacet
  facet normal 0 0 -1
    outer loop
      vertex -74.3924 -104.987 0
      vertex -72.861 -99.0787 0
      vertex -74 -105 0
    endloop
  endfacet
  facet normal -0 0 -1
    outer loop
      vertex -72.861 -99.0787 0
      vertex -74.3924 -104.987 0
      vertex -72.9951 -99.018 0
    endloop
  endfacet
  facet normal 0 0 -1
    outer loop
      vertex -74.7832 -104.949 0
      vertex -72.9951 -99.018 0
      vertex -74.3924 -104.987 0
    endloop
  endfacet
  facet normal 0 0 -1
    outer loop
      vertex -75.1705 -104.885 0
      vertex -72.9951 -99.018 0
      vertex -74.7832 -104.949 0
    endloop
  endfacet
  facet normal -0 0 -1
    outer loop
      vertex -72.9951 -99.018 0
      vertex -75.1705 -104.885 0
      vertex -73.125 -98.9486 0
    endloop
  endfacet
  facet normal 0 0 -1
    outer loop
      vertex -75.5529 -104.796 0
      vertex -73.125 -98.9486 0
      vertex -75.1705 -104.885 0
    endloop
  endfacet
  facet normal 0 0 -1
    outer loop
      vertex -75.9286 -104.682 0
      vertex -73.125 -98.9486 0
      vertex -75.5529 -104.796 0
    endloop
  endfacet
  facet normal -0 0 -1
    outer loop
      vertex -73.125 -98.9486 0
      vertex -75.9286 -104.682 0
      vertex -73.25 -98.8708 0
    endloop
  endfacet
  facet normal 0 0 -1
    outer loop
      vertex -76.2961 -104.543 0
      vertex -73.25 -98.8708 0
      vertex -75.9286 -104.682 0
    endloop
  endfacet
  facet normal 0 0 -1
    outer loop
      vertex -76.6537 -104.381 0
      vertex -73.25 -98.8708 0
      vertex -76.2961 -104.543 0
    endloop
  endfacet
  facet normal -0 0 -1
    outer loop
      vertex -73.25 -98.8708 0
      vertex -76.6537 -104.381 0
      vertex -73.3697 -98.785 0
    endloop
  endfacet
  facet normal 0 0 -1
    outer loop
      vertex -77 -104.196 0
      vertex -73.3697 -98.785 0
      vertex -76.6537 -104.381 0
    endloop
  endfacet
  facet normal 0 0 -1
    outer loop
      vertex -77.3334 -103.989 0
      vertex -73.3697 -98.785 0
      vertex -77 -104.196 0
    endloop
  endfacet
  facet normal -0 0 -1
    outer loop
      vertex -73.3697 -98.785 0
      vertex -77.3334 -103.989 0
      vertex -73.4835 -98.6916 0
    endloop
  endfacet
  facet normal 0 0 -1
    outer loop
      vertex -77.6526 -103.76 0
      vertex -73.4835 -98.6916 0
      vertex -77.3334 -103.989 0
    endloop
  endfacet
  facet normal 0 0 -1
    outer loop
      vertex -77.9561 -103.511 0
      vertex -73.4835 -98.6916 0
      vertex -77.6526 -103.76 0
    endloop
  endfacet
  facet normal -0 0 -1
    outer loop
      vertex -73.4835 -98.6916 0
      vertex -77.9561 -103.511 0
      vertex -73.591 -98.591 0
    endloop
  endfacet
  facet normal 0 0 -1
    outer loop
      vertex -78.2426 -103.243 0
      vertex -73.591 -98.591 0
      vertex -77.9561 -103.511 0
    endloop
  endfacet
  facet normal -0 0 -1
    outer loop
      vertex -73.591 -98.591 0
      vertex -78.511 -102.956 0
      vertex -73.6916 -98.4835 0
    endloop
  endfacet
  facet normal 0 0 -1
    outer loop
      vertex -78.511 -102.956 0
      vertex -73.591 -98.591 0
      vertex -78.2426 -103.243 0
    endloop
  endfacet
  facet normal 0 0 -1
    outer loop
      vertex 73.591 98.591 0
      vertex 78.511 102.956 0
      vertex 73.6916 98.4835 0
    endloop
  endfacet
  facet normal -0 0 -1
    outer loop
      vertex 78.511 102.956 0
      vertex 73.591 98.591 0
      vertex 78.2426 103.243 0
    endloop
  endfacet
  facet normal -0 0 -1
    outer loop
      vertex 78.2426 103.243 0
      vertex 73.591 98.591 0
      vertex 77.9561 103.511 0
    endloop
  endfacet
  facet normal 0 0 -1
    outer loop
      vertex 73.4835 98.6916 0
      vertex 77.9561 103.511 0
      vertex 73.591 98.591 0
    endloop
  endfacet
  facet normal -0 0 -1
    outer loop
      vertex 77.9561 103.511 0
      vertex 73.4835 98.6916 0
      vertex 77.6526 103.76 0
    endloop
  endfacet
  facet normal -0 0 -1
    outer loop
      vertex 77.6526 103.76 0
      vertex 73.4835 98.6916 0
      vertex 77.3334 103.989 0
    endloop
  endfacet
  facet normal 0 0 -1
    outer loop
      vertex 73.3697 98.785 0
      vertex 77.3334 103.989 0
      vertex 73.4835 98.6916 0
    endloop
  endfacet
  facet normal -0 0 -1
    outer loop
      vertex 77.3334 103.989 0
      vertex 73.3697 98.785 0
      vertex 77 104.196 0
    endloop
  endfacet
  facet normal -0 0 -1
    outer loop
      vertex 77 104.196 0
      vertex 73.3697 98.785 0
      vertex 76.6537 104.381 0
    endloop
  endfacet
  facet normal 0 0 -1
    outer loop
      vertex 73.25 98.8708 0
      vertex 76.6537 104.381 0
      vertex 73.3697 98.785 0
    endloop
  endfacet
  facet normal -0 0 -1
    outer loop
      vertex 76.6537 104.381 0
      vertex 73.25 98.8708 0
      vertex 76.2961 104.543 0
    endloop
  endfacet
  facet normal -0 0 -1
    outer loop
      vertex 76.2961 104.543 0
      vertex 73.25 98.8708 0
      vertex 75.9286 104.682 0
    endloop
  endfacet
  facet normal 0 0 -1
    outer loop
      vertex 73.125 98.9486 0
      vertex 75.9286 104.682 0
      vertex 73.25 98.8708 0
    endloop
  endfacet
  facet normal -0 0 -1
    outer loop
      vertex 75.9286 104.682 0
      vertex 73.125 98.9486 0
      vertex 75.5529 104.796 0
    endloop
  endfacet
  facet normal -0 0 -1
    outer loop
      vertex 75.5529 104.796 0
      vertex 73.125 98.9486 0
      vertex 75.1705 104.885 0
    endloop
  endfacet
  facet normal 0 0 -1
    outer loop
      vertex 72.9951 99.018 0
      vertex 75.1705 104.885 0
      vertex 73.125 98.9486 0
    endloop
  endfacet
  facet normal -0 0 -1
    outer loop
      vertex 75.1705 104.885 0
      vertex 72.9951 99.018 0
      vertex 74.7832 104.949 0
    endloop
  endfacet
  facet normal -0 0 -1
    outer loop
      vertex 74.7832 104.949 0
      vertex 72.9951 99.018 0
      vertex 74.3924 104.987 0
    endloop
  endfacet
  facet normal 0 0 -1
    outer loop
      vertex 72.861 99.0787 0
      vertex 74.3924 104.987 0
      vertex 72.9951 99.018 0
    endloop
  endfacet
  facet normal -0 0 -1
    outer loop
      vertex 74.3924 104.987 0
      vertex 72.861 99.0787 0
      vertex 74 105 0
    endloop
  endfacet
  facet normal 0 0 -1
    outer loop
      vertex 72.7232 99.1306 0
      vertex 74 105 0
      vertex 72.861 99.0787 0
    endloop
  endfacet
  facet normal 0 0 -1
    outer loop
      vertex 72.5823 99.1733 0
      vertex 74 105 0
      vertex 72.7232 99.1306 0
    endloop
  endfacet
  facet normal 0 0 -1
    outer loop
      vertex 72.4389 99.2068 0
      vertex 74 105 0
      vertex 72.5823 99.1733 0
    endloop
  endfacet
  facet normal 0 0 -1
    outer loop
      vertex 72.2937 99.2308 0
      vertex 74 105 0
      vertex 72.4389 99.2068 0
    endloop
  endfacet
  facet normal 0 0 -1
    outer loop
      vertex 72.1472 99.2452 0
      vertex 74 105 0
      vertex 72.2937 99.2308 0
    endloop
  endfacet
  facet normal 0 0 -1
    outer loop
      vertex 72 99.25 0
      vertex 74 105 0
      vertex 72.1472 99.2452 0
    endloop
  endfacet
  facet normal 0 0 -1
    outer loop
      vertex 71.8528 99.2452 0
      vertex 74 105 0
      vertex 72 99.25 0
    endloop
  endfacet
  facet normal 0 0 -1
    outer loop
      vertex 71.7063 99.2308 0
      vertex 74 105 0
      vertex 71.8528 99.2452 0
    endloop
  endfacet
  facet normal 0 0 -1
    outer loop
      vertex 71.5611 99.2068 0
      vertex 74 105 0
      vertex 71.7063 99.2308 0
    endloop
  endfacet
  facet normal 0 0 -1
    outer loop
      vertex 71.4177 99.1733 0
      vertex 74 105 0
      vertex 71.5611 99.2068 0
    endloop
  endfacet
  facet normal 0 0 -1
    outer loop
      vertex 71.2768 99.1306 0
      vertex 74 105 0
      vertex 71.4177 99.1733 0
    endloop
  endfacet
  facet normal 0 0 -1
    outer loop
      vertex 71.139 99.0787 0
      vertex 74 105 0
      vertex 71.2768 99.1306 0
    endloop
  endfacet
  facet normal 0 0 -1
    outer loop
      vertex 71.0049 99.018 0
      vertex 74 105 0
      vertex 71.139 99.0787 0
    endloop
  endfacet
  facet normal 0 0 -1
    outer loop
      vertex 70.875 98.9486 0
      vertex 74 105 0
      vertex 71.0049 99.018 0
    endloop
  endfacet
  facet normal 0 0 -1
    outer loop
      vertex 70.75 98.8708 0
      vertex 74 105 0
      vertex 70.875 98.9486 0
    endloop
  endfacet
  facet normal 0 0 -1
    outer loop
      vertex 70.6303 98.785 0
      vertex 74 105 0
      vertex 70.75 98.8708 0
    endloop
  endfacet
  facet normal 0 0 -1
    outer loop
      vertex 70.5165 98.6916 0
      vertex 74 105 0
      vertex 70.6303 98.785 0
    endloop
  endfacet
  facet normal 0 0 -1
    outer loop
      vertex 70.409 98.591 0
      vertex 74 105 0
      vertex 70.5165 98.6916 0
    endloop
  endfacet
  facet normal 0 0 -1
    outer loop
      vertex 70.3084 98.4835 0
      vertex 74 105 0
      vertex 70.409 98.591 0
    endloop
  endfacet
  facet normal 0 0 -1
    outer loop
      vertex 70.215 98.3697 0
      vertex 74 105 0
      vertex 70.3084 98.4835 0
    endloop
  endfacet
  facet normal 0 0 -1
    outer loop
      vertex 70.1292 98.25 0
      vertex 74 105 0
      vertex 70.215 98.3697 0
    endloop
  endfacet
  facet normal 0 0 -1
    outer loop
      vertex -70.1292 98.25 0
      vertex 70.1292 98.25 0
      vertex 70.0514 98.125 0
    endloop
  endfacet
  facet normal 0 0 -1
    outer loop
      vertex 69.7548 96.8528 0
      vertex -69.75 97 0
      vertex 69.75 97 0
    endloop
  endfacet
  facet normal 0 0 -1
    outer loop
      vertex 69.75 97 0
      vertex -69.75 97 0
      vertex 69.7548 97.1472 0
    endloop
  endfacet
  facet normal 0 0 -1
    outer loop
      vertex -69.7548 97.1472 0
      vertex 69.7548 97.1472 0
      vertex -69.75 97 0
    endloop
  endfacet
  facet normal 0 0 -1
    outer loop
      vertex 69.7548 97.1472 0
      vertex -69.7548 97.1472 0
      vertex 69.7692 97.2937 0
    endloop
  endfacet
  facet normal 0 0 -1
    outer loop
      vertex -69.7692 97.2937 0
      vertex 69.7692 97.2937 0
      vertex -69.7548 97.1472 0
    endloop
  endfacet
  facet normal 0 0 -1
    outer loop
      vertex 69.7692 97.2937 0
      vertex -69.7692 97.2937 0
      vertex 69.7932 97.4389 0
    endloop
  endfacet
  facet normal 0 0 -1
    outer loop
      vertex -69.7932 97.4389 0
      vertex 69.7932 97.4389 0
      vertex -69.7692 97.2937 0
    endloop
  endfacet
  facet normal 0 0 -1
    outer loop
      vertex 69.7932 97.4389 0
      vertex -69.7932 97.4389 0
      vertex 69.8267 97.5823 0
    endloop
  endfacet
  facet normal 0 0 -1
    outer loop
      vertex -69.8267 97.5823 0
      vertex 69.8267 97.5823 0
      vertex -69.7932 97.4389 0
    endloop
  endfacet
  facet normal 0 0 -1
    outer loop
      vertex 69.8267 97.5823 0
      vertex -69.8267 97.5823 0
      vertex 69.8694 97.7232 0
    endloop
  endfacet
  facet normal 0 0 -1
    outer loop
      vertex -69.8694 97.7232 0
      vertex 69.8694 97.7232 0
      vertex -69.8267 97.5823 0
    endloop
  endfacet
  facet normal 0 0 -1
    outer loop
      vertex 69.8694 97.7232 0
      vertex -69.8694 97.7232 0
      vertex 69.9213 97.861 0
    endloop
  endfacet
  facet normal 0 0 -1
    outer loop
      vertex -69.9213 97.861 0
      vertex 69.9213 97.861 0
      vertex -69.8694 97.7232 0
    endloop
  endfacet
  facet normal 0 0 -1
    outer loop
      vertex 69.9213 97.861 0
      vertex -69.9213 97.861 0
      vertex 69.982 97.9951 0
    endloop
  endfacet
  facet normal 0 0 -1
    outer loop
      vertex -69.982 97.9951 0
      vertex 69.982 97.9951 0
      vertex -69.9213 97.861 0
    endloop
  endfacet
  facet normal 0 0 -1
    outer loop
      vertex 69.982 97.9951 0
      vertex -69.982 97.9951 0
      vertex 70.0514 98.125 0
    endloop
  endfacet
  facet normal 0 0 -1
    outer loop
      vertex -70.0514 98.125 0
      vertex 70.0514 98.125 0
      vertex -69.982 97.9951 0
    endloop
  endfacet
  facet normal 0 0 -1
    outer loop
      vertex -70.1292 98.25 0
      vertex 70.0514 98.125 0
      vertex -70.0514 98.125 0
    endloop
  endfacet
  facet normal 0 0 -1
    outer loop
      vertex 70.1292 98.25 0
      vertex -70.1292 98.25 0
      vertex 74 105 0
    endloop
  endfacet
  facet normal 0 0 -1
    outer loop
      vertex -74 105 0
      vertex -70.1292 98.25 0
      vertex -70.215 98.3697 0
    endloop
  endfacet
  facet normal 0 0 -1
    outer loop
      vertex -74 105 0
      vertex -70.215 98.3697 0
      vertex -70.3084 98.4835 0
    endloop
  endfacet
  facet normal 0 0 -1
    outer loop
      vertex -74 105 0
      vertex -70.3084 98.4835 0
      vertex -70.409 98.591 0
    endloop
  endfacet
  facet normal 0 0 -1
    outer loop
      vertex -74 105 0
      vertex -70.409 98.591 0
      vertex -70.5165 98.6916 0
    endloop
  endfacet
  facet normal 0 0 -1
    outer loop
      vertex -74 105 0
      vertex -70.5165 98.6916 0
      vertex -70.6303 98.785 0
    endloop
  endfacet
  facet normal 0 0 -1
    outer loop
      vertex -74 105 0
      vertex -70.6303 98.785 0
      vertex -70.75 98.8708 0
    endloop
  endfacet
  facet normal 0 0 -1
    outer loop
      vertex -74 105 0
      vertex -70.75 98.8708 0
      vertex -70.875 98.9486 0
    endloop
  endfacet
  facet normal 0 0 -1
    outer loop
      vertex -74 105 0
      vertex -70.875 98.9486 0
      vertex -71.0049 99.018 0
    endloop
  endfacet
  facet normal 0 0 -1
    outer loop
      vertex -74 105 0
      vertex -71.0049 99.018 0
      vertex -71.139 99.0787 0
    endloop
  endfacet
  facet normal 0 0 -1
    outer loop
      vertex -74 105 0
      vertex -71.139 99.0787 0
      vertex -71.2768 99.1306 0
    endloop
  endfacet
  facet normal 0 0 -1
    outer loop
      vertex -74 105 0
      vertex -71.2768 99.1306 0
      vertex -71.4177 99.1733 0
    endloop
  endfacet
  facet normal 0 0 -1
    outer loop
      vertex -74 105 0
      vertex -71.4177 99.1733 0
      vertex -71.5611 99.2068 0
    endloop
  endfacet
  facet normal 0 0 -1
    outer loop
      vertex -74 105 0
      vertex -71.5611 99.2068 0
      vertex -71.7063 99.2308 0
    endloop
  endfacet
  facet normal 0 0 -1
    outer loop
      vertex -74 105 0
      vertex -71.7063 99.2308 0
      vertex -71.8528 99.2452 0
    endloop
  endfacet
  facet normal 0 0 -1
    outer loop
      vertex -74 105 0
      vertex -71.8528 99.2452 0
      vertex -72 99.25 0
    endloop
  endfacet
  facet normal 0 0 -1
    outer loop
      vertex -74 105 0
      vertex -72 99.25 0
      vertex -72.1472 99.2452 0
    endloop
  endfacet
  facet normal 0 0 -1
    outer loop
      vertex -70.1292 98.25 0
      vertex -74 105 0
      vertex 74 105 0
    endloop
  endfacet
  facet normal 0 0 -1
    outer loop
      vertex -72.2937 99.2308 0
      vertex -74 105 0
      vertex -72.1472 99.2452 0
    endloop
  endfacet
  facet normal 0 0 -1
    outer loop
      vertex -72.4389 99.2068 0
      vertex -74 105 0
      vertex -72.2937 99.2308 0
    endloop
  endfacet
  facet normal 0 0 -1
    outer loop
      vertex -72.5823 99.1733 0
      vertex -74 105 0
      vertex -72.4389 99.2068 0
    endloop
  endfacet
  facet normal 0 0 -1
    outer loop
      vertex -72.7232 99.1306 0
      vertex -74 105 0
      vertex -72.5823 99.1733 0
    endloop
  endfacet
  facet normal 0 0 -1
    outer loop
      vertex -72.861 99.0787 0
      vertex -74 105 0
      vertex -72.7232 99.1306 0
    endloop
  endfacet
  facet normal 0 0 -1
    outer loop
      vertex -74.3924 104.987 0
      vertex -72.861 99.0787 0
      vertex -72.9951 99.018 0
    endloop
  endfacet
  facet normal 0 0 -1
    outer loop
      vertex -75.1705 104.885 0
      vertex -72.9951 99.018 0
      vertex -73.125 98.9486 0
    endloop
  endfacet
  facet normal 0 0 -1
    outer loop
      vertex -75.9286 104.682 0
      vertex -73.125 98.9486 0
      vertex -73.25 98.8708 0
    endloop
  endfacet
  facet normal 0 0 -1
    outer loop
      vertex -76.6537 104.381 0
      vertex -73.25 98.8708 0
      vertex -73.3697 98.785 0
    endloop
  endfacet
  facet normal 0 0 -1
    outer loop
      vertex -77.3334 103.989 0
      vertex -73.3697 98.785 0
      vertex -73.4835 98.6916 0
    endloop
  endfacet
  facet normal 0 0 -1
    outer loop
      vertex -77.9561 103.511 0
      vertex -73.4835 98.6916 0
      vertex -73.591 98.591 0
    endloop
  endfacet
  facet normal 0 0 -1
    outer loop
      vertex -78.511 102.956 0
      vertex -73.591 98.591 0
      vertex -73.6916 98.4835 0
    endloop
  endfacet
  facet normal 0 0 -1
    outer loop
      vertex -78.9888 102.333 0
      vertex -73.6916 98.4835 0
      vertex -73.785 98.3697 0
    endloop
  endfacet
  facet normal 0 0 -1
    outer loop
      vertex -79.3812 101.654 0
      vertex -73.785 98.3697 0
      vertex -73.8708 98.25 0
    endloop
  endfacet
  facet normal 0 0 -1
    outer loop
      vertex -79.6816 100.929 0
      vertex -73.8708 98.25 0
      vertex -73.9486 98.125 0
    endloop
  endfacet
  facet normal 0 0 -1
    outer loop
      vertex -79.8847 100.171 0
      vertex -73.9486 98.125 0
      vertex -74.018 97.9951 0
    endloop
  endfacet
  facet normal 0 0 -1
    outer loop
      vertex -79.9872 99.3924 0
      vertex -74.018 97.9951 0
      vertex -74.0787 97.861 0
    endloop
  endfacet
  facet normal 0 0 -1
    outer loop
      vertex -80 99 0
      vertex -74.0787 97.861 0
      vertex -74.1306 97.7232 0
    endloop
  endfacet
  facet normal 0 0 -1
    outer loop
      vertex -80 99 0
      vertex -74.1306 97.7232 0
      vertex -74.1733 97.5823 0
    endloop
  endfacet
  facet normal 0 0 -1
    outer loop
      vertex -80 99 0
      vertex -74.1733 97.5823 0
      vertex -74.2068 97.4389 0
    endloop
  endfacet
  facet normal 0 0 -1
    outer loop
      vertex -80 99 0
      vertex -74.2068 97.4389 0
      vertex -74.2308 97.2937 0
    endloop
  endfacet
  facet normal 0 0 -1
    outer loop
      vertex -80 99 0
      vertex -74.2308 97.2937 0
      vertex -74.2452 97.1472 0
    endloop
  endfacet
  facet normal 0 0 -1
    outer loop
      vertex -80 99 0
      vertex -74.2452 97.1472 0
      vertex -74.25 97 0
    endloop
  endfacet
  facet normal 0 0 -1
    outer loop
      vertex -72.861 99.0787 0
      vertex -74.3924 104.987 0
      vertex -74 105 0
    endloop
  endfacet
  facet normal 0 0 -1
    outer loop
      vertex -74.2308 96.7063 0
      vertex -80 99 0
      vertex -74.2452 96.8528 0
    endloop
  endfacet
  facet normal 0 0 -1
    outer loop
      vertex -78.7601 -102.653 0
      vertex -73.6916 -98.4835 0
      vertex -78.511 -102.956 0
    endloop
  endfacet
  facet normal 0 0 -1
    outer loop
      vertex -74.2452 96.8528 0
      vertex -80 99 0
      vertex -74.25 97 0
    endloop
  endfacet
  facet normal 0 0 -1
    outer loop
      vertex -78.9888 -102.333 0
      vertex -73.6916 -98.4835 0
      vertex -78.7601 -102.653 0
    endloop
  endfacet
  facet normal 0 0 -1
    outer loop
      vertex -74.0787 97.861 0
      vertex -80 99 0
      vertex -79.9872 99.3924 0
    endloop
  endfacet
  facet normal -0 0 -1
    outer loop
      vertex -73.6916 -98.4835 0
      vertex -78.9888 -102.333 0
      vertex -73.785 -98.3697 0
    endloop
  endfacet
  facet normal 0 0 -1
    outer loop
      vertex -72.9951 99.018 0
      vertex -74.7832 104.949 0
      vertex -74.3924 104.987 0
    endloop
  endfacet
  facet normal 0 0 -1
    outer loop
      vertex -79.1962 -102 0
      vertex -73.785 -98.3697 0
      vertex -78.9888 -102.333 0
    endloop
  endfacet
  facet normal 0 0 -1
    outer loop
      vertex -72.9951 99.018 0
      vertex -75.1705 104.885 0
      vertex -74.7832 104.949 0
    endloop
  endfacet
  facet normal 0 0 -1
    outer loop
      vertex -79.3812 -101.654 0
      vertex -73.785 -98.3697 0
      vertex -79.1962 -102 0
    endloop
  endfacet
  facet normal 0 0 -1
    outer loop
      vertex -73.125 98.9486 0
      vertex -75.5529 104.796 0
      vertex -75.1705 104.885 0
    endloop
  endfacet
  facet normal -0 0 -1
    outer loop
      vertex -73.785 -98.3697 0
      vertex -79.3812 -101.654 0
      vertex -73.8708 -98.25 0
    endloop
  endfacet
  facet normal 0 0 -1
    outer loop
      vertex -73.125 98.9486 0
      vertex -75.9286 104.682 0
      vertex -75.5529 104.796 0
    endloop
  endfacet
  facet normal 0 0 -1
    outer loop
      vertex -79.5433 -101.296 0
      vertex -73.8708 -98.25 0
      vertex -79.3812 -101.654 0
    endloop
  endfacet
  facet normal 0 0 -1
    outer loop
      vertex -73.25 98.8708 0
      vertex -76.2961 104.543 0
      vertex -75.9286 104.682 0
    endloop
  endfacet
  facet normal 0 0 -1
    outer loop
      vertex -79.6816 -100.929 0
      vertex -73.8708 -98.25 0
      vertex -79.5433 -101.296 0
    endloop
  endfacet
  facet normal 0 0 -1
    outer loop
      vertex -73.25 98.8708 0
      vertex -76.6537 104.381 0
      vertex -76.2961 104.543 0
    endloop
  endfacet
  facet normal -0 0 -1
    outer loop
      vertex -73.8708 -98.25 0
      vertex -79.6816 -100.929 0
      vertex -73.9486 -98.125 0
    endloop
  endfacet
  facet normal 0 0 -1
    outer loop
      vertex -73.3697 98.785 0
      vertex -77 104.196 0
      vertex -76.6537 104.381 0
    endloop
  endfacet
  facet normal 0 0 -1
    outer loop
      vertex -79.7955 -100.553 0
      vertex -73.9486 -98.125 0
      vertex -79.6816 -100.929 0
    endloop
  endfacet
  facet normal 0 0 -1
    outer loop
      vertex -73.3697 98.785 0
      vertex -77.3334 103.989 0
      vertex -77 104.196 0
    endloop
  endfacet
  facet normal 0 0 -1
    outer loop
      vertex -79.8847 -100.171 0
      vertex -73.9486 -98.125 0
      vertex -79.7955 -100.553 0
    endloop
  endfacet
  facet normal 0 0 -1
    outer loop
      vertex -73.4835 98.6916 0
      vertex -77.6526 103.76 0
      vertex -77.3334 103.989 0
    endloop
  endfacet
  facet normal -0 0 -1
    outer loop
      vertex -73.9486 -98.125 0
      vertex -79.8847 -100.171 0
      vertex -74.018 -97.9951 0
    endloop
  endfacet
  facet normal 0 0 -1
    outer loop
      vertex -73.4835 98.6916 0
      vertex -77.9561 103.511 0
      vertex -77.6526 103.76 0
    endloop
  endfacet
  facet normal 0 0 -1
    outer loop
      vertex -79.9487 -99.7832 0
      vertex -74.018 -97.9951 0
      vertex -79.8847 -100.171 0
    endloop
  endfacet
  facet normal 0 0 -1
    outer loop
      vertex -73.591 98.591 0
      vertex -78.2426 103.243 0
      vertex -77.9561 103.511 0
    endloop
  endfacet
  facet normal 0 0 -1
    outer loop
      vertex -79.9872 -99.3924 0
      vertex -74.018 -97.9951 0
      vertex -79.9487 -99.7832 0
    endloop
  endfacet
  facet normal 0 0 -1
    outer loop
      vertex -73.591 98.591 0
      vertex -78.511 102.956 0
      vertex -78.2426 103.243 0
    endloop
  endfacet
  facet normal -0 0 -1
    outer loop
      vertex -74.018 -97.9951 0
      vertex -79.9872 -99.3924 0
      vertex -74.0787 -97.861 0
    endloop
  endfacet
  facet normal 0 0 -1
    outer loop
      vertex -73.6916 98.4835 0
      vertex -78.7601 102.653 0
      vertex -78.511 102.956 0
    endloop
  endfacet
  facet normal 0 0 -1
    outer loop
      vertex -80 -99 0
      vertex -74.0787 -97.861 0
      vertex -79.9872 -99.3924 0
    endloop
  endfacet
  facet normal 0 0 -1
    outer loop
      vertex -73.6916 98.4835 0
      vertex -78.9888 102.333 0
      vertex -78.7601 102.653 0
    endloop
  endfacet
  facet normal -0 0 -1
    outer loop
      vertex -74.0787 -97.861 0
      vertex -80 -99 0
      vertex -74.1306 -97.7232 0
    endloop
  endfacet
  facet normal 0 0 -1
    outer loop
      vertex -73.785 98.3697 0
      vertex -79.1962 102 0
      vertex -78.9888 102.333 0
    endloop
  endfacet
  facet normal -0 0 -1
    outer loop
      vertex -74.1306 -97.7232 0
      vertex -80 -99 0
      vertex -74.1733 -97.5823 0
    endloop
  endfacet
  facet normal 0 0 -1
    outer loop
      vertex -73.785 98.3697 0
      vertex -79.3812 101.654 0
      vertex -79.1962 102 0
    endloop
  endfacet
  facet normal -0 0 -1
    outer loop
      vertex -74.1733 -97.5823 0
      vertex -80 -99 0
      vertex -74.2068 -97.4389 0
    endloop
  endfacet
  facet normal 0 0 -1
    outer loop
      vertex -73.8708 98.25 0
      vertex -79.5433 101.296 0
      vertex -79.3812 101.654 0
    endloop
  endfacet
  facet normal -0 0 -1
    outer loop
      vertex -74.2068 -97.4389 0
      vertex -80 -99 0
      vertex -74.2308 -97.2937 0
    endloop
  endfacet
  facet normal 0 0 -1
    outer loop
      vertex -73.8708 98.25 0
      vertex -79.6816 100.929 0
      vertex -79.5433 101.296 0
    endloop
  endfacet
  facet normal -0 0 -1
    outer loop
      vertex -74.2308 -97.2937 0
      vertex -80 -99 0
      vertex -74.2452 -97.1472 0
    endloop
  endfacet
  facet normal 0 0 -1
    outer loop
      vertex -73.9486 98.125 0
      vertex -79.7955 100.553 0
      vertex -79.6816 100.929 0
    endloop
  endfacet
  facet normal -0 0 -1
    outer loop
      vertex -74.2452 -97.1472 0
      vertex -80 -99 0
      vertex -74.25 -97 0
    endloop
  endfacet
  facet normal 0 0 -1
    outer loop
      vertex -73.9486 98.125 0
      vertex -79.8847 100.171 0
      vertex -79.7955 100.553 0
    endloop
  endfacet
  facet normal 0 0 -1
    outer loop
      vertex -74.018 97.9951 0
      vertex -79.9487 99.7832 0
      vertex -79.8847 100.171 0
    endloop
  endfacet
  facet normal 0 0 -1
    outer loop
      vertex -74.018 97.9951 0
      vertex -79.9872 99.3924 0
      vertex -79.9487 99.7832 0
    endloop
  endfacet
  facet normal -0.730378 0.683043 0
    outer loop
      vertex -78.511 102.956 0
      vertex -78.2426 103.243 3
      vertex -78.2426 103.243 0
    endloop
  endfacet
  facet normal -0.730378 0.683043 0
    outer loop
      vertex -78.2426 103.243 3
      vertex -78.511 102.956 0
      vertex -78.511 102.956 3
    endloop
  endfacet
  facet normal -0.226682 0.973969 0
    outer loop
      vertex -75.1705 104.885 0
      vertex -75.5529 104.796 3
      vertex -75.1705 104.885 3
    endloop
  endfacet
  facet normal -0.226682 0.973969 0
    outer loop
      vertex -75.5529 104.796 3
      vertex -75.1705 104.885 0
      vertex -75.5529 104.796 0
    endloop
  endfacet
  facet normal 0.634278 -0.773105 0
    outer loop
      vertex 77.6526 -103.76 0
      vertex 77.9561 -103.511 3
      vertex 77.6526 -103.76 3
    endloop
  endfacet
  facet normal 0.634278 -0.773105 0
    outer loop
      vertex 77.9561 -103.511 3
      vertex 77.6526 -103.76 0
      vertex 77.9561 -103.511 0
    endloop
  endfacet
  facet normal -0.582922 -0.812528 0
    outer loop
      vertex -77.6526 -103.76 0
      vertex -77.3334 -103.989 3
      vertex -77.6526 -103.76 3
    endloop
  endfacet
  facet normal -0.582922 -0.812528 -0
    outer loop
      vertex -77.3334 -103.989 3
      vertex -77.6526 -103.76 0
      vertex -77.3334 -103.989 0
    endloop
  endfacet
  facet normal 0.353772 0.935332 -0
    outer loop
      vertex 76.2961 104.543 0
      vertex 75.9286 104.682 3
      vertex 76.2961 104.543 3
    endloop
  endfacet
  facet normal 0.353772 0.935332 0
    outer loop
      vertex 75.9286 104.682 3
      vertex 76.2961 104.543 0
      vertex 75.9286 104.682 0
    endloop
  endfacet
  facet normal 0.986654 0.162831 0
    outer loop
      vertex 79.9487 99.7832 3
      vertex 79.8847 100.171 0
      vertex 79.8847 100.171 3
    endloop
  endfacet
  facet normal 0.986654 0.162831 0
    outer loop
      vertex 79.8847 100.171 0
      vertex 79.9487 99.7832 3
      vertex 79.9487 99.7832 0
    endloop
  endfacet
  facet normal 0.813579 0.581455 0
    outer loop
      vertex 78.9888 102.333 3
      vertex 78.7601 102.653 0
      vertex 78.7601 102.653 3
    endloop
  endfacet
  facet normal 0.813579 0.581455 0
    outer loop
      vertex 78.7601 102.653 0
      vertex 78.9888 102.333 3
      vertex 78.9888 102.333 0
    endloop
  endfacet
  facet normal 0.986654 -0.162831 0
    outer loop
      vertex 79.8847 -100.171 3
      vertex 79.9487 -99.7832 0
      vertex 79.9487 -99.7832 3
    endloop
  endfacet
  facet normal 0.986654 -0.162831 0
    outer loop
      vertex 79.9487 -99.7832 0
      vertex 79.8847 -100.171 3
      vertex 79.8847 -100.171 0
    endloop
  endfacet
  facet normal -0.412651 -0.910889 0
    outer loop
      vertex -76.6537 -104.381 0
      vertex -76.2961 -104.543 3
      vertex -76.6537 -104.381 3
    endloop
  endfacet
  facet normal -0.412651 -0.910889 -0
    outer loop
      vertex -76.2961 -104.543 3
      vertex -76.6537 -104.381 0
      vertex -76.2961 -104.543 0
    endloop
  endfacet
  facet normal -0.290361 -0.956917 0
    outer loop
      vertex -75.9286 -104.682 0
      vertex -75.5529 -104.796 3
      vertex -75.9286 -104.682 3
    endloop
  endfacet
  facet normal -0.290361 -0.956917 -0
    outer loop
      vertex -75.5529 -104.796 3
      vertex -75.9286 -104.682 0
      vertex -75.5529 -104.796 0
    endloop
  endfacet
  facet normal -0.226682 -0.973969 0
    outer loop
      vertex -75.5529 -104.796 0
      vertex -75.1705 -104.885 3
      vertex -75.5529 -104.796 3
    endloop
  endfacet
  facet normal -0.226682 -0.973969 -0
    outer loop
      vertex -75.1705 -104.885 3
      vertex -75.5529 -104.796 0
      vertex -75.1705 -104.885 0
    endloop
  endfacet
  facet normal -0.290361 0.956917 0
    outer loop
      vertex -75.5529 104.796 0
      vertex -75.9286 104.682 3
      vertex -75.5529 104.796 3
    endloop
  endfacet
  facet normal -0.290361 0.956917 0
    outer loop
      vertex -75.9286 104.682 3
      vertex -75.5529 104.796 0
      vertex -75.9286 104.682 0
    endloop
  endfacet
  facet normal 0.471196 0.882028 -0
    outer loop
      vertex 77 104.196 0
      vertex 76.6537 104.381 3
      vertex 77 104.196 3
    endloop
  endfacet
  facet normal 0.471196 0.882028 0
    outer loop
      vertex 76.6537 104.381 3
      vertex 77 104.196 0
      vertex 76.6537 104.381 0
    endloop
  endfacet
  facet normal -0.0331113 -0.999452 0
    outer loop
      vertex -74.3924 -104.987 0
      vertex -74 -105 3
      vertex -74.3924 -104.987 3
    endloop
  endfacet
  facet normal -0.0331113 -0.999452 -0
    outer loop
      vertex -74 -105 3
      vertex -74.3924 -104.987 0
      vertex -74 -105 0
    endloop
  endfacet
  facet normal -0.935762 0.352632 0
    outer loop
      vertex -79.6816 100.929 0
      vertex -79.5433 101.296 3
      vertex -79.5433 101.296 0
    endloop
  endfacet
  facet normal -0.935762 0.352632 0
    outer loop
      vertex -79.5433 101.296 3
      vertex -79.6816 100.929 0
      vertex -79.6816 100.929 3
    endloop
  endfacet
  facet normal 0.999468 0.0326024 0
    outer loop
      vertex 80 99 3
      vertex 79.9872 99.3924 0
      vertex 79.9872 99.3924 3
    endloop
  endfacet
  facet normal 0.999468 0.0326024 0
    outer loop
      vertex 79.9872 99.3924 0
      vertex 80 99 3
      vertex 80 99 0
    endloop
  endfacet
  facet normal 0.995182 0.0980413 0
    outer loop
      vertex 79.9872 99.3924 3
      vertex 79.9487 99.7832 0
      vertex 79.9487 99.7832 3
    endloop
  endfacet
  facet normal 0.995182 0.0980413 0
    outer loop
      vertex 79.9487 99.7832 0
      vertex 79.9872 99.3924 3
      vertex 79.9872 99.3924 0
    endloop
  endfacet
  facet normal -0.813579 0.581455 0
    outer loop
      vertex -78.9888 102.333 0
      vertex -78.7601 102.653 3
      vertex -78.7601 102.653 0
    endloop
  endfacet
  facet normal -0.813579 0.581455 0
    outer loop
      vertex -78.7601 102.653 3
      vertex -78.9888 102.333 0
      vertex -78.9888 102.333 3
    endloop
  endfacet
  facet normal 0.527477 -0.849569 0
    outer loop
      vertex 77 -104.196 0
      vertex 77.3334 -103.989 3
      vertex 77 -104.196 3
    endloop
  endfacet
  facet normal 0.527477 -0.849569 0
    outer loop
      vertex 77.3334 -103.989 3
      vertex 77 -104.196 0
      vertex 77.3334 -103.989 0
    endloop
  endfacet
  facet normal -0.986654 -0.162831 0
    outer loop
      vertex -79.8847 -100.171 0
      vertex -79.9487 -99.7832 3
      vertex -79.9487 -99.7832 0
    endloop
  endfacet
  facet normal -0.986654 -0.162831 0
    outer loop
      vertex -79.9487 -99.7832 3
      vertex -79.8847 -100.171 0
      vertex -79.8847 -100.171 3
    endloop
  endfacet
  facet normal -0.09678 -0.995306 0
    outer loop
      vertex -74.7832 -104.949 0
      vertex -74.3924 -104.987 3
      vertex -74.7832 -104.949 3
    endloop
  endfacet
  facet normal -0.09678 -0.995306 -0
    outer loop
      vertex -74.3924 -104.987 3
      vertex -74.7832 -104.949 0
      vertex -74.3924 -104.987 0
    endloop
  endfacet
  facet normal -0.995182 0.0980413 0
    outer loop
      vertex -79.9872 99.3924 0
      vertex -79.9487 99.7832 3
      vertex -79.9487 99.7832 0
    endloop
  endfacet
  facet normal -0.995182 0.0980413 0
    outer loop
      vertex -79.9487 99.7832 3
      vertex -79.9872 99.3924 0
      vertex -79.9872 99.3924 3
    endloop
  endfacet
  facet normal -0.683135 0.730292 0
    outer loop
      vertex -77.9561 103.511 0
      vertex -78.2426 103.243 3
      vertex -77.9561 103.511 3
    endloop
  endfacet
  facet normal -0.683135 0.730292 0
    outer loop
      vertex -78.2426 103.243 3
      vertex -77.9561 103.511 0
      vertex -78.2426 103.243 0
    endloop
  endfacet
  facet normal 0.582922 -0.812528 0
    outer loop
      vertex 77.3334 -103.989 0
      vertex 77.6526 -103.76 3
      vertex 77.3334 -103.989 3
    endloop
  endfacet
  facet normal 0.582922 -0.812528 0
    outer loop
      vertex 77.6526 -103.76 3
      vertex 77.3334 -103.989 0
      vertex 77.6526 -103.76 0
    endloop
  endfacet
  facet normal 0.0331113 0.999452 -0
    outer loop
      vertex 74.3924 104.987 0
      vertex 74 105 3
      vertex 74.3924 104.987 3
    endloop
  endfacet
  facet normal 0.0331113 0.999452 0
    outer loop
      vertex 74 105 3
      vertex 74.3924 104.987 0
      vertex 74 105 0
    endloop
  endfacet
  facet normal 0.290361 0.956917 -0
    outer loop
      vertex 75.9286 104.682 0
      vertex 75.5529 104.796 3
      vertex 75.9286 104.682 3
    endloop
  endfacet
  facet normal 0.290361 0.956917 0
    outer loop
      vertex 75.5529 104.796 3
      vertex 75.9286 104.682 0
      vertex 75.5529 104.796 0
    endloop
  endfacet
  facet normal 0.683135 -0.730292 0
    outer loop
      vertex 77.9561 -103.511 0
      vertex 78.2426 -103.243 3
      vertex 77.9561 -103.511 3
    endloop
  endfacet
  facet normal 0.683135 -0.730292 0
    outer loop
      vertex 78.2426 -103.243 3
      vertex 77.9561 -103.511 0
      vertex 78.2426 -103.243 0
    endloop
  endfacet
  facet normal 0.999468 -0.0326024 0
    outer loop
      vertex 79.9872 -99.3924 3
      vertex 80 -99 0
      vertex 80 -99 3
    endloop
  endfacet
  facet normal 0.999468 -0.0326024 0
    outer loop
      vertex 80 -99 0
      vertex 79.9872 -99.3924 3
      vertex 79.9872 -99.3924 0
    endloop
  endfacet
  facet normal 0.772467 0.635055 0
    outer loop
      vertex 78.7601 102.653 3
      vertex 78.511 102.956 0
      vertex 78.511 102.956 3
    endloop
  endfacet
  facet normal 0.772467 0.635055 0
    outer loop
      vertex 78.511 102.956 0
      vertex 78.7601 102.653 3
      vertex 78.7601 102.653 0
    endloop
  endfacet
  facet normal -0.957052 0.289916 0
    outer loop
      vertex -79.7955 100.553 0
      vertex -79.6816 100.929 3
      vertex -79.6816 100.929 0
    endloop
  endfacet
  facet normal -0.957052 0.289916 0
    outer loop
      vertex -79.6816 100.929 3
      vertex -79.7955 100.553 0
      vertex -79.7955 100.553 3
    endloop
  endfacet
  facet normal -0.973804 0.227391 0
    outer loop
      vertex -79.8847 100.171 0
      vertex -79.7955 100.553 3
      vertex -79.7955 100.553 0
    endloop
  endfacet
  facet normal -0.973804 0.227391 0
    outer loop
      vertex -79.7955 100.553 3
      vertex -79.8847 100.171 0
      vertex -79.8847 100.171 3
    endloop
  endfacet
  facet normal 0.973804 0.227391 0
    outer loop
      vertex 79.8847 100.171 3
      vertex 79.7955 100.553 0
      vertex 79.7955 100.553 3
    endloop
  endfacet
  facet normal 0.973804 0.227391 0
    outer loop
      vertex 79.7955 100.553 0
      vertex 79.8847 100.171 3
      vertex 79.8847 100.171 0
    endloop
  endfacet
  facet normal -0.995182 -0.0980413 0
    outer loop
      vertex -79.9487 -99.7832 0
      vertex -79.9872 -99.3924 3
      vertex -79.9872 -99.3924 0
    endloop
  endfacet
  facet normal -0.995182 -0.0980413 0
    outer loop
      vertex -79.9872 -99.3924 3
      vertex -79.9487 -99.7832 0
      vertex -79.9487 -99.7832 3
    endloop
  endfacet
  facet normal 0.412651 0.910889 -0
    outer loop
      vertex 76.6537 104.381 0
      vertex 76.2961 104.543 3
      vertex 76.6537 104.381 3
    endloop
  endfacet
  facet normal 0.412651 0.910889 0
    outer loop
      vertex 76.2961 104.543 3
      vertex 76.6537 104.381 0
      vertex 76.2961 104.543 0
    endloop
  endfacet
  facet normal -0.999468 -0.0326024 0
    outer loop
      vertex -79.9872 -99.3924 0
      vertex -80 -99 3
      vertex -80 -99 0
    endloop
  endfacet
  facet normal -0.999468 -0.0326024 0
    outer loop
      vertex -80 -99 3
      vertex -79.9872 -99.3924 0
      vertex -79.9872 -99.3924 3
    endloop
  endfacet
  facet normal 0.582922 0.812528 -0
    outer loop
      vertex 77.6526 103.76 0
      vertex 77.3334 103.989 3
      vertex 77.6526 103.76 3
    endloop
  endfacet
  facet normal 0.582922 0.812528 0
    outer loop
      vertex 77.3334 103.989 3
      vertex 77.6526 103.76 0
      vertex 77.3334 103.989 0
    endloop
  endfacet
  facet normal 0.995182 -0.0980413 0
    outer loop
      vertex 79.9487 -99.7832 3
      vertex 79.9872 -99.3924 0
      vertex 79.9872 -99.3924 3
    endloop
  endfacet
  facet normal 0.995182 -0.0980413 0
    outer loop
      vertex 79.9872 -99.3924 0
      vertex 79.9487 -99.7832 3
      vertex 79.9487 -99.7832 0
    endloop
  endfacet
  facet normal 0.353772 -0.935332 0
    outer loop
      vertex 75.9286 -104.682 0
      vertex 76.2961 -104.543 3
      vertex 75.9286 -104.682 3
    endloop
  endfacet
  facet normal 0.353772 -0.935332 0
    outer loop
      vertex 76.2961 -104.543 3
      vertex 75.9286 -104.682 0
      vertex 76.2961 -104.543 0
    endloop
  endfacet
  facet normal -0.973804 -0.227391 0
    outer loop
      vertex -79.7955 -100.553 0
      vertex -79.8847 -100.171 3
      vertex -79.8847 -100.171 0
    endloop
  endfacet
  facet normal -0.973804 -0.227391 0
    outer loop
      vertex -79.8847 -100.171 3
      vertex -79.7955 -100.553 0
      vertex -79.7955 -100.553 3
    endloop
  endfacet
  facet normal 0.471196 -0.882028 0
    outer loop
      vertex 76.6537 -104.381 0
      vertex 77 -104.196 3
      vertex 76.6537 -104.381 3
    endloop
  endfacet
  facet normal 0.471196 -0.882028 0
    outer loop
      vertex 77 -104.196 3
      vertex 76.6537 -104.381 0
      vertex 77 -104.196 0
    endloop
  endfacet
  facet normal 0.973804 -0.227391 0
    outer loop
      vertex 79.7955 -100.553 3
      vertex 79.8847 -100.171 0
      vertex 79.8847 -100.171 3
    endloop
  endfacet
  facet normal 0.973804 -0.227391 0
    outer loop
      vertex 79.8847 -100.171 0
      vertex 79.7955 -100.553 3
      vertex 79.7955 -100.553 0
    endloop
  endfacet
  facet normal 0.957052 -0.289916 0
    outer loop
      vertex 79.6816 -100.929 3
      vertex 79.7955 -100.553 0
      vertex 79.7955 -100.553 3
    endloop
  endfacet
  facet normal 0.957052 -0.289916 0
    outer loop
      vertex 79.7955 -100.553 0
      vertex 79.6816 -100.929 3
      vertex 79.6816 -100.929 0
    endloop
  endfacet
  facet normal 0.881859 -0.471514 0
    outer loop
      vertex 79.1962 -102 3
      vertex 79.3812 -101.654 0
      vertex 79.3812 -101.654 3
    endloop
  endfacet
  facet normal 0.881859 -0.471514 0
    outer loop
      vertex 79.3812 -101.654 0
      vertex 79.1962 -102 3
      vertex 79.1962 -102 0
    endloop
  endfacet
  facet normal -0.957052 -0.289916 0
    outer loop
      vertex -79.6816 -100.929 0
      vertex -79.7955 -100.553 3
      vertex -79.7955 -100.553 0
    endloop
  endfacet
  facet normal -0.957052 -0.289916 0
    outer loop
      vertex -79.7955 -100.553 3
      vertex -79.6816 -100.929 0
      vertex -79.6816 -100.929 3
    endloop
  endfacet
  facet normal 0.772467 -0.635055 0
    outer loop
      vertex 78.511 -102.956 3
      vertex 78.7601 -102.653 0
      vertex 78.7601 -102.653 3
    endloop
  endfacet
  facet normal 0.772467 -0.635055 0
    outer loop
      vertex 78.7601 -102.653 0
      vertex 78.511 -102.956 3
      vertex 78.511 -102.956 0
    endloop
  endfacet
  facet normal 0.290361 -0.956917 0
    outer loop
      vertex 75.5529 -104.796 0
      vertex 75.9286 -104.682 3
      vertex 75.5529 -104.796 3
    endloop
  endfacet
  facet normal 0.290361 -0.956917 0
    outer loop
      vertex 75.9286 -104.682 3
      vertex 75.5529 -104.796 0
      vertex 75.9286 -104.682 0
    endloop
  endfacet
  facet normal 0.226682 -0.973969 0
    outer loop
      vertex 75.1705 -104.885 0
      vertex 75.5529 -104.796 3
      vertex 75.1705 -104.885 3
    endloop
  endfacet
  facet normal 0.226682 -0.973969 0
    outer loop
      vertex 75.5529 -104.796 3
      vertex 75.1705 -104.885 0
      vertex 75.5529 -104.796 0
    endloop
  endfacet
endsolid OpenSCAD_Model
