solid OpenSCAD_Model
  facet normal -0.567146 -0.81295 -0.132128
    outer loop
      vertex -59.574 -25.5649 0
      vertex -62.7043 -32.4827 56
      vertex -62.7721 -32.4354 56
    endloop
  endfacet
  facet normal -0.566771 -0.81321 -0.132139
    outer loop
      vertex -62.7043 -32.4827 56
      vertex -59.574 -25.5649 0
      vertex -58.556 -26.2744 0
    endloop
  endfacet
  facet normal -0.99104 -0.0194651 -0.132139
    outer loop
      vertex -80.0382 -1.45104 56
      vertex -80.0667 0 56
      vertex -72.6 0 0
    endloop
  endfacet
  facet normal -0.986462 -0.0971211 -0.132138
    outer loop
      vertex -79.7959 -4.59179 56
      vertex -79.9381 -3.14746 56
      vertex -72.381 -3.71418 0
    endloop
  endfacet
  facet normal 0.99104 0.0194651 -0.132139
    outer loop
      vertex -1.93333 0 56
      vertex -9.4 0 0
      vertex -1.96183 1.45104 56
    endloop
  endfacet
  facet normal 0.991041 0.019411 -0.132139
    outer loop
      vertex -1.96183 1.45104 56
      vertex -9.42436 1.24061 0
      vertex -1.96345 1.53375 56
    endloop
  endfacet
  facet normal 0.99104 0.0194596 -0.132139
    outer loop
      vertex -9.42436 1.24061 0
      vertex -1.96183 1.45104 56
      vertex -9.4 0 0
    endloop
  endfacet
  facet normal 0.50123 -0.855166 -0.132138
    outer loop
      vertex -24.489 -26.9434 0
      vertex -20.6591 -33.3516 56
      vertex -25.5596 -27.5709 0
    endloop
  endfacet
  facet normal 0.500793 -0.855422 -0.132137
    outer loop
      vertex -20.6591 -33.3516 56
      vertex -24.489 -26.9434 0
      vertex -20.5877 -33.3098 56
    endloop
  endfacet
  facet normal 0.687009 -0.714533 -0.132138
    outer loop
      vertex -14.4219 -28.6302 56
      vertex -18.6554 -22.3446 0
      vertex -13.3757 -27.6243 56
    endloop
  endfacet
  facet normal -0.968205 -0.21241 -0.132139
    outer loop
      vertex -78.9873 -9.11993 56
      vertex -79.2983 -7.70233 56
      vertex -71.7269 -7.37687 0
    endloop
  endfacet
  facet normal 0.834813 -0.53444 -0.132139
    outer loop
      vertex -8.47266 -21.6346 56
      vertex -14.7256 -17.556 0
      vertex -14.0566 -16.511 0
    endloop
  endfacet
  facet normal 0.834984 -0.534174 -0.132139
    outer loop
      vertex -14.7256 -17.556 0
      vertex -8.47266 -21.6346 56
      vertex -8.51725 -21.7043 56
    endloop
  endfacet
  facet normal -0.740946 -0.658436 -0.132139
    outer loop
      vertex -69.7425 -26.4566 56
      vertex -70.7065 -25.3718 56
      vertex -65.0288 -20.5226 0
    endloop
  endfacet
  facet normal 0.968201 -0.212429 -0.132138
    outer loop
      vertex -3.01275 -9.11993 56
      vertex -10.2731 -7.37687 0
      vertex -2.70172 -7.70233 56
    endloop
  endfacet
  facet normal 0.975794 -0.174257 -0.132139
    outer loop
      vertex -2.66945 -7.54009 56
      vertex -9.78905 -4.94333 0
      vertex -2.41431 -6.11137 56
    endloop
  endfacet
  facet normal 0.714551 -0.686991 -0.132138
    outer loop
      vertex -12.3125 -26.5185 56
      vertex -18.6554 -22.3446 0
      vertex -17.7954 -21.4501 0
    endloop
  endfacet
  facet normal 0.714558 -0.686983 -0.132139
    outer loop
      vertex -18.6554 -22.3446 0
      vertex -12.3125 -26.5185 56
      vertex -12.3698 -26.5781 56
    endloop
  endfacet
  facet normal -0.923064 -0.361237 -0.132138
    outer loop
      vertex -70.1946 -12.0928 0
      vertex -77.123 -14.8731 56
      vertex -70.6468 -10.9373 0
    endloop
  endfacet
  facet normal -0.92336 -0.360482 -0.132137
    outer loop
      vertex -77.123 -14.8731 56
      vertex -70.1946 -12.0928 0
      vertex -77.0929 -14.9502 56
    endloop
  endfacet
  facet normal 0.790322 0.598273 -0.132139
    outer loop
      vertex -9.3944 22.9628 56
      vertex -15.4351 18.574 0
      vertex -10.2704 24.12 56
    endloop
  endfacet
  facet normal 0.714533 -0.687009 -0.132138
    outer loop
      vertex -13.3757 -27.6243 56
      vertex -18.6554 -22.3446 0
      vertex -12.3698 -26.5781 56
    endloop
  endfacet
  facet normal -0.981879 0.135845 -0.132138
    outer loop
      vertex -72.381 3.71418 0
      vertex -79.7959 4.59179 56
      vertex -79.597 6.02943 56
    endloop
  endfacet
  facet normal -0.135848 -0.981878 -0.132138
    outer loop
      vertex -45.5918 -38.7959 56
      vertex -47.0294 -38.597 56
      vertex -44.7142 -31.381 0
    endloop
  endfacet
  facet normal -0.981885 -0.135801 -0.132137
    outer loop
      vertex -72.211 -4.94333 0
      vertex -79.597 -6.02943 56
      vertex -72.381 -3.71418 0
    endloop
  endfacet
  facet normal -0.981938 -0.135415 -0.132137
    outer loop
      vertex -79.597 -6.02943 56
      vertex -72.211 -4.94333 0
      vertex -79.5857 -6.11137 56
    endloop
  endfacet
  facet normal 0.908146 -0.397253 -0.132139
    outer loop
      vertex -5.52187 -16.3556 56
      vertex -12.3027 -13.2296 0
      vertex -4.94026 -15.026 56
    endloop
  endfacet
  facet normal -0.287728 -0.948553 -0.132139
    outer loop
      vertex -51.6834 -37.5759 56
      vertex -53.0723 -37.1546 56
      vertex -50.7649 -30.0534 0
    endloop
  endfacet
  facet normal 0.923064 -0.361237 -0.132138
    outer loop
      vertex -4.87696 -14.8731 56
      vertex -11.8054 -12.0928 0
      vertex -11.3532 -10.9373 0
    endloop
  endfacet
  facet normal 0.923156 -0.361001 -0.132138
    outer loop
      vertex -11.8054 -12.0928 0
      vertex -4.87696 -14.8731 56
      vertex -4.90711 -14.9502 56
    endloop
  endfacet
  facet normal -0.0194656 0.99104 -0.132139
    outer loop
      vertex -41 31.6 0
      vertex -42.451 39.0382 56
      vertex -41 39.0667 56
    endloop
  endfacet
  facet normal -0.948553 0.287728 -0.132138
    outer loop
      vertex -71.0534 9.76494 0
      vertex -78.5759 10.6834 56
      vertex -78.1546 12.0723 56
    endloop
  endfacet
  facet normal -0.981938 0.135415 -0.132137
    outer loop
      vertex -72.211 4.94333 0
      vertex -79.597 6.02943 56
      vertex -79.5857 6.11137 56
    endloop
  endfacet
  facet normal -0.981885 0.135801 -0.132137
    outer loop
      vertex -79.597 6.02943 56
      vertex -72.211 4.94333 0
      vertex -72.381 3.71418 0
    endloop
  endfacet
  facet normal 0.566741 -0.81323 -0.132139
    outer loop
      vertex -19.2279 -32.4354 56
      vertex -22.426 -25.5649 0
      vertex -18.0372 -31.6056 56
    endloop
  endfacet
  facet normal 0.923049 -0.361276 -0.132139
    outer loop
      vertex -4.87696 -14.8731 56
      vertex -11.3532 -10.9373 0
      vertex -4.34799 -13.5216 56
    endloop
  endfacet
  facet normal -0.874165 0.467305 -0.132138
    outer loop
      vertex -68.5709 15.4404 0
      vertex -75.7697 17.8089 56
      vertex -75.0855 19.0888 56
    endloop
  endfacet
  facet normal 0.397247 -0.908149 -0.132139
    outer loop
      vertex -25.974 -36.0597 56
      vertex -27.7704 -28.6973 0
      vertex -24.6444 -35.4781 56
    endloop
  endfacet
  facet normal -0.397682 -0.90796 -0.132128
    outer loop
      vertex -54.2296 -28.6973 0
      vertex -55.9502 -36.0929 56
      vertex -56.026 -36.0597 56
    endloop
  endfacet
  facet normal -0.397271 -0.908138 -0.132139
    outer loop
      vertex -55.9502 -36.0929 56
      vertex -54.2296 -28.6973 0
      vertex -53.0928 -29.1946 0
    endloop
  endfacet
  facet normal 0.989512 -0.0583544 -0.132139
    outer loop
      vertex -2.05376 -3.06513 56
      vertex -9.49741 -2.47931 0
      vertex -1.96832 -1.61633 56
    endloop
  endfacet
  facet normal 0.87418 -0.467279 -0.132139
    outer loop
      vertex -6.91449 -19.0888 56
      vertex -13.4291 -15.4404 0
      vertex -6.23034 -17.8089 56
    endloop
  endfacet
  facet normal -0.324763 0.936519 -0.132139
    outer loop
      vertex -51.9373 29.6468 0
      vertex -54.5216 36.652 56
      vertex -53.1504 37.1275 56
    endloop
  endfacet
  facet normal 0.500793 0.855422 -0.132137
    outer loop
      vertex -24.489 26.9434 0
      vertex -20.6591 33.3516 56
      vertex -20.5877 33.3098 56
    endloop
  endfacet
  facet normal 0.50123 0.855166 -0.132138
    outer loop
      vertex -20.6591 33.3516 56
      vertex -24.489 26.9434 0
      vertex -25.5596 27.5709 0
    endloop
  endfacet
  facet normal 0.740952 -0.658429 -0.132138
    outer loop
      vertex -12.2575 -26.4566 56
      vertex -17.7954 -21.4501 0
      vertex -16.9712 -20.5226 0
    endloop
  endfacet
  facet normal 0.740988 -0.65839 -0.132138
    outer loop
      vertex -17.7954 -21.4501 0
      vertex -12.2575 -26.4566 56
      vertex -12.3125 -26.5185 56
    endloop
  endfacet
  facet normal -0.766239 0.628823 -0.132138
    outer loop
      vertex -65.816 19.5634 0
      vertex -71.6797 24.1859 56
      vertex -70.759 25.3078 56
    endloop
  endfacet
  facet normal -0.923042 0.361294 -0.132139
    outer loop
      vertex -70.6468 10.9373 0
      vertex -77.652 13.5216 56
      vertex -77.123 14.8731 56
    endloop
  endfacet
  facet normal 0.790351 -0.598235 -0.132138
    outer loop
      vertex -10.2704 -24.12 56
      vertex -16.184 -19.5634 0
      vertex -15.4351 -18.574 0
    endloop
  endfacet
  facet normal 0.790243 -0.598378 -0.132138
    outer loop
      vertex -16.184 -19.5634 0
      vertex -10.2704 -24.12 56
      vertex -10.3203 -24.1859 56
    endloop
  endfacet
  facet normal -0.324942 -0.936458 -0.132135
    outer loop
      vertex -51.9373 -29.6468 0
      vertex -53.0723 -37.1546 56
      vertex -53.1504 -37.1275 56
    endloop
  endfacet
  facet normal -0.324791 -0.93651 -0.132139
    outer loop
      vertex -53.0723 -37.1546 56
      vertex -51.9373 -29.6468 0
      vertex -50.7649 -30.0534 0
    endloop
  endfacet
  facet normal 0.968205 -0.21241 -0.132139
    outer loop
      vertex -2.68399 -7.62153 56
      vertex -10.2731 -7.37687 0
      vertex -10.0072 -6.16485 0
    endloop
  endfacet
  facet normal 0.968196 -0.212452 -0.132138
    outer loop
      vertex -10.2731 -7.37687 0
      vertex -2.68399 -7.62153 56
      vertex -2.70172 -7.70233 56
    endloop
  endfacet
  facet normal -0.0971231 -0.986462 -0.132138
    outer loop
      vertex -44.1475 -38.9381 56
      vertex -45.5918 -38.7959 56
      vertex -44.7142 -31.381 0
    endloop
  endfacet
  facet normal -0.98951 -0.0583953 -0.132138
    outer loop
      vertex -79.9462 -3.06513 56
      vertex -80.0317 -1.61633 56
      vertex -72.5026 -2.47931 0
    endloop
  endfacet
  facet normal -0.874283 0.467083 -0.132144
    outer loop
      vertex -68.5709 15.4404 0
      vertex -75.8087 17.7359 56
      vertex -75.7697 17.8089 56
    endloop
  endfacet
  facet normal -0.874193 0.467253 -0.13214
    outer loop
      vertex -75.8087 17.7359 56
      vertex -68.5709 15.4404 0
      vertex -69.1558 14.3461 0
    endloop
  endfacet
  facet normal -0.891887 -0.432523 -0.132139
    outer loop
      vertex -75.8448 -17.6615 56
      vertex -76.4781 -16.3556 56
      vertex -69.6973 -13.2296 0
    endloop
  endfacet
  facet normal 0.467305 0.874165 -0.132138
    outer loop
      vertex -21.9112 34.0855 56
      vertex -25.5596 27.5709 0
      vertex -23.1911 34.7697 56
    endloop
  endfacet
  facet normal 0.948555 -0.287722 -0.132139
    outer loop
      vertex -3.84539 -12.0723 56
      vertex -10.9466 -9.76494 0
      vertex -3.4241 -10.6834 56
    endloop
  endfacet
  facet normal 0.981884 -0.135804 -0.132139
    outer loop
      vertex -2.40297 -6.02943 56
      vertex -9.61904 -3.71418 0
      vertex -2.20413 -4.59179 56
    endloop
  endfacet
  facet normal -0.991022 0.0203692 -0.132141
    outer loop
      vertex -72.5756 1.24061 0
      vertex -80.0382 1.45104 56
      vertex -80.0365 1.53375 56
    endloop
  endfacet
  facet normal -0.991039 0.0194915 -0.13214
    outer loop
      vertex -80.0382 1.45104 56
      vertex -72.5756 1.24061 0
      vertex -72.6 0 0
    endloop
  endfacet
  facet normal -0.0575048 0.989562 -0.132141
    outer loop
      vertex -42.2406 31.5756 0
      vertex -42.6163 39.0317 56
      vertex -42.5337 39.0365 56
    endloop
  endfacet
  facet normal -0.0583148 0.989514 -0.13214
    outer loop
      vertex -42.6163 39.0317 56
      vertex -42.2406 31.5756 0
      vertex -43.4793 31.5026 0
    endloop
  endfacet
  facet normal -0.324763 -0.936519 -0.132139
    outer loop
      vertex -53.1504 -37.1275 56
      vertex -54.5216 -36.652 56
      vertex -51.9373 -29.6468 0
    endloop
  endfacet
  facet normal -0.598273 0.790322 -0.132139
    outer loop
      vertex -59.574 25.5649 0
      vertex -65.12 30.7296 56
      vertex -63.9628 31.6056 56
    endloop
  endfacet
  facet normal -0.432523 0.891887 -0.132139
    outer loop
      vertex -54.2296 28.6973 0
      vertex -58.6615 34.8448 56
      vertex -57.3556 35.4781 56
    endloop
  endfacet
  facet normal -0.81321 -0.566771 -0.132139
    outer loop
      vertex -66.5649 -18.574 0
      vertex -73.4827 -21.7043 56
      vertex -67.2744 -17.556 0
    endloop
  endfacet
  facet normal -0.81295 -0.567146 -0.132128
    outer loop
      vertex -73.4827 -21.7043 56
      vertex -66.5649 -18.574 0
      vertex -73.4354 -21.7721 56
    endloop
  endfacet
  facet normal 0.467083 0.874283 -0.132144
    outer loop
      vertex -25.5596 27.5709 0
      vertex -23.2641 34.8087 56
      vertex -23.1911 34.7697 56
    endloop
  endfacet
  facet normal 0.467253 0.874193 -0.13214
    outer loop
      vertex -23.2641 34.8087 56
      vertex -25.5596 27.5709 0
      vertex -26.6539 28.1558 0
    endloop
  endfacet
  facet normal -0.834813 -0.53444 -0.132139
    outer loop
      vertex -67.2744 -17.556 0
      vertex -73.5273 -21.6346 56
      vertex -67.9434 -16.511 0
    endloop
  endfacet
  facet normal -0.834929 -0.534259 -0.132139
    outer loop
      vertex -73.5273 -21.6346 56
      vertex -67.2744 -17.556 0
      vertex -73.4827 -21.7043 56
    endloop
  endfacet
  facet normal 0.99104 -0.0194651 -0.132139
    outer loop
      vertex -1.96183 -1.45104 56
      vertex -9.4 0 0
      vertex -1.93333 0 56
    endloop
  endfacet
  facet normal -0.658436 0.740946 -0.132139
    outer loop
      vertex -61.5226 24.0288 0
      vertex -67.4566 28.7425 56
      vertex -66.3718 29.7065 56
    endloop
  endfacet
  facet normal -0.53444 0.834813 -0.132139
    outer loop
      vertex -58.556 26.2744 0
      vertex -62.6346 32.5273 56
      vertex -57.511 26.9434 0
    endloop
  endfacet
  facet normal -0.534259 0.834929 -0.132139
    outer loop
      vertex -62.6346 32.5273 56
      vertex -58.556 26.2744 0
      vertex -62.7043 32.4827 56
    endloop
  endfacet
  facet normal -0.65839 -0.740988 -0.132138
    outer loop
      vertex -62.4501 -23.2046 0
      vertex -67.4566 -28.7425 56
      vertex -67.5185 -28.6875 56
    endloop
  endfacet
  facet normal -0.658429 -0.740952 -0.132138
    outer loop
      vertex -67.4566 -28.7425 56
      vertex -62.4501 -23.2046 0
      vertex -61.5226 -24.0288 0
    endloop
  endfacet
  facet normal -0.467277 0.874181 -0.132138
    outer loop
      vertex -56.4404 27.5709 0
      vertex -60.0888 34.0855 56
      vertex -58.8088 34.7697 56
    endloop
  endfacet
  facet normal 0.21241 -0.968205 -0.132139
    outer loop
      vertex -33.2977 -38.2983 56
      vertex -33.6231 -30.7269 0
      vertex -31.8801 -37.9873 56
    endloop
  endfacet
  facet normal 0.135848 -0.981878 -0.132138
    outer loop
      vertex -36.4082 -38.7959 56
      vertex -37.2858 -31.381 0
      vertex -34.9706 -38.597 56
    endloop
  endfacet
  facet normal 0.986458 -0.0971617 -0.132139
    outer loop
      vertex -2.20413 -4.59179 56
      vertex -9.61904 -3.71418 0
      vertex -2.06187 -3.14746 56
    endloop
  endfacet
  facet normal -0.959104 -0.250316 -0.132139
    outer loop
      vertex -78.6208 -10.5242 56
      vertex -78.9873 -9.11993 56
      vertex -71.7269 -7.37687 0
    endloop
  endfacet
  facet normal 0.598378 0.790243 -0.132138
    outer loop
      vertex -21.4366 24.816 0
      vertex -16.88 30.7296 56
      vertex -16.8141 30.6797 56
    endloop
  endfacet
  facet normal 0.598235 0.790351 -0.132138
    outer loop
      vertex -16.88 30.7296 56
      vertex -21.4366 24.816 0
      vertex -22.426 25.5649 0
    endloop
  endfacet
  facet normal -0.959116 -0.250274 -0.132138
    outer loop
      vertex -71.4136 -8.57752 0
      vertex -78.6208 -10.5242 56
      vertex -71.7269 -7.37687 0
    endloop
  endfacet
  facet normal -0.95912 -0.250257 -0.132138
    outer loop
      vertex -78.6208 -10.5242 56
      vertex -71.4136 -8.57752 0
      vertex -78.5999 -10.6043 56
    endloop
  endfacet
  facet normal 0.766239 0.628823 -0.132138
    outer loop
      vertex -10.3203 24.1859 56
      vertex -16.184 19.5634 0
      vertex -11.241 25.3078 56
    endloop
  endfacet
  facet normal -0.361294 0.923042 -0.132139
    outer loop
      vertex -51.9373 29.6468 0
      vertex -55.8731 36.123 56
      vertex -54.5216 36.652 56
    endloop
  endfacet
  facet normal 0.360482 0.92336 -0.132137
    outer loop
      vertex -28.9072 29.1946 0
      vertex -26.1269 36.123 56
      vertex -26.0498 36.0929 56
    endloop
  endfacet
  facet normal 0.361237 0.923064 -0.132138
    outer loop
      vertex -26.1269 36.123 56
      vertex -28.9072 29.1946 0
      vertex -30.0627 29.6468 0
    endloop
  endfacet
  facet normal -0.534437 -0.834815 -0.132139
    outer loop
      vertex -61.4123 -33.3098 56
      vertex -62.6346 -32.5273 56
      vertex -57.511 -26.9434 0
    endloop
  endfacet
  facet normal -0.135807 0.981884 -0.132137
    outer loop
      vertex -45.9433 31.211 0
      vertex -47.0294 38.597 56
      vertex -44.7142 31.381 0
    endloop
  endfacet
  facet normal -0.135318 0.981952 -0.132137
    outer loop
      vertex -47.0294 38.597 56
      vertex -45.9433 31.211 0
      vertex -47.1114 38.5857 56
    endloop
  endfacet
  facet normal 0.0194656 -0.99104 -0.132139
    outer loop
      vertex -39.549 -39.0382 56
      vertex -41 -39.0667 56
      vertex -41 -31.6 0
    endloop
  endfacet
  facet normal 0.766239 -0.628823 -0.132138
    outer loop
      vertex -11.241 -25.3078 56
      vertex -16.184 -19.5634 0
      vertex -10.3203 -24.1859 56
    endloop
  endfacet
  facet normal 0.174233 0.975798 -0.132138
    outer loop
      vertex -33.4599 38.3306 56
      vertex -36.0567 31.211 0
      vertex -34.8886 38.5857 56
    endloop
  endfacet
  facet normal -0.212109 -0.96827 -0.132146
    outer loop
      vertex -48.3769 -30.7269 0
      vertex -48.6215 -38.316 56
      vertex -48.7023 -38.2983 56
    endloop
  endfacet
  facet normal -0.212414 -0.968204 -0.132139
    outer loop
      vertex -48.6215 -38.316 56
      vertex -48.3769 -30.7269 0
      vertex -47.1649 -30.9928 0
    endloop
  endfacet
  facet normal -0.501239 0.85516 -0.132138
    outer loop
      vertex -56.4404 27.5709 0
      vertex -61.3409 33.3516 56
      vertex -60.0888 34.0855 56
    endloop
  endfacet
  facet normal 0.135848 0.981878 -0.132138
    outer loop
      vertex -34.9706 38.597 56
      vertex -37.2858 31.381 0
      vertex -36.4082 38.7959 56
    endloop
  endfacet
  facet normal 0.975792 -0.174266 -0.132139
    outer loop
      vertex -2.66945 -7.54009 56
      vertex -10.0072 -6.16485 0
      vertex -9.78905 -4.94333 0
    endloop
  endfacet
  facet normal 0.975801 -0.174216 -0.132139
    outer loop
      vertex -10.0072 -6.16485 0
      vertex -2.66945 -7.54009 56
      vertex -2.68399 -7.62153 56
    endloop
  endfacet
  facet normal 0.76623 -0.628833 -0.132138
    outer loop
      vertex -11.241 -25.3078 56
      vertex -16.9712 -20.5226 0
      vertex -16.184 -19.5634 0
    endloop
  endfacet
  facet normal 0.76637 -0.628663 -0.132138
    outer loop
      vertex -16.9712 -20.5226 0
      vertex -11.241 -25.3078 56
      vertex -11.2935 -25.3718 56
    endloop
  endfacet
  facet normal -0.0583953 0.98951 -0.132138
    outer loop
      vertex -43.4793 31.5026 0
      vertex -44.0651 38.9462 56
      vertex -42.6163 39.0317 56
    endloop
  endfacet
  facet normal -0.174233 -0.975798 -0.132138
    outer loop
      vertex -47.1114 -38.5857 56
      vertex -48.5401 -38.3306 56
      vertex -45.9433 -31.211 0
    endloop
  endfacet
  facet normal -0.891871 -0.432556 -0.13214
    outer loop
      vertex -69.1558 -14.3461 0
      vertex -75.8448 -17.6615 56
      vertex -69.6973 -13.2296 0
    endloop
  endfacet
  facet normal -0.891795 -0.432713 -0.13214
    outer loop
      vertex -75.8448 -17.6615 56
      vertex -69.1558 -14.3461 0
      vertex -75.8087 -17.7359 56
    endloop
  endfacet
  facet normal -0.324791 0.93651 -0.132139
    outer loop
      vertex -51.9373 29.6468 0
      vertex -53.0723 37.1546 56
      vertex -50.7649 30.0534 0
    endloop
  endfacet
  facet normal -0.324942 0.936458 -0.132135
    outer loop
      vertex -53.0723 37.1546 56
      vertex -51.9373 29.6468 0
      vertex -53.1504 37.1275 56
    endloop
  endfacet
  facet normal -0.81295 0.567146 -0.132128
    outer loop
      vertex -66.5649 18.574 0
      vertex -73.4827 21.7043 56
      vertex -73.4354 21.7721 56
    endloop
  endfacet
  facet normal -0.81321 0.566771 -0.132139
    outer loop
      vertex -73.4827 21.7043 56
      vertex -66.5649 18.574 0
      vertex -67.2744 17.556 0
    endloop
  endfacet
  facet normal 0.250257 0.95912 -0.132138
    outer loop
      vertex -32.4225 30.4136 0
      vertex -30.4758 37.6208 56
      vertex -30.3957 37.5999 56
    endloop
  endfacet
  facet normal 0.250283 0.959113 -0.132138
    outer loop
      vertex -30.4758 37.6208 56
      vertex -32.4225 30.4136 0
      vertex -33.6231 30.7269 0
    endloop
  endfacet
  facet normal -0.360482 -0.92336 -0.132137
    outer loop
      vertex -53.0928 -29.1946 0
      vertex -55.8731 -36.123 56
      vertex -55.9502 -36.0929 56
    endloop
  endfacet
  facet normal -0.361237 -0.923064 -0.132138
    outer loop
      vertex -55.8731 -36.123 56
      vertex -53.0928 -29.1946 0
      vertex -51.9373 -29.6468 0
    endloop
  endfacet
  facet normal 0.834824 -0.534423 -0.132139
    outer loop
      vertex -8.47266 -21.6346 56
      vertex -14.0566 -16.511 0
      vertex -7.69019 -20.4123 56
    endloop
  endfacet
  facet normal -0.687009 -0.714533 -0.132138
    outer loop
      vertex -67.5781 -28.6302 56
      vertex -68.6243 -27.6243 56
      vertex -63.3446 -22.3446 0
    endloop
  endfacet
  facet normal -0.834815 0.534437 -0.132139
    outer loop
      vertex -67.9434 16.511 0
      vertex -74.3098 20.4123 56
      vertex -73.5273 21.6346 56
    endloop
  endfacet
  facet normal -0.975799 0.17423 -0.132138
    outer loop
      vertex -72.211 4.94333 0
      vertex -79.5857 6.11137 56
      vertex -79.3306 7.54009 56
    endloop
  endfacet
  facet normal 0.989512 -0.0583546 -0.132139
    outer loop
      vertex -1.96832 -1.61633 56
      vertex -9.42436 -1.24061 0
      vertex -1.96345 -1.53375 56
    endloop
  endfacet
  facet normal 0.989512 -0.0583546 -0.132139
    outer loop
      vertex -9.42436 -1.24061 0
      vertex -1.96832 -1.61633 56
      vertex -9.49741 -2.47931 0
    endloop
  endfacet
  facet normal 0.959116 -0.250274 -0.132138
    outer loop
      vertex -3.3792 -10.5242 56
      vertex -10.5864 -8.57752 0
      vertex -10.2731 -7.37687 0
    endloop
  endfacet
  facet normal 0.959178 -0.250033 -0.132138
    outer loop
      vertex -10.5864 -8.57752 0
      vertex -3.3792 -10.5242 56
      vertex -3.40008 -10.6043 56
    endloop
  endfacet
  facet normal -0.948553 -0.287728 -0.132138
    outer loop
      vertex -78.1546 -12.0723 56
      vertex -78.5759 -10.6834 56
      vertex -71.0534 -9.76494 0
    endloop
  endfacet
  facet normal 0.658436 -0.740946 -0.132139
    outer loop
      vertex -15.6282 -29.7065 56
      vertex -20.4774 -24.0288 0
      vertex -14.5434 -28.7425 56
    endloop
  endfacet
  facet normal -0.534259 -0.834929 -0.132139
    outer loop
      vertex -58.556 -26.2744 0
      vertex -62.6346 -32.5273 56
      vertex -62.7043 -32.4827 56
    endloop
  endfacet
  facet normal -0.53444 -0.834813 -0.132139
    outer loop
      vertex -62.6346 -32.5273 56
      vertex -58.556 -26.2744 0
      vertex -57.511 -26.9434 0
    endloop
  endfacet
  facet normal -0.986462 0.0971211 -0.132138
    outer loop
      vertex -72.381 3.71418 0
      vertex -79.9381 3.14746 56
      vertex -79.7959 4.59179 56
    endloop
  endfacet
  facet normal 0.99104 -0.0194596 -0.132139
    outer loop
      vertex -1.96183 -1.45104 56
      vertex -9.42436 -1.24061 0
      vertex -9.4 0 0
    endloop
  endfacet
  facet normal 0.991041 -0.019411 -0.132139
    outer loop
      vertex -9.42436 -1.24061 0
      vertex -1.96183 -1.45104 56
      vertex -1.96345 -1.53375 56
    endloop
  endfacet
  facet normal -0.790351 -0.598235 -0.132138
    outer loop
      vertex -65.816 -19.5634 0
      vertex -71.7296 -24.12 56
      vertex -66.5649 -18.574 0
    endloop
  endfacet
  facet normal -0.790243 -0.598378 -0.132138
    outer loop
      vertex -71.7296 -24.12 56
      vertex -65.816 -19.5634 0
      vertex -71.6797 -24.1859 56
    endloop
  endfacet
  facet normal -0.250283 0.959113 -0.132138
    outer loop
      vertex -49.5775 30.4136 0
      vertex -51.5242 37.6208 56
      vertex -48.3769 30.7269 0
    endloop
  endfacet
  facet normal -0.250257 0.95912 -0.132138
    outer loop
      vertex -51.5242 37.6208 56
      vertex -49.5775 30.4136 0
      vertex -51.6043 37.5999 56
    endloop
  endfacet
  facet normal -0.467253 0.874193 -0.13214
    outer loop
      vertex -56.4404 27.5709 0
      vertex -58.7359 34.8087 56
      vertex -55.3461 28.1558 0
    endloop
  endfacet
  facet normal -0.467582 0.874019 -0.13213
    outer loop
      vertex -58.7359 34.8087 56
      vertex -56.4404 27.5709 0
      vertex -58.8088 34.7697 56
    endloop
  endfacet
  facet normal -0.598273 -0.790322 -0.132139
    outer loop
      vertex -63.9628 -31.6056 56
      vertex -65.12 -30.7296 56
      vertex -59.574 -25.5649 0
    endloop
  endfacet
  facet normal -0.790322 -0.598273 -0.132139
    outer loop
      vertex -71.7296 -24.12 56
      vertex -72.6056 -22.9628 56
      vertex -66.5649 -18.574 0
    endloop
  endfacet
  facet normal -0.21241 -0.968205 -0.132139
    outer loop
      vertex -48.7023 -38.2983 56
      vertex -50.1199 -37.9873 56
      vertex -48.3769 -30.7269 0
    endloop
  endfacet
  facet normal 0.936521 -0.324757 -0.132139
    outer loop
      vertex -4.34799 -13.5216 56
      vertex -11.3532 -10.9373 0
      vertex -3.8725 -12.1504 56
    endloop
  endfacet
  facet normal 0.467305 -0.874165 -0.132138
    outer loop
      vertex -23.1911 -34.7697 56
      vertex -25.5596 -27.5709 0
      vertex -21.9112 -34.0855 56
    endloop
  endfacet
  facet normal -0.908138 -0.397271 -0.132139
    outer loop
      vertex -69.6973 -13.2296 0
      vertex -77.0929 -14.9502 56
      vertex -70.1946 -12.0928 0
    endloop
  endfacet
  facet normal -0.90796 -0.397682 -0.132128
    outer loop
      vertex -77.0929 -14.9502 56
      vertex -69.6973 -13.2296 0
      vertex -77.0597 -15.026 56
    endloop
  endfacet
  facet normal -0.986469 -0.0970533 -0.132138
    outer loop
      vertex -72.5026 -2.47931 0
      vertex -79.9381 -3.14746 56
      vertex -79.9462 -3.06513 56
    endloop
  endfacet
  facet normal -0.98646 -0.0971386 -0.132138
    outer loop
      vertex -79.9381 -3.14746 56
      vertex -72.5026 -2.47931 0
      vertex -72.381 -3.71418 0
    endloop
  endfacet
  facet normal -0.287744 0.948548 -0.132138
    outer loop
      vertex -50.7649 30.0534 0
      vertex -51.6043 37.5999 56
      vertex -49.5775 30.4136 0
    endloop
  endfacet
  facet normal -0.287797 0.948532 -0.132137
    outer loop
      vertex -51.6043 37.5999 56
      vertex -50.7649 30.0534 0
      vertex -51.6834 37.5759 56
    endloop
  endfacet
  facet normal -0.81323 -0.566741 -0.132139
    outer loop
      vertex -72.6056 -22.9628 56
      vertex -73.4354 -21.7721 56
      vertex -66.5649 -18.574 0
    endloop
  endfacet
  facet normal -0.90796 0.397682 -0.132128
    outer loop
      vertex -69.6973 13.2296 0
      vertex -77.0929 14.9502 56
      vertex -77.0597 15.026 56
    endloop
  endfacet
  facet normal -0.908138 0.397271 -0.132139
    outer loop
      vertex -77.0929 14.9502 56
      vertex -69.6973 13.2296 0
      vertex -70.1946 12.0928 0
    endloop
  endfacet
  facet normal -0.467277 -0.874181 -0.132138
    outer loop
      vertex -58.8088 -34.7697 56
      vertex -60.0888 -34.0855 56
      vertex -56.4404 -27.5709 0
    endloop
  endfacet
  facet normal 0.135807 -0.981884 -0.132137
    outer loop
      vertex -36.0567 -31.211 0
      vertex -34.9706 -38.597 56
      vertex -37.2858 -31.381 0
    endloop
  endfacet
  facet normal 0.135318 -0.981952 -0.132137
    outer loop
      vertex -34.9706 -38.597 56
      vertex -36.0567 -31.211 0
      vertex -34.8886 -38.5857 56
    endloop
  endfacet
  facet normal 0.628663 0.76637 -0.132138
    outer loop
      vertex -20.4774 24.0288 0
      vertex -15.6922 29.759 56
      vertex -15.6282 29.7065 56
    endloop
  endfacet
  facet normal 0.628833 0.76623 -0.132138
    outer loop
      vertex -15.6922 29.759 56
      vertex -20.4774 24.0288 0
      vertex -21.4366 24.816 0
    endloop
  endfacet
  facet normal -0.566741 0.81323 -0.132139
    outer loop
      vertex -59.574 25.5649 0
      vertex -63.9628 31.6056 56
      vertex -62.7721 32.4354 56
    endloop
  endfacet
  facet normal 0.21241 0.968205 -0.132139
    outer loop
      vertex -31.8801 37.9873 56
      vertex -33.6231 30.7269 0
      vertex -33.2977 38.2983 56
    endloop
  endfacet
  facet normal 0.986457 -0.0971719 -0.132139
    outer loop
      vertex -2.06187 -3.14746 56
      vertex -9.49741 -2.47931 0
      vertex -2.05376 -3.06513 56
    endloop
  endfacet
  facet normal 0.986458 -0.0971623 -0.132139
    outer loop
      vertex -9.49741 -2.47931 0
      vertex -2.06187 -3.14746 56
      vertex -9.61904 -3.71418 0
    endloop
  endfacet
  facet normal 0.0575048 -0.989562 -0.132141
    outer loop
      vertex -39.7594 -31.5756 0
      vertex -39.3837 -39.0317 56
      vertex -39.4663 -39.0365 56
    endloop
  endfacet
  facet normal 0.0583148 -0.989514 -0.13214
    outer loop
      vertex -39.3837 -39.0317 56
      vertex -39.7594 -31.5756 0
      vertex -38.5207 -31.5026 0
    endloop
  endfacet
  facet normal 0.855166 -0.50123 -0.132139
    outer loop
      vertex -7.64836 -20.3409 56
      vertex -14.0566 -16.511 0
      vertex -13.4291 -15.4404 0
    endloop
  endfacet
  facet normal 0.855265 -0.501061 -0.132138
    outer loop
      vertex -14.0566 -16.511 0
      vertex -7.64836 -20.3409 56
      vertex -7.69019 -20.4123 56
    endloop
  endfacet
  facet normal 0.936421 0.32505 -0.132132
    outer loop
      vertex -3.84539 12.0723 56
      vertex -11.3532 10.9373 0
      vertex -3.8725 12.1504 56
    endloop
  endfacet
  facet normal 0.936506 0.324801 -0.132139
    outer loop
      vertex -11.3532 10.9373 0
      vertex -3.84539 12.0723 56
      vertex -10.9466 9.76494 0
    endloop
  endfacet
  facet normal 0.855169 0.501224 -0.132139
    outer loop
      vertex -6.91449 19.0888 56
      vertex -13.4291 15.4404 0
      vertex -7.64836 20.3409 56
    endloop
  endfacet
  facet normal -0.986468 0.0970532 -0.13214
    outer loop
      vertex -72.381 3.71418 0
      vertex -79.9462 3.06513 56
      vertex -79.9381 3.14746 56
    endloop
  endfacet
  facet normal -0.98646 0.0971386 -0.132138
    outer loop
      vertex -79.9462 3.06513 56
      vertex -72.381 3.71418 0
      vertex -72.5026 2.47931 0
    endloop
  endfacet
  facet normal -0.98951 0.0583953 -0.132138
    outer loop
      vertex -72.5026 2.47931 0
      vertex -80.0317 1.61633 56
      vertex -79.9462 3.06513 56
    endloop
  endfacet
  facet normal -0.936519 0.324763 -0.132139
    outer loop
      vertex -70.6468 10.9373 0
      vertex -78.1275 12.1504 56
      vertex -77.652 13.5216 56
    endloop
  endfacet
  facet normal 0.361237 -0.923064 -0.132138
    outer loop
      vertex -28.9072 -29.1946 0
      vertex -26.1269 -36.123 56
      vertex -30.0627 -29.6468 0
    endloop
  endfacet
  facet normal 0.360482 -0.92336 -0.132137
    outer loop
      vertex -26.1269 -36.123 56
      vertex -28.9072 -29.1946 0
      vertex -26.0498 -36.0929 56
    endloop
  endfacet
  facet normal 0.959113 -0.250284 -0.132138
    outer loop
      vertex -3.3792 -10.5242 56
      vertex -10.2731 -7.37687 0
      vertex -3.01275 -9.11993 56
    endloop
  endfacet
  facet normal -0.287728 0.948553 -0.132139
    outer loop
      vertex -50.7649 30.0534 0
      vertex -53.0723 37.1546 56
      vertex -51.6834 37.5759 56
    endloop
  endfacet
  facet normal -0.96827 0.212109 -0.132146
    outer loop
      vertex -71.7269 7.37687 0
      vertex -79.316 7.62153 56
      vertex -79.2983 7.70233 56
    endloop
  endfacet
  facet normal -0.968205 0.21241 -0.132139
    outer loop
      vertex -79.316 7.62153 56
      vertex -71.7269 7.37687 0
      vertex -71.9928 6.16485 0
    endloop
  endfacet
  facet normal -0.714533 0.687009 -0.132138
    outer loop
      vertex -63.3446 22.3446 0
      vertex -69.6302 26.5781 56
      vertex -68.6243 27.6243 56
    endloop
  endfacet
  facet normal -0.361294 -0.923042 -0.132139
    outer loop
      vertex -54.5216 -36.652 56
      vertex -55.8731 -36.123 56
      vertex -51.9373 -29.6468 0
    endloop
  endfacet
  facet normal -0.467582 -0.874019 -0.13213
    outer loop
      vertex -56.4404 -27.5709 0
      vertex -58.7359 -34.8087 56
      vertex -58.8088 -34.7697 56
    endloop
  endfacet
  facet normal -0.467253 -0.874193 -0.13214
    outer loop
      vertex -58.7359 -34.8087 56
      vertex -56.4404 -27.5709 0
      vertex -55.3461 -28.1558 0
    endloop
  endfacet
  facet normal -0.0969716 -0.986476 -0.132142
    outer loop
      vertex -44.7142 -31.381 0
      vertex -44.0651 -38.9462 56
      vertex -44.1475 -38.9381 56
    endloop
  endfacet
  facet normal -0.0971363 -0.98646 -0.132138
    outer loop
      vertex -44.0651 -38.9462 56
      vertex -44.7142 -31.381 0
      vertex -43.4793 -31.5026 0
    endloop
  endfacet
  facet normal 0.891872 -0.432556 -0.132139
    outer loop
      vertex -6.15524 -17.6615 56
      vertex -12.8442 -14.3461 0
      vertex -12.3027 -13.2296 0
    endloop
  endfacet
  facet normal 0.891748 -0.43281 -0.132139
    outer loop
      vertex -12.8442 -14.3461 0
      vertex -6.15524 -17.6615 56
      vertex -6.19135 -17.7359 56
    endloop
  endfacet
  facet normal -0.686983 -0.714558 -0.132139
    outer loop
      vertex -63.3446 -22.3446 0
      vertex -67.5185 -28.6875 56
      vertex -67.5781 -28.6302 56
    endloop
  endfacet
  facet normal -0.686991 -0.714551 -0.132138
    outer loop
      vertex -67.5185 -28.6875 56
      vertex -63.3446 -22.3446 0
      vertex -62.4501 -23.2046 0
    endloop
  endfacet
  facet normal -0.658436 -0.740946 -0.132139
    outer loop
      vertex -66.3718 -29.7065 56
      vertex -67.4566 -28.7425 56
      vertex -61.5226 -24.0288 0
    endloop
  endfacet
  facet normal -0.714533 -0.687009 -0.132138
    outer loop
      vertex -68.6243 -27.6243 56
      vertex -69.6302 -26.5781 56
      vertex -63.3446 -22.3446 0
    endloop
  endfacet
  facet normal 0.534437 -0.834815 -0.132139
    outer loop
      vertex -20.5877 -33.3098 56
      vertex -24.489 -26.9434 0
      vertex -19.3654 -32.5273 56
    endloop
  endfacet
  facet normal 0.361294 -0.923042 -0.132139
    outer loop
      vertex -27.4784 -36.652 56
      vertex -30.0627 -29.6468 0
      vertex -26.1269 -36.123 56
    endloop
  endfacet
  facet normal -0.135318 -0.981952 -0.132137
    outer loop
      vertex -45.9433 -31.211 0
      vertex -47.0294 -38.597 56
      vertex -47.1114 -38.5857 56
    endloop
  endfacet
  facet normal -0.135807 -0.981884 -0.132137
    outer loop
      vertex -47.0294 -38.597 56
      vertex -45.9433 -31.211 0
      vertex -44.7142 -31.381 0
    endloop
  endfacet
  facet normal -0.0971231 0.986462 -0.132138
    outer loop
      vertex -44.7142 31.381 0
      vertex -45.5918 38.7959 56
      vertex -44.1475 38.9381 56
    endloop
  endfacet
  facet normal 0.534437 0.834815 -0.132139
    outer loop
      vertex -19.3654 32.5273 56
      vertex -24.489 26.9434 0
      vertex -20.5877 33.3098 56
    endloop
  endfacet
  facet normal -0.989561 -0.0575187 -0.132141
    outer loop
      vertex -72.5756 -1.24061 0
      vertex -80.0317 -1.61633 56
      vertex -80.0365 -1.53375 56
    endloop
  endfacet
  facet normal -0.989514 -0.0583148 -0.13214
    outer loop
      vertex -80.0317 -1.61633 56
      vertex -72.5756 -1.24061 0
      vertex -72.5026 -2.47931 0
    endloop
  endfacet
  facet normal 0.0971231 0.986462 -0.132138
    outer loop
      vertex -37.2858 31.381 0
      vertex -37.8525 38.9381 56
      vertex -36.4082 38.7959 56
    endloop
  endfacet
  facet normal -0.0203717 -0.991022 -0.132141
    outer loop
      vertex -42.2406 -31.5756 0
      vertex -42.451 -39.0382 56
      vertex -42.5337 -39.0365 56
    endloop
  endfacet
  facet normal -0.0194917 -0.991039 -0.13214
    outer loop
      vertex -42.451 -39.0382 56
      vertex -42.2406 -31.5756 0
      vertex -41 -31.6 0
    endloop
  endfacet
  facet normal -0.908149 0.397247 -0.132139
    outer loop
      vertex -69.6973 13.2296 0
      vertex -77.0597 15.026 56
      vertex -76.4781 16.3556 56
    endloop
  endfacet
  facet normal 0.501239 -0.85516 -0.132138
    outer loop
      vertex -21.9112 -34.0855 56
      vertex -25.5596 -27.5709 0
      vertex -20.6591 -33.3516 56
    endloop
  endfacet
  facet normal 0.174233 -0.975798 -0.132138
    outer loop
      vertex -34.8886 -38.5857 56
      vertex -36.0567 -31.211 0
      vertex -33.4599 -38.3306 56
    endloop
  endfacet
  facet normal -0.714558 0.686983 -0.132139
    outer loop
      vertex -63.3446 22.3446 0
      vertex -69.6875 26.5185 56
      vertex -69.6302 26.5781 56
    endloop
  endfacet
  facet normal -0.714551 0.686991 -0.132138
    outer loop
      vertex -69.6875 26.5185 56
      vertex -63.3446 22.3446 0
      vertex -64.2046 21.4501 0
    endloop
  endfacet
  facet normal 0.874333 0.46699 -0.132146
    outer loop
      vertex -6.19135 17.7359 56
      vertex -13.4291 15.4404 0
      vertex -6.23034 17.8089 56
    endloop
  endfacet
  facet normal 0.874193 0.467254 -0.132139
    outer loop
      vertex -13.4291 15.4404 0
      vertex -6.19135 17.7359 56
      vertex -12.8442 14.3461 0
    endloop
  endfacet
  facet normal 0.76637 0.628663 -0.132138
    outer loop
      vertex -11.241 25.3078 56
      vertex -16.9712 20.5226 0
      vertex -11.2935 25.3718 56
    endloop
  endfacet
  facet normal 0.76623 0.628833 -0.132138
    outer loop
      vertex -16.9712 20.5226 0
      vertex -11.241 25.3078 56
      vertex -16.184 19.5634 0
    endloop
  endfacet
  facet normal 0.740946 -0.658436 -0.132139
    outer loop
      vertex -12.2575 -26.4566 56
      vertex -16.9712 -20.5226 0
      vertex -11.2935 -25.3718 56
    endloop
  endfacet
  facet normal 0.467253 -0.874193 -0.13214
    outer loop
      vertex -25.5596 -27.5709 0
      vertex -23.2641 -34.8087 56
      vertex -26.6539 -28.1558 0
    endloop
  endfacet
  facet normal 0.467083 -0.874283 -0.132144
    outer loop
      vertex -23.2641 -34.8087 56
      vertex -25.5596 -27.5709 0
      vertex -23.1911 -34.7697 56
    endloop
  endfacet
  facet normal 0.714533 0.687009 -0.132138
    outer loop
      vertex -12.3698 26.5781 56
      vertex -18.6554 22.3446 0
      vertex -13.3757 27.6243 56
    endloop
  endfacet
  facet normal -0.566741 -0.81323 -0.132139
    outer loop
      vertex -62.7721 -32.4354 56
      vertex -63.9628 -31.6056 56
      vertex -59.574 -25.5649 0
    endloop
  endfacet
  facet normal 0.397271 -0.908138 -0.132139
    outer loop
      vertex -27.7704 -28.6973 0
      vertex -26.0498 -36.0929 56
      vertex -28.9072 -29.1946 0
    endloop
  endfacet
  facet normal 0.397682 -0.90796 -0.132128
    outer loop
      vertex -26.0498 -36.0929 56
      vertex -27.7704 -28.6973 0
      vertex -25.974 -36.0597 56
    endloop
  endfacet
  facet normal 0.0583953 -0.98951 -0.132138
    outer loop
      vertex -37.9349 -38.9462 56
      vertex -39.3837 -39.0317 56
      vertex -38.5207 -31.5026 0
    endloop
  endfacet
  facet normal -0.936506 -0.324801 -0.132138
    outer loop
      vertex -70.6468 -10.9373 0
      vertex -78.1546 -12.0723 56
      vertex -71.0534 -9.76494 0
    endloop
  endfacet
  facet normal -0.936458 -0.324942 -0.132135
    outer loop
      vertex -78.1546 -12.0723 56
      vertex -70.6468 -10.9373 0
      vertex -78.1275 -12.1504 56
    endloop
  endfacet
  facet normal -0.740952 -0.658429 -0.132138
    outer loop
      vertex -64.2046 -21.4501 0
      vertex -69.7425 -26.4566 56
      vertex -65.0288 -20.5226 0
    endloop
  endfacet
  facet normal -0.740988 -0.65839 -0.132138
    outer loop
      vertex -69.7425 -26.4566 56
      vertex -64.2046 -21.4501 0
      vertex -69.6875 -26.5185 56
    endloop
  endfacet
  facet normal -0.975799 -0.17423 -0.132138
    outer loop
      vertex -79.3306 -7.54009 56
      vertex -79.5857 -6.11137 56
      vertex -72.211 -4.94333 0
    endloop
  endfacet
  facet normal 0.598273 -0.790322 -0.132139
    outer loop
      vertex -18.0372 -31.6056 56
      vertex -22.426 -25.5649 0
      vertex -16.88 -30.7296 56
    endloop
  endfacet
  facet normal -0.936458 0.324942 -0.132135
    outer loop
      vertex -70.6468 10.9373 0
      vertex -78.1546 12.0723 56
      vertex -78.1275 12.1504 56
    endloop
  endfacet
  facet normal -0.936506 0.324801 -0.132138
    outer loop
      vertex -78.1546 12.0723 56
      vertex -70.6468 10.9373 0
      vertex -71.0534 9.76494 0
    endloop
  endfacet
  facet normal 0.501239 0.85516 -0.132138
    outer loop
      vertex -20.6591 33.3516 56
      vertex -25.5596 27.5709 0
      vertex -21.9112 34.0855 56
    endloop
  endfacet
  facet normal -0.740946 0.658436 -0.132139
    outer loop
      vertex -65.0288 20.5226 0
      vertex -70.7065 25.3718 56
      vertex -69.7425 26.4566 56
    endloop
  endfacet
  facet normal 0.908138 -0.397271 -0.132139
    outer loop
      vertex -4.90711 -14.9502 56
      vertex -12.3027 -13.2296 0
      vertex -11.8054 -12.0928 0
    endloop
  endfacet
  facet normal 0.908178 -0.397178 -0.132141
    outer loop
      vertex -12.3027 -13.2296 0
      vertex -4.90711 -14.9502 56
      vertex -4.94026 -15.026 56
    endloop
  endfacet
  facet normal 0.891868 -0.432562 -0.132139
    outer loop
      vertex -6.15524 -17.6615 56
      vertex -12.3027 -13.2296 0
      vertex -5.52187 -16.3556 56
    endloop
  endfacet
  facet normal -0.628833 0.76623 -0.132138
    outer loop
      vertex -61.5226 24.0288 0
      vertex -66.3078 29.759 56
      vertex -60.5634 24.816 0
    endloop
  endfacet
  facet normal -0.628663 0.76637 -0.132138
    outer loop
      vertex -66.3078 29.759 56
      vertex -61.5226 24.0288 0
      vertex -66.3718 29.7065 56
    endloop
  endfacet
  facet normal -0.686991 0.714551 -0.132138
    outer loop
      vertex -63.3446 22.3446 0
      vertex -67.5185 28.6875 56
      vertex -62.4501 23.2046 0
    endloop
  endfacet
  facet normal -0.686983 0.714558 -0.132139
    outer loop
      vertex -67.5185 28.6875 56
      vertex -63.3446 22.3446 0
      vertex -67.5781 28.6302 56
    endloop
  endfacet
  facet normal 0.855169 -0.501224 -0.132139
    outer loop
      vertex -7.64836 -20.3409 56
      vertex -13.4291 -15.4404 0
      vertex -6.91449 -19.0888 56
    endloop
  endfacet
  facet normal -0.936519 -0.324763 -0.132139
    outer loop
      vertex -77.652 -13.5216 56
      vertex -78.1275 -12.1504 56
      vertex -70.6468 -10.9373 0
    endloop
  endfacet
  facet normal 0.936506 -0.324801 -0.132139
    outer loop
      vertex -3.84539 -12.0723 56
      vertex -11.3532 -10.9373 0
      vertex -10.9466 -9.76494 0
    endloop
  endfacet
  facet normal 0.936421 -0.32505 -0.132132
    outer loop
      vertex -11.3532 -10.9373 0
      vertex -3.84539 -12.0723 56
      vertex -3.8725 -12.1504 56
    endloop
  endfacet
  facet normal 0.81321 -0.566771 -0.13214
    outer loop
      vertex -8.51725 -21.7043 56
      vertex -15.4351 -18.574 0
      vertex -14.7256 -17.556 0
    endloop
  endfacet
  facet normal 0.81295 -0.567146 -0.132129
    outer loop
      vertex -15.4351 -18.574 0
      vertex -8.51725 -21.7043 56
      vertex -8.56455 -21.7721 56
    endloop
  endfacet
  facet normal 0.948549 -0.287739 -0.132139
    outer loop
      vertex -3.40008 -10.6043 56
      vertex -10.9466 -9.76494 0
      vertex -10.5864 -8.57752 0
    endloop
  endfacet
  facet normal 0.948466 -0.288017 -0.132132
    outer loop
      vertex -10.9466 -9.76494 0
      vertex -3.40008 -10.6043 56
      vertex -3.4241 -10.6834 56
    endloop
  endfacet
  facet normal 0.813214 -0.566764 -0.132139
    outer loop
      vertex -9.3944 -22.9628 56
      vertex -15.4351 -18.574 0
      vertex -8.56455 -21.7721 56
    endloop
  endfacet
  facet normal -0.855422 0.500793 -0.132137
    outer loop
      vertex -67.9434 16.511 0
      vertex -74.3516 20.3409 56
      vertex -74.3098 20.4123 56
    endloop
  endfacet
  facet normal -0.855166 0.50123 -0.132138
    outer loop
      vertex -74.3516 20.3409 56
      vertex -67.9434 16.511 0
      vertex -68.5709 15.4404 0
    endloop
  endfacet
  facet normal 0.0969716 -0.986477 -0.132138
    outer loop
      vertex -38.5207 -31.5026 0
      vertex -37.8525 -38.9381 56
      vertex -37.9349 -38.9462 56
    endloop
  endfacet
  facet normal 0.0971363 -0.98646 -0.132138
    outer loop
      vertex -37.8525 -38.9381 56
      vertex -38.5207 -31.5026 0
      vertex -37.2858 -31.381 0
    endloop
  endfacet
  facet normal 0.0194917 -0.991039 -0.13214
    outer loop
      vertex -39.7594 -31.5756 0
      vertex -39.549 -39.0382 56
      vertex -41 -31.6 0
    endloop
  endfacet
  facet normal 0.0203717 -0.991022 -0.132141
    outer loop
      vertex -39.549 -39.0382 56
      vertex -39.7594 -31.5756 0
      vertex -39.4663 -39.0365 56
    endloop
  endfacet
  facet normal -0.628823 -0.766239 -0.132138
    outer loop
      vertex -65.1859 -30.6797 56
      vertex -66.3078 -29.759 56
      vertex -60.5634 -24.816 0
    endloop
  endfacet
  facet normal -0.534437 0.834815 -0.132139
    outer loop
      vertex -57.511 26.9434 0
      vertex -62.6346 32.5273 56
      vertex -61.4123 33.3098 56
    endloop
  endfacet
  facet normal -0.250311 0.959106 -0.132139
    outer loop
      vertex -48.3769 30.7269 0
      vertex -51.5242 37.6208 56
      vertex -50.1199 37.9873 56
    endloop
  endfacet
  facet normal 0.923156 0.361001 -0.132138
    outer loop
      vertex -4.87696 14.8731 56
      vertex -11.8054 12.0928 0
      vertex -4.90711 14.9502 56
    endloop
  endfacet
  facet normal 0.923064 0.361237 -0.132138
    outer loop
      vertex -11.8054 12.0928 0
      vertex -4.87696 14.8731 56
      vertex -11.3532 10.9373 0
    endloop
  endfacet
  facet normal 0.65839 0.740988 -0.132138
    outer loop
      vertex -19.5499 23.2046 0
      vertex -14.5434 28.7425 56
      vertex -14.4815 28.6875 56
    endloop
  endfacet
  facet normal 0.658429 0.740952 -0.132138
    outer loop
      vertex -14.5434 28.7425 56
      vertex -19.5499 23.2046 0
      vertex -20.4774 24.0288 0
    endloop
  endfacet
  facet normal 0.432523 -0.891887 -0.132139
    outer loop
      vertex -24.6444 -35.4781 56
      vertex -27.7704 -28.6973 0
      vertex -23.3385 -34.8448 56
    endloop
  endfacet
  facet normal 0.686983 0.714558 -0.132139
    outer loop
      vertex -18.6554 22.3446 0
      vertex -14.4815 28.6875 56
      vertex -14.4219 28.6302 56
    endloop
  endfacet
  facet normal 0.686991 0.714551 -0.132138
    outer loop
      vertex -14.4815 28.6875 56
      vertex -18.6554 22.3446 0
      vertex -19.5499 23.2046 0
    endloop
  endfacet
  facet normal 0.567146 0.81295 -0.132128
    outer loop
      vertex -22.426 25.5649 0
      vertex -19.2957 32.4827 56
      vertex -19.2279 32.4354 56
    endloop
  endfacet
  facet normal 0.566771 0.81321 -0.132139
    outer loop
      vertex -19.2957 32.4827 56
      vertex -22.426 25.5649 0
      vertex -23.444 26.2744 0
    endloop
  endfacet
  facet normal -0.85516 0.501239 -0.132138
    outer loop
      vertex -68.5709 15.4404 0
      vertex -75.0855 19.0888 56
      vertex -74.3516 20.3409 56
    endloop
  endfacet
  facet normal 0.287744 -0.948548 -0.132138
    outer loop
      vertex -31.2351 -30.0534 0
      vertex -30.3957 -37.5999 56
      vertex -32.4225 -30.4136 0
    endloop
  endfacet
  facet normal 0.287797 -0.948532 -0.132137
    outer loop
      vertex -30.3957 -37.5999 56
      vertex -31.2351 -30.0534 0
      vertex -30.3166 -37.5759 56
    endloop
  endfacet
  facet normal 0.968201 0.212429 -0.132138
    outer loop
      vertex -2.70172 7.70233 56
      vertex -10.2731 7.37687 0
      vertex -3.01275 9.11993 56
    endloop
  endfacet
  facet normal 0.628823 -0.766239 -0.132138
    outer loop
      vertex -16.8141 -30.6797 56
      vertex -21.4366 -24.816 0
      vertex -15.6922 -29.759 56
    endloop
  endfacet
  facet normal -0.92336 0.360482 -0.132137
    outer loop
      vertex -70.1946 12.0928 0
      vertex -77.123 14.8731 56
      vertex -77.0929 14.9502 56
    endloop
  endfacet
  facet normal -0.923064 0.361237 -0.132138
    outer loop
      vertex -77.123 14.8731 56
      vertex -70.1946 12.0928 0
      vertex -70.6468 10.9373 0
    endloop
  endfacet
  facet normal -0.874165 -0.467305 -0.132138
    outer loop
      vertex -75.0855 -19.0888 56
      vertex -75.7697 -17.8089 56
      vertex -68.5709 -15.4404 0
    endloop
  endfacet
  facet normal -0.714551 -0.686991 -0.132138
    outer loop
      vertex -63.3446 -22.3446 0
      vertex -69.6875 -26.5185 56
      vertex -64.2046 -21.4501 0
    endloop
  endfacet
  facet normal -0.714558 -0.686983 -0.132139
    outer loop
      vertex -69.6875 -26.5185 56
      vertex -63.3446 -22.3446 0
      vertex -69.6302 -26.5781 56
    endloop
  endfacet
  facet normal -0.834815 -0.534437 -0.132139
    outer loop
      vertex -73.5273 -21.6346 56
      vertex -74.3098 -20.4123 56
      vertex -67.9434 -16.511 0
    endloop
  endfacet
  facet normal -0.991039 -0.0194915 -0.13214
    outer loop
      vertex -72.5756 -1.24061 0
      vertex -80.0382 -1.45104 56
      vertex -72.6 0 0
    endloop
  endfacet
  facet normal -0.991022 -0.0203692 -0.132141
    outer loop
      vertex -80.0382 -1.45104 56
      vertex -72.5756 -1.24061 0
      vertex -80.0365 -1.53375 56
    endloop
  endfacet
  facet normal 0.324942 0.936458 -0.132135
    outer loop
      vertex -30.0627 29.6468 0
      vertex -28.9277 37.1546 56
      vertex -28.8496 37.1275 56
    endloop
  endfacet
  facet normal 0.324791 0.93651 -0.132139
    outer loop
      vertex -28.9277 37.1546 56
      vertex -30.0627 29.6468 0
      vertex -31.2351 30.0534 0
    endloop
  endfacet
  facet normal 0.250311 -0.959106 -0.132139
    outer loop
      vertex -31.8801 -37.9873 56
      vertex -33.6231 -30.7269 0
      vertex -30.4758 -37.6208 56
    endloop
  endfacet
  facet normal -0.0194656 -0.99104 -0.132139
    outer loop
      vertex -41 -39.0667 56
      vertex -42.451 -39.0382 56
      vertex -41 -31.6 0
    endloop
  endfacet
  facet normal 0.658429 -0.740952 -0.132138
    outer loop
      vertex -19.5499 -23.2046 0
      vertex -14.5434 -28.7425 56
      vertex -20.4774 -24.0288 0
    endloop
  endfacet
  facet normal 0.65839 -0.740988 -0.132138
    outer loop
      vertex -14.5434 -28.7425 56
      vertex -19.5499 -23.2046 0
      vertex -14.4815 -28.6875 56
    endloop
  endfacet
  facet normal -0.21241 0.968205 -0.132139
    outer loop
      vertex -48.3769 30.7269 0
      vertex -50.1199 37.9873 56
      vertex -48.7023 38.2983 56
    endloop
  endfacet
  facet normal -0.174233 0.975798 -0.132138
    outer loop
      vertex -45.9433 31.211 0
      vertex -48.5401 38.3306 56
      vertex -47.1114 38.5857 56
    endloop
  endfacet
  facet normal 0.981873 0.135885 -0.132139
    outer loop
      vertex -2.40297 6.02943 56
      vertex -9.78905 4.94333 0
      vertex -2.41431 6.11137 56
    endloop
  endfacet
  facet normal 0.981883 0.135809 -0.132139
    outer loop
      vertex -9.78905 4.94333 0
      vertex -2.40297 6.02943 56
      vertex -9.61904 3.71418 0
    endloop
  endfacet
  facet normal -0.250311 -0.959106 -0.132139
    outer loop
      vertex -50.1199 -37.9873 56
      vertex -51.5242 -37.6208 56
      vertex -48.3769 -30.7269 0
    endloop
  endfacet
  facet normal -0.658429 0.740952 -0.132138
    outer loop
      vertex -62.4501 23.2046 0
      vertex -67.4566 28.7425 56
      vertex -61.5226 24.0288 0
    endloop
  endfacet
  facet normal -0.65839 0.740988 -0.132138
    outer loop
      vertex -67.4566 28.7425 56
      vertex -62.4501 23.2046 0
      vertex -67.5185 28.6875 56
    endloop
  endfacet
  facet normal 0.981883 -0.135809 -0.132139
    outer loop
      vertex -2.40297 -6.02943 56
      vertex -9.78905 -4.94333 0
      vertex -9.61904 -3.71418 0
    endloop
  endfacet
  facet normal 0.981873 -0.135885 -0.132139
    outer loop
      vertex -9.78905 -4.94333 0
      vertex -2.40297 -6.02943 56
      vertex -2.41431 -6.11137 56
    endloop
  endfacet
  facet normal -0.975785 -0.174304 -0.13214
    outer loop
      vertex -71.9928 -6.16485 0
      vertex -79.3306 -7.54009 56
      vertex -72.211 -4.94333 0
    endloop
  endfacet
  facet normal -0.975676 -0.174913 -0.13214
    outer loop
      vertex -79.3306 -7.54009 56
      vertex -71.9928 -6.16485 0
      vertex -79.316 -7.62153 56
    endloop
  endfacet
  facet normal 0.324763 -0.936519 -0.132139
    outer loop
      vertex -28.8496 -37.1275 56
      vertex -30.0627 -29.6468 0
      vertex -27.4784 -36.652 56
    endloop
  endfacet
  facet normal -0.948549 -0.287739 -0.132138
    outer loop
      vertex -71.0534 -9.76494 0
      vertex -78.5999 -10.6043 56
      vertex -71.4136 -8.57752 0
    endloop
  endfacet
  facet normal -0.948532 -0.287797 -0.132137
    outer loop
      vertex -78.5999 -10.6043 56
      vertex -71.0534 -9.76494 0
      vertex -78.5759 -10.6834 56
    endloop
  endfacet
  facet normal -0.766239 -0.628823 -0.132138
    outer loop
      vertex -70.759 -25.3078 56
      vertex -71.6797 -24.1859 56
      vertex -65.816 -19.5634 0
    endloop
  endfacet
  facet normal -0.0194917 0.991039 -0.13214
    outer loop
      vertex -42.2406 31.5756 0
      vertex -42.451 39.0382 56
      vertex -41 31.6 0
    endloop
  endfacet
  facet normal -0.0203717 0.991022 -0.132141
    outer loop
      vertex -42.451 39.0382 56
      vertex -42.2406 31.5756 0
      vertex -42.5337 39.0365 56
    endloop
  endfacet
  facet normal -0.432713 -0.891795 -0.13214
    outer loop
      vertex -55.3461 -28.1558 0
      vertex -58.6615 -34.8448 56
      vertex -58.7359 -34.8087 56
    endloop
  endfacet
  facet normal -0.432556 -0.891871 -0.13214
    outer loop
      vertex -58.6615 -34.8448 56
      vertex -55.3461 -28.1558 0
      vertex -54.2296 -28.6973 0
    endloop
  endfacet
  facet normal -0.432523 -0.891887 -0.132139
    outer loop
      vertex -57.3556 -35.4781 56
      vertex -58.6615 -34.8448 56
      vertex -54.2296 -28.6973 0
    endloop
  endfacet
  facet normal 0.790322 -0.598273 -0.132139
    outer loop
      vertex -10.2704 -24.12 56
      vertex -15.4351 -18.574 0
      vertex -9.3944 -22.9628 56
    endloop
  endfacet
  facet normal -0.0969716 0.986477 -0.132138
    outer loop
      vertex -43.4793 31.5026 0
      vertex -44.1475 38.9381 56
      vertex -44.0651 38.9462 56
    endloop
  endfacet
  facet normal -0.0971363 0.98646 -0.132138
    outer loop
      vertex -44.1475 38.9381 56
      vertex -43.4793 31.5026 0
      vertex -44.7142 31.381 0
    endloop
  endfacet
  facet normal -0.397247 -0.908149 -0.132139
    outer loop
      vertex -56.026 -36.0597 56
      vertex -57.3556 -35.4781 56
      vertex -54.2296 -28.6973 0
    endloop
  endfacet
  facet normal -0.598235 0.790351 -0.132138
    outer loop
      vertex -60.5634 24.816 0
      vertex -65.12 30.7296 56
      vertex -59.574 25.5649 0
    endloop
  endfacet
  facet normal -0.598378 0.790243 -0.132138
    outer loop
      vertex -65.12 30.7296 56
      vertex -60.5634 24.816 0
      vertex -65.1859 30.6797 56
    endloop
  endfacet
  facet normal -0.432556 0.891871 -0.13214
    outer loop
      vertex -55.3461 28.1558 0
      vertex -58.6615 34.8448 56
      vertex -54.2296 28.6973 0
    endloop
  endfacet
  facet normal -0.432713 0.891795 -0.13214
    outer loop
      vertex -58.6615 34.8448 56
      vertex -55.3461 28.1558 0
      vertex -58.7359 34.8087 56
    endloop
  endfacet
  facet normal -0.834929 0.534259 -0.132139
    outer loop
      vertex -67.2744 17.556 0
      vertex -73.5273 21.6346 56
      vertex -73.4827 21.7043 56
    endloop
  endfacet
  facet normal -0.834813 0.53444 -0.132139
    outer loop
      vertex -73.5273 21.6346 56
      vertex -67.2744 17.556 0
      vertex -67.9434 16.511 0
    endloop
  endfacet
  facet normal -0.501239 -0.85516 -0.132138
    outer loop
      vertex -60.0888 -34.0855 56
      vertex -61.3409 -33.3516 56
      vertex -56.4404 -27.5709 0
    endloop
  endfacet
  facet normal -0.500793 -0.855422 -0.132137
    outer loop
      vertex -57.511 -26.9434 0
      vertex -61.3409 -33.3516 56
      vertex -61.4123 -33.3098 56
    endloop
  endfacet
  facet normal -0.50123 -0.855166 -0.132138
    outer loop
      vertex -61.3409 -33.3516 56
      vertex -57.511 -26.9434 0
      vertex -56.4404 -27.5709 0
    endloop
  endfacet
  facet normal -0.50123 0.855166 -0.132138
    outer loop
      vertex -57.511 26.9434 0
      vertex -61.3409 33.3516 56
      vertex -56.4404 27.5709 0
    endloop
  endfacet
  facet normal -0.500793 0.855422 -0.132137
    outer loop
      vertex -61.3409 33.3516 56
      vertex -57.511 26.9434 0
      vertex -61.4123 33.3098 56
    endloop
  endfacet
  facet normal -0.287797 -0.948532 -0.132137
    outer loop
      vertex -50.7649 -30.0534 0
      vertex -51.6043 -37.5999 56
      vertex -51.6834 -37.5759 56
    endloop
  endfacet
  facet normal -0.287744 -0.948548 -0.132138
    outer loop
      vertex -51.6043 -37.5999 56
      vertex -50.7649 -30.0534 0
      vertex -49.5775 -30.4136 0
    endloop
  endfacet
  facet normal 0.874193 -0.467254 -0.132139
    outer loop
      vertex -6.19135 -17.7359 56
      vertex -13.4291 -15.4404 0
      vertex -12.8442 -14.3461 0
    endloop
  endfacet
  facet normal 0.874333 -0.46699 -0.132146
    outer loop
      vertex -13.4291 -15.4404 0
      vertex -6.19135 -17.7359 56
      vertex -6.23034 -17.8089 56
    endloop
  endfacet
  facet normal 0.968196 0.212452 -0.132138
    outer loop
      vertex -2.68399 7.62153 56
      vertex -10.2731 7.37687 0
      vertex -2.70172 7.70233 56
    endloop
  endfacet
  facet normal 0.968205 0.21241 -0.132139
    outer loop
      vertex -10.2731 7.37687 0
      vertex -2.68399 7.62153 56
      vertex -10.0072 6.16485 0
    endloop
  endfacet
  facet normal 0.598273 0.790322 -0.132139
    outer loop
      vertex -16.88 30.7296 56
      vertex -22.426 25.5649 0
      vertex -18.0372 31.6056 56
    endloop
  endfacet
  facet normal -0.174996 -0.975662 -0.13214
    outer loop
      vertex -47.1649 -30.9928 0
      vertex -48.5401 -38.3306 56
      vertex -48.6215 -38.316 56
    endloop
  endfacet
  facet normal -0.174293 -0.975787 -0.13214
    outer loop
      vertex -48.5401 -38.3306 56
      vertex -47.1649 -30.9928 0
      vertex -45.9433 -31.211 0
    endloop
  endfacet
  facet normal -0.874193 -0.467253 -0.13214
    outer loop
      vertex -68.5709 -15.4404 0
      vertex -75.8087 -17.7359 56
      vertex -69.1558 -14.3461 0
    endloop
  endfacet
  facet normal -0.874283 -0.467083 -0.132144
    outer loop
      vertex -75.8087 -17.7359 56
      vertex -68.5709 -15.4404 0
      vertex -75.7697 -17.8089 56
    endloop
  endfacet
  facet normal 0.566741 0.81323 -0.132139
    outer loop
      vertex -18.0372 31.6056 56
      vertex -22.426 25.5649 0
      vertex -19.2279 32.4354 56
    endloop
  endfacet
  facet normal 0.81295 0.567146 -0.132129
    outer loop
      vertex -8.51725 21.7043 56
      vertex -15.4351 18.574 0
      vertex -8.56455 21.7721 56
    endloop
  endfacet
  facet normal 0.81321 0.566771 -0.13214
    outer loop
      vertex -15.4351 18.574 0
      vertex -8.51725 21.7043 56
      vertex -14.7256 17.556 0
    endloop
  endfacet
  facet normal -0.135848 0.981878 -0.132138
    outer loop
      vertex -44.7142 31.381 0
      vertex -47.0294 38.597 56
      vertex -45.5918 38.7959 56
    endloop
  endfacet
  facet normal 0.981884 0.135804 -0.132139
    outer loop
      vertex -2.20413 4.59179 56
      vertex -9.61904 3.71418 0
      vertex -2.40297 6.02943 56
    endloop
  endfacet
  facet normal 0.566771 -0.81321 -0.132139
    outer loop
      vertex -22.426 -25.5649 0
      vertex -19.2957 -32.4827 56
      vertex -23.444 -26.2744 0
    endloop
  endfacet
  facet normal 0.567146 -0.81295 -0.132128
    outer loop
      vertex -19.2957 -32.4827 56
      vertex -22.426 -25.5649 0
      vertex -19.2279 -32.4354 56
    endloop
  endfacet
  facet normal 0.53444 -0.834813 -0.132139
    outer loop
      vertex -23.444 -26.2744 0
      vertex -19.3654 -32.5273 56
      vertex -24.489 -26.9434 0
    endloop
  endfacet
  facet normal 0.534259 -0.834929 -0.132139
    outer loop
      vertex -19.3654 -32.5273 56
      vertex -23.444 -26.2744 0
      vertex -19.2957 -32.4827 56
    endloop
  endfacet
  facet normal -0.981879 -0.135845 -0.132138
    outer loop
      vertex -79.597 -6.02943 56
      vertex -79.7959 -4.59179 56
      vertex -72.381 -3.71418 0
    endloop
  endfacet
  facet normal 0.686991 -0.714551 -0.132138
    outer loop
      vertex -18.6554 -22.3446 0
      vertex -14.4815 -28.6875 56
      vertex -19.5499 -23.2046 0
    endloop
  endfacet
  facet normal 0.686983 -0.714558 -0.132139
    outer loop
      vertex -14.4815 -28.6875 56
      vertex -18.6554 -22.3446 0
      vertex -14.4219 -28.6302 56
    endloop
  endfacet
  facet normal -0.740988 0.65839 -0.132138
    outer loop
      vertex -64.2046 21.4501 0
      vertex -69.7425 26.4566 56
      vertex -69.6875 26.5185 56
    endloop
  endfacet
  facet normal -0.740952 0.658429 -0.132138
    outer loop
      vertex -69.7425 26.4566 56
      vertex -64.2046 21.4501 0
      vertex -65.0288 20.5226 0
    endloop
  endfacet
  facet normal 0.397682 0.90796 -0.132128
    outer loop
      vertex -27.7704 28.6973 0
      vertex -26.0498 36.0929 56
      vertex -25.974 36.0597 56
    endloop
  endfacet
  facet normal 0.397271 0.908138 -0.132139
    outer loop
      vertex -26.0498 36.0929 56
      vertex -27.7704 28.6973 0
      vertex -28.9072 29.1946 0
    endloop
  endfacet
  facet normal -0.628823 0.766239 -0.132138
    outer loop
      vertex -60.5634 24.816 0
      vertex -66.3078 29.759 56
      vertex -65.1859 30.6797 56
    endloop
  endfacet
  facet normal 0.0203717 0.991022 -0.132141
    outer loop
      vertex -39.7594 31.5756 0
      vertex -39.549 39.0382 56
      vertex -39.4663 39.0365 56
    endloop
  endfacet
  facet normal 0.0194917 0.991039 -0.13214
    outer loop
      vertex -39.549 39.0382 56
      vertex -39.7594 31.5756 0
      vertex -41 31.6 0
    endloop
  endfacet
  facet normal 0.687009 0.714533 -0.132138
    outer loop
      vertex -13.3757 27.6243 56
      vertex -18.6554 22.3446 0
      vertex -14.4219 28.6302 56
    endloop
  endfacet
  facet normal -0.81323 0.566741 -0.132139
    outer loop
      vertex -66.5649 18.574 0
      vertex -73.4354 21.7721 56
      vertex -72.6056 22.9628 56
    endloop
  endfacet
  facet normal 0.174293 -0.975787 -0.13214
    outer loop
      vertex -34.8351 -30.9928 0
      vertex -33.4599 -38.3306 56
      vertex -36.0567 -31.211 0
    endloop
  endfacet
  facet normal 0.174996 -0.975662 -0.13214
    outer loop
      vertex -33.4599 -38.3306 56
      vertex -34.8351 -30.9928 0
      vertex -33.3785 -38.316 56
    endloop
  endfacet
  facet normal 0.212414 -0.968204 -0.132139
    outer loop
      vertex -33.6231 -30.7269 0
      vertex -33.3785 -38.316 56
      vertex -34.8351 -30.9928 0
    endloop
  endfacet
  facet normal 0.212109 -0.96827 -0.132146
    outer loop
      vertex -33.3785 -38.316 56
      vertex -33.6231 -30.7269 0
      vertex -33.2977 -38.2983 56
    endloop
  endfacet
  facet normal -0.99104 0.0194651 -0.132139
    outer loop
      vertex -72.6 0 0
      vertex -80.0667 0 56
      vertex -80.0382 1.45104 56
    endloop
  endfacet
  facet normal 0 0 1
    outer loop
      vertex 68.8309 23.7698 60
      vertex 89 32 60
      vertex 88.9877 32.6281 60
    endloop
  endfacet
  facet normal 0 0 1
    outer loop
      vertex 89 32 60
      vertex 77.6 0 60
      vertex 89 -32 60
    endloop
  endfacet
  facet normal 0 0 1
    outer loop
      vertex 67.914 24.8015 60
      vertex 88.9877 32.6281 60
      vertex 88.9507 33.2553 60
    endloop
  endfacet
  facet normal -0 0 1
    outer loop
      vertex 77.5729 -1.37998 60
      vertex 89 -32 60
      vertex 77.6 0 60
    endloop
  endfacet
  facet normal 0 0 1
    outer loop
      vertex 67.914 24.8015 60
      vertex 88.9507 33.2553 60
      vertex 88.8891 33.8806 60
    endloop
  endfacet
  facet normal -0 0 1
    outer loop
      vertex 77.5718 -1.43691 60
      vertex 89 -32 60
      vertex 77.5729 -1.37998 60
    endloop
  endfacet
  facet normal 0 0 1
    outer loop
      vertex 67.914 24.8015 60
      vertex 88.8891 33.8806 60
      vertex 88.803 34.5029 60
    endloop
  endfacet
  facet normal -0 0 1
    outer loop
      vertex 77.5684 -1.49375 60
      vertex 89 -32 60
      vertex 77.5718 -1.43691 60
    endloop
  endfacet
  facet normal 0 0 1
    outer loop
      vertex 67.914 24.8015 60
      vertex 88.803 34.5029 60
      vertex 88.6926 35.1214 60
    endloop
  endfacet
  facet normal -0 0 1
    outer loop
      vertex 77.4872 -2.8716 60
      vertex 89 -32 60
      vertex 77.5684 -1.49375 60
    endloop
  endfacet
  facet normal 0 0 1
    outer loop
      vertex 67.914 24.8015 60
      vertex 88.6926 35.1214 60
      vertex 88.5579 35.7351 60
    endloop
  endfacet
  facet normal -0 0 1
    outer loop
      vertex 77.3519 -4.2452 60
      vertex 89 -32 60
      vertex 77.4872 -2.8716 60
    endloop
  endfacet
  facet normal 0 0 1
    outer loop
      vertex 67.8762 24.8441 60
      vertex 88.5579 35.7351 60
      vertex 88.3993 36.343 60
    endloop
  endfacet
  facet normal -0 0 1
    outer loop
      vertex 77.3463 -4.30187 60
      vertex 89 -32 60
      vertex 77.3519 -4.2452 60
    endloop
  endfacet
  facet normal 0 0 1
    outer loop
      vertex 67.8762 24.8441 60
      vertex 88.3993 36.343 60
      vertex 88.2169 36.9443 60
    endloop
  endfacet
  facet normal -0 0 1
    outer loop
      vertex 77.3385 -4.35827 60
      vertex 89 -32 60
      vertex 77.3463 -4.30187 60
    endloop
  endfacet
  facet normal 0 0 1
    outer loop
      vertex 67.8762 24.8441 60
      vertex 88.2169 36.9443 60
      vertex 88.011 37.5379 60
    endloop
  endfacet
  facet normal -0 0 1
    outer loop
      vertex 77.1494 -5.7255 60
      vertex 89 -32 60
      vertex 77.3385 -4.35827 60
    endloop
  endfacet
  facet normal 0 0 1
    outer loop
      vertex 67.8762 24.8441 60
      vertex 88.011 37.5379 60
      vertex 87.7821 38.1229 60
    endloop
  endfacet
  facet normal -0 0 1
    outer loop
      vertex 76.9068 -7.08425 60
      vertex 89 -32 60
      vertex 77.1494 -5.7255 60
    endloop
  endfacet
  facet normal 0 0 1
    outer loop
      vertex 67.8367 24.8852 60
      vertex 87.7821 38.1229 60
      vertex 87.5303 38.6985 60
    endloop
  endfacet
  facet normal -0 0 1
    outer loop
      vertex 76.8967 -7.14031 60
      vertex 89 -32 60
      vertex 76.9068 -7.08425 60
    endloop
  endfacet
  facet normal 0 0 1
    outer loop
      vertex 67.8367 24.8852 60
      vertex 87.5303 38.6985 60
      vertex 87.2561 39.2638 60
    endloop
  endfacet
  facet normal -0 0 1
    outer loop
      vertex 76.6009 -8.48849 60
      vertex 89 -32 60
      vertex 76.8967 -7.14031 60
    endloop
  endfacet
  facet normal 0 0 1
    outer loop
      vertex 67.8367 24.8852 60
      vertex 87.2561 39.2638 60
      vertex 86.9599 39.8179 60
    endloop
  endfacet
  facet normal -0 0 1
    outer loop
      vertex 76.5887 -8.5441 60
      vertex 89 -32 60
      vertex 76.6009 -8.48849 60
    endloop
  endfacet
  facet normal 0 0 1
    outer loop
      vertex 67.8367 24.8852 60
      vertex 86.9599 39.8179 60
      vertex 86.6422 40.36 60
    endloop
  endfacet
  facet normal -0 0 1
    outer loop
      vertex 76.2402 -9.87963 60
      vertex 89 -32 60
      vertex 76.5887 -8.5441 60
    endloop
  endfacet
  facet normal 0 0 1
    outer loop
      vertex 66.8801 25.8801 60
      vertex 86.6422 40.36 60
      vertex 86.3035 40.8891 60
    endloop
  endfacet
  facet normal -0 0 1
    outer loop
      vertex 76.2259 -9.93472 60
      vertex 89 -32 60
      vertex 76.2402 -9.87963 60
    endloop
  endfacet
  facet normal 0 0 1
    outer loop
      vertex 66.8801 25.8801 60
      vertex 86.3035 40.8891 60
      vertex 85.9443 41.4046 60
    endloop
  endfacet
  facet normal -0 0 1
    outer loop
      vertex 76.2093 -9.98921 60
      vertex 89 -32 60
      vertex 76.2259 -9.93472 60
    endloop
  endfacet
  facet normal 0 0 1
    outer loop
      vertex 66.8801 25.8801 60
      vertex 85.9443 41.4046 60
      vertex 85.5651 41.9055 60
    endloop
  endfacet
  facet normal -0 0 1
    outer loop
      vertex 75.8087 -11.31 60
      vertex 89 -32 60
      vertex 76.2093 -9.98921 60
    endloop
  endfacet
  facet normal 0 0 1
    outer loop
      vertex 66.8801 25.8801 60
      vertex 85.5651 41.9055 60
      vertex 85.1665 42.3912 60
    endloop
  endfacet
  facet normal -0 0 1
    outer loop
      vertex 75.3565 -12.6141 60
      vertex 89 -32 60
      vertex 75.8087 -11.31 60
    endloop
  endfacet
  facet normal 0 0 1
    outer loop
      vertex 66.8801 25.8801 60
      vertex 85.1665 42.3912 60
      vertex 84.7491 42.8608 60
    endloop
  endfacet
  facet normal -0 0 1
    outer loop
      vertex 75.3378 -12.6679 60
      vertex 89 -32 60
      vertex 75.3565 -12.6141 60
    endloop
  endfacet
  facet normal 0 0 1
    outer loop
      vertex 66.8801 25.8801 60
      vertex 84.7491 42.8608 60
      vertex 84.3137 43.3137 60
    endloop
  endfacet
  facet normal -0 0 1
    outer loop
      vertex 74.8347 -13.9532 60
      vertex 89 -32 60
      vertex 75.3378 -12.6679 60
    endloop
  endfacet
  facet normal 0 0 1
    outer loop
      vertex 66.8801 25.8801 60
      vertex 84.3137 43.3137 60
      vertex 83.8608 43.7491 60
    endloop
  endfacet
  facet normal -0 0 1
    outer loop
      vertex 74.814 -14.0062 60
      vertex 89 -32 60
      vertex 74.8347 -13.9532 60
    endloop
  endfacet
  facet normal 0 0 1
    outer loop
      vertex 66.8801 25.8801 60
      vertex 83.8608 43.7491 60
      vertex 83.3912 44.1665 60
    endloop
  endfacet
  facet normal -0 0 1
    outer loop
      vertex 74.2609 -15.2708 60
      vertex 89 -32 60
      vertex 74.814 -14.0062 60
    endloop
  endfacet
  facet normal 0 0 1
    outer loop
      vertex 66.8801 25.8801 60
      vertex 83.3912 44.1665 60
      vertex 82.9055 44.5651 60
    endloop
  endfacet
  facet normal -0 0 1
    outer loop
      vertex 74.238 -15.3229 60
      vertex 89 -32 60
      vertex 74.2609 -15.2708 60
    endloop
  endfacet
  facet normal 0 0 1
    outer loop
      vertex 66.8801 25.8801 60
      vertex 82.9055 44.5651 60
      vertex 82.4046 44.9443 60
    endloop
  endfacet
  facet normal -0 0 1
    outer loop
      vertex 73.6357 -16.5648 60
      vertex 89 -32 60
      vertex 74.238 -15.3229 60
    endloop
  endfacet
  facet normal 0 0 1
    outer loop
      vertex 66.8801 25.8801 60
      vertex 82.4046 44.9443 60
      vertex 81.8891 45.3035 60
    endloop
  endfacet
  facet normal -0 0 1
    outer loop
      vertex 73.6108 -16.6161 60
      vertex 89 -32 60
      vertex 73.6357 -16.5648 60
    endloop
  endfacet
  facet normal 0 0 1
    outer loop
      vertex 66.8801 25.8801 60
      vertex 81.8891 45.3035 60
      vertex 81.36 45.6422 60
    endloop
  endfacet
  facet normal -0 0 1
    outer loop
      vertex 73.584 -16.6663 60
      vertex 89 -32 60
      vertex 73.6108 -16.6161 60
    endloop
  endfacet
  facet normal 0 0 1
    outer loop
      vertex 66.8801 25.8801 60
      vertex 81.36 45.6422 60
      vertex 80.8179 45.9599 60
    endloop
  endfacet
  facet normal -0 0 1
    outer loop
      vertex 72.9333 -17.8835 60
      vertex 89 -32 60
      vertex 73.584 -16.6663 60
    endloop
  endfacet
  facet normal 0 0 1
    outer loop
      vertex 65.8851 26.8367 60
      vertex 80.8179 45.9599 60
      vertex 80.2638 46.2561 60
    endloop
  endfacet
  facet normal -0 0 1
    outer loop
      vertex 72.9046 -17.9327 60
      vertex 89 -32 60
      vertex 72.9333 -17.8835 60
    endloop
  endfacet
  facet normal 0 0 1
    outer loop
      vertex 65.8851 26.8367 60
      vertex 80.2638 46.2561 60
      vertex 79.6985 46.5303 60
    endloop
  endfacet
  facet normal -0 0 1
    outer loop
      vertex 72.2066 -19.1234 60
      vertex 89 -32 60
      vertex 72.9046 -17.9327 60
    endloop
  endfacet
  facet normal 0 0 1
    outer loop
      vertex 65.8851 26.8367 60
      vertex 79.6985 46.5303 60
      vertex 79.1229 46.7821 60
    endloop
  endfacet
  facet normal -0 0 1
    outer loop
      vertex 71.4625 -20.2859 60
      vertex 89 -32 60
      vertex 72.2066 -19.1234 60
    endloop
  endfacet
  facet normal 0 0 1
    outer loop
      vertex 65.8851 26.8367 60
      vertex 79.1229 46.7821 60
      vertex 78.5379 47.011 60
    endloop
  endfacet
  facet normal -0 0 1
    outer loop
      vertex 71.4318 -20.3339 60
      vertex 89 -32 60
      vertex 71.4625 -20.2859 60
    endloop
  endfacet
  facet normal 0 0 1
    outer loop
      vertex 65.8851 26.8367 60
      vertex 78.5379 47.011 60
      vertex 77.9443 47.2169 60
    endloop
  endfacet
  facet normal -0 0 1
    outer loop
      vertex 70.6426 -21.4662 60
      vertex 89 -32 60
      vertex 71.4318 -20.3339 60
    endloop
  endfacet
  facet normal -0 0 1
    outer loop
      vertex 70.61 -21.5129 60
      vertex 89 -32 60
      vertex 70.6426 -21.4662 60
    endloop
  endfacet
  facet normal 0 0 1
    outer loop
      vertex 89 32 60
      vertex 77.5729 1.37998 60
      vertex 77.6 0 60
    endloop
  endfacet
  facet normal 0 0 1
    outer loop
      vertex 89 32 60
      vertex 77.5718 1.43691 60
      vertex 77.5729 1.37998 60
    endloop
  endfacet
  facet normal 0 0 1
    outer loop
      vertex 89 32 60
      vertex 77.5684 1.49375 60
      vertex 77.5718 1.43691 60
    endloop
  endfacet
  facet normal 0 0 1
    outer loop
      vertex 89 32 60
      vertex 77.4872 2.8716 60
      vertex 77.5684 1.49375 60
    endloop
  endfacet
  facet normal 0 0 1
    outer loop
      vertex 89 32 60
      vertex 77.3519 4.2452 60
      vertex 77.4872 2.8716 60
    endloop
  endfacet
  facet normal 0 0 1
    outer loop
      vertex 89 32 60
      vertex 77.3463 4.30187 60
      vertex 77.3519 4.2452 60
    endloop
  endfacet
  facet normal 0 0 1
    outer loop
      vertex 65.8441 26.8762 60
      vertex 77.9443 47.2169 60
      vertex 77.343 47.3993 60
    endloop
  endfacet
  facet normal 0 0 1
    outer loop
      vertex 89 32 60
      vertex 77.3385 4.35827 60
      vertex 77.3463 4.30187 60
    endloop
  endfacet
  facet normal 0 0 1
    outer loop
      vertex 89 32 60
      vertex 77.1494 5.7255 60
      vertex 77.3385 4.35827 60
    endloop
  endfacet
  facet normal 0 0 1
    outer loop
      vertex 89 32 60
      vertex 76.9068 7.08425 60
      vertex 77.1494 5.7255 60
    endloop
  endfacet
  facet normal 0 0 1
    outer loop
      vertex 89 32 60
      vertex 76.8967 7.14031 60
      vertex 76.9068 7.08425 60
    endloop
  endfacet
  facet normal 0 0 1
    outer loop
      vertex 65.8441 26.8762 60
      vertex 77.343 47.3993 60
      vertex 76.7351 47.5579 60
    endloop
  endfacet
  facet normal 0 0 1
    outer loop
      vertex 89 32 60
      vertex 76.6009 8.48849 60
      vertex 76.8967 7.14031 60
    endloop
  endfacet
  facet normal 0 0 1
    outer loop
      vertex 89 32 60
      vertex 76.5887 8.5441 60
      vertex 76.6009 8.48849 60
    endloop
  endfacet
  facet normal 0 0 1
    outer loop
      vertex 89 32 60
      vertex 76.2402 9.87963 60
      vertex 76.5887 8.5441 60
    endloop
  endfacet
  facet normal 0 0 1
    outer loop
      vertex 89 32 60
      vertex 76.2259 9.93472 60
      vertex 76.2402 9.87963 60
    endloop
  endfacet
  facet normal 0 0 1
    outer loop
      vertex 89 32 60
      vertex 76.2093 9.98921 60
      vertex 76.2259 9.93472 60
    endloop
  endfacet
  facet normal 0 0 1
    outer loop
      vertex 65.8441 26.8762 60
      vertex 76.7351 47.5579 60
      vertex 76.1214 47.6926 60
    endloop
  endfacet
  facet normal 0 0 1
    outer loop
      vertex 89 32 60
      vertex 75.8087 11.31 60
      vertex 76.2093 9.98921 60
    endloop
  endfacet
  facet normal 0 0 1
    outer loop
      vertex 65.8441 26.8762 60
      vertex 76.1214 47.6926 60
      vertex 75.5029 47.803 60
    endloop
  endfacet
  facet normal 0 0 1
    outer loop
      vertex 89 32 60
      vertex 75.3565 12.6141 60
      vertex 75.8087 11.31 60
    endloop
  endfacet
  facet normal 0 0 1
    outer loop
      vertex 89 32 60
      vertex 75.3378 12.6679 60
      vertex 75.3565 12.6141 60
    endloop
  endfacet
  facet normal 0 0 1
    outer loop
      vertex 65.8015 26.914 60
      vertex 75.5029 47.803 60
      vertex 74.8806 47.8891 60
    endloop
  endfacet
  facet normal 0 0 1
    outer loop
      vertex 89 32 60
      vertex 74.8347 13.9532 60
      vertex 75.3378 12.6679 60
    endloop
  endfacet
  facet normal 0 0 1
    outer loop
      vertex 89 32 60
      vertex 74.814 14.0062 60
      vertex 74.8347 13.9532 60
    endloop
  endfacet
  facet normal 0 0 1
    outer loop
      vertex 89 32 60
      vertex 74.2609 15.2708 60
      vertex 74.814 14.0062 60
    endloop
  endfacet
  facet normal 0 0 1
    outer loop
      vertex 65.8015 26.914 60
      vertex 74.8806 47.8891 60
      vertex 74.2553 47.9507 60
    endloop
  endfacet
  facet normal 0 0 1
    outer loop
      vertex 89 32 60
      vertex 74.238 15.3229 60
      vertex 74.2609 15.2708 60
    endloop
  endfacet
  facet normal 0 0 1
    outer loop
      vertex 89 32 60
      vertex 73.6357 16.5648 60
      vertex 74.238 15.3229 60
    endloop
  endfacet
  facet normal 0 0 1
    outer loop
      vertex 65.8015 26.914 60
      vertex 74.2553 47.9507 60
      vertex 73.6281 47.9877 60
    endloop
  endfacet
  facet normal 0 0 1
    outer loop
      vertex 89 32 60
      vertex 73.6108 16.6161 60
      vertex 73.6357 16.5648 60
    endloop
  endfacet
  facet normal 0 0 1
    outer loop
      vertex 89 32 60
      vertex 73.584 16.6663 60
      vertex 73.6108 16.6161 60
    endloop
  endfacet
  facet normal 0 0 1
    outer loop
      vertex 65.8015 26.914 60
      vertex 73.6281 47.9877 60
      vertex 73 48 60
    endloop
  endfacet
  facet normal 0 0 1
    outer loop
      vertex 89 32 60
      vertex 72.9333 17.8835 60
      vertex 73.584 16.6663 60
    endloop
  endfacet
  facet normal 0 0 1
    outer loop
      vertex 89 32 60
      vertex 72.9046 17.9327 60
      vertex 72.9333 17.8835 60
    endloop
  endfacet
  facet normal 0 0 1
    outer loop
      vertex 89 32 60
      vertex 72.2066 19.1234 60
      vertex 72.9046 17.9327 60
    endloop
  endfacet
  facet normal 0 0 1
    outer loop
      vertex 89 32 60
      vertex 71.4625 20.2859 60
      vertex 72.2066 19.1234 60
    endloop
  endfacet
  facet normal 0 0 1
    outer loop
      vertex 89 32 60
      vertex 71.4318 20.3339 60
      vertex 71.4625 20.2859 60
    endloop
  endfacet
  facet normal 0 0 1
    outer loop
      vertex 89 32 60
      vertex 70.6426 21.4662 60
      vertex 71.4318 20.3339 60
    endloop
  endfacet
  facet normal 0 0 1
    outer loop
      vertex 89 32 60
      vertex 70.61 21.5129 60
      vertex 70.6426 21.4662 60
    endloop
  endfacet
  facet normal 0 0 1
    outer loop
      vertex 89 32 60
      vertex 70.5757 21.5583 60
      vertex 70.61 21.5129 60
    endloop
  endfacet
  facet normal 0 0 1
    outer loop
      vertex 89 32 60
      vertex 69.7426 22.6588 60
      vertex 70.5757 21.5583 60
    endloop
  endfacet
  facet normal 0 0 1
    outer loop
      vertex 89 32 60
      vertex 68.867 23.7258 60
      vertex 69.7426 22.6588 60
    endloop
  endfacet
  facet normal 0 0 1
    outer loop
      vertex 89 32 60
      vertex 68.8309 23.7698 60
      vertex 68.867 23.7258 60
    endloop
  endfacet
  facet normal 0 0 1
    outer loop
      vertex 88.9877 32.6281 60
      vertex 67.914 24.8015 60
      vertex 68.8309 23.7698 60
    endloop
  endfacet
  facet normal 0 0 1
    outer loop
      vertex 88.5579 35.7351 60
      vertex 67.8762 24.8441 60
      vertex 67.914 24.8015 60
    endloop
  endfacet
  facet normal 0 0 1
    outer loop
      vertex 87.7821 38.1229 60
      vertex 67.8367 24.8852 60
      vertex 67.8762 24.8441 60
    endloop
  endfacet
  facet normal 0 0 1
    outer loop
      vertex 86.6422 40.36 60
      vertex 66.8801 25.8801 60
      vertex 67.8367 24.8852 60
    endloop
  endfacet
  facet normal 0 0 1
    outer loop
      vertex 80.8179 45.9599 60
      vertex 65.8851 26.8367 60
      vertex 66.8801 25.8801 60
    endloop
  endfacet
  facet normal 0 0 1
    outer loop
      vertex 77.9443 47.2169 60
      vertex 65.8441 26.8762 60
      vertex 65.8851 26.8367 60
    endloop
  endfacet
  facet normal 0 0 1
    outer loop
      vertex 75.5029 47.803 60
      vertex 65.8015 26.914 60
      vertex 65.8441 26.8762 60
    endloop
  endfacet
  facet normal 0 0 1
    outer loop
      vertex 73 48 60
      vertex 64.7698 27.8309 60
      vertex 65.8015 26.914 60
    endloop
  endfacet
  facet normal 0 0 1
    outer loop
      vertex 73 48 60
      vertex 64.7258 27.867 60
      vertex 64.7698 27.8309 60
    endloop
  endfacet
  facet normal 0 0 1
    outer loop
      vertex 73 48 60
      vertex 63.6588 28.7426 60
      vertex 64.7258 27.867 60
    endloop
  endfacet
  facet normal 0 0 1
    outer loop
      vertex 73 48 60
      vertex 62.5583 29.5757 60
      vertex 63.6588 28.7426 60
    endloop
  endfacet
  facet normal 0 0 1
    outer loop
      vertex 73 48 60
      vertex 62.5129 29.61 60
      vertex 62.5583 29.5757 60
    endloop
  endfacet
  facet normal 0 0 1
    outer loop
      vertex 73 48 60
      vertex 62.4662 29.6426 60
      vertex 62.5129 29.61 60
    endloop
  endfacet
  facet normal 0 0 1
    outer loop
      vertex 73 48 60
      vertex 61.3339 30.4318 60
      vertex 62.4662 29.6426 60
    endloop
  endfacet
  facet normal 0 0 1
    outer loop
      vertex 73 48 60
      vertex 61.2859 30.4625 60
      vertex 61.3339 30.4318 60
    endloop
  endfacet
  facet normal 0 0 1
    outer loop
      vertex 73 48 60
      vertex 60.1234 31.2066 60
      vertex 61.2859 30.4625 60
    endloop
  endfacet
  facet normal 0 0 1
    outer loop
      vertex 73 48 60
      vertex 58.9327 31.9046 60
      vertex 60.1234 31.2066 60
    endloop
  endfacet
  facet normal 0 0 1
    outer loop
      vertex 73 48 60
      vertex 58.8835 31.9334 60
      vertex 58.9327 31.9046 60
    endloop
  endfacet
  facet normal 0 0 1
    outer loop
      vertex 73 48 60
      vertex 57.6663 32.584 60
      vertex 58.8835 31.9334 60
    endloop
  endfacet
  facet normal 0 0 1
    outer loop
      vertex 73 48 60
      vertex 57.6161 32.6108 60
      vertex 57.6663 32.584 60
    endloop
  endfacet
  facet normal 0 0 1
    outer loop
      vertex 73 48 60
      vertex 57.5648 32.6357 60
      vertex 57.6161 32.6108 60
    endloop
  endfacet
  facet normal 0 0 1
    outer loop
      vertex 73 48 60
      vertex 56.3229 33.238 60
      vertex 57.5648 32.6357 60
    endloop
  endfacet
  facet normal 0 0 1
    outer loop
      vertex 73 48 60
      vertex 56.2708 33.2609 60
      vertex 56.3229 33.238 60
    endloop
  endfacet
  facet normal 0 0 1
    outer loop
      vertex 73 48 60
      vertex 55.0062 33.814 60
      vertex 56.2708 33.2609 60
    endloop
  endfacet
  facet normal 0 0 1
    outer loop
      vertex 73 48 60
      vertex 54.9532 33.8347 60
      vertex 55.0062 33.814 60
    endloop
  endfacet
  facet normal 0 0 1
    outer loop
      vertex 73 48 60
      vertex 53.6679 34.3378 60
      vertex 54.9532 33.8347 60
    endloop
  endfacet
  facet normal 0 0 1
    outer loop
      vertex 73 48 60
      vertex 53.6141 34.3565 60
      vertex 53.6679 34.3378 60
    endloop
  endfacet
  facet normal 0 0 1
    outer loop
      vertex 73 48 60
      vertex 52.31 34.8087 60
      vertex 53.6141 34.3565 60
    endloop
  endfacet
  facet normal 0 0 1
    outer loop
      vertex 73 48 60
      vertex 50.9892 35.2093 60
      vertex 52.31 34.8087 60
    endloop
  endfacet
  facet normal 0 0 1
    outer loop
      vertex 73 48 60
      vertex 50.9347 35.2259 60
      vertex 50.9892 35.2093 60
    endloop
  endfacet
  facet normal 0 0 1
    outer loop
      vertex 73 48 60
      vertex 50.8796 35.2402 60
      vertex 50.9347 35.2259 60
    endloop
  endfacet
  facet normal 0 0 1
    outer loop
      vertex 73 48 60
      vertex 49.5441 35.5887 60
      vertex 50.8796 35.2402 60
    endloop
  endfacet
  facet normal 0 0 1
    outer loop
      vertex 73 48 60
      vertex 49.4885 35.6009 60
      vertex 49.5441 35.5887 60
    endloop
  endfacet
  facet normal 0 0 1
    outer loop
      vertex 73 48 60
      vertex 48.1403 35.8967 60
      vertex 49.4885 35.6009 60
    endloop
  endfacet
  facet normal 0 0 1
    outer loop
      vertex 73 48 60
      vertex 48.0843 35.9067 60
      vertex 48.1403 35.8967 60
    endloop
  endfacet
  facet normal 0 0 1
    outer loop
      vertex 73 48 60
      vertex 46.7255 36.1494 60
      vertex 48.0843 35.9067 60
    endloop
  endfacet
  facet normal 0 0 1
    outer loop
      vertex 73 48 60
      vertex 45.3583 36.3385 60
      vertex 46.7255 36.1494 60
    endloop
  endfacet
  facet normal 0 0 1
    outer loop
      vertex 73 48 60
      vertex 45.3019 36.3463 60
      vertex 45.3583 36.3385 60
    endloop
  endfacet
  facet normal 0 0 1
    outer loop
      vertex 73 48 60
      vertex 45.2452 36.3519 60
      vertex 45.3019 36.3463 60
    endloop
  endfacet
  facet normal 0 0 1
    outer loop
      vertex 73 48 60
      vertex 43.8716 36.4872 60
      vertex 45.2452 36.3519 60
    endloop
  endfacet
  facet normal 0 0 1
    outer loop
      vertex 73 48 60
      vertex 42.4937 36.5684 60
      vertex 43.8716 36.4872 60
    endloop
  endfacet
  facet normal 0 0 1
    outer loop
      vertex 73 48 60
      vertex 42.4369 36.5718 60
      vertex 42.4937 36.5684 60
    endloop
  endfacet
  facet normal 0 0 1
    outer loop
      vertex 73 48 60
      vertex 42.38 36.5729 60
      vertex 42.4369 36.5718 60
    endloop
  endfacet
  facet normal 0 0 1
    outer loop
      vertex 73 48 60
      vertex 41 36.6 60
      vertex 42.38 36.5729 60
    endloop
  endfacet
  facet normal 0 0 1
    outer loop
      vertex 73 48 60
      vertex 39.62 36.5729 60
      vertex 41 36.6 60
    endloop
  endfacet
  facet normal 0 0 1
    outer loop
      vertex 73 48 60
      vertex 39.5631 36.5718 60
      vertex 39.62 36.5729 60
    endloop
  endfacet
  facet normal 0 0 1
    outer loop
      vertex 73 48 60
      vertex 39.5063 36.5684 60
      vertex 39.5631 36.5718 60
    endloop
  endfacet
  facet normal 0 0 1
    outer loop
      vertex 73 48 60
      vertex 38.1284 36.4872 60
      vertex 39.5063 36.5684 60
    endloop
  endfacet
  facet normal 0 0 1
    outer loop
      vertex 73 48 60
      vertex 36.7548 36.3519 60
      vertex 38.1284 36.4872 60
    endloop
  endfacet
  facet normal 0 0 1
    outer loop
      vertex 73 48 60
      vertex 36.6981 36.3463 60
      vertex 36.7548 36.3519 60
    endloop
  endfacet
  facet normal 0 0 1
    outer loop
      vertex 73 48 60
      vertex 36.6417 36.3385 60
      vertex 36.6981 36.3463 60
    endloop
  endfacet
  facet normal 0 0 1
    outer loop
      vertex 73 48 60
      vertex 35.2745 36.1494 60
      vertex 36.6417 36.3385 60
    endloop
  endfacet
  facet normal 0 0 1
    outer loop
      vertex 73 48 60
      vertex 33.9157 35.9067 60
      vertex 35.2745 36.1494 60
    endloop
  endfacet
  facet normal 0 0 1
    outer loop
      vertex 73 48 60
      vertex 33.8597 35.8967 60
      vertex 33.9157 35.9067 60
    endloop
  endfacet
  facet normal 0 0 1
    outer loop
      vertex -33.8597 35.8967 60
      vertex 33.8597 35.8967 60
      vertex 73 48 60
    endloop
  endfacet
  facet normal 0 0 1
    outer loop
      vertex 33.8597 35.8967 60
      vertex -33.8597 35.8967 60
      vertex 32.5115 35.6009 60
    endloop
  endfacet
  facet normal 0 0 1
    outer loop
      vertex 32.5115 35.6009 60
      vertex -33.8597 35.8967 60
      vertex 32.4559 35.5887 60
    endloop
  endfacet
  facet normal -0 -0 1
    outer loop
      vertex -32.5115 35.6009 60
      vertex 32.4559 35.5887 60
      vertex -33.8597 35.8967 60
    endloop
  endfacet
  facet normal 0 -0 1
    outer loop
      vertex -32.4559 35.5887 60
      vertex 32.4559 35.5887 60
      vertex -32.5115 35.6009 60
    endloop
  endfacet
  facet normal 0 0 1
    outer loop
      vertex 32.4559 35.5887 60
      vertex -32.4559 35.5887 60
      vertex 31.1204 35.2402 60
    endloop
  endfacet
  facet normal 0 0 -1
    outer loop
      vertex 29.69 34.8087 60
      vertex 28.3321 34.3378 60
      vertex 28.3859 34.3565 60
    endloop
  endfacet
  facet normal 0 0 1
    outer loop
      vertex -25.7292 33.2609 60
      vertex 25.7292 33.2609 60
      vertex 26.9938 33.814 60
    endloop
  endfacet
  facet normal 0 0 1
    outer loop
      vertex -24.4352 32.6357 60
      vertex 24.4352 32.6357 60
      vertex 25.6771 33.238 60
    endloop
  endfacet
  facet normal 0 0 1
    outer loop
      vertex -23.0673 31.9046 60
      vertex 23.0673 31.9046 60
      vertex 23.1165 31.9334 60
    endloop
  endfacet
  facet normal 0 0 1
    outer loop
      vertex -16.1985 26.914 60
      vertex 16.1985 26.914 60
      vertex 17.2302 27.8309 60
    endloop
  endfacet
  facet normal 0 0 1
    outer loop
      vertex -16.1148 26.8367 60
      vertex 16.1148 26.8367 60
      vertex 16.1559 26.8762 60
    endloop
  endfacet
  facet normal 0 0 1
    outer loop
      vertex -13.133 23.7258 60
      vertex 13.133 23.7258 60
      vertex 13.1691 23.7698 60
    endloop
  endfacet
  facet normal 0 0 1
    outer loop
      vertex -11.4243 21.5583 60
      vertex 11.4243 21.5583 60
      vertex 12.2574 22.6588 60
    endloop
  endfacet
  facet normal 0 0 1
    outer loop
      vertex -11.3574 21.4662 60
      vertex 11.3574 21.4662 60
      vertex 11.39 21.5129 60
    endloop
  endfacet
  facet normal 0 0 1
    outer loop
      vertex -9.09544 17.9327 60
      vertex 9.09544 17.9327 60
      vertex 9.79337 19.1234 60
    endloop
  endfacet
  facet normal 0 0 1
    outer loop
      vertex -8.36431 16.5648 60
      vertex 8.36431 16.5648 60
      vertex 8.38916 16.6161 60
    endloop
  endfacet
  facet normal 0 0 1
    outer loop
      vertex -7.16526 13.9532 60
      vertex 7.16526 13.9532 60
      vertex 7.18601 14.0062 60
    endloop
  endfacet
  facet normal 0 0 1
    outer loop
      vertex -5.79067 9.98921 60
      vertex 5.79067 9.98921 60
      vertex 6.19133 11.31 60
    endloop
  endfacet
  facet normal 0 0 1
    outer loop
      vertex -5.75976 9.87963 60
      vertex 5.75976 9.87963 60
      vertex 5.77414 9.93472 60
    endloop
  endfacet
  facet normal 0 0 1
    outer loop
      vertex -5.09325 7.08425 60
      vertex 5.09325 7.08425 60
      vertex 5.10326 7.14031 60
    endloop
  endfacet
  facet normal 0 0 1
    outer loop
      vertex -4.43157 1.49375 60
      vertex 4.43157 1.49375 60
      vertex 4.51283 2.8716 60
    endloop
  endfacet
  facet normal 0 0 1
    outer loop
      vertex -4.4271 1.37998 60
      vertex 4.4271 1.37998 60
      vertex 4.42822 1.43691 60
    endloop
  endfacet
  facet normal 0 0 1
    outer loop
      vertex 4.4271 1.37998 60
      vertex -4.4 0 60
      vertex 4.4 0 60
    endloop
  endfacet
  facet normal 0 0 1
    outer loop
      vertex 4.43157 1.49375 60
      vertex -4.43157 1.49375 60
      vertex 4.42822 1.43691 60
    endloop
  endfacet
  facet normal 0 0 1
    outer loop
      vertex -4.51283 2.8716 60
      vertex 4.51283 2.8716 60
      vertex 4.64811 4.2452 60
    endloop
  endfacet
  facet normal 0 0 1
    outer loop
      vertex -4.64811 4.2452 60
      vertex 4.64811 4.2452 60
      vertex 4.65369 4.30187 60
    endloop
  endfacet
  facet normal 0 0 1
    outer loop
      vertex -4.65369 4.30187 60
      vertex 4.65369 4.30187 60
      vertex 4.6615 4.35827 60
    endloop
  endfacet
  facet normal 0 0 1
    outer loop
      vertex -4.6615 4.35827 60
      vertex 4.6615 4.35827 60
      vertex 4.85061 5.7255 60
    endloop
  endfacet
  facet normal 0 0 1
    outer loop
      vertex 5.09325 7.08425 60
      vertex -4.85061 5.7255 60
      vertex 4.85061 5.7255 60
    endloop
  endfacet
  facet normal 0 0 1
    outer loop
      vertex -5.10326 7.14031 60
      vertex 5.10326 7.14031 60
      vertex 5.39906 8.48849 60
    endloop
  endfacet
  facet normal 0 0 1
    outer loop
      vertex -5.39906 8.48849 60
      vertex 5.39906 8.48849 60
      vertex 5.41126 8.5441 60
    endloop
  endfacet
  facet normal 0 0 1
    outer loop
      vertex 5.75976 9.87963 60
      vertex -5.41126 8.5441 60
      vertex 5.41126 8.5441 60
    endloop
  endfacet
  facet normal 0 0 1
    outer loop
      vertex 5.79067 9.98921 60
      vertex -5.79067 9.98921 60
      vertex 5.77414 9.93472 60
    endloop
  endfacet
  facet normal 0 0 1
    outer loop
      vertex -6.19133 11.31 60
      vertex 6.19133 11.31 60
      vertex 6.64354 12.6141 60
    endloop
  endfacet
  facet normal 0 0 1
    outer loop
      vertex -6.64354 12.6141 60
      vertex 6.64354 12.6141 60
      vertex 6.6622 12.6679 60
    endloop
  endfacet
  facet normal 0 0 1
    outer loop
      vertex 7.16526 13.9532 60
      vertex -6.6622 12.6679 60
      vertex 6.6622 12.6679 60
    endloop
  endfacet
  facet normal 0 0 1
    outer loop
      vertex -7.18601 14.0062 60
      vertex 7.18601 14.0062 60
      vertex 7.73914 15.2708 60
    endloop
  endfacet
  facet normal 0 0 1
    outer loop
      vertex -7.73914 15.2708 60
      vertex 7.73914 15.2708 60
      vertex 7.76196 15.3229 60
    endloop
  endfacet
  facet normal 0 0 1
    outer loop
      vertex 8.36431 16.5648 60
      vertex -7.76196 15.3229 60
      vertex 7.76196 15.3229 60
    endloop
  endfacet
  facet normal 0 0 1
    outer loop
      vertex -8.38916 16.6161 60
      vertex 8.38916 16.6161 60
      vertex 8.416 16.6663 60
    endloop
  endfacet
  facet normal 0 0 1
    outer loop
      vertex -8.416 16.6663 60
      vertex 8.416 16.6663 60
      vertex 9.06665 17.8835 60
    endloop
  endfacet
  facet normal 0 0 1
    outer loop
      vertex 9.09544 17.9327 60
      vertex -9.09544 17.9327 60
      vertex 9.06665 17.8835 60
    endloop
  endfacet
  facet normal 0 0 1
    outer loop
      vertex -9.79337 19.1234 60
      vertex 9.79337 19.1234 60
      vertex 10.5375 20.2859 60
    endloop
  endfacet
  facet normal 0 0 1
    outer loop
      vertex -10.5375 20.2859 60
      vertex 10.5375 20.2859 60
      vertex 10.5682 20.3339 60
    endloop
  endfacet
  facet normal 0 0 1
    outer loop
      vertex 11.3574 21.4662 60
      vertex -10.5682 20.3339 60
      vertex 10.5682 20.3339 60
    endloop
  endfacet
  facet normal 0 0 1
    outer loop
      vertex 4.4271 1.37998 60
      vertex -4.4271 1.37998 60
      vertex -4.4 0 60
    endloop
  endfacet
  facet normal 0 0 1
    outer loop
      vertex 11.4243 21.5583 60
      vertex -11.4243 21.5583 60
      vertex 11.39 21.5129 60
    endloop
  endfacet
  facet normal 0 0 1
    outer loop
      vertex 4.42822 1.43691 60
      vertex -4.42822 1.43691 60
      vertex -4.4271 1.37998 60
    endloop
  endfacet
  facet normal 0 0 1
    outer loop
      vertex 4.42822 1.43691 60
      vertex -4.43157 1.49375 60
      vertex -4.42822 1.43691 60
    endloop
  endfacet
  facet normal 0 0 1
    outer loop
      vertex 4.51283 2.8716 60
      vertex -4.51283 2.8716 60
      vertex -4.43157 1.49375 60
    endloop
  endfacet
  facet normal 0 0 1
    outer loop
      vertex 13.133 23.7258 60
      vertex -12.2574 22.6588 60
      vertex 12.2574 22.6588 60
    endloop
  endfacet
  facet normal 0 0 1
    outer loop
      vertex 4.64811 4.2452 60
      vertex -4.64811 4.2452 60
      vertex -4.51283 2.8716 60
    endloop
  endfacet
  facet normal 0 0 1
    outer loop
      vertex -13.1691 23.7698 60
      vertex 13.1691 23.7698 60
      vertex 14.086 24.8015 60
    endloop
  endfacet
  facet normal 0 0 1
    outer loop
      vertex -14.086 24.8015 60
      vertex 14.086 24.8015 60
      vertex 14.1238 24.8441 60
    endloop
  endfacet
  facet normal 0 0 1
    outer loop
      vertex 4.65369 4.30187 60
      vertex -4.65369 4.30187 60
      vertex -4.64811 4.2452 60
    endloop
  endfacet
  facet normal 0 0 1
    outer loop
      vertex 4.6615 4.35827 60
      vertex -4.6615 4.35827 60
      vertex -4.65369 4.30187 60
    endloop
  endfacet
  facet normal 0 0 1
    outer loop
      vertex 4.85061 5.7255 60
      vertex -4.85061 5.7255 60
      vertex -4.6615 4.35827 60
    endloop
  endfacet
  facet normal 0 0 1
    outer loop
      vertex -14.1238 24.8441 60
      vertex 14.1238 24.8441 60
      vertex 14.1633 24.8852 60
    endloop
  endfacet
  facet normal 0 0 1
    outer loop
      vertex -14.1633 24.8852 60
      vertex 14.1633 24.8852 60
      vertex 15.1199 25.8801 60
    endloop
  endfacet
  facet normal 0 0 1
    outer loop
      vertex 5.09325 7.08425 60
      vertex -5.09325 7.08425 60
      vertex -4.85061 5.7255 60
    endloop
  endfacet
  facet normal 0 0 1
    outer loop
      vertex 16.1148 26.8367 60
      vertex -15.1199 25.8801 60
      vertex 15.1199 25.8801 60
    endloop
  endfacet
  facet normal 0 0 1
    outer loop
      vertex 5.10326 7.14031 60
      vertex -5.10326 7.14031 60
      vertex -5.09325 7.08425 60
    endloop
  endfacet
  facet normal 0 0 1
    outer loop
      vertex 5.39906 8.48849 60
      vertex -5.39906 8.48849 60
      vertex -5.10326 7.14031 60
    endloop
  endfacet
  facet normal 0 0 1
    outer loop
      vertex 16.1985 26.914 60
      vertex -16.1985 26.914 60
      vertex 16.1559 26.8762 60
    endloop
  endfacet
  facet normal 0 0 1
    outer loop
      vertex 5.41126 8.5441 60
      vertex -5.41126 8.5441 60
      vertex -5.39906 8.48849 60
    endloop
  endfacet
  facet normal 0 0 1
    outer loop
      vertex 5.75976 9.87963 60
      vertex -5.75976 9.87963 60
      vertex -5.41126 8.5441 60
    endloop
  endfacet
  facet normal 0 0 1
    outer loop
      vertex -17.2302 27.8309 60
      vertex 17.2302 27.8309 60
      vertex 17.2742 27.867 60
    endloop
  endfacet
  facet normal 0 0 1
    outer loop
      vertex -17.2742 27.867 60
      vertex 17.2742 27.867 60
      vertex 18.3412 28.7426 60
    endloop
  endfacet
  facet normal 0 0 1
    outer loop
      vertex 5.77414 9.93472 60
      vertex -5.77414 9.93472 60
      vertex -5.75976 9.87963 60
    endloop
  endfacet
  facet normal 0 0 1
    outer loop
      vertex 5.77414 9.93472 60
      vertex -5.79067 9.98921 60
      vertex -5.77414 9.93472 60
    endloop
  endfacet
  facet normal 0 0 1
    outer loop
      vertex 6.19133 11.31 60
      vertex -6.19133 11.31 60
      vertex -5.79067 9.98921 60
    endloop
  endfacet
  facet normal 0 0 1
    outer loop
      vertex -18.3412 28.7426 60
      vertex 18.3412 28.7426 60
      vertex 19.4417 29.5757 60
    endloop
  endfacet
  facet normal 0 0 1
    outer loop
      vertex -19.4417 29.5757 60
      vertex 19.4417 29.5757 60
      vertex 19.4871 29.61 60
    endloop
  endfacet
  facet normal 0 0 1
    outer loop
      vertex 6.64354 12.6141 60
      vertex -6.64354 12.6141 60
      vertex -6.19133 11.31 60
    endloop
  endfacet
  facet normal 0 0 1
    outer loop
      vertex -19.4871 29.61 60
      vertex 19.4871 29.61 60
      vertex 19.5338 29.6426 60
    endloop
  endfacet
  facet normal 0 0 1
    outer loop
      vertex -19.5338 29.6426 60
      vertex 19.5338 29.6426 60
      vertex 20.6661 30.4318 60
    endloop
  endfacet
  facet normal 0 0 1
    outer loop
      vertex 6.6622 12.6679 60
      vertex -6.6622 12.6679 60
      vertex -6.64354 12.6141 60
    endloop
  endfacet
  facet normal 0 0 1
    outer loop
      vertex 7.16526 13.9532 60
      vertex -7.16526 13.9532 60
      vertex -6.6622 12.6679 60
    endloop
  endfacet
  facet normal 0 0 1
    outer loop
      vertex -20.6661 30.4318 60
      vertex 20.6661 30.4318 60
      vertex 20.7141 30.4625 60
    endloop
  endfacet
  facet normal 0 0 1
    outer loop
      vertex -20.7141 30.4625 60
      vertex 20.7141 30.4625 60
      vertex 21.8766 31.2066 60
    endloop
  endfacet
  facet normal 0 0 1
    outer loop
      vertex 7.18601 14.0062 60
      vertex -7.18601 14.0062 60
      vertex -7.16526 13.9532 60
    endloop
  endfacet
  facet normal 0 0 1
    outer loop
      vertex 7.73914 15.2708 60
      vertex -7.73914 15.2708 60
      vertex -7.18601 14.0062 60
    endloop
  endfacet
  facet normal 0 0 1
    outer loop
      vertex 23.0673 31.9046 60
      vertex -21.8766 31.2066 60
      vertex 21.8766 31.2066 60
    endloop
  endfacet
  facet normal 0 0 1
    outer loop
      vertex 7.76196 15.3229 60
      vertex -7.76196 15.3229 60
      vertex -7.73914 15.2708 60
    endloop
  endfacet
  facet normal 0 0 1
    outer loop
      vertex 8.36431 16.5648 60
      vertex -8.36431 16.5648 60
      vertex -7.76196 15.3229 60
    endloop
  endfacet
  facet normal 0 0 1
    outer loop
      vertex -23.1165 31.9334 60
      vertex 23.1165 31.9334 60
      vertex 24.3337 32.584 60
    endloop
  endfacet
  facet normal 0 0 1
    outer loop
      vertex -24.3337 32.584 60
      vertex 24.3337 32.584 60
      vertex 24.3839 32.6108 60
    endloop
  endfacet
  facet normal 0 0 1
    outer loop
      vertex 8.38916 16.6161 60
      vertex -8.38916 16.6161 60
      vertex -8.36431 16.5648 60
    endloop
  endfacet
  facet normal 0 0 1
    outer loop
      vertex 8.416 16.6663 60
      vertex -8.416 16.6663 60
      vertex -8.38916 16.6161 60
    endloop
  endfacet
  facet normal 0 0 1
    outer loop
      vertex 9.06665 17.8835 60
      vertex -9.06665 17.8835 60
      vertex -8.416 16.6663 60
    endloop
  endfacet
  facet normal 0 0 1
    outer loop
      vertex 24.4352 32.6357 60
      vertex -24.4352 32.6357 60
      vertex 24.3839 32.6108 60
    endloop
  endfacet
  facet normal 0 0 1
    outer loop
      vertex 9.06665 17.8835 60
      vertex -9.09544 17.9327 60
      vertex -9.06665 17.8835 60
    endloop
  endfacet
  facet normal 0 0 1
    outer loop
      vertex 9.79337 19.1234 60
      vertex -9.79337 19.1234 60
      vertex -9.09544 17.9327 60
    endloop
  endfacet
  facet normal 0 0 1
    outer loop
      vertex 25.7292 33.2609 60
      vertex -25.7292 33.2609 60
      vertex 25.6771 33.238 60
    endloop
  endfacet
  facet normal 0 0 1
    outer loop
      vertex 10.5375 20.2859 60
      vertex -10.5375 20.2859 60
      vertex -9.79337 19.1234 60
    endloop
  endfacet
  facet normal 0 0 1
    outer loop
      vertex -26.9938 33.814 60
      vertex 26.9938 33.814 60
      vertex 27.0468 33.8347 60
    endloop
  endfacet
  facet normal 0 0 1
    outer loop
      vertex -26.9938 33.814 60
      vertex 27.0468 33.8347 60
      vertex 28.3321 34.3378 60
    endloop
  endfacet
  facet normal 0 0 1
    outer loop
      vertex 10.5682 20.3339 60
      vertex -10.5682 20.3339 60
      vertex -10.5375 20.2859 60
    endloop
  endfacet
  facet normal 0 0 1
    outer loop
      vertex 11.3574 21.4662 60
      vertex -11.3574 21.4662 60
      vertex -10.5682 20.3339 60
    endloop
  endfacet
  facet normal 0 0 1
    outer loop
      vertex -28.3321 34.3378 60
      vertex 28.3321 34.3378 60
      vertex 29.69 34.8087 60
    endloop
  endfacet
  facet normal 0 0 1
    outer loop
      vertex 11.39 21.5129 60
      vertex -11.39 21.5129 60
      vertex -11.3574 21.4662 60
    endloop
  endfacet
  facet normal 0 0 1
    outer loop
      vertex 11.39 21.5129 60
      vertex -11.4243 21.5583 60
      vertex -11.39 21.5129 60
    endloop
  endfacet
  facet normal 0 0 1
    outer loop
      vertex 12.2574 22.6588 60
      vertex -12.2574 22.6588 60
      vertex -11.4243 21.5583 60
    endloop
  endfacet
  facet normal 0 0 1
    outer loop
      vertex 31.1204 35.2402 60
      vertex -32.4559 35.5887 60
      vertex 31.0653 35.2259 60
    endloop
  endfacet
  facet normal 0 0 1
    outer loop
      vertex 13.133 23.7258 60
      vertex -13.133 23.7258 60
      vertex -12.2574 22.6588 60
    endloop
  endfacet
  facet normal 0 0 1
    outer loop
      vertex 13.1691 23.7698 60
      vertex -13.1691 23.7698 60
      vertex -13.133 23.7258 60
    endloop
  endfacet
  facet normal 0 0 1
    outer loop
      vertex 14.086 24.8015 60
      vertex -14.086 24.8015 60
      vertex -13.1691 23.7698 60
    endloop
  endfacet
  facet normal 0 0 1
    outer loop
      vertex 14.1238 24.8441 60
      vertex -14.1238 24.8441 60
      vertex -14.086 24.8015 60
    endloop
  endfacet
  facet normal 0 0 1
    outer loop
      vertex 14.1633 24.8852 60
      vertex -14.1633 24.8852 60
      vertex -14.1238 24.8441 60
    endloop
  endfacet
  facet normal 0 0 1
    outer loop
      vertex 15.1199 25.8801 60
      vertex -15.1199 25.8801 60
      vertex -14.1633 24.8852 60
    endloop
  endfacet
  facet normal 0 0 1
    outer loop
      vertex 16.1148 26.8367 60
      vertex -16.1148 26.8367 60
      vertex -15.1199 25.8801 60
    endloop
  endfacet
  facet normal 0 0 1
    outer loop
      vertex 16.1559 26.8762 60
      vertex -16.1559 26.8762 60
      vertex -16.1148 26.8367 60
    endloop
  endfacet
  facet normal 0 0 1
    outer loop
      vertex 16.1559 26.8762 60
      vertex -16.1985 26.914 60
      vertex -16.1559 26.8762 60
    endloop
  endfacet
  facet normal 0 0 1
    outer loop
      vertex 17.2302 27.8309 60
      vertex -17.2302 27.8309 60
      vertex -16.1985 26.914 60
    endloop
  endfacet
  facet normal 0 0 1
    outer loop
      vertex 17.2742 27.867 60
      vertex -17.2742 27.867 60
      vertex -17.2302 27.8309 60
    endloop
  endfacet
  facet normal 0 0 1
    outer loop
      vertex 18.3412 28.7426 60
      vertex -18.3412 28.7426 60
      vertex -17.2742 27.867 60
    endloop
  endfacet
  facet normal 0 0 1
    outer loop
      vertex 19.4417 29.5757 60
      vertex -19.4417 29.5757 60
      vertex -18.3412 28.7426 60
    endloop
  endfacet
  facet normal 0 0 1
    outer loop
      vertex 19.4871 29.61 60
      vertex -19.4871 29.61 60
      vertex -19.4417 29.5757 60
    endloop
  endfacet
  facet normal 0 0 1
    outer loop
      vertex 19.5338 29.6426 60
      vertex -19.5338 29.6426 60
      vertex -19.4871 29.61 60
    endloop
  endfacet
  facet normal 0 0 1
    outer loop
      vertex 20.6661 30.4318 60
      vertex -20.6661 30.4318 60
      vertex -19.5338 29.6426 60
    endloop
  endfacet
  facet normal 0 0 1
    outer loop
      vertex 20.7141 30.4625 60
      vertex -20.7141 30.4625 60
      vertex -20.6661 30.4318 60
    endloop
  endfacet
  facet normal 0 0 1
    outer loop
      vertex 21.8766 31.2066 60
      vertex -21.8766 31.2066 60
      vertex -20.7141 30.4625 60
    endloop
  endfacet
  facet normal 0 0 1
    outer loop
      vertex 23.0673 31.9046 60
      vertex -23.0673 31.9046 60
      vertex -21.8766 31.2066 60
    endloop
  endfacet
  facet normal 0 0 1
    outer loop
      vertex 23.1165 31.9334 60
      vertex -23.1165 31.9334 60
      vertex -23.0673 31.9046 60
    endloop
  endfacet
  facet normal 0 0 1
    outer loop
      vertex 24.3337 32.584 60
      vertex -24.3337 32.584 60
      vertex -23.1165 31.9334 60
    endloop
  endfacet
  facet normal 0 0 1
    outer loop
      vertex 24.3839 32.6108 60
      vertex -24.3839 32.6108 60
      vertex -24.3337 32.584 60
    endloop
  endfacet
  facet normal 0 0 1
    outer loop
      vertex 24.3839 32.6108 60
      vertex -24.4352 32.6357 60
      vertex -24.3839 32.6108 60
    endloop
  endfacet
  facet normal 0 0 1
    outer loop
      vertex 25.6771 33.238 60
      vertex -25.6771 33.238 60
      vertex -24.4352 32.6357 60
    endloop
  endfacet
  facet normal 0 0 1
    outer loop
      vertex 25.6771 33.238 60
      vertex -25.7292 33.2609 60
      vertex -25.6771 33.238 60
    endloop
  endfacet
  facet normal 0 0 1
    outer loop
      vertex 26.9938 33.814 60
      vertex -26.9938 33.814 60
      vertex -25.7292 33.2609 60
    endloop
  endfacet
  facet normal 0 0 1
    outer loop
      vertex 28.3321 34.3378 60
      vertex -27.0468 33.8347 60
      vertex -26.9938 33.814 60
    endloop
  endfacet
  facet normal 0 0 1
    outer loop
      vertex 28.3321 34.3378 60
      vertex -28.3321 34.3378 60
      vertex -27.0468 33.8347 60
    endloop
  endfacet
  facet normal 0 0 1
    outer loop
      vertex 29.69 34.8087 60
      vertex -28.3859 34.3565 60
      vertex -28.3321 34.3378 60
    endloop
  endfacet
  facet normal 0 0 1
    outer loop
      vertex 29.69 34.8087 60
      vertex -29.69 34.8087 60
      vertex -28.3859 34.3565 60
    endloop
  endfacet
  facet normal 0 0 1
    outer loop
      vertex 29.69 34.8087 60
      vertex -31.0108 35.2093 60
      vertex -29.69 34.8087 60
    endloop
  endfacet
  facet normal 0 0 1
    outer loop
      vertex 29.69 34.8087 60
      vertex -31.0653 35.2259 60
      vertex -31.0108 35.2093 60
    endloop
  endfacet
  facet normal 0 0 1
    outer loop
      vertex 31.0108 35.2093 60
      vertex -31.0653 35.2259 60
      vertex 29.69 34.8087 60
    endloop
  endfacet
  facet normal 0 0 1
    outer loop
      vertex 31.0653 35.2259 60
      vertex -31.0653 35.2259 60
      vertex 31.0108 35.2093 60
    endloop
  endfacet
  facet normal 0 -0 1
    outer loop
      vertex -31.0653 35.2259 60
      vertex 31.0653 35.2259 60
      vertex -31.1204 35.2402 60
    endloop
  endfacet
  facet normal -0 -0 1
    outer loop
      vertex -31.1204 35.2402 60
      vertex 31.0653 35.2259 60
      vertex -32.4559 35.5887 60
    endloop
  endfacet
  facet normal -0 0 1
    outer loop
      vertex -73 48 60
      vertex -33.8597 35.8967 60
      vertex 73 48 60
    endloop
  endfacet
  facet normal 0 0 1
    outer loop
      vertex -33.8597 35.8967 60
      vertex -73 48 60
      vertex -33.9157 35.9067 60
    endloop
  endfacet
  facet normal 0 0 1
    outer loop
      vertex -33.9157 35.9067 60
      vertex -73 48 60
      vertex -35.2745 36.1494 60
    endloop
  endfacet
  facet normal 0 0 1
    outer loop
      vertex -35.2745 36.1494 60
      vertex -73 48 60
      vertex -36.6417 36.3385 60
    endloop
  endfacet
  facet normal 0 0 1
    outer loop
      vertex -36.6417 36.3385 60
      vertex -73 48 60
      vertex -36.6981 36.3463 60
    endloop
  endfacet
  facet normal 0 0 1
    outer loop
      vertex -36.6981 36.3463 60
      vertex -73 48 60
      vertex -36.7548 36.3519 60
    endloop
  endfacet
  facet normal 0 0 1
    outer loop
      vertex -36.7548 36.3519 60
      vertex -73 48 60
      vertex -38.1284 36.4872 60
    endloop
  endfacet
  facet normal 0 0 1
    outer loop
      vertex -38.1284 36.4872 60
      vertex -73 48 60
      vertex -39.5063 36.5684 60
    endloop
  endfacet
  facet normal 0 0 1
    outer loop
      vertex -39.5063 36.5684 60
      vertex -73 48 60
      vertex -39.5631 36.5718 60
    endloop
  endfacet
  facet normal 0 0 1
    outer loop
      vertex -39.5631 36.5718 60
      vertex -73 48 60
      vertex -39.62 36.5729 60
    endloop
  endfacet
  facet normal 0 0 1
    outer loop
      vertex -39.62 36.5729 60
      vertex -73 48 60
      vertex -41 36.6 60
    endloop
  endfacet
  facet normal 0 0 1
    outer loop
      vertex -41 36.6 60
      vertex -73 48 60
      vertex -42.38 36.5729 60
    endloop
  endfacet
  facet normal 0 0 1
    outer loop
      vertex -42.38 36.5729 60
      vertex -73 48 60
      vertex -42.4369 36.5718 60
    endloop
  endfacet
  facet normal 0 0 1
    outer loop
      vertex -42.4369 36.5718 60
      vertex -73 48 60
      vertex -42.4937 36.5684 60
    endloop
  endfacet
  facet normal 0 0 1
    outer loop
      vertex -42.4937 36.5684 60
      vertex -73 48 60
      vertex -43.8716 36.4872 60
    endloop
  endfacet
  facet normal 0 0 1
    outer loop
      vertex -43.8716 36.4872 60
      vertex -73 48 60
      vertex -45.2452 36.3519 60
    endloop
  endfacet
  facet normal 0 0 1
    outer loop
      vertex -73 48 60
      vertex -53.6141 34.3565 60
      vertex -52.31 34.8087 60
    endloop
  endfacet
  facet normal 0 0 1
    outer loop
      vertex -73 48 60
      vertex -56.2708 33.2609 60
      vertex -55.0062 33.814 60
    endloop
  endfacet
  facet normal 0 0 1
    outer loop
      vertex -73 48 60
      vertex -57.5648 32.6357 60
      vertex -56.3229 33.238 60
    endloop
  endfacet
  facet normal 0 0 1
    outer loop
      vertex -73 48 60
      vertex -58.9327 31.9046 60
      vertex -58.8835 31.9334 60
    endloop
  endfacet
  facet normal 0 0 1
    outer loop
      vertex -73 48 60
      vertex -61.2859 30.4625 60
      vertex -60.1234 31.2066 60
    endloop
  endfacet
  facet normal 0 0 1
    outer loop
      vertex -73 48 60
      vertex -64.7258 27.867 60
      vertex -63.6588 28.7426 60
    endloop
  endfacet
  facet normal 0 0 1
    outer loop
      vertex -73 48 60
      vertex -65.8015 26.914 60
      vertex -64.7698 27.8309 60
    endloop
  endfacet
  facet normal 0 0 1
    outer loop
      vertex -79.1229 46.7821 60
      vertex -65.8851 26.8367 60
      vertex -65.8441 26.8762 60
    endloop
  endfacet
  facet normal 0 0 1
    outer loop
      vertex -86.6422 40.36 60
      vertex -67.8367 24.8852 60
      vertex -66.8801 25.8801 60
    endloop
  endfacet
  facet normal 0 0 1
    outer loop
      vertex -88.803 34.5029 60
      vertex -67.914 24.8015 60
      vertex -67.8762 24.8441 60
    endloop
  endfacet
  facet normal 0 0 1
    outer loop
      vertex -89 32 60
      vertex -70.5757 21.5583 60
      vertex -69.7426 22.6588 60
    endloop
  endfacet
  facet normal 0 0 1
    outer loop
      vertex -89 32 60
      vertex -70.6426 21.4662 60
      vertex -70.61 21.5129 60
    endloop
  endfacet
  facet normal 0 0 1
    outer loop
      vertex -45.2452 36.3519 60
      vertex -73 48 60
      vertex -45.3019 36.3463 60
    endloop
  endfacet
  facet normal 0 0 1
    outer loop
      vertex -73 48 60
      vertex -45.3583 36.3385 60
      vertex -45.3019 36.3463 60
    endloop
  endfacet
  facet normal 0 0 1
    outer loop
      vertex -73 48 60
      vertex -46.7255 36.1494 60
      vertex -45.3583 36.3385 60
    endloop
  endfacet
  facet normal 0 0 1
    outer loop
      vertex -73 48 60
      vertex -48.0843 35.9067 60
      vertex -46.7255 36.1494 60
    endloop
  endfacet
  facet normal 0 0 1
    outer loop
      vertex -73 48 60
      vertex -48.1403 35.8967 60
      vertex -48.0843 35.9067 60
    endloop
  endfacet
  facet normal 0 0 1
    outer loop
      vertex -73 48 60
      vertex -49.4885 35.6009 60
      vertex -48.1403 35.8967 60
    endloop
  endfacet
  facet normal 0 0 1
    outer loop
      vertex -73 48 60
      vertex -49.5441 35.5887 60
      vertex -49.4885 35.6009 60
    endloop
  endfacet
  facet normal 0 0 1
    outer loop
      vertex -73 48 60
      vertex -50.8796 35.2402 60
      vertex -49.5441 35.5887 60
    endloop
  endfacet
  facet normal 0 0 1
    outer loop
      vertex -73 48 60
      vertex -50.9347 35.2259 60
      vertex -50.8796 35.2402 60
    endloop
  endfacet
  facet normal 0 0 1
    outer loop
      vertex -73 48 60
      vertex -50.9892 35.2093 60
      vertex -50.9347 35.2259 60
    endloop
  endfacet
  facet normal 0 0 1
    outer loop
      vertex -73 48 60
      vertex -52.31 34.8087 60
      vertex -50.9892 35.2093 60
    endloop
  endfacet
  facet normal 0 0 1
    outer loop
      vertex -53.6141 34.3565 60
      vertex -73 48 60
      vertex -53.6679 34.3378 60
    endloop
  endfacet
  facet normal 0 0 1
    outer loop
      vertex -73 48 60
      vertex -54.9532 33.8347 60
      vertex -53.6679 34.3378 60
    endloop
  endfacet
  facet normal 0 0 1
    outer loop
      vertex -73 48 60
      vertex -55.0062 33.814 60
      vertex -54.9532 33.8347 60
    endloop
  endfacet
  facet normal 0 0 1
    outer loop
      vertex -56.2708 33.2609 60
      vertex -73 48 60
      vertex -56.3229 33.238 60
    endloop
  endfacet
  facet normal 0 0 1
    outer loop
      vertex -57.5648 32.6357 60
      vertex -73 48 60
      vertex -57.6161 32.6108 60
    endloop
  endfacet
  facet normal 0 0 1
    outer loop
      vertex -73 48 60
      vertex -57.6663 32.584 60
      vertex -57.6161 32.6108 60
    endloop
  endfacet
  facet normal 0 0 1
    outer loop
      vertex -73 48 60
      vertex -58.8835 31.9334 60
      vertex -57.6663 32.584 60
    endloop
  endfacet
  facet normal 0 0 1
    outer loop
      vertex -58.9327 31.9046 60
      vertex -73 48 60
      vertex -60.1234 31.2066 60
    endloop
  endfacet
  facet normal 0 0 1
    outer loop
      vertex -61.2859 30.4625 60
      vertex -73 48 60
      vertex -61.3339 30.4318 60
    endloop
  endfacet
  facet normal 0 0 1
    outer loop
      vertex -73 48 60
      vertex -62.4662 29.6426 60
      vertex -61.3339 30.4318 60
    endloop
  endfacet
  facet normal 0 0 1
    outer loop
      vertex -73 48 60
      vertex -62.5129 29.61 60
      vertex -62.4662 29.6426 60
    endloop
  endfacet
  facet normal 0 0 1
    outer loop
      vertex -73 48 60
      vertex -62.5583 29.5757 60
      vertex -62.5129 29.61 60
    endloop
  endfacet
  facet normal 0 0 1
    outer loop
      vertex -73 48 60
      vertex -63.6588 28.7426 60
      vertex -62.5583 29.5757 60
    endloop
  endfacet
  facet normal 0 0 1
    outer loop
      vertex -64.7258 27.867 60
      vertex -73 48 60
      vertex -64.7698 27.8309 60
    endloop
  endfacet
  facet normal -0 0 1
    outer loop
      vertex -73.6281 47.9877 60
      vertex -65.8015 26.914 60
      vertex -73 48 60
    endloop
  endfacet
  facet normal -0 0 1
    outer loop
      vertex -74.2553 47.9507 60
      vertex -65.8015 26.914 60
      vertex -73.6281 47.9877 60
    endloop
  endfacet
  facet normal -0 0 1
    outer loop
      vertex -74.8806 47.8891 60
      vertex -65.8015 26.914 60
      vertex -74.2553 47.9507 60
    endloop
  endfacet
  facet normal -0 0 1
    outer loop
      vertex -75.5029 47.803 60
      vertex -65.8015 26.914 60
      vertex -74.8806 47.8891 60
    endloop
  endfacet
  facet normal 0 0 1
    outer loop
      vertex -65.8015 26.914 60
      vertex -75.5029 47.803 60
      vertex -65.8441 26.8762 60
    endloop
  endfacet
  facet normal -0 0 1
    outer loop
      vertex -76.1214 47.6926 60
      vertex -65.8441 26.8762 60
      vertex -75.5029 47.803 60
    endloop
  endfacet
  facet normal -0 0 1
    outer loop
      vertex -76.7351 47.5579 60
      vertex -65.8441 26.8762 60
      vertex -76.1214 47.6926 60
    endloop
  endfacet
  facet normal -0 0 1
    outer loop
      vertex -77.343 47.3993 60
      vertex -65.8441 26.8762 60
      vertex -76.7351 47.5579 60
    endloop
  endfacet
  facet normal -0 0 1
    outer loop
      vertex -77.9443 47.2169 60
      vertex -65.8441 26.8762 60
      vertex -77.343 47.3993 60
    endloop
  endfacet
  facet normal -0 0 1
    outer loop
      vertex -78.5379 47.011 60
      vertex -65.8441 26.8762 60
      vertex -77.9443 47.2169 60
    endloop
  endfacet
  facet normal -0 0 1
    outer loop
      vertex -79.1229 46.7821 60
      vertex -65.8441 26.8762 60
      vertex -78.5379 47.011 60
    endloop
  endfacet
  facet normal 0 0 1
    outer loop
      vertex -65.8851 26.8367 60
      vertex -79.1229 46.7821 60
      vertex -79.6985 46.5303 60
    endloop
  endfacet
  facet normal 0 0 1
    outer loop
      vertex -65.8851 26.8367 60
      vertex -79.6985 46.5303 60
      vertex -80.2638 46.2561 60
    endloop
  endfacet
  facet normal 0 0 1
    outer loop
      vertex -65.8851 26.8367 60
      vertex -80.2638 46.2561 60
      vertex -80.8179 45.9599 60
    endloop
  endfacet
  facet normal 0 0 1
    outer loop
      vertex -65.8851 26.8367 60
      vertex -80.8179 45.9599 60
      vertex -66.8801 25.8801 60
    endloop
  endfacet
  facet normal -0 0 1
    outer loop
      vertex -81.36 45.6422 60
      vertex -66.8801 25.8801 60
      vertex -80.8179 45.9599 60
    endloop
  endfacet
  facet normal -0 0 1
    outer loop
      vertex -81.8891 45.3035 60
      vertex -66.8801 25.8801 60
      vertex -81.36 45.6422 60
    endloop
  endfacet
  facet normal -0 0 1
    outer loop
      vertex -82.4046 44.9443 60
      vertex -66.8801 25.8801 60
      vertex -81.8891 45.3035 60
    endloop
  endfacet
  facet normal 0 0 1
    outer loop
      vertex -73.6357 16.5648 60
      vertex -89 32 60
      vertex -74.238 15.3229 60
    endloop
  endfacet
  facet normal 0 0 1
    outer loop
      vertex -74.238 15.3229 60
      vertex -89 32 60
      vertex -74.2609 15.2708 60
    endloop
  endfacet
  facet normal 0 0 1
    outer loop
      vertex -74.2609 15.2708 60
      vertex -89 32 60
      vertex -74.814 14.0062 60
    endloop
  endfacet
  facet normal -0 0 1
    outer loop
      vertex -82.9055 44.5651 60
      vertex -66.8801 25.8801 60
      vertex -82.4046 44.9443 60
    endloop
  endfacet
  facet normal 0 0 1
    outer loop
      vertex -74.814 14.0062 60
      vertex -89 32 60
      vertex -74.8347 13.9532 60
    endloop
  endfacet
  facet normal 0 0 1
    outer loop
      vertex -74.8347 13.9532 60
      vertex -89 32 60
      vertex -75.3378 12.6679 60
    endloop
  endfacet
  facet normal -0 0 1
    outer loop
      vertex -83.3912 44.1665 60
      vertex -66.8801 25.8801 60
      vertex -82.9055 44.5651 60
    endloop
  endfacet
  facet normal 0 0 1
    outer loop
      vertex -75.3378 12.6679 60
      vertex -89 32 60
      vertex -75.3565 12.6141 60
    endloop
  endfacet
  facet normal -0 0 1
    outer loop
      vertex -83.8608 43.7491 60
      vertex -66.8801 25.8801 60
      vertex -83.3912 44.1665 60
    endloop
  endfacet
  facet normal 0 0 1
    outer loop
      vertex -75.3565 12.6141 60
      vertex -89 32 60
      vertex -75.8087 11.31 60
    endloop
  endfacet
  facet normal 0 0 1
    outer loop
      vertex -75.8087 11.31 60
      vertex -89 32 60
      vertex -76.2093 9.98921 60
    endloop
  endfacet
  facet normal 0 0 1
    outer loop
      vertex -76.2093 9.98921 60
      vertex -89 32 60
      vertex -76.2259 9.93472 60
    endloop
  endfacet
  facet normal 0 0 1
    outer loop
      vertex -76.2259 9.93472 60
      vertex -89 32 60
      vertex -76.2402 9.87963 60
    endloop
  endfacet
  facet normal 0 0 1
    outer loop
      vertex -76.2402 9.87963 60
      vertex -89 32 60
      vertex -76.5887 8.5441 60
    endloop
  endfacet
  facet normal -0 0 1
    outer loop
      vertex -84.3137 43.3137 60
      vertex -66.8801 25.8801 60
      vertex -83.8608 43.7491 60
    endloop
  endfacet
  facet normal 0 0 1
    outer loop
      vertex -76.5887 8.5441 60
      vertex -89 32 60
      vertex -76.6009 8.48849 60
    endloop
  endfacet
  facet normal 0 0 1
    outer loop
      vertex -76.6009 8.48849 60
      vertex -89 32 60
      vertex -76.8967 7.14031 60
    endloop
  endfacet
  facet normal 0 0 1
    outer loop
      vertex -76.8967 7.14031 60
      vertex -89 32 60
      vertex -76.9068 7.08425 60
    endloop
  endfacet
  facet normal 0 0 1
    outer loop
      vertex -76.9068 7.08425 60
      vertex -89 32 60
      vertex -77.1494 5.7255 60
    endloop
  endfacet
  facet normal -0 0 1
    outer loop
      vertex -84.7491 42.8608 60
      vertex -66.8801 25.8801 60
      vertex -84.3137 43.3137 60
    endloop
  endfacet
  facet normal 0 0 1
    outer loop
      vertex -77.1494 5.7255 60
      vertex -89 32 60
      vertex -77.3385 4.35827 60
    endloop
  endfacet
  facet normal 0 0 1
    outer loop
      vertex -77.3385 4.35827 60
      vertex -89 32 60
      vertex -77.3463 4.30187 60
    endloop
  endfacet
  facet normal 0 0 1
    outer loop
      vertex -77.3463 4.30187 60
      vertex -89 32 60
      vertex -77.3519 4.2452 60
    endloop
  endfacet
  facet normal 0 0 1
    outer loop
      vertex -77.3519 4.2452 60
      vertex -89 32 60
      vertex -77.4872 2.8716 60
    endloop
  endfacet
  facet normal 0 0 1
    outer loop
      vertex -77.4872 2.8716 60
      vertex -89 32 60
      vertex -77.5684 1.49375 60
    endloop
  endfacet
  facet normal 0 0 1
    outer loop
      vertex -77.5684 1.49375 60
      vertex -89 32 60
      vertex -77.5718 1.43691 60
    endloop
  endfacet
  facet normal 0 0 1
    outer loop
      vertex -77.5718 1.43691 60
      vertex -89 32 60
      vertex -77.5729 1.37998 60
    endloop
  endfacet
  facet normal -0 0 1
    outer loop
      vertex -85.1665 42.3912 60
      vertex -66.8801 25.8801 60
      vertex -84.7491 42.8608 60
    endloop
  endfacet
  facet normal -0 0 1
    outer loop
      vertex 70.5757 -21.5583 60
      vertex 89 -32 60
      vertex 70.61 -21.5129 60
    endloop
  endfacet
  facet normal -0 0 1
    outer loop
      vertex 69.7426 -22.6588 60
      vertex 89 -32 60
      vertex 70.5757 -21.5583 60
    endloop
  endfacet
  facet normal -0 0 1
    outer loop
      vertex 68.867 -23.7258 60
      vertex 89 -32 60
      vertex 69.7426 -22.6588 60
    endloop
  endfacet
  facet normal -0 0 1
    outer loop
      vertex 68.8309 -23.7698 60
      vertex 89 -32 60
      vertex 68.867 -23.7258 60
    endloop
  endfacet
  facet normal 0 0 1
    outer loop
      vertex 89 -32 60
      vertex 68.8309 -23.7698 60
      vertex 88.9877 -32.6281 60
    endloop
  endfacet
  facet normal -0 0 1
    outer loop
      vertex 67.914 -24.8015 60
      vertex 88.9877 -32.6281 60
      vertex 68.8309 -23.7698 60
    endloop
  endfacet
  facet normal 0 0 1
    outer loop
      vertex 88.9877 -32.6281 60
      vertex 67.914 -24.8015 60
      vertex 88.9507 -33.2553 60
    endloop
  endfacet
  facet normal 0 0 1
    outer loop
      vertex 88.9507 -33.2553 60
      vertex 67.914 -24.8015 60
      vertex 88.8891 -33.8806 60
    endloop
  endfacet
  facet normal 0 0 1
    outer loop
      vertex 88.8891 -33.8806 60
      vertex 67.914 -24.8015 60
      vertex 88.803 -34.5029 60
    endloop
  endfacet
  facet normal 0 0 1
    outer loop
      vertex 88.803 -34.5029 60
      vertex 67.914 -24.8015 60
      vertex 88.6926 -35.1214 60
    endloop
  endfacet
  facet normal 0 0 1
    outer loop
      vertex 88.6926 -35.1214 60
      vertex 67.914 -24.8015 60
      vertex 88.5579 -35.7351 60
    endloop
  endfacet
  facet normal -0 0 1
    outer loop
      vertex 67.8762 -24.8441 60
      vertex 88.5579 -35.7351 60
      vertex 67.914 -24.8015 60
    endloop
  endfacet
  facet normal 0 0 1
    outer loop
      vertex 88.5579 -35.7351 60
      vertex 67.8762 -24.8441 60
      vertex 88.3993 -36.343 60
    endloop
  endfacet
  facet normal 0 0 1
    outer loop
      vertex 88.3993 -36.343 60
      vertex 67.8762 -24.8441 60
      vertex 88.2169 -36.9443 60
    endloop
  endfacet
  facet normal 0 0 1
    outer loop
      vertex 88.2169 -36.9443 60
      vertex 67.8762 -24.8441 60
      vertex 88.011 -37.5379 60
    endloop
  endfacet
  facet normal 0 0 1
    outer loop
      vertex 88.011 -37.5379 60
      vertex 67.8762 -24.8441 60
      vertex 87.7821 -38.1229 60
    endloop
  endfacet
  facet normal -0 0 1
    outer loop
      vertex 67.8367 -24.8852 60
      vertex 87.7821 -38.1229 60
      vertex 67.8762 -24.8441 60
    endloop
  endfacet
  facet normal 0 0 1
    outer loop
      vertex 87.7821 -38.1229 60
      vertex 67.8367 -24.8852 60
      vertex 87.5303 -38.6985 60
    endloop
  endfacet
  facet normal 0 0 1
    outer loop
      vertex 87.5303 -38.6985 60
      vertex 67.8367 -24.8852 60
      vertex 87.2561 -39.2638 60
    endloop
  endfacet
  facet normal 0 0 1
    outer loop
      vertex 87.2561 -39.2638 60
      vertex 67.8367 -24.8852 60
      vertex 86.9599 -39.8179 60
    endloop
  endfacet
  facet normal 0 0 1
    outer loop
      vertex 86.9599 -39.8179 60
      vertex 67.8367 -24.8852 60
      vertex 86.6422 -40.36 60
    endloop
  endfacet
  facet normal -0 0 1
    outer loop
      vertex 66.8801 -25.8801 60
      vertex 86.6422 -40.36 60
      vertex 67.8367 -24.8852 60
    endloop
  endfacet
  facet normal 0 0 1
    outer loop
      vertex 86.6422 -40.36 60
      vertex 66.8801 -25.8801 60
      vertex 86.3035 -40.8891 60
    endloop
  endfacet
  facet normal 0 0 1
    outer loop
      vertex 86.3035 -40.8891 60
      vertex 66.8801 -25.8801 60
      vertex 85.9443 -41.4046 60
    endloop
  endfacet
  facet normal 0 0 1
    outer loop
      vertex 85.9443 -41.4046 60
      vertex 66.8801 -25.8801 60
      vertex 85.5651 -41.9055 60
    endloop
  endfacet
  facet normal 0 0 1
    outer loop
      vertex 85.5651 -41.9055 60
      vertex 66.8801 -25.8801 60
      vertex 85.1665 -42.3912 60
    endloop
  endfacet
  facet normal 0 0 1
    outer loop
      vertex 85.1665 -42.3912 60
      vertex 66.8801 -25.8801 60
      vertex 84.7491 -42.8608 60
    endloop
  endfacet
  facet normal 0 0 1
    outer loop
      vertex 84.7491 -42.8608 60
      vertex 66.8801 -25.8801 60
      vertex 84.3137 -43.3137 60
    endloop
  endfacet
  facet normal 0 0 1
    outer loop
      vertex 84.3137 -43.3137 60
      vertex 66.8801 -25.8801 60
      vertex 83.8608 -43.7491 60
    endloop
  endfacet
  facet normal 0 0 1
    outer loop
      vertex 83.8608 -43.7491 60
      vertex 66.8801 -25.8801 60
      vertex 83.3912 -44.1665 60
    endloop
  endfacet
  facet normal 0 0 1
    outer loop
      vertex 83.3912 -44.1665 60
      vertex 66.8801 -25.8801 60
      vertex 82.9055 -44.5651 60
    endloop
  endfacet
  facet normal 0 0 1
    outer loop
      vertex 82.9055 -44.5651 60
      vertex 66.8801 -25.8801 60
      vertex 82.4046 -44.9443 60
    endloop
  endfacet
  facet normal 0 0 1
    outer loop
      vertex 82.4046 -44.9443 60
      vertex 66.8801 -25.8801 60
      vertex 81.8891 -45.3035 60
    endloop
  endfacet
  facet normal 0 0 1
    outer loop
      vertex 81.8891 -45.3035 60
      vertex 66.8801 -25.8801 60
      vertex 81.36 -45.6422 60
    endloop
  endfacet
  facet normal 0 0 1
    outer loop
      vertex 81.36 -45.6422 60
      vertex 66.8801 -25.8801 60
      vertex 80.8179 -45.9599 60
    endloop
  endfacet
  facet normal -0 0 1
    outer loop
      vertex 65.8851 -26.8367 60
      vertex 80.8179 -45.9599 60
      vertex 66.8801 -25.8801 60
    endloop
  endfacet
  facet normal 0 0 1
    outer loop
      vertex 80.8179 -45.9599 60
      vertex 65.8851 -26.8367 60
      vertex 80.2638 -46.2561 60
    endloop
  endfacet
  facet normal 0 0 1
    outer loop
      vertex 80.2638 -46.2561 60
      vertex 65.8851 -26.8367 60
      vertex 79.6985 -46.5303 60
    endloop
  endfacet
  facet normal 0 0 1
    outer loop
      vertex 79.6985 -46.5303 60
      vertex 65.8851 -26.8367 60
      vertex 79.1229 -46.7821 60
    endloop
  endfacet
  facet normal 0 0 1
    outer loop
      vertex 79.1229 -46.7821 60
      vertex 65.8851 -26.8367 60
      vertex 78.5379 -47.011 60
    endloop
  endfacet
  facet normal 0 0 1
    outer loop
      vertex 78.5379 -47.011 60
      vertex 65.8851 -26.8367 60
      vertex 77.9443 -47.2169 60
    endloop
  endfacet
  facet normal -0 0 1
    outer loop
      vertex 65.8441 -26.8762 60
      vertex 77.9443 -47.2169 60
      vertex 65.8851 -26.8367 60
    endloop
  endfacet
  facet normal 0 0 1
    outer loop
      vertex 77.9443 -47.2169 60
      vertex 65.8441 -26.8762 60
      vertex 77.343 -47.3993 60
    endloop
  endfacet
  facet normal 0 0 1
    outer loop
      vertex 77.343 -47.3993 60
      vertex 65.8441 -26.8762 60
      vertex 76.7351 -47.5579 60
    endloop
  endfacet
  facet normal 0 0 1
    outer loop
      vertex 76.7351 -47.5579 60
      vertex 65.8441 -26.8762 60
      vertex 76.1214 -47.6926 60
    endloop
  endfacet
  facet normal 0 0 1
    outer loop
      vertex 76.1214 -47.6926 60
      vertex 65.8441 -26.8762 60
      vertex 75.5029 -47.803 60
    endloop
  endfacet
  facet normal -0 0 1
    outer loop
      vertex 65.8015 -26.914 60
      vertex 75.5029 -47.803 60
      vertex 65.8441 -26.8762 60
    endloop
  endfacet
  facet normal 0 0 1
    outer loop
      vertex 75.5029 -47.803 60
      vertex 65.8015 -26.914 60
      vertex 74.8806 -47.8891 60
    endloop
  endfacet
  facet normal 0 0 1
    outer loop
      vertex 74.8806 -47.8891 60
      vertex 65.8015 -26.914 60
      vertex 74.2553 -47.9507 60
    endloop
  endfacet
  facet normal 0 0 1
    outer loop
      vertex 74.2553 -47.9507 60
      vertex 65.8015 -26.914 60
      vertex 73.6281 -47.9877 60
    endloop
  endfacet
  facet normal 0 0 1
    outer loop
      vertex 73.6281 -47.9877 60
      vertex 65.8015 -26.914 60
      vertex 73 -48 60
    endloop
  endfacet
  facet normal -0 0 1
    outer loop
      vertex 64.7698 -27.8309 60
      vertex 73 -48 60
      vertex 65.8015 -26.914 60
    endloop
  endfacet
  facet normal -0 0 1
    outer loop
      vertex 64.7258 -27.867 60
      vertex 73 -48 60
      vertex 64.7698 -27.8309 60
    endloop
  endfacet
  facet normal -0 0 1
    outer loop
      vertex 63.6588 -28.7426 60
      vertex 73 -48 60
      vertex 64.7258 -27.867 60
    endloop
  endfacet
  facet normal -0 0 1
    outer loop
      vertex 62.5583 -29.5757 60
      vertex 73 -48 60
      vertex 63.6588 -28.7426 60
    endloop
  endfacet
  facet normal -0 0 1
    outer loop
      vertex 62.5129 -29.61 60
      vertex 73 -48 60
      vertex 62.5583 -29.5757 60
    endloop
  endfacet
  facet normal -0 0 1
    outer loop
      vertex 62.4662 -29.6426 60
      vertex 73 -48 60
      vertex 62.5129 -29.61 60
    endloop
  endfacet
  facet normal -0 0 1
    outer loop
      vertex 61.3339 -30.4318 60
      vertex 73 -48 60
      vertex 62.4662 -29.6426 60
    endloop
  endfacet
  facet normal -0 0 1
    outer loop
      vertex 61.2859 -30.4625 60
      vertex 73 -48 60
      vertex 61.3339 -30.4318 60
    endloop
  endfacet
  facet normal -0 0 1
    outer loop
      vertex 60.1234 -31.2066 60
      vertex 73 -48 60
      vertex 61.2859 -30.4625 60
    endloop
  endfacet
  facet normal -0 0 1
    outer loop
      vertex 58.9327 -31.9046 60
      vertex 73 -48 60
      vertex 60.1234 -31.2066 60
    endloop
  endfacet
  facet normal -0 0 1
    outer loop
      vertex 58.8835 -31.9334 60
      vertex 73 -48 60
      vertex 58.9327 -31.9046 60
    endloop
  endfacet
  facet normal -0 0 1
    outer loop
      vertex 57.6663 -32.584 60
      vertex 73 -48 60
      vertex 58.8835 -31.9334 60
    endloop
  endfacet
  facet normal -0 0 1
    outer loop
      vertex 57.6161 -32.6108 60
      vertex 73 -48 60
      vertex 57.6663 -32.584 60
    endloop
  endfacet
  facet normal -0 0 1
    outer loop
      vertex 57.5648 -32.6357 60
      vertex 73 -48 60
      vertex 57.6161 -32.6108 60
    endloop
  endfacet
  facet normal -0 0 1
    outer loop
      vertex 56.3229 -33.238 60
      vertex 73 -48 60
      vertex 57.5648 -32.6357 60
    endloop
  endfacet
  facet normal -0 0 1
    outer loop
      vertex 56.2708 -33.2609 60
      vertex 73 -48 60
      vertex 56.3229 -33.238 60
    endloop
  endfacet
  facet normal -0 0 1
    outer loop
      vertex 55.0062 -33.814 60
      vertex 73 -48 60
      vertex 56.2708 -33.2609 60
    endloop
  endfacet
  facet normal -0 0 1
    outer loop
      vertex 54.9532 -33.8347 60
      vertex 73 -48 60
      vertex 55.0062 -33.814 60
    endloop
  endfacet
  facet normal -0 0 1
    outer loop
      vertex 53.6679 -34.3378 60
      vertex 73 -48 60
      vertex 54.9532 -33.8347 60
    endloop
  endfacet
  facet normal -0 0 1
    outer loop
      vertex 53.6141 -34.3565 60
      vertex 73 -48 60
      vertex 53.6679 -34.3378 60
    endloop
  endfacet
  facet normal -0 0 1
    outer loop
      vertex 52.31 -34.8087 60
      vertex 73 -48 60
      vertex 53.6141 -34.3565 60
    endloop
  endfacet
  facet normal -0 0 1
    outer loop
      vertex 50.9892 -35.2093 60
      vertex 73 -48 60
      vertex 52.31 -34.8087 60
    endloop
  endfacet
  facet normal -0 0 1
    outer loop
      vertex 50.9347 -35.2259 60
      vertex 73 -48 60
      vertex 50.9892 -35.2093 60
    endloop
  endfacet
  facet normal -0 0 1
    outer loop
      vertex 50.8796 -35.2402 60
      vertex 73 -48 60
      vertex 50.9347 -35.2259 60
    endloop
  endfacet
  facet normal -0 0 1
    outer loop
      vertex 49.5441 -35.5887 60
      vertex 73 -48 60
      vertex 50.8796 -35.2402 60
    endloop
  endfacet
  facet normal -0 0 1
    outer loop
      vertex 49.4885 -35.6009 60
      vertex 73 -48 60
      vertex 49.5441 -35.5887 60
    endloop
  endfacet
  facet normal -0 0 1
    outer loop
      vertex 48.1403 -35.8967 60
      vertex 73 -48 60
      vertex 49.4885 -35.6009 60
    endloop
  endfacet
  facet normal -0 0 1
    outer loop
      vertex 48.0843 -35.9067 60
      vertex 73 -48 60
      vertex 48.1403 -35.8967 60
    endloop
  endfacet
  facet normal -0 0 1
    outer loop
      vertex 46.7255 -36.1494 60
      vertex 73 -48 60
      vertex 48.0843 -35.9067 60
    endloop
  endfacet
  facet normal -0 0 1
    outer loop
      vertex 45.3583 -36.3385 60
      vertex 73 -48 60
      vertex 46.7255 -36.1494 60
    endloop
  endfacet
  facet normal -0 0 1
    outer loop
      vertex 45.3019 -36.3463 60
      vertex 73 -48 60
      vertex 45.3583 -36.3385 60
    endloop
  endfacet
  facet normal -0 0 1
    outer loop
      vertex 45.2452 -36.3519 60
      vertex 73 -48 60
      vertex 45.3019 -36.3463 60
    endloop
  endfacet
  facet normal -0 0 1
    outer loop
      vertex 43.8716 -36.4872 60
      vertex 73 -48 60
      vertex 45.2452 -36.3519 60
    endloop
  endfacet
  facet normal -0 0 1
    outer loop
      vertex 42.4937 -36.5684 60
      vertex 73 -48 60
      vertex 43.8716 -36.4872 60
    endloop
  endfacet
  facet normal -0 0 1
    outer loop
      vertex 42.4369 -36.5718 60
      vertex 73 -48 60
      vertex 42.4937 -36.5684 60
    endloop
  endfacet
  facet normal -0 0 1
    outer loop
      vertex 42.38 -36.5729 60
      vertex 73 -48 60
      vertex 42.4369 -36.5718 60
    endloop
  endfacet
  facet normal -0 0 1
    outer loop
      vertex 41 -36.6 60
      vertex 73 -48 60
      vertex 42.38 -36.5729 60
    endloop
  endfacet
  facet normal 0 0 1
    outer loop
      vertex 39.62 -36.5729 60
      vertex 73 -48 60
      vertex 41 -36.6 60
    endloop
  endfacet
  facet normal 0 0 1
    outer loop
      vertex 39.5631 -36.5718 60
      vertex 73 -48 60
      vertex 39.62 -36.5729 60
    endloop
  endfacet
  facet normal 0 0 1
    outer loop
      vertex 39.5063 -36.5684 60
      vertex 73 -48 60
      vertex 39.5631 -36.5718 60
    endloop
  endfacet
  facet normal 0 0 1
    outer loop
      vertex 38.1284 -36.4872 60
      vertex 73 -48 60
      vertex 39.5063 -36.5684 60
    endloop
  endfacet
  facet normal 0 0 1
    outer loop
      vertex 36.7548 -36.3519 60
      vertex 73 -48 60
      vertex 38.1284 -36.4872 60
    endloop
  endfacet
  facet normal 0 0 1
    outer loop
      vertex 36.6981 -36.3463 60
      vertex 73 -48 60
      vertex 36.7548 -36.3519 60
    endloop
  endfacet
  facet normal 0 0 1
    outer loop
      vertex 36.6417 -36.3385 60
      vertex 73 -48 60
      vertex 36.6981 -36.3463 60
    endloop
  endfacet
  facet normal 0 0 1
    outer loop
      vertex 35.2745 -36.1494 60
      vertex 73 -48 60
      vertex 36.6417 -36.3385 60
    endloop
  endfacet
  facet normal 0 0 1
    outer loop
      vertex 33.9157 -35.9067 60
      vertex 73 -48 60
      vertex 35.2745 -36.1494 60
    endloop
  endfacet
  facet normal 0 0 1
    outer loop
      vertex 33.8597 -35.8967 60
      vertex 73 -48 60
      vertex 33.9157 -35.9067 60
    endloop
  endfacet
  facet normal 0 0 1
    outer loop
      vertex -33.8597 -35.8967 60
      vertex 33.8597 -35.8967 60
      vertex 32.5115 -35.6009 60
    endloop
  endfacet
  facet normal 0 0 1
    outer loop
      vertex -33.8597 -35.8967 60
      vertex 32.5115 -35.6009 60
      vertex 32.4559 -35.5887 60
    endloop
  endfacet
  facet normal 0 0 1
    outer loop
      vertex -32.4559 -35.5887 60
      vertex 32.4559 -35.5887 60
      vertex 31.1204 -35.2402 60
    endloop
  endfacet
  facet normal 0 0 1
    outer loop
      vertex -32.4559 -35.5887 60
      vertex 31.1204 -35.2402 60
      vertex 31.0653 -35.2259 60
    endloop
  endfacet
  facet normal 0 0 1
    outer loop
      vertex -31.0653 -35.2259 60
      vertex 31.0653 -35.2259 60
      vertex 31.0108 -35.2093 60
    endloop
  endfacet
  facet normal 0 0 1
    outer loop
      vertex -31.0653 -35.2259 60
      vertex 31.0108 -35.2093 60
      vertex 29.69 -34.8087 60
    endloop
  endfacet
  facet normal 0 0 -1
    outer loop
      vertex 28.3321 -34.3378 60
      vertex 29.69 -34.8087 60
      vertex 28.3859 -34.3565 60
    endloop
  endfacet
  facet normal 0 0 1
    outer loop
      vertex -25.7292 -33.2609 60
      vertex 25.7292 -33.2609 60
      vertex 25.6771 -33.238 60
    endloop
  endfacet
  facet normal 0 0 1
    outer loop
      vertex -24.4352 -32.6357 60
      vertex 24.4352 -32.6357 60
      vertex 24.3839 -32.6108 60
    endloop
  endfacet
  facet normal -0 0 1
    outer loop
      vertex -21.8766 -31.2066 60
      vertex 23.0673 -31.9046 60
      vertex 21.8766 -31.2066 60
    endloop
  endfacet
  facet normal 0 0 1
    outer loop
      vertex -16.1985 -26.914 60
      vertex 16.1985 -26.914 60
      vertex 16.1559 -26.8762 60
    endloop
  endfacet
  facet normal -0 0 1
    outer loop
      vertex -15.1199 -25.8801 60
      vertex 16.1148 -26.8367 60
      vertex 15.1199 -25.8801 60
    endloop
  endfacet
  facet normal -0 0 1
    outer loop
      vertex -12.2574 -22.6588 60
      vertex 13.133 -23.7258 60
      vertex 12.2574 -22.6588 60
    endloop
  endfacet
  facet normal 0 0 1
    outer loop
      vertex -11.4243 -21.5583 60
      vertex 11.4243 -21.5583 60
      vertex 11.39 -21.5129 60
    endloop
  endfacet
  facet normal -0 0 1
    outer loop
      vertex -10.5682 -20.3339 60
      vertex 11.3574 -21.4662 60
      vertex 10.5682 -20.3339 60
    endloop
  endfacet
  facet normal 0 0 1
    outer loop
      vertex -9.09544 -17.9327 60
      vertex 9.09544 -17.9327 60
      vertex 9.06665 -17.8835 60
    endloop
  endfacet
  facet normal -0 0 1
    outer loop
      vertex -7.76196 -15.3229 60
      vertex 8.36431 -16.5648 60
      vertex 7.76196 -15.3229 60
    endloop
  endfacet
  facet normal -0 0 1
    outer loop
      vertex -6.6622 -12.6679 60
      vertex 7.16526 -13.9532 60
      vertex 6.6622 -12.6679 60
    endloop
  endfacet
  facet normal 0 0 1
    outer loop
      vertex -5.79067 -9.98921 60
      vertex 5.79067 -9.98921 60
      vertex 5.77414 -9.93472 60
    endloop
  endfacet
  facet normal -0 0 1
    outer loop
      vertex -5.41126 -8.5441 60
      vertex 5.75976 -9.87963 60
      vertex 5.41126 -8.5441 60
    endloop
  endfacet
  facet normal -0 0 1
    outer loop
      vertex -4.85061 -5.7255 60
      vertex 5.09325 -7.08425 60
      vertex 4.85061 -5.7255 60
    endloop
  endfacet
  facet normal 0 0 1
    outer loop
      vertex -4.43157 -1.49375 60
      vertex 4.43157 -1.49375 60
      vertex 4.42822 -1.43691 60
    endloop
  endfacet
  facet normal -0 0 1
    outer loop
      vertex -4.4 0 60
      vertex 4.4271 -1.37998 60
      vertex 4.4 0 60
    endloop
  endfacet
  facet normal 0 0 1
    outer loop
      vertex -4.4271 -1.37998 60
      vertex 4.4271 -1.37998 60
      vertex -4.4 0 60
    endloop
  endfacet
  facet normal 0 0 1
    outer loop
      vertex 4.4271 -1.37998 60
      vertex -4.4271 -1.37998 60
      vertex 4.42822 -1.43691 60
    endloop
  endfacet
  facet normal 0 0 1
    outer loop
      vertex -4.42822 -1.43691 60
      vertex 4.42822 -1.43691 60
      vertex -4.4271 -1.37998 60
    endloop
  endfacet
  facet normal 0 0 1
    outer loop
      vertex -4.43157 -1.49375 60
      vertex 4.42822 -1.43691 60
      vertex -4.42822 -1.43691 60
    endloop
  endfacet
  facet normal 0 0 1
    outer loop
      vertex 4.43157 -1.49375 60
      vertex -4.43157 -1.49375 60
      vertex 4.51283 -2.8716 60
    endloop
  endfacet
  facet normal 0 0 1
    outer loop
      vertex -4.51283 -2.8716 60
      vertex 4.51283 -2.8716 60
      vertex -4.43157 -1.49375 60
    endloop
  endfacet
  facet normal 0 0 1
    outer loop
      vertex 4.51283 -2.8716 60
      vertex -4.51283 -2.8716 60
      vertex 4.64811 -4.2452 60
    endloop
  endfacet
  facet normal 0 0 1
    outer loop
      vertex -4.64811 -4.2452 60
      vertex 4.64811 -4.2452 60
      vertex -4.51283 -2.8716 60
    endloop
  endfacet
  facet normal 0 0 1
    outer loop
      vertex 4.64811 -4.2452 60
      vertex -4.64811 -4.2452 60
      vertex 4.65369 -4.30187 60
    endloop
  endfacet
  facet normal 0 0 1
    outer loop
      vertex -4.65369 -4.30187 60
      vertex 4.65369 -4.30187 60
      vertex -4.64811 -4.2452 60
    endloop
  endfacet
  facet normal 0 0 1
    outer loop
      vertex 4.65369 -4.30187 60
      vertex -4.65369 -4.30187 60
      vertex 4.6615 -4.35827 60
    endloop
  endfacet
  facet normal 0 0 1
    outer loop
      vertex -4.6615 -4.35827 60
      vertex 4.6615 -4.35827 60
      vertex -4.65369 -4.30187 60
    endloop
  endfacet
  facet normal 0 0 1
    outer loop
      vertex 4.6615 -4.35827 60
      vertex -4.6615 -4.35827 60
      vertex 4.85061 -5.7255 60
    endloop
  endfacet
  facet normal 0 0 1
    outer loop
      vertex -4.85061 -5.7255 60
      vertex 4.85061 -5.7255 60
      vertex -4.6615 -4.35827 60
    endloop
  endfacet
  facet normal 0 0 1
    outer loop
      vertex -5.09325 -7.08425 60
      vertex 5.09325 -7.08425 60
      vertex -4.85061 -5.7255 60
    endloop
  endfacet
  facet normal 0 0 1
    outer loop
      vertex 5.09325 -7.08425 60
      vertex -5.09325 -7.08425 60
      vertex 5.10326 -7.14031 60
    endloop
  endfacet
  facet normal 0 0 1
    outer loop
      vertex -5.10326 -7.14031 60
      vertex 5.10326 -7.14031 60
      vertex -5.09325 -7.08425 60
    endloop
  endfacet
  facet normal 0 0 1
    outer loop
      vertex 5.10326 -7.14031 60
      vertex -5.10326 -7.14031 60
      vertex 5.39906 -8.48849 60
    endloop
  endfacet
  facet normal 0 0 1
    outer loop
      vertex -5.39906 -8.48849 60
      vertex 5.39906 -8.48849 60
      vertex -5.10326 -7.14031 60
    endloop
  endfacet
  facet normal 0 0 1
    outer loop
      vertex 5.39906 -8.48849 60
      vertex -5.39906 -8.48849 60
      vertex 5.41126 -8.5441 60
    endloop
  endfacet
  facet normal 0 0 1
    outer loop
      vertex -5.41126 -8.5441 60
      vertex 5.41126 -8.5441 60
      vertex -5.39906 -8.48849 60
    endloop
  endfacet
  facet normal 0 0 1
    outer loop
      vertex -5.75976 -9.87963 60
      vertex 5.75976 -9.87963 60
      vertex -5.41126 -8.5441 60
    endloop
  endfacet
  facet normal 0 0 1
    outer loop
      vertex 5.75976 -9.87963 60
      vertex -5.75976 -9.87963 60
      vertex 5.77414 -9.93472 60
    endloop
  endfacet
  facet normal 0 0 1
    outer loop
      vertex -5.77414 -9.93472 60
      vertex 5.77414 -9.93472 60
      vertex -5.75976 -9.87963 60
    endloop
  endfacet
  facet normal 0 0 1
    outer loop
      vertex -5.79067 -9.98921 60
      vertex 5.77414 -9.93472 60
      vertex -5.77414 -9.93472 60
    endloop
  endfacet
  facet normal 0 0 1
    outer loop
      vertex 5.79067 -9.98921 60
      vertex -5.79067 -9.98921 60
      vertex 6.19133 -11.31 60
    endloop
  endfacet
  facet normal 0 0 1
    outer loop
      vertex -6.19133 -11.31 60
      vertex 6.19133 -11.31 60
      vertex -5.79067 -9.98921 60
    endloop
  endfacet
  facet normal 0 0 1
    outer loop
      vertex 6.19133 -11.31 60
      vertex -6.19133 -11.31 60
      vertex 6.64354 -12.6141 60
    endloop
  endfacet
  facet normal 0 0 1
    outer loop
      vertex -6.64354 -12.6141 60
      vertex 6.64354 -12.6141 60
      vertex -6.19133 -11.31 60
    endloop
  endfacet
  facet normal 0 0 1
    outer loop
      vertex 6.64354 -12.6141 60
      vertex -6.64354 -12.6141 60
      vertex 6.6622 -12.6679 60
    endloop
  endfacet
  facet normal 0 0 1
    outer loop
      vertex -6.6622 -12.6679 60
      vertex 6.6622 -12.6679 60
      vertex -6.64354 -12.6141 60
    endloop
  endfacet
  facet normal 0 0 1
    outer loop
      vertex -7.16526 -13.9532 60
      vertex 7.16526 -13.9532 60
      vertex -6.6622 -12.6679 60
    endloop
  endfacet
  facet normal 0 0 1
    outer loop
      vertex 7.16526 -13.9532 60
      vertex -7.16526 -13.9532 60
      vertex 7.18601 -14.0062 60
    endloop
  endfacet
  facet normal 0 0 1
    outer loop
      vertex -7.18601 -14.0062 60
      vertex 7.18601 -14.0062 60
      vertex -7.16526 -13.9532 60
    endloop
  endfacet
  facet normal 0 0 1
    outer loop
      vertex 7.18601 -14.0062 60
      vertex -7.18601 -14.0062 60
      vertex 7.73914 -15.2708 60
    endloop
  endfacet
  facet normal 0 0 1
    outer loop
      vertex -7.73914 -15.2708 60
      vertex 7.73914 -15.2708 60
      vertex -7.18601 -14.0062 60
    endloop
  endfacet
  facet normal 0 0 1
    outer loop
      vertex 7.73914 -15.2708 60
      vertex -7.73914 -15.2708 60
      vertex 7.76196 -15.3229 60
    endloop
  endfacet
  facet normal 0 0 1
    outer loop
      vertex -7.76196 -15.3229 60
      vertex 7.76196 -15.3229 60
      vertex -7.73914 -15.2708 60
    endloop
  endfacet
  facet normal 0 0 1
    outer loop
      vertex -8.36431 -16.5648 60
      vertex 8.36431 -16.5648 60
      vertex -7.76196 -15.3229 60
    endloop
  endfacet
  facet normal 0 0 1
    outer loop
      vertex 8.36431 -16.5648 60
      vertex -8.36431 -16.5648 60
      vertex 8.38916 -16.6161 60
    endloop
  endfacet
  facet normal 0 0 1
    outer loop
      vertex -8.38916 -16.6161 60
      vertex 8.38916 -16.6161 60
      vertex -8.36431 -16.5648 60
    endloop
  endfacet
  facet normal 0 0 1
    outer loop
      vertex 8.38916 -16.6161 60
      vertex -8.38916 -16.6161 60
      vertex 8.416 -16.6663 60
    endloop
  endfacet
  facet normal 0 0 1
    outer loop
      vertex -8.416 -16.6663 60
      vertex 8.416 -16.6663 60
      vertex -8.38916 -16.6161 60
    endloop
  endfacet
  facet normal 0 0 1
    outer loop
      vertex 8.416 -16.6663 60
      vertex -8.416 -16.6663 60
      vertex 9.06665 -17.8835 60
    endloop
  endfacet
  facet normal 0 0 1
    outer loop
      vertex -9.06665 -17.8835 60
      vertex 9.06665 -17.8835 60
      vertex -8.416 -16.6663 60
    endloop
  endfacet
  facet normal 0 0 1
    outer loop
      vertex -9.09544 -17.9327 60
      vertex 9.06665 -17.8835 60
      vertex -9.06665 -17.8835 60
    endloop
  endfacet
  facet normal 0 0 1
    outer loop
      vertex 9.09544 -17.9327 60
      vertex -9.09544 -17.9327 60
      vertex 9.79337 -19.1234 60
    endloop
  endfacet
  facet normal 0 0 1
    outer loop
      vertex -9.79337 -19.1234 60
      vertex 9.79337 -19.1234 60
      vertex -9.09544 -17.9327 60
    endloop
  endfacet
  facet normal 0 0 1
    outer loop
      vertex 9.79337 -19.1234 60
      vertex -9.79337 -19.1234 60
      vertex 10.5375 -20.2859 60
    endloop
  endfacet
  facet normal 0 0 1
    outer loop
      vertex -10.5375 -20.2859 60
      vertex 10.5375 -20.2859 60
      vertex -9.79337 -19.1234 60
    endloop
  endfacet
  facet normal 0 0 1
    outer loop
      vertex 10.5375 -20.2859 60
      vertex -10.5375 -20.2859 60
      vertex 10.5682 -20.3339 60
    endloop
  endfacet
  facet normal 0 0 1
    outer loop
      vertex -10.5682 -20.3339 60
      vertex 10.5682 -20.3339 60
      vertex -10.5375 -20.2859 60
    endloop
  endfacet
  facet normal 0 0 1
    outer loop
      vertex -11.3574 -21.4662 60
      vertex 11.3574 -21.4662 60
      vertex -10.5682 -20.3339 60
    endloop
  endfacet
  facet normal 0 0 1
    outer loop
      vertex 11.3574 -21.4662 60
      vertex -11.3574 -21.4662 60
      vertex 11.39 -21.5129 60
    endloop
  endfacet
  facet normal 0 0 1
    outer loop
      vertex -11.39 -21.5129 60
      vertex 11.39 -21.5129 60
      vertex -11.3574 -21.4662 60
    endloop
  endfacet
  facet normal 0 0 1
    outer loop
      vertex -11.4243 -21.5583 60
      vertex 11.39 -21.5129 60
      vertex -11.39 -21.5129 60
    endloop
  endfacet
  facet normal 0 0 1
    outer loop
      vertex 11.4243 -21.5583 60
      vertex -11.4243 -21.5583 60
      vertex 12.2574 -22.6588 60
    endloop
  endfacet
  facet normal 0 0 1
    outer loop
      vertex -12.2574 -22.6588 60
      vertex 12.2574 -22.6588 60
      vertex -11.4243 -21.5583 60
    endloop
  endfacet
  facet normal 0 0 1
    outer loop
      vertex -13.133 -23.7258 60
      vertex 13.133 -23.7258 60
      vertex -12.2574 -22.6588 60
    endloop
  endfacet
  facet normal 0 0 1
    outer loop
      vertex 13.133 -23.7258 60
      vertex -13.133 -23.7258 60
      vertex 13.1691 -23.7698 60
    endloop
  endfacet
  facet normal 0 0 1
    outer loop
      vertex -13.1691 -23.7698 60
      vertex 13.1691 -23.7698 60
      vertex -13.133 -23.7258 60
    endloop
  endfacet
  facet normal 0 0 1
    outer loop
      vertex 13.1691 -23.7698 60
      vertex -13.1691 -23.7698 60
      vertex 14.086 -24.8015 60
    endloop
  endfacet
  facet normal 0 0 1
    outer loop
      vertex -14.086 -24.8015 60
      vertex 14.086 -24.8015 60
      vertex -13.1691 -23.7698 60
    endloop
  endfacet
  facet normal 0 0 1
    outer loop
      vertex 14.086 -24.8015 60
      vertex -14.086 -24.8015 60
      vertex 14.1238 -24.8441 60
    endloop
  endfacet
  facet normal 0 0 1
    outer loop
      vertex -14.1238 -24.8441 60
      vertex 14.1238 -24.8441 60
      vertex -14.086 -24.8015 60
    endloop
  endfacet
  facet normal 0 0 1
    outer loop
      vertex 14.1238 -24.8441 60
      vertex -14.1238 -24.8441 60
      vertex 14.1633 -24.8852 60
    endloop
  endfacet
  facet normal 0 0 1
    outer loop
      vertex -14.1633 -24.8852 60
      vertex 14.1633 -24.8852 60
      vertex -14.1238 -24.8441 60
    endloop
  endfacet
  facet normal 0 0 1
    outer loop
      vertex 14.1633 -24.8852 60
      vertex -14.1633 -24.8852 60
      vertex 15.1199 -25.8801 60
    endloop
  endfacet
  facet normal 0 0 1
    outer loop
      vertex -15.1199 -25.8801 60
      vertex 15.1199 -25.8801 60
      vertex -14.1633 -24.8852 60
    endloop
  endfacet
  facet normal 0 0 1
    outer loop
      vertex -16.1148 -26.8367 60
      vertex 16.1148 -26.8367 60
      vertex -15.1199 -25.8801 60
    endloop
  endfacet
  facet normal 0 0 1
    outer loop
      vertex 16.1148 -26.8367 60
      vertex -16.1148 -26.8367 60
      vertex 16.1559 -26.8762 60
    endloop
  endfacet
  facet normal 0 0 1
    outer loop
      vertex -16.1559 -26.8762 60
      vertex 16.1559 -26.8762 60
      vertex -16.1148 -26.8367 60
    endloop
  endfacet
  facet normal 0 0 1
    outer loop
      vertex -16.1985 -26.914 60
      vertex 16.1559 -26.8762 60
      vertex -16.1559 -26.8762 60
    endloop
  endfacet
  facet normal 0 0 1
    outer loop
      vertex 16.1985 -26.914 60
      vertex -16.1985 -26.914 60
      vertex 17.2302 -27.8309 60
    endloop
  endfacet
  facet normal 0 0 1
    outer loop
      vertex -17.2302 -27.8309 60
      vertex 17.2302 -27.8309 60
      vertex -16.1985 -26.914 60
    endloop
  endfacet
  facet normal 0 0 1
    outer loop
      vertex 17.2302 -27.8309 60
      vertex -17.2302 -27.8309 60
      vertex 17.2742 -27.867 60
    endloop
  endfacet
  facet normal 0 0 1
    outer loop
      vertex -17.2742 -27.867 60
      vertex 17.2742 -27.867 60
      vertex -17.2302 -27.8309 60
    endloop
  endfacet
  facet normal 0 0 1
    outer loop
      vertex 17.2742 -27.867 60
      vertex -17.2742 -27.867 60
      vertex 18.3412 -28.7426 60
    endloop
  endfacet
  facet normal 0 0 1
    outer loop
      vertex -18.3412 -28.7426 60
      vertex 18.3412 -28.7426 60
      vertex -17.2742 -27.867 60
    endloop
  endfacet
  facet normal 0 0 1
    outer loop
      vertex 18.3412 -28.7426 60
      vertex -18.3412 -28.7426 60
      vertex 19.4417 -29.5757 60
    endloop
  endfacet
  facet normal 0 0 1
    outer loop
      vertex -19.4417 -29.5757 60
      vertex 19.4417 -29.5757 60
      vertex -18.3412 -28.7426 60
    endloop
  endfacet
  facet normal 0 0 1
    outer loop
      vertex 19.4417 -29.5757 60
      vertex -19.4417 -29.5757 60
      vertex 19.4871 -29.61 60
    endloop
  endfacet
  facet normal 0 0 1
    outer loop
      vertex -19.4871 -29.61 60
      vertex 19.4871 -29.61 60
      vertex -19.4417 -29.5757 60
    endloop
  endfacet
  facet normal 0 0 1
    outer loop
      vertex 19.4871 -29.61 60
      vertex -19.4871 -29.61 60
      vertex 19.5338 -29.6426 60
    endloop
  endfacet
  facet normal 0 0 1
    outer loop
      vertex -19.5338 -29.6426 60
      vertex 19.5338 -29.6426 60
      vertex -19.4871 -29.61 60
    endloop
  endfacet
  facet normal 0 0 1
    outer loop
      vertex 19.5338 -29.6426 60
      vertex -19.5338 -29.6426 60
      vertex 20.6661 -30.4318 60
    endloop
  endfacet
  facet normal 0 0 1
    outer loop
      vertex -20.6661 -30.4318 60
      vertex 20.6661 -30.4318 60
      vertex -19.5338 -29.6426 60
    endloop
  endfacet
  facet normal 0 0 1
    outer loop
      vertex 20.6661 -30.4318 60
      vertex -20.6661 -30.4318 60
      vertex 20.7141 -30.4625 60
    endloop
  endfacet
  facet normal 0 0 1
    outer loop
      vertex -20.7141 -30.4625 60
      vertex 20.7141 -30.4625 60
      vertex -20.6661 -30.4318 60
    endloop
  endfacet
  facet normal 0 0 1
    outer loop
      vertex 20.7141 -30.4625 60
      vertex -20.7141 -30.4625 60
      vertex 21.8766 -31.2066 60
    endloop
  endfacet
  facet normal 0 0 1
    outer loop
      vertex -21.8766 -31.2066 60
      vertex 21.8766 -31.2066 60
      vertex -20.7141 -30.4625 60
    endloop
  endfacet
  facet normal 0 0 1
    outer loop
      vertex -23.0673 -31.9046 60
      vertex 23.0673 -31.9046 60
      vertex -21.8766 -31.2066 60
    endloop
  endfacet
  facet normal 0 0 1
    outer loop
      vertex 23.0673 -31.9046 60
      vertex -23.0673 -31.9046 60
      vertex 23.1165 -31.9334 60
    endloop
  endfacet
  facet normal 0 0 1
    outer loop
      vertex -23.1165 -31.9334 60
      vertex 23.1165 -31.9334 60
      vertex -23.0673 -31.9046 60
    endloop
  endfacet
  facet normal 0 0 1
    outer loop
      vertex 23.1165 -31.9334 60
      vertex -23.1165 -31.9334 60
      vertex 24.3337 -32.584 60
    endloop
  endfacet
  facet normal 0 0 1
    outer loop
      vertex -24.3337 -32.584 60
      vertex 24.3337 -32.584 60
      vertex -23.1165 -31.9334 60
    endloop
  endfacet
  facet normal 0 0 1
    outer loop
      vertex 24.3337 -32.584 60
      vertex -24.3337 -32.584 60
      vertex 24.3839 -32.6108 60
    endloop
  endfacet
  facet normal 0 0 1
    outer loop
      vertex -24.3839 -32.6108 60
      vertex 24.3839 -32.6108 60
      vertex -24.3337 -32.584 60
    endloop
  endfacet
  facet normal 0 0 1
    outer loop
      vertex -24.4352 -32.6357 60
      vertex 24.3839 -32.6108 60
      vertex -24.3839 -32.6108 60
    endloop
  endfacet
  facet normal 0 0 1
    outer loop
      vertex 24.4352 -32.6357 60
      vertex -24.4352 -32.6357 60
      vertex 25.6771 -33.238 60
    endloop
  endfacet
  facet normal 0 0 1
    outer loop
      vertex -25.6771 -33.238 60
      vertex 25.6771 -33.238 60
      vertex -24.4352 -32.6357 60
    endloop
  endfacet
  facet normal 0 0 1
    outer loop
      vertex -25.7292 -33.2609 60
      vertex 25.6771 -33.238 60
      vertex -25.6771 -33.238 60
    endloop
  endfacet
  facet normal 0 0 1
    outer loop
      vertex 25.7292 -33.2609 60
      vertex -25.7292 -33.2609 60
      vertex 26.9938 -33.814 60
    endloop
  endfacet
  facet normal 0 0 1
    outer loop
      vertex -26.9938 -33.814 60
      vertex 26.9938 -33.814 60
      vertex -25.7292 -33.2609 60
    endloop
  endfacet
  facet normal 0 0 1
    outer loop
      vertex 26.9938 -33.814 60
      vertex -26.9938 -33.814 60
      vertex 27.0468 -33.8347 60
    endloop
  endfacet
  facet normal 0 0 1
    outer loop
      vertex 27.0468 -33.8347 60
      vertex -26.9938 -33.814 60
      vertex 28.3321 -34.3378 60
    endloop
  endfacet
  facet normal -0 0 1
    outer loop
      vertex -27.0468 -33.8347 60
      vertex 28.3321 -34.3378 60
      vertex -26.9938 -33.814 60
    endloop
  endfacet
  facet normal 0 0 1
    outer loop
      vertex -28.3321 -34.3378 60
      vertex 28.3321 -34.3378 60
      vertex -27.0468 -33.8347 60
    endloop
  endfacet
  facet normal 0 0 1
    outer loop
      vertex 28.3321 -34.3378 60
      vertex -28.3321 -34.3378 60
      vertex 29.69 -34.8087 60
    endloop
  endfacet
  facet normal -0 0 1
    outer loop
      vertex -28.3859 -34.3565 60
      vertex 29.69 -34.8087 60
      vertex -28.3321 -34.3378 60
    endloop
  endfacet
  facet normal 0 0 1
    outer loop
      vertex -29.69 -34.8087 60
      vertex 29.69 -34.8087 60
      vertex -28.3859 -34.3565 60
    endloop
  endfacet
  facet normal 0 0 1
    outer loop
      vertex -31.0108 -35.2093 60
      vertex 29.69 -34.8087 60
      vertex -29.69 -34.8087 60
    endloop
  endfacet
  facet normal 0 0 1
    outer loop
      vertex -31.0653 -35.2259 60
      vertex 29.69 -34.8087 60
      vertex -31.0108 -35.2093 60
    endloop
  endfacet
  facet normal 0 0 1
    outer loop
      vertex 31.0653 -35.2259 60
      vertex -31.0653 -35.2259 60
      vertex -31.1204 -35.2402 60
    endloop
  endfacet
  facet normal 0 0 1
    outer loop
      vertex 31.0653 -35.2259 60
      vertex -31.1204 -35.2402 60
      vertex -32.4559 -35.5887 60
    endloop
  endfacet
  facet normal 0 0 1
    outer loop
      vertex 32.4559 -35.5887 60
      vertex -32.4559 -35.5887 60
      vertex -32.5115 -35.6009 60
    endloop
  endfacet
  facet normal 0 0 1
    outer loop
      vertex 32.4559 -35.5887 60
      vertex -32.5115 -35.6009 60
      vertex -33.8597 -35.8967 60
    endloop
  endfacet
  facet normal 0 0 1
    outer loop
      vertex 33.8597 -35.8967 60
      vertex -33.8597 -35.8967 60
      vertex 73 -48 60
    endloop
  endfacet
  facet normal 0 0 1
    outer loop
      vertex -73 -48 60
      vertex -33.8597 -35.8967 60
      vertex -33.9157 -35.9067 60
    endloop
  endfacet
  facet normal 0 0 1
    outer loop
      vertex -73 -48 60
      vertex -33.9157 -35.9067 60
      vertex -35.2745 -36.1494 60
    endloop
  endfacet
  facet normal 0 0 1
    outer loop
      vertex -73 -48 60
      vertex -35.2745 -36.1494 60
      vertex -36.6417 -36.3385 60
    endloop
  endfacet
  facet normal 0 0 1
    outer loop
      vertex -73 -48 60
      vertex -36.6417 -36.3385 60
      vertex -36.6981 -36.3463 60
    endloop
  endfacet
  facet normal 0 0 1
    outer loop
      vertex -73 -48 60
      vertex -36.6981 -36.3463 60
      vertex -36.7548 -36.3519 60
    endloop
  endfacet
  facet normal 0 0 1
    outer loop
      vertex -73 -48 60
      vertex -36.7548 -36.3519 60
      vertex -38.1284 -36.4872 60
    endloop
  endfacet
  facet normal 0 0 1
    outer loop
      vertex -73 -48 60
      vertex -38.1284 -36.4872 60
      vertex -39.5063 -36.5684 60
    endloop
  endfacet
  facet normal 0 0 1
    outer loop
      vertex -73 -48 60
      vertex -39.5063 -36.5684 60
      vertex -39.5631 -36.5718 60
    endloop
  endfacet
  facet normal 0 0 1
    outer loop
      vertex -73 -48 60
      vertex -39.5631 -36.5718 60
      vertex -39.62 -36.5729 60
    endloop
  endfacet
  facet normal 0 0 1
    outer loop
      vertex -73 -48 60
      vertex -39.62 -36.5729 60
      vertex -41 -36.6 60
    endloop
  endfacet
  facet normal 0 0 1
    outer loop
      vertex -73 -48 60
      vertex -41 -36.6 60
      vertex -42.38 -36.5729 60
    endloop
  endfacet
  facet normal 0 0 1
    outer loop
      vertex -73 -48 60
      vertex -42.38 -36.5729 60
      vertex -42.4369 -36.5718 60
    endloop
  endfacet
  facet normal 0 0 1
    outer loop
      vertex -73 -48 60
      vertex -42.4369 -36.5718 60
      vertex -42.4937 -36.5684 60
    endloop
  endfacet
  facet normal 0 0 1
    outer loop
      vertex -73 -48 60
      vertex -42.4937 -36.5684 60
      vertex -43.8716 -36.4872 60
    endloop
  endfacet
  facet normal 0 0 1
    outer loop
      vertex -73 -48 60
      vertex -43.8716 -36.4872 60
      vertex -45.2452 -36.3519 60
    endloop
  endfacet
  facet normal 0 0 1
    outer loop
      vertex -73 -48 60
      vertex -45.2452 -36.3519 60
      vertex -45.3019 -36.3463 60
    endloop
  endfacet
  facet normal 0 0 1
    outer loop
      vertex -73 -48 60
      vertex -53.6141 -34.3565 60
      vertex -53.6679 -34.3378 60
    endloop
  endfacet
  facet normal 0 0 1
    outer loop
      vertex -73 -48 60
      vertex -56.2708 -33.2609 60
      vertex -56.3229 -33.238 60
    endloop
  endfacet
  facet normal 0 0 1
    outer loop
      vertex -73 -48 60
      vertex -57.5648 -32.6357 60
      vertex -57.6161 -32.6108 60
    endloop
  endfacet
  facet normal 0 0 1
    outer loop
      vertex -73 -48 60
      vertex -58.9327 -31.9046 60
      vertex -60.1234 -31.2066 60
    endloop
  endfacet
  facet normal 0 0 1
    outer loop
      vertex -73 -48 60
      vertex -61.2859 -30.4625 60
      vertex -61.3339 -30.4318 60
    endloop
  endfacet
  facet normal 0 0 1
    outer loop
      vertex -73 -48 60
      vertex -64.7258 -27.867 60
      vertex -64.7698 -27.8309 60
    endloop
  endfacet
  facet normal 0 0 1
    outer loop
      vertex -75.5029 -47.803 60
      vertex -65.8015 -26.914 60
      vertex -65.8441 -26.8762 60
    endloop
  endfacet
  facet normal 0 0 1
    outer loop
      vertex -80.8179 -45.9599 60
      vertex -65.8851 -26.8367 60
      vertex -66.8801 -25.8801 60
    endloop
  endfacet
  facet normal 0 0 1
    outer loop
      vertex -87.7821 -38.1229 60
      vertex -67.8367 -24.8852 60
      vertex -67.8762 -24.8441 60
    endloop
  endfacet
  facet normal 0 0 1
    outer loop
      vertex -88.9877 -32.6281 60
      vertex -67.914 -24.8015 60
      vertex -68.8309 -23.7698 60
    endloop
  endfacet
  facet normal 0 0 1
    outer loop
      vertex -89 -32 60
      vertex -70.5757 -21.5583 60
      vertex -70.61 -21.5129 60
    endloop
  endfacet
  facet normal 0 0 1
    outer loop
      vertex -89 -32 60
      vertex -70.6426 -21.4662 60
      vertex -71.4318 -20.3339 60
    endloop
  endfacet
  facet normal 0 0 1
    outer loop
      vertex -33.8597 -35.8967 60
      vertex -73 -48 60
      vertex 73 -48 60
    endloop
  endfacet
  facet normal 0 0 1
    outer loop
      vertex -45.3583 -36.3385 60
      vertex -73 -48 60
      vertex -45.3019 -36.3463 60
    endloop
  endfacet
  facet normal 0 0 1
    outer loop
      vertex -46.7255 -36.1494 60
      vertex -73 -48 60
      vertex -45.3583 -36.3385 60
    endloop
  endfacet
  facet normal 0 0 1
    outer loop
      vertex -48.0843 -35.9067 60
      vertex -73 -48 60
      vertex -46.7255 -36.1494 60
    endloop
  endfacet
  facet normal 0 0 1
    outer loop
      vertex -48.1403 -35.8967 60
      vertex -73 -48 60
      vertex -48.0843 -35.9067 60
    endloop
  endfacet
  facet normal 0 0 1
    outer loop
      vertex -49.4885 -35.6009 60
      vertex -73 -48 60
      vertex -48.1403 -35.8967 60
    endloop
  endfacet
  facet normal 0 0 1
    outer loop
      vertex -49.5441 -35.5887 60
      vertex -73 -48 60
      vertex -49.4885 -35.6009 60
    endloop
  endfacet
  facet normal 0 0 1
    outer loop
      vertex -50.8796 -35.2402 60
      vertex -73 -48 60
      vertex -49.5441 -35.5887 60
    endloop
  endfacet
  facet normal 0 0 1
    outer loop
      vertex -50.9347 -35.2259 60
      vertex -73 -48 60
      vertex -50.8796 -35.2402 60
    endloop
  endfacet
  facet normal 0 0 1
    outer loop
      vertex -50.9892 -35.2093 60
      vertex -73 -48 60
      vertex -50.9347 -35.2259 60
    endloop
  endfacet
  facet normal 0 0 1
    outer loop
      vertex -52.31 -34.8087 60
      vertex -73 -48 60
      vertex -50.9892 -35.2093 60
    endloop
  endfacet
  facet normal 0 0 1
    outer loop
      vertex -53.6141 -34.3565 60
      vertex -73 -48 60
      vertex -52.31 -34.8087 60
    endloop
  endfacet
  facet normal 0 0 1
    outer loop
      vertex -54.9532 -33.8347 60
      vertex -73 -48 60
      vertex -53.6679 -34.3378 60
    endloop
  endfacet
  facet normal 0 0 1
    outer loop
      vertex -55.0062 -33.814 60
      vertex -73 -48 60
      vertex -54.9532 -33.8347 60
    endloop
  endfacet
  facet normal 0 0 1
    outer loop
      vertex -56.2708 -33.2609 60
      vertex -73 -48 60
      vertex -55.0062 -33.814 60
    endloop
  endfacet
  facet normal 0 0 1
    outer loop
      vertex -57.5648 -32.6357 60
      vertex -73 -48 60
      vertex -56.3229 -33.238 60
    endloop
  endfacet
  facet normal 0 0 1
    outer loop
      vertex -57.6663 -32.584 60
      vertex -73 -48 60
      vertex -57.6161 -32.6108 60
    endloop
  endfacet
  facet normal 0 0 1
    outer loop
      vertex -58.8835 -31.9334 60
      vertex -73 -48 60
      vertex -57.6663 -32.584 60
    endloop
  endfacet
  facet normal 0 0 1
    outer loop
      vertex -58.9327 -31.9046 60
      vertex -73 -48 60
      vertex -58.8835 -31.9334 60
    endloop
  endfacet
  facet normal 0 0 1
    outer loop
      vertex -61.2859 -30.4625 60
      vertex -73 -48 60
      vertex -60.1234 -31.2066 60
    endloop
  endfacet
  facet normal 0 0 1
    outer loop
      vertex -62.4662 -29.6426 60
      vertex -73 -48 60
      vertex -61.3339 -30.4318 60
    endloop
  endfacet
  facet normal 0 0 1
    outer loop
      vertex -62.5129 -29.61 60
      vertex -73 -48 60
      vertex -62.4662 -29.6426 60
    endloop
  endfacet
  facet normal 0 0 1
    outer loop
      vertex -62.5583 -29.5757 60
      vertex -73 -48 60
      vertex -62.5129 -29.61 60
    endloop
  endfacet
  facet normal 0 0 1
    outer loop
      vertex -63.6588 -28.7426 60
      vertex -73 -48 60
      vertex -62.5583 -29.5757 60
    endloop
  endfacet
  facet normal 0 0 1
    outer loop
      vertex -64.7258 -27.867 60
      vertex -73 -48 60
      vertex -63.6588 -28.7426 60
    endloop
  endfacet
  facet normal 0 0 1
    outer loop
      vertex -65.8015 -26.914 60
      vertex -73 -48 60
      vertex -64.7698 -27.8309 60
    endloop
  endfacet
  facet normal 0 -0 1
    outer loop
      vertex -80.2638 -46.2561 60
      vertex -65.8851 -26.8367 60
      vertex -80.8179 -45.9599 60
    endloop
  endfacet
  facet normal 0 0 1
    outer loop
      vertex -67.8367 -24.8852 60
      vertex -86.6422 -40.36 60
      vertex -66.8801 -25.8801 60
    endloop
  endfacet
  facet normal 0 -0 1
    outer loop
      vertex -88.8891 -33.8806 60
      vertex -67.914 -24.8015 60
      vertex -88.9507 -33.2553 60
    endloop
  endfacet
  facet normal 0 0 1
    outer loop
      vertex -89 -32 60
      vertex -68.8309 -23.7698 60
      vertex -68.867 -23.7258 60
    endloop
  endfacet
  facet normal 0 0 1
    outer loop
      vertex -89 -32 60
      vertex -68.867 -23.7258 60
      vertex -69.7426 -22.6588 60
    endloop
  endfacet
  facet normal 0 0 1
    outer loop
      vertex -70.5757 -21.5583 60
      vertex -89 -32 60
      vertex -69.7426 -22.6588 60
    endloop
  endfacet
  facet normal 0 0 1
    outer loop
      vertex -70.6426 -21.4662 60
      vertex -89 -32 60
      vertex -70.61 -21.5129 60
    endloop
  endfacet
  facet normal 0 0 1
    outer loop
      vertex -89 -32 60
      vertex -71.4318 -20.3339 60
      vertex -71.4625 -20.2859 60
    endloop
  endfacet
  facet normal 0 0 1
    outer loop
      vertex -89 -32 60
      vertex -71.4625 -20.2859 60
      vertex -72.2066 -19.1234 60
    endloop
  endfacet
  facet normal 0 0 1
    outer loop
      vertex -89 -32 60
      vertex -72.2066 -19.1234 60
      vertex -72.9046 -17.9327 60
    endloop
  endfacet
  facet normal 0 0 1
    outer loop
      vertex -89 -32 60
      vertex -72.9046 -17.9327 60
      vertex -72.9333 -17.8835 60
    endloop
  endfacet
  facet normal 0 0 1
    outer loop
      vertex -89 -32 60
      vertex -72.9333 -17.8835 60
      vertex -73.584 -16.6663 60
    endloop
  endfacet
  facet normal 0 0 1
    outer loop
      vertex -89 -32 60
      vertex -73.584 -16.6663 60
      vertex -73.6108 -16.6161 60
    endloop
  endfacet
  facet normal 0 0 1
    outer loop
      vertex -65.8015 -26.914 60
      vertex -73.6281 -47.9877 60
      vertex -73 -48 60
    endloop
  endfacet
  facet normal 0 0 1
    outer loop
      vertex -89 -32 60
      vertex -73.6108 -16.6161 60
      vertex -73.6357 -16.5648 60
    endloop
  endfacet
  facet normal 0 0 1
    outer loop
      vertex -89 -32 60
      vertex -73.6357 -16.5648 60
      vertex -74.238 -15.3229 60
    endloop
  endfacet
  facet normal 0 0 1
    outer loop
      vertex -68.8309 -23.7698 60
      vertex -89 -32 60
      vertex -88.9877 -32.6281 60
    endloop
  endfacet
  facet normal 0 0 1
    outer loop
      vertex -89 -32 60
      vertex -74.238 -15.3229 60
      vertex -74.2609 -15.2708 60
    endloop
  endfacet
  facet normal 0 0 1
    outer loop
      vertex -89 -32 60
      vertex -74.2609 -15.2708 60
      vertex -74.814 -14.0062 60
    endloop
  endfacet
  facet normal 0 0 1
    outer loop
      vertex -89 -32 60
      vertex -74.814 -14.0062 60
      vertex -74.8347 -13.9532 60
    endloop
  endfacet
  facet normal 0 0 1
    outer loop
      vertex -65.8015 -26.914 60
      vertex -74.2553 -47.9507 60
      vertex -73.6281 -47.9877 60
    endloop
  endfacet
  facet normal 0 0 1
    outer loop
      vertex -89 -32 60
      vertex -74.8347 -13.9532 60
      vertex -75.3378 -12.6679 60
    endloop
  endfacet
  facet normal 0 0 1
    outer loop
      vertex -89 -32 60
      vertex -75.3378 -12.6679 60
      vertex -75.3565 -12.6141 60
    endloop
  endfacet
  facet normal 0 0 1
    outer loop
      vertex -65.8015 -26.914 60
      vertex -74.8806 -47.8891 60
      vertex -74.2553 -47.9507 60
    endloop
  endfacet
  facet normal 0 0 1
    outer loop
      vertex -89 -32 60
      vertex -75.3565 -12.6141 60
      vertex -75.8087 -11.31 60
    endloop
  endfacet
  facet normal 0 0 1
    outer loop
      vertex -65.8015 -26.914 60
      vertex -75.5029 -47.803 60
      vertex -74.8806 -47.8891 60
    endloop
  endfacet
  facet normal 0 0 1
    outer loop
      vertex -89 -32 60
      vertex -75.8087 -11.31 60
      vertex -76.2093 -9.98921 60
    endloop
  endfacet
  facet normal 0 0 1
    outer loop
      vertex -89 -32 60
      vertex -76.2093 -9.98921 60
      vertex -76.2259 -9.93472 60
    endloop
  endfacet
  facet normal 0 0 1
    outer loop
      vertex -89 -32 60
      vertex -76.2259 -9.93472 60
      vertex -76.2402 -9.87963 60
    endloop
  endfacet
  facet normal 0 0 1
    outer loop
      vertex -89 -32 60
      vertex -76.2402 -9.87963 60
      vertex -76.5887 -8.5441 60
    endloop
  endfacet
  facet normal 0 0 1
    outer loop
      vertex -89 -32 60
      vertex -76.5887 -8.5441 60
      vertex -76.6009 -8.48849 60
    endloop
  endfacet
  facet normal 0 0 1
    outer loop
      vertex -65.8441 -26.8762 60
      vertex -76.1214 -47.6926 60
      vertex -75.5029 -47.803 60
    endloop
  endfacet
  facet normal 0 0 1
    outer loop
      vertex -89 -32 60
      vertex -76.6009 -8.48849 60
      vertex -76.8967 -7.14031 60
    endloop
  endfacet
  facet normal 0 0 1
    outer loop
      vertex -89 -32 60
      vertex -76.8967 -7.14031 60
      vertex -76.9068 -7.08425 60
    endloop
  endfacet
  facet normal 0 0 1
    outer loop
      vertex -89 -32 60
      vertex -76.9068 -7.08425 60
      vertex -77.1494 -5.7255 60
    endloop
  endfacet
  facet normal 0 0 1
    outer loop
      vertex -89 -32 60
      vertex -77.1494 -5.7255 60
      vertex -77.3385 -4.35827 60
    endloop
  endfacet
  facet normal 0 0 1
    outer loop
      vertex -65.8441 -26.8762 60
      vertex -76.7351 -47.5579 60
      vertex -76.1214 -47.6926 60
    endloop
  endfacet
  facet normal 0 0 1
    outer loop
      vertex -89 -32 60
      vertex -77.3385 -4.35827 60
      vertex -77.3463 -4.30187 60
    endloop
  endfacet
  facet normal 0 0 1
    outer loop
      vertex -89 -32 60
      vertex -77.3463 -4.30187 60
      vertex -77.3519 -4.2452 60
    endloop
  endfacet
  facet normal 0 0 1
    outer loop
      vertex -89 -32 60
      vertex -77.3519 -4.2452 60
      vertex -77.4872 -2.8716 60
    endloop
  endfacet
  facet normal 0 0 1
    outer loop
      vertex -89 -32 60
      vertex -77.4872 -2.8716 60
      vertex -77.5684 -1.49375 60
    endloop
  endfacet
  facet normal 0 0 1
    outer loop
      vertex -89 -32 60
      vertex -77.5684 -1.49375 60
      vertex -77.5718 -1.43691 60
    endloop
  endfacet
  facet normal 0 0 1
    outer loop
      vertex -89 -32 60
      vertex -77.5718 -1.43691 60
      vertex -77.5729 -1.37998 60
    endloop
  endfacet
  facet normal 0 0 1
    outer loop
      vertex -89 -32 60
      vertex -77.5729 -1.37998 60
      vertex -77.6 0 60
    endloop
  endfacet
  facet normal 0 0 1
    outer loop
      vertex -77.5729 1.37998 60
      vertex -89 32 60
      vertex -77.6 0 60
    endloop
  endfacet
  facet normal 0 0 1
    outer loop
      vertex -89 -32 60
      vertex -77.6 0 60
      vertex -89 32 60
    endloop
  endfacet
  facet normal -0 0 1
    outer loop
      vertex -85.5651 41.9055 60
      vertex -66.8801 25.8801 60
      vertex -85.1665 42.3912 60
    endloop
  endfacet
  facet normal 0 0 1
    outer loop
      vertex -65.8441 -26.8762 60
      vertex -77.343 -47.3993 60
      vertex -76.7351 -47.5579 60
    endloop
  endfacet
  facet normal -0 0 1
    outer loop
      vertex -85.9443 41.4046 60
      vertex -66.8801 25.8801 60
      vertex -85.5651 41.9055 60
    endloop
  endfacet
  facet normal 0 0 1
    outer loop
      vertex -65.8441 -26.8762 60
      vertex -77.9443 -47.2169 60
      vertex -77.343 -47.3993 60
    endloop
  endfacet
  facet normal -0 0 1
    outer loop
      vertex -86.3035 40.8891 60
      vertex -66.8801 25.8801 60
      vertex -85.9443 41.4046 60
    endloop
  endfacet
  facet normal 0 0 1
    outer loop
      vertex -65.8441 -26.8762 60
      vertex -78.5379 -47.011 60
      vertex -77.9443 -47.2169 60
    endloop
  endfacet
  facet normal -0 0 1
    outer loop
      vertex -86.6422 40.36 60
      vertex -66.8801 25.8801 60
      vertex -86.3035 40.8891 60
    endloop
  endfacet
  facet normal 0 0 1
    outer loop
      vertex -65.8441 -26.8762 60
      vertex -79.1229 -46.7821 60
      vertex -78.5379 -47.011 60
    endloop
  endfacet
  facet normal -0 0 1
    outer loop
      vertex -86.9599 39.8179 60
      vertex -67.8367 24.8852 60
      vertex -86.6422 40.36 60
    endloop
  endfacet
  facet normal 0 0 1
    outer loop
      vertex -65.8851 -26.8367 60
      vertex -79.1229 -46.7821 60
      vertex -65.8441 -26.8762 60
    endloop
  endfacet
  facet normal -0 0 1
    outer loop
      vertex -87.2561 39.2638 60
      vertex -67.8367 24.8852 60
      vertex -86.9599 39.8179 60
    endloop
  endfacet
  facet normal 0 -0 1
    outer loop
      vertex -79.1229 -46.7821 60
      vertex -65.8851 -26.8367 60
      vertex -79.6985 -46.5303 60
    endloop
  endfacet
  facet normal -0 0 1
    outer loop
      vertex -87.5303 38.6985 60
      vertex -67.8367 24.8852 60
      vertex -87.2561 39.2638 60
    endloop
  endfacet
  facet normal 0 -0 1
    outer loop
      vertex -79.6985 -46.5303 60
      vertex -65.8851 -26.8367 60
      vertex -80.2638 -46.2561 60
    endloop
  endfacet
  facet normal -0 0 1
    outer loop
      vertex -87.7821 38.1229 60
      vertex -67.8367 24.8852 60
      vertex -87.5303 38.6985 60
    endloop
  endfacet
  facet normal 0 0 1
    outer loop
      vertex -66.8801 -25.8801 60
      vertex -81.36 -45.6422 60
      vertex -80.8179 -45.9599 60
    endloop
  endfacet
  facet normal 0 0 1
    outer loop
      vertex -67.8367 24.8852 60
      vertex -87.7821 38.1229 60
      vertex -67.8762 24.8441 60
    endloop
  endfacet
  facet normal 0 0 1
    outer loop
      vertex -66.8801 -25.8801 60
      vertex -81.8891 -45.3035 60
      vertex -81.36 -45.6422 60
    endloop
  endfacet
  facet normal -0 0 1
    outer loop
      vertex -88.011 37.5379 60
      vertex -67.8762 24.8441 60
      vertex -87.7821 38.1229 60
    endloop
  endfacet
  facet normal 0 0 1
    outer loop
      vertex -66.8801 -25.8801 60
      vertex -82.4046 -44.9443 60
      vertex -81.8891 -45.3035 60
    endloop
  endfacet
  facet normal -0 0 1
    outer loop
      vertex -88.2169 36.9443 60
      vertex -67.8762 24.8441 60
      vertex -88.011 37.5379 60
    endloop
  endfacet
  facet normal 0 0 1
    outer loop
      vertex -66.8801 -25.8801 60
      vertex -82.9055 -44.5651 60
      vertex -82.4046 -44.9443 60
    endloop
  endfacet
  facet normal -0 0 1
    outer loop
      vertex -88.3993 36.343 60
      vertex -67.8762 24.8441 60
      vertex -88.2169 36.9443 60
    endloop
  endfacet
  facet normal 0 0 1
    outer loop
      vertex -66.8801 -25.8801 60
      vertex -83.3912 -44.1665 60
      vertex -82.9055 -44.5651 60
    endloop
  endfacet
  facet normal -0 0 1
    outer loop
      vertex -88.5579 35.7351 60
      vertex -67.8762 24.8441 60
      vertex -88.3993 36.343 60
    endloop
  endfacet
  facet normal 0 0 1
    outer loop
      vertex -66.8801 -25.8801 60
      vertex -83.8608 -43.7491 60
      vertex -83.3912 -44.1665 60
    endloop
  endfacet
  facet normal 0 0 1
    outer loop
      vertex -73.6108 16.6161 60
      vertex -89 32 60
      vertex -73.6357 16.5648 60
    endloop
  endfacet
  facet normal 0 0 1
    outer loop
      vertex -66.8801 -25.8801 60
      vertex -84.3137 -43.3137 60
      vertex -83.8608 -43.7491 60
    endloop
  endfacet
  facet normal -0 0 1
    outer loop
      vertex -88.6926 35.1214 60
      vertex -67.8762 24.8441 60
      vertex -88.5579 35.7351 60
    endloop
  endfacet
  facet normal 0 0 1
    outer loop
      vertex -66.8801 -25.8801 60
      vertex -84.7491 -42.8608 60
      vertex -84.3137 -43.3137 60
    endloop
  endfacet
  facet normal 0 0 1
    outer loop
      vertex -73.584 16.6663 60
      vertex -89 32 60
      vertex -73.6108 16.6161 60
    endloop
  endfacet
  facet normal 0 0 1
    outer loop
      vertex -66.8801 -25.8801 60
      vertex -85.1665 -42.3912 60
      vertex -84.7491 -42.8608 60
    endloop
  endfacet
  facet normal -0 0 1
    outer loop
      vertex -88.803 34.5029 60
      vertex -67.8762 24.8441 60
      vertex -88.6926 35.1214 60
    endloop
  endfacet
  facet normal 0 0 1
    outer loop
      vertex -66.8801 -25.8801 60
      vertex -85.5651 -41.9055 60
      vertex -85.1665 -42.3912 60
    endloop
  endfacet
  facet normal 0 0 1
    outer loop
      vertex -72.9333 17.8835 60
      vertex -89 32 60
      vertex -73.584 16.6663 60
    endloop
  endfacet
  facet normal 0 0 1
    outer loop
      vertex -66.8801 -25.8801 60
      vertex -85.9443 -41.4046 60
      vertex -85.5651 -41.9055 60
    endloop
  endfacet
  facet normal 0 0 1
    outer loop
      vertex -67.914 24.8015 60
      vertex -88.803 34.5029 60
      vertex -88.8891 33.8806 60
    endloop
  endfacet
  facet normal 0 0 1
    outer loop
      vertex -66.8801 -25.8801 60
      vertex -86.3035 -40.8891 60
      vertex -85.9443 -41.4046 60
    endloop
  endfacet
  facet normal 0 0 1
    outer loop
      vertex -67.914 24.8015 60
      vertex -88.8891 33.8806 60
      vertex -88.9507 33.2553 60
    endloop
  endfacet
  facet normal 0 0 1
    outer loop
      vertex -66.8801 -25.8801 60
      vertex -86.6422 -40.36 60
      vertex -86.3035 -40.8891 60
    endloop
  endfacet
  facet normal -0 0 1
    outer loop
      vertex -88.9877 32.6281 60
      vertex -67.914 24.8015 60
      vertex -88.9507 33.2553 60
    endloop
  endfacet
  facet normal 0 0 1
    outer loop
      vertex -67.8367 -24.8852 60
      vertex -86.9599 -39.8179 60
      vertex -86.6422 -40.36 60
    endloop
  endfacet
  facet normal 0 0 1
    outer loop
      vertex -67.914 24.8015 60
      vertex -88.9877 32.6281 60
      vertex -68.8309 23.7698 60
    endloop
  endfacet
  facet normal 0 0 1
    outer loop
      vertex -67.8367 -24.8852 60
      vertex -87.2561 -39.2638 60
      vertex -86.9599 -39.8179 60
    endloop
  endfacet
  facet normal -0 0 1
    outer loop
      vertex -89 32 60
      vertex -68.8309 23.7698 60
      vertex -88.9877 32.6281 60
    endloop
  endfacet
  facet normal 0 0 1
    outer loop
      vertex -67.8367 -24.8852 60
      vertex -87.5303 -38.6985 60
      vertex -87.2561 -39.2638 60
    endloop
  endfacet
  facet normal 0 0 1
    outer loop
      vertex -68.8309 23.7698 60
      vertex -89 32 60
      vertex -68.867 23.7258 60
    endloop
  endfacet
  facet normal 0 0 1
    outer loop
      vertex -67.8367 -24.8852 60
      vertex -87.7821 -38.1229 60
      vertex -87.5303 -38.6985 60
    endloop
  endfacet
  facet normal 0 0 1
    outer loop
      vertex -68.867 23.7258 60
      vertex -89 32 60
      vertex -69.7426 22.6588 60
    endloop
  endfacet
  facet normal 0 0 1
    outer loop
      vertex -67.8762 -24.8441 60
      vertex -88.011 -37.5379 60
      vertex -87.7821 -38.1229 60
    endloop
  endfacet
  facet normal 0 0 1
    outer loop
      vertex -70.5757 21.5583 60
      vertex -89 32 60
      vertex -70.61 21.5129 60
    endloop
  endfacet
  facet normal 0 0 1
    outer loop
      vertex -67.8762 -24.8441 60
      vertex -88.2169 -36.9443 60
      vertex -88.011 -37.5379 60
    endloop
  endfacet
  facet normal 0 0 1
    outer loop
      vertex -72.2066 19.1234 60
      vertex -89 32 60
      vertex -72.9046 17.9327 60
    endloop
  endfacet
  facet normal 0 0 1
    outer loop
      vertex -67.8762 -24.8441 60
      vertex -88.3993 -36.343 60
      vertex -88.2169 -36.9443 60
    endloop
  endfacet
  facet normal 0 0 1
    outer loop
      vertex -72.9046 17.9327 60
      vertex -89 32 60
      vertex -72.9333 17.8835 60
    endloop
  endfacet
  facet normal 0 0 1
    outer loop
      vertex -67.8762 -24.8441 60
      vertex -88.5579 -35.7351 60
      vertex -88.3993 -36.343 60
    endloop
  endfacet
  facet normal 0 0 1
    outer loop
      vertex -71.4318 20.3339 60
      vertex -89 32 60
      vertex -71.4625 20.2859 60
    endloop
  endfacet
  facet normal 0 0 1
    outer loop
      vertex -67.8762 -24.8441 60
      vertex -88.6926 -35.1214 60
      vertex -88.5579 -35.7351 60
    endloop
  endfacet
  facet normal 0 0 1
    outer loop
      vertex -71.4625 20.2859 60
      vertex -89 32 60
      vertex -72.2066 19.1234 60
    endloop
  endfacet
  facet normal 0 0 1
    outer loop
      vertex -67.8762 -24.8441 60
      vertex -88.803 -34.5029 60
      vertex -88.6926 -35.1214 60
    endloop
  endfacet
  facet normal 0 0 1
    outer loop
      vertex -70.6426 21.4662 60
      vertex -89 32 60
      vertex -71.4318 20.3339 60
    endloop
  endfacet
  facet normal 0 0 1
    outer loop
      vertex -67.914 -24.8015 60
      vertex -88.803 -34.5029 60
      vertex -67.8762 -24.8441 60
    endloop
  endfacet
  facet normal 0 -0 1
    outer loop
      vertex -88.803 -34.5029 60
      vertex -67.914 -24.8015 60
      vertex -88.8891 -33.8806 60
    endloop
  endfacet
  facet normal 0 0 1
    outer loop
      vertex -67.914 -24.8015 60
      vertex -88.9877 -32.6281 60
      vertex -88.9507 -33.2553 60
    endloop
  endfacet
  facet normal -0.891887 0.432523 -0.132139
    outer loop
      vertex -69.6973 13.2296 0
      vertex -76.4781 16.3556 56
      vertex -75.8448 17.6615 56
    endloop
  endfacet
  facet normal -0.628663 -0.76637 -0.132138
    outer loop
      vertex -61.5226 -24.0288 0
      vertex -66.3078 -29.759 56
      vertex -66.3718 -29.7065 56
    endloop
  endfacet
  facet normal -0.628833 -0.76623 -0.132138
    outer loop
      vertex -66.3078 -29.759 56
      vertex -61.5226 -24.0288 0
      vertex -60.5634 -24.816 0
    endloop
  endfacet
  facet normal -0.598378 -0.790243 -0.132138
    outer loop
      vertex -60.5634 -24.816 0
      vertex -65.12 -30.7296 56
      vertex -65.1859 -30.6797 56
    endloop
  endfacet
  facet normal -0.598235 -0.790351 -0.132138
    outer loop
      vertex -65.12 -30.7296 56
      vertex -60.5634 -24.816 0
      vertex -59.574 -25.5649 0
    endloop
  endfacet
  facet normal 0.287728 0.948553 -0.132139
    outer loop
      vertex -28.9277 37.1546 56
      vertex -31.2351 30.0534 0
      vertex -30.3166 37.5759 56
    endloop
  endfacet
  facet normal -0.968205 -0.21241 -0.132139
    outer loop
      vertex -71.7269 -7.37687 0
      vertex -79.316 -7.62153 56
      vertex -71.9928 -6.16485 0
    endloop
  endfacet
  facet normal -0.96827 -0.212109 -0.132146
    outer loop
      vertex -79.316 -7.62153 56
      vertex -71.7269 -7.37687 0
      vertex -79.2983 -7.70233 56
    endloop
  endfacet
  facet normal -0.76623 -0.628833 -0.132138
    outer loop
      vertex -65.0288 -20.5226 0
      vertex -70.759 -25.3078 56
      vertex -65.816 -19.5634 0
    endloop
  endfacet
  facet normal -0.76637 -0.628663 -0.132138
    outer loop
      vertex -70.759 -25.3078 56
      vertex -65.0288 -20.5226 0
      vertex -70.7065 -25.3718 56
    endloop
  endfacet
  facet normal -0.397247 0.908149 -0.132139
    outer loop
      vertex -54.2296 28.6973 0
      vertex -57.3556 35.4781 56
      vertex -56.026 36.0597 56
    endloop
  endfacet
  facet normal -0.891795 0.432713 -0.13214
    outer loop
      vertex -69.1558 14.3461 0
      vertex -75.8448 17.6615 56
      vertex -75.8087 17.7359 56
    endloop
  endfacet
  facet normal -0.891871 0.432556 -0.13214
    outer loop
      vertex -75.8448 17.6615 56
      vertex -69.1558 14.3461 0
      vertex -69.6973 13.2296 0
    endloop
  endfacet
  facet normal 0.324763 0.936519 -0.132139
    outer loop
      vertex -27.4784 36.652 56
      vertex -30.0627 29.6468 0
      vertex -28.8496 37.1275 56
    endloop
  endfacet
  facet normal 0.432556 -0.891871 -0.13214
    outer loop
      vertex -26.6539 -28.1558 0
      vertex -23.3385 -34.8448 56
      vertex -27.7704 -28.6973 0
    endloop
  endfacet
  facet normal 0.432713 -0.891795 -0.13214
    outer loop
      vertex -23.3385 -34.8448 56
      vertex -26.6539 -28.1558 0
      vertex -23.2641 -34.8087 56
    endloop
  endfacet
  facet normal 0.628823 0.766239 -0.132138
    outer loop
      vertex -15.6922 29.759 56
      vertex -21.4366 24.816 0
      vertex -16.8141 30.6797 56
    endloop
  endfacet
  facet normal -0.948532 0.287797 -0.132137
    outer loop
      vertex -71.0534 9.76494 0
      vertex -78.5999 10.6043 56
      vertex -78.5759 10.6834 56
    endloop
  endfacet
  facet normal -0.948549 0.287739 -0.132138
    outer loop
      vertex -78.5999 10.6043 56
      vertex -71.0534 9.76494 0
      vertex -71.4136 8.57752 0
    endloop
  endfacet
  facet normal 0.598235 -0.790351 -0.132138
    outer loop
      vertex -21.4366 -24.816 0
      vertex -16.88 -30.7296 56
      vertex -22.426 -25.5649 0
    endloop
  endfacet
  facet normal 0.598378 -0.790243 -0.132138
    outer loop
      vertex -16.88 -30.7296 56
      vertex -21.4366 -24.816 0
      vertex -16.8141 -30.6797 56
    endloop
  endfacet
  facet normal 0.0971231 -0.986462 -0.132138
    outer loop
      vertex -36.4082 -38.7959 56
      vertex -37.8525 -38.9381 56
      vertex -37.2858 -31.381 0
    endloop
  endfacet
  facet normal -0.0583953 -0.98951 -0.132138
    outer loop
      vertex -42.6163 -39.0317 56
      vertex -44.0651 -38.9462 56
      vertex -43.4793 -31.5026 0
    endloop
  endfacet
  facet normal -0.0583148 -0.989514 -0.13214
    outer loop
      vertex -42.2406 -31.5756 0
      vertex -42.6163 -39.0317 56
      vertex -43.4793 -31.5026 0
    endloop
  endfacet
  facet normal -0.0575048 -0.989562 -0.132141
    outer loop
      vertex -42.6163 -39.0317 56
      vertex -42.2406 -31.5756 0
      vertex -42.5337 -39.0365 56
    endloop
  endfacet
  facet normal 0.740946 0.658436 -0.132139
    outer loop
      vertex -11.2935 25.3718 56
      vertex -16.9712 20.5226 0
      vertex -12.2575 26.4566 56
    endloop
  endfacet
  facet normal 0.0194656 0.99104 -0.132139
    outer loop
      vertex -39.549 39.0382 56
      vertex -41 31.6 0
      vertex -41 39.0667 56
    endloop
  endfacet
  facet normal -0.923042 -0.361294 -0.132139
    outer loop
      vertex -77.123 -14.8731 56
      vertex -77.652 -13.5216 56
      vertex -70.6468 -10.9373 0
    endloop
  endfacet
  facet normal -0.76637 0.628663 -0.132138
    outer loop
      vertex -65.0288 20.5226 0
      vertex -70.759 25.3078 56
      vertex -70.7065 25.3718 56
    endloop
  endfacet
  facet normal -0.76623 0.628833 -0.132138
    outer loop
      vertex -70.759 25.3078 56
      vertex -65.0288 20.5226 0
      vertex -65.816 19.5634 0
    endloop
  endfacet
  facet normal 0.923049 0.361276 -0.132139
    outer loop
      vertex -4.34799 13.5216 56
      vertex -11.3532 10.9373 0
      vertex -4.87696 14.8731 56
    endloop
  endfacet
  facet normal 0.397247 0.908149 -0.132139
    outer loop
      vertex -24.6444 35.4781 56
      vertex -27.7704 28.6973 0
      vertex -25.974 36.0597 56
    endloop
  endfacet
  facet normal 0.790243 0.598378 -0.132138
    outer loop
      vertex -10.2704 24.12 56
      vertex -16.184 19.5634 0
      vertex -10.3203 24.1859 56
    endloop
  endfacet
  facet normal 0.790351 0.598235 -0.132138
    outer loop
      vertex -16.184 19.5634 0
      vertex -10.2704 24.12 56
      vertex -15.4351 18.574 0
    endloop
  endfacet
  facet normal 0.0583148 0.989514 -0.13214
    outer loop
      vertex -39.7594 31.5756 0
      vertex -39.3837 39.0317 56
      vertex -38.5207 31.5026 0
    endloop
  endfacet
  facet normal 0.0575048 0.989562 -0.132141
    outer loop
      vertex -39.3837 39.0317 56
      vertex -39.7594 31.5756 0
      vertex -39.4663 39.0365 56
    endloop
  endfacet
  facet normal -0.908149 -0.397247 -0.132139
    outer loop
      vertex -76.4781 -16.3556 56
      vertex -77.0597 -15.026 56
      vertex -69.6973 -13.2296 0
    endloop
  endfacet
  facet normal 0.908146 0.397253 -0.132139
    outer loop
      vertex -4.94026 15.026 56
      vertex -12.3027 13.2296 0
      vertex -5.52187 16.3556 56
    endloop
  endfacet
  facet normal 0.0583953 0.98951 -0.132138
    outer loop
      vertex -38.5207 31.5026 0
      vertex -39.3837 39.0317 56
      vertex -37.9349 38.9462 56
    endloop
  endfacet
  facet normal -0.174293 0.975787 -0.13214
    outer loop
      vertex -47.1649 30.9928 0
      vertex -48.5401 38.3306 56
      vertex -45.9433 31.211 0
    endloop
  endfacet
  facet normal -0.174996 0.975662 -0.13214
    outer loop
      vertex -48.5401 38.3306 56
      vertex -47.1649 30.9928 0
      vertex -48.6215 38.316 56
    endloop
  endfacet
  facet normal -0.212414 0.968204 -0.132139
    outer loop
      vertex -48.3769 30.7269 0
      vertex -48.6215 38.316 56
      vertex -47.1649 30.9928 0
    endloop
  endfacet
  facet normal -0.212109 0.96827 -0.132146
    outer loop
      vertex -48.6215 38.316 56
      vertex -48.3769 30.7269 0
      vertex -48.7023 38.2983 56
    endloop
  endfacet
  facet normal -0.361237 0.923064 -0.132138
    outer loop
      vertex -53.0928 29.1946 0
      vertex -55.8731 36.123 56
      vertex -51.9373 29.6468 0
    endloop
  endfacet
  facet normal -0.360482 0.92336 -0.132137
    outer loop
      vertex -55.8731 36.123 56
      vertex -53.0928 29.1946 0
      vertex -55.9502 36.0929 56
    endloop
  endfacet
  facet normal 0.959113 0.250284 -0.132138
    outer loop
      vertex -3.01275 9.11993 56
      vertex -10.2731 7.37687 0
      vertex -3.3792 10.5242 56
    endloop
  endfacet
  facet normal 0.174996 0.975662 -0.13214
    outer loop
      vertex -34.8351 30.9928 0
      vertex -33.4599 38.3306 56
      vertex -33.3785 38.316 56
    endloop
  endfacet
  facet normal 0.174293 0.975787 -0.13214
    outer loop
      vertex -33.4599 38.3306 56
      vertex -34.8351 30.9928 0
      vertex -36.0567 31.211 0
    endloop
  endfacet
  facet normal -0.687009 0.714533 -0.132138
    outer loop
      vertex -63.3446 22.3446 0
      vertex -68.6243 27.6243 56
      vertex -67.5781 28.6302 56
    endloop
  endfacet
  facet normal 0.891868 0.432562 -0.132139
    outer loop
      vertex -5.52187 16.3556 56
      vertex -12.3027 13.2296 0
      vertex -6.15524 17.6615 56
    endloop
  endfacet
  facet normal -0.790243 0.598378 -0.132138
    outer loop
      vertex -65.816 19.5634 0
      vertex -71.7296 24.12 56
      vertex -71.6797 24.1859 56
    endloop
  endfacet
  facet normal -0.790351 0.598235 -0.132138
    outer loop
      vertex -71.7296 24.12 56
      vertex -65.816 19.5634 0
      vertex -66.5649 18.574 0
    endloop
  endfacet
  facet normal 0.250283 -0.959113 -0.132138
    outer loop
      vertex -32.4225 -30.4136 0
      vertex -30.4758 -37.6208 56
      vertex -33.6231 -30.7269 0
    endloop
  endfacet
  facet normal 0.250257 -0.95912 -0.132138
    outer loop
      vertex -30.4758 -37.6208 56
      vertex -32.4225 -30.4136 0
      vertex -30.3957 -37.5999 56
    endloop
  endfacet
  facet normal -0.968205 0.21241 -0.132139
    outer loop
      vertex -71.7269 7.37687 0
      vertex -79.2983 7.70233 56
      vertex -78.9873 9.11993 56
    endloop
  endfacet
  facet normal -0.959104 0.250316 -0.132139
    outer loop
      vertex -71.7269 7.37687 0
      vertex -78.9873 9.11993 56
      vertex -78.6208 10.5242 56
    endloop
  endfacet
  facet normal 0.834984 0.534174 -0.132139
    outer loop
      vertex -8.47266 21.6346 56
      vertex -14.7256 17.556 0
      vertex -8.51725 21.7043 56
    endloop
  endfacet
  facet normal 0.834813 0.53444 -0.132139
    outer loop
      vertex -14.7256 17.556 0
      vertex -8.47266 21.6346 56
      vertex -14.0566 16.511 0
    endloop
  endfacet
  facet normal -0.85516 -0.501239 -0.132138
    outer loop
      vertex -74.3516 -20.3409 56
      vertex -75.0855 -19.0888 56
      vertex -68.5709 -15.4404 0
    endloop
  endfacet
  facet normal 0.855265 0.501061 -0.132138
    outer loop
      vertex -7.64836 20.3409 56
      vertex -14.0566 16.511 0
      vertex -7.69019 20.4123 56
    endloop
  endfacet
  facet normal 0.855166 0.50123 -0.132139
    outer loop
      vertex -14.0566 16.511 0
      vertex -7.64836 20.3409 56
      vertex -13.4291 15.4404 0
    endloop
  endfacet
  facet normal 0.432713 0.891795 -0.13214
    outer loop
      vertex -26.6539 28.1558 0
      vertex -23.3385 34.8448 56
      vertex -23.2641 34.8087 56
    endloop
  endfacet
  facet normal 0.432556 0.891871 -0.13214
    outer loop
      vertex -23.3385 34.8448 56
      vertex -26.6539 28.1558 0
      vertex -27.7704 28.6973 0
    endloop
  endfacet
  facet normal -0.566771 0.81321 -0.132139
    outer loop
      vertex -59.574 25.5649 0
      vertex -62.7043 32.4827 56
      vertex -58.556 26.2744 0
    endloop
  endfacet
  facet normal -0.567146 0.81295 -0.132128
    outer loop
      vertex -62.7043 32.4827 56
      vertex -59.574 25.5649 0
      vertex -62.7721 32.4354 56
    endloop
  endfacet
  facet normal -0.250257 -0.95912 -0.132138
    outer loop
      vertex -49.5775 -30.4136 0
      vertex -51.5242 -37.6208 56
      vertex -51.6043 -37.5999 56
    endloop
  endfacet
  facet normal -0.250283 -0.959113 -0.132138
    outer loop
      vertex -51.5242 -37.6208 56
      vertex -49.5775 -30.4136 0
      vertex -48.3769 -30.7269 0
    endloop
  endfacet
  facet normal 0.87418 0.467279 -0.132139
    outer loop
      vertex -6.23034 17.8089 56
      vertex -13.4291 15.4404 0
      vertex -6.91449 19.0888 56
    endloop
  endfacet
  facet normal 0.135318 0.981952 -0.132137
    outer loop
      vertex -36.0567 31.211 0
      vertex -34.9706 38.597 56
      vertex -34.8886 38.5857 56
    endloop
  endfacet
  facet normal 0.135807 0.981884 -0.132137
    outer loop
      vertex -34.9706 38.597 56
      vertex -36.0567 31.211 0
      vertex -37.2858 31.381 0
    endloop
  endfacet
  facet normal 0.813214 0.566764 -0.132139
    outer loop
      vertex -8.56455 21.7721 56
      vertex -15.4351 18.574 0
      vertex -9.3944 22.9628 56
    endloop
  endfacet
  facet normal -0.790322 0.598273 -0.132139
    outer loop
      vertex -66.5649 18.574 0
      vertex -72.6056 22.9628 56
      vertex -71.7296 24.12 56
    endloop
  endfacet
  facet normal 0.432523 0.891887 -0.132139
    outer loop
      vertex -23.3385 34.8448 56
      vertex -27.7704 28.6973 0
      vertex -24.6444 35.4781 56
    endloop
  endfacet
  facet normal 0.287728 -0.948553 -0.132139
    outer loop
      vertex -30.3166 -37.5759 56
      vertex -31.2351 -30.0534 0
      vertex -28.9277 -37.1546 56
    endloop
  endfacet
  facet normal -0.855166 -0.50123 -0.132138
    outer loop
      vertex -67.9434 -16.511 0
      vertex -74.3516 -20.3409 56
      vertex -68.5709 -15.4404 0
    endloop
  endfacet
  facet normal -0.855422 -0.500793 -0.132137
    outer loop
      vertex -74.3516 -20.3409 56
      vertex -67.9434 -16.511 0
      vertex -74.3098 -20.4123 56
    endloop
  endfacet
  facet normal 0.986458 0.0971617 -0.132139
    outer loop
      vertex -2.06187 3.14746 56
      vertex -9.61904 3.71418 0
      vertex -2.20413 4.59179 56
    endloop
  endfacet
  facet normal 0 0 -1
    outer loop
      vertex -9.42436 -1.24061 0
      vertex -9.42436 1.24061 0
      vertex -9.4 0 0
    endloop
  endfacet
  facet normal 0 0 -1
    outer loop
      vertex -9.49741 -2.47931 0
      vertex -9.42436 1.24061 0
      vertex -9.42436 -1.24061 0
    endloop
  endfacet
  facet normal 0 0 -1
    outer loop
      vertex -9.49741 -2.47931 0
      vertex -9.49741 2.47931 0
      vertex -9.42436 1.24061 0
    endloop
  endfacet
  facet normal 0 0 -1
    outer loop
      vertex -9.61904 -3.71418 0
      vertex -9.49741 2.47931 0
      vertex -9.49741 -2.47931 0
    endloop
  endfacet
  facet normal 0 0 -1
    outer loop
      vertex -9.61904 -3.71418 0
      vertex -9.61904 3.71418 0
      vertex -9.49741 2.47931 0
    endloop
  endfacet
  facet normal 0 0 -1
    outer loop
      vertex -9.78905 -4.94333 0
      vertex -9.61904 3.71418 0
      vertex -9.61904 -3.71418 0
    endloop
  endfacet
  facet normal 0 0 -1
    outer loop
      vertex -9.78905 -4.94333 0
      vertex -9.78905 4.94333 0
      vertex -9.61904 3.71418 0
    endloop
  endfacet
  facet normal 0 0 -1
    outer loop
      vertex -10.0072 -6.16485 0
      vertex -9.78905 4.94333 0
      vertex -9.78905 -4.94333 0
    endloop
  endfacet
  facet normal 0 0 -1
    outer loop
      vertex -10.0072 -6.16485 0
      vertex -10.0072 6.16485 0
      vertex -9.78905 4.94333 0
    endloop
  endfacet
  facet normal 0 0 -1
    outer loop
      vertex -10.2731 -7.37687 0
      vertex -10.0072 6.16485 0
      vertex -10.0072 -6.16485 0
    endloop
  endfacet
  facet normal 0 0 -1
    outer loop
      vertex -10.2731 -7.37687 0
      vertex -10.2731 7.37687 0
      vertex -10.0072 6.16485 0
    endloop
  endfacet
  facet normal 0 0 -1
    outer loop
      vertex -10.5864 -8.57752 0
      vertex -10.2731 7.37687 0
      vertex -10.2731 -7.37687 0
    endloop
  endfacet
  facet normal 0 0 -1
    outer loop
      vertex -10.5864 -8.57752 0
      vertex -10.5864 8.57752 0
      vertex -10.2731 7.37687 0
    endloop
  endfacet
  facet normal 0 0 -1
    outer loop
      vertex -10.9466 -9.76494 0
      vertex -10.5864 8.57752 0
      vertex -10.5864 -8.57752 0
    endloop
  endfacet
  facet normal 0 0 -1
    outer loop
      vertex -10.9466 -9.76494 0
      vertex -10.9466 9.76494 0
      vertex -10.5864 8.57752 0
    endloop
  endfacet
  facet normal 0 0 -1
    outer loop
      vertex -11.3532 -10.9373 0
      vertex -10.9466 9.76494 0
      vertex -10.9466 -9.76494 0
    endloop
  endfacet
  facet normal 0 0 -1
    outer loop
      vertex -11.3532 -10.9373 0
      vertex -11.3532 10.9373 0
      vertex -10.9466 9.76494 0
    endloop
  endfacet
  facet normal 0 0 -1
    outer loop
      vertex -11.8054 -12.0928 0
      vertex -11.3532 10.9373 0
      vertex -11.3532 -10.9373 0
    endloop
  endfacet
  facet normal 0 0 -1
    outer loop
      vertex -11.8054 -12.0928 0
      vertex -11.8054 12.0928 0
      vertex -11.3532 10.9373 0
    endloop
  endfacet
  facet normal 0 0 -1
    outer loop
      vertex -12.3027 -13.2296 0
      vertex -11.8054 12.0928 0
      vertex -11.8054 -12.0928 0
    endloop
  endfacet
  facet normal 0 0 -1
    outer loop
      vertex -12.3027 -13.2296 0
      vertex -12.3027 13.2296 0
      vertex -11.8054 12.0928 0
    endloop
  endfacet
  facet normal 0 0 -1
    outer loop
      vertex -12.8442 -14.3461 0
      vertex -12.3027 13.2296 0
      vertex -12.3027 -13.2296 0
    endloop
  endfacet
  facet normal 0 0 -1
    outer loop
      vertex -12.8442 -14.3461 0
      vertex -12.8442 14.3461 0
      vertex -12.3027 13.2296 0
    endloop
  endfacet
  facet normal 0 0 -1
    outer loop
      vertex -13.4291 -15.4404 0
      vertex -12.8442 14.3461 0
      vertex -12.8442 -14.3461 0
    endloop
  endfacet
  facet normal 0 0 -1
    outer loop
      vertex -13.4291 -15.4404 0
      vertex -13.4291 15.4404 0
      vertex -12.8442 14.3461 0
    endloop
  endfacet
  facet normal 0 0 -1
    outer loop
      vertex -14.0566 -16.511 0
      vertex -13.4291 15.4404 0
      vertex -13.4291 -15.4404 0
    endloop
  endfacet
  facet normal 0 0 -1
    outer loop
      vertex -14.0566 -16.511 0
      vertex -14.0566 16.511 0
      vertex -13.4291 15.4404 0
    endloop
  endfacet
  facet normal 0 0 -1
    outer loop
      vertex -14.7256 -17.556 0
      vertex -14.0566 16.511 0
      vertex -14.0566 -16.511 0
    endloop
  endfacet
  facet normal 0 0 -1
    outer loop
      vertex -14.7256 -17.556 0
      vertex -14.7256 17.556 0
      vertex -14.0566 16.511 0
    endloop
  endfacet
  facet normal 0 0 -1
    outer loop
      vertex -15.4351 -18.574 0
      vertex -14.7256 17.556 0
      vertex -14.7256 -17.556 0
    endloop
  endfacet
  facet normal 0 0 -1
    outer loop
      vertex -15.4351 -18.574 0
      vertex -15.4351 18.574 0
      vertex -14.7256 17.556 0
    endloop
  endfacet
  facet normal 0 0 -1
    outer loop
      vertex -16.184 -19.5634 0
      vertex -15.4351 18.574 0
      vertex -15.4351 -18.574 0
    endloop
  endfacet
  facet normal 0 0 -1
    outer loop
      vertex -16.184 -19.5634 0
      vertex -16.184 19.5634 0
      vertex -15.4351 18.574 0
    endloop
  endfacet
  facet normal 0 0 -1
    outer loop
      vertex -16.9712 -20.5226 0
      vertex -16.184 19.5634 0
      vertex -16.184 -19.5634 0
    endloop
  endfacet
  facet normal 0 0 -1
    outer loop
      vertex -16.9712 -20.5226 0
      vertex -16.9712 20.5226 0
      vertex -16.184 19.5634 0
    endloop
  endfacet
  facet normal 0 0 -1
    outer loop
      vertex -17.7954 -21.4501 0
      vertex -16.9712 20.5226 0
      vertex -16.9712 -20.5226 0
    endloop
  endfacet
  facet normal 0 0 -1
    outer loop
      vertex -17.7954 -21.4501 0
      vertex -17.7954 21.4501 0
      vertex -16.9712 20.5226 0
    endloop
  endfacet
  facet normal 0 0 -1
    outer loop
      vertex -18.6554 -22.3446 0
      vertex -17.7954 21.4501 0
      vertex -17.7954 -21.4501 0
    endloop
  endfacet
  facet normal 0 0 -1
    outer loop
      vertex -18.6554 -22.3446 0
      vertex -18.6554 22.3446 0
      vertex -17.7954 21.4501 0
    endloop
  endfacet
  facet normal 0 0 -1
    outer loop
      vertex -19.5499 -23.2046 0
      vertex -18.6554 22.3446 0
      vertex -18.6554 -22.3446 0
    endloop
  endfacet
  facet normal 0 0 -1
    outer loop
      vertex -19.5499 -23.2046 0
      vertex -19.5499 23.2046 0
      vertex -18.6554 22.3446 0
    endloop
  endfacet
  facet normal 0 0 -1
    outer loop
      vertex -20.4774 -24.0288 0
      vertex -19.5499 23.2046 0
      vertex -19.5499 -23.2046 0
    endloop
  endfacet
  facet normal 0 0 -1
    outer loop
      vertex -20.4774 -24.0288 0
      vertex -20.4774 24.0288 0
      vertex -19.5499 23.2046 0
    endloop
  endfacet
  facet normal 0 0 -1
    outer loop
      vertex -21.4366 -24.816 0
      vertex -20.4774 24.0288 0
      vertex -20.4774 -24.0288 0
    endloop
  endfacet
  facet normal 0 0 -1
    outer loop
      vertex -21.4366 -24.816 0
      vertex -21.4366 24.816 0
      vertex -20.4774 24.0288 0
    endloop
  endfacet
  facet normal 0 0 -1
    outer loop
      vertex -22.426 -25.5649 0
      vertex -21.4366 24.816 0
      vertex -21.4366 -24.816 0
    endloop
  endfacet
  facet normal 0 0 -1
    outer loop
      vertex -22.426 -25.5649 0
      vertex -22.426 25.5649 0
      vertex -21.4366 24.816 0
    endloop
  endfacet
  facet normal 0 0 -1
    outer loop
      vertex -23.444 -26.2744 0
      vertex -22.426 25.5649 0
      vertex -22.426 -25.5649 0
    endloop
  endfacet
  facet normal 0 0 -1
    outer loop
      vertex -23.444 -26.2744 0
      vertex -23.444 26.2744 0
      vertex -22.426 25.5649 0
    endloop
  endfacet
  facet normal 0 0 -1
    outer loop
      vertex -24.489 -26.9434 0
      vertex -23.444 26.2744 0
      vertex -23.444 -26.2744 0
    endloop
  endfacet
  facet normal 0 0 -1
    outer loop
      vertex -24.489 -26.9434 0
      vertex -24.489 26.9434 0
      vertex -23.444 26.2744 0
    endloop
  endfacet
  facet normal 0 0 -1
    outer loop
      vertex -25.5596 -27.5709 0
      vertex -24.489 26.9434 0
      vertex -24.489 -26.9434 0
    endloop
  endfacet
  facet normal 0 0 -1
    outer loop
      vertex -25.5596 -27.5709 0
      vertex -25.5596 27.5709 0
      vertex -24.489 26.9434 0
    endloop
  endfacet
  facet normal 0 0 -1
    outer loop
      vertex -26.6539 -28.1558 0
      vertex -25.5596 27.5709 0
      vertex -25.5596 -27.5709 0
    endloop
  endfacet
  facet normal 0 0 -1
    outer loop
      vertex -26.6539 -28.1558 0
      vertex -26.6539 28.1558 0
      vertex -25.5596 27.5709 0
    endloop
  endfacet
  facet normal 0 0 -1
    outer loop
      vertex -27.7704 -28.6973 0
      vertex -26.6539 28.1558 0
      vertex -26.6539 -28.1558 0
    endloop
  endfacet
  facet normal 0 0 -1
    outer loop
      vertex -27.7704 -28.6973 0
      vertex -27.7704 28.6973 0
      vertex -26.6539 28.1558 0
    endloop
  endfacet
  facet normal 0 0 -1
    outer loop
      vertex -28.9072 -29.1946 0
      vertex -27.7704 28.6973 0
      vertex -27.7704 -28.6973 0
    endloop
  endfacet
  facet normal 0 0 -1
    outer loop
      vertex -28.9072 -29.1946 0
      vertex -28.9072 29.1946 0
      vertex -27.7704 28.6973 0
    endloop
  endfacet
  facet normal 0 0 -1
    outer loop
      vertex -30.0627 -29.6468 0
      vertex -28.9072 29.1946 0
      vertex -28.9072 -29.1946 0
    endloop
  endfacet
  facet normal 0 0 -1
    outer loop
      vertex -30.0627 -29.6468 0
      vertex -30.0627 29.6468 0
      vertex -28.9072 29.1946 0
    endloop
  endfacet
  facet normal 0 0 -1
    outer loop
      vertex -31.2351 -30.0534 0
      vertex -30.0627 29.6468 0
      vertex -30.0627 -29.6468 0
    endloop
  endfacet
  facet normal 0 0 -1
    outer loop
      vertex -31.2351 -30.0534 0
      vertex -31.2351 30.0534 0
      vertex -30.0627 29.6468 0
    endloop
  endfacet
  facet normal 0 0 -1
    outer loop
      vertex -32.4225 -30.4136 0
      vertex -31.2351 30.0534 0
      vertex -31.2351 -30.0534 0
    endloop
  endfacet
  facet normal 0 0 -1
    outer loop
      vertex -32.4225 -30.4136 0
      vertex -32.4225 30.4136 0
      vertex -31.2351 30.0534 0
    endloop
  endfacet
  facet normal 0 0 -1
    outer loop
      vertex -33.6231 -30.7269 0
      vertex -32.4225 30.4136 0
      vertex -32.4225 -30.4136 0
    endloop
  endfacet
  facet normal 0 0 -1
    outer loop
      vertex -33.6231 -30.7269 0
      vertex -33.6231 30.7269 0
      vertex -32.4225 30.4136 0
    endloop
  endfacet
  facet normal 0 0 -1
    outer loop
      vertex -34.8351 -30.9928 0
      vertex -33.6231 30.7269 0
      vertex -33.6231 -30.7269 0
    endloop
  endfacet
  facet normal 0 0 -1
    outer loop
      vertex -34.8351 -30.9928 0
      vertex -34.8351 30.9928 0
      vertex -33.6231 30.7269 0
    endloop
  endfacet
  facet normal 0 0 -1
    outer loop
      vertex -36.0567 -31.211 0
      vertex -34.8351 30.9928 0
      vertex -34.8351 -30.9928 0
    endloop
  endfacet
  facet normal 0 0 -1
    outer loop
      vertex -36.0567 -31.211 0
      vertex -36.0567 31.211 0
      vertex -34.8351 30.9928 0
    endloop
  endfacet
  facet normal 0 0 -1
    outer loop
      vertex -37.2858 -31.381 0
      vertex -36.0567 31.211 0
      vertex -36.0567 -31.211 0
    endloop
  endfacet
  facet normal 0 0 -1
    outer loop
      vertex -37.2858 -31.381 0
      vertex -37.2858 31.381 0
      vertex -36.0567 31.211 0
    endloop
  endfacet
  facet normal 0 0 -1
    outer loop
      vertex -38.5207 -31.5026 0
      vertex -37.2858 31.381 0
      vertex -37.2858 -31.381 0
    endloop
  endfacet
  facet normal 0 0 -1
    outer loop
      vertex -38.5207 -31.5026 0
      vertex -38.5207 31.5026 0
      vertex -37.2858 31.381 0
    endloop
  endfacet
  facet normal 0 0 -1
    outer loop
      vertex -39.7594 -31.5756 0
      vertex -38.5207 31.5026 0
      vertex -38.5207 -31.5026 0
    endloop
  endfacet
  facet normal 0 0 -1
    outer loop
      vertex -39.7594 -31.5756 0
      vertex -39.7594 31.5756 0
      vertex -38.5207 31.5026 0
    endloop
  endfacet
  facet normal 0 0 -1
    outer loop
      vertex -41 -31.6 0
      vertex -39.7594 31.5756 0
      vertex -39.7594 -31.5756 0
    endloop
  endfacet
  facet normal 0 0 -1
    outer loop
      vertex -41 -31.6 0
      vertex -41 31.6 0
      vertex -39.7594 31.5756 0
    endloop
  endfacet
  facet normal 0 0 -1
    outer loop
      vertex -42.2406 -31.5756 0
      vertex -41 31.6 0
      vertex -41 -31.6 0
    endloop
  endfacet
  facet normal 0 0 -1
    outer loop
      vertex -42.2406 -31.5756 0
      vertex -42.2406 31.5756 0
      vertex -41 31.6 0
    endloop
  endfacet
  facet normal 0 0 -1
    outer loop
      vertex -43.4793 -31.5026 0
      vertex -42.2406 31.5756 0
      vertex -42.2406 -31.5756 0
    endloop
  endfacet
  facet normal 0 0 -1
    outer loop
      vertex -43.4793 -31.5026 0
      vertex -43.4793 31.5026 0
      vertex -42.2406 31.5756 0
    endloop
  endfacet
  facet normal 0 0 -1
    outer loop
      vertex -44.7142 -31.381 0
      vertex -43.4793 31.5026 0
      vertex -43.4793 -31.5026 0
    endloop
  endfacet
  facet normal 0 0 -1
    outer loop
      vertex -44.7142 -31.381 0
      vertex -44.7142 31.381 0
      vertex -43.4793 31.5026 0
    endloop
  endfacet
  facet normal 0 0 -1
    outer loop
      vertex -45.9433 -31.211 0
      vertex -44.7142 31.381 0
      vertex -44.7142 -31.381 0
    endloop
  endfacet
  facet normal 0 0 -1
    outer loop
      vertex -45.9433 -31.211 0
      vertex -45.9433 31.211 0
      vertex -44.7142 31.381 0
    endloop
  endfacet
  facet normal 0 0 -1
    outer loop
      vertex -47.1649 -30.9928 0
      vertex -45.9433 31.211 0
      vertex -45.9433 -31.211 0
    endloop
  endfacet
  facet normal 0 0 -1
    outer loop
      vertex -47.1649 -30.9928 0
      vertex -47.1649 30.9928 0
      vertex -45.9433 31.211 0
    endloop
  endfacet
  facet normal 0 0 -1
    outer loop
      vertex -48.3769 -30.7269 0
      vertex -47.1649 30.9928 0
      vertex -47.1649 -30.9928 0
    endloop
  endfacet
  facet normal 0 0 -1
    outer loop
      vertex -48.3769 -30.7269 0
      vertex -48.3769 30.7269 0
      vertex -47.1649 30.9928 0
    endloop
  endfacet
  facet normal 0 0 -1
    outer loop
      vertex -49.5775 -30.4136 0
      vertex -48.3769 30.7269 0
      vertex -48.3769 -30.7269 0
    endloop
  endfacet
  facet normal 0 0 -1
    outer loop
      vertex -49.5775 -30.4136 0
      vertex -49.5775 30.4136 0
      vertex -48.3769 30.7269 0
    endloop
  endfacet
  facet normal 0 0 -1
    outer loop
      vertex -50.7649 -30.0534 0
      vertex -49.5775 30.4136 0
      vertex -49.5775 -30.4136 0
    endloop
  endfacet
  facet normal 0 0 -1
    outer loop
      vertex -50.7649 -30.0534 0
      vertex -50.7649 30.0534 0
      vertex -49.5775 30.4136 0
    endloop
  endfacet
  facet normal 0 0 -1
    outer loop
      vertex -51.9373 -29.6468 0
      vertex -50.7649 30.0534 0
      vertex -50.7649 -30.0534 0
    endloop
  endfacet
  facet normal 0 0 -1
    outer loop
      vertex -51.9373 -29.6468 0
      vertex -51.9373 29.6468 0
      vertex -50.7649 30.0534 0
    endloop
  endfacet
  facet normal 0 0 -1
    outer loop
      vertex -53.0928 -29.1946 0
      vertex -51.9373 29.6468 0
      vertex -51.9373 -29.6468 0
    endloop
  endfacet
  facet normal 0 0 -1
    outer loop
      vertex -53.0928 -29.1946 0
      vertex -53.0928 29.1946 0
      vertex -51.9373 29.6468 0
    endloop
  endfacet
  facet normal 0 0 -1
    outer loop
      vertex -54.2296 -28.6973 0
      vertex -53.0928 29.1946 0
      vertex -53.0928 -29.1946 0
    endloop
  endfacet
  facet normal 0 0 -1
    outer loop
      vertex -54.2296 -28.6973 0
      vertex -54.2296 28.6973 0
      vertex -53.0928 29.1946 0
    endloop
  endfacet
  facet normal 0 0 -1
    outer loop
      vertex -55.3461 -28.1558 0
      vertex -54.2296 28.6973 0
      vertex -54.2296 -28.6973 0
    endloop
  endfacet
  facet normal 0 0 -1
    outer loop
      vertex -55.3461 -28.1558 0
      vertex -55.3461 28.1558 0
      vertex -54.2296 28.6973 0
    endloop
  endfacet
  facet normal 0 0 -1
    outer loop
      vertex -56.4404 -27.5709 0
      vertex -55.3461 28.1558 0
      vertex -55.3461 -28.1558 0
    endloop
  endfacet
  facet normal 0 0 -1
    outer loop
      vertex -56.4404 -27.5709 0
      vertex -56.4404 27.5709 0
      vertex -55.3461 28.1558 0
    endloop
  endfacet
  facet normal 0 0 -1
    outer loop
      vertex -57.511 -26.9434 0
      vertex -56.4404 27.5709 0
      vertex -56.4404 -27.5709 0
    endloop
  endfacet
  facet normal 0 0 -1
    outer loop
      vertex -57.511 -26.9434 0
      vertex -57.511 26.9434 0
      vertex -56.4404 27.5709 0
    endloop
  endfacet
  facet normal 0 0 -1
    outer loop
      vertex -58.556 -26.2744 0
      vertex -57.511 26.9434 0
      vertex -57.511 -26.9434 0
    endloop
  endfacet
  facet normal 0 0 -1
    outer loop
      vertex -58.556 -26.2744 0
      vertex -58.556 26.2744 0
      vertex -57.511 26.9434 0
    endloop
  endfacet
  facet normal 0 0 -1
    outer loop
      vertex -59.574 -25.5649 0
      vertex -58.556 26.2744 0
      vertex -58.556 -26.2744 0
    endloop
  endfacet
  facet normal 0 0 -1
    outer loop
      vertex -59.574 -25.5649 0
      vertex -59.574 25.5649 0
      vertex -58.556 26.2744 0
    endloop
  endfacet
  facet normal 0 0 -1
    outer loop
      vertex -60.5634 -24.816 0
      vertex -59.574 25.5649 0
      vertex -59.574 -25.5649 0
    endloop
  endfacet
  facet normal 0 0 -1
    outer loop
      vertex -60.5634 -24.816 0
      vertex -60.5634 24.816 0
      vertex -59.574 25.5649 0
    endloop
  endfacet
  facet normal 0 0 -1
    outer loop
      vertex -61.5226 -24.0288 0
      vertex -60.5634 24.816 0
      vertex -60.5634 -24.816 0
    endloop
  endfacet
  facet normal 0 0 -1
    outer loop
      vertex -61.5226 -24.0288 0
      vertex -61.5226 24.0288 0
      vertex -60.5634 24.816 0
    endloop
  endfacet
  facet normal 0 0 -1
    outer loop
      vertex -62.4501 -23.2046 0
      vertex -61.5226 24.0288 0
      vertex -61.5226 -24.0288 0
    endloop
  endfacet
  facet normal 0 0 -1
    outer loop
      vertex -62.4501 -23.2046 0
      vertex -62.4501 23.2046 0
      vertex -61.5226 24.0288 0
    endloop
  endfacet
  facet normal 0 0 -1
    outer loop
      vertex -63.3446 -22.3446 0
      vertex -62.4501 23.2046 0
      vertex -62.4501 -23.2046 0
    endloop
  endfacet
  facet normal 0 0 -1
    outer loop
      vertex -63.3446 -22.3446 0
      vertex -63.3446 22.3446 0
      vertex -62.4501 23.2046 0
    endloop
  endfacet
  facet normal 0 0 -1
    outer loop
      vertex -64.2046 -21.4501 0
      vertex -63.3446 22.3446 0
      vertex -63.3446 -22.3446 0
    endloop
  endfacet
  facet normal 0 0 -1
    outer loop
      vertex -64.2046 -21.4501 0
      vertex -64.2046 21.4501 0
      vertex -63.3446 22.3446 0
    endloop
  endfacet
  facet normal 0 0 -1
    outer loop
      vertex -65.0288 -20.5226 0
      vertex -64.2046 21.4501 0
      vertex -64.2046 -21.4501 0
    endloop
  endfacet
  facet normal 0 0 -1
    outer loop
      vertex -65.0288 -20.5226 0
      vertex -65.0288 20.5226 0
      vertex -64.2046 21.4501 0
    endloop
  endfacet
  facet normal 0 0 -1
    outer loop
      vertex -65.816 -19.5634 0
      vertex -65.0288 20.5226 0
      vertex -65.0288 -20.5226 0
    endloop
  endfacet
  facet normal 0 0 -1
    outer loop
      vertex -65.816 -19.5634 0
      vertex -65.816 19.5634 0
      vertex -65.0288 20.5226 0
    endloop
  endfacet
  facet normal 0 0 -1
    outer loop
      vertex -66.5649 -18.574 0
      vertex -65.816 19.5634 0
      vertex -65.816 -19.5634 0
    endloop
  endfacet
  facet normal 0 0 -1
    outer loop
      vertex -66.5649 -18.574 0
      vertex -66.5649 18.574 0
      vertex -65.816 19.5634 0
    endloop
  endfacet
  facet normal 0 0 -1
    outer loop
      vertex -67.2744 -17.556 0
      vertex -66.5649 18.574 0
      vertex -66.5649 -18.574 0
    endloop
  endfacet
  facet normal 0 0 -1
    outer loop
      vertex -67.2744 -17.556 0
      vertex -67.2744 17.556 0
      vertex -66.5649 18.574 0
    endloop
  endfacet
  facet normal 0 0 -1
    outer loop
      vertex -67.9434 -16.511 0
      vertex -67.2744 17.556 0
      vertex -67.2744 -17.556 0
    endloop
  endfacet
  facet normal 0 0 -1
    outer loop
      vertex -67.9434 -16.511 0
      vertex -67.9434 16.511 0
      vertex -67.2744 17.556 0
    endloop
  endfacet
  facet normal 0 0 -1
    outer loop
      vertex -68.5709 -15.4404 0
      vertex -67.9434 16.511 0
      vertex -67.9434 -16.511 0
    endloop
  endfacet
  facet normal 0 0 -1
    outer loop
      vertex -68.5709 -15.4404 0
      vertex -68.5709 15.4404 0
      vertex -67.9434 16.511 0
    endloop
  endfacet
  facet normal 0 0 -1
    outer loop
      vertex -69.1558 -14.3461 0
      vertex -68.5709 15.4404 0
      vertex -68.5709 -15.4404 0
    endloop
  endfacet
  facet normal 0 0 -1
    outer loop
      vertex -69.1558 -14.3461 0
      vertex -69.1558 14.3461 0
      vertex -68.5709 15.4404 0
    endloop
  endfacet
  facet normal 0 0 -1
    outer loop
      vertex -69.6973 -13.2296 0
      vertex -69.1558 14.3461 0
      vertex -69.1558 -14.3461 0
    endloop
  endfacet
  facet normal 0 0 -1
    outer loop
      vertex -69.6973 -13.2296 0
      vertex -69.6973 13.2296 0
      vertex -69.1558 14.3461 0
    endloop
  endfacet
  facet normal 0 0 -1
    outer loop
      vertex -70.1946 -12.0928 0
      vertex -69.6973 13.2296 0
      vertex -69.6973 -13.2296 0
    endloop
  endfacet
  facet normal 0 0 -1
    outer loop
      vertex -70.1946 -12.0928 0
      vertex -70.1946 12.0928 0
      vertex -69.6973 13.2296 0
    endloop
  endfacet
  facet normal 0 0 -1
    outer loop
      vertex -70.6468 -10.9373 0
      vertex -70.1946 12.0928 0
      vertex -70.1946 -12.0928 0
    endloop
  endfacet
  facet normal 0 0 -1
    outer loop
      vertex -70.6468 -10.9373 0
      vertex -70.6468 10.9373 0
      vertex -70.1946 12.0928 0
    endloop
  endfacet
  facet normal 0 0 -1
    outer loop
      vertex -71.0534 -9.76494 0
      vertex -70.6468 10.9373 0
      vertex -70.6468 -10.9373 0
    endloop
  endfacet
  facet normal 0 0 -1
    outer loop
      vertex -71.0534 -9.76494 0
      vertex -71.0534 9.76494 0
      vertex -70.6468 10.9373 0
    endloop
  endfacet
  facet normal 0 0 -1
    outer loop
      vertex -71.4136 -8.57752 0
      vertex -71.0534 9.76494 0
      vertex -71.0534 -9.76494 0
    endloop
  endfacet
  facet normal 0 0 -1
    outer loop
      vertex -71.4136 -8.57752 0
      vertex -71.4136 8.57752 0
      vertex -71.0534 9.76494 0
    endloop
  endfacet
  facet normal 0 0 -1
    outer loop
      vertex -71.7269 -7.37687 0
      vertex -71.4136 8.57752 0
      vertex -71.4136 -8.57752 0
    endloop
  endfacet
  facet normal 0 0 -1
    outer loop
      vertex -71.7269 -7.37687 0
      vertex -71.7269 7.37687 0
      vertex -71.4136 8.57752 0
    endloop
  endfacet
  facet normal 0 0 -1
    outer loop
      vertex -71.9928 -6.16485 0
      vertex -71.7269 7.37687 0
      vertex -71.7269 -7.37687 0
    endloop
  endfacet
  facet normal 0 0 -1
    outer loop
      vertex -71.9928 -6.16485 0
      vertex -71.9928 6.16485 0
      vertex -71.7269 7.37687 0
    endloop
  endfacet
  facet normal 0 0 -1
    outer loop
      vertex -72.211 -4.94333 0
      vertex -71.9928 6.16485 0
      vertex -71.9928 -6.16485 0
    endloop
  endfacet
  facet normal 0 0 -1
    outer loop
      vertex -72.211 -4.94333 0
      vertex -72.211 4.94333 0
      vertex -71.9928 6.16485 0
    endloop
  endfacet
  facet normal 0 0 -1
    outer loop
      vertex -72.381 -3.71418 0
      vertex -72.211 4.94333 0
      vertex -72.211 -4.94333 0
    endloop
  endfacet
  facet normal 0 0 -1
    outer loop
      vertex -72.381 -3.71418 0
      vertex -72.381 3.71418 0
      vertex -72.211 4.94333 0
    endloop
  endfacet
  facet normal 0 0 -1
    outer loop
      vertex -72.5026 -2.47931 0
      vertex -72.381 3.71418 0
      vertex -72.381 -3.71418 0
    endloop
  endfacet
  facet normal 0 0 -1
    outer loop
      vertex -72.5026 -2.47931 0
      vertex -72.5026 2.47931 0
      vertex -72.381 3.71418 0
    endloop
  endfacet
  facet normal 0 0 -1
    outer loop
      vertex -72.5756 -1.24061 0
      vertex -72.5026 2.47931 0
      vertex -72.5026 -2.47931 0
    endloop
  endfacet
  facet normal 0 0 -1
    outer loop
      vertex -72.5756 -1.24061 0
      vertex -72.5756 1.24061 0
      vertex -72.5026 2.47931 0
    endloop
  endfacet
  facet normal 0 -0 -1
    outer loop
      vertex -72.5756 1.24061 0
      vertex -72.5756 -1.24061 0
      vertex -72.6 0 0
    endloop
  endfacet
  facet normal 0.324791 -0.93651 -0.132139
    outer loop
      vertex -30.0627 -29.6468 0
      vertex -28.9277 -37.1546 56
      vertex -31.2351 -30.0534 0
    endloop
  endfacet
  facet normal 0.324942 -0.936458 -0.132135
    outer loop
      vertex -28.9277 -37.1546 56
      vertex -30.0627 -29.6468 0
      vertex -28.8496 -37.1275 56
    endloop
  endfacet
  facet normal -0.989514 0.0583148 -0.13214
    outer loop
      vertex -72.5756 1.24061 0
      vertex -80.0317 1.61633 56
      vertex -72.5026 2.47931 0
    endloop
  endfacet
  facet normal -0.989561 0.0575187 -0.132141
    outer loop
      vertex -80.0317 1.61633 56
      vertex -72.5756 1.24061 0
      vertex -80.0365 1.53375 56
    endloop
  endfacet
  facet normal 0.250311 0.959106 -0.132139
    outer loop
      vertex -30.4758 37.6208 56
      vertex -33.6231 30.7269 0
      vertex -31.8801 37.9873 56
    endloop
  endfacet
  facet normal 0.361294 0.923042 -0.132139
    outer loop
      vertex -26.1269 36.123 56
      vertex -30.0627 29.6468 0
      vertex -27.4784 36.652 56
    endloop
  endfacet
  facet normal 0.936521 0.324757 -0.132139
    outer loop
      vertex -3.8725 12.1504 56
      vertex -11.3532 10.9373 0
      vertex -4.34799 13.5216 56
    endloop
  endfacet
  facet normal 0.834824 0.534423 -0.132139
    outer loop
      vertex -7.69019 20.4123 56
      vertex -14.0566 16.511 0
      vertex -8.47266 21.6346 56
    endloop
  endfacet
  facet normal 0.534259 0.834929 -0.132139
    outer loop
      vertex -23.444 26.2744 0
      vertex -19.3654 32.5273 56
      vertex -19.2957 32.4827 56
    endloop
  endfacet
  facet normal 0.53444 0.834813 -0.132139
    outer loop
      vertex -19.3654 32.5273 56
      vertex -23.444 26.2744 0
      vertex -24.489 26.9434 0
    endloop
  endfacet
  facet normal 0.287797 0.948532 -0.132137
    outer loop
      vertex -31.2351 30.0534 0
      vertex -30.3957 37.5999 56
      vertex -30.3166 37.5759 56
    endloop
  endfacet
  facet normal 0.287744 0.948548 -0.132138
    outer loop
      vertex -30.3957 37.5999 56
      vertex -31.2351 30.0534 0
      vertex -32.4225 30.4136 0
    endloop
  endfacet
  facet normal 0.212109 0.96827 -0.132146
    outer loop
      vertex -33.6231 30.7269 0
      vertex -33.3785 38.316 56
      vertex -33.2977 38.2983 56
    endloop
  endfacet
  facet normal 0.212414 0.968204 -0.132139
    outer loop
      vertex -33.3785 38.316 56
      vertex -33.6231 30.7269 0
      vertex -34.8351 30.9928 0
    endloop
  endfacet
  facet normal -0.397271 0.908138 -0.132139
    outer loop
      vertex -54.2296 28.6973 0
      vertex -55.9502 36.0929 56
      vertex -53.0928 29.1946 0
    endloop
  endfacet
  facet normal -0.397682 0.90796 -0.132128
    outer loop
      vertex -55.9502 36.0929 56
      vertex -54.2296 28.6973 0
      vertex -56.026 36.0597 56
    endloop
  endfacet
  facet normal 0.959178 0.250033 -0.132138
    outer loop
      vertex -3.3792 10.5242 56
      vertex -10.5864 8.57752 0
      vertex -3.40008 10.6043 56
    endloop
  endfacet
  facet normal 0.959116 0.250274 -0.132138
    outer loop
      vertex -10.5864 8.57752 0
      vertex -3.3792 10.5242 56
      vertex -10.2731 7.37687 0
    endloop
  endfacet
  facet normal 0.628833 -0.76623 -0.132138
    outer loop
      vertex -20.4774 -24.0288 0
      vertex -15.6922 -29.759 56
      vertex -21.4366 -24.816 0
    endloop
  endfacet
  facet normal 0.628663 -0.76637 -0.132138
    outer loop
      vertex -15.6922 -29.759 56
      vertex -20.4774 -24.0288 0
      vertex -15.6282 -29.7065 56
    endloop
  endfacet
  facet normal 0.658436 0.740946 -0.132139
    outer loop
      vertex -14.5434 28.7425 56
      vertex -20.4774 24.0288 0
      vertex -15.6282 29.7065 56
    endloop
  endfacet
  facet normal -0.975676 0.174913 -0.13214
    outer loop
      vertex -71.9928 6.16485 0
      vertex -79.3306 7.54009 56
      vertex -79.316 7.62153 56
    endloop
  endfacet
  facet normal -0.975785 0.174304 -0.13214
    outer loop
      vertex -79.3306 7.54009 56
      vertex -71.9928 6.16485 0
      vertex -72.211 4.94333 0
    endloop
  endfacet
  facet normal 0.948466 0.288017 -0.132132
    outer loop
      vertex -3.40008 10.6043 56
      vertex -10.9466 9.76494 0
      vertex -3.4241 10.6834 56
    endloop
  endfacet
  facet normal 0.948549 0.287739 -0.132139
    outer loop
      vertex -10.9466 9.76494 0
      vertex -3.40008 10.6043 56
      vertex -10.5864 8.57752 0
    endloop
  endfacet
  facet normal 0.0969716 0.986476 -0.132142
    outer loop
      vertex -37.2858 31.381 0
      vertex -37.9349 38.9462 56
      vertex -37.8525 38.9381 56
    endloop
  endfacet
  facet normal 0.0971363 0.98646 -0.132138
    outer loop
      vertex -37.9349 38.9462 56
      vertex -37.2858 31.381 0
      vertex -38.5207 31.5026 0
    endloop
  endfacet
  facet normal -0.95912 0.250257 -0.132138
    outer loop
      vertex -71.4136 8.57752 0
      vertex -78.6208 10.5242 56
      vertex -78.5999 10.6043 56
    endloop
  endfacet
  facet normal -0.959116 0.250274 -0.132138
    outer loop
      vertex -78.6208 10.5242 56
      vertex -71.4136 8.57752 0
      vertex -71.7269 7.37687 0
    endloop
  endfacet
  facet normal 0.891748 0.43281 -0.132139
    outer loop
      vertex -6.15524 17.6615 56
      vertex -12.8442 14.3461 0
      vertex -6.19135 17.7359 56
    endloop
  endfacet
  facet normal 0.891872 0.432556 -0.132139
    outer loop
      vertex -12.8442 14.3461 0
      vertex -6.15524 17.6615 56
      vertex -12.3027 13.2296 0
    endloop
  endfacet
  facet normal 0.948555 0.287722 -0.132139
    outer loop
      vertex -3.4241 10.6834 56
      vertex -10.9466 9.76494 0
      vertex -3.84539 12.0723 56
    endloop
  endfacet
  facet normal 0.975794 0.174257 -0.132139
    outer loop
      vertex -2.41431 6.11137 56
      vertex -9.78905 4.94333 0
      vertex -2.66945 7.54009 56
    endloop
  endfacet
  facet normal 0.740988 0.65839 -0.132138
    outer loop
      vertex -12.2575 26.4566 56
      vertex -17.7954 21.4501 0
      vertex -12.3125 26.5185 56
    endloop
  endfacet
  facet normal 0.740952 0.658429 -0.132138
    outer loop
      vertex -17.7954 21.4501 0
      vertex -12.2575 26.4566 56
      vertex -16.9712 20.5226 0
    endloop
  endfacet
  facet normal 0.714558 0.686983 -0.132139
    outer loop
      vertex -12.3125 26.5185 56
      vertex -18.6554 22.3446 0
      vertex -12.3698 26.5781 56
    endloop
  endfacet
  facet normal 0.714551 0.686991 -0.132138
    outer loop
      vertex -18.6554 22.3446 0
      vertex -12.3125 26.5185 56
      vertex -17.7954 21.4501 0
    endloop
  endfacet
  facet normal 0.908178 0.397178 -0.132141
    outer loop
      vertex -4.90711 14.9502 56
      vertex -12.3027 13.2296 0
      vertex -4.94026 15.026 56
    endloop
  endfacet
  facet normal 0.908138 0.397271 -0.132139
    outer loop
      vertex -12.3027 13.2296 0
      vertex -4.90711 14.9502 56
      vertex -11.8054 12.0928 0
    endloop
  endfacet
  facet normal 0.975801 0.174216 -0.132139
    outer loop
      vertex -2.66945 7.54009 56
      vertex -10.0072 6.16485 0
      vertex -2.68399 7.62153 56
    endloop
  endfacet
  facet normal 0.975792 0.174266 -0.132139
    outer loop
      vertex -10.0072 6.16485 0
      vertex -2.66945 7.54009 56
      vertex -9.78905 4.94333 0
    endloop
  endfacet
  facet normal 0.989512 0.0583544 -0.132139
    outer loop
      vertex -1.96832 1.61633 56
      vertex -9.49741 2.47931 0
      vertex -2.05376 3.06513 56
    endloop
  endfacet
  facet normal 0.989512 0.0583546 -0.132139
    outer loop
      vertex -9.42436 1.24061 0
      vertex -1.96832 1.61633 56
      vertex -1.96345 1.53375 56
    endloop
  endfacet
  facet normal 0.989512 0.0583546 -0.132139
    outer loop
      vertex -1.96832 1.61633 56
      vertex -9.42436 1.24061 0
      vertex -9.49741 2.47931 0
    endloop
  endfacet
  facet normal 0.986457 0.0971719 -0.132138
    outer loop
      vertex -2.05376 3.06513 56
      vertex -9.61904 3.71418 0
      vertex -2.06187 3.14746 56
    endloop
  endfacet
  facet normal 0.986458 0.0971623 -0.132139
    outer loop
      vertex -9.61904 3.71418 0
      vertex -2.05376 3.06513 56
      vertex -9.49741 2.47931 0
    endloop
  endfacet
  facet normal 0.174289 -0.975788 0.132138
    outer loop
      vertex -45.5366 28.643 3
      vertex -46.7255 36.1494 60
      vertex -48.0843 35.9067 60
    endloop
  endfacet
  facet normal 0.766255 0.628803 0.132139
    outer loop
      vertex -68.867 -23.7258 60
      vertex -63.7742 -17.9537 3
      vertex -69.7426 -22.6588 60
    endloop
  endfacet
  facet normal 0.90817 0.397199 0.132139
    outer loop
      vertex -74.2609 -15.2708 60
      vertex -67.3362 -12.1411 3
      vertex -67.7925 -11.0978 3
    endloop
  endfacet
  facet normal 0.907443 0.398857 0.132142
    outer loop
      vertex -67.3362 -12.1411 3
      vertex -74.2609 -15.2708 60
      vertex -74.238 -15.3229 60
    endloop
  endfacet
  facet normal 0.908167 0.397206 0.132139
    outer loop
      vertex -74.2609 -15.2708 60
      vertex -67.7925 -11.0978 3
      vertex -74.814 -14.0062 60
    endloop
  endfacet
  facet normal 0.834853 -0.534378 0.132137
    outer loop
      vertex -65.7266 15.1525 3
      vertex -71.4625 20.2859 60
      vertex -72.2066 19.1234 60
    endloop
  endfacet
  facet normal 0.212475 0.968191 0.132139
    outer loop
      vertex -47.7699 -28.1987 3
      vertex -49.4885 -35.6009 60
      vertex -46.6576 -28.4428 3
    endloop
  endfacet
  facet normal 0.212446 0.968197 0.132139
    outer loop
      vertex -49.4885 -35.6009 60
      vertex -47.7699 -28.1987 3
      vertex -49.5441 -35.5887 60
    endloop
  endfacet
  facet normal 0.766255 -0.628803 0.132139
    outer loop
      vertex -63.7742 17.9537 3
      vertex -68.867 23.7258 60
      vertex -69.7426 22.6588 60
    endloop
  endfacet
  facet normal 0.0592283 0.98946 0.132137
    outer loop
      vertex -42.1385 -28.9776 3
      vertex -42.4937 -36.5684 60
      vertex -42.4369 -36.5718 60
    endloop
  endfacet
  facet normal 0.0583194 0.989514 0.132139
    outer loop
      vertex -42.4937 -36.5684 60
      vertex -42.1385 -28.9776 3
      vertex -43.2753 -28.9106 3
    endloop
  endfacet
  facet normal 0.740952 0.65843 0.132137
    outer loop
      vertex -67.914 -24.8015 60
      vertex -62.2954 -19.6852 3
      vertex -63.0518 -18.834 3
    endloop
  endfacet
  facet normal 0.741432 0.65789 0.132136
    outer loop
      vertex -62.2954 -19.6852 3
      vertex -67.914 -24.8015 60
      vertex -67.8762 -24.8441 60
    endloop
  endfacet
  facet normal 0.567382 -0.812783 0.132139
    outer loop
      vertex -58.0458 23.4615 3
      vertex -62.4662 29.6426 60
      vertex -62.5129 29.61 60
    endloop
  endfacet
  facet normal 0.566733 -0.813237 0.132138
    outer loop
      vertex -62.4662 29.6426 60
      vertex -58.0458 23.4615 3
      vertex -57.1115 24.1126 3
    endloop
  endfacet
  facet normal 0.790313 0.598284 0.132138
    outer loop
      vertex -70.61 -21.5129 60
      vertex -63.7742 -17.9537 3
      vertex -64.4615 -17.0458 3
    endloop
  endfacet
  facet normal 0.790888 0.597521 0.132159
    outer loop
      vertex -63.7742 -17.9537 3
      vertex -70.61 -21.5129 60
      vertex -70.5757 -21.5583 60
    endloop
  endfacet
  facet normal 0.135793 -0.981886 0.132138
    outer loop
      vertex -45.5366 28.643 3
      vertex -45.3019 36.3463 60
      vertex -45.3583 36.3385 60
    endloop
  endfacet
  facet normal 0.135793 -0.981886 0.132138
    outer loop
      vertex -45.3019 36.3463 60
      vertex -45.5366 28.643 3
      vertex -44.4086 28.799 3
    endloop
  endfacet
  facet normal 0.813197 -0.566789 0.13214
    outer loop
      vertex -65.1126 16.1115 3
      vertex -70.6426 21.4662 60
      vertex -71.4318 20.3339 60
    endloop
  endfacet
  facet normal 0.135806 -0.981884 0.132138
    outer loop
      vertex -45.5366 28.643 3
      vertex -45.3583 36.3385 60
      vertex -46.7255 36.1494 60
    endloop
  endfacet
  facet normal 0.9758 -0.174226 0.132138
    outer loop
      vertex -69.643 4.5366 3
      vertex -76.9068 7.08425 60
      vertex -77.1494 5.7255 60
    endloop
  endfacet
  facet normal 0.397206 0.908167 0.132139
    outer loop
      vertex -55.0062 -33.814 60
      vertex -52.0978 -26.7925 3
      vertex -56.2708 -33.2609 60
    endloop
  endfacet
  facet normal 0.741432 -0.65789 0.132136
    outer loop
      vertex -67.914 24.8015 60
      vertex -62.2954 19.6852 3
      vertex -67.8762 24.8441 60
    endloop
  endfacet
  facet normal 0.740952 -0.65843 0.132137
    outer loop
      vertex -62.2954 19.6852 3
      vertex -67.914 24.8015 60
      vertex -63.0518 18.834 3
    endloop
  endfacet
  facet normal 0.212427 0.968202 0.132138
    outer loop
      vertex -48.1403 -35.8967 60
      vertex -46.6576 -28.4428 3
      vertex -49.4885 -35.6009 60
    endloop
  endfacet
  facet normal 0.467259 0.87419 0.132139
    outer loop
      vertex -57.6663 -32.584 60
      vertex -55.17 -25.3024 3
      vertex -58.8835 -31.9334 60
    endloop
  endfacet
  facet normal 0.740915 0.658471 0.132139
    outer loop
      vertex -67.914 -24.8015 60
      vertex -63.0518 -18.834 3
      vertex -68.8309 -23.7698 60
    endloop
  endfacet
  facet normal 0.981884 0.135803 0.132138
    outer loop
      vertex -77.1494 -5.7255 60
      vertex -69.643 -4.5366 3
      vertex -77.3385 -4.35827 60
    endloop
  endfacet
  facet normal 0.907443 -0.398857 0.132142
    outer loop
      vertex -74.2609 15.2708 60
      vertex -67.3362 12.1411 3
      vertex -74.238 15.3229 60
    endloop
  endfacet
  facet normal 0.90817 -0.397199 0.132139
    outer loop
      vertex -67.3362 12.1411 3
      vertex -74.2609 15.2708 60
      vertex -67.7925 11.0978 3
    endloop
  endfacet
  facet normal 0.325437 -0.936285 0.132141
    outer loop
      vertex -51.0374 27.2075 3
      vertex -53.6141 34.3565 60
      vertex -53.6679 34.3378 60
    endloop
  endfacet
  facet normal 0.324765 -0.936518 0.13214
    outer loop
      vertex -53.6141 34.3565 60
      vertex -51.0374 27.2075 3
      vertex -49.9615 27.5806 3
    endloop
  endfacet
  facet normal 0.790314 0.598283 0.132138
    outer loop
      vertex -69.7426 -22.6588 60
      vertex -63.7742 -17.9537 3
      vertex -70.5757 -21.5583 60
    endloop
  endfacet
  facet normal 0.790314 -0.598283 0.132138
    outer loop
      vertex -63.7742 17.9537 3
      vertex -69.7426 22.6588 60
      vertex -70.5757 21.5583 60
    endloop
  endfacet
  facet normal 0.598283 -0.790314 0.132138
    outer loop
      vertex -58.9537 22.7742 3
      vertex -62.5583 29.5757 60
      vertex -63.6588 28.7426 60
    endloop
  endfacet
  facet normal 0.936526 -0.324743 0.13214
    outer loop
      vertex -68.5806 8.96149 3
      vertex -75.3565 12.6141 60
      vertex -75.8087 11.31 60
    endloop
  endfacet
  facet normal 0.981886 0.135793 0.132138
    outer loop
      vertex -69.643 -4.5366 3
      vertex -77.3463 -4.30187 60
      vertex -77.3385 -4.35827 60
    endloop
  endfacet
  facet normal 0.981886 0.13579 0.132138
    outer loop
      vertex -77.3463 -4.30187 60
      vertex -69.643 -4.5366 3
      vertex -69.799 -3.40858 3
    endloop
  endfacet
  facet normal 0.891877 0.432545 0.132137
    outer loop
      vertex -73.6357 -16.5648 60
      vertex -67.3362 -12.1411 3
      vertex -74.238 -15.3229 60
    endloop
  endfacet
  facet normal 0.250247 0.959122 0.132138
    outer loop
      vertex -48.8718 -27.9112 3
      vertex -50.8796 -35.2402 60
      vertex -47.7699 -28.1987 3
    endloop
  endfacet
  facet normal 0.249003 0.959446 0.132136
    outer loop
      vertex -50.8796 -35.2402 60
      vertex -48.8718 -27.9112 3
      vertex -50.9347 -35.2259 60
    endloop
  endfacet
  facet normal 0.628728 -0.766316 0.132138
    outer loop
      vertex -59.834 22.0518 3
      vertex -64.7258 27.867 60
      vertex -64.7698 27.8309 60
    endloop
  endfacet
  facet normal 0.628808 -0.766251 0.132139
    outer loop
      vertex -64.7258 27.867 60
      vertex -59.834 22.0518 3
      vertex -58.9537 22.7742 3
    endloop
  endfacet
  facet normal 0.855132 0.501287 0.132137
    outer loop
      vertex -72.2066 -19.1234 60
      vertex -65.7266 -15.1525 3
      vertex -72.9046 -17.9327 60
    endloop
  endfacet
  facet normal 0.986457 0.0971663 0.132139
    outer loop
      vertex -77.3519 -4.2452 60
      vertex -69.9106 -2.27531 3
      vertex -77.4872 -2.8716 60
    endloop
  endfacet
  facet normal 0.174267 0.975792 0.132138
    outer loop
      vertex -46.6576 -28.4428 3
      vertex -48.0843 -35.9067 60
      vertex -45.5366 -28.643 3
    endloop
  endfacet
  facet normal 0.174249 0.975796 0.132138
    outer loop
      vertex -48.0843 -35.9067 60
      vertex -46.6576 -28.4428 3
      vertex -48.1403 -35.8967 60
    endloop
  endfacet
  facet normal 0.975525 -0.175755 0.132141
    outer loop
      vertex -76.9068 7.08425 60
      vertex -69.4428 5.65762 3
      vertex -76.8967 7.14031 60
    endloop
  endfacet
  facet normal 0.975793 -0.174264 0.132139
    outer loop
      vertex -69.4428 5.65762 3
      vertex -76.9068 7.08425 60
      vertex -69.643 4.5366 3
    endloop
  endfacet
  facet normal 0.94821 -0.288866 0.132114
    outer loop
      vertex -76.2259 9.93472 60
      vertex -68.5806 8.96149 3
      vertex -76.2093 9.98921 60
    endloop
  endfacet
  facet normal 0.94854 -0.287769 0.132139
    outer loop
      vertex -68.5806 8.96149 3
      vertex -76.2259 9.93472 60
      vertex -68.9112 7.87177 3
    endloop
  endfacet
  facet normal 0.959435 -0.249046 0.132136
    outer loop
      vertex -76.2402 9.87963 60
      vertex -68.9112 7.87177 3
      vertex -76.2259 9.93472 60
    endloop
  endfacet
  facet normal 0.95912 -0.250256 0.132138
    outer loop
      vertex -68.9112 7.87177 3
      vertex -76.2402 9.87963 60
      vertex -69.1987 6.76991 3
    endloop
  endfacet
  facet normal 0.813197 0.566789 0.13214
    outer loop
      vertex -70.6426 -21.4662 60
      vertex -65.1126 -16.1115 3
      vertex -71.4318 -20.3339 60
    endloop
  endfacet
  facet normal 0.714525 -0.687018 0.132138
    outer loop
      vertex -61.5061 20.5061 3
      vertex -66.8801 25.8801 60
      vertex -67.8367 24.8852 60
    endloop
  endfacet
  facet normal 0.790888 -0.597521 0.132159
    outer loop
      vertex -70.61 21.5129 60
      vertex -63.7742 17.9537 3
      vertex -70.5757 21.5583 60
    endloop
  endfacet
  facet normal 0.790313 -0.598284 0.132138
    outer loop
      vertex -63.7742 17.9537 3
      vertex -70.61 21.5129 60
      vertex -64.4615 17.0458 3
    endloop
  endfacet
  facet normal 0.0194617 -0.99104 0.132139
    outer loop
      vertex -41 29 3
      vertex -41 36.6 60
      vertex -42.38 36.5729 60
    endloop
  endfacet
  facet normal 0.981884 -0.135803 0.132138
    outer loop
      vertex -69.643 4.5366 3
      vertex -77.1494 5.7255 60
      vertex -77.3385 4.35827 60
    endloop
  endfacet
  facet normal 0.534378 0.834853 0.132137
    outer loop
      vertex -60.1234 -31.2066 60
      vertex -56.1525 -24.7266 3
      vertex -61.2859 -30.4625 60
    endloop
  endfacet
  facet normal 0.936526 0.324743 0.13214
    outer loop
      vertex -75.3565 -12.6141 60
      vertex -68.5806 -8.96149 3
      vertex -75.8087 -11.31 60
    endloop
  endfacet
  facet normal 0.432606 0.891847 0.132139
    outer loop
      vertex -54.1657 -25.8392 3
      vertex -57.5648 -32.6357 60
      vertex -53.1411 -26.3362 3
    endloop
  endfacet
  facet normal 0.432832 0.891738 0.132139
    outer loop
      vertex -57.5648 -32.6357 60
      vertex -54.1657 -25.8392 3
      vertex -57.6161 -32.6108 60
    endloop
  endfacet
  facet normal 0.99104 0.019462 0.132139
    outer loop
      vertex -77.5729 -1.37998 60
      vertex -70 0 3
      vertex -77.6 0 60
    endloop
  endfacet
  facet normal 0.94856 0.287702 0.13214
    outer loop
      vertex -75.8087 -11.31 60
      vertex -68.5806 -8.96149 3
      vertex -76.2093 -9.98921 60
    endloop
  endfacet
  facet normal 0.986457 -0.0971663 0.132139
    outer loop
      vertex -69.9106 2.27531 3
      vertex -77.3519 4.2452 60
      vertex -77.4872 2.8716 60
    endloop
  endfacet
  facet normal 0.99104 -0.019462 0.132139
    outer loop
      vertex -70 0 3
      vertex -77.5729 1.37998 60
      vertex -77.6 0 60
    endloop
  endfacet
  facet normal 0.94854 0.287769 0.132139
    outer loop
      vertex -76.2259 -9.93472 60
      vertex -68.5806 -8.96149 3
      vertex -68.9112 -7.87177 3
    endloop
  endfacet
  facet normal 0.94821 0.288866 0.132114
    outer loop
      vertex -68.5806 -8.96149 3
      vertex -76.2259 -9.93472 60
      vertex -76.2093 -9.98921 60
    endloop
  endfacet
  facet normal 0.959115 0.250276 0.132139
    outer loop
      vertex -76.2402 -9.87963 60
      vertex -69.1987 -6.76991 3
      vertex -76.5887 -8.5441 60
    endloop
  endfacet
  facet normal 0.968191 0.212476 0.132139
    outer loop
      vertex -76.6009 -8.48849 60
      vertex -69.1987 -6.76991 3
      vertex -69.4428 -5.65762 3
    endloop
  endfacet
  facet normal 0.968205 0.21241 0.132138
    outer loop
      vertex -69.1987 -6.76991 3
      vertex -76.6009 -8.48849 60
      vertex -76.5887 -8.5441 60
    endloop
  endfacet
  facet normal 0.135793 0.981886 0.132138
    outer loop
      vertex -45.5366 -28.643 3
      vertex -45.3019 -36.3463 60
      vertex -44.4086 -28.799 3
    endloop
  endfacet
  facet normal 0.135793 0.981886 0.132138
    outer loop
      vertex -45.3019 -36.3463 60
      vertex -45.5366 -28.643 3
      vertex -45.3583 -36.3385 60
    endloop
  endfacet
  facet normal 0.989514 0.0583145 0.132139
    outer loop
      vertex -77.4872 -2.8716 60
      vertex -69.9106 -2.27531 3
      vertex -77.5684 -1.49375 60
    endloop
  endfacet
  facet normal 0.714525 0.687018 0.132138
    outer loop
      vertex -66.8801 -25.8801 60
      vertex -61.5061 -20.5061 3
      vertex -67.8367 -24.8852 60
    endloop
  endfacet
  facet normal 0.908167 -0.397206 0.132139
    outer loop
      vertex -67.7925 11.0978 3
      vertex -74.2609 15.2708 60
      vertex -74.814 14.0062 60
    endloop
  endfacet
  facet normal 0.891877 -0.432545 0.132137
    outer loop
      vertex -67.3362 12.1411 3
      vertex -73.6357 16.5648 60
      vertex -74.238 15.3229 60
    endloop
  endfacet
  facet normal 0.501287 -0.855132 0.132137
    outer loop
      vertex -56.1525 24.7266 3
      vertex -58.9327 31.9046 60
      vertex -60.1234 31.2066 60
    endloop
  endfacet
  facet normal 0.959115 -0.250276 0.132139
    outer loop
      vertex -69.1987 6.76991 3
      vertex -76.2402 9.87963 60
      vertex -76.5887 8.5441 60
    endloop
  endfacet
  facet normal 0.834791 0.534475 0.132139
    outer loop
      vertex -71.4625 -20.2859 60
      vertex -65.1126 -16.1115 3
      vertex -65.7266 -15.1525 3
    endloop
  endfacet
  facet normal 0.835044 0.53408 0.132139
    outer loop
      vertex -65.1126 -16.1115 3
      vertex -71.4625 -20.2859 60
      vertex -71.4318 -20.3339 60
    endloop
  endfacet
  facet normal 0.0194617 0.99104 0.132139
    outer loop
      vertex -41 -36.6 60
      vertex -41 -29 3
      vertex -42.38 -36.5729 60
    endloop
  endfacet
  facet normal 0.936285 -0.325437 0.13214
    outer loop
      vertex -75.3565 12.6141 60
      vertex -68.2076 10.0374 3
      vertex -75.3378 12.6679 60
    endloop
  endfacet
  facet normal 0.936546 -0.324685 0.132138
    outer loop
      vertex -68.2076 10.0374 3
      vertex -75.3565 12.6141 60
      vertex -68.5806 8.96149 3
    endloop
  endfacet
  facet normal 0.98646 0.0971427 0.132139
    outer loop
      vertex -77.3519 -4.2452 60
      vertex -69.799 -3.40858 3
      vertex -69.9106 -2.27531 3
    endloop
  endfacet
  facet normal 0.986427 0.0974764 0.132139
    outer loop
      vertex -69.799 -3.40858 3
      vertex -77.3519 -4.2452 60
      vertex -77.3463 -4.30187 60
    endloop
  endfacet
  facet normal 0.87416 0.467315 0.132138
    outer loop
      vertex -72.9333 -17.8835 60
      vertex -66.3024 -14.17 3
      vertex -73.584 -16.6663 60
    endloop
  endfacet
  facet normal 0.398857 -0.907443 0.132142
    outer loop
      vertex -53.1411 26.3362 3
      vertex -56.2708 33.2609 60
      vertex -56.3229 33.238 60
    endloop
  endfacet
  facet normal 0.397199 -0.90817 0.132139
    outer loop
      vertex -56.2708 33.2609 60
      vertex -53.1411 26.3362 3
      vertex -52.0978 26.7925 3
    endloop
  endfacet
  facet normal 0.714679 -0.686857 0.132143
    outer loop
      vertex -67.8762 24.8441 60
      vertex -61.5061 20.5061 3
      vertex -67.8367 24.8852 60
    endloop
  endfacet
  facet normal 0.714524 -0.687019 0.132138
    outer loop
      vertex -61.5061 20.5061 3
      vertex -67.8762 24.8441 60
      vertex -62.2954 19.6852 3
    endloop
  endfacet
  facet normal 0.628803 0.766255 0.132139
    outer loop
      vertex -63.6588 -28.7426 60
      vertex -58.9537 -22.7742 3
      vertex -64.7258 -27.867 60
    endloop
  endfacet
  facet normal 0.566733 0.813237 0.132138
    outer loop
      vertex -58.0458 -23.4615 3
      vertex -62.4662 -29.6426 60
      vertex -57.1115 -24.1126 3
    endloop
  endfacet
  facet normal 0.567382 0.812783 0.132139
    outer loop
      vertex -62.4662 -29.6426 60
      vertex -58.0458 -23.4615 3
      vertex -62.5129 -29.61 60
    endloop
  endfacet
  facet normal 0.628803 -0.766255 0.132139
    outer loop
      vertex -58.9537 22.7742 3
      vertex -63.6588 28.7426 60
      vertex -64.7258 27.867 60
    endloop
  endfacet
  facet normal 0.397199 0.90817 0.132139
    outer loop
      vertex -53.1411 -26.3362 3
      vertex -56.2708 -33.2609 60
      vertex -52.0978 -26.7925 3
    endloop
  endfacet
  facet normal 0.398857 0.907443 0.132142
    outer loop
      vertex -56.2708 -33.2609 60
      vertex -53.1411 -26.3362 3
      vertex -56.3229 -33.238 60
    endloop
  endfacet
  facet normal 0.714524 0.687019 0.132138
    outer loop
      vertex -67.8762 -24.8441 60
      vertex -61.5061 -20.5061 3
      vertex -62.2954 -19.6852 3
    endloop
  endfacet
  facet normal 0.714679 0.686857 0.132143
    outer loop
      vertex -61.5061 -20.5061 3
      vertex -67.8762 -24.8441 60
      vertex -67.8367 -24.8852 60
    endloop
  endfacet
  facet normal 0.989463 0.0591867 0.132138
    outer loop
      vertex -77.5684 -1.49375 60
      vertex -69.9776 -1.13853 3
      vertex -77.5718 -1.43691 60
    endloop
  endfacet
  facet normal 0.989514 0.0583204 0.132139
    outer loop
      vertex -69.9776 -1.13853 3
      vertex -77.5684 -1.49375 60
      vertex -69.9106 -2.27531 3
    endloop
  endfacet
  facet normal 0.991039 0.0194982 0.132139
    outer loop
      vertex -77.5729 -1.37998 60
      vertex -69.9776 -1.13853 3
      vertex -70 0 3
    endloop
  endfacet
  facet normal 0.991046 0.019149 0.132139
    outer loop
      vertex -69.9776 -1.13853 3
      vertex -77.5729 -1.37998 60
      vertex -77.5718 -1.43691 60
    endloop
  endfacet
  facet normal 0.686982 0.714559 0.132138
    outer loop
      vertex -65.8851 -26.8367 60
      vertex -61.5061 -20.5061 3
      vertex -66.8801 -25.8801 60
    endloop
  endfacet
  facet normal 0.687019 0.714524 0.132138
    outer loop
      vertex -61.5061 -20.5061 3
      vertex -65.8441 -26.8762 60
      vertex -60.6852 -21.2954 3
    endloop
  endfacet
  facet normal 0.687729 0.713845 0.132116
    outer loop
      vertex -65.8441 -26.8762 60
      vertex -61.5061 -20.5061 3
      vertex -65.8851 -26.8367 60
    endloop
  endfacet
  facet normal 0.813237 0.566733 0.132138
    outer loop
      vertex -70.6426 -21.4662 60
      vertex -64.4615 -17.0458 3
      vertex -65.1126 -16.1115 3
    endloop
  endfacet
  facet normal 0.812783 0.567382 0.132139
    outer loop
      vertex -64.4615 -17.0458 3
      vertex -70.6426 -21.4662 60
      vertex -70.61 -21.5129 60
    endloop
  endfacet
  facet normal 0.989465 -0.0591869 0.13212
    outer loop
      vertex -77.5718 1.43691 60
      vertex -69.9106 2.27531 3
      vertex -77.5684 1.49375 60
    endloop
  endfacet
  facet normal 0.989514 -0.0583204 0.13214
    outer loop
      vertex -69.9106 2.27531 3
      vertex -77.5718 1.43691 60
      vertex -69.9776 1.13853 3
    endloop
  endfacet
  facet normal 0.288817 -0.948225 0.132115
    outer loop
      vertex -49.9615 27.5806 3
      vertex -50.9347 35.2259 60
      vertex -50.9892 35.2093 60
    endloop
  endfacet
  facet normal 0.287774 -0.948539 0.132139
    outer loop
      vertex -50.9347 35.2259 60
      vertex -49.9615 27.5806 3
      vertex -48.8718 27.9112 3
    endloop
  endfacet
  facet normal 0.432545 0.891877 0.132137
    outer loop
      vertex -56.3229 -33.238 60
      vertex -53.1411 -26.3362 3
      vertex -57.5648 -32.6357 60
    endloop
  endfacet
  facet normal 0.94856 -0.287702 0.13214
    outer loop
      vertex -68.5806 8.96149 3
      vertex -75.8087 11.31 60
      vertex -76.2093 9.98921 60
    endloop
  endfacet
  facet normal 0.686982 -0.714559 0.132138
    outer loop
      vertex -61.5061 20.5061 3
      vertex -65.8851 26.8367 60
      vertex -66.8801 25.8801 60
    endloop
  endfacet
  facet normal 0.85519 0.501189 0.132138
    outer loop
      vertex -72.9333 -17.8835 60
      vertex -65.7266 -15.1525 3
      vertex -66.3024 -14.17 3
    endloop
  endfacet
  facet normal 0.8562 0.49945 0.132182
    outer loop
      vertex -65.7266 -15.1525 3
      vertex -72.9333 -17.8835 60
      vertex -72.9046 -17.9327 60
    endloop
  endfacet
  facet normal 0.0971663 0.986457 0.132139
    outer loop
      vertex -43.8716 -36.4872 60
      vertex -43.2753 -28.9106 3
      vertex -45.2452 -36.3519 60
    endloop
  endfacet
  facet normal 0.923308 -0.360613 0.132137
    outer loop
      vertex -74.8347 13.9532 60
      vertex -67.7925 11.0978 3
      vertex -74.814 14.0062 60
    endloop
  endfacet
  facet normal 0.923029 -0.361325 0.132138
    outer loop
      vertex -67.7925 11.0978 3
      vertex -74.8347 13.9532 60
      vertex -68.2076 10.0374 3
    endloop
  endfacet
  facet normal 0.65789 -0.741432 0.132136
    outer loop
      vertex -60.6852 21.2954 3
      vertex -65.8015 26.914 60
      vertex -65.8441 26.8762 60
    endloop
  endfacet
  facet normal 0.65843 -0.740952 0.132137
    outer loop
      vertex -65.8015 26.914 60
      vertex -60.6852 21.2954 3
      vertex -59.834 22.0518 3
    endloop
  endfacet
  facet normal 0.597521 -0.790888 0.132159
    outer loop
      vertex -58.9537 22.7742 3
      vertex -62.5129 29.61 60
      vertex -62.5583 29.5757 60
    endloop
  endfacet
  facet normal 0.598284 -0.790313 0.132138
    outer loop
      vertex -62.5129 29.61 60
      vertex -58.9537 22.7742 3
      vertex -58.0458 23.4615 3
    endloop
  endfacet
  facet normal 0.687729 -0.713845 0.132116
    outer loop
      vertex -61.5061 20.5061 3
      vertex -65.8441 26.8762 60
      vertex -65.8851 26.8367 60
    endloop
  endfacet
  facet normal 0.687019 -0.714524 0.132138
    outer loop
      vertex -65.8441 26.8762 60
      vertex -61.5061 20.5061 3
      vertex -60.6852 21.2954 3
    endloop
  endfacet
  facet normal 0.566789 0.813197 0.13214
    outer loop
      vertex -61.3339 -30.4318 60
      vertex -57.1115 -24.1126 3
      vertex -62.4662 -29.6426 60
    endloop
  endfacet
  facet normal 0.135806 0.981884 0.132138
    outer loop
      vertex -45.3583 -36.3385 60
      vertex -45.5366 -28.643 3
      vertex -46.7255 -36.1494 60
    endloop
  endfacet
  facet normal 0.766251 0.628808 0.132139
    outer loop
      vertex -68.867 -23.7258 60
      vertex -63.0518 -18.834 3
      vertex -63.7742 -17.9537 3
    endloop
  endfacet
  facet normal 0.766316 0.628728 0.132138
    outer loop
      vertex -63.0518 -18.834 3
      vertex -68.867 -23.7258 60
      vertex -68.8309 -23.7698 60
    endloop
  endfacet
  facet normal 0.598284 0.790313 0.132138
    outer loop
      vertex -58.9537 -22.7742 3
      vertex -62.5129 -29.61 60
      vertex -58.0458 -23.4615 3
    endloop
  endfacet
  facet normal 0.597521 0.790888 0.132159
    outer loop
      vertex -62.5129 -29.61 60
      vertex -58.9537 -22.7742 3
      vertex -62.5583 -29.5757 60
    endloop
  endfacet
  facet normal 0.65843 0.740952 0.132137
    outer loop
      vertex -60.6852 -21.2954 3
      vertex -65.8015 -26.914 60
      vertex -59.834 -22.0518 3
    endloop
  endfacet
  facet normal 0.65789 0.741432 0.132136
    outer loop
      vertex -65.8015 -26.914 60
      vertex -60.6852 -21.2954 3
      vertex -65.8441 -26.8762 60
    endloop
  endfacet
  facet normal 0.923039 0.361302 0.132138
    outer loop
      vertex -74.8347 -13.9532 60
      vertex -68.2076 -10.0374 3
      vertex -75.3378 -12.6679 60
    endloop
  endfacet
  facet normal 0.534378 -0.834853 0.132137
    outer loop
      vertex -56.1525 24.7266 3
      vertex -60.1234 31.2066 60
      vertex -61.2859 30.4625 60
    endloop
  endfacet
  facet normal 0.501189 0.855189 0.132139
    outer loop
      vertex -56.1525 -24.7266 3
      vertex -58.8835 -31.9334 60
      vertex -55.17 -25.3024 3
    endloop
  endfacet
  facet normal 0.500749 0.855446 0.13215
    outer loop
      vertex -58.8835 -31.9334 60
      vertex -56.1525 -24.7266 3
      vertex -58.9327 -31.9046 60
    endloop
  endfacet
  facet normal 0.467257 0.874191 0.132139
    outer loop
      vertex -55.17 -25.3024 3
      vertex -57.6161 -32.6108 60
      vertex -54.1657 -25.8392 3
    endloop
  endfacet
  facet normal 0.466823 0.874422 0.132149
    outer loop
      vertex -57.6161 -32.6108 60
      vertex -55.17 -25.3024 3
      vertex -57.6663 -32.584 60
    endloop
  endfacet
  facet normal 0.287774 0.948539 0.132139
    outer loop
      vertex -49.9615 -27.5806 3
      vertex -50.9347 -35.2259 60
      vertex -48.8718 -27.9112 3
    endloop
  endfacet
  facet normal 0.288817 0.948225 0.132115
    outer loop
      vertex -50.9347 -35.2259 60
      vertex -49.9615 -27.5806 3
      vertex -50.9892 -35.2093 60
    endloop
  endfacet
  facet normal 0.975793 0.174264 0.132139
    outer loop
      vertex -76.9068 -7.08425 60
      vertex -69.4428 -5.65762 3
      vertex -69.643 -4.5366 3
    endloop
  endfacet
  facet normal 0.975525 0.175755 0.132141
    outer loop
      vertex -69.4428 -5.65762 3
      vertex -76.9068 -7.08425 60
      vertex -76.8967 -7.14031 60
    endloop
  endfacet
  facet normal 0.968201 0.21243 0.132138
    outer loop
      vertex -76.6009 -8.48849 60
      vertex -69.4428 -5.65762 3
      vertex -76.8967 -7.14031 60
    endloop
  endfacet
  facet normal 0.923029 0.361325 0.132138
    outer loop
      vertex -74.8347 -13.9532 60
      vertex -67.7925 -11.0978 3
      vertex -68.2076 -10.0374 3
    endloop
  endfacet
  facet normal 0.923308 0.360613 0.132137
    outer loop
      vertex -67.7925 -11.0978 3
      vertex -74.8347 -13.9532 60
      vertex -74.814 -14.0062 60
    endloop
  endfacet
  facet normal 0.53408 -0.835044 0.132139
    outer loop
      vertex -57.1115 24.1126 3
      vertex -61.2859 30.4625 60
      vertex -61.3339 30.4318 60
    endloop
  endfacet
  facet normal 0.534475 -0.834791 0.132139
    outer loop
      vertex -61.2859 30.4625 60
      vertex -57.1115 24.1126 3
      vertex -56.1525 24.7266 3
    endloop
  endfacet
  facet normal 0.991046 -0.019149 0.132139
    outer loop
      vertex -77.5729 1.37998 60
      vertex -69.9776 1.13853 3
      vertex -77.5718 1.43691 60
    endloop
  endfacet
  facet normal 0.991039 -0.0194982 0.132139
    outer loop
      vertex -69.9776 1.13853 3
      vertex -77.5729 1.37998 60
      vertex -70 0 3
    endloop
  endfacet
  facet normal 0.466823 -0.874422 0.132149
    outer loop
      vertex -55.17 25.3024 3
      vertex -57.6161 32.6108 60
      vertex -57.6663 32.584 60
    endloop
  endfacet
  facet normal 0.467257 -0.874191 0.132139
    outer loop
      vertex -57.6161 32.6108 60
      vertex -55.17 25.3024 3
      vertex -54.1657 25.8392 3
    endloop
  endfacet
  facet normal 0.397206 -0.908167 0.132139
    outer loop
      vertex -52.0978 26.7925 3
      vertex -55.0062 33.814 60
      vertex -56.2708 33.2609 60
    endloop
  endfacet
  facet normal 0.891738 -0.432832 0.132139
    outer loop
      vertex -73.6357 16.5648 60
      vertex -66.8392 13.1657 3
      vertex -73.6108 16.6161 60
    endloop
  endfacet
  facet normal 0.891847 -0.432606 0.132139
    outer loop
      vertex -66.8392 13.1657 3
      vertex -73.6357 16.5648 60
      vertex -67.3362 12.1411 3
    endloop
  endfacet
  facet normal 0.874191 0.467257 0.132139
    outer loop
      vertex -73.6108 -16.6161 60
      vertex -66.3024 -14.17 3
      vertex -66.8392 -13.1657 3
    endloop
  endfacet
  facet normal 0.874422 0.466823 0.132149
    outer loop
      vertex -66.3024 -14.17 3
      vertex -73.6108 -16.6161 60
      vertex -73.584 -16.6663 60
    endloop
  endfacet
  facet normal 0.9758 0.174226 0.132138
    outer loop
      vertex -76.9068 -7.08425 60
      vertex -69.643 -4.5366 3
      vertex -77.1494 -5.7255 60
    endloop
  endfacet
  facet normal 0.658471 -0.740915 0.132139
    outer loop
      vertex -59.834 22.0518 3
      vertex -64.7698 27.8309 60
      vertex -65.8015 26.914 60
    endloop
  endfacet
  facet normal 0.95912 0.250256 0.132138
    outer loop
      vertex -76.2402 -9.87963 60
      vertex -68.9112 -7.87177 3
      vertex -69.1987 -6.76991 3
    endloop
  endfacet
  facet normal 0.959435 0.249046 0.132136
    outer loop
      vertex -68.9112 -7.87177 3
      vertex -76.2402 -9.87963 60
      vertex -76.2259 -9.93472 60
    endloop
  endfacet
  facet normal 0.936546 0.324685 0.132138
    outer loop
      vertex -75.3565 -12.6141 60
      vertex -68.2076 -10.0374 3
      vertex -68.5806 -8.96149 3
    endloop
  endfacet
  facet normal 0.936285 0.325437 0.13214
    outer loop
      vertex -68.2076 -10.0374 3
      vertex -75.3565 -12.6141 60
      vertex -75.3378 -12.6679 60
    endloop
  endfacet
  facet normal 0.855132 -0.501287 0.132137
    outer loop
      vertex -65.7266 15.1525 3
      vertex -72.2066 19.1234 60
      vertex -72.9046 17.9327 60
    endloop
  endfacet
  facet normal 0.534475 0.834791 0.132139
    outer loop
      vertex -57.1115 -24.1126 3
      vertex -61.2859 -30.4625 60
      vertex -56.1525 -24.7266 3
    endloop
  endfacet
  facet normal 0.53408 0.835044 0.132139
    outer loop
      vertex -61.2859 -30.4625 60
      vertex -57.1115 -24.1126 3
      vertex -61.3339 -30.4318 60
    endloop
  endfacet
  facet normal 0.0974254 -0.986432 0.132139
    outer loop
      vertex -44.4086 28.799 3
      vertex -45.2452 36.3519 60
      vertex -45.3019 36.3463 60
    endloop
  endfacet
  facet normal 0.0971401 -0.98646 0.132139
    outer loop
      vertex -45.2452 36.3519 60
      vertex -44.4086 28.799 3
      vertex -43.2753 28.9106 3
    endloop
  endfacet
  facet normal 0.628808 0.766251 0.132139
    outer loop
      vertex -59.834 -22.0518 3
      vertex -64.7258 -27.867 60
      vertex -58.9537 -22.7742 3
    endloop
  endfacet
  facet normal 0.628728 0.766316 0.132138
    outer loop
      vertex -64.7258 -27.867 60
      vertex -59.834 -22.0518 3
      vertex -64.7698 -27.8309 60
    endloop
  endfacet
  facet normal 0.835044 -0.53408 0.132139
    outer loop
      vertex -71.4625 20.2859 60
      vertex -65.1126 16.1115 3
      vertex -71.4318 20.3339 60
    endloop
  endfacet
  facet normal 0.834791 -0.534475 0.132139
    outer loop
      vertex -65.1126 16.1115 3
      vertex -71.4625 20.2859 60
      vertex -65.7266 15.1525 3
    endloop
  endfacet
  facet normal 0.968201 -0.21243 0.132138
    outer loop
      vertex -69.4428 5.65762 3
      vertex -76.6009 8.48849 60
      vertex -76.8967 7.14031 60
    endloop
  endfacet
  facet normal 0.989514 -0.0583145 0.132139
    outer loop
      vertex -69.9106 2.27531 3
      vertex -77.4872 2.8716 60
      vertex -77.5684 1.49375 60
    endloop
  endfacet
  facet normal 0.361301 0.923039 0.132139
    outer loop
      vertex -53.6679 -34.3378 60
      vertex -51.0374 -27.2075 3
      vertex -54.9532 -33.8347 60
    endloop
  endfacet
  facet normal 0.250282 -0.959113 0.132139
    outer loop
      vertex -47.7699 28.1987 3
      vertex -49.5441 35.5887 60
      vertex -50.8796 35.2402 60
    endloop
  endfacet
  facet normal 0.812783 -0.567382 0.132139
    outer loop
      vertex -70.6426 21.4662 60
      vertex -64.4615 17.0458 3
      vertex -70.61 21.5129 60
    endloop
  endfacet
  facet normal 0.813237 -0.566733 0.132138
    outer loop
      vertex -64.4615 17.0458 3
      vertex -70.6426 21.4662 60
      vertex -65.1126 16.1115 3
    endloop
  endfacet
  facet normal 0.0971663 -0.986457 0.132139
    outer loop
      vertex -43.2753 28.9106 3
      vertex -43.8716 36.4872 60
      vertex -45.2452 36.3519 60
    endloop
  endfacet
  facet normal 0.324765 0.936518 0.13214
    outer loop
      vertex -51.0374 -27.2075 3
      vertex -53.6141 -34.3565 60
      vertex -49.9615 -27.5806 3
    endloop
  endfacet
  facet normal 0.325437 0.936285 0.132141
    outer loop
      vertex -53.6141 -34.3565 60
      vertex -51.0374 -27.2075 3
      vertex -53.6679 -34.3378 60
    endloop
  endfacet
  facet normal 0.891847 0.432606 0.132139
    outer loop
      vertex -73.6357 -16.5648 60
      vertex -66.8392 -13.1657 3
      vertex -67.3362 -12.1411 3
    endloop
  endfacet
  facet normal 0.891738 0.432832 0.132139
    outer loop
      vertex -66.8392 -13.1657 3
      vertex -73.6357 -16.5648 60
      vertex -73.6108 -16.6161 60
    endloop
  endfacet
  facet normal 0.250282 0.959113 0.132139
    outer loop
      vertex -49.5441 -35.5887 60
      vertex -47.7699 -28.1987 3
      vertex -50.8796 -35.2402 60
    endloop
  endfacet
  facet normal 0.740915 -0.658471 0.132139
    outer loop
      vertex -63.0518 18.834 3
      vertex -67.914 24.8015 60
      vertex -68.8309 23.7698 60
    endloop
  endfacet
  facet normal 0.766316 -0.628728 0.132138
    outer loop
      vertex -68.867 23.7258 60
      vertex -63.0518 18.834 3
      vertex -68.8309 23.7698 60
    endloop
  endfacet
  facet normal 0.766251 -0.628808 0.132139
    outer loop
      vertex -63.0518 18.834 3
      vertex -68.867 23.7258 60
      vertex -63.7742 17.9537 3
    endloop
  endfacet
  facet normal 0.658471 0.740915 0.132139
    outer loop
      vertex -64.7698 -27.8309 60
      vertex -59.834 -22.0518 3
      vertex -65.8015 -26.914 60
    endloop
  endfacet
  facet normal 0.432832 -0.891738 0.132139
    outer loop
      vertex -54.1657 25.8392 3
      vertex -57.5648 32.6357 60
      vertex -57.6161 32.6108 60
    endloop
  endfacet
  facet normal 0.432606 -0.891847 0.132139
    outer loop
      vertex -57.5648 32.6357 60
      vertex -54.1657 25.8392 3
      vertex -53.1411 26.3362 3
    endloop
  endfacet
  facet normal 0.500749 -0.855446 0.13215
    outer loop
      vertex -56.1525 24.7266 3
      vertex -58.8835 31.9334 60
      vertex -58.9327 31.9046 60
    endloop
  endfacet
  facet normal 0.501189 -0.855189 0.132139
    outer loop
      vertex -58.8835 31.9334 60
      vertex -56.1525 24.7266 3
      vertex -55.17 25.3024 3
    endloop
  endfacet
  facet normal 0.834853 0.534378 0.132137
    outer loop
      vertex -71.4625 -20.2859 60
      vertex -65.7266 -15.1525 3
      vertex -72.2066 -19.1234 60
    endloop
  endfacet
  facet normal 0.2877 -0.948561 0.13214
    outer loop
      vertex -49.9615 27.5806 3
      vertex -50.9892 35.2093 60
      vertex -52.31 34.8087 60
    endloop
  endfacet
  facet normal 0.249003 -0.959446 0.132136
    outer loop
      vertex -48.8718 27.9112 3
      vertex -50.8796 35.2402 60
      vertex -50.9347 35.2259 60
    endloop
  endfacet
  facet normal 0.250247 -0.959122 0.132138
    outer loop
      vertex -50.8796 35.2402 60
      vertex -48.8718 27.9112 3
      vertex -47.7699 28.1987 3
    endloop
  endfacet
  facet normal 0.501287 0.855132 0.132137
    outer loop
      vertex -58.9327 -31.9046 60
      vertex -56.1525 -24.7266 3
      vertex -60.1234 -31.2066 60
    endloop
  endfacet
  facet normal 0.0191591 -0.991046 0.132139
    outer loop
      vertex -42.1385 28.9776 3
      vertex -42.38 36.5729 60
      vertex -42.4369 36.5718 60
    endloop
  endfacet
  facet normal 0.0194987 -0.991039 0.132139
    outer loop
      vertex -42.38 36.5729 60
      vertex -42.1385 28.9776 3
      vertex -41 29 3
    endloop
  endfacet
  facet normal 0.87416 -0.467315 0.132138
    outer loop
      vertex -66.3024 14.17 3
      vertex -72.9333 17.8835 60
      vertex -73.584 16.6663 60
    endloop
  endfacet
  facet normal 0.467259 -0.87419 0.132139
    outer loop
      vertex -55.17 25.3024 3
      vertex -57.6663 32.584 60
      vertex -58.8835 31.9334 60
    endloop
  endfacet
  facet normal 0.8562 -0.49945 0.132182
    outer loop
      vertex -72.9333 17.8835 60
      vertex -65.7266 15.1525 3
      vertex -72.9046 17.9327 60
    endloop
  endfacet
  facet normal 0.85519 -0.501189 0.132138
    outer loop
      vertex -65.7266 15.1525 3
      vertex -72.9333 17.8835 60
      vertex -66.3024 14.17 3
    endloop
  endfacet
  facet normal 0.923039 -0.361302 0.132138
    outer loop
      vertex -68.2076 10.0374 3
      vertex -74.8347 13.9532 60
      vertex -75.3378 12.6679 60
    endloop
  endfacet
  facet normal 0.174289 0.975788 0.132138
    outer loop
      vertex -46.7255 -36.1494 60
      vertex -45.5366 -28.643 3
      vertex -48.0843 -35.9067 60
    endloop
  endfacet
  facet normal 0.598283 0.790314 0.132138
    outer loop
      vertex -62.5583 -29.5757 60
      vertex -58.9537 -22.7742 3
      vertex -63.6588 -28.7426 60
    endloop
  endfacet
  facet normal 0.566789 -0.813197 0.13214
    outer loop
      vertex -57.1115 24.1126 3
      vertex -61.3339 30.4318 60
      vertex -62.4662 29.6426 60
    endloop
  endfacet
  facet normal 0.432545 -0.891877 0.132137
    outer loop
      vertex -53.1411 26.3362 3
      vertex -56.3229 33.238 60
      vertex -57.5648 32.6357 60
    endloop
  endfacet
  facet normal 0.968205 -0.21241 0.132138
    outer loop
      vertex -76.6009 8.48849 60
      vertex -69.1987 6.76991 3
      vertex -76.5887 8.5441 60
    endloop
  endfacet
  facet normal 0.968191 -0.212476 0.132139
    outer loop
      vertex -69.1987 6.76991 3
      vertex -76.6009 8.48849 60
      vertex -69.4428 5.65762 3
    endloop
  endfacet
  facet normal 0.360613 -0.923308 0.132137
    outer loop
      vertex -52.0978 26.7925 3
      vertex -54.9532 33.8347 60
      vertex -55.0062 33.814 60
    endloop
  endfacet
  facet normal 0.36125 -0.923059 0.132138
    outer loop
      vertex -54.9532 33.8347 60
      vertex -52.0978 26.7925 3
      vertex -51.0374 27.2075 3
    endloop
  endfacet
  facet normal 0.212427 -0.968202 0.132138
    outer loop
      vertex -46.6576 28.4428 3
      vertex -48.1403 35.8967 60
      vertex -49.4885 35.6009 60
    endloop
  endfacet
  facet normal 0.0583123 -0.989514 0.132139
    outer loop
      vertex -43.2753 28.9106 3
      vertex -42.4937 36.5684 60
      vertex -43.8716 36.4872 60
    endloop
  endfacet
  facet normal 0.324743 0.936526 0.13214
    outer loop
      vertex -52.31 -34.8087 60
      vertex -49.9615 -27.5806 3
      vertex -53.6141 -34.3565 60
    endloop
  endfacet
  facet normal 0.0971401 0.98646 0.132139
    outer loop
      vertex -44.4086 -28.799 3
      vertex -45.2452 -36.3519 60
      vertex -43.2753 -28.9106 3
    endloop
  endfacet
  facet normal 0.0974254 0.986432 0.132139
    outer loop
      vertex -45.2452 -36.3519 60
      vertex -44.4086 -28.799 3
      vertex -45.3019 -36.3463 60
    endloop
  endfacet
  facet normal 0.0583123 0.989514 0.132139
    outer loop
      vertex -42.4937 -36.5684 60
      vertex -43.2753 -28.9106 3
      vertex -43.8716 -36.4872 60
    endloop
  endfacet
  facet normal 0.0194987 0.991039 0.132139
    outer loop
      vertex -42.1385 -28.9776 3
      vertex -42.38 -36.5729 60
      vertex -41 -29 3
    endloop
  endfacet
  facet normal 0.0191591 0.991046 0.132139
    outer loop
      vertex -42.38 -36.5729 60
      vertex -42.1385 -28.9776 3
      vertex -42.4369 -36.5718 60
    endloop
  endfacet
  facet normal 0.2877 0.948561 0.13214
    outer loop
      vertex -50.9892 -35.2093 60
      vertex -49.9615 -27.5806 3
      vertex -52.31 -34.8087 60
    endloop
  endfacet
  facet normal 0.986427 -0.0974764 0.132139
    outer loop
      vertex -77.3519 4.2452 60
      vertex -69.799 3.40858 3
      vertex -77.3463 4.30187 60
    endloop
  endfacet
  facet normal 0.98646 -0.0971427 0.132139
    outer loop
      vertex -69.799 3.40858 3
      vertex -77.3519 4.2452 60
      vertex -69.9106 2.27531 3
    endloop
  endfacet
  facet normal 0.981886 -0.135793 0.132138
    outer loop
      vertex -77.3463 4.30187 60
      vertex -69.643 4.5366 3
      vertex -77.3385 4.35827 60
    endloop
  endfacet
  facet normal 0.981886 -0.13579 0.132138
    outer loop
      vertex -69.643 4.5366 3
      vertex -77.3463 4.30187 60
      vertex -69.799 3.40858 3
    endloop
  endfacet
  facet normal 0.874422 -0.466823 0.132149
    outer loop
      vertex -73.6108 16.6161 60
      vertex -66.3024 14.17 3
      vertex -73.584 16.6663 60
    endloop
  endfacet
  facet normal 0.874191 -0.467257 0.132139
    outer loop
      vertex -66.3024 14.17 3
      vertex -73.6108 16.6161 60
      vertex -66.8392 13.1657 3
    endloop
  endfacet
  facet normal 0.0592284 -0.989463 0.13212
    outer loop
      vertex -43.2753 28.9106 3
      vertex -42.4369 36.5718 60
      vertex -42.4937 36.5684 60
    endloop
  endfacet
  facet normal 0.0583193 -0.989514 0.13214
    outer loop
      vertex -42.4369 36.5718 60
      vertex -43.2753 28.9106 3
      vertex -42.1385 28.9776 3
    endloop
  endfacet
  facet normal 0.324743 -0.936526 0.13214
    outer loop
      vertex -49.9615 27.5806 3
      vertex -52.31 34.8087 60
      vertex -53.6141 34.3565 60
    endloop
  endfacet
  facet normal 0.36125 0.923059 0.132138
    outer loop
      vertex -52.0978 -26.7925 3
      vertex -54.9532 -33.8347 60
      vertex -51.0374 -27.2075 3
    endloop
  endfacet
  facet normal 0.360613 0.923308 0.132137
    outer loop
      vertex -54.9532 -33.8347 60
      vertex -52.0978 -26.7925 3
      vertex -55.0062 -33.814 60
    endloop
  endfacet
  facet normal 0.174249 -0.975796 0.132138
    outer loop
      vertex -46.6576 28.4428 3
      vertex -48.0843 35.9067 60
      vertex -48.1403 35.8967 60
    endloop
  endfacet
  facet normal 0.174267 -0.975792 0.132138
    outer loop
      vertex -48.0843 35.9067 60
      vertex -46.6576 28.4428 3
      vertex -45.5366 28.643 3
    endloop
  endfacet
  facet normal 0.361301 -0.923039 0.132139
    outer loop
      vertex -51.0374 27.2075 3
      vertex -53.6679 34.3378 60
      vertex -54.9532 33.8347 60
    endloop
  endfacet
  facet normal 0 0 1
    outer loop
      vertex -12.0224 1.13853 3
      vertex -12.0224 -1.13853 3
      vertex -12 0 3
    endloop
  endfacet
  facet normal 0 0 1
    outer loop
      vertex -12.0894 2.27531 3
      vertex -12.0224 -1.13853 3
      vertex -12.0224 1.13853 3
    endloop
  endfacet
  facet normal 0 0 1
    outer loop
      vertex -12.0894 2.27531 3
      vertex -12.0894 -2.27531 3
      vertex -12.0224 -1.13853 3
    endloop
  endfacet
  facet normal 0 0 1
    outer loop
      vertex -12.201 3.40858 3
      vertex -12.0894 -2.27531 3
      vertex -12.0894 2.27531 3
    endloop
  endfacet
  facet normal 0 0 1
    outer loop
      vertex -12.201 3.40858 3
      vertex -12.201 -3.40858 3
      vertex -12.0894 -2.27531 3
    endloop
  endfacet
  facet normal 0 0 1
    outer loop
      vertex -12.357 4.5366 3
      vertex -12.201 -3.40858 3
      vertex -12.201 3.40858 3
    endloop
  endfacet
  facet normal 0 0 1
    outer loop
      vertex -12.357 4.5366 3
      vertex -12.357 -4.5366 3
      vertex -12.201 -3.40858 3
    endloop
  endfacet
  facet normal 0 0 1
    outer loop
      vertex -12.5572 5.65762 3
      vertex -12.357 -4.5366 3
      vertex -12.357 4.5366 3
    endloop
  endfacet
  facet normal 0 0 1
    outer loop
      vertex -12.5572 5.65762 3
      vertex -12.5572 -5.65762 3
      vertex -12.357 -4.5366 3
    endloop
  endfacet
  facet normal 0 0 1
    outer loop
      vertex -12.8013 6.76991 3
      vertex -12.5572 -5.65762 3
      vertex -12.5572 5.65762 3
    endloop
  endfacet
  facet normal 0 0 1
    outer loop
      vertex -12.8013 6.76991 3
      vertex -12.8013 -6.76991 3
      vertex -12.5572 -5.65762 3
    endloop
  endfacet
  facet normal 0 0 1
    outer loop
      vertex -13.0888 7.87177 3
      vertex -12.8013 -6.76991 3
      vertex -12.8013 6.76991 3
    endloop
  endfacet
  facet normal 0 0 1
    outer loop
      vertex -13.0888 7.87177 3
      vertex -13.0888 -7.87177 3
      vertex -12.8013 -6.76991 3
    endloop
  endfacet
  facet normal 0 0 1
    outer loop
      vertex -13.4194 8.96149 3
      vertex -13.0888 -7.87177 3
      vertex -13.0888 7.87177 3
    endloop
  endfacet
  facet normal 0 0 1
    outer loop
      vertex -13.4194 8.96149 3
      vertex -13.4194 -8.96149 3
      vertex -13.0888 -7.87177 3
    endloop
  endfacet
  facet normal 0 0 1
    outer loop
      vertex -13.7925 10.0374 3
      vertex -13.4194 -8.96149 3
      vertex -13.4194 8.96149 3
    endloop
  endfacet
  facet normal 0 0 1
    outer loop
      vertex -13.7925 10.0374 3
      vertex -13.7925 -10.0374 3
      vertex -13.4194 -8.96149 3
    endloop
  endfacet
  facet normal 0 0 1
    outer loop
      vertex -14.2075 11.0978 3
      vertex -13.7925 -10.0374 3
      vertex -13.7925 10.0374 3
    endloop
  endfacet
  facet normal 0 0 1
    outer loop
      vertex -14.2075 11.0978 3
      vertex -14.2075 -11.0978 3
      vertex -13.7925 -10.0374 3
    endloop
  endfacet
  facet normal 0 0 1
    outer loop
      vertex -14.6638 12.1411 3
      vertex -14.2075 -11.0978 3
      vertex -14.2075 11.0978 3
    endloop
  endfacet
  facet normal 0 0 1
    outer loop
      vertex -14.6638 12.1411 3
      vertex -14.6638 -12.1411 3
      vertex -14.2075 -11.0978 3
    endloop
  endfacet
  facet normal 0 0 1
    outer loop
      vertex -15.1608 13.1657 3
      vertex -14.6638 -12.1411 3
      vertex -14.6638 12.1411 3
    endloop
  endfacet
  facet normal 0 0 1
    outer loop
      vertex -15.1608 13.1657 3
      vertex -15.1608 -13.1657 3
      vertex -14.6638 -12.1411 3
    endloop
  endfacet
  facet normal 0 0 1
    outer loop
      vertex -15.6976 14.17 3
      vertex -15.1608 -13.1657 3
      vertex -15.1608 13.1657 3
    endloop
  endfacet
  facet normal 0 0 1
    outer loop
      vertex -15.6976 14.17 3
      vertex -15.6976 -14.17 3
      vertex -15.1608 -13.1657 3
    endloop
  endfacet
  facet normal 0 0 1
    outer loop
      vertex -16.2734 15.1525 3
      vertex -15.6976 -14.17 3
      vertex -15.6976 14.17 3
    endloop
  endfacet
  facet normal 0 0 1
    outer loop
      vertex -16.2734 15.1525 3
      vertex -16.2734 -15.1525 3
      vertex -15.6976 -14.17 3
    endloop
  endfacet
  facet normal 0 0 1
    outer loop
      vertex -16.8874 16.1115 3
      vertex -16.2734 -15.1525 3
      vertex -16.2734 15.1525 3
    endloop
  endfacet
  facet normal 0 0 1
    outer loop
      vertex -16.8874 16.1115 3
      vertex -16.8874 -16.1115 3
      vertex -16.2734 -15.1525 3
    endloop
  endfacet
  facet normal 0 0 1
    outer loop
      vertex -17.5385 17.0458 3
      vertex -16.8874 -16.1115 3
      vertex -16.8874 16.1115 3
    endloop
  endfacet
  facet normal 0 0 1
    outer loop
      vertex -17.5385 17.0458 3
      vertex -17.5385 -17.0458 3
      vertex -16.8874 -16.1115 3
    endloop
  endfacet
  facet normal 0 0 1
    outer loop
      vertex -18.2258 17.9537 3
      vertex -17.5385 -17.0458 3
      vertex -17.5385 17.0458 3
    endloop
  endfacet
  facet normal 0 0 1
    outer loop
      vertex -18.2258 17.9537 3
      vertex -18.2258 -17.9537 3
      vertex -17.5385 -17.0458 3
    endloop
  endfacet
  facet normal 0 0 1
    outer loop
      vertex -18.9482 18.834 3
      vertex -18.2258 -17.9537 3
      vertex -18.2258 17.9537 3
    endloop
  endfacet
  facet normal 0 0 1
    outer loop
      vertex -18.9482 18.834 3
      vertex -18.9482 -18.834 3
      vertex -18.2258 -17.9537 3
    endloop
  endfacet
  facet normal 0 0 1
    outer loop
      vertex -19.7046 19.6852 3
      vertex -18.9482 -18.834 3
      vertex -18.9482 18.834 3
    endloop
  endfacet
  facet normal 0 0 1
    outer loop
      vertex -19.7046 19.6852 3
      vertex -19.7046 -19.6852 3
      vertex -18.9482 -18.834 3
    endloop
  endfacet
  facet normal 0 0 1
    outer loop
      vertex -20.4939 20.5061 3
      vertex -19.7046 -19.6852 3
      vertex -19.7046 19.6852 3
    endloop
  endfacet
  facet normal 0 0 1
    outer loop
      vertex -20.4939 20.5061 3
      vertex -20.4939 -20.5061 3
      vertex -19.7046 -19.6852 3
    endloop
  endfacet
  facet normal 0 0 1
    outer loop
      vertex -21.3148 21.2954 3
      vertex -20.4939 -20.5061 3
      vertex -20.4939 20.5061 3
    endloop
  endfacet
  facet normal 0 0 1
    outer loop
      vertex -21.3148 21.2954 3
      vertex -21.3148 -21.2954 3
      vertex -20.4939 -20.5061 3
    endloop
  endfacet
  facet normal 0 0 1
    outer loop
      vertex -22.166 22.0518 3
      vertex -21.3148 -21.2954 3
      vertex -21.3148 21.2954 3
    endloop
  endfacet
  facet normal 0 0 1
    outer loop
      vertex -22.166 22.0518 3
      vertex -22.166 -22.0518 3
      vertex -21.3148 -21.2954 3
    endloop
  endfacet
  facet normal 0 0 1
    outer loop
      vertex -23.0463 22.7742 3
      vertex -22.166 -22.0518 3
      vertex -22.166 22.0518 3
    endloop
  endfacet
  facet normal 0 0 1
    outer loop
      vertex -23.0463 22.7742 3
      vertex -23.0463 -22.7742 3
      vertex -22.166 -22.0518 3
    endloop
  endfacet
  facet normal 0 0 1
    outer loop
      vertex -23.9542 23.4615 3
      vertex -23.0463 -22.7742 3
      vertex -23.0463 22.7742 3
    endloop
  endfacet
  facet normal 0 0 1
    outer loop
      vertex -23.9542 23.4615 3
      vertex -23.9542 -23.4615 3
      vertex -23.0463 -22.7742 3
    endloop
  endfacet
  facet normal 0 0 1
    outer loop
      vertex -24.8885 24.1126 3
      vertex -23.9542 -23.4615 3
      vertex -23.9542 23.4615 3
    endloop
  endfacet
  facet normal 0 0 1
    outer loop
      vertex -24.8885 24.1126 3
      vertex -24.8885 -24.1126 3
      vertex -23.9542 -23.4615 3
    endloop
  endfacet
  facet normal 0 0 1
    outer loop
      vertex -25.8475 24.7266 3
      vertex -24.8885 -24.1126 3
      vertex -24.8885 24.1126 3
    endloop
  endfacet
  facet normal 0 0 1
    outer loop
      vertex -25.8475 24.7266 3
      vertex -25.8475 -24.7266 3
      vertex -24.8885 -24.1126 3
    endloop
  endfacet
  facet normal 0 0 1
    outer loop
      vertex -26.83 25.3024 3
      vertex -25.8475 -24.7266 3
      vertex -25.8475 24.7266 3
    endloop
  endfacet
  facet normal 0 0 1
    outer loop
      vertex -26.83 25.3024 3
      vertex -26.83 -25.3024 3
      vertex -25.8475 -24.7266 3
    endloop
  endfacet
  facet normal 0 0 1
    outer loop
      vertex -27.8343 25.8392 3
      vertex -26.83 -25.3024 3
      vertex -26.83 25.3024 3
    endloop
  endfacet
  facet normal 0 0 1
    outer loop
      vertex -27.8343 25.8392 3
      vertex -27.8343 -25.8392 3
      vertex -26.83 -25.3024 3
    endloop
  endfacet
  facet normal 0 0 1
    outer loop
      vertex -28.8589 26.3362 3
      vertex -27.8343 -25.8392 3
      vertex -27.8343 25.8392 3
    endloop
  endfacet
  facet normal 0 0 1
    outer loop
      vertex -28.8589 26.3362 3
      vertex -28.8589 -26.3362 3
      vertex -27.8343 -25.8392 3
    endloop
  endfacet
  facet normal 0 0 1
    outer loop
      vertex -29.9022 26.7925 3
      vertex -28.8589 -26.3362 3
      vertex -28.8589 26.3362 3
    endloop
  endfacet
  facet normal 0 0 1
    outer loop
      vertex -29.9022 26.7925 3
      vertex -29.9022 -26.7925 3
      vertex -28.8589 -26.3362 3
    endloop
  endfacet
  facet normal 0 0 1
    outer loop
      vertex -30.9626 27.2075 3
      vertex -29.9022 -26.7925 3
      vertex -29.9022 26.7925 3
    endloop
  endfacet
  facet normal 0 0 1
    outer loop
      vertex -30.9626 27.2075 3
      vertex -30.9626 -27.2075 3
      vertex -29.9022 -26.7925 3
    endloop
  endfacet
  facet normal 0 0 1
    outer loop
      vertex -32.0385 27.5806 3
      vertex -30.9626 -27.2075 3
      vertex -30.9626 27.2075 3
    endloop
  endfacet
  facet normal 0 0 1
    outer loop
      vertex -32.0385 27.5806 3
      vertex -32.0385 -27.5806 3
      vertex -30.9626 -27.2075 3
    endloop
  endfacet
  facet normal 0 0 1
    outer loop
      vertex -33.1282 27.9112 3
      vertex -32.0385 -27.5806 3
      vertex -32.0385 27.5806 3
    endloop
  endfacet
  facet normal 0 0 1
    outer loop
      vertex -33.1282 27.9112 3
      vertex -33.1282 -27.9112 3
      vertex -32.0385 -27.5806 3
    endloop
  endfacet
  facet normal 0 0 1
    outer loop
      vertex -34.2301 28.1987 3
      vertex -33.1282 -27.9112 3
      vertex -33.1282 27.9112 3
    endloop
  endfacet
  facet normal 0 0 1
    outer loop
      vertex -34.2301 28.1987 3
      vertex -34.2301 -28.1987 3
      vertex -33.1282 -27.9112 3
    endloop
  endfacet
  facet normal 0 0 1
    outer loop
      vertex -35.3424 28.4428 3
      vertex -34.2301 -28.1987 3
      vertex -34.2301 28.1987 3
    endloop
  endfacet
  facet normal 0 0 1
    outer loop
      vertex -35.3424 28.4428 3
      vertex -35.3424 -28.4428 3
      vertex -34.2301 -28.1987 3
    endloop
  endfacet
  facet normal 0 0 1
    outer loop
      vertex -36.4634 28.643 3
      vertex -35.3424 -28.4428 3
      vertex -35.3424 28.4428 3
    endloop
  endfacet
  facet normal 0 0 1
    outer loop
      vertex -36.4634 28.643 3
      vertex -36.4634 -28.643 3
      vertex -35.3424 -28.4428 3
    endloop
  endfacet
  facet normal 0 0 1
    outer loop
      vertex -37.5914 28.799 3
      vertex -36.4634 -28.643 3
      vertex -36.4634 28.643 3
    endloop
  endfacet
  facet normal 0 0 1
    outer loop
      vertex -37.5914 28.799 3
      vertex -37.5914 -28.799 3
      vertex -36.4634 -28.643 3
    endloop
  endfacet
  facet normal 0 0 1
    outer loop
      vertex -38.7247 28.9106 3
      vertex -37.5914 -28.799 3
      vertex -37.5914 28.799 3
    endloop
  endfacet
  facet normal 0 0 1
    outer loop
      vertex -38.7247 28.9106 3
      vertex -38.7247 -28.9106 3
      vertex -37.5914 -28.799 3
    endloop
  endfacet
  facet normal 0 0 1
    outer loop
      vertex -39.8615 28.9776 3
      vertex -38.7247 -28.9106 3
      vertex -38.7247 28.9106 3
    endloop
  endfacet
  facet normal 0 0 1
    outer loop
      vertex -39.8615 28.9776 3
      vertex -39.8615 -28.9776 3
      vertex -38.7247 -28.9106 3
    endloop
  endfacet
  facet normal 0 0 1
    outer loop
      vertex -41 29 3
      vertex -39.8615 -28.9776 3
      vertex -39.8615 28.9776 3
    endloop
  endfacet
  facet normal 0 0 1
    outer loop
      vertex -41 29 3
      vertex -41 -29 3
      vertex -39.8615 -28.9776 3
    endloop
  endfacet
  facet normal -0 0 1
    outer loop
      vertex -42.1385 28.9776 3
      vertex -41 -29 3
      vertex -41 29 3
    endloop
  endfacet
  facet normal 0 0 1
    outer loop
      vertex -42.1385 28.9776 3
      vertex -42.1385 -28.9776 3
      vertex -41 -29 3
    endloop
  endfacet
  facet normal -0 0 1
    outer loop
      vertex -43.2753 28.9106 3
      vertex -42.1385 -28.9776 3
      vertex -42.1385 28.9776 3
    endloop
  endfacet
  facet normal 0 0 1
    outer loop
      vertex -43.2753 28.9106 3
      vertex -43.2753 -28.9106 3
      vertex -42.1385 -28.9776 3
    endloop
  endfacet
  facet normal -0 0 1
    outer loop
      vertex -44.4086 28.799 3
      vertex -43.2753 -28.9106 3
      vertex -43.2753 28.9106 3
    endloop
  endfacet
  facet normal 0 0 1
    outer loop
      vertex -44.4086 28.799 3
      vertex -44.4086 -28.799 3
      vertex -43.2753 -28.9106 3
    endloop
  endfacet
  facet normal -0 0 1
    outer loop
      vertex -45.5366 28.643 3
      vertex -44.4086 -28.799 3
      vertex -44.4086 28.799 3
    endloop
  endfacet
  facet normal 0 0 1
    outer loop
      vertex -45.5366 28.643 3
      vertex -45.5366 -28.643 3
      vertex -44.4086 -28.799 3
    endloop
  endfacet
  facet normal -0 0 1
    outer loop
      vertex -46.6576 28.4428 3
      vertex -45.5366 -28.643 3
      vertex -45.5366 28.643 3
    endloop
  endfacet
  facet normal 0 0 1
    outer loop
      vertex -46.6576 28.4428 3
      vertex -46.6576 -28.4428 3
      vertex -45.5366 -28.643 3
    endloop
  endfacet
  facet normal -0 0 1
    outer loop
      vertex -47.7699 28.1987 3
      vertex -46.6576 -28.4428 3
      vertex -46.6576 28.4428 3
    endloop
  endfacet
  facet normal 0 0 1
    outer loop
      vertex -47.7699 28.1987 3
      vertex -47.7699 -28.1987 3
      vertex -46.6576 -28.4428 3
    endloop
  endfacet
  facet normal -0 0 1
    outer loop
      vertex -48.8718 27.9112 3
      vertex -47.7699 -28.1987 3
      vertex -47.7699 28.1987 3
    endloop
  endfacet
  facet normal 0 0 1
    outer loop
      vertex -48.8718 27.9112 3
      vertex -48.8718 -27.9112 3
      vertex -47.7699 -28.1987 3
    endloop
  endfacet
  facet normal -0 0 1
    outer loop
      vertex -49.9615 27.5806 3
      vertex -48.8718 -27.9112 3
      vertex -48.8718 27.9112 3
    endloop
  endfacet
  facet normal 0 0 1
    outer loop
      vertex -49.9615 27.5806 3
      vertex -49.9615 -27.5806 3
      vertex -48.8718 -27.9112 3
    endloop
  endfacet
  facet normal -0 0 1
    outer loop
      vertex -51.0374 27.2075 3
      vertex -49.9615 -27.5806 3
      vertex -49.9615 27.5806 3
    endloop
  endfacet
  facet normal 0 0 1
    outer loop
      vertex -51.0374 27.2075 3
      vertex -51.0374 -27.2075 3
      vertex -49.9615 -27.5806 3
    endloop
  endfacet
  facet normal -0 0 1
    outer loop
      vertex -52.0978 26.7925 3
      vertex -51.0374 -27.2075 3
      vertex -51.0374 27.2075 3
    endloop
  endfacet
  facet normal 0 0 1
    outer loop
      vertex -52.0978 26.7925 3
      vertex -52.0978 -26.7925 3
      vertex -51.0374 -27.2075 3
    endloop
  endfacet
  facet normal -0 0 1
    outer loop
      vertex -53.1411 26.3362 3
      vertex -52.0978 -26.7925 3
      vertex -52.0978 26.7925 3
    endloop
  endfacet
  facet normal 0 0 1
    outer loop
      vertex -53.1411 26.3362 3
      vertex -53.1411 -26.3362 3
      vertex -52.0978 -26.7925 3
    endloop
  endfacet
  facet normal -0 0 1
    outer loop
      vertex -54.1657 25.8392 3
      vertex -53.1411 -26.3362 3
      vertex -53.1411 26.3362 3
    endloop
  endfacet
  facet normal 0 0 1
    outer loop
      vertex -54.1657 25.8392 3
      vertex -54.1657 -25.8392 3
      vertex -53.1411 -26.3362 3
    endloop
  endfacet
  facet normal -0 0 1
    outer loop
      vertex -55.17 25.3024 3
      vertex -54.1657 -25.8392 3
      vertex -54.1657 25.8392 3
    endloop
  endfacet
  facet normal 0 0 1
    outer loop
      vertex -55.17 25.3024 3
      vertex -55.17 -25.3024 3
      vertex -54.1657 -25.8392 3
    endloop
  endfacet
  facet normal -0 0 1
    outer loop
      vertex -56.1525 24.7266 3
      vertex -55.17 -25.3024 3
      vertex -55.17 25.3024 3
    endloop
  endfacet
  facet normal 0 0 1
    outer loop
      vertex -56.1525 24.7266 3
      vertex -56.1525 -24.7266 3
      vertex -55.17 -25.3024 3
    endloop
  endfacet
  facet normal -0 0 1
    outer loop
      vertex -57.1115 24.1126 3
      vertex -56.1525 -24.7266 3
      vertex -56.1525 24.7266 3
    endloop
  endfacet
  facet normal 0 0 1
    outer loop
      vertex -57.1115 24.1126 3
      vertex -57.1115 -24.1126 3
      vertex -56.1525 -24.7266 3
    endloop
  endfacet
  facet normal -0 0 1
    outer loop
      vertex -58.0458 23.4615 3
      vertex -57.1115 -24.1126 3
      vertex -57.1115 24.1126 3
    endloop
  endfacet
  facet normal 0 0 1
    outer loop
      vertex -58.0458 23.4615 3
      vertex -58.0458 -23.4615 3
      vertex -57.1115 -24.1126 3
    endloop
  endfacet
  facet normal -0 0 1
    outer loop
      vertex -58.9537 22.7742 3
      vertex -58.0458 -23.4615 3
      vertex -58.0458 23.4615 3
    endloop
  endfacet
  facet normal 0 0 1
    outer loop
      vertex -58.9537 22.7742 3
      vertex -58.9537 -22.7742 3
      vertex -58.0458 -23.4615 3
    endloop
  endfacet
  facet normal -0 0 1
    outer loop
      vertex -59.834 22.0518 3
      vertex -58.9537 -22.7742 3
      vertex -58.9537 22.7742 3
    endloop
  endfacet
  facet normal 0 0 1
    outer loop
      vertex -59.834 22.0518 3
      vertex -59.834 -22.0518 3
      vertex -58.9537 -22.7742 3
    endloop
  endfacet
  facet normal -0 0 1
    outer loop
      vertex -60.6852 21.2954 3
      vertex -59.834 -22.0518 3
      vertex -59.834 22.0518 3
    endloop
  endfacet
  facet normal 0 0 1
    outer loop
      vertex -60.6852 21.2954 3
      vertex -60.6852 -21.2954 3
      vertex -59.834 -22.0518 3
    endloop
  endfacet
  facet normal -0 0 1
    outer loop
      vertex -61.5061 20.5061 3
      vertex -60.6852 -21.2954 3
      vertex -60.6852 21.2954 3
    endloop
  endfacet
  facet normal 0 0 1
    outer loop
      vertex -61.5061 20.5061 3
      vertex -61.5061 -20.5061 3
      vertex -60.6852 -21.2954 3
    endloop
  endfacet
  facet normal -0 0 1
    outer loop
      vertex -62.2954 19.6852 3
      vertex -61.5061 -20.5061 3
      vertex -61.5061 20.5061 3
    endloop
  endfacet
  facet normal 0 0 1
    outer loop
      vertex -62.2954 19.6852 3
      vertex -62.2954 -19.6852 3
      vertex -61.5061 -20.5061 3
    endloop
  endfacet
  facet normal -0 0 1
    outer loop
      vertex -63.0518 18.834 3
      vertex -62.2954 -19.6852 3
      vertex -62.2954 19.6852 3
    endloop
  endfacet
  facet normal 0 0 1
    outer loop
      vertex -63.0518 18.834 3
      vertex -63.0518 -18.834 3
      vertex -62.2954 -19.6852 3
    endloop
  endfacet
  facet normal -0 0 1
    outer loop
      vertex -63.7742 17.9537 3
      vertex -63.0518 -18.834 3
      vertex -63.0518 18.834 3
    endloop
  endfacet
  facet normal 0 0 1
    outer loop
      vertex -63.7742 17.9537 3
      vertex -63.7742 -17.9537 3
      vertex -63.0518 -18.834 3
    endloop
  endfacet
  facet normal -0 0 1
    outer loop
      vertex -64.4615 17.0458 3
      vertex -63.7742 -17.9537 3
      vertex -63.7742 17.9537 3
    endloop
  endfacet
  facet normal 0 0 1
    outer loop
      vertex -64.4615 17.0458 3
      vertex -64.4615 -17.0458 3
      vertex -63.7742 -17.9537 3
    endloop
  endfacet
  facet normal -0 0 1
    outer loop
      vertex -65.1126 16.1115 3
      vertex -64.4615 -17.0458 3
      vertex -64.4615 17.0458 3
    endloop
  endfacet
  facet normal 0 0 1
    outer loop
      vertex -65.1126 16.1115 3
      vertex -65.1126 -16.1115 3
      vertex -64.4615 -17.0458 3
    endloop
  endfacet
  facet normal -0 0 1
    outer loop
      vertex -65.7266 15.1525 3
      vertex -65.1126 -16.1115 3
      vertex -65.1126 16.1115 3
    endloop
  endfacet
  facet normal 0 0 1
    outer loop
      vertex -65.7266 15.1525 3
      vertex -65.7266 -15.1525 3
      vertex -65.1126 -16.1115 3
    endloop
  endfacet
  facet normal -0 0 1
    outer loop
      vertex -66.3024 14.17 3
      vertex -65.7266 -15.1525 3
      vertex -65.7266 15.1525 3
    endloop
  endfacet
  facet normal 0 0 1
    outer loop
      vertex -66.3024 14.17 3
      vertex -66.3024 -14.17 3
      vertex -65.7266 -15.1525 3
    endloop
  endfacet
  facet normal -0 0 1
    outer loop
      vertex -66.8392 13.1657 3
      vertex -66.3024 -14.17 3
      vertex -66.3024 14.17 3
    endloop
  endfacet
  facet normal 0 0 1
    outer loop
      vertex -66.8392 13.1657 3
      vertex -66.8392 -13.1657 3
      vertex -66.3024 -14.17 3
    endloop
  endfacet
  facet normal -0 0 1
    outer loop
      vertex -67.3362 12.1411 3
      vertex -66.8392 -13.1657 3
      vertex -66.8392 13.1657 3
    endloop
  endfacet
  facet normal 0 0 1
    outer loop
      vertex -67.3362 12.1411 3
      vertex -67.3362 -12.1411 3
      vertex -66.8392 -13.1657 3
    endloop
  endfacet
  facet normal -0 0 1
    outer loop
      vertex -67.7925 11.0978 3
      vertex -67.3362 -12.1411 3
      vertex -67.3362 12.1411 3
    endloop
  endfacet
  facet normal 0 0 1
    outer loop
      vertex -67.7925 11.0978 3
      vertex -67.7925 -11.0978 3
      vertex -67.3362 -12.1411 3
    endloop
  endfacet
  facet normal -0 0 1
    outer loop
      vertex -68.2076 10.0374 3
      vertex -67.7925 -11.0978 3
      vertex -67.7925 11.0978 3
    endloop
  endfacet
  facet normal 0 0 1
    outer loop
      vertex -68.2076 10.0374 3
      vertex -68.2076 -10.0374 3
      vertex -67.7925 -11.0978 3
    endloop
  endfacet
  facet normal -0 0 1
    outer loop
      vertex -68.5806 8.96149 3
      vertex -68.2076 -10.0374 3
      vertex -68.2076 10.0374 3
    endloop
  endfacet
  facet normal 0 0 1
    outer loop
      vertex -68.5806 8.96149 3
      vertex -68.5806 -8.96149 3
      vertex -68.2076 -10.0374 3
    endloop
  endfacet
  facet normal -0 0 1
    outer loop
      vertex -68.9112 7.87177 3
      vertex -68.5806 -8.96149 3
      vertex -68.5806 8.96149 3
    endloop
  endfacet
  facet normal 0 0 1
    outer loop
      vertex -68.9112 7.87177 3
      vertex -68.9112 -7.87177 3
      vertex -68.5806 -8.96149 3
    endloop
  endfacet
  facet normal -0 0 1
    outer loop
      vertex -69.1987 6.76991 3
      vertex -68.9112 -7.87177 3
      vertex -68.9112 7.87177 3
    endloop
  endfacet
  facet normal 0 0 1
    outer loop
      vertex -69.1987 6.76991 3
      vertex -69.1987 -6.76991 3
      vertex -68.9112 -7.87177 3
    endloop
  endfacet
  facet normal -0 0 1
    outer loop
      vertex -69.4428 5.65762 3
      vertex -69.1987 -6.76991 3
      vertex -69.1987 6.76991 3
    endloop
  endfacet
  facet normal 0 0 1
    outer loop
      vertex -69.4428 5.65762 3
      vertex -69.4428 -5.65762 3
      vertex -69.1987 -6.76991 3
    endloop
  endfacet
  facet normal -0 0 1
    outer loop
      vertex -69.643 4.5366 3
      vertex -69.4428 -5.65762 3
      vertex -69.4428 5.65762 3
    endloop
  endfacet
  facet normal 0 0 1
    outer loop
      vertex -69.643 4.5366 3
      vertex -69.643 -4.5366 3
      vertex -69.4428 -5.65762 3
    endloop
  endfacet
  facet normal -0 0 1
    outer loop
      vertex -69.799 3.40858 3
      vertex -69.643 -4.5366 3
      vertex -69.643 4.5366 3
    endloop
  endfacet
  facet normal 0 0 1
    outer loop
      vertex -69.799 3.40858 3
      vertex -69.799 -3.40858 3
      vertex -69.643 -4.5366 3
    endloop
  endfacet
  facet normal -0 0 1
    outer loop
      vertex -69.9106 2.27531 3
      vertex -69.799 -3.40858 3
      vertex -69.799 3.40858 3
    endloop
  endfacet
  facet normal 0 0 1
    outer loop
      vertex -69.9106 2.27531 3
      vertex -69.9106 -2.27531 3
      vertex -69.799 -3.40858 3
    endloop
  endfacet
  facet normal -0 0 1
    outer loop
      vertex -69.9776 1.13853 3
      vertex -69.9106 -2.27531 3
      vertex -69.9106 2.27531 3
    endloop
  endfacet
  facet normal 0 0 1
    outer loop
      vertex -69.9776 1.13853 3
      vertex -69.9776 -1.13853 3
      vertex -69.9106 -2.27531 3
    endloop
  endfacet
  facet normal 0 -0 1
    outer loop
      vertex -69.9776 -1.13853 3
      vertex -69.9776 1.13853 3
      vertex -70 0 3
    endloop
  endfacet
  facet normal 0.212446 -0.968197 0.132139
    outer loop
      vertex -47.7699 28.1987 3
      vertex -49.4885 35.6009 60
      vertex -49.5441 35.5887 60
    endloop
  endfacet
  facet normal 0.212475 -0.968191 0.132139
    outer loop
      vertex -49.4885 35.6009 60
      vertex -47.7699 28.1987 3
      vertex -46.6576 28.4428 3
    endloop
  endfacet
  facet normal -0.567146 -0.81295 -0.132128
    outer loop
      vertex 22.426 -25.5649 0
      vertex 19.2957 -32.4827 56
      vertex 19.2279 -32.4354 56
    endloop
  endfacet
  facet normal -0.566771 -0.81321 -0.132139
    outer loop
      vertex 19.2957 -32.4827 56
      vertex 22.426 -25.5649 0
      vertex 23.444 -26.2744 0
    endloop
  endfacet
  facet normal -0.99104 -0.0194651 -0.132139
    outer loop
      vertex 1.96183 -1.45104 56
      vertex 1.93333 0 56
      vertex 9.4 0 0
    endloop
  endfacet
  facet normal -0.986458 -0.0971617 -0.132139
    outer loop
      vertex 2.20413 -4.59179 56
      vertex 2.06187 -3.14746 56
      vertex 9.61904 -3.71418 0
    endloop
  endfacet
  facet normal 0.99104 0.0194651 -0.132139
    outer loop
      vertex 80.0667 0 56
      vertex 72.6 0 0
      vertex 80.0382 1.45104 56
    endloop
  endfacet
  facet normal 0.991022 0.0203692 -0.132141
    outer loop
      vertex 80.0382 1.45104 56
      vertex 72.5756 1.24061 0
      vertex 80.0365 1.53375 56
    endloop
  endfacet
  facet normal 0.991039 0.0194915 -0.13214
    outer loop
      vertex 72.5756 1.24061 0
      vertex 80.0382 1.45104 56
      vertex 72.6 0 0
    endloop
  endfacet
  facet normal 0.50123 -0.855166 -0.132138
    outer loop
      vertex 57.511 -26.9434 0
      vertex 61.3409 -33.3516 56
      vertex 56.4404 -27.5709 0
    endloop
  endfacet
  facet normal 0.500793 -0.855422 -0.132137
    outer loop
      vertex 61.3409 -33.3516 56
      vertex 57.511 -26.9434 0
      vertex 61.4123 -33.3098 56
    endloop
  endfacet
  facet normal 0.687009 -0.714533 -0.132138
    outer loop
      vertex 67.5781 -28.6302 56
      vertex 63.3446 -22.3446 0
      vertex 68.6243 -27.6243 56
    endloop
  endfacet
  facet normal -0.968201 -0.212429 -0.132138
    outer loop
      vertex 3.01275 -9.11993 56
      vertex 2.70172 -7.70233 56
      vertex 10.2731 -7.37687 0
    endloop
  endfacet
  facet normal 0.834813 -0.53444 -0.132139
    outer loop
      vertex 73.5273 -21.6346 56
      vertex 67.2744 -17.556 0
      vertex 67.9434 -16.511 0
    endloop
  endfacet
  facet normal 0.834929 -0.534259 -0.132139
    outer loop
      vertex 67.2744 -17.556 0
      vertex 73.5273 -21.6346 56
      vertex 73.4827 -21.7043 56
    endloop
  endfacet
  facet normal -0.740946 -0.658436 -0.132139
    outer loop
      vertex 12.2575 -26.4566 56
      vertex 11.2935 -25.3718 56
      vertex 16.9712 -20.5226 0
    endloop
  endfacet
  facet normal 0.968205 -0.21241 -0.132139
    outer loop
      vertex 78.9873 -9.11993 56
      vertex 71.7269 -7.37687 0
      vertex 79.2983 -7.70233 56
    endloop
  endfacet
  facet normal 0.975799 -0.17423 -0.132138
    outer loop
      vertex 79.3306 -7.54009 56
      vertex 72.211 -4.94333 0
      vertex 79.5857 -6.11137 56
    endloop
  endfacet
  facet normal 0.714551 -0.686991 -0.132138
    outer loop
      vertex 69.6875 -26.5185 56
      vertex 63.3446 -22.3446 0
      vertex 64.2046 -21.4501 0
    endloop
  endfacet
  facet normal 0.714558 -0.686983 -0.132139
    outer loop
      vertex 63.3446 -22.3446 0
      vertex 69.6875 -26.5185 56
      vertex 69.6302 -26.5781 56
    endloop
  endfacet
  facet normal -0.923064 -0.361237 -0.132138
    outer loop
      vertex 11.8054 -12.0928 0
      vertex 4.87696 -14.8731 56
      vertex 11.3532 -10.9373 0
    endloop
  endfacet
  facet normal -0.923156 -0.361001 -0.132138
    outer loop
      vertex 4.87696 -14.8731 56
      vertex 11.8054 -12.0928 0
      vertex 4.90711 -14.9502 56
    endloop
  endfacet
  facet normal 0.790322 0.598273 -0.132139
    outer loop
      vertex 72.6056 22.9628 56
      vertex 66.5649 18.574 0
      vertex 71.7296 24.12 56
    endloop
  endfacet
  facet normal 0.714533 -0.687009 -0.132138
    outer loop
      vertex 68.6243 -27.6243 56
      vertex 63.3446 -22.3446 0
      vertex 69.6302 -26.5781 56
    endloop
  endfacet
  facet normal -0.981884 0.135804 -0.132139
    outer loop
      vertex 9.61904 3.71418 0
      vertex 2.20413 4.59179 56
      vertex 2.40297 6.02943 56
    endloop
  endfacet
  facet normal -0.135848 -0.981878 -0.132138
    outer loop
      vertex 36.4082 -38.7959 56
      vertex 34.9706 -38.597 56
      vertex 37.2858 -31.381 0
    endloop
  endfacet
  facet normal -0.981883 -0.135809 -0.132139
    outer loop
      vertex 9.78905 -4.94333 0
      vertex 2.40297 -6.02943 56
      vertex 9.61904 -3.71418 0
    endloop
  endfacet
  facet normal -0.981873 -0.135885 -0.132139
    outer loop
      vertex 2.40297 -6.02943 56
      vertex 9.78905 -4.94333 0
      vertex 2.41431 -6.11137 56
    endloop
  endfacet
  facet normal 0.908149 -0.397247 -0.132139
    outer loop
      vertex 76.4781 -16.3556 56
      vertex 69.6973 -13.2296 0
      vertex 77.0597 -15.026 56
    endloop
  endfacet
  facet normal -0.287728 -0.948553 -0.132139
    outer loop
      vertex 30.3166 -37.5759 56
      vertex 28.9277 -37.1546 56
      vertex 31.2351 -30.0534 0
    endloop
  endfacet
  facet normal 0.923064 -0.361237 -0.132138
    outer loop
      vertex 77.123 -14.8731 56
      vertex 70.1946 -12.0928 0
      vertex 70.6468 -10.9373 0
    endloop
  endfacet
  facet normal 0.92336 -0.360482 -0.132137
    outer loop
      vertex 70.1946 -12.0928 0
      vertex 77.123 -14.8731 56
      vertex 77.0929 -14.9502 56
    endloop
  endfacet
  facet normal -0.0194656 0.99104 -0.132139
    outer loop
      vertex 41 31.6 0
      vertex 39.549 39.0382 56
      vertex 41 39.0667 56
    endloop
  endfacet
  facet normal -0.948555 0.287722 -0.132139
    outer loop
      vertex 10.9466 9.76494 0
      vertex 3.4241 10.6834 56
      vertex 3.84539 12.0723 56
    endloop
  endfacet
  facet normal -0.981873 0.135885 -0.132139
    outer loop
      vertex 9.78905 4.94333 0
      vertex 2.40297 6.02943 56
      vertex 2.41431 6.11137 56
    endloop
  endfacet
  facet normal -0.981883 0.135809 -0.132139
    outer loop
      vertex 2.40297 6.02943 56
      vertex 9.78905 4.94333 0
      vertex 9.61904 3.71418 0
    endloop
  endfacet
  facet normal 0.566741 -0.81323 -0.132139
    outer loop
      vertex 62.7721 -32.4354 56
      vertex 59.574 -25.5649 0
      vertex 63.9628 -31.6056 56
    endloop
  endfacet
  facet normal 0.923042 -0.361294 -0.132139
    outer loop
      vertex 77.123 -14.8731 56
      vertex 70.6468 -10.9373 0
      vertex 77.652 -13.5216 56
    endloop
  endfacet
  facet normal -0.87418 0.467279 -0.132139
    outer loop
      vertex 13.4291 15.4404 0
      vertex 6.23034 17.8089 56
      vertex 6.91449 19.0888 56
    endloop
  endfacet
  facet normal 0.397247 -0.908149 -0.132139
    outer loop
      vertex 56.026 -36.0597 56
      vertex 54.2296 -28.6973 0
      vertex 57.3556 -35.4781 56
    endloop
  endfacet
  facet normal -0.397682 -0.90796 -0.132128
    outer loop
      vertex 27.7704 -28.6973 0
      vertex 26.0498 -36.0929 56
      vertex 25.974 -36.0597 56
    endloop
  endfacet
  facet normal -0.397271 -0.908138 -0.132139
    outer loop
      vertex 26.0498 -36.0929 56
      vertex 27.7704 -28.6973 0
      vertex 28.9072 -29.1946 0
    endloop
  endfacet
  facet normal 0.98951 -0.0583953 -0.132138
    outer loop
      vertex 79.9462 -3.06513 56
      vertex 72.5026 -2.47931 0
      vertex 80.0317 -1.61633 56
    endloop
  endfacet
  facet normal 0.874165 -0.467305 -0.132138
    outer loop
      vertex 75.0855 -19.0888 56
      vertex 68.5709 -15.4404 0
      vertex 75.7697 -17.8089 56
    endloop
  endfacet
  facet normal -0.324763 0.936519 -0.132139
    outer loop
      vertex 30.0627 29.6468 0
      vertex 27.4784 36.652 56
      vertex 28.8496 37.1275 56
    endloop
  endfacet
  facet normal 0.500793 0.855422 -0.132137
    outer loop
      vertex 57.511 26.9434 0
      vertex 61.3409 33.3516 56
      vertex 61.4123 33.3098 56
    endloop
  endfacet
  facet normal 0.50123 0.855166 -0.132138
    outer loop
      vertex 61.3409 33.3516 56
      vertex 57.511 26.9434 0
      vertex 56.4404 27.5709 0
    endloop
  endfacet
  facet normal 0.740952 -0.658429 -0.132138
    outer loop
      vertex 69.7425 -26.4566 56
      vertex 64.2046 -21.4501 0
      vertex 65.0288 -20.5226 0
    endloop
  endfacet
  facet normal 0.740988 -0.65839 -0.132138
    outer loop
      vertex 64.2046 -21.4501 0
      vertex 69.7425 -26.4566 56
      vertex 69.6875 -26.5185 56
    endloop
  endfacet
  facet normal -0.766239 0.628823 -0.132138
    outer loop
      vertex 16.184 19.5634 0
      vertex 10.3203 24.1859 56
      vertex 11.241 25.3078 56
    endloop
  endfacet
  facet normal -0.923049 0.361276 -0.132139
    outer loop
      vertex 11.3532 10.9373 0
      vertex 4.34799 13.5216 56
      vertex 4.87696 14.8731 56
    endloop
  endfacet
  facet normal 0.790351 -0.598235 -0.132138
    outer loop
      vertex 71.7296 -24.12 56
      vertex 65.816 -19.5634 0
      vertex 66.5649 -18.574 0
    endloop
  endfacet
  facet normal 0.790243 -0.598378 -0.132138
    outer loop
      vertex 65.816 -19.5634 0
      vertex 71.7296 -24.12 56
      vertex 71.6797 -24.1859 56
    endloop
  endfacet
  facet normal -0.324942 -0.936458 -0.132135
    outer loop
      vertex 30.0627 -29.6468 0
      vertex 28.9277 -37.1546 56
      vertex 28.8496 -37.1275 56
    endloop
  endfacet
  facet normal -0.324791 -0.93651 -0.132139
    outer loop
      vertex 28.9277 -37.1546 56
      vertex 30.0627 -29.6468 0
      vertex 31.2351 -30.0534 0
    endloop
  endfacet
  facet normal 0.968205 -0.21241 -0.132139
    outer loop
      vertex 79.316 -7.62153 56
      vertex 71.7269 -7.37687 0
      vertex 71.9928 -6.16485 0
    endloop
  endfacet
  facet normal 0.96827 -0.212109 -0.132146
    outer loop
      vertex 71.7269 -7.37687 0
      vertex 79.316 -7.62153 56
      vertex 79.2983 -7.70233 56
    endloop
  endfacet
  facet normal -0.0971231 -0.986462 -0.132138
    outer loop
      vertex 37.8525 -38.9381 56
      vertex 36.4082 -38.7959 56
      vertex 37.2858 -31.381 0
    endloop
  endfacet
  facet normal -0.989512 -0.0583544 -0.132139
    outer loop
      vertex 2.05376 -3.06513 56
      vertex 1.96832 -1.61633 56
      vertex 9.49741 -2.47931 0
    endloop
  endfacet
  facet normal -0.874333 0.46699 -0.132146
    outer loop
      vertex 13.4291 15.4404 0
      vertex 6.19135 17.7359 56
      vertex 6.23034 17.8089 56
    endloop
  endfacet
  facet normal -0.874193 0.467254 -0.132139
    outer loop
      vertex 6.19135 17.7359 56
      vertex 13.4291 15.4404 0
      vertex 12.8442 14.3461 0
    endloop
  endfacet
  facet normal -0.891868 -0.432562 -0.132139
    outer loop
      vertex 6.15524 -17.6615 56
      vertex 5.52187 -16.3556 56
      vertex 12.3027 -13.2296 0
    endloop
  endfacet
  facet normal 0.467277 0.874181 -0.132138
    outer loop
      vertex 60.0888 34.0855 56
      vertex 56.4404 27.5709 0
      vertex 58.8088 34.7697 56
    endloop
  endfacet
  facet normal 0.948553 -0.287728 -0.132138
    outer loop
      vertex 78.1546 -12.0723 56
      vertex 71.0534 -9.76494 0
      vertex 78.5759 -10.6834 56
    endloop
  endfacet
  facet normal 0.981879 -0.135845 -0.132138
    outer loop
      vertex 79.597 -6.02943 56
      vertex 72.381 -3.71418 0
      vertex 79.7959 -4.59179 56
    endloop
  endfacet
  facet normal -0.991041 0.019411 -0.132139
    outer loop
      vertex 9.42436 1.24061 0
      vertex 1.96183 1.45104 56
      vertex 1.96345 1.53375 56
    endloop
  endfacet
  facet normal -0.99104 0.0194596 -0.132139
    outer loop
      vertex 1.96183 1.45104 56
      vertex 9.42436 1.24061 0
      vertex 9.4 0 0
    endloop
  endfacet
  facet normal -0.0575048 0.989562 -0.132141
    outer loop
      vertex 39.7594 31.5756 0
      vertex 39.3837 39.0317 56
      vertex 39.4663 39.0365 56
    endloop
  endfacet
  facet normal -0.0583148 0.989514 -0.13214
    outer loop
      vertex 39.3837 39.0317 56
      vertex 39.7594 31.5756 0
      vertex 38.5207 31.5026 0
    endloop
  endfacet
  facet normal -0.324763 -0.936519 -0.132139
    outer loop
      vertex 28.8496 -37.1275 56
      vertex 27.4784 -36.652 56
      vertex 30.0627 -29.6468 0
    endloop
  endfacet
  facet normal -0.598273 0.790322 -0.132139
    outer loop
      vertex 22.426 25.5649 0
      vertex 16.88 30.7296 56
      vertex 18.0372 31.6056 56
    endloop
  endfacet
  facet normal -0.432523 0.891887 -0.132139
    outer loop
      vertex 27.7704 28.6973 0
      vertex 23.3385 34.8448 56
      vertex 24.6444 35.4781 56
    endloop
  endfacet
  facet normal -0.81321 -0.566771 -0.13214
    outer loop
      vertex 15.4351 -18.574 0
      vertex 8.51725 -21.7043 56
      vertex 14.7256 -17.556 0
    endloop
  endfacet
  facet normal -0.81295 -0.567146 -0.132129
    outer loop
      vertex 8.51725 -21.7043 56
      vertex 15.4351 -18.574 0
      vertex 8.56455 -21.7721 56
    endloop
  endfacet
  facet normal 0.467582 0.874019 -0.13213
    outer loop
      vertex 56.4404 27.5709 0
      vertex 58.7359 34.8087 56
      vertex 58.8088 34.7697 56
    endloop
  endfacet
  facet normal 0.467253 0.874193 -0.13214
    outer loop
      vertex 58.7359 34.8087 56
      vertex 56.4404 27.5709 0
      vertex 55.3461 28.1558 0
    endloop
  endfacet
  facet normal -0.834813 -0.53444 -0.132139
    outer loop
      vertex 14.7256 -17.556 0
      vertex 8.47266 -21.6346 56
      vertex 14.0566 -16.511 0
    endloop
  endfacet
  facet normal -0.834984 -0.534174 -0.132139
    outer loop
      vertex 8.47266 -21.6346 56
      vertex 14.7256 -17.556 0
      vertex 8.51725 -21.7043 56
    endloop
  endfacet
  facet normal 0.99104 -0.0194651 -0.132139
    outer loop
      vertex 80.0382 -1.45104 56
      vertex 72.6 0 0
      vertex 80.0667 0 56
    endloop
  endfacet
  facet normal -0.658436 0.740946 -0.132139
    outer loop
      vertex 20.4774 24.0288 0
      vertex 14.5434 28.7425 56
      vertex 15.6282 29.7065 56
    endloop
  endfacet
  facet normal -0.53444 0.834813 -0.132139
    outer loop
      vertex 23.444 26.2744 0
      vertex 19.3654 32.5273 56
      vertex 24.489 26.9434 0
    endloop
  endfacet
  facet normal -0.534259 0.834929 -0.132139
    outer loop
      vertex 19.3654 32.5273 56
      vertex 23.444 26.2744 0
      vertex 19.2957 32.4827 56
    endloop
  endfacet
  facet normal -0.65839 -0.740988 -0.132138
    outer loop
      vertex 19.5499 -23.2046 0
      vertex 14.5434 -28.7425 56
      vertex 14.4815 -28.6875 56
    endloop
  endfacet
  facet normal -0.658429 -0.740952 -0.132138
    outer loop
      vertex 14.5434 -28.7425 56
      vertex 19.5499 -23.2046 0
      vertex 20.4774 -24.0288 0
    endloop
  endfacet
  facet normal -0.467305 0.874165 -0.132138
    outer loop
      vertex 25.5596 27.5709 0
      vertex 21.9112 34.0855 56
      vertex 23.1911 34.7697 56
    endloop
  endfacet
  facet normal 0.21241 -0.968205 -0.132139
    outer loop
      vertex 48.7023 -38.2983 56
      vertex 48.3769 -30.7269 0
      vertex 50.1199 -37.9873 56
    endloop
  endfacet
  facet normal 0.135848 -0.981878 -0.132138
    outer loop
      vertex 45.5918 -38.7959 56
      vertex 44.7142 -31.381 0
      vertex 47.0294 -38.597 56
    endloop
  endfacet
  facet normal 0.986462 -0.0971211 -0.132138
    outer loop
      vertex 79.7959 -4.59179 56
      vertex 72.381 -3.71418 0
      vertex 79.9381 -3.14746 56
    endloop
  endfacet
  facet normal -0.959113 -0.250284 -0.132138
    outer loop
      vertex 3.3792 -10.5242 56
      vertex 3.01275 -9.11993 56
      vertex 10.2731 -7.37687 0
    endloop
  endfacet
  facet normal 0.598378 0.790243 -0.132138
    outer loop
      vertex 60.5634 24.816 0
      vertex 65.12 30.7296 56
      vertex 65.1859 30.6797 56
    endloop
  endfacet
  facet normal 0.598235 0.790351 -0.132138
    outer loop
      vertex 65.12 30.7296 56
      vertex 60.5634 24.816 0
      vertex 59.574 25.5649 0
    endloop
  endfacet
  facet normal -0.959116 -0.250274 -0.132138
    outer loop
      vertex 10.5864 -8.57752 0
      vertex 3.3792 -10.5242 56
      vertex 10.2731 -7.37687 0
    endloop
  endfacet
  facet normal -0.959178 -0.250033 -0.132138
    outer loop
      vertex 3.3792 -10.5242 56
      vertex 10.5864 -8.57752 0
      vertex 3.40008 -10.6043 56
    endloop
  endfacet
  facet normal 0.766239 0.628823 -0.132138
    outer loop
      vertex 71.6797 24.1859 56
      vertex 65.816 19.5634 0
      vertex 70.759 25.3078 56
    endloop
  endfacet
  facet normal -0.361294 0.923042 -0.132139
    outer loop
      vertex 30.0627 29.6468 0
      vertex 26.1269 36.123 56
      vertex 27.4784 36.652 56
    endloop
  endfacet
  facet normal 0.360482 0.92336 -0.132137
    outer loop
      vertex 53.0928 29.1946 0
      vertex 55.8731 36.123 56
      vertex 55.9502 36.0929 56
    endloop
  endfacet
  facet normal 0.361237 0.923064 -0.132138
    outer loop
      vertex 55.8731 36.123 56
      vertex 53.0928 29.1946 0
      vertex 51.9373 29.6468 0
    endloop
  endfacet
  facet normal -0.534437 -0.834815 -0.132139
    outer loop
      vertex 20.5877 -33.3098 56
      vertex 19.3654 -32.5273 56
      vertex 24.489 -26.9434 0
    endloop
  endfacet
  facet normal -0.135807 0.981884 -0.132137
    outer loop
      vertex 36.0567 31.211 0
      vertex 34.9706 38.597 56
      vertex 37.2858 31.381 0
    endloop
  endfacet
  facet normal -0.135318 0.981952 -0.132137
    outer loop
      vertex 34.9706 38.597 56
      vertex 36.0567 31.211 0
      vertex 34.8886 38.5857 56
    endloop
  endfacet
  facet normal 0.0194656 -0.99104 -0.132139
    outer loop
      vertex 42.451 -39.0382 56
      vertex 41 -39.0667 56
      vertex 41 -31.6 0
    endloop
  endfacet
  facet normal 0.766239 -0.628823 -0.132138
    outer loop
      vertex 70.759 -25.3078 56
      vertex 65.816 -19.5634 0
      vertex 71.6797 -24.1859 56
    endloop
  endfacet
  facet normal 0.174233 0.975798 -0.132138
    outer loop
      vertex 48.5401 38.3306 56
      vertex 45.9433 31.211 0
      vertex 47.1114 38.5857 56
    endloop
  endfacet
  facet normal -0.212109 -0.96827 -0.132146
    outer loop
      vertex 33.6231 -30.7269 0
      vertex 33.3785 -38.316 56
      vertex 33.2977 -38.2983 56
    endloop
  endfacet
  facet normal -0.212414 -0.968204 -0.132139
    outer loop
      vertex 33.3785 -38.316 56
      vertex 33.6231 -30.7269 0
      vertex 34.8351 -30.9928 0
    endloop
  endfacet
  facet normal -0.501239 0.85516 -0.132138
    outer loop
      vertex 25.5596 27.5709 0
      vertex 20.6591 33.3516 56
      vertex 21.9112 34.0855 56
    endloop
  endfacet
  facet normal 0.135848 0.981878 -0.132138
    outer loop
      vertex 47.0294 38.597 56
      vertex 44.7142 31.381 0
      vertex 45.5918 38.7959 56
    endloop
  endfacet
  facet normal 0.975785 -0.174304 -0.13214
    outer loop
      vertex 79.3306 -7.54009 56
      vertex 71.9928 -6.16485 0
      vertex 72.211 -4.94333 0
    endloop
  endfacet
  facet normal 0.975676 -0.174913 -0.13214
    outer loop
      vertex 71.9928 -6.16485 0
      vertex 79.3306 -7.54009 56
      vertex 79.316 -7.62153 56
    endloop
  endfacet
  facet normal 0.76623 -0.628833 -0.132138
    outer loop
      vertex 70.759 -25.3078 56
      vertex 65.0288 -20.5226 0
      vertex 65.816 -19.5634 0
    endloop
  endfacet
  facet normal 0.76637 -0.628663 -0.132138
    outer loop
      vertex 65.0288 -20.5226 0
      vertex 70.759 -25.3078 56
      vertex 70.7065 -25.3718 56
    endloop
  endfacet
  facet normal -0.0583953 0.98951 -0.132138
    outer loop
      vertex 38.5207 31.5026 0
      vertex 37.9349 38.9462 56
      vertex 39.3837 39.0317 56
    endloop
  endfacet
  facet normal -0.174233 -0.975798 -0.132138
    outer loop
      vertex 34.8886 -38.5857 56
      vertex 33.4599 -38.3306 56
      vertex 36.0567 -31.211 0
    endloop
  endfacet
  facet normal -0.891872 -0.432556 -0.132139
    outer loop
      vertex 12.8442 -14.3461 0
      vertex 6.15524 -17.6615 56
      vertex 12.3027 -13.2296 0
    endloop
  endfacet
  facet normal -0.891748 -0.43281 -0.132139
    outer loop
      vertex 6.15524 -17.6615 56
      vertex 12.8442 -14.3461 0
      vertex 6.19135 -17.7359 56
    endloop
  endfacet
  facet normal -0.324791 0.93651 -0.132139
    outer loop
      vertex 30.0627 29.6468 0
      vertex 28.9277 37.1546 56
      vertex 31.2351 30.0534 0
    endloop
  endfacet
  facet normal -0.324942 0.936458 -0.132135
    outer loop
      vertex 28.9277 37.1546 56
      vertex 30.0627 29.6468 0
      vertex 28.8496 37.1275 56
    endloop
  endfacet
  facet normal -0.81295 0.567146 -0.132129
    outer loop
      vertex 15.4351 18.574 0
      vertex 8.51725 21.7043 56
      vertex 8.56455 21.7721 56
    endloop
  endfacet
  facet normal -0.81321 0.566771 -0.13214
    outer loop
      vertex 8.51725 21.7043 56
      vertex 15.4351 18.574 0
      vertex 14.7256 17.556 0
    endloop
  endfacet
  facet normal 0.250257 0.95912 -0.132138
    outer loop
      vertex 49.5775 30.4136 0
      vertex 51.5242 37.6208 56
      vertex 51.6043 37.5999 56
    endloop
  endfacet
  facet normal 0.250283 0.959113 -0.132138
    outer loop
      vertex 51.5242 37.6208 56
      vertex 49.5775 30.4136 0
      vertex 48.3769 30.7269 0
    endloop
  endfacet
  facet normal -0.360482 -0.92336 -0.132137
    outer loop
      vertex 28.9072 -29.1946 0
      vertex 26.1269 -36.123 56
      vertex 26.0498 -36.0929 56
    endloop
  endfacet
  facet normal -0.361237 -0.923064 -0.132138
    outer loop
      vertex 26.1269 -36.123 56
      vertex 28.9072 -29.1946 0
      vertex 30.0627 -29.6468 0
    endloop
  endfacet
  facet normal 0.834815 -0.534437 -0.132139
    outer loop
      vertex 73.5273 -21.6346 56
      vertex 67.9434 -16.511 0
      vertex 74.3098 -20.4123 56
    endloop
  endfacet
  facet normal -0.687009 -0.714533 -0.132138
    outer loop
      vertex 14.4219 -28.6302 56
      vertex 13.3757 -27.6243 56
      vertex 18.6554 -22.3446 0
    endloop
  endfacet
  facet normal -0.834824 0.534423 -0.132139
    outer loop
      vertex 14.0566 16.511 0
      vertex 7.69019 20.4123 56
      vertex 8.47266 21.6346 56
    endloop
  endfacet
  facet normal -0.975794 0.174257 -0.132139
    outer loop
      vertex 9.78905 4.94333 0
      vertex 2.41431 6.11137 56
      vertex 2.66945 7.54009 56
    endloop
  endfacet
  facet normal 0.989561 -0.0575187 -0.132141
    outer loop
      vertex 80.0317 -1.61633 56
      vertex 72.5756 -1.24061 0
      vertex 80.0365 -1.53375 56
    endloop
  endfacet
  facet normal 0.989514 -0.0583148 -0.13214
    outer loop
      vertex 72.5756 -1.24061 0
      vertex 80.0317 -1.61633 56
      vertex 72.5026 -2.47931 0
    endloop
  endfacet
  facet normal 0.959116 -0.250274 -0.132138
    outer loop
      vertex 78.6208 -10.5242 56
      vertex 71.4136 -8.57752 0
      vertex 71.7269 -7.37687 0
    endloop
  endfacet
  facet normal 0.95912 -0.250257 -0.132138
    outer loop
      vertex 71.4136 -8.57752 0
      vertex 78.6208 -10.5242 56
      vertex 78.5999 -10.6043 56
    endloop
  endfacet
  facet normal -0.948555 -0.287722 -0.132139
    outer loop
      vertex 3.84539 -12.0723 56
      vertex 3.4241 -10.6834 56
      vertex 10.9466 -9.76494 0
    endloop
  endfacet
  facet normal 0.658436 -0.740946 -0.132139
    outer loop
      vertex 66.3718 -29.7065 56
      vertex 61.5226 -24.0288 0
      vertex 67.4566 -28.7425 56
    endloop
  endfacet
  facet normal -0.534259 -0.834929 -0.132139
    outer loop
      vertex 23.444 -26.2744 0
      vertex 19.3654 -32.5273 56
      vertex 19.2957 -32.4827 56
    endloop
  endfacet
  facet normal -0.53444 -0.834813 -0.132139
    outer loop
      vertex 19.3654 -32.5273 56
      vertex 23.444 -26.2744 0
      vertex 24.489 -26.9434 0
    endloop
  endfacet
  facet normal -0.986458 0.0971617 -0.132139
    outer loop
      vertex 9.61904 3.71418 0
      vertex 2.06187 3.14746 56
      vertex 2.20413 4.59179 56
    endloop
  endfacet
  facet normal 0.991039 -0.0194915 -0.13214
    outer loop
      vertex 80.0382 -1.45104 56
      vertex 72.5756 -1.24061 0
      vertex 72.6 0 0
    endloop
  endfacet
  facet normal 0.991022 -0.0203692 -0.132141
    outer loop
      vertex 72.5756 -1.24061 0
      vertex 80.0382 -1.45104 56
      vertex 80.0365 -1.53375 56
    endloop
  endfacet
  facet normal -0.790351 -0.598235 -0.132138
    outer loop
      vertex 16.184 -19.5634 0
      vertex 10.2704 -24.12 56
      vertex 15.4351 -18.574 0
    endloop
  endfacet
  facet normal -0.790243 -0.598378 -0.132138
    outer loop
      vertex 10.2704 -24.12 56
      vertex 16.184 -19.5634 0
      vertex 10.3203 -24.1859 56
    endloop
  endfacet
  facet normal -0.250283 0.959113 -0.132138
    outer loop
      vertex 32.4225 30.4136 0
      vertex 30.4758 37.6208 56
      vertex 33.6231 30.7269 0
    endloop
  endfacet
  facet normal -0.250257 0.95912 -0.132138
    outer loop
      vertex 30.4758 37.6208 56
      vertex 32.4225 30.4136 0
      vertex 30.3957 37.5999 56
    endloop
  endfacet
  facet normal -0.467253 0.874193 -0.13214
    outer loop
      vertex 25.5596 27.5709 0
      vertex 23.2641 34.8087 56
      vertex 26.6539 28.1558 0
    endloop
  endfacet
  facet normal -0.467083 0.874283 -0.132144
    outer loop
      vertex 23.2641 34.8087 56
      vertex 25.5596 27.5709 0
      vertex 23.1911 34.7697 56
    endloop
  endfacet
  facet normal -0.598273 -0.790322 -0.132139
    outer loop
      vertex 18.0372 -31.6056 56
      vertex 16.88 -30.7296 56
      vertex 22.426 -25.5649 0
    endloop
  endfacet
  facet normal -0.790322 -0.598273 -0.132139
    outer loop
      vertex 10.2704 -24.12 56
      vertex 9.3944 -22.9628 56
      vertex 15.4351 -18.574 0
    endloop
  endfacet
  facet normal -0.21241 -0.968205 -0.132139
    outer loop
      vertex 33.2977 -38.2983 56
      vertex 31.8801 -37.9873 56
      vertex 33.6231 -30.7269 0
    endloop
  endfacet
  facet normal 0.936519 -0.324763 -0.132139
    outer loop
      vertex 77.652 -13.5216 56
      vertex 70.6468 -10.9373 0
      vertex 78.1275 -12.1504 56
    endloop
  endfacet
  facet normal 0.467277 -0.874181 -0.132138
    outer loop
      vertex 58.8088 -34.7697 56
      vertex 56.4404 -27.5709 0
      vertex 60.0888 -34.0855 56
    endloop
  endfacet
  facet normal -0.908138 -0.397271 -0.132139
    outer loop
      vertex 12.3027 -13.2296 0
      vertex 4.90711 -14.9502 56
      vertex 11.8054 -12.0928 0
    endloop
  endfacet
  facet normal -0.908178 -0.397178 -0.132141
    outer loop
      vertex 4.90711 -14.9502 56
      vertex 12.3027 -13.2296 0
      vertex 4.94026 -15.026 56
    endloop
  endfacet
  facet normal -0.986457 -0.0971719 -0.132139
    outer loop
      vertex 9.49741 -2.47931 0
      vertex 2.06187 -3.14746 56
      vertex 2.05376 -3.06513 56
    endloop
  endfacet
  facet normal -0.986458 -0.0971623 -0.132139
    outer loop
      vertex 2.06187 -3.14746 56
      vertex 9.49741 -2.47931 0
      vertex 9.61904 -3.71418 0
    endloop
  endfacet
  facet normal -0.287744 0.948548 -0.132138
    outer loop
      vertex 31.2351 30.0534 0
      vertex 30.3957 37.5999 56
      vertex 32.4225 30.4136 0
    endloop
  endfacet
  facet normal -0.287797 0.948532 -0.132137
    outer loop
      vertex 30.3957 37.5999 56
      vertex 31.2351 30.0534 0
      vertex 30.3166 37.5759 56
    endloop
  endfacet
  facet normal -0.813214 -0.566764 -0.132139
    outer loop
      vertex 9.3944 -22.9628 56
      vertex 8.56455 -21.7721 56
      vertex 15.4351 -18.574 0
    endloop
  endfacet
  facet normal -0.908178 0.397178 -0.132141
    outer loop
      vertex 12.3027 13.2296 0
      vertex 4.90711 14.9502 56
      vertex 4.94026 15.026 56
    endloop
  endfacet
  facet normal -0.908138 0.397271 -0.132139
    outer loop
      vertex 4.90711 14.9502 56
      vertex 12.3027 13.2296 0
      vertex 11.8054 12.0928 0
    endloop
  endfacet
  facet normal -0.467305 -0.874165 -0.132138
    outer loop
      vertex 23.1911 -34.7697 56
      vertex 21.9112 -34.0855 56
      vertex 25.5596 -27.5709 0
    endloop
  endfacet
  facet normal 0.135807 -0.981884 -0.132137
    outer loop
      vertex 45.9433 -31.211 0
      vertex 47.0294 -38.597 56
      vertex 44.7142 -31.381 0
    endloop
  endfacet
  facet normal 0.135318 -0.981952 -0.132137
    outer loop
      vertex 47.0294 -38.597 56
      vertex 45.9433 -31.211 0
      vertex 47.1114 -38.5857 56
    endloop
  endfacet
  facet normal 0.628663 0.76637 -0.132138
    outer loop
      vertex 61.5226 24.0288 0
      vertex 66.3078 29.759 56
      vertex 66.3718 29.7065 56
    endloop
  endfacet
  facet normal 0.628833 0.76623 -0.132138
    outer loop
      vertex 66.3078 29.759 56
      vertex 61.5226 24.0288 0
      vertex 60.5634 24.816 0
    endloop
  endfacet
  facet normal -0.566741 0.81323 -0.132139
    outer loop
      vertex 22.426 25.5649 0
      vertex 18.0372 31.6056 56
      vertex 19.2279 32.4354 56
    endloop
  endfacet
  facet normal 0.21241 0.968205 -0.132139
    outer loop
      vertex 50.1199 37.9873 56
      vertex 48.3769 30.7269 0
      vertex 48.7023 38.2983 56
    endloop
  endfacet
  facet normal 0.986469 -0.0970533 -0.132138
    outer loop
      vertex 79.9381 -3.14746 56
      vertex 72.5026 -2.47931 0
      vertex 79.9462 -3.06513 56
    endloop
  endfacet
  facet normal 0.98646 -0.0971386 -0.132138
    outer loop
      vertex 72.5026 -2.47931 0
      vertex 79.9381 -3.14746 56
      vertex 72.381 -3.71418 0
    endloop
  endfacet
  facet normal 0.0575048 -0.989562 -0.132141
    outer loop
      vertex 42.2406 -31.5756 0
      vertex 42.6163 -39.0317 56
      vertex 42.5337 -39.0365 56
    endloop
  endfacet
  facet normal 0.0583148 -0.989514 -0.13214
    outer loop
      vertex 42.6163 -39.0317 56
      vertex 42.2406 -31.5756 0
      vertex 43.4793 -31.5026 0
    endloop
  endfacet
  facet normal 0.855166 -0.50123 -0.132138
    outer loop
      vertex 74.3516 -20.3409 56
      vertex 67.9434 -16.511 0
      vertex 68.5709 -15.4404 0
    endloop
  endfacet
  facet normal 0.855422 -0.500793 -0.132137
    outer loop
      vertex 67.9434 -16.511 0
      vertex 74.3516 -20.3409 56
      vertex 74.3098 -20.4123 56
    endloop
  endfacet
  facet normal 0.936458 0.324942 -0.132135
    outer loop
      vertex 78.1546 12.0723 56
      vertex 70.6468 10.9373 0
      vertex 78.1275 12.1504 56
    endloop
  endfacet
  facet normal 0.936506 0.324801 -0.132138
    outer loop
      vertex 70.6468 10.9373 0
      vertex 78.1546 12.0723 56
      vertex 71.0534 9.76494 0
    endloop
  endfacet
  facet normal 0.85516 0.501239 -0.132138
    outer loop
      vertex 75.0855 19.0888 56
      vertex 68.5709 15.4404 0
      vertex 74.3516 20.3409 56
    endloop
  endfacet
  facet normal -0.986457 0.0971719 -0.132138
    outer loop
      vertex 9.61904 3.71418 0
      vertex 2.05376 3.06513 56
      vertex 2.06187 3.14746 56
    endloop
  endfacet
  facet normal -0.986458 0.0971623 -0.132139
    outer loop
      vertex 2.05376 3.06513 56
      vertex 9.61904 3.71418 0
      vertex 9.49741 2.47931 0
    endloop
  endfacet
  facet normal -0.989512 0.0583544 -0.132139
    outer loop
      vertex 9.49741 2.47931 0
      vertex 1.96832 1.61633 56
      vertex 2.05376 3.06513 56
    endloop
  endfacet
  facet normal -0.936521 0.324757 -0.132139
    outer loop
      vertex 11.3532 10.9373 0
      vertex 3.8725 12.1504 56
      vertex 4.34799 13.5216 56
    endloop
  endfacet
  facet normal 0.361237 -0.923064 -0.132138
    outer loop
      vertex 53.0928 -29.1946 0
      vertex 55.8731 -36.123 56
      vertex 51.9373 -29.6468 0
    endloop
  endfacet
  facet normal 0.360482 -0.92336 -0.132137
    outer loop
      vertex 55.8731 -36.123 56
      vertex 53.0928 -29.1946 0
      vertex 55.9502 -36.0929 56
    endloop
  endfacet
  facet normal 0.959104 -0.250316 -0.132139
    outer loop
      vertex 78.6208 -10.5242 56
      vertex 71.7269 -7.37687 0
      vertex 78.9873 -9.11993 56
    endloop
  endfacet
  facet normal -0.287728 0.948553 -0.132139
    outer loop
      vertex 31.2351 30.0534 0
      vertex 28.9277 37.1546 56
      vertex 30.3166 37.5759 56
    endloop
  endfacet
  facet normal -0.968196 0.212452 -0.132138
    outer loop
      vertex 10.2731 7.37687 0
      vertex 2.68399 7.62153 56
      vertex 2.70172 7.70233 56
    endloop
  endfacet
  facet normal -0.968205 0.21241 -0.132139
    outer loop
      vertex 2.68399 7.62153 56
      vertex 10.2731 7.37687 0
      vertex 10.0072 6.16485 0
    endloop
  endfacet
  facet normal -0.714533 0.687009 -0.132138
    outer loop
      vertex 18.6554 22.3446 0
      vertex 12.3698 26.5781 56
      vertex 13.3757 27.6243 56
    endloop
  endfacet
  facet normal -0.361294 -0.923042 -0.132139
    outer loop
      vertex 27.4784 -36.652 56
      vertex 26.1269 -36.123 56
      vertex 30.0627 -29.6468 0
    endloop
  endfacet
  facet normal -0.467083 -0.874283 -0.132144
    outer loop
      vertex 25.5596 -27.5709 0
      vertex 23.2641 -34.8087 56
      vertex 23.1911 -34.7697 56
    endloop
  endfacet
  facet normal -0.467253 -0.874193 -0.13214
    outer loop
      vertex 23.2641 -34.8087 56
      vertex 25.5596 -27.5709 0
      vertex 26.6539 -28.1558 0
    endloop
  endfacet
  facet normal -0.0969716 -0.986476 -0.132142
    outer loop
      vertex 37.2858 -31.381 0
      vertex 37.9349 -38.9462 56
      vertex 37.8525 -38.9381 56
    endloop
  endfacet
  facet normal -0.0971363 -0.98646 -0.132138
    outer loop
      vertex 37.9349 -38.9462 56
      vertex 37.2858 -31.381 0
      vertex 38.5207 -31.5026 0
    endloop
  endfacet
  facet normal 0.891871 -0.432556 -0.13214
    outer loop
      vertex 75.8448 -17.6615 56
      vertex 69.1558 -14.3461 0
      vertex 69.6973 -13.2296 0
    endloop
  endfacet
  facet normal 0.891795 -0.432713 -0.13214
    outer loop
      vertex 69.1558 -14.3461 0
      vertex 75.8448 -17.6615 56
      vertex 75.8087 -17.7359 56
    endloop
  endfacet
  facet normal -0.686983 -0.714558 -0.132139
    outer loop
      vertex 18.6554 -22.3446 0
      vertex 14.4815 -28.6875 56
      vertex 14.4219 -28.6302 56
    endloop
  endfacet
  facet normal -0.686991 -0.714551 -0.132138
    outer loop
      vertex 14.4815 -28.6875 56
      vertex 18.6554 -22.3446 0
      vertex 19.5499 -23.2046 0
    endloop
  endfacet
  facet normal -0.658436 -0.740946 -0.132139
    outer loop
      vertex 15.6282 -29.7065 56
      vertex 14.5434 -28.7425 56
      vertex 20.4774 -24.0288 0
    endloop
  endfacet
  facet normal -0.714533 -0.687009 -0.132138
    outer loop
      vertex 13.3757 -27.6243 56
      vertex 12.3698 -26.5781 56
      vertex 18.6554 -22.3446 0
    endloop
  endfacet
  facet normal 0.534437 -0.834815 -0.132139
    outer loop
      vertex 61.4123 -33.3098 56
      vertex 57.511 -26.9434 0
      vertex 62.6346 -32.5273 56
    endloop
  endfacet
  facet normal 0.361294 -0.923042 -0.132139
    outer loop
      vertex 54.5216 -36.652 56
      vertex 51.9373 -29.6468 0
      vertex 55.8731 -36.123 56
    endloop
  endfacet
  facet normal -0.135318 -0.981952 -0.132137
    outer loop
      vertex 36.0567 -31.211 0
      vertex 34.9706 -38.597 56
      vertex 34.8886 -38.5857 56
    endloop
  endfacet
  facet normal -0.135807 -0.981884 -0.132137
    outer loop
      vertex 34.9706 -38.597 56
      vertex 36.0567 -31.211 0
      vertex 37.2858 -31.381 0
    endloop
  endfacet
  facet normal -0.0971231 0.986462 -0.132138
    outer loop
      vertex 37.2858 31.381 0
      vertex 36.4082 38.7959 56
      vertex 37.8525 38.9381 56
    endloop
  endfacet
  facet normal 0.534437 0.834815 -0.132139
    outer loop
      vertex 62.6346 32.5273 56
      vertex 57.511 26.9434 0
      vertex 61.4123 33.3098 56
    endloop
  endfacet
  facet normal -0.989512 -0.0583546 -0.132139
    outer loop
      vertex 9.42436 -1.24061 0
      vertex 1.96832 -1.61633 56
      vertex 1.96345 -1.53375 56
    endloop
  endfacet
  facet normal -0.989512 -0.0583546 -0.132139
    outer loop
      vertex 1.96832 -1.61633 56
      vertex 9.42436 -1.24061 0
      vertex 9.49741 -2.47931 0
    endloop
  endfacet
  facet normal 0.0971231 0.986462 -0.132138
    outer loop
      vertex 44.7142 31.381 0
      vertex 44.1475 38.9381 56
      vertex 45.5918 38.7959 56
    endloop
  endfacet
  facet normal -0.0203717 -0.991022 -0.132141
    outer loop
      vertex 39.7594 -31.5756 0
      vertex 39.549 -39.0382 56
      vertex 39.4663 -39.0365 56
    endloop
  endfacet
  facet normal -0.0194917 -0.991039 -0.13214
    outer loop
      vertex 39.549 -39.0382 56
      vertex 39.7594 -31.5756 0
      vertex 41 -31.6 0
    endloop
  endfacet
  facet normal -0.908146 0.397253 -0.132139
    outer loop
      vertex 12.3027 13.2296 0
      vertex 4.94026 15.026 56
      vertex 5.52187 16.3556 56
    endloop
  endfacet
  facet normal 0.501239 -0.85516 -0.132138
    outer loop
      vertex 60.0888 -34.0855 56
      vertex 56.4404 -27.5709 0
      vertex 61.3409 -33.3516 56
    endloop
  endfacet
  facet normal 0.174233 -0.975798 -0.132138
    outer loop
      vertex 47.1114 -38.5857 56
      vertex 45.9433 -31.211 0
      vertex 48.5401 -38.3306 56
    endloop
  endfacet
  facet normal -0.714558 0.686983 -0.132139
    outer loop
      vertex 18.6554 22.3446 0
      vertex 12.3125 26.5185 56
      vertex 12.3698 26.5781 56
    endloop
  endfacet
  facet normal -0.714551 0.686991 -0.132138
    outer loop
      vertex 12.3125 26.5185 56
      vertex 18.6554 22.3446 0
      vertex 17.7954 21.4501 0
    endloop
  endfacet
  facet normal 0.874283 0.467083 -0.132144
    outer loop
      vertex 75.8087 17.7359 56
      vertex 68.5709 15.4404 0
      vertex 75.7697 17.8089 56
    endloop
  endfacet
  facet normal 0.874193 0.467253 -0.13214
    outer loop
      vertex 68.5709 15.4404 0
      vertex 75.8087 17.7359 56
      vertex 69.1558 14.3461 0
    endloop
  endfacet
  facet normal 0.76637 0.628663 -0.132138
    outer loop
      vertex 70.759 25.3078 56
      vertex 65.0288 20.5226 0
      vertex 70.7065 25.3718 56
    endloop
  endfacet
  facet normal 0.76623 0.628833 -0.132138
    outer loop
      vertex 65.0288 20.5226 0
      vertex 70.759 25.3078 56
      vertex 65.816 19.5634 0
    endloop
  endfacet
  facet normal 0.740946 -0.658436 -0.132139
    outer loop
      vertex 69.7425 -26.4566 56
      vertex 65.0288 -20.5226 0
      vertex 70.7065 -25.3718 56
    endloop
  endfacet
  facet normal 0.467253 -0.874193 -0.13214
    outer loop
      vertex 56.4404 -27.5709 0
      vertex 58.7359 -34.8087 56
      vertex 55.3461 -28.1558 0
    endloop
  endfacet
  facet normal 0.467582 -0.874019 -0.13213
    outer loop
      vertex 58.7359 -34.8087 56
      vertex 56.4404 -27.5709 0
      vertex 58.8088 -34.7697 56
    endloop
  endfacet
  facet normal 0.714533 0.687009 -0.132138
    outer loop
      vertex 69.6302 26.5781 56
      vertex 63.3446 22.3446 0
      vertex 68.6243 27.6243 56
    endloop
  endfacet
  facet normal -0.566741 -0.81323 -0.132139
    outer loop
      vertex 19.2279 -32.4354 56
      vertex 18.0372 -31.6056 56
      vertex 22.426 -25.5649 0
    endloop
  endfacet
  facet normal 0.397271 -0.908138 -0.132139
    outer loop
      vertex 54.2296 -28.6973 0
      vertex 55.9502 -36.0929 56
      vertex 53.0928 -29.1946 0
    endloop
  endfacet
  facet normal 0.397682 -0.90796 -0.132128
    outer loop
      vertex 55.9502 -36.0929 56
      vertex 54.2296 -28.6973 0
      vertex 56.026 -36.0597 56
    endloop
  endfacet
  facet normal 0.0583953 -0.98951 -0.132138
    outer loop
      vertex 44.0651 -38.9462 56
      vertex 42.6163 -39.0317 56
      vertex 43.4793 -31.5026 0
    endloop
  endfacet
  facet normal -0.936506 -0.324801 -0.132139
    outer loop
      vertex 11.3532 -10.9373 0
      vertex 3.84539 -12.0723 56
      vertex 10.9466 -9.76494 0
    endloop
  endfacet
  facet normal -0.936421 -0.32505 -0.132132
    outer loop
      vertex 3.84539 -12.0723 56
      vertex 11.3532 -10.9373 0
      vertex 3.8725 -12.1504 56
    endloop
  endfacet
  facet normal -0.740952 -0.658429 -0.132138
    outer loop
      vertex 17.7954 -21.4501 0
      vertex 12.2575 -26.4566 56
      vertex 16.9712 -20.5226 0
    endloop
  endfacet
  facet normal -0.740988 -0.65839 -0.132138
    outer loop
      vertex 12.2575 -26.4566 56
      vertex 17.7954 -21.4501 0
      vertex 12.3125 -26.5185 56
    endloop
  endfacet
  facet normal -0.975794 -0.174257 -0.132139
    outer loop
      vertex 2.66945 -7.54009 56
      vertex 2.41431 -6.11137 56
      vertex 9.78905 -4.94333 0
    endloop
  endfacet
  facet normal 0.598273 -0.790322 -0.132139
    outer loop
      vertex 63.9628 -31.6056 56
      vertex 59.574 -25.5649 0
      vertex 65.12 -30.7296 56
    endloop
  endfacet
  facet normal -0.936421 0.32505 -0.132132
    outer loop
      vertex 11.3532 10.9373 0
      vertex 3.84539 12.0723 56
      vertex 3.8725 12.1504 56
    endloop
  endfacet
  facet normal -0.936506 0.324801 -0.132139
    outer loop
      vertex 3.84539 12.0723 56
      vertex 11.3532 10.9373 0
      vertex 10.9466 9.76494 0
    endloop
  endfacet
  facet normal 0.501239 0.85516 -0.132138
    outer loop
      vertex 61.3409 33.3516 56
      vertex 56.4404 27.5709 0
      vertex 60.0888 34.0855 56
    endloop
  endfacet
  facet normal -0.740946 0.658436 -0.132139
    outer loop
      vertex 16.9712 20.5226 0
      vertex 11.2935 25.3718 56
      vertex 12.2575 26.4566 56
    endloop
  endfacet
  facet normal 0.908138 -0.397271 -0.132139
    outer loop
      vertex 77.0929 -14.9502 56
      vertex 69.6973 -13.2296 0
      vertex 70.1946 -12.0928 0
    endloop
  endfacet
  facet normal 0.90796 -0.397682 -0.132128
    outer loop
      vertex 69.6973 -13.2296 0
      vertex 77.0929 -14.9502 56
      vertex 77.0597 -15.026 56
    endloop
  endfacet
  facet normal 0.891887 -0.432523 -0.132139
    outer loop
      vertex 75.8448 -17.6615 56
      vertex 69.6973 -13.2296 0
      vertex 76.4781 -16.3556 56
    endloop
  endfacet
  facet normal -0.628833 0.76623 -0.132138
    outer loop
      vertex 20.4774 24.0288 0
      vertex 15.6922 29.759 56
      vertex 21.4366 24.816 0
    endloop
  endfacet
  facet normal -0.628663 0.76637 -0.132138
    outer loop
      vertex 15.6922 29.759 56
      vertex 20.4774 24.0288 0
      vertex 15.6282 29.7065 56
    endloop
  endfacet
  facet normal -0.686991 0.714551 -0.132138
    outer loop
      vertex 18.6554 22.3446 0
      vertex 14.4815 28.6875 56
      vertex 19.5499 23.2046 0
    endloop
  endfacet
  facet normal -0.686983 0.714558 -0.132139
    outer loop
      vertex 14.4815 28.6875 56
      vertex 18.6554 22.3446 0
      vertex 14.4219 28.6302 56
    endloop
  endfacet
  facet normal 0.85516 -0.501239 -0.132138
    outer loop
      vertex 74.3516 -20.3409 56
      vertex 68.5709 -15.4404 0
      vertex 75.0855 -19.0888 56
    endloop
  endfacet
  facet normal -0.936521 -0.324757 -0.132139
    outer loop
      vertex 4.34799 -13.5216 56
      vertex 3.8725 -12.1504 56
      vertex 11.3532 -10.9373 0
    endloop
  endfacet
  facet normal 0.936506 -0.324801 -0.132138
    outer loop
      vertex 78.1546 -12.0723 56
      vertex 70.6468 -10.9373 0
      vertex 71.0534 -9.76494 0
    endloop
  endfacet
  facet normal 0.936458 -0.324942 -0.132135
    outer loop
      vertex 70.6468 -10.9373 0
      vertex 78.1546 -12.0723 56
      vertex 78.1275 -12.1504 56
    endloop
  endfacet
  facet normal 0.81321 -0.566771 -0.132139
    outer loop
      vertex 73.4827 -21.7043 56
      vertex 66.5649 -18.574 0
      vertex 67.2744 -17.556 0
    endloop
  endfacet
  facet normal 0.81295 -0.567146 -0.132128
    outer loop
      vertex 66.5649 -18.574 0
      vertex 73.4827 -21.7043 56
      vertex 73.4354 -21.7721 56
    endloop
  endfacet
  facet normal 0.948549 -0.287739 -0.132138
    outer loop
      vertex 78.5999 -10.6043 56
      vertex 71.0534 -9.76494 0
      vertex 71.4136 -8.57752 0
    endloop
  endfacet
  facet normal 0.948532 -0.287797 -0.132137
    outer loop
      vertex 71.0534 -9.76494 0
      vertex 78.5999 -10.6043 56
      vertex 78.5759 -10.6834 56
    endloop
  endfacet
  facet normal 0.81323 -0.566741 -0.132139
    outer loop
      vertex 72.6056 -22.9628 56
      vertex 66.5649 -18.574 0
      vertex 73.4354 -21.7721 56
    endloop
  endfacet
  facet normal -0.855265 0.501061 -0.132138
    outer loop
      vertex 14.0566 16.511 0
      vertex 7.64836 20.3409 56
      vertex 7.69019 20.4123 56
    endloop
  endfacet
  facet normal -0.855166 0.50123 -0.132139
    outer loop
      vertex 7.64836 20.3409 56
      vertex 14.0566 16.511 0
      vertex 13.4291 15.4404 0
    endloop
  endfacet
  facet normal 0.0969716 -0.986477 -0.132138
    outer loop
      vertex 43.4793 -31.5026 0
      vertex 44.1475 -38.9381 56
      vertex 44.0651 -38.9462 56
    endloop
  endfacet
  facet normal 0.0971363 -0.98646 -0.132138
    outer loop
      vertex 44.1475 -38.9381 56
      vertex 43.4793 -31.5026 0
      vertex 44.7142 -31.381 0
    endloop
  endfacet
  facet normal 0.0194917 -0.991039 -0.13214
    outer loop
      vertex 42.2406 -31.5756 0
      vertex 42.451 -39.0382 56
      vertex 41 -31.6 0
    endloop
  endfacet
  facet normal 0.0203717 -0.991022 -0.132141
    outer loop
      vertex 42.451 -39.0382 56
      vertex 42.2406 -31.5756 0
      vertex 42.5337 -39.0365 56
    endloop
  endfacet
  facet normal -0.628823 -0.766239 -0.132138
    outer loop
      vertex 16.8141 -30.6797 56
      vertex 15.6922 -29.759 56
      vertex 21.4366 -24.816 0
    endloop
  endfacet
  facet normal -0.534437 0.834815 -0.132139
    outer loop
      vertex 24.489 26.9434 0
      vertex 19.3654 32.5273 56
      vertex 20.5877 33.3098 56
    endloop
  endfacet
  facet normal -0.250311 0.959106 -0.132139
    outer loop
      vertex 33.6231 30.7269 0
      vertex 30.4758 37.6208 56
      vertex 31.8801 37.9873 56
    endloop
  endfacet
  facet normal 0.92336 0.360482 -0.132137
    outer loop
      vertex 77.123 14.8731 56
      vertex 70.1946 12.0928 0
      vertex 77.0929 14.9502 56
    endloop
  endfacet
  facet normal 0.923064 0.361237 -0.132138
    outer loop
      vertex 70.1946 12.0928 0
      vertex 77.123 14.8731 56
      vertex 70.6468 10.9373 0
    endloop
  endfacet
  facet normal 0.65839 0.740988 -0.132138
    outer loop
      vertex 62.4501 23.2046 0
      vertex 67.4566 28.7425 56
      vertex 67.5185 28.6875 56
    endloop
  endfacet
  facet normal 0.658429 0.740952 -0.132138
    outer loop
      vertex 67.4566 28.7425 56
      vertex 62.4501 23.2046 0
      vertex 61.5226 24.0288 0
    endloop
  endfacet
  facet normal 0.432523 -0.891887 -0.132139
    outer loop
      vertex 57.3556 -35.4781 56
      vertex 54.2296 -28.6973 0
      vertex 58.6615 -34.8448 56
    endloop
  endfacet
  facet normal 0.686983 0.714558 -0.132139
    outer loop
      vertex 63.3446 22.3446 0
      vertex 67.5185 28.6875 56
      vertex 67.5781 28.6302 56
    endloop
  endfacet
  facet normal 0.686991 0.714551 -0.132138
    outer loop
      vertex 67.5185 28.6875 56
      vertex 63.3446 22.3446 0
      vertex 62.4501 23.2046 0
    endloop
  endfacet
  facet normal 0.567146 0.81295 -0.132128
    outer loop
      vertex 59.574 25.5649 0
      vertex 62.7043 32.4827 56
      vertex 62.7721 32.4354 56
    endloop
  endfacet
  facet normal 0.566771 0.81321 -0.132139
    outer loop
      vertex 62.7043 32.4827 56
      vertex 59.574 25.5649 0
      vertex 58.556 26.2744 0
    endloop
  endfacet
  facet normal -0.855169 0.501224 -0.132139
    outer loop
      vertex 13.4291 15.4404 0
      vertex 6.91449 19.0888 56
      vertex 7.64836 20.3409 56
    endloop
  endfacet
  facet normal 0.287744 -0.948548 -0.132138
    outer loop
      vertex 50.7649 -30.0534 0
      vertex 51.6043 -37.5999 56
      vertex 49.5775 -30.4136 0
    endloop
  endfacet
  facet normal 0.287797 -0.948532 -0.132137
    outer loop
      vertex 51.6043 -37.5999 56
      vertex 50.7649 -30.0534 0
      vertex 51.6834 -37.5759 56
    endloop
  endfacet
  facet normal 0.968205 0.21241 -0.132139
    outer loop
      vertex 79.2983 7.70233 56
      vertex 71.7269 7.37687 0
      vertex 78.9873 9.11993 56
    endloop
  endfacet
  facet normal 0.628823 -0.766239 -0.132138
    outer loop
      vertex 65.1859 -30.6797 56
      vertex 60.5634 -24.816 0
      vertex 66.3078 -29.759 56
    endloop
  endfacet
  facet normal -0.923156 0.361001 -0.132138
    outer loop
      vertex 11.8054 12.0928 0
      vertex 4.87696 14.8731 56
      vertex 4.90711 14.9502 56
    endloop
  endfacet
  facet normal -0.923064 0.361237 -0.132138
    outer loop
      vertex 4.87696 14.8731 56
      vertex 11.8054 12.0928 0
      vertex 11.3532 10.9373 0
    endloop
  endfacet
  facet normal -0.87418 -0.467279 -0.132139
    outer loop
      vertex 6.91449 -19.0888 56
      vertex 6.23034 -17.8089 56
      vertex 13.4291 -15.4404 0
    endloop
  endfacet
  facet normal -0.714551 -0.686991 -0.132138
    outer loop
      vertex 18.6554 -22.3446 0
      vertex 12.3125 -26.5185 56
      vertex 17.7954 -21.4501 0
    endloop
  endfacet
  facet normal -0.714558 -0.686983 -0.132139
    outer loop
      vertex 12.3125 -26.5185 56
      vertex 18.6554 -22.3446 0
      vertex 12.3698 -26.5781 56
    endloop
  endfacet
  facet normal -0.834824 -0.534423 -0.132139
    outer loop
      vertex 8.47266 -21.6346 56
      vertex 7.69019 -20.4123 56
      vertex 14.0566 -16.511 0
    endloop
  endfacet
  facet normal -0.99104 -0.0194596 -0.132139
    outer loop
      vertex 9.42436 -1.24061 0
      vertex 1.96183 -1.45104 56
      vertex 9.4 0 0
    endloop
  endfacet
  facet normal -0.991041 -0.019411 -0.132139
    outer loop
      vertex 1.96183 -1.45104 56
      vertex 9.42436 -1.24061 0
      vertex 1.96345 -1.53375 56
    endloop
  endfacet
  facet normal 0.324942 0.936458 -0.132135
    outer loop
      vertex 51.9373 29.6468 0
      vertex 53.0723 37.1546 56
      vertex 53.1504 37.1275 56
    endloop
  endfacet
  facet normal 0.324791 0.93651 -0.132139
    outer loop
      vertex 53.0723 37.1546 56
      vertex 51.9373 29.6468 0
      vertex 50.7649 30.0534 0
    endloop
  endfacet
  facet normal 0.250311 -0.959106 -0.132139
    outer loop
      vertex 50.1199 -37.9873 56
      vertex 48.3769 -30.7269 0
      vertex 51.5242 -37.6208 56
    endloop
  endfacet
  facet normal -0.0194656 -0.99104 -0.132139
    outer loop
      vertex 41 -39.0667 56
      vertex 39.549 -39.0382 56
      vertex 41 -31.6 0
    endloop
  endfacet
  facet normal 0.658429 -0.740952 -0.132138
    outer loop
      vertex 62.4501 -23.2046 0
      vertex 67.4566 -28.7425 56
      vertex 61.5226 -24.0288 0
    endloop
  endfacet
  facet normal 0.65839 -0.740988 -0.132138
    outer loop
      vertex 67.4566 -28.7425 56
      vertex 62.4501 -23.2046 0
      vertex 67.5185 -28.6875 56
    endloop
  endfacet
  facet normal -0.21241 0.968205 -0.132139
    outer loop
      vertex 33.6231 30.7269 0
      vertex 31.8801 37.9873 56
      vertex 33.2977 38.2983 56
    endloop
  endfacet
  facet normal -0.174233 0.975798 -0.132138
    outer loop
      vertex 36.0567 31.211 0
      vertex 33.4599 38.3306 56
      vertex 34.8886 38.5857 56
    endloop
  endfacet
  facet normal 0.981938 0.135415 -0.132137
    outer loop
      vertex 79.597 6.02943 56
      vertex 72.211 4.94333 0
      vertex 79.5857 6.11137 56
    endloop
  endfacet
  facet normal 0.981885 0.135801 -0.132137
    outer loop
      vertex 72.211 4.94333 0
      vertex 79.597 6.02943 56
      vertex 72.381 3.71418 0
    endloop
  endfacet
  facet normal -0.250311 -0.959106 -0.132139
    outer loop
      vertex 31.8801 -37.9873 56
      vertex 30.4758 -37.6208 56
      vertex 33.6231 -30.7269 0
    endloop
  endfacet
  facet normal -0.658429 0.740952 -0.132138
    outer loop
      vertex 19.5499 23.2046 0
      vertex 14.5434 28.7425 56
      vertex 20.4774 24.0288 0
    endloop
  endfacet
  facet normal -0.65839 0.740988 -0.132138
    outer loop
      vertex 14.5434 28.7425 56
      vertex 19.5499 23.2046 0
      vertex 14.4815 28.6875 56
    endloop
  endfacet
  facet normal 0.981885 -0.135801 -0.132137
    outer loop
      vertex 79.597 -6.02943 56
      vertex 72.211 -4.94333 0
      vertex 72.381 -3.71418 0
    endloop
  endfacet
  facet normal 0.981938 -0.135415 -0.132137
    outer loop
      vertex 72.211 -4.94333 0
      vertex 79.597 -6.02943 56
      vertex 79.5857 -6.11137 56
    endloop
  endfacet
  facet normal -0.975792 -0.174266 -0.132139
    outer loop
      vertex 10.0072 -6.16485 0
      vertex 2.66945 -7.54009 56
      vertex 9.78905 -4.94333 0
    endloop
  endfacet
  facet normal -0.975801 -0.174216 -0.132139
    outer loop
      vertex 2.66945 -7.54009 56
      vertex 10.0072 -6.16485 0
      vertex 2.68399 -7.62153 56
    endloop
  endfacet
  facet normal 0.324763 -0.936519 -0.132139
    outer loop
      vertex 53.1504 -37.1275 56
      vertex 51.9373 -29.6468 0
      vertex 54.5216 -36.652 56
    endloop
  endfacet
  facet normal -0.948549 -0.287739 -0.132139
    outer loop
      vertex 10.9466 -9.76494 0
      vertex 3.40008 -10.6043 56
      vertex 10.5864 -8.57752 0
    endloop
  endfacet
  facet normal -0.948466 -0.288017 -0.132132
    outer loop
      vertex 3.40008 -10.6043 56
      vertex 10.9466 -9.76494 0
      vertex 3.4241 -10.6834 56
    endloop
  endfacet
  facet normal -0.766239 -0.628823 -0.132138
    outer loop
      vertex 11.241 -25.3078 56
      vertex 10.3203 -24.1859 56
      vertex 16.184 -19.5634 0
    endloop
  endfacet
  facet normal -0.0194917 0.991039 -0.13214
    outer loop
      vertex 39.7594 31.5756 0
      vertex 39.549 39.0382 56
      vertex 41 31.6 0
    endloop
  endfacet
  facet normal -0.0203717 0.991022 -0.132141
    outer loop
      vertex 39.549 39.0382 56
      vertex 39.7594 31.5756 0
      vertex 39.4663 39.0365 56
    endloop
  endfacet
  facet normal -0.432713 -0.891795 -0.13214
    outer loop
      vertex 26.6539 -28.1558 0
      vertex 23.3385 -34.8448 56
      vertex 23.2641 -34.8087 56
    endloop
  endfacet
  facet normal -0.432556 -0.891871 -0.13214
    outer loop
      vertex 23.3385 -34.8448 56
      vertex 26.6539 -28.1558 0
      vertex 27.7704 -28.6973 0
    endloop
  endfacet
  facet normal -0.432523 -0.891887 -0.132139
    outer loop
      vertex 24.6444 -35.4781 56
      vertex 23.3385 -34.8448 56
      vertex 27.7704 -28.6973 0
    endloop
  endfacet
  facet normal 0.790322 -0.598273 -0.132139
    outer loop
      vertex 71.7296 -24.12 56
      vertex 66.5649 -18.574 0
      vertex 72.6056 -22.9628 56
    endloop
  endfacet
  facet normal -0.0969716 0.986477 -0.132138
    outer loop
      vertex 38.5207 31.5026 0
      vertex 37.8525 38.9381 56
      vertex 37.9349 38.9462 56
    endloop
  endfacet
  facet normal -0.0971363 0.98646 -0.132138
    outer loop
      vertex 37.8525 38.9381 56
      vertex 38.5207 31.5026 0
      vertex 37.2858 31.381 0
    endloop
  endfacet
  facet normal -0.397247 -0.908149 -0.132139
    outer loop
      vertex 25.974 -36.0597 56
      vertex 24.6444 -35.4781 56
      vertex 27.7704 -28.6973 0
    endloop
  endfacet
  facet normal -0.598235 0.790351 -0.132138
    outer loop
      vertex 21.4366 24.816 0
      vertex 16.88 30.7296 56
      vertex 22.426 25.5649 0
    endloop
  endfacet
  facet normal -0.598378 0.790243 -0.132138
    outer loop
      vertex 16.88 30.7296 56
      vertex 21.4366 24.816 0
      vertex 16.8141 30.6797 56
    endloop
  endfacet
  facet normal -0.432556 0.891871 -0.13214
    outer loop
      vertex 26.6539 28.1558 0
      vertex 23.3385 34.8448 56
      vertex 27.7704 28.6973 0
    endloop
  endfacet
  facet normal -0.432713 0.891795 -0.13214
    outer loop
      vertex 23.3385 34.8448 56
      vertex 26.6539 28.1558 0
      vertex 23.2641 34.8087 56
    endloop
  endfacet
  facet normal -0.834984 0.534174 -0.132139
    outer loop
      vertex 14.7256 17.556 0
      vertex 8.47266 21.6346 56
      vertex 8.51725 21.7043 56
    endloop
  endfacet
  facet normal -0.834813 0.53444 -0.132139
    outer loop
      vertex 8.47266 21.6346 56
      vertex 14.7256 17.556 0
      vertex 14.0566 16.511 0
    endloop
  endfacet
  facet normal -0.501239 -0.85516 -0.132138
    outer loop
      vertex 21.9112 -34.0855 56
      vertex 20.6591 -33.3516 56
      vertex 25.5596 -27.5709 0
    endloop
  endfacet
  facet normal -0.500793 -0.855422 -0.132137
    outer loop
      vertex 24.489 -26.9434 0
      vertex 20.6591 -33.3516 56
      vertex 20.5877 -33.3098 56
    endloop
  endfacet
  facet normal -0.50123 -0.855166 -0.132138
    outer loop
      vertex 20.6591 -33.3516 56
      vertex 24.489 -26.9434 0
      vertex 25.5596 -27.5709 0
    endloop
  endfacet
  facet normal -0.50123 0.855166 -0.132138
    outer loop
      vertex 24.489 26.9434 0
      vertex 20.6591 33.3516 56
      vertex 25.5596 27.5709 0
    endloop
  endfacet
  facet normal -0.500793 0.855422 -0.132137
    outer loop
      vertex 20.6591 33.3516 56
      vertex 24.489 26.9434 0
      vertex 20.5877 33.3098 56
    endloop
  endfacet
  facet normal -0.287797 -0.948532 -0.132137
    outer loop
      vertex 31.2351 -30.0534 0
      vertex 30.3957 -37.5999 56
      vertex 30.3166 -37.5759 56
    endloop
  endfacet
  facet normal -0.287744 -0.948548 -0.132138
    outer loop
      vertex 30.3957 -37.5999 56
      vertex 31.2351 -30.0534 0
      vertex 32.4225 -30.4136 0
    endloop
  endfacet
  facet normal 0.874193 -0.467253 -0.13214
    outer loop
      vertex 75.8087 -17.7359 56
      vertex 68.5709 -15.4404 0
      vertex 69.1558 -14.3461 0
    endloop
  endfacet
  facet normal 0.874283 -0.467083 -0.132144
    outer loop
      vertex 68.5709 -15.4404 0
      vertex 75.8087 -17.7359 56
      vertex 75.7697 -17.8089 56
    endloop
  endfacet
  facet normal 0.96827 0.212109 -0.132146
    outer loop
      vertex 79.316 7.62153 56
      vertex 71.7269 7.37687 0
      vertex 79.2983 7.70233 56
    endloop
  endfacet
  facet normal 0.968205 0.21241 -0.132139
    outer loop
      vertex 71.7269 7.37687 0
      vertex 79.316 7.62153 56
      vertex 71.9928 6.16485 0
    endloop
  endfacet
  facet normal 0.598273 0.790322 -0.132139
    outer loop
      vertex 65.12 30.7296 56
      vertex 59.574 25.5649 0
      vertex 63.9628 31.6056 56
    endloop
  endfacet
  facet normal -0.174996 -0.975662 -0.13214
    outer loop
      vertex 34.8351 -30.9928 0
      vertex 33.4599 -38.3306 56
      vertex 33.3785 -38.316 56
    endloop
  endfacet
  facet normal -0.174293 -0.975787 -0.13214
    outer loop
      vertex 33.4599 -38.3306 56
      vertex 34.8351 -30.9928 0
      vertex 36.0567 -31.211 0
    endloop
  endfacet
  facet normal -0.874193 -0.467254 -0.132139
    outer loop
      vertex 13.4291 -15.4404 0
      vertex 6.19135 -17.7359 56
      vertex 12.8442 -14.3461 0
    endloop
  endfacet
  facet normal -0.874333 -0.46699 -0.132146
    outer loop
      vertex 6.19135 -17.7359 56
      vertex 13.4291 -15.4404 0
      vertex 6.23034 -17.8089 56
    endloop
  endfacet
  facet normal 0.566741 0.81323 -0.132139
    outer loop
      vertex 63.9628 31.6056 56
      vertex 59.574 25.5649 0
      vertex 62.7721 32.4354 56
    endloop
  endfacet
  facet normal 0.81295 0.567146 -0.132128
    outer loop
      vertex 73.4827 21.7043 56
      vertex 66.5649 18.574 0
      vertex 73.4354 21.7721 56
    endloop
  endfacet
  facet normal 0.81321 0.566771 -0.132139
    outer loop
      vertex 66.5649 18.574 0
      vertex 73.4827 21.7043 56
      vertex 67.2744 17.556 0
    endloop
  endfacet
  facet normal -0.135848 0.981878 -0.132138
    outer loop
      vertex 37.2858 31.381 0
      vertex 34.9706 38.597 56
      vertex 36.4082 38.7959 56
    endloop
  endfacet
  facet normal 0.981879 0.135845 -0.132138
    outer loop
      vertex 79.7959 4.59179 56
      vertex 72.381 3.71418 0
      vertex 79.597 6.02943 56
    endloop
  endfacet
  facet normal 0.566771 -0.81321 -0.132139
    outer loop
      vertex 59.574 -25.5649 0
      vertex 62.7043 -32.4827 56
      vertex 58.556 -26.2744 0
    endloop
  endfacet
  facet normal 0.567146 -0.81295 -0.132128
    outer loop
      vertex 62.7043 -32.4827 56
      vertex 59.574 -25.5649 0
      vertex 62.7721 -32.4354 56
    endloop
  endfacet
  facet normal 0.53444 -0.834813 -0.132139
    outer loop
      vertex 58.556 -26.2744 0
      vertex 62.6346 -32.5273 56
      vertex 57.511 -26.9434 0
    endloop
  endfacet
  facet normal 0.534259 -0.834929 -0.132139
    outer loop
      vertex 62.6346 -32.5273 56
      vertex 58.556 -26.2744 0
      vertex 62.7043 -32.4827 56
    endloop
  endfacet
  facet normal -0.981884 -0.135804 -0.132139
    outer loop
      vertex 2.40297 -6.02943 56
      vertex 2.20413 -4.59179 56
      vertex 9.61904 -3.71418 0
    endloop
  endfacet
  facet normal 0.686991 -0.714551 -0.132138
    outer loop
      vertex 63.3446 -22.3446 0
      vertex 67.5185 -28.6875 56
      vertex 62.4501 -23.2046 0
    endloop
  endfacet
  facet normal 0.686983 -0.714558 -0.132139
    outer loop
      vertex 67.5185 -28.6875 56
      vertex 63.3446 -22.3446 0
      vertex 67.5781 -28.6302 56
    endloop
  endfacet
  facet normal -0.740988 0.65839 -0.132138
    outer loop
      vertex 17.7954 21.4501 0
      vertex 12.2575 26.4566 56
      vertex 12.3125 26.5185 56
    endloop
  endfacet
  facet normal -0.740952 0.658429 -0.132138
    outer loop
      vertex 12.2575 26.4566 56
      vertex 17.7954 21.4501 0
      vertex 16.9712 20.5226 0
    endloop
  endfacet
  facet normal 0.397682 0.90796 -0.132128
    outer loop
      vertex 54.2296 28.6973 0
      vertex 55.9502 36.0929 56
      vertex 56.026 36.0597 56
    endloop
  endfacet
  facet normal 0.397271 0.908138 -0.132139
    outer loop
      vertex 55.9502 36.0929 56
      vertex 54.2296 28.6973 0
      vertex 53.0928 29.1946 0
    endloop
  endfacet
  facet normal -0.628823 0.766239 -0.132138
    outer loop
      vertex 21.4366 24.816 0
      vertex 15.6922 29.759 56
      vertex 16.8141 30.6797 56
    endloop
  endfacet
  facet normal 0.0203717 0.991022 -0.132141
    outer loop
      vertex 42.2406 31.5756 0
      vertex 42.451 39.0382 56
      vertex 42.5337 39.0365 56
    endloop
  endfacet
  facet normal 0.0194917 0.991039 -0.13214
    outer loop
      vertex 42.451 39.0382 56
      vertex 42.2406 31.5756 0
      vertex 41 31.6 0
    endloop
  endfacet
  facet normal 0.687009 0.714533 -0.132138
    outer loop
      vertex 68.6243 27.6243 56
      vertex 63.3446 22.3446 0
      vertex 67.5781 28.6302 56
    endloop
  endfacet
  facet normal -0.813214 0.566764 -0.132139
    outer loop
      vertex 15.4351 18.574 0
      vertex 8.56455 21.7721 56
      vertex 9.3944 22.9628 56
    endloop
  endfacet
  facet normal 0.174293 -0.975787 -0.13214
    outer loop
      vertex 47.1649 -30.9928 0
      vertex 48.5401 -38.3306 56
      vertex 45.9433 -31.211 0
    endloop
  endfacet
  facet normal 0.174996 -0.975662 -0.13214
    outer loop
      vertex 48.5401 -38.3306 56
      vertex 47.1649 -30.9928 0
      vertex 48.6215 -38.316 56
    endloop
  endfacet
  facet normal 0.212414 -0.968204 -0.132139
    outer loop
      vertex 48.3769 -30.7269 0
      vertex 48.6215 -38.316 56
      vertex 47.1649 -30.9928 0
    endloop
  endfacet
  facet normal 0.212109 -0.96827 -0.132146
    outer loop
      vertex 48.6215 -38.316 56
      vertex 48.3769 -30.7269 0
      vertex 48.7023 -38.2983 56
    endloop
  endfacet
  facet normal -0.99104 0.0194651 -0.132139
    outer loop
      vertex 9.4 0 0
      vertex 1.93333 0 56
      vertex 1.96183 1.45104 56
    endloop
  endfacet
  facet normal -0.891868 0.432562 -0.132139
    outer loop
      vertex 12.3027 13.2296 0
      vertex 5.52187 16.3556 56
      vertex 6.15524 17.6615 56
    endloop
  endfacet
  facet normal -0.628663 -0.76637 -0.132138
    outer loop
      vertex 20.4774 -24.0288 0
      vertex 15.6922 -29.759 56
      vertex 15.6282 -29.7065 56
    endloop
  endfacet
  facet normal -0.628833 -0.76623 -0.132138
    outer loop
      vertex 15.6922 -29.759 56
      vertex 20.4774 -24.0288 0
      vertex 21.4366 -24.816 0
    endloop
  endfacet
  facet normal -0.598378 -0.790243 -0.132138
    outer loop
      vertex 21.4366 -24.816 0
      vertex 16.88 -30.7296 56
      vertex 16.8141 -30.6797 56
    endloop
  endfacet
  facet normal -0.598235 -0.790351 -0.132138
    outer loop
      vertex 16.88 -30.7296 56
      vertex 21.4366 -24.816 0
      vertex 22.426 -25.5649 0
    endloop
  endfacet
  facet normal 0.287728 0.948553 -0.132139
    outer loop
      vertex 53.0723 37.1546 56
      vertex 50.7649 30.0534 0
      vertex 51.6834 37.5759 56
    endloop
  endfacet
  facet normal -0.968205 -0.21241 -0.132139
    outer loop
      vertex 10.2731 -7.37687 0
      vertex 2.68399 -7.62153 56
      vertex 10.0072 -6.16485 0
    endloop
  endfacet
  facet normal -0.968196 -0.212452 -0.132138
    outer loop
      vertex 2.68399 -7.62153 56
      vertex 10.2731 -7.37687 0
      vertex 2.70172 -7.70233 56
    endloop
  endfacet
  facet normal -0.76623 -0.628833 -0.132138
    outer loop
      vertex 16.9712 -20.5226 0
      vertex 11.241 -25.3078 56
      vertex 16.184 -19.5634 0
    endloop
  endfacet
  facet normal -0.76637 -0.628663 -0.132138
    outer loop
      vertex 11.241 -25.3078 56
      vertex 16.9712 -20.5226 0
      vertex 11.2935 -25.3718 56
    endloop
  endfacet
  facet normal -0.397247 0.908149 -0.132139
    outer loop
      vertex 27.7704 28.6973 0
      vertex 24.6444 35.4781 56
      vertex 25.974 36.0597 56
    endloop
  endfacet
  facet normal -0.891748 0.43281 -0.132139
    outer loop
      vertex 12.8442 14.3461 0
      vertex 6.15524 17.6615 56
      vertex 6.19135 17.7359 56
    endloop
  endfacet
  facet normal -0.891872 0.432556 -0.132139
    outer loop
      vertex 6.15524 17.6615 56
      vertex 12.8442 14.3461 0
      vertex 12.3027 13.2296 0
    endloop
  endfacet
  facet normal 0.324763 0.936519 -0.132139
    outer loop
      vertex 54.5216 36.652 56
      vertex 51.9373 29.6468 0
      vertex 53.1504 37.1275 56
    endloop
  endfacet
  facet normal 0.432556 -0.891871 -0.13214
    outer loop
      vertex 55.3461 -28.1558 0
      vertex 58.6615 -34.8448 56
      vertex 54.2296 -28.6973 0
    endloop
  endfacet
  facet normal 0.432713 -0.891795 -0.13214
    outer loop
      vertex 58.6615 -34.8448 56
      vertex 55.3461 -28.1558 0
      vertex 58.7359 -34.8087 56
    endloop
  endfacet
  facet normal 0.628823 0.766239 -0.132138
    outer loop
      vertex 66.3078 29.759 56
      vertex 60.5634 24.816 0
      vertex 65.1859 30.6797 56
    endloop
  endfacet
  facet normal -0.948466 0.288017 -0.132132
    outer loop
      vertex 10.9466 9.76494 0
      vertex 3.40008 10.6043 56
      vertex 3.4241 10.6834 56
    endloop
  endfacet
  facet normal -0.948549 0.287739 -0.132139
    outer loop
      vertex 3.40008 10.6043 56
      vertex 10.9466 9.76494 0
      vertex 10.5864 8.57752 0
    endloop
  endfacet
  facet normal 0.598235 -0.790351 -0.132138
    outer loop
      vertex 60.5634 -24.816 0
      vertex 65.12 -30.7296 56
      vertex 59.574 -25.5649 0
    endloop
  endfacet
  facet normal 0.598378 -0.790243 -0.132138
    outer loop
      vertex 65.12 -30.7296 56
      vertex 60.5634 -24.816 0
      vertex 65.1859 -30.6797 56
    endloop
  endfacet
  facet normal 0.0971231 -0.986462 -0.132138
    outer loop
      vertex 45.5918 -38.7959 56
      vertex 44.1475 -38.9381 56
      vertex 44.7142 -31.381 0
    endloop
  endfacet
  facet normal -0.0583953 -0.98951 -0.132138
    outer loop
      vertex 39.3837 -39.0317 56
      vertex 37.9349 -38.9462 56
      vertex 38.5207 -31.5026 0
    endloop
  endfacet
  facet normal -0.0583148 -0.989514 -0.13214
    outer loop
      vertex 39.7594 -31.5756 0
      vertex 39.3837 -39.0317 56
      vertex 38.5207 -31.5026 0
    endloop
  endfacet
  facet normal -0.0575048 -0.989562 -0.132141
    outer loop
      vertex 39.3837 -39.0317 56
      vertex 39.7594 -31.5756 0
      vertex 39.4663 -39.0365 56
    endloop
  endfacet
  facet normal 0.740946 0.658436 -0.132139
    outer loop
      vertex 70.7065 25.3718 56
      vertex 65.0288 20.5226 0
      vertex 69.7425 26.4566 56
    endloop
  endfacet
  facet normal 0.0194656 0.99104 -0.132139
    outer loop
      vertex 42.451 39.0382 56
      vertex 41 31.6 0
      vertex 41 39.0667 56
    endloop
  endfacet
  facet normal -0.923049 -0.361276 -0.132139
    outer loop
      vertex 4.87696 -14.8731 56
      vertex 4.34799 -13.5216 56
      vertex 11.3532 -10.9373 0
    endloop
  endfacet
  facet normal -0.76637 0.628663 -0.132138
    outer loop
      vertex 16.9712 20.5226 0
      vertex 11.241 25.3078 56
      vertex 11.2935 25.3718 56
    endloop
  endfacet
  facet normal -0.76623 0.628833 -0.132138
    outer loop
      vertex 11.241 25.3078 56
      vertex 16.9712 20.5226 0
      vertex 16.184 19.5634 0
    endloop
  endfacet
  facet normal 0.923042 0.361294 -0.132139
    outer loop
      vertex 77.652 13.5216 56
      vertex 70.6468 10.9373 0
      vertex 77.123 14.8731 56
    endloop
  endfacet
  facet normal 0.397247 0.908149 -0.132139
    outer loop
      vertex 57.3556 35.4781 56
      vertex 54.2296 28.6973 0
      vertex 56.026 36.0597 56
    endloop
  endfacet
  facet normal 0.790243 0.598378 -0.132138
    outer loop
      vertex 71.7296 24.12 56
      vertex 65.816 19.5634 0
      vertex 71.6797 24.1859 56
    endloop
  endfacet
  facet normal 0.790351 0.598235 -0.132138
    outer loop
      vertex 65.816 19.5634 0
      vertex 71.7296 24.12 56
      vertex 66.5649 18.574 0
    endloop
  endfacet
  facet normal 0.0583148 0.989514 -0.13214
    outer loop
      vertex 42.2406 31.5756 0
      vertex 42.6163 39.0317 56
      vertex 43.4793 31.5026 0
    endloop
  endfacet
  facet normal 0.0575048 0.989562 -0.132141
    outer loop
      vertex 42.6163 39.0317 56
      vertex 42.2406 31.5756 0
      vertex 42.5337 39.0365 56
    endloop
  endfacet
  facet normal -0.908146 -0.397253 -0.132139
    outer loop
      vertex 5.52187 -16.3556 56
      vertex 4.94026 -15.026 56
      vertex 12.3027 -13.2296 0
    endloop
  endfacet
  facet normal 0.908149 0.397247 -0.132139
    outer loop
      vertex 77.0597 15.026 56
      vertex 69.6973 13.2296 0
      vertex 76.4781 16.3556 56
    endloop
  endfacet
  facet normal 0.0583953 0.98951 -0.132138
    outer loop
      vertex 43.4793 31.5026 0
      vertex 42.6163 39.0317 56
      vertex 44.0651 38.9462 56
    endloop
  endfacet
  facet normal -0.174293 0.975787 -0.13214
    outer loop
      vertex 34.8351 30.9928 0
      vertex 33.4599 38.3306 56
      vertex 36.0567 31.211 0
    endloop
  endfacet
  facet normal -0.174996 0.975662 -0.13214
    outer loop
      vertex 33.4599 38.3306 56
      vertex 34.8351 30.9928 0
      vertex 33.3785 38.316 56
    endloop
  endfacet
  facet normal -0.212414 0.968204 -0.132139
    outer loop
      vertex 33.6231 30.7269 0
      vertex 33.3785 38.316 56
      vertex 34.8351 30.9928 0
    endloop
  endfacet
  facet normal -0.212109 0.96827 -0.132146
    outer loop
      vertex 33.3785 38.316 56
      vertex 33.6231 30.7269 0
      vertex 33.2977 38.2983 56
    endloop
  endfacet
  facet normal -0.361237 0.923064 -0.132138
    outer loop
      vertex 28.9072 29.1946 0
      vertex 26.1269 36.123 56
      vertex 30.0627 29.6468 0
    endloop
  endfacet
  facet normal -0.360482 0.92336 -0.132137
    outer loop
      vertex 26.1269 36.123 56
      vertex 28.9072 29.1946 0
      vertex 26.0498 36.0929 56
    endloop
  endfacet
  facet normal 0.959104 0.250316 -0.132139
    outer loop
      vertex 78.9873 9.11993 56
      vertex 71.7269 7.37687 0
      vertex 78.6208 10.5242 56
    endloop
  endfacet
  facet normal 0.174996 0.975662 -0.13214
    outer loop
      vertex 47.1649 30.9928 0
      vertex 48.5401 38.3306 56
      vertex 48.6215 38.316 56
    endloop
  endfacet
  facet normal 0.174293 0.975787 -0.13214
    outer loop
      vertex 48.5401 38.3306 56
      vertex 47.1649 30.9928 0
      vertex 45.9433 31.211 0
    endloop
  endfacet
  facet normal -0.687009 0.714533 -0.132138
    outer loop
      vertex 18.6554 22.3446 0
      vertex 13.3757 27.6243 56
      vertex 14.4219 28.6302 56
    endloop
  endfacet
  facet normal 0.891887 0.432523 -0.132139
    outer loop
      vertex 76.4781 16.3556 56
      vertex 69.6973 13.2296 0
      vertex 75.8448 17.6615 56
    endloop
  endfacet
  facet normal -0.790243 0.598378 -0.132138
    outer loop
      vertex 16.184 19.5634 0
      vertex 10.2704 24.12 56
      vertex 10.3203 24.1859 56
    endloop
  endfacet
  facet normal -0.790351 0.598235 -0.132138
    outer loop
      vertex 10.2704 24.12 56
      vertex 16.184 19.5634 0
      vertex 15.4351 18.574 0
    endloop
  endfacet
  facet normal 0.250283 -0.959113 -0.132138
    outer loop
      vertex 49.5775 -30.4136 0
      vertex 51.5242 -37.6208 56
      vertex 48.3769 -30.7269 0
    endloop
  endfacet
  facet normal 0.250257 -0.95912 -0.132138
    outer loop
      vertex 51.5242 -37.6208 56
      vertex 49.5775 -30.4136 0
      vertex 51.6043 -37.5999 56
    endloop
  endfacet
  facet normal -0.968201 0.212429 -0.132138
    outer loop
      vertex 10.2731 7.37687 0
      vertex 2.70172 7.70233 56
      vertex 3.01275 9.11993 56
    endloop
  endfacet
  facet normal -0.959113 0.250284 -0.132138
    outer loop
      vertex 10.2731 7.37687 0
      vertex 3.01275 9.11993 56
      vertex 3.3792 10.5242 56
    endloop
  endfacet
  facet normal 0.834929 0.534259 -0.132139
    outer loop
      vertex 73.5273 21.6346 56
      vertex 67.2744 17.556 0
      vertex 73.4827 21.7043 56
    endloop
  endfacet
  facet normal 0.834813 0.53444 -0.132139
    outer loop
      vertex 67.2744 17.556 0
      vertex 73.5273 21.6346 56
      vertex 67.9434 16.511 0
    endloop
  endfacet
  facet normal -0.855169 -0.501224 -0.132139
    outer loop
      vertex 7.64836 -20.3409 56
      vertex 6.91449 -19.0888 56
      vertex 13.4291 -15.4404 0
    endloop
  endfacet
  facet normal 0.855422 0.500793 -0.132137
    outer loop
      vertex 74.3516 20.3409 56
      vertex 67.9434 16.511 0
      vertex 74.3098 20.4123 56
    endloop
  endfacet
  facet normal 0.855166 0.50123 -0.132138
    outer loop
      vertex 67.9434 16.511 0
      vertex 74.3516 20.3409 56
      vertex 68.5709 15.4404 0
    endloop
  endfacet
  facet normal 0.432713 0.891795 -0.13214
    outer loop
      vertex 55.3461 28.1558 0
      vertex 58.6615 34.8448 56
      vertex 58.7359 34.8087 56
    endloop
  endfacet
  facet normal 0.432556 0.891871 -0.13214
    outer loop
      vertex 58.6615 34.8448 56
      vertex 55.3461 28.1558 0
      vertex 54.2296 28.6973 0
    endloop
  endfacet
  facet normal -0.566771 0.81321 -0.132139
    outer loop
      vertex 22.426 25.5649 0
      vertex 19.2957 32.4827 56
      vertex 23.444 26.2744 0
    endloop
  endfacet
  facet normal -0.567146 0.81295 -0.132128
    outer loop
      vertex 19.2957 32.4827 56
      vertex 22.426 25.5649 0
      vertex 19.2279 32.4354 56
    endloop
  endfacet
  facet normal -0.250257 -0.95912 -0.132138
    outer loop
      vertex 32.4225 -30.4136 0
      vertex 30.4758 -37.6208 56
      vertex 30.3957 -37.5999 56
    endloop
  endfacet
  facet normal -0.250283 -0.959113 -0.132138
    outer loop
      vertex 30.4758 -37.6208 56
      vertex 32.4225 -30.4136 0
      vertex 33.6231 -30.7269 0
    endloop
  endfacet
  facet normal 0.874165 0.467305 -0.132138
    outer loop
      vertex 75.7697 17.8089 56
      vertex 68.5709 15.4404 0
      vertex 75.0855 19.0888 56
    endloop
  endfacet
  facet normal 0.135318 0.981952 -0.132137
    outer loop
      vertex 45.9433 31.211 0
      vertex 47.0294 38.597 56
      vertex 47.1114 38.5857 56
    endloop
  endfacet
  facet normal 0.135807 0.981884 -0.132137
    outer loop
      vertex 47.0294 38.597 56
      vertex 45.9433 31.211 0
      vertex 44.7142 31.381 0
    endloop
  endfacet
  facet normal 0.81323 0.566741 -0.132139
    outer loop
      vertex 73.4354 21.7721 56
      vertex 66.5649 18.574 0
      vertex 72.6056 22.9628 56
    endloop
  endfacet
  facet normal -0.790322 0.598273 -0.132139
    outer loop
      vertex 15.4351 18.574 0
      vertex 9.3944 22.9628 56
      vertex 10.2704 24.12 56
    endloop
  endfacet
  facet normal 0.432523 0.891887 -0.132139
    outer loop
      vertex 58.6615 34.8448 56
      vertex 54.2296 28.6973 0
      vertex 57.3556 35.4781 56
    endloop
  endfacet
  facet normal 0.287728 -0.948553 -0.132139
    outer loop
      vertex 51.6834 -37.5759 56
      vertex 50.7649 -30.0534 0
      vertex 53.0723 -37.1546 56
    endloop
  endfacet
  facet normal -0.855166 -0.50123 -0.132139
    outer loop
      vertex 14.0566 -16.511 0
      vertex 7.64836 -20.3409 56
      vertex 13.4291 -15.4404 0
    endloop
  endfacet
  facet normal -0.855265 -0.501061 -0.132138
    outer loop
      vertex 7.64836 -20.3409 56
      vertex 14.0566 -16.511 0
      vertex 7.69019 -20.4123 56
    endloop
  endfacet
  facet normal 0.986462 0.0971211 -0.132138
    outer loop
      vertex 79.9381 3.14746 56
      vertex 72.381 3.71418 0
      vertex 79.7959 4.59179 56
    endloop
  endfacet
  facet normal 0 0 -1
    outer loop
      vertex 72.5756 -1.24061 0
      vertex 72.5756 1.24061 0
      vertex 72.6 0 0
    endloop
  endfacet
  facet normal 0 0 -1
    outer loop
      vertex 72.5026 -2.47931 0
      vertex 72.5756 1.24061 0
      vertex 72.5756 -1.24061 0
    endloop
  endfacet
  facet normal 0 0 -1
    outer loop
      vertex 72.5026 -2.47931 0
      vertex 72.5026 2.47931 0
      vertex 72.5756 1.24061 0
    endloop
  endfacet
  facet normal 0 0 -1
    outer loop
      vertex 72.381 -3.71418 0
      vertex 72.5026 2.47931 0
      vertex 72.5026 -2.47931 0
    endloop
  endfacet
  facet normal 0 0 -1
    outer loop
      vertex 72.381 -3.71418 0
      vertex 72.381 3.71418 0
      vertex 72.5026 2.47931 0
    endloop
  endfacet
  facet normal 0 0 -1
    outer loop
      vertex 72.211 -4.94333 0
      vertex 72.381 3.71418 0
      vertex 72.381 -3.71418 0
    endloop
  endfacet
  facet normal 0 0 -1
    outer loop
      vertex 72.211 -4.94333 0
      vertex 72.211 4.94333 0
      vertex 72.381 3.71418 0
    endloop
  endfacet
  facet normal 0 0 -1
    outer loop
      vertex 71.9928 -6.16485 0
      vertex 72.211 4.94333 0
      vertex 72.211 -4.94333 0
    endloop
  endfacet
  facet normal 0 0 -1
    outer loop
      vertex 71.9928 -6.16485 0
      vertex 71.9928 6.16485 0
      vertex 72.211 4.94333 0
    endloop
  endfacet
  facet normal 0 0 -1
    outer loop
      vertex 71.7269 -7.37687 0
      vertex 71.9928 6.16485 0
      vertex 71.9928 -6.16485 0
    endloop
  endfacet
  facet normal 0 0 -1
    outer loop
      vertex 71.7269 -7.37687 0
      vertex 71.7269 7.37687 0
      vertex 71.9928 6.16485 0
    endloop
  endfacet
  facet normal 0 0 -1
    outer loop
      vertex 71.4136 -8.57752 0
      vertex 71.7269 7.37687 0
      vertex 71.7269 -7.37687 0
    endloop
  endfacet
  facet normal 0 0 -1
    outer loop
      vertex 71.4136 -8.57752 0
      vertex 71.4136 8.57752 0
      vertex 71.7269 7.37687 0
    endloop
  endfacet
  facet normal 0 0 -1
    outer loop
      vertex 71.0534 -9.76494 0
      vertex 71.4136 8.57752 0
      vertex 71.4136 -8.57752 0
    endloop
  endfacet
  facet normal 0 0 -1
    outer loop
      vertex 71.0534 -9.76494 0
      vertex 71.0534 9.76494 0
      vertex 71.4136 8.57752 0
    endloop
  endfacet
  facet normal 0 0 -1
    outer loop
      vertex 70.6468 -10.9373 0
      vertex 71.0534 9.76494 0
      vertex 71.0534 -9.76494 0
    endloop
  endfacet
  facet normal 0 0 -1
    outer loop
      vertex 70.6468 -10.9373 0
      vertex 70.6468 10.9373 0
      vertex 71.0534 9.76494 0
    endloop
  endfacet
  facet normal 0 0 -1
    outer loop
      vertex 70.1946 -12.0928 0
      vertex 70.6468 10.9373 0
      vertex 70.6468 -10.9373 0
    endloop
  endfacet
  facet normal 0 0 -1
    outer loop
      vertex 70.1946 -12.0928 0
      vertex 70.1946 12.0928 0
      vertex 70.6468 10.9373 0
    endloop
  endfacet
  facet normal 0 0 -1
    outer loop
      vertex 69.6973 -13.2296 0
      vertex 70.1946 12.0928 0
      vertex 70.1946 -12.0928 0
    endloop
  endfacet
  facet normal 0 0 -1
    outer loop
      vertex 69.6973 -13.2296 0
      vertex 69.6973 13.2296 0
      vertex 70.1946 12.0928 0
    endloop
  endfacet
  facet normal 0 0 -1
    outer loop
      vertex 69.1558 -14.3461 0
      vertex 69.6973 13.2296 0
      vertex 69.6973 -13.2296 0
    endloop
  endfacet
  facet normal 0 0 -1
    outer loop
      vertex 69.1558 -14.3461 0
      vertex 69.1558 14.3461 0
      vertex 69.6973 13.2296 0
    endloop
  endfacet
  facet normal 0 0 -1
    outer loop
      vertex 68.5709 -15.4404 0
      vertex 69.1558 14.3461 0
      vertex 69.1558 -14.3461 0
    endloop
  endfacet
  facet normal 0 0 -1
    outer loop
      vertex 68.5709 -15.4404 0
      vertex 68.5709 15.4404 0
      vertex 69.1558 14.3461 0
    endloop
  endfacet
  facet normal 0 0 -1
    outer loop
      vertex 67.9434 -16.511 0
      vertex 68.5709 15.4404 0
      vertex 68.5709 -15.4404 0
    endloop
  endfacet
  facet normal 0 0 -1
    outer loop
      vertex 67.9434 -16.511 0
      vertex 67.9434 16.511 0
      vertex 68.5709 15.4404 0
    endloop
  endfacet
  facet normal 0 0 -1
    outer loop
      vertex 67.2744 -17.556 0
      vertex 67.9434 16.511 0
      vertex 67.9434 -16.511 0
    endloop
  endfacet
  facet normal 0 0 -1
    outer loop
      vertex 67.2744 -17.556 0
      vertex 67.2744 17.556 0
      vertex 67.9434 16.511 0
    endloop
  endfacet
  facet normal 0 0 -1
    outer loop
      vertex 66.5649 -18.574 0
      vertex 67.2744 17.556 0
      vertex 67.2744 -17.556 0
    endloop
  endfacet
  facet normal 0 0 -1
    outer loop
      vertex 66.5649 -18.574 0
      vertex 66.5649 18.574 0
      vertex 67.2744 17.556 0
    endloop
  endfacet
  facet normal 0 0 -1
    outer loop
      vertex 65.816 -19.5634 0
      vertex 66.5649 18.574 0
      vertex 66.5649 -18.574 0
    endloop
  endfacet
  facet normal 0 0 -1
    outer loop
      vertex 65.816 -19.5634 0
      vertex 65.816 19.5634 0
      vertex 66.5649 18.574 0
    endloop
  endfacet
  facet normal 0 0 -1
    outer loop
      vertex 65.0288 -20.5226 0
      vertex 65.816 19.5634 0
      vertex 65.816 -19.5634 0
    endloop
  endfacet
  facet normal 0 0 -1
    outer loop
      vertex 65.0288 -20.5226 0
      vertex 65.0288 20.5226 0
      vertex 65.816 19.5634 0
    endloop
  endfacet
  facet normal 0 0 -1
    outer loop
      vertex 64.2046 -21.4501 0
      vertex 65.0288 20.5226 0
      vertex 65.0288 -20.5226 0
    endloop
  endfacet
  facet normal 0 0 -1
    outer loop
      vertex 64.2046 -21.4501 0
      vertex 64.2046 21.4501 0
      vertex 65.0288 20.5226 0
    endloop
  endfacet
  facet normal 0 0 -1
    outer loop
      vertex 63.3446 -22.3446 0
      vertex 64.2046 21.4501 0
      vertex 64.2046 -21.4501 0
    endloop
  endfacet
  facet normal 0 0 -1
    outer loop
      vertex 63.3446 -22.3446 0
      vertex 63.3446 22.3446 0
      vertex 64.2046 21.4501 0
    endloop
  endfacet
  facet normal 0 0 -1
    outer loop
      vertex 62.4501 -23.2046 0
      vertex 63.3446 22.3446 0
      vertex 63.3446 -22.3446 0
    endloop
  endfacet
  facet normal 0 0 -1
    outer loop
      vertex 62.4501 -23.2046 0
      vertex 62.4501 23.2046 0
      vertex 63.3446 22.3446 0
    endloop
  endfacet
  facet normal 0 0 -1
    outer loop
      vertex 61.5226 -24.0288 0
      vertex 62.4501 23.2046 0
      vertex 62.4501 -23.2046 0
    endloop
  endfacet
  facet normal 0 0 -1
    outer loop
      vertex 61.5226 -24.0288 0
      vertex 61.5226 24.0288 0
      vertex 62.4501 23.2046 0
    endloop
  endfacet
  facet normal 0 0 -1
    outer loop
      vertex 60.5634 -24.816 0
      vertex 61.5226 24.0288 0
      vertex 61.5226 -24.0288 0
    endloop
  endfacet
  facet normal 0 0 -1
    outer loop
      vertex 60.5634 -24.816 0
      vertex 60.5634 24.816 0
      vertex 61.5226 24.0288 0
    endloop
  endfacet
  facet normal 0 0 -1
    outer loop
      vertex 59.574 -25.5649 0
      vertex 60.5634 24.816 0
      vertex 60.5634 -24.816 0
    endloop
  endfacet
  facet normal 0 0 -1
    outer loop
      vertex 59.574 -25.5649 0
      vertex 59.574 25.5649 0
      vertex 60.5634 24.816 0
    endloop
  endfacet
  facet normal 0 0 -1
    outer loop
      vertex 58.556 -26.2744 0
      vertex 59.574 25.5649 0
      vertex 59.574 -25.5649 0
    endloop
  endfacet
  facet normal 0 0 -1
    outer loop
      vertex 58.556 -26.2744 0
      vertex 58.556 26.2744 0
      vertex 59.574 25.5649 0
    endloop
  endfacet
  facet normal 0 0 -1
    outer loop
      vertex 57.511 -26.9434 0
      vertex 58.556 26.2744 0
      vertex 58.556 -26.2744 0
    endloop
  endfacet
  facet normal 0 0 -1
    outer loop
      vertex 57.511 -26.9434 0
      vertex 57.511 26.9434 0
      vertex 58.556 26.2744 0
    endloop
  endfacet
  facet normal 0 0 -1
    outer loop
      vertex 56.4404 -27.5709 0
      vertex 57.511 26.9434 0
      vertex 57.511 -26.9434 0
    endloop
  endfacet
  facet normal 0 0 -1
    outer loop
      vertex 56.4404 -27.5709 0
      vertex 56.4404 27.5709 0
      vertex 57.511 26.9434 0
    endloop
  endfacet
  facet normal 0 0 -1
    outer loop
      vertex 55.3461 -28.1558 0
      vertex 56.4404 27.5709 0
      vertex 56.4404 -27.5709 0
    endloop
  endfacet
  facet normal 0 0 -1
    outer loop
      vertex 55.3461 -28.1558 0
      vertex 55.3461 28.1558 0
      vertex 56.4404 27.5709 0
    endloop
  endfacet
  facet normal 0 0 -1
    outer loop
      vertex 54.2296 -28.6973 0
      vertex 55.3461 28.1558 0
      vertex 55.3461 -28.1558 0
    endloop
  endfacet
  facet normal 0 0 -1
    outer loop
      vertex 54.2296 -28.6973 0
      vertex 54.2296 28.6973 0
      vertex 55.3461 28.1558 0
    endloop
  endfacet
  facet normal 0 0 -1
    outer loop
      vertex 53.0928 -29.1946 0
      vertex 54.2296 28.6973 0
      vertex 54.2296 -28.6973 0
    endloop
  endfacet
  facet normal 0 0 -1
    outer loop
      vertex 53.0928 -29.1946 0
      vertex 53.0928 29.1946 0
      vertex 54.2296 28.6973 0
    endloop
  endfacet
  facet normal 0 0 -1
    outer loop
      vertex 51.9373 -29.6468 0
      vertex 53.0928 29.1946 0
      vertex 53.0928 -29.1946 0
    endloop
  endfacet
  facet normal 0 0 -1
    outer loop
      vertex 51.9373 -29.6468 0
      vertex 51.9373 29.6468 0
      vertex 53.0928 29.1946 0
    endloop
  endfacet
  facet normal 0 0 -1
    outer loop
      vertex 50.7649 -30.0534 0
      vertex 51.9373 29.6468 0
      vertex 51.9373 -29.6468 0
    endloop
  endfacet
  facet normal 0 0 -1
    outer loop
      vertex 50.7649 -30.0534 0
      vertex 50.7649 30.0534 0
      vertex 51.9373 29.6468 0
    endloop
  endfacet
  facet normal 0 0 -1
    outer loop
      vertex 49.5775 -30.4136 0
      vertex 50.7649 30.0534 0
      vertex 50.7649 -30.0534 0
    endloop
  endfacet
  facet normal 0 0 -1
    outer loop
      vertex 49.5775 -30.4136 0
      vertex 49.5775 30.4136 0
      vertex 50.7649 30.0534 0
    endloop
  endfacet
  facet normal 0 0 -1
    outer loop
      vertex 48.3769 -30.7269 0
      vertex 49.5775 30.4136 0
      vertex 49.5775 -30.4136 0
    endloop
  endfacet
  facet normal 0 0 -1
    outer loop
      vertex 48.3769 -30.7269 0
      vertex 48.3769 30.7269 0
      vertex 49.5775 30.4136 0
    endloop
  endfacet
  facet normal 0 0 -1
    outer loop
      vertex 47.1649 -30.9928 0
      vertex 48.3769 30.7269 0
      vertex 48.3769 -30.7269 0
    endloop
  endfacet
  facet normal 0 0 -1
    outer loop
      vertex 47.1649 -30.9928 0
      vertex 47.1649 30.9928 0
      vertex 48.3769 30.7269 0
    endloop
  endfacet
  facet normal 0 0 -1
    outer loop
      vertex 45.9433 -31.211 0
      vertex 47.1649 30.9928 0
      vertex 47.1649 -30.9928 0
    endloop
  endfacet
  facet normal 0 0 -1
    outer loop
      vertex 45.9433 -31.211 0
      vertex 45.9433 31.211 0
      vertex 47.1649 30.9928 0
    endloop
  endfacet
  facet normal 0 0 -1
    outer loop
      vertex 44.7142 -31.381 0
      vertex 45.9433 31.211 0
      vertex 45.9433 -31.211 0
    endloop
  endfacet
  facet normal 0 0 -1
    outer loop
      vertex 44.7142 -31.381 0
      vertex 44.7142 31.381 0
      vertex 45.9433 31.211 0
    endloop
  endfacet
  facet normal 0 0 -1
    outer loop
      vertex 43.4793 -31.5026 0
      vertex 44.7142 31.381 0
      vertex 44.7142 -31.381 0
    endloop
  endfacet
  facet normal 0 0 -1
    outer loop
      vertex 43.4793 -31.5026 0
      vertex 43.4793 31.5026 0
      vertex 44.7142 31.381 0
    endloop
  endfacet
  facet normal 0 0 -1
    outer loop
      vertex 42.2406 -31.5756 0
      vertex 43.4793 31.5026 0
      vertex 43.4793 -31.5026 0
    endloop
  endfacet
  facet normal 0 0 -1
    outer loop
      vertex 42.2406 -31.5756 0
      vertex 42.2406 31.5756 0
      vertex 43.4793 31.5026 0
    endloop
  endfacet
  facet normal 0 0 -1
    outer loop
      vertex 41 -31.6 0
      vertex 42.2406 31.5756 0
      vertex 42.2406 -31.5756 0
    endloop
  endfacet
  facet normal 0 0 -1
    outer loop
      vertex 41 -31.6 0
      vertex 41 31.6 0
      vertex 42.2406 31.5756 0
    endloop
  endfacet
  facet normal 0 0 -1
    outer loop
      vertex 39.7594 -31.5756 0
      vertex 41 31.6 0
      vertex 41 -31.6 0
    endloop
  endfacet
  facet normal 0 0 -1
    outer loop
      vertex 39.7594 -31.5756 0
      vertex 39.7594 31.5756 0
      vertex 41 31.6 0
    endloop
  endfacet
  facet normal 0 0 -1
    outer loop
      vertex 38.5207 -31.5026 0
      vertex 39.7594 31.5756 0
      vertex 39.7594 -31.5756 0
    endloop
  endfacet
  facet normal 0 0 -1
    outer loop
      vertex 38.5207 -31.5026 0
      vertex 38.5207 31.5026 0
      vertex 39.7594 31.5756 0
    endloop
  endfacet
  facet normal 0 0 -1
    outer loop
      vertex 37.2858 -31.381 0
      vertex 38.5207 31.5026 0
      vertex 38.5207 -31.5026 0
    endloop
  endfacet
  facet normal 0 0 -1
    outer loop
      vertex 37.2858 -31.381 0
      vertex 37.2858 31.381 0
      vertex 38.5207 31.5026 0
    endloop
  endfacet
  facet normal 0 0 -1
    outer loop
      vertex 36.0567 -31.211 0
      vertex 37.2858 31.381 0
      vertex 37.2858 -31.381 0
    endloop
  endfacet
  facet normal 0 0 -1
    outer loop
      vertex 36.0567 -31.211 0
      vertex 36.0567 31.211 0
      vertex 37.2858 31.381 0
    endloop
  endfacet
  facet normal 0 0 -1
    outer loop
      vertex 34.8351 -30.9928 0
      vertex 36.0567 31.211 0
      vertex 36.0567 -31.211 0
    endloop
  endfacet
  facet normal 0 0 -1
    outer loop
      vertex 34.8351 -30.9928 0
      vertex 34.8351 30.9928 0
      vertex 36.0567 31.211 0
    endloop
  endfacet
  facet normal 0 0 -1
    outer loop
      vertex 33.6231 -30.7269 0
      vertex 34.8351 30.9928 0
      vertex 34.8351 -30.9928 0
    endloop
  endfacet
  facet normal 0 0 -1
    outer loop
      vertex 33.6231 -30.7269 0
      vertex 33.6231 30.7269 0
      vertex 34.8351 30.9928 0
    endloop
  endfacet
  facet normal 0 0 -1
    outer loop
      vertex 32.4225 -30.4136 0
      vertex 33.6231 30.7269 0
      vertex 33.6231 -30.7269 0
    endloop
  endfacet
  facet normal 0 0 -1
    outer loop
      vertex 32.4225 -30.4136 0
      vertex 32.4225 30.4136 0
      vertex 33.6231 30.7269 0
    endloop
  endfacet
  facet normal 0 0 -1
    outer loop
      vertex 31.2351 -30.0534 0
      vertex 32.4225 30.4136 0
      vertex 32.4225 -30.4136 0
    endloop
  endfacet
  facet normal 0 0 -1
    outer loop
      vertex 31.2351 -30.0534 0
      vertex 31.2351 30.0534 0
      vertex 32.4225 30.4136 0
    endloop
  endfacet
  facet normal 0 0 -1
    outer loop
      vertex 30.0627 -29.6468 0
      vertex 31.2351 30.0534 0
      vertex 31.2351 -30.0534 0
    endloop
  endfacet
  facet normal 0 0 -1
    outer loop
      vertex 30.0627 -29.6468 0
      vertex 30.0627 29.6468 0
      vertex 31.2351 30.0534 0
    endloop
  endfacet
  facet normal 0 0 -1
    outer loop
      vertex 28.9072 -29.1946 0
      vertex 30.0627 29.6468 0
      vertex 30.0627 -29.6468 0
    endloop
  endfacet
  facet normal 0 0 -1
    outer loop
      vertex 28.9072 -29.1946 0
      vertex 28.9072 29.1946 0
      vertex 30.0627 29.6468 0
    endloop
  endfacet
  facet normal 0 0 -1
    outer loop
      vertex 27.7704 -28.6973 0
      vertex 28.9072 29.1946 0
      vertex 28.9072 -29.1946 0
    endloop
  endfacet
  facet normal 0 0 -1
    outer loop
      vertex 27.7704 -28.6973 0
      vertex 27.7704 28.6973 0
      vertex 28.9072 29.1946 0
    endloop
  endfacet
  facet normal 0 0 -1
    outer loop
      vertex 26.6539 -28.1558 0
      vertex 27.7704 28.6973 0
      vertex 27.7704 -28.6973 0
    endloop
  endfacet
  facet normal 0 0 -1
    outer loop
      vertex 26.6539 -28.1558 0
      vertex 26.6539 28.1558 0
      vertex 27.7704 28.6973 0
    endloop
  endfacet
  facet normal 0 0 -1
    outer loop
      vertex 25.5596 -27.5709 0
      vertex 26.6539 28.1558 0
      vertex 26.6539 -28.1558 0
    endloop
  endfacet
  facet normal 0 0 -1
    outer loop
      vertex 25.5596 -27.5709 0
      vertex 25.5596 27.5709 0
      vertex 26.6539 28.1558 0
    endloop
  endfacet
  facet normal 0 0 -1
    outer loop
      vertex 24.489 -26.9434 0
      vertex 25.5596 27.5709 0
      vertex 25.5596 -27.5709 0
    endloop
  endfacet
  facet normal 0 0 -1
    outer loop
      vertex 24.489 -26.9434 0
      vertex 24.489 26.9434 0
      vertex 25.5596 27.5709 0
    endloop
  endfacet
  facet normal 0 0 -1
    outer loop
      vertex 23.444 -26.2744 0
      vertex 24.489 26.9434 0
      vertex 24.489 -26.9434 0
    endloop
  endfacet
  facet normal 0 0 -1
    outer loop
      vertex 23.444 -26.2744 0
      vertex 23.444 26.2744 0
      vertex 24.489 26.9434 0
    endloop
  endfacet
  facet normal 0 0 -1
    outer loop
      vertex 22.426 -25.5649 0
      vertex 23.444 26.2744 0
      vertex 23.444 -26.2744 0
    endloop
  endfacet
  facet normal 0 0 -1
    outer loop
      vertex 22.426 -25.5649 0
      vertex 22.426 25.5649 0
      vertex 23.444 26.2744 0
    endloop
  endfacet
  facet normal 0 0 -1
    outer loop
      vertex 21.4366 -24.816 0
      vertex 22.426 25.5649 0
      vertex 22.426 -25.5649 0
    endloop
  endfacet
  facet normal 0 0 -1
    outer loop
      vertex 21.4366 -24.816 0
      vertex 21.4366 24.816 0
      vertex 22.426 25.5649 0
    endloop
  endfacet
  facet normal 0 0 -1
    outer loop
      vertex 20.4774 -24.0288 0
      vertex 21.4366 24.816 0
      vertex 21.4366 -24.816 0
    endloop
  endfacet
  facet normal 0 0 -1
    outer loop
      vertex 20.4774 -24.0288 0
      vertex 20.4774 24.0288 0
      vertex 21.4366 24.816 0
    endloop
  endfacet
  facet normal 0 0 -1
    outer loop
      vertex 19.5499 -23.2046 0
      vertex 20.4774 24.0288 0
      vertex 20.4774 -24.0288 0
    endloop
  endfacet
  facet normal 0 0 -1
    outer loop
      vertex 19.5499 -23.2046 0
      vertex 19.5499 23.2046 0
      vertex 20.4774 24.0288 0
    endloop
  endfacet
  facet normal 0 0 -1
    outer loop
      vertex 18.6554 -22.3446 0
      vertex 19.5499 23.2046 0
      vertex 19.5499 -23.2046 0
    endloop
  endfacet
  facet normal 0 0 -1
    outer loop
      vertex 18.6554 -22.3446 0
      vertex 18.6554 22.3446 0
      vertex 19.5499 23.2046 0
    endloop
  endfacet
  facet normal 0 0 -1
    outer loop
      vertex 17.7954 -21.4501 0
      vertex 18.6554 22.3446 0
      vertex 18.6554 -22.3446 0
    endloop
  endfacet
  facet normal 0 0 -1
    outer loop
      vertex 17.7954 -21.4501 0
      vertex 17.7954 21.4501 0
      vertex 18.6554 22.3446 0
    endloop
  endfacet
  facet normal 0 0 -1
    outer loop
      vertex 16.9712 -20.5226 0
      vertex 17.7954 21.4501 0
      vertex 17.7954 -21.4501 0
    endloop
  endfacet
  facet normal 0 0 -1
    outer loop
      vertex 16.9712 -20.5226 0
      vertex 16.9712 20.5226 0
      vertex 17.7954 21.4501 0
    endloop
  endfacet
  facet normal 0 0 -1
    outer loop
      vertex 16.184 -19.5634 0
      vertex 16.9712 20.5226 0
      vertex 16.9712 -20.5226 0
    endloop
  endfacet
  facet normal 0 0 -1
    outer loop
      vertex 16.184 -19.5634 0
      vertex 16.184 19.5634 0
      vertex 16.9712 20.5226 0
    endloop
  endfacet
  facet normal 0 0 -1
    outer loop
      vertex 15.4351 -18.574 0
      vertex 16.184 19.5634 0
      vertex 16.184 -19.5634 0
    endloop
  endfacet
  facet normal 0 0 -1
    outer loop
      vertex 15.4351 -18.574 0
      vertex 15.4351 18.574 0
      vertex 16.184 19.5634 0
    endloop
  endfacet
  facet normal 0 0 -1
    outer loop
      vertex 14.7256 -17.556 0
      vertex 15.4351 18.574 0
      vertex 15.4351 -18.574 0
    endloop
  endfacet
  facet normal 0 0 -1
    outer loop
      vertex 14.7256 -17.556 0
      vertex 14.7256 17.556 0
      vertex 15.4351 18.574 0
    endloop
  endfacet
  facet normal 0 0 -1
    outer loop
      vertex 14.0566 -16.511 0
      vertex 14.7256 17.556 0
      vertex 14.7256 -17.556 0
    endloop
  endfacet
  facet normal 0 0 -1
    outer loop
      vertex 14.0566 -16.511 0
      vertex 14.0566 16.511 0
      vertex 14.7256 17.556 0
    endloop
  endfacet
  facet normal 0 0 -1
    outer loop
      vertex 13.4291 -15.4404 0
      vertex 14.0566 16.511 0
      vertex 14.0566 -16.511 0
    endloop
  endfacet
  facet normal 0 0 -1
    outer loop
      vertex 13.4291 -15.4404 0
      vertex 13.4291 15.4404 0
      vertex 14.0566 16.511 0
    endloop
  endfacet
  facet normal 0 0 -1
    outer loop
      vertex 12.8442 -14.3461 0
      vertex 13.4291 15.4404 0
      vertex 13.4291 -15.4404 0
    endloop
  endfacet
  facet normal 0 0 -1
    outer loop
      vertex 12.8442 -14.3461 0
      vertex 12.8442 14.3461 0
      vertex 13.4291 15.4404 0
    endloop
  endfacet
  facet normal 0 0 -1
    outer loop
      vertex 12.3027 -13.2296 0
      vertex 12.8442 14.3461 0
      vertex 12.8442 -14.3461 0
    endloop
  endfacet
  facet normal 0 0 -1
    outer loop
      vertex 12.3027 -13.2296 0
      vertex 12.3027 13.2296 0
      vertex 12.8442 14.3461 0
    endloop
  endfacet
  facet normal 0 0 -1
    outer loop
      vertex 11.8054 -12.0928 0
      vertex 12.3027 13.2296 0
      vertex 12.3027 -13.2296 0
    endloop
  endfacet
  facet normal 0 0 -1
    outer loop
      vertex 11.8054 -12.0928 0
      vertex 11.8054 12.0928 0
      vertex 12.3027 13.2296 0
    endloop
  endfacet
  facet normal 0 0 -1
    outer loop
      vertex 11.3532 -10.9373 0
      vertex 11.8054 12.0928 0
      vertex 11.8054 -12.0928 0
    endloop
  endfacet
  facet normal 0 0 -1
    outer loop
      vertex 11.3532 -10.9373 0
      vertex 11.3532 10.9373 0
      vertex 11.8054 12.0928 0
    endloop
  endfacet
  facet normal 0 0 -1
    outer loop
      vertex 10.9466 -9.76494 0
      vertex 11.3532 10.9373 0
      vertex 11.3532 -10.9373 0
    endloop
  endfacet
  facet normal 0 0 -1
    outer loop
      vertex 10.9466 -9.76494 0
      vertex 10.9466 9.76494 0
      vertex 11.3532 10.9373 0
    endloop
  endfacet
  facet normal 0 0 -1
    outer loop
      vertex 10.5864 -8.57752 0
      vertex 10.9466 9.76494 0
      vertex 10.9466 -9.76494 0
    endloop
  endfacet
  facet normal 0 0 -1
    outer loop
      vertex 10.5864 -8.57752 0
      vertex 10.5864 8.57752 0
      vertex 10.9466 9.76494 0
    endloop
  endfacet
  facet normal 0 0 -1
    outer loop
      vertex 10.2731 -7.37687 0
      vertex 10.5864 8.57752 0
      vertex 10.5864 -8.57752 0
    endloop
  endfacet
  facet normal 0 0 -1
    outer loop
      vertex 10.2731 -7.37687 0
      vertex 10.2731 7.37687 0
      vertex 10.5864 8.57752 0
    endloop
  endfacet
  facet normal 0 0 -1
    outer loop
      vertex 10.0072 -6.16485 0
      vertex 10.2731 7.37687 0
      vertex 10.2731 -7.37687 0
    endloop
  endfacet
  facet normal 0 0 -1
    outer loop
      vertex 10.0072 -6.16485 0
      vertex 10.0072 6.16485 0
      vertex 10.2731 7.37687 0
    endloop
  endfacet
  facet normal 0 0 -1
    outer loop
      vertex 9.78905 -4.94333 0
      vertex 10.0072 6.16485 0
      vertex 10.0072 -6.16485 0
    endloop
  endfacet
  facet normal 0 0 -1
    outer loop
      vertex 9.78905 -4.94333 0
      vertex 9.78905 4.94333 0
      vertex 10.0072 6.16485 0
    endloop
  endfacet
  facet normal 0 0 -1
    outer loop
      vertex 9.61904 -3.71418 0
      vertex 9.78905 4.94333 0
      vertex 9.78905 -4.94333 0
    endloop
  endfacet
  facet normal 0 0 -1
    outer loop
      vertex 9.61904 -3.71418 0
      vertex 9.61904 3.71418 0
      vertex 9.78905 4.94333 0
    endloop
  endfacet
  facet normal 0 0 -1
    outer loop
      vertex 9.49741 -2.47931 0
      vertex 9.61904 3.71418 0
      vertex 9.61904 -3.71418 0
    endloop
  endfacet
  facet normal 0 0 -1
    outer loop
      vertex 9.49741 -2.47931 0
      vertex 9.49741 2.47931 0
      vertex 9.61904 3.71418 0
    endloop
  endfacet
  facet normal 0 0 -1
    outer loop
      vertex 9.42436 -1.24061 0
      vertex 9.49741 2.47931 0
      vertex 9.49741 -2.47931 0
    endloop
  endfacet
  facet normal 0 0 -1
    outer loop
      vertex 9.42436 -1.24061 0
      vertex 9.42436 1.24061 0
      vertex 9.49741 2.47931 0
    endloop
  endfacet
  facet normal 0 -0 -1
    outer loop
      vertex 9.42436 1.24061 0
      vertex 9.42436 -1.24061 0
      vertex 9.4 0 0
    endloop
  endfacet
  facet normal 0.324791 -0.93651 -0.132139
    outer loop
      vertex 51.9373 -29.6468 0
      vertex 53.0723 -37.1546 56
      vertex 50.7649 -30.0534 0
    endloop
  endfacet
  facet normal 0.324942 -0.936458 -0.132135
    outer loop
      vertex 53.0723 -37.1546 56
      vertex 51.9373 -29.6468 0
      vertex 53.1504 -37.1275 56
    endloop
  endfacet
  facet normal -0.989512 0.0583546 -0.132139
    outer loop
      vertex 9.42436 1.24061 0
      vertex 1.96832 1.61633 56
      vertex 9.49741 2.47931 0
    endloop
  endfacet
  facet normal -0.989512 0.0583546 -0.132139
    outer loop
      vertex 1.96832 1.61633 56
      vertex 9.42436 1.24061 0
      vertex 1.96345 1.53375 56
    endloop
  endfacet
  facet normal 0.250311 0.959106 -0.132139
    outer loop
      vertex 51.5242 37.6208 56
      vertex 48.3769 30.7269 0
      vertex 50.1199 37.9873 56
    endloop
  endfacet
  facet normal 0.361294 0.923042 -0.132139
    outer loop
      vertex 55.8731 36.123 56
      vertex 51.9373 29.6468 0
      vertex 54.5216 36.652 56
    endloop
  endfacet
  facet normal 0.936519 0.324763 -0.132139
    outer loop
      vertex 78.1275 12.1504 56
      vertex 70.6468 10.9373 0
      vertex 77.652 13.5216 56
    endloop
  endfacet
  facet normal 0.834815 0.534437 -0.132139
    outer loop
      vertex 74.3098 20.4123 56
      vertex 67.9434 16.511 0
      vertex 73.5273 21.6346 56
    endloop
  endfacet
  facet normal 0.534259 0.834929 -0.132139
    outer loop
      vertex 58.556 26.2744 0
      vertex 62.6346 32.5273 56
      vertex 62.7043 32.4827 56
    endloop
  endfacet
  facet normal 0.53444 0.834813 -0.132139
    outer loop
      vertex 62.6346 32.5273 56
      vertex 58.556 26.2744 0
      vertex 57.511 26.9434 0
    endloop
  endfacet
  facet normal 0.287797 0.948532 -0.132137
    outer loop
      vertex 50.7649 30.0534 0
      vertex 51.6043 37.5999 56
      vertex 51.6834 37.5759 56
    endloop
  endfacet
  facet normal 0.287744 0.948548 -0.132138
    outer loop
      vertex 51.6043 37.5999 56
      vertex 50.7649 30.0534 0
      vertex 49.5775 30.4136 0
    endloop
  endfacet
  facet normal 0.212109 0.96827 -0.132146
    outer loop
      vertex 48.3769 30.7269 0
      vertex 48.6215 38.316 56
      vertex 48.7023 38.2983 56
    endloop
  endfacet
  facet normal 0.212414 0.968204 -0.132139
    outer loop
      vertex 48.6215 38.316 56
      vertex 48.3769 30.7269 0
      vertex 47.1649 30.9928 0
    endloop
  endfacet
  facet normal -0.397271 0.908138 -0.132139
    outer loop
      vertex 27.7704 28.6973 0
      vertex 26.0498 36.0929 56
      vertex 28.9072 29.1946 0
    endloop
  endfacet
  facet normal -0.397682 0.90796 -0.132128
    outer loop
      vertex 26.0498 36.0929 56
      vertex 27.7704 28.6973 0
      vertex 25.974 36.0597 56
    endloop
  endfacet
  facet normal 0.95912 0.250257 -0.132138
    outer loop
      vertex 78.6208 10.5242 56
      vertex 71.4136 8.57752 0
      vertex 78.5999 10.6043 56
    endloop
  endfacet
  facet normal 0.959116 0.250274 -0.132138
    outer loop
      vertex 71.4136 8.57752 0
      vertex 78.6208 10.5242 56
      vertex 71.7269 7.37687 0
    endloop
  endfacet
  facet normal 0.628833 -0.76623 -0.132138
    outer loop
      vertex 61.5226 -24.0288 0
      vertex 66.3078 -29.759 56
      vertex 60.5634 -24.816 0
    endloop
  endfacet
  facet normal 0.628663 -0.76637 -0.132138
    outer loop
      vertex 66.3078 -29.759 56
      vertex 61.5226 -24.0288 0
      vertex 66.3718 -29.7065 56
    endloop
  endfacet
  facet normal 0.658436 0.740946 -0.132139
    outer loop
      vertex 67.4566 28.7425 56
      vertex 61.5226 24.0288 0
      vertex 66.3718 29.7065 56
    endloop
  endfacet
  facet normal -0.975801 0.174216 -0.132139
    outer loop
      vertex 10.0072 6.16485 0
      vertex 2.66945 7.54009 56
      vertex 2.68399 7.62153 56
    endloop
  endfacet
  facet normal -0.975792 0.174266 -0.132139
    outer loop
      vertex 2.66945 7.54009 56
      vertex 10.0072 6.16485 0
      vertex 9.78905 4.94333 0
    endloop
  endfacet
  facet normal 0.948532 0.287797 -0.132137
    outer loop
      vertex 78.5999 10.6043 56
      vertex 71.0534 9.76494 0
      vertex 78.5759 10.6834 56
    endloop
  endfacet
  facet normal 0.948549 0.287739 -0.132138
    outer loop
      vertex 71.0534 9.76494 0
      vertex 78.5999 10.6043 56
      vertex 71.4136 8.57752 0
    endloop
  endfacet
  facet normal 0.0969716 0.986476 -0.132142
    outer loop
      vertex 44.7142 31.381 0
      vertex 44.0651 38.9462 56
      vertex 44.1475 38.9381 56
    endloop
  endfacet
  facet normal 0.0971363 0.98646 -0.132138
    outer loop
      vertex 44.0651 38.9462 56
      vertex 44.7142 31.381 0
      vertex 43.4793 31.5026 0
    endloop
  endfacet
  facet normal -0.959178 0.250033 -0.132138
    outer loop
      vertex 10.5864 8.57752 0
      vertex 3.3792 10.5242 56
      vertex 3.40008 10.6043 56
    endloop
  endfacet
  facet normal -0.959116 0.250274 -0.132138
    outer loop
      vertex 3.3792 10.5242 56
      vertex 10.5864 8.57752 0
      vertex 10.2731 7.37687 0
    endloop
  endfacet
  facet normal 0.891795 0.432713 -0.13214
    outer loop
      vertex 75.8448 17.6615 56
      vertex 69.1558 14.3461 0
      vertex 75.8087 17.7359 56
    endloop
  endfacet
  facet normal 0.891871 0.432556 -0.13214
    outer loop
      vertex 69.1558 14.3461 0
      vertex 75.8448 17.6615 56
      vertex 69.6973 13.2296 0
    endloop
  endfacet
  facet normal 0.948553 0.287728 -0.132138
    outer loop
      vertex 78.5759 10.6834 56
      vertex 71.0534 9.76494 0
      vertex 78.1546 12.0723 56
    endloop
  endfacet
  facet normal 0.975799 0.17423 -0.132138
    outer loop
      vertex 79.5857 6.11137 56
      vertex 72.211 4.94333 0
      vertex 79.3306 7.54009 56
    endloop
  endfacet
  facet normal 0.740988 0.65839 -0.132138
    outer loop
      vertex 69.7425 26.4566 56
      vertex 64.2046 21.4501 0
      vertex 69.6875 26.5185 56
    endloop
  endfacet
  facet normal 0.740952 0.658429 -0.132138
    outer loop
      vertex 64.2046 21.4501 0
      vertex 69.7425 26.4566 56
      vertex 65.0288 20.5226 0
    endloop
  endfacet
  facet normal 0.714558 0.686983 -0.132139
    outer loop
      vertex 69.6875 26.5185 56
      vertex 63.3446 22.3446 0
      vertex 69.6302 26.5781 56
    endloop
  endfacet
  facet normal 0.714551 0.686991 -0.132138
    outer loop
      vertex 63.3446 22.3446 0
      vertex 69.6875 26.5185 56
      vertex 64.2046 21.4501 0
    endloop
  endfacet
  facet normal 0.90796 0.397682 -0.132128
    outer loop
      vertex 77.0929 14.9502 56
      vertex 69.6973 13.2296 0
      vertex 77.0597 15.026 56
    endloop
  endfacet
  facet normal 0.908138 0.397271 -0.132139
    outer loop
      vertex 69.6973 13.2296 0
      vertex 77.0929 14.9502 56
      vertex 70.1946 12.0928 0
    endloop
  endfacet
  facet normal 0.975676 0.174913 -0.13214
    outer loop
      vertex 79.3306 7.54009 56
      vertex 71.9928 6.16485 0
      vertex 79.316 7.62153 56
    endloop
  endfacet
  facet normal 0.975785 0.174304 -0.13214
    outer loop
      vertex 71.9928 6.16485 0
      vertex 79.3306 7.54009 56
      vertex 72.211 4.94333 0
    endloop
  endfacet
  facet normal 0.98951 0.0583953 -0.132138
    outer loop
      vertex 80.0317 1.61633 56
      vertex 72.5026 2.47931 0
      vertex 79.9462 3.06513 56
    endloop
  endfacet
  facet normal 0.989561 0.0575187 -0.132141
    outer loop
      vertex 72.5756 1.24061 0
      vertex 80.0317 1.61633 56
      vertex 80.0365 1.53375 56
    endloop
  endfacet
  facet normal 0.989514 0.0583148 -0.13214
    outer loop
      vertex 80.0317 1.61633 56
      vertex 72.5756 1.24061 0
      vertex 72.5026 2.47931 0
    endloop
  endfacet
  facet normal 0.986468 0.0970532 -0.13214
    outer loop
      vertex 79.9462 3.06513 56
      vertex 72.381 3.71418 0
      vertex 79.9381 3.14746 56
    endloop
  endfacet
  facet normal 0.98646 0.0971386 -0.132138
    outer loop
      vertex 72.381 3.71418 0
      vertex 79.9462 3.06513 56
      vertex 72.5026 2.47931 0
    endloop
  endfacet
  facet normal -0.981884 0.135803 0.132138
    outer loop
      vertex 77.1494 -5.7255 60
      vertex 77.3385 -4.35827 60
      vertex 69.643 -4.5366 3
    endloop
  endfacet
  facet normal -0.99104 -0.019462 0.132139
    outer loop
      vertex 77.6 0 60
      vertex 77.5729 1.37998 60
      vertex 70 0 3
    endloop
  endfacet
  facet normal -0.991046 -0.019149 0.132139
    outer loop
      vertex 69.9776 1.13853 3
      vertex 77.5729 1.37998 60
      vertex 77.5718 1.43691 60
    endloop
  endfacet
  facet normal -0.991039 -0.0194982 0.132139
    outer loop
      vertex 77.5729 1.37998 60
      vertex 69.9776 1.13853 3
      vertex 70 0 3
    endloop
  endfacet
  facet normal -0.891877 0.432545 0.132137
    outer loop
      vertex 73.6357 -16.5648 60
      vertex 74.238 -15.3229 60
      vertex 67.3362 -12.1411 3
    endloop
  endfacet
  facet normal -0.98646 0.0971427 0.132139
    outer loop
      vertex 69.799 -3.40858 3
      vertex 77.3519 -4.2452 60
      vertex 69.9106 -2.27531 3
    endloop
  endfacet
  facet normal -0.986427 0.0974764 0.132139
    outer loop
      vertex 77.3519 -4.2452 60
      vertex 69.799 -3.40858 3
      vertex 77.3463 -4.30187 60
    endloop
  endfacet
  facet normal -0.432545 0.891877 0.132137
    outer loop
      vertex 56.3229 -33.238 60
      vertex 57.5648 -32.6357 60
      vertex 53.1411 -26.3362 3
    endloop
  endfacet
  facet normal -0.0971663 -0.986457 0.132139
    outer loop
      vertex 45.2452 36.3519 60
      vertex 43.8716 36.4872 60
      vertex 43.2753 28.9106 3
    endloop
  endfacet
  facet normal -0.360613 0.923308 0.132137
    outer loop
      vertex 52.0978 -26.7925 3
      vertex 54.9532 -33.8347 60
      vertex 55.0062 -33.814 60
    endloop
  endfacet
  facet normal -0.36125 0.923059 0.132138
    outer loop
      vertex 54.9532 -33.8347 60
      vertex 52.0978 -26.7925 3
      vertex 51.0374 -27.2075 3
    endloop
  endfacet
  facet normal -0.790314 -0.598283 0.132138
    outer loop
      vertex 70.5757 21.5583 60
      vertex 69.7426 22.6588 60
      vertex 63.7742 17.9537 3
    endloop
  endfacet
  facet normal -0.9758 0.174226 0.132138
    outer loop
      vertex 76.9068 -7.08425 60
      vertex 77.1494 -5.7255 60
      vertex 69.643 -4.5366 3
    endloop
  endfacet
  facet normal -0.991039 0.0194982 0.132139
    outer loop
      vertex 69.9776 -1.13853 3
      vertex 77.5729 -1.37998 60
      vertex 70 0 3
    endloop
  endfacet
  facet normal -0.991046 0.019149 0.132139
    outer loop
      vertex 77.5729 -1.37998 60
      vertex 69.9776 -1.13853 3
      vertex 77.5718 -1.43691 60
    endloop
  endfacet
  facet normal -0.986457 0.0971663 0.132139
    outer loop
      vertex 77.3519 -4.2452 60
      vertex 77.4872 -2.8716 60
      vertex 69.9106 -2.27531 3
    endloop
  endfacet
  facet normal -0.686982 -0.714559 0.132138
    outer loop
      vertex 66.8801 25.8801 60
      vertex 65.8851 26.8367 60
      vertex 61.5061 20.5061 3
    endloop
  endfacet
  facet normal -0.923029 0.361325 0.132138
    outer loop
      vertex 67.7925 -11.0978 3
      vertex 74.8347 -13.9532 60
      vertex 68.2076 -10.0374 3
    endloop
  endfacet
  facet normal -0.923308 0.360613 0.132137
    outer loop
      vertex 74.8347 -13.9532 60
      vertex 67.7925 -11.0978 3
      vertex 74.814 -14.0062 60
    endloop
  endfacet
  facet normal -0.981886 -0.135793 0.132138
    outer loop
      vertex 69.643 4.5366 3
      vertex 77.3463 4.30187 60
      vertex 77.3385 4.35827 60
    endloop
  endfacet
  facet normal -0.981886 -0.13579 0.132138
    outer loop
      vertex 77.3463 4.30187 60
      vertex 69.643 4.5366 3
      vertex 69.799 3.40858 3
    endloop
  endfacet
  facet normal -0.740952 0.65843 0.132137
    outer loop
      vertex 62.2954 -19.6852 3
      vertex 67.914 -24.8015 60
      vertex 63.0518 -18.834 3
    endloop
  endfacet
  facet normal -0.741432 0.65789 0.132136
    outer loop
      vertex 67.914 -24.8015 60
      vertex 62.2954 -19.6852 3
      vertex 67.8762 -24.8441 60
    endloop
  endfacet
  facet normal -0.989514 0.0583145 0.132139
    outer loop
      vertex 77.4872 -2.8716 60
      vertex 77.5684 -1.49375 60
      vertex 69.9106 -2.27531 3
    endloop
  endfacet
  facet normal -0.989514 -0.0583145 0.132139
    outer loop
      vertex 77.5684 1.49375 60
      vertex 77.4872 2.8716 60
      vertex 69.9106 2.27531 3
    endloop
  endfacet
  facet normal -0.174289 0.975788 0.132138
    outer loop
      vertex 46.7255 -36.1494 60
      vertex 48.0843 -35.9067 60
      vertex 45.5366 -28.643 3
    endloop
  endfacet
  facet normal -0.834853 -0.534378 0.132137
    outer loop
      vertex 72.2066 19.1234 60
      vertex 71.4625 20.2859 60
      vertex 65.7266 15.1525 3
    endloop
  endfacet
  facet normal -0.766251 0.628808 0.132139
    outer loop
      vertex 63.0518 -18.834 3
      vertex 68.867 -23.7258 60
      vertex 63.7742 -17.9537 3
    endloop
  endfacet
  facet normal -0.766316 0.628728 0.132138
    outer loop
      vertex 68.867 -23.7258 60
      vertex 63.0518 -18.834 3
      vertex 68.8309 -23.7698 60
    endloop
  endfacet
  facet normal -0.85519 0.501189 0.132138
    outer loop
      vertex 65.7266 -15.1525 3
      vertex 72.9333 -17.8835 60
      vertex 66.3024 -14.17 3
    endloop
  endfacet
  facet normal -0.8562 0.49945 0.132182
    outer loop
      vertex 72.9333 -17.8835 60
      vertex 65.7266 -15.1525 3
      vertex 72.9046 -17.9327 60
    endloop
  endfacet
  facet normal -0.0974254 0.986432 0.132139
    outer loop
      vertex 44.4086 -28.799 3
      vertex 45.2452 -36.3519 60
      vertex 45.3019 -36.3463 60
    endloop
  endfacet
  facet normal -0.0971401 0.98646 0.132139
    outer loop
      vertex 45.2452 -36.3519 60
      vertex 44.4086 -28.799 3
      vertex 43.2753 -28.9106 3
    endloop
  endfacet
  facet normal -0.361301 0.923039 0.132139
    outer loop
      vertex 53.6679 -34.3378 60
      vertex 54.9532 -33.8347 60
      vertex 51.0374 -27.2075 3
    endloop
  endfacet
  facet normal -0.90817 0.397199 0.132139
    outer loop
      vertex 67.3362 -12.1411 3
      vertex 74.2609 -15.2708 60
      vertex 67.7925 -11.0978 3
    endloop
  endfacet
  facet normal -0.907443 0.398857 0.132142
    outer loop
      vertex 74.2609 -15.2708 60
      vertex 67.3362 -12.1411 3
      vertex 74.238 -15.3229 60
    endloop
  endfacet
  facet normal -0.766316 -0.628728 0.132138
    outer loop
      vertex 63.0518 18.834 3
      vertex 68.867 23.7258 60
      vertex 68.8309 23.7698 60
    endloop
  endfacet
  facet normal -0.766251 -0.628808 0.132139
    outer loop
      vertex 68.867 23.7258 60
      vertex 63.0518 18.834 3
      vertex 63.7742 17.9537 3
    endloop
  endfacet
  facet normal -0.628808 -0.766251 0.132139
    outer loop
      vertex 59.834 22.0518 3
      vertex 64.7258 27.867 60
      vertex 58.9537 22.7742 3
    endloop
  endfacet
  facet normal -0.628728 -0.766316 0.132138
    outer loop
      vertex 64.7258 27.867 60
      vertex 59.834 22.0518 3
      vertex 64.7698 27.8309 60
    endloop
  endfacet
  facet normal -0.968201 0.21243 0.132138
    outer loop
      vertex 76.6009 -8.48849 60
      vertex 76.8967 -7.14031 60
      vertex 69.4428 -5.65762 3
    endloop
  endfacet
  facet normal -0.99104 0.019462 0.132139
    outer loop
      vertex 77.5729 -1.37998 60
      vertex 77.6 0 60
      vertex 70 0 3
    endloop
  endfacet
  facet normal -0.714524 0.687019 0.132138
    outer loop
      vertex 61.5061 -20.5061 3
      vertex 67.8762 -24.8441 60
      vertex 62.2954 -19.6852 3
    endloop
  endfacet
  facet normal -0.714679 0.686857 0.132143
    outer loop
      vertex 67.8762 -24.8441 60
      vertex 61.5061 -20.5061 3
      vertex 67.8367 -24.8852 60
    endloop
  endfacet
  facet normal -0.0194617 0.99104 0.132139
    outer loop
      vertex 42.38 -36.5729 60
      vertex 41 -29 3
      vertex 41 -36.6 60
    endloop
  endfacet
  facet normal -0.432832 0.891738 0.132139
    outer loop
      vertex 54.1657 -25.8392 3
      vertex 57.5648 -32.6357 60
      vertex 57.6161 -32.6108 60
    endloop
  endfacet
  facet normal -0.432606 0.891847 0.132139
    outer loop
      vertex 57.5648 -32.6357 60
      vertex 54.1657 -25.8392 3
      vertex 53.1411 -26.3362 3
    endloop
  endfacet
  facet normal -0.174289 -0.975788 0.132138
    outer loop
      vertex 48.0843 35.9067 60
      vertex 46.7255 36.1494 60
      vertex 45.5366 28.643 3
    endloop
  endfacet
  facet normal -0.968191 0.212476 0.132139
    outer loop
      vertex 69.1987 -6.76991 3
      vertex 76.6009 -8.48849 60
      vertex 69.4428 -5.65762 3
    endloop
  endfacet
  facet normal -0.968205 0.21241 0.132138
    outer loop
      vertex 76.6009 -8.48849 60
      vertex 69.1987 -6.76991 3
      vertex 76.5887 -8.5441 60
    endloop
  endfacet
  facet normal -0.250282 -0.959113 0.132139
    outer loop
      vertex 50.8796 35.2402 60
      vertex 49.5441 35.5887 60
      vertex 47.7699 28.1987 3
    endloop
  endfacet
  facet normal -0.324765 -0.936518 0.13214
    outer loop
      vertex 51.0374 27.2075 3
      vertex 53.6141 34.3565 60
      vertex 49.9615 27.5806 3
    endloop
  endfacet
  facet normal -0.325437 -0.936285 0.132141
    outer loop
      vertex 53.6141 34.3565 60
      vertex 51.0374 27.2075 3
      vertex 53.6679 34.3378 60
    endloop
  endfacet
  facet normal -0.135793 0.981886 0.132138
    outer loop
      vertex 45.5366 -28.643 3
      vertex 45.3019 -36.3463 60
      vertex 45.3583 -36.3385 60
    endloop
  endfacet
  facet normal -0.135793 0.981886 0.132138
    outer loop
      vertex 45.3019 -36.3463 60
      vertex 45.5366 -28.643 3
      vertex 44.4086 -28.799 3
    endloop
  endfacet
  facet normal -0.94856 -0.287702 0.13214
    outer loop
      vertex 76.2093 9.98921 60
      vertex 75.8087 11.31 60
      vertex 68.5806 8.96149 3
    endloop
  endfacet
  facet normal -0.501287 -0.855132 0.132137
    outer loop
      vertex 60.1234 31.2066 60
      vertex 58.9327 31.9046 60
      vertex 56.1525 24.7266 3
    endloop
  endfacet
  facet normal -0.501287 0.855132 0.132137
    outer loop
      vertex 58.9327 -31.9046 60
      vertex 60.1234 -31.2066 60
      vertex 56.1525 -24.7266 3
    endloop
  endfacet
  facet normal -0.598283 0.790314 0.132138
    outer loop
      vertex 62.5583 -29.5757 60
      vertex 63.6588 -28.7426 60
      vertex 58.9537 -22.7742 3
    endloop
  endfacet
  facet normal -0.135806 0.981884 0.132138
    outer loop
      vertex 46.7255 -36.1494 60
      vertex 45.5366 -28.643 3
      vertex 45.3583 -36.3385 60
    endloop
  endfacet
  facet normal -0.212446 0.968197 0.132139
    outer loop
      vertex 47.7699 -28.1987 3
      vertex 49.4885 -35.6009 60
      vertex 49.5441 -35.5887 60
    endloop
  endfacet
  facet normal -0.212475 0.968191 0.132139
    outer loop
      vertex 49.4885 -35.6009 60
      vertex 47.7699 -28.1987 3
      vertex 46.6576 -28.4428 3
    endloop
  endfacet
  facet normal -0.467257 -0.874191 0.132139
    outer loop
      vertex 55.17 25.3024 3
      vertex 57.6161 32.6108 60
      vertex 54.1657 25.8392 3
    endloop
  endfacet
  facet normal -0.466823 -0.874422 0.132149
    outer loop
      vertex 57.6161 32.6108 60
      vertex 55.17 25.3024 3
      vertex 57.6663 32.584 60
    endloop
  endfacet
  facet normal -0.908167 0.397206 0.132139
    outer loop
      vertex 74.2609 -15.2708 60
      vertex 74.814 -14.0062 60
      vertex 67.7925 -11.0978 3
    endloop
  endfacet
  facet normal -0.212427 0.968202 0.132138
    outer loop
      vertex 48.1403 -35.8967 60
      vertex 49.4885 -35.6009 60
      vertex 46.6576 -28.4428 3
    endloop
  endfacet
  facet normal -0.0592284 0.989463 0.13212
    outer loop
      vertex 43.2753 -28.9106 3
      vertex 42.4369 -36.5718 60
      vertex 42.4937 -36.5684 60
    endloop
  endfacet
  facet normal -0.0583193 0.989514 0.13214
    outer loop
      vertex 42.4369 -36.5718 60
      vertex 43.2753 -28.9106 3
      vertex 42.1385 -28.9776 3
    endloop
  endfacet
  facet normal -0.714525 0.687018 0.132138
    outer loop
      vertex 66.8801 -25.8801 60
      vertex 67.8367 -24.8852 60
      vertex 61.5061 -20.5061 3
    endloop
  endfacet
  facet normal -0.975793 0.174264 0.132139
    outer loop
      vertex 69.4428 -5.65762 3
      vertex 76.9068 -7.08425 60
      vertex 69.643 -4.5366 3
    endloop
  endfacet
  facet normal -0.975525 0.175755 0.132141
    outer loop
      vertex 76.9068 -7.08425 60
      vertex 69.4428 -5.65762 3
      vertex 76.8967 -7.14031 60
    endloop
  endfacet
  facet normal -0.936526 0.324743 0.13214
    outer loop
      vertex 75.3565 -12.6141 60
      vertex 75.8087 -11.31 60
      vertex 68.5806 -8.96149 3
    endloop
  endfacet
  facet normal -0.923039 0.361302 0.132138
    outer loop
      vertex 74.8347 -13.9532 60
      vertex 75.3378 -12.6679 60
      vertex 68.2076 -10.0374 3
    endloop
  endfacet
  facet normal -0.959115 0.250276 0.132139
    outer loop
      vertex 76.2402 -9.87963 60
      vertex 76.5887 -8.5441 60
      vertex 69.1987 -6.76991 3
    endloop
  endfacet
  facet normal -0.95912 0.250256 0.132138
    outer loop
      vertex 68.9112 -7.87177 3
      vertex 76.2402 -9.87963 60
      vertex 69.1987 -6.76991 3
    endloop
  endfacet
  facet normal -0.959435 0.249046 0.132136
    outer loop
      vertex 76.2402 -9.87963 60
      vertex 68.9112 -7.87177 3
      vertex 76.2259 -9.93472 60
    endloop
  endfacet
  facet normal -0.324743 -0.936526 0.13214
    outer loop
      vertex 53.6141 34.3565 60
      vertex 52.31 34.8087 60
      vertex 49.9615 27.5806 3
    endloop
  endfacet
  facet normal -0.2877 0.948561 0.13214
    outer loop
      vertex 50.9892 -35.2093 60
      vertex 52.31 -34.8087 60
      vertex 49.9615 -27.5806 3
    endloop
  endfacet
  facet normal -0.855132 0.501287 0.132137
    outer loop
      vertex 72.2066 -19.1234 60
      vertex 72.9046 -17.9327 60
      vertex 65.7266 -15.1525 3
    endloop
  endfacet
  facet normal -0.325437 0.936285 0.132141
    outer loop
      vertex 51.0374 -27.2075 3
      vertex 53.6141 -34.3565 60
      vertex 53.6679 -34.3378 60
    endloop
  endfacet
  facet normal -0.324765 0.936518 0.13214
    outer loop
      vertex 53.6141 -34.3565 60
      vertex 51.0374 -27.2075 3
      vertex 49.9615 -27.5806 3
    endloop
  endfacet
  facet normal -0.65843 -0.740952 0.132137
    outer loop
      vertex 60.6852 21.2954 3
      vertex 65.8015 26.914 60
      vertex 59.834 22.0518 3
    endloop
  endfacet
  facet normal -0.65789 -0.741432 0.132136
    outer loop
      vertex 65.8015 26.914 60
      vertex 60.6852 21.2954 3
      vertex 65.8441 26.8762 60
    endloop
  endfacet
  facet normal -0.432545 -0.891877 0.132137
    outer loop
      vertex 57.5648 32.6357 60
      vertex 56.3229 33.238 60
      vertex 53.1411 26.3362 3
    endloop
  endfacet
  facet normal -0.398857 0.907443 0.132142
    outer loop
      vertex 53.1411 -26.3362 3
      vertex 56.2708 -33.2609 60
      vertex 56.3229 -33.238 60
    endloop
  endfacet
  facet normal -0.397199 0.90817 0.132139
    outer loop
      vertex 56.2708 -33.2609 60
      vertex 53.1411 -26.3362 3
      vertex 52.0978 -26.7925 3
    endloop
  endfacet
  facet normal -0.628803 0.766255 0.132139
    outer loop
      vertex 63.6588 -28.7426 60
      vertex 64.7258 -27.867 60
      vertex 58.9537 -22.7742 3
    endloop
  endfacet
  facet normal -0.250282 0.959113 0.132139
    outer loop
      vertex 49.5441 -35.5887 60
      vertex 50.8796 -35.2402 60
      vertex 47.7699 -28.1987 3
    endloop
  endfacet
  facet normal -0.0583123 0.989514 0.132139
    outer loop
      vertex 43.8716 -36.4872 60
      vertex 43.2753 -28.9106 3
      vertex 42.4937 -36.5684 60
    endloop
  endfacet
  facet normal -0.790314 0.598283 0.132138
    outer loop
      vertex 69.7426 -22.6588 60
      vertex 70.5757 -21.5583 60
      vertex 63.7742 -17.9537 3
    endloop
  endfacet
  facet normal -0.324743 0.936526 0.13214
    outer loop
      vertex 52.31 -34.8087 60
      vertex 53.6141 -34.3565 60
      vertex 49.9615 -27.5806 3
    endloop
  endfacet
  facet normal -0.628728 0.766316 0.132138
    outer loop
      vertex 59.834 -22.0518 3
      vertex 64.7258 -27.867 60
      vertex 64.7698 -27.8309 60
    endloop
  endfacet
  facet normal -0.628808 0.766251 0.132139
    outer loop
      vertex 64.7258 -27.867 60
      vertex 59.834 -22.0518 3
      vertex 58.9537 -22.7742 3
    endloop
  endfacet
  facet normal -0.813197 0.566789 0.13214
    outer loop
      vertex 70.6426 -21.4662 60
      vertex 71.4318 -20.3339 60
      vertex 65.1126 -16.1115 3
    endloop
  endfacet
  facet normal -0.989463 0.0591867 0.132138
    outer loop
      vertex 69.9776 -1.13853 3
      vertex 77.5684 -1.49375 60
      vertex 77.5718 -1.43691 60
    endloop
  endfacet
  facet normal -0.989514 0.0583204 0.132139
    outer loop
      vertex 77.5684 -1.49375 60
      vertex 69.9776 -1.13853 3
      vertex 69.9106 -2.27531 3
    endloop
  endfacet
  facet normal -0.597521 0.790888 0.132159
    outer loop
      vertex 58.9537 -22.7742 3
      vertex 62.5129 -29.61 60
      vertex 62.5583 -29.5757 60
    endloop
  endfacet
  facet normal -0.598284 0.790313 0.132138
    outer loop
      vertex 62.5129 -29.61 60
      vertex 58.9537 -22.7742 3
      vertex 58.0458 -23.4615 3
    endloop
  endfacet
  facet normal -0.397206 0.908167 0.132139
    outer loop
      vertex 55.0062 -33.814 60
      vertex 56.2708 -33.2609 60
      vertex 52.0978 -26.7925 3
    endloop
  endfacet
  facet normal -0.87416 0.467315 0.132138
    outer loop
      vertex 72.9333 -17.8835 60
      vertex 73.584 -16.6663 60
      vertex 66.3024 -14.17 3
    endloop
  endfacet
  facet normal -0.834791 0.534475 0.132139
    outer loop
      vertex 65.1126 -16.1115 3
      vertex 71.4625 -20.2859 60
      vertex 65.7266 -15.1525 3
    endloop
  endfacet
  facet normal -0.835044 0.53408 0.132139
    outer loop
      vertex 71.4625 -20.2859 60
      vertex 65.1126 -16.1115 3
      vertex 71.4318 -20.3339 60
    endloop
  endfacet
  facet normal -0.981886 0.13579 0.132138
    outer loop
      vertex 69.643 -4.5366 3
      vertex 77.3463 -4.30187 60
      vertex 69.799 -3.40858 3
    endloop
  endfacet
  facet normal -0.981886 0.135793 0.132138
    outer loop
      vertex 77.3463 -4.30187 60
      vertex 69.643 -4.5366 3
      vertex 77.3385 -4.35827 60
    endloop
  endfacet
  facet normal -0.834853 0.534378 0.132137
    outer loop
      vertex 71.4625 -20.2859 60
      vertex 72.2066 -19.1234 60
      vertex 65.7266 -15.1525 3
    endloop
  endfacet
  facet normal -0.766255 0.628803 0.132139
    outer loop
      vertex 68.867 -23.7258 60
      vertex 69.7426 -22.6588 60
      vertex 63.7742 -17.9537 3
    endloop
  endfacet
  facet normal -0.135806 -0.981884 0.132138
    outer loop
      vertex 45.5366 28.643 3
      vertex 46.7255 36.1494 60
      vertex 45.3583 36.3385 60
    endloop
  endfacet
  facet normal -0.0971663 0.986457 0.132139
    outer loop
      vertex 43.8716 -36.4872 60
      vertex 45.2452 -36.3519 60
      vertex 43.2753 -28.9106 3
    endloop
  endfacet
  facet normal -0.959115 -0.250276 0.132139
    outer loop
      vertex 76.5887 8.5441 60
      vertex 76.2402 9.87963 60
      vertex 69.1987 6.76991 3
    endloop
  endfacet
  facet normal -0.288817 0.948225 0.132115
    outer loop
      vertex 49.9615 -27.5806 3
      vertex 50.9347 -35.2259 60
      vertex 50.9892 -35.2093 60
    endloop
  endfacet
  facet normal -0.287774 0.948539 0.132139
    outer loop
      vertex 50.9347 -35.2259 60
      vertex 49.9615 -27.5806 3
      vertex 48.8718 -27.9112 3
    endloop
  endfacet
  facet normal -0.936546 0.324685 0.132138
    outer loop
      vertex 68.2076 -10.0374 3
      vertex 75.3565 -12.6141 60
      vertex 68.5806 -8.96149 3
    endloop
  endfacet
  facet normal -0.936285 0.325437 0.13214
    outer loop
      vertex 75.3565 -12.6141 60
      vertex 68.2076 -10.0374 3
      vertex 75.3378 -12.6679 60
    endloop
  endfacet
  facet normal -0.813237 0.566733 0.132138
    outer loop
      vertex 64.4615 -17.0458 3
      vertex 70.6426 -21.4662 60
      vertex 65.1126 -16.1115 3
    endloop
  endfacet
  facet normal -0.812783 0.567382 0.132139
    outer loop
      vertex 70.6426 -21.4662 60
      vertex 64.4615 -17.0458 3
      vertex 70.61 -21.5129 60
    endloop
  endfacet
  facet normal -0.249003 0.959446 0.132136
    outer loop
      vertex 48.8718 -27.9112 3
      vertex 50.8796 -35.2402 60
      vertex 50.9347 -35.2259 60
    endloop
  endfacet
  facet normal -0.250247 0.959122 0.132138
    outer loop
      vertex 50.8796 -35.2402 60
      vertex 48.8718 -27.9112 3
      vertex 47.7699 -28.1987 3
    endloop
  endfacet
  facet normal -0.467259 0.87419 0.132139
    outer loop
      vertex 57.6663 -32.584 60
      vertex 58.8835 -31.9334 60
      vertex 55.17 -25.3024 3
    endloop
  endfacet
  facet normal -0.686982 0.714559 0.132138
    outer loop
      vertex 65.8851 -26.8367 60
      vertex 66.8801 -25.8801 60
      vertex 61.5061 -20.5061 3
    endloop
  endfacet
  facet normal -0.432606 -0.891847 0.132139
    outer loop
      vertex 54.1657 25.8392 3
      vertex 57.5648 32.6357 60
      vertex 53.1411 26.3362 3
    endloop
  endfacet
  facet normal -0.432832 -0.891738 0.132139
    outer loop
      vertex 57.5648 32.6357 60
      vertex 54.1657 25.8392 3
      vertex 57.6161 32.6108 60
    endloop
  endfacet
  facet normal -0.174249 0.975796 0.132138
    outer loop
      vertex 46.6576 -28.4428 3
      vertex 48.0843 -35.9067 60
      vertex 48.1403 -35.8967 60
    endloop
  endfacet
  facet normal -0.174267 0.975792 0.132138
    outer loop
      vertex 48.0843 -35.9067 60
      vertex 46.6576 -28.4428 3
      vertex 45.5366 -28.643 3
    endloop
  endfacet
  facet normal -0.959435 -0.249046 0.132136
    outer loop
      vertex 68.9112 7.87177 3
      vertex 76.2402 9.87963 60
      vertex 76.2259 9.93472 60
    endloop
  endfacet
  facet normal -0.95912 -0.250256 0.132138
    outer loop
      vertex 76.2402 9.87963 60
      vertex 68.9112 7.87177 3
      vertex 69.1987 6.76991 3
    endloop
  endfacet
  facet normal -0.658471 0.740915 0.132139
    outer loop
      vertex 64.7698 -27.8309 60
      vertex 65.8015 -26.914 60
      vertex 59.834 -22.0518 3
    endloop
  endfacet
  facet normal -0.135793 -0.981886 0.132138
    outer loop
      vertex 45.5366 28.643 3
      vertex 45.3019 36.3463 60
      vertex 44.4086 28.799 3
    endloop
  endfacet
  facet normal -0.135793 -0.981886 0.132138
    outer loop
      vertex 45.3019 36.3463 60
      vertex 45.5366 28.643 3
      vertex 45.3583 36.3385 60
    endloop
  endfacet
  facet normal -0.740915 0.658471 0.132139
    outer loop
      vertex 67.914 -24.8015 60
      vertex 68.8309 -23.7698 60
      vertex 63.0518 -18.834 3
    endloop
  endfacet
  facet normal -0.567382 0.812783 0.132139
    outer loop
      vertex 58.0458 -23.4615 3
      vertex 62.4662 -29.6426 60
      vertex 62.5129 -29.61 60
    endloop
  endfacet
  facet normal -0.566733 0.813237 0.132138
    outer loop
      vertex 62.4662 -29.6426 60
      vertex 58.0458 -23.4615 3
      vertex 57.1115 -24.1126 3
    endloop
  endfacet
  facet normal -0.500749 0.855446 0.13215
    outer loop
      vertex 56.1525 -24.7266 3
      vertex 58.8835 -31.9334 60
      vertex 58.9327 -31.9046 60
    endloop
  endfacet
  facet normal -0.501189 0.855189 0.132139
    outer loop
      vertex 58.8835 -31.9334 60
      vertex 56.1525 -24.7266 3
      vertex 55.17 -25.3024 3
    endloop
  endfacet
  facet normal -0.361301 -0.923039 0.132139
    outer loop
      vertex 54.9532 33.8347 60
      vertex 53.6679 34.3378 60
      vertex 51.0374 27.2075 3
    endloop
  endfacet
  facet normal -0.628803 -0.766255 0.132139
    outer loop
      vertex 64.7258 27.867 60
      vertex 63.6588 28.7426 60
      vertex 58.9537 22.7742 3
    endloop
  endfacet
  facet normal -0.790313 0.598284 0.132138
    outer loop
      vertex 63.7742 -17.9537 3
      vertex 70.61 -21.5129 60
      vertex 64.4615 -17.0458 3
    endloop
  endfacet
  facet normal -0.790888 0.597521 0.132159
    outer loop
      vertex 70.61 -21.5129 60
      vertex 63.7742 -17.9537 3
      vertex 70.5757 -21.5583 60
    endloop
  endfacet
  facet normal -0.212427 -0.968202 0.132138
    outer loop
      vertex 49.4885 35.6009 60
      vertex 48.1403 35.8967 60
      vertex 46.6576 28.4428 3
    endloop
  endfacet
  facet normal -0.0194617 -0.99104 0.132139
    outer loop
      vertex 42.38 36.5729 60
      vertex 41 36.6 60
      vertex 41 29 3
    endloop
  endfacet
  facet normal -0.658471 -0.740915 0.132139
    outer loop
      vertex 65.8015 26.914 60
      vertex 64.7698 27.8309 60
      vertex 59.834 22.0518 3
    endloop
  endfacet
  facet normal -0.0583123 -0.989514 0.132139
    outer loop
      vertex 43.2753 28.9106 3
      vertex 43.8716 36.4872 60
      vertex 42.4937 36.5684 60
    endloop
  endfacet
  facet normal -0.174267 -0.975792 0.132138
    outer loop
      vertex 46.6576 28.4428 3
      vertex 48.0843 35.9067 60
      vertex 45.5366 28.643 3
    endloop
  endfacet
  facet normal -0.174249 -0.975796 0.132138
    outer loop
      vertex 48.0843 35.9067 60
      vertex 46.6576 28.4428 3
      vertex 48.1403 35.8967 60
    endloop
  endfacet
  facet normal -0.874191 0.467257 0.132139
    outer loop
      vertex 66.3024 -14.17 3
      vertex 73.6108 -16.6161 60
      vertex 66.8392 -13.1657 3
    endloop
  endfacet
  facet normal -0.874422 0.466823 0.132149
    outer loop
      vertex 73.6108 -16.6161 60
      vertex 66.3024 -14.17 3
      vertex 73.584 -16.6663 60
    endloop
  endfacet
  facet normal -0.501189 -0.855189 0.132139
    outer loop
      vertex 56.1525 24.7266 3
      vertex 58.8835 31.9334 60
      vertex 55.17 25.3024 3
    endloop
  endfacet
  facet normal -0.500749 -0.855446 0.13215
    outer loop
      vertex 58.8835 31.9334 60
      vertex 56.1525 24.7266 3
      vertex 58.9327 31.9046 60
    endloop
  endfacet
  facet normal -0.566789 0.813197 0.13214
    outer loop
      vertex 61.3339 -30.4318 60
      vertex 62.4662 -29.6426 60
      vertex 57.1115 -24.1126 3
    endloop
  endfacet
  facet normal -0.855132 -0.501287 0.132137
    outer loop
      vertex 72.9046 17.9327 60
      vertex 72.2066 19.1234 60
      vertex 65.7266 15.1525 3
    endloop
  endfacet
  facet normal -0.936285 -0.325437 0.13214
    outer loop
      vertex 68.2076 10.0374 3
      vertex 75.3565 12.6141 60
      vertex 75.3378 12.6679 60
    endloop
  endfacet
  facet normal -0.936546 -0.324685 0.132138
    outer loop
      vertex 75.3565 12.6141 60
      vertex 68.2076 10.0374 3
      vertex 68.5806 8.96149 3
    endloop
  endfacet
  facet normal -0.0191591 0.991046 0.132139
    outer loop
      vertex 42.1385 -28.9776 3
      vertex 42.38 -36.5729 60
      vertex 42.4369 -36.5718 60
    endloop
  endfacet
  facet normal -0.0194987 0.991039 0.132139
    outer loop
      vertex 42.38 -36.5729 60
      vertex 42.1385 -28.9776 3
      vertex 41 -29 3
    endloop
  endfacet
  facet normal -0.53408 0.835044 0.132139
    outer loop
      vertex 57.1115 -24.1126 3
      vertex 61.2859 -30.4625 60
      vertex 61.3339 -30.4318 60
    endloop
  endfacet
  facet normal -0.534475 0.834791 0.132139
    outer loop
      vertex 61.2859 -30.4625 60
      vertex 57.1115 -24.1126 3
      vertex 56.1525 -24.7266 3
    endloop
  endfacet
  facet normal -0.212475 -0.968191 0.132139
    outer loop
      vertex 47.7699 28.1987 3
      vertex 49.4885 35.6009 60
      vertex 46.6576 28.4428 3
    endloop
  endfacet
  facet normal -0.212446 -0.968197 0.132139
    outer loop
      vertex 49.4885 35.6009 60
      vertex 47.7699 28.1987 3
      vertex 49.5441 35.5887 60
    endloop
  endfacet
  facet normal -0.534378 0.834853 0.132137
    outer loop
      vertex 60.1234 -31.2066 60
      vertex 61.2859 -30.4625 60
      vertex 56.1525 -24.7266 3
    endloop
  endfacet
  facet normal -0.65789 0.741432 0.132136
    outer loop
      vertex 60.6852 -21.2954 3
      vertex 65.8015 -26.914 60
      vertex 65.8441 -26.8762 60
    endloop
  endfacet
  facet normal -0.65843 0.740952 0.132137
    outer loop
      vertex 65.8015 -26.914 60
      vertex 60.6852 -21.2954 3
      vertex 59.834 -22.0518 3
    endloop
  endfacet
  facet normal -0.9758 -0.174226 0.132138
    outer loop
      vertex 77.1494 5.7255 60
      vertex 76.9068 7.08425 60
      vertex 69.643 4.5366 3
    endloop
  endfacet
  facet normal -0.975525 -0.175755 0.132141
    outer loop
      vertex 69.4428 5.65762 3
      vertex 76.9068 7.08425 60
      vertex 76.8967 7.14031 60
    endloop
  endfacet
  facet normal -0.975793 -0.174264 0.132139
    outer loop
      vertex 76.9068 7.08425 60
      vertex 69.4428 5.65762 3
      vertex 69.643 4.5366 3
    endloop
  endfacet
  facet normal -0.891847 0.432606 0.132139
    outer loop
      vertex 66.8392 -13.1657 3
      vertex 73.6357 -16.5648 60
      vertex 67.3362 -12.1411 3
    endloop
  endfacet
  facet normal -0.891738 0.432832 0.132139
    outer loop
      vertex 73.6357 -16.5648 60
      vertex 66.8392 -13.1657 3
      vertex 73.6108 -16.6161 60
    endloop
  endfacet
  facet normal -0.94854 0.287769 0.132139
    outer loop
      vertex 68.5806 -8.96149 3
      vertex 76.2259 -9.93472 60
      vertex 68.9112 -7.87177 3
    endloop
  endfacet
  facet normal -0.94821 0.288866 0.132114
    outer loop
      vertex 76.2259 -9.93472 60
      vertex 68.5806 -8.96149 3
      vertex 76.2093 -9.98921 60
    endloop
  endfacet
  facet normal -0.94856 0.287702 0.13214
    outer loop
      vertex 75.8087 -11.31 60
      vertex 76.2093 -9.98921 60
      vertex 68.5806 -8.96149 3
    endloop
  endfacet
  facet normal -0.986457 -0.0971663 0.132139
    outer loop
      vertex 77.4872 2.8716 60
      vertex 77.3519 4.2452 60
      vertex 69.9106 2.27531 3
    endloop
  endfacet
  facet normal -0.534475 -0.834791 0.132139
    outer loop
      vertex 57.1115 24.1126 3
      vertex 61.2859 30.4625 60
      vertex 56.1525 24.7266 3
    endloop
  endfacet
  facet normal -0.53408 -0.835044 0.132139
    outer loop
      vertex 61.2859 30.4625 60
      vertex 57.1115 24.1126 3
      vertex 61.3339 30.4318 60
    endloop
  endfacet
  facet normal -0.466823 0.874422 0.132149
    outer loop
      vertex 55.17 -25.3024 3
      vertex 57.6161 -32.6108 60
      vertex 57.6663 -32.584 60
    endloop
  endfacet
  facet normal -0.467257 0.874191 0.132139
    outer loop
      vertex 57.6161 -32.6108 60
      vertex 55.17 -25.3024 3
      vertex 54.1657 -25.8392 3
    endloop
  endfacet
  facet normal -0.907443 -0.398857 0.132142
    outer loop
      vertex 67.3362 12.1411 3
      vertex 74.2609 15.2708 60
      vertex 74.238 15.3229 60
    endloop
  endfacet
  facet normal -0.90817 -0.397199 0.132139
    outer loop
      vertex 74.2609 15.2708 60
      vertex 67.3362 12.1411 3
      vertex 67.7925 11.0978 3
    endloop
  endfacet
  facet normal -0.891877 -0.432545 0.132137
    outer loop
      vertex 74.238 15.3229 60
      vertex 73.6357 16.5648 60
      vertex 67.3362 12.1411 3
    endloop
  endfacet
  facet normal -0.891738 -0.432832 0.132139
    outer loop
      vertex 66.8392 13.1657 3
      vertex 73.6357 16.5648 60
      vertex 73.6108 16.6161 60
    endloop
  endfacet
  facet normal -0.891847 -0.432606 0.132139
    outer loop
      vertex 73.6357 16.5648 60
      vertex 66.8392 13.1657 3
      vertex 67.3362 12.1411 3
    endloop
  endfacet
  facet normal -0.2877 -0.948561 0.13214
    outer loop
      vertex 52.31 34.8087 60
      vertex 50.9892 35.2093 60
      vertex 49.9615 27.5806 3
    endloop
  endfacet
  facet normal -0.989465 -0.0591869 0.13212
    outer loop
      vertex 69.9106 2.27531 3
      vertex 77.5718 1.43691 60
      vertex 77.5684 1.49375 60
    endloop
  endfacet
  facet normal -0.989514 -0.0583204 0.13214
    outer loop
      vertex 77.5718 1.43691 60
      vertex 69.9106 2.27531 3
      vertex 69.9776 1.13853 3
    endloop
  endfacet
  facet normal -0.467259 -0.87419 0.132139
    outer loop
      vertex 58.8835 31.9334 60
      vertex 57.6663 32.584 60
      vertex 55.17 25.3024 3
    endloop
  endfacet
  facet normal -0.986427 -0.0974764 0.132139
    outer loop
      vertex 69.799 3.40858 3
      vertex 77.3519 4.2452 60
      vertex 77.3463 4.30187 60
    endloop
  endfacet
  facet normal -0.98646 -0.0971427 0.132139
    outer loop
      vertex 77.3519 4.2452 60
      vertex 69.799 3.40858 3
      vertex 69.9106 2.27531 3
    endloop
  endfacet
  facet normal -0.8562 -0.49945 0.132182
    outer loop
      vertex 65.7266 15.1525 3
      vertex 72.9333 17.8835 60
      vertex 72.9046 17.9327 60
    endloop
  endfacet
  facet normal -0.85519 -0.501189 0.132138
    outer loop
      vertex 72.9333 17.8835 60
      vertex 65.7266 15.1525 3
      vertex 66.3024 14.17 3
    endloop
  endfacet
  facet normal -0.908167 -0.397206 0.132139
    outer loop
      vertex 74.814 14.0062 60
      vertex 74.2609 15.2708 60
      vertex 67.7925 11.0978 3
    endloop
  endfacet
  facet normal -0.741432 -0.65789 0.132136
    outer loop
      vertex 62.2954 19.6852 3
      vertex 67.914 24.8015 60
      vertex 67.8762 24.8441 60
    endloop
  endfacet
  facet normal -0.740952 -0.65843 0.132137
    outer loop
      vertex 67.914 24.8015 60
      vertex 62.2954 19.6852 3
      vertex 63.0518 18.834 3
    endloop
  endfacet
  facet normal -0.598284 -0.790313 0.132138
    outer loop
      vertex 58.9537 22.7742 3
      vertex 62.5129 29.61 60
      vertex 58.0458 23.4615 3
    endloop
  endfacet
  facet normal -0.597521 -0.790888 0.132159
    outer loop
      vertex 62.5129 29.61 60
      vertex 58.9537 22.7742 3
      vertex 62.5583 29.5757 60
    endloop
  endfacet
  facet normal -0.687729 0.713845 0.132116
    outer loop
      vertex 61.5061 -20.5061 3
      vertex 65.8441 -26.8762 60
      vertex 65.8851 -26.8367 60
    endloop
  endfacet
  facet normal -0.687019 0.714524 0.132138
    outer loop
      vertex 65.8441 -26.8762 60
      vertex 61.5061 -20.5061 3
      vertex 60.6852 -21.2954 3
    endloop
  endfacet
  facet normal -0.0592283 -0.98946 0.132137
    outer loop
      vertex 42.1385 28.9776 3
      vertex 42.4937 36.5684 60
      vertex 42.4369 36.5718 60
    endloop
  endfacet
  facet normal -0.0583194 -0.989514 0.132139
    outer loop
      vertex 42.4937 36.5684 60
      vertex 42.1385 28.9776 3
      vertex 43.2753 28.9106 3
    endloop
  endfacet
  facet normal -0.0971401 -0.98646 0.132139
    outer loop
      vertex 44.4086 28.799 3
      vertex 45.2452 36.3519 60
      vertex 43.2753 28.9106 3
    endloop
  endfacet
  facet normal -0.0974254 -0.986432 0.132139
    outer loop
      vertex 45.2452 36.3519 60
      vertex 44.4086 28.799 3
      vertex 45.3019 36.3463 60
    endloop
  endfacet
  facet normal -0.968205 -0.21241 0.132138
    outer loop
      vertex 69.1987 6.76991 3
      vertex 76.6009 8.48849 60
      vertex 76.5887 8.5441 60
    endloop
  endfacet
  facet normal -0.968191 -0.212476 0.132139
    outer loop
      vertex 76.6009 8.48849 60
      vertex 69.1987 6.76991 3
      vertex 69.4428 5.65762 3
    endloop
  endfacet
  facet normal -0.397206 -0.908167 0.132139
    outer loop
      vertex 56.2708 33.2609 60
      vertex 55.0062 33.814 60
      vertex 52.0978 26.7925 3
    endloop
  endfacet
  facet normal -0.835044 -0.53408 0.132139
    outer loop
      vertex 65.1126 16.1115 3
      vertex 71.4625 20.2859 60
      vertex 71.4318 20.3339 60
    endloop
  endfacet
  facet normal -0.834791 -0.534475 0.132139
    outer loop
      vertex 71.4625 20.2859 60
      vertex 65.1126 16.1115 3
      vertex 65.7266 15.1525 3
    endloop
  endfacet
  facet normal -0.687019 -0.714524 0.132138
    outer loop
      vertex 61.5061 20.5061 3
      vertex 65.8441 26.8762 60
      vertex 60.6852 21.2954 3
    endloop
  endfacet
  facet normal -0.687729 -0.713845 0.132116
    outer loop
      vertex 65.8441 26.8762 60
      vertex 61.5061 20.5061 3
      vertex 65.8851 26.8367 60
    endloop
  endfacet
  facet normal -0.968201 -0.21243 0.132138
    outer loop
      vertex 76.8967 7.14031 60
      vertex 76.6009 8.48849 60
      vertex 69.4428 5.65762 3
    endloop
  endfacet
  facet normal -0.981884 -0.135803 0.132138
    outer loop
      vertex 77.3385 4.35827 60
      vertex 77.1494 5.7255 60
      vertex 69.643 4.5366 3
    endloop
  endfacet
  facet normal -0.36125 -0.923059 0.132138
    outer loop
      vertex 52.0978 26.7925 3
      vertex 54.9532 33.8347 60
      vertex 51.0374 27.2075 3
    endloop
  endfacet
  facet normal -0.360613 -0.923308 0.132137
    outer loop
      vertex 54.9532 33.8347 60
      vertex 52.0978 26.7925 3
      vertex 55.0062 33.814 60
    endloop
  endfacet
  facet normal -0.813197 -0.566789 0.13214
    outer loop
      vertex 71.4318 20.3339 60
      vertex 70.6426 21.4662 60
      vertex 65.1126 16.1115 3
    endloop
  endfacet
  facet normal -0.790888 -0.597521 0.132159
    outer loop
      vertex 63.7742 17.9537 3
      vertex 70.61 21.5129 60
      vertex 70.5757 21.5583 60
    endloop
  endfacet
  facet normal -0.790313 -0.598284 0.132138
    outer loop
      vertex 70.61 21.5129 60
      vertex 63.7742 17.9537 3
      vertex 64.4615 17.0458 3
    endloop
  endfacet
  facet normal -0.94821 -0.288866 0.132114
    outer loop
      vertex 68.5806 8.96149 3
      vertex 76.2259 9.93472 60
      vertex 76.2093 9.98921 60
    endloop
  endfacet
  facet normal -0.94854 -0.287769 0.132139
    outer loop
      vertex 76.2259 9.93472 60
      vertex 68.5806 8.96149 3
      vertex 68.9112 7.87177 3
    endloop
  endfacet
  facet normal -0.714679 -0.686857 0.132143
    outer loop
      vertex 61.5061 20.5061 3
      vertex 67.8762 24.8441 60
      vertex 67.8367 24.8852 60
    endloop
  endfacet
  facet normal -0.714524 -0.687019 0.132138
    outer loop
      vertex 67.8762 24.8441 60
      vertex 61.5061 20.5061 3
      vertex 62.2954 19.6852 3
    endloop
  endfacet
  facet normal -0.397199 -0.90817 0.132139
    outer loop
      vertex 53.1411 26.3362 3
      vertex 56.2708 33.2609 60
      vertex 52.0978 26.7925 3
    endloop
  endfacet
  facet normal -0.398857 -0.907443 0.132142
    outer loop
      vertex 56.2708 33.2609 60
      vertex 53.1411 26.3362 3
      vertex 56.3229 33.238 60
    endloop
  endfacet
  facet normal -0.936526 -0.324743 0.13214
    outer loop
      vertex 75.8087 11.31 60
      vertex 75.3565 12.6141 60
      vertex 68.5806 8.96149 3
    endloop
  endfacet
  facet normal -0.598283 -0.790314 0.132138
    outer loop
      vertex 63.6588 28.7426 60
      vertex 62.5583 29.5757 60
      vertex 58.9537 22.7742 3
    endloop
  endfacet
  facet normal -0.740915 -0.658471 0.132139
    outer loop
      vertex 68.8309 23.7698 60
      vertex 67.914 24.8015 60
      vertex 63.0518 18.834 3
    endloop
  endfacet
  facet normal -0.812783 -0.567382 0.132139
    outer loop
      vertex 64.4615 17.0458 3
      vertex 70.6426 21.4662 60
      vertex 70.61 21.5129 60
    endloop
  endfacet
  facet normal -0.813237 -0.566733 0.132138
    outer loop
      vertex 70.6426 21.4662 60
      vertex 64.4615 17.0458 3
      vertex 65.1126 16.1115 3
    endloop
  endfacet
  facet normal -0.534378 -0.834853 0.132137
    outer loop
      vertex 61.2859 30.4625 60
      vertex 60.1234 31.2066 60
      vertex 56.1525 24.7266 3
    endloop
  endfacet
  facet normal -0.0194987 -0.991039 0.132139
    outer loop
      vertex 42.1385 28.9776 3
      vertex 42.38 36.5729 60
      vertex 41 29 3
    endloop
  endfacet
  facet normal -0.0191591 -0.991046 0.132139
    outer loop
      vertex 42.38 36.5729 60
      vertex 42.1385 28.9776 3
      vertex 42.4369 36.5718 60
    endloop
  endfacet
  facet normal -0.923039 -0.361302 0.132138
    outer loop
      vertex 75.3378 12.6679 60
      vertex 74.8347 13.9532 60
      vertex 68.2076 10.0374 3
    endloop
  endfacet
  facet normal -0.714525 -0.687018 0.132138
    outer loop
      vertex 67.8367 24.8852 60
      vertex 66.8801 25.8801 60
      vertex 61.5061 20.5061 3
    endloop
  endfacet
  facet normal -0.923308 -0.360613 0.132137
    outer loop
      vertex 67.7925 11.0978 3
      vertex 74.8347 13.9532 60
      vertex 74.814 14.0062 60
    endloop
  endfacet
  facet normal -0.923029 -0.361325 0.132138
    outer loop
      vertex 74.8347 13.9532 60
      vertex 67.7925 11.0978 3
      vertex 68.2076 10.0374 3
    endloop
  endfacet
  facet normal -0.566789 -0.813197 0.13214
    outer loop
      vertex 62.4662 29.6426 60
      vertex 61.3339 30.4318 60
      vertex 57.1115 24.1126 3
    endloop
  endfacet
  facet normal -0.566733 -0.813237 0.132138
    outer loop
      vertex 58.0458 23.4615 3
      vertex 62.4662 29.6426 60
      vertex 57.1115 24.1126 3
    endloop
  endfacet
  facet normal -0.567382 -0.812783 0.132139
    outer loop
      vertex 62.4662 29.6426 60
      vertex 58.0458 23.4615 3
      vertex 62.5129 29.61 60
    endloop
  endfacet
  facet normal 0 0 1
    outer loop
      vertex 69.9776 1.13853 3
      vertex 69.9776 -1.13853 3
      vertex 70 0 3
    endloop
  endfacet
  facet normal 0 0 1
    outer loop
      vertex 69.9106 2.27531 3
      vertex 69.9776 -1.13853 3
      vertex 69.9776 1.13853 3
    endloop
  endfacet
  facet normal 0 0 1
    outer loop
      vertex 69.9106 2.27531 3
      vertex 69.9106 -2.27531 3
      vertex 69.9776 -1.13853 3
    endloop
  endfacet
  facet normal 0 0 1
    outer loop
      vertex 69.799 3.40858 3
      vertex 69.9106 -2.27531 3
      vertex 69.9106 2.27531 3
    endloop
  endfacet
  facet normal 0 0 1
    outer loop
      vertex 69.799 3.40858 3
      vertex 69.799 -3.40858 3
      vertex 69.9106 -2.27531 3
    endloop
  endfacet
  facet normal 0 0 1
    outer loop
      vertex 69.643 4.5366 3
      vertex 69.799 -3.40858 3
      vertex 69.799 3.40858 3
    endloop
  endfacet
  facet normal 0 0 1
    outer loop
      vertex 69.643 4.5366 3
      vertex 69.643 -4.5366 3
      vertex 69.799 -3.40858 3
    endloop
  endfacet
  facet normal 0 0 1
    outer loop
      vertex 69.4428 5.65762 3
      vertex 69.643 -4.5366 3
      vertex 69.643 4.5366 3
    endloop
  endfacet
  facet normal 0 0 1
    outer loop
      vertex 69.4428 5.65762 3
      vertex 69.4428 -5.65762 3
      vertex 69.643 -4.5366 3
    endloop
  endfacet
  facet normal 0 0 1
    outer loop
      vertex 69.1987 6.76991 3
      vertex 69.4428 -5.65762 3
      vertex 69.4428 5.65762 3
    endloop
  endfacet
  facet normal 0 0 1
    outer loop
      vertex 69.1987 6.76991 3
      vertex 69.1987 -6.76991 3
      vertex 69.4428 -5.65762 3
    endloop
  endfacet
  facet normal 0 0 1
    outer loop
      vertex 68.9112 7.87177 3
      vertex 69.1987 -6.76991 3
      vertex 69.1987 6.76991 3
    endloop
  endfacet
  facet normal 0 0 1
    outer loop
      vertex 68.9112 7.87177 3
      vertex 68.9112 -7.87177 3
      vertex 69.1987 -6.76991 3
    endloop
  endfacet
  facet normal 0 0 1
    outer loop
      vertex 68.5806 8.96149 3
      vertex 68.9112 -7.87177 3
      vertex 68.9112 7.87177 3
    endloop
  endfacet
  facet normal 0 0 1
    outer loop
      vertex 68.5806 8.96149 3
      vertex 68.5806 -8.96149 3
      vertex 68.9112 -7.87177 3
    endloop
  endfacet
  facet normal 0 0 1
    outer loop
      vertex 68.2076 10.0374 3
      vertex 68.5806 -8.96149 3
      vertex 68.5806 8.96149 3
    endloop
  endfacet
  facet normal 0 0 1
    outer loop
      vertex 68.2076 10.0374 3
      vertex 68.2076 -10.0374 3
      vertex 68.5806 -8.96149 3
    endloop
  endfacet
  facet normal 0 0 1
    outer loop
      vertex 67.7925 11.0978 3
      vertex 68.2076 -10.0374 3
      vertex 68.2076 10.0374 3
    endloop
  endfacet
  facet normal 0 0 1
    outer loop
      vertex 67.7925 11.0978 3
      vertex 67.7925 -11.0978 3
      vertex 68.2076 -10.0374 3
    endloop
  endfacet
  facet normal 0 0 1
    outer loop
      vertex 67.3362 12.1411 3
      vertex 67.7925 -11.0978 3
      vertex 67.7925 11.0978 3
    endloop
  endfacet
  facet normal 0 0 1
    outer loop
      vertex 67.3362 12.1411 3
      vertex 67.3362 -12.1411 3
      vertex 67.7925 -11.0978 3
    endloop
  endfacet
  facet normal 0 0 1
    outer loop
      vertex 66.8392 13.1657 3
      vertex 67.3362 -12.1411 3
      vertex 67.3362 12.1411 3
    endloop
  endfacet
  facet normal 0 0 1
    outer loop
      vertex 66.8392 13.1657 3
      vertex 66.8392 -13.1657 3
      vertex 67.3362 -12.1411 3
    endloop
  endfacet
  facet normal 0 0 1
    outer loop
      vertex 66.3024 14.17 3
      vertex 66.8392 -13.1657 3
      vertex 66.8392 13.1657 3
    endloop
  endfacet
  facet normal 0 0 1
    outer loop
      vertex 66.3024 14.17 3
      vertex 66.3024 -14.17 3
      vertex 66.8392 -13.1657 3
    endloop
  endfacet
  facet normal 0 0 1
    outer loop
      vertex 65.7266 15.1525 3
      vertex 66.3024 -14.17 3
      vertex 66.3024 14.17 3
    endloop
  endfacet
  facet normal 0 0 1
    outer loop
      vertex 65.7266 15.1525 3
      vertex 65.7266 -15.1525 3
      vertex 66.3024 -14.17 3
    endloop
  endfacet
  facet normal 0 0 1
    outer loop
      vertex 65.1126 16.1115 3
      vertex 65.7266 -15.1525 3
      vertex 65.7266 15.1525 3
    endloop
  endfacet
  facet normal 0 0 1
    outer loop
      vertex 65.1126 16.1115 3
      vertex 65.1126 -16.1115 3
      vertex 65.7266 -15.1525 3
    endloop
  endfacet
  facet normal 0 0 1
    outer loop
      vertex 64.4615 17.0458 3
      vertex 65.1126 -16.1115 3
      vertex 65.1126 16.1115 3
    endloop
  endfacet
  facet normal 0 0 1
    outer loop
      vertex 64.4615 17.0458 3
      vertex 64.4615 -17.0458 3
      vertex 65.1126 -16.1115 3
    endloop
  endfacet
  facet normal 0 0 1
    outer loop
      vertex 63.7742 17.9537 3
      vertex 64.4615 -17.0458 3
      vertex 64.4615 17.0458 3
    endloop
  endfacet
  facet normal 0 0 1
    outer loop
      vertex 63.7742 17.9537 3
      vertex 63.7742 -17.9537 3
      vertex 64.4615 -17.0458 3
    endloop
  endfacet
  facet normal 0 0 1
    outer loop
      vertex 63.0518 18.834 3
      vertex 63.7742 -17.9537 3
      vertex 63.7742 17.9537 3
    endloop
  endfacet
  facet normal 0 0 1
    outer loop
      vertex 63.0518 18.834 3
      vertex 63.0518 -18.834 3
      vertex 63.7742 -17.9537 3
    endloop
  endfacet
  facet normal 0 0 1
    outer loop
      vertex 62.2954 19.6852 3
      vertex 63.0518 -18.834 3
      vertex 63.0518 18.834 3
    endloop
  endfacet
  facet normal 0 0 1
    outer loop
      vertex 62.2954 19.6852 3
      vertex 62.2954 -19.6852 3
      vertex 63.0518 -18.834 3
    endloop
  endfacet
  facet normal 0 0 1
    outer loop
      vertex 61.5061 20.5061 3
      vertex 62.2954 -19.6852 3
      vertex 62.2954 19.6852 3
    endloop
  endfacet
  facet normal 0 0 1
    outer loop
      vertex 61.5061 20.5061 3
      vertex 61.5061 -20.5061 3
      vertex 62.2954 -19.6852 3
    endloop
  endfacet
  facet normal 0 0 1
    outer loop
      vertex 60.6852 21.2954 3
      vertex 61.5061 -20.5061 3
      vertex 61.5061 20.5061 3
    endloop
  endfacet
  facet normal 0 0 1
    outer loop
      vertex 60.6852 21.2954 3
      vertex 60.6852 -21.2954 3
      vertex 61.5061 -20.5061 3
    endloop
  endfacet
  facet normal 0 0 1
    outer loop
      vertex 59.834 22.0518 3
      vertex 60.6852 -21.2954 3
      vertex 60.6852 21.2954 3
    endloop
  endfacet
  facet normal 0 0 1
    outer loop
      vertex 59.834 22.0518 3
      vertex 59.834 -22.0518 3
      vertex 60.6852 -21.2954 3
    endloop
  endfacet
  facet normal 0 0 1
    outer loop
      vertex 58.9537 22.7742 3
      vertex 59.834 -22.0518 3
      vertex 59.834 22.0518 3
    endloop
  endfacet
  facet normal 0 0 1
    outer loop
      vertex 58.9537 22.7742 3
      vertex 58.9537 -22.7742 3
      vertex 59.834 -22.0518 3
    endloop
  endfacet
  facet normal 0 0 1
    outer loop
      vertex 58.0458 23.4615 3
      vertex 58.9537 -22.7742 3
      vertex 58.9537 22.7742 3
    endloop
  endfacet
  facet normal 0 0 1
    outer loop
      vertex 58.0458 23.4615 3
      vertex 58.0458 -23.4615 3
      vertex 58.9537 -22.7742 3
    endloop
  endfacet
  facet normal 0 0 1
    outer loop
      vertex 57.1115 24.1126 3
      vertex 58.0458 -23.4615 3
      vertex 58.0458 23.4615 3
    endloop
  endfacet
  facet normal 0 0 1
    outer loop
      vertex 57.1115 24.1126 3
      vertex 57.1115 -24.1126 3
      vertex 58.0458 -23.4615 3
    endloop
  endfacet
  facet normal 0 0 1
    outer loop
      vertex 56.1525 24.7266 3
      vertex 57.1115 -24.1126 3
      vertex 57.1115 24.1126 3
    endloop
  endfacet
  facet normal 0 0 1
    outer loop
      vertex 56.1525 24.7266 3
      vertex 56.1525 -24.7266 3
      vertex 57.1115 -24.1126 3
    endloop
  endfacet
  facet normal 0 0 1
    outer loop
      vertex 55.17 25.3024 3
      vertex 56.1525 -24.7266 3
      vertex 56.1525 24.7266 3
    endloop
  endfacet
  facet normal 0 0 1
    outer loop
      vertex 55.17 25.3024 3
      vertex 55.17 -25.3024 3
      vertex 56.1525 -24.7266 3
    endloop
  endfacet
  facet normal 0 0 1
    outer loop
      vertex 54.1657 25.8392 3
      vertex 55.17 -25.3024 3
      vertex 55.17 25.3024 3
    endloop
  endfacet
  facet normal 0 0 1
    outer loop
      vertex 54.1657 25.8392 3
      vertex 54.1657 -25.8392 3
      vertex 55.17 -25.3024 3
    endloop
  endfacet
  facet normal 0 0 1
    outer loop
      vertex 53.1411 26.3362 3
      vertex 54.1657 -25.8392 3
      vertex 54.1657 25.8392 3
    endloop
  endfacet
  facet normal 0 0 1
    outer loop
      vertex 53.1411 26.3362 3
      vertex 53.1411 -26.3362 3
      vertex 54.1657 -25.8392 3
    endloop
  endfacet
  facet normal 0 0 1
    outer loop
      vertex 52.0978 26.7925 3
      vertex 53.1411 -26.3362 3
      vertex 53.1411 26.3362 3
    endloop
  endfacet
  facet normal 0 0 1
    outer loop
      vertex 52.0978 26.7925 3
      vertex 52.0978 -26.7925 3
      vertex 53.1411 -26.3362 3
    endloop
  endfacet
  facet normal 0 0 1
    outer loop
      vertex 51.0374 27.2075 3
      vertex 52.0978 -26.7925 3
      vertex 52.0978 26.7925 3
    endloop
  endfacet
  facet normal 0 0 1
    outer loop
      vertex 51.0374 27.2075 3
      vertex 51.0374 -27.2075 3
      vertex 52.0978 -26.7925 3
    endloop
  endfacet
  facet normal 0 0 1
    outer loop
      vertex 49.9615 27.5806 3
      vertex 51.0374 -27.2075 3
      vertex 51.0374 27.2075 3
    endloop
  endfacet
  facet normal 0 0 1
    outer loop
      vertex 49.9615 27.5806 3
      vertex 49.9615 -27.5806 3
      vertex 51.0374 -27.2075 3
    endloop
  endfacet
  facet normal 0 0 1
    outer loop
      vertex 48.8718 27.9112 3
      vertex 49.9615 -27.5806 3
      vertex 49.9615 27.5806 3
    endloop
  endfacet
  facet normal 0 0 1
    outer loop
      vertex 48.8718 27.9112 3
      vertex 48.8718 -27.9112 3
      vertex 49.9615 -27.5806 3
    endloop
  endfacet
  facet normal 0 0 1
    outer loop
      vertex 47.7699 28.1987 3
      vertex 48.8718 -27.9112 3
      vertex 48.8718 27.9112 3
    endloop
  endfacet
  facet normal 0 0 1
    outer loop
      vertex 47.7699 28.1987 3
      vertex 47.7699 -28.1987 3
      vertex 48.8718 -27.9112 3
    endloop
  endfacet
  facet normal 0 0 1
    outer loop
      vertex 46.6576 28.4428 3
      vertex 47.7699 -28.1987 3
      vertex 47.7699 28.1987 3
    endloop
  endfacet
  facet normal 0 0 1
    outer loop
      vertex 46.6576 28.4428 3
      vertex 46.6576 -28.4428 3
      vertex 47.7699 -28.1987 3
    endloop
  endfacet
  facet normal 0 0 1
    outer loop
      vertex 45.5366 28.643 3
      vertex 46.6576 -28.4428 3
      vertex 46.6576 28.4428 3
    endloop
  endfacet
  facet normal 0 0 1
    outer loop
      vertex 45.5366 28.643 3
      vertex 45.5366 -28.643 3
      vertex 46.6576 -28.4428 3
    endloop
  endfacet
  facet normal 0 0 1
    outer loop
      vertex 44.4086 28.799 3
      vertex 45.5366 -28.643 3
      vertex 45.5366 28.643 3
    endloop
  endfacet
  facet normal 0 0 1
    outer loop
      vertex 44.4086 28.799 3
      vertex 44.4086 -28.799 3
      vertex 45.5366 -28.643 3
    endloop
  endfacet
  facet normal 0 0 1
    outer loop
      vertex 43.2753 28.9106 3
      vertex 44.4086 -28.799 3
      vertex 44.4086 28.799 3
    endloop
  endfacet
  facet normal 0 0 1
    outer loop
      vertex 43.2753 28.9106 3
      vertex 43.2753 -28.9106 3
      vertex 44.4086 -28.799 3
    endloop
  endfacet
  facet normal 0 0 1
    outer loop
      vertex 42.1385 28.9776 3
      vertex 43.2753 -28.9106 3
      vertex 43.2753 28.9106 3
    endloop
  endfacet
  facet normal 0 0 1
    outer loop
      vertex 42.1385 28.9776 3
      vertex 42.1385 -28.9776 3
      vertex 43.2753 -28.9106 3
    endloop
  endfacet
  facet normal 0 0 1
    outer loop
      vertex 41 29 3
      vertex 42.1385 -28.9776 3
      vertex 42.1385 28.9776 3
    endloop
  endfacet
  facet normal 0 0 1
    outer loop
      vertex 41 29 3
      vertex 41 -29 3
      vertex 42.1385 -28.9776 3
    endloop
  endfacet
  facet normal -0 0 1
    outer loop
      vertex 39.8615 28.9776 3
      vertex 41 -29 3
      vertex 41 29 3
    endloop
  endfacet
  facet normal 0 0 1
    outer loop
      vertex 39.8615 28.9776 3
      vertex 39.8615 -28.9776 3
      vertex 41 -29 3
    endloop
  endfacet
  facet normal -0 0 1
    outer loop
      vertex 38.7247 28.9106 3
      vertex 39.8615 -28.9776 3
      vertex 39.8615 28.9776 3
    endloop
  endfacet
  facet normal 0 0 1
    outer loop
      vertex 38.7247 28.9106 3
      vertex 38.7247 -28.9106 3
      vertex 39.8615 -28.9776 3
    endloop
  endfacet
  facet normal -0 0 1
    outer loop
      vertex 37.5914 28.799 3
      vertex 38.7247 -28.9106 3
      vertex 38.7247 28.9106 3
    endloop
  endfacet
  facet normal 0 0 1
    outer loop
      vertex 37.5914 28.799 3
      vertex 37.5914 -28.799 3
      vertex 38.7247 -28.9106 3
    endloop
  endfacet
  facet normal -0 0 1
    outer loop
      vertex 36.4634 28.643 3
      vertex 37.5914 -28.799 3
      vertex 37.5914 28.799 3
    endloop
  endfacet
  facet normal 0 0 1
    outer loop
      vertex 36.4634 28.643 3
      vertex 36.4634 -28.643 3
      vertex 37.5914 -28.799 3
    endloop
  endfacet
  facet normal -0 0 1
    outer loop
      vertex 35.3424 28.4428 3
      vertex 36.4634 -28.643 3
      vertex 36.4634 28.643 3
    endloop
  endfacet
  facet normal 0 0 1
    outer loop
      vertex 35.3424 28.4428 3
      vertex 35.3424 -28.4428 3
      vertex 36.4634 -28.643 3
    endloop
  endfacet
  facet normal -0 0 1
    outer loop
      vertex 34.2301 28.1987 3
      vertex 35.3424 -28.4428 3
      vertex 35.3424 28.4428 3
    endloop
  endfacet
  facet normal 0 0 1
    outer loop
      vertex 34.2301 28.1987 3
      vertex 34.2301 -28.1987 3
      vertex 35.3424 -28.4428 3
    endloop
  endfacet
  facet normal -0 0 1
    outer loop
      vertex 33.1282 27.9112 3
      vertex 34.2301 -28.1987 3
      vertex 34.2301 28.1987 3
    endloop
  endfacet
  facet normal 0 0 1
    outer loop
      vertex 33.1282 27.9112 3
      vertex 33.1282 -27.9112 3
      vertex 34.2301 -28.1987 3
    endloop
  endfacet
  facet normal -0 0 1
    outer loop
      vertex 32.0385 27.5806 3
      vertex 33.1282 -27.9112 3
      vertex 33.1282 27.9112 3
    endloop
  endfacet
  facet normal 0 0 1
    outer loop
      vertex 32.0385 27.5806 3
      vertex 32.0385 -27.5806 3
      vertex 33.1282 -27.9112 3
    endloop
  endfacet
  facet normal -0 0 1
    outer loop
      vertex 30.9626 27.2075 3
      vertex 32.0385 -27.5806 3
      vertex 32.0385 27.5806 3
    endloop
  endfacet
  facet normal 0 0 1
    outer loop
      vertex 30.9626 27.2075 3
      vertex 30.9626 -27.2075 3
      vertex 32.0385 -27.5806 3
    endloop
  endfacet
  facet normal -0 0 1
    outer loop
      vertex 29.9022 26.7925 3
      vertex 30.9626 -27.2075 3
      vertex 30.9626 27.2075 3
    endloop
  endfacet
  facet normal 0 0 1
    outer loop
      vertex 29.9022 26.7925 3
      vertex 29.9022 -26.7925 3
      vertex 30.9626 -27.2075 3
    endloop
  endfacet
  facet normal -0 0 1
    outer loop
      vertex 28.8589 26.3362 3
      vertex 29.9022 -26.7925 3
      vertex 29.9022 26.7925 3
    endloop
  endfacet
  facet normal 0 0 1
    outer loop
      vertex 28.8589 26.3362 3
      vertex 28.8589 -26.3362 3
      vertex 29.9022 -26.7925 3
    endloop
  endfacet
  facet normal -0 0 1
    outer loop
      vertex 27.8343 25.8392 3
      vertex 28.8589 -26.3362 3
      vertex 28.8589 26.3362 3
    endloop
  endfacet
  facet normal 0 0 1
    outer loop
      vertex 27.8343 25.8392 3
      vertex 27.8343 -25.8392 3
      vertex 28.8589 -26.3362 3
    endloop
  endfacet
  facet normal -0 0 1
    outer loop
      vertex 26.83 25.3024 3
      vertex 27.8343 -25.8392 3
      vertex 27.8343 25.8392 3
    endloop
  endfacet
  facet normal 0 0 1
    outer loop
      vertex 26.83 25.3024 3
      vertex 26.83 -25.3024 3
      vertex 27.8343 -25.8392 3
    endloop
  endfacet
  facet normal -0 0 1
    outer loop
      vertex 25.8475 24.7266 3
      vertex 26.83 -25.3024 3
      vertex 26.83 25.3024 3
    endloop
  endfacet
  facet normal 0 0 1
    outer loop
      vertex 25.8475 24.7266 3
      vertex 25.8475 -24.7266 3
      vertex 26.83 -25.3024 3
    endloop
  endfacet
  facet normal -0 0 1
    outer loop
      vertex 24.8885 24.1126 3
      vertex 25.8475 -24.7266 3
      vertex 25.8475 24.7266 3
    endloop
  endfacet
  facet normal 0 0 1
    outer loop
      vertex 24.8885 24.1126 3
      vertex 24.8885 -24.1126 3
      vertex 25.8475 -24.7266 3
    endloop
  endfacet
  facet normal -0 0 1
    outer loop
      vertex 23.9542 23.4615 3
      vertex 24.8885 -24.1126 3
      vertex 24.8885 24.1126 3
    endloop
  endfacet
  facet normal 0 0 1
    outer loop
      vertex 23.9542 23.4615 3
      vertex 23.9542 -23.4615 3
      vertex 24.8885 -24.1126 3
    endloop
  endfacet
  facet normal -0 0 1
    outer loop
      vertex 23.0463 22.7742 3
      vertex 23.9542 -23.4615 3
      vertex 23.9542 23.4615 3
    endloop
  endfacet
  facet normal 0 0 1
    outer loop
      vertex 23.0463 22.7742 3
      vertex 23.0463 -22.7742 3
      vertex 23.9542 -23.4615 3
    endloop
  endfacet
  facet normal -0 0 1
    outer loop
      vertex 22.166 22.0518 3
      vertex 23.0463 -22.7742 3
      vertex 23.0463 22.7742 3
    endloop
  endfacet
  facet normal 0 0 1
    outer loop
      vertex 22.166 22.0518 3
      vertex 22.166 -22.0518 3
      vertex 23.0463 -22.7742 3
    endloop
  endfacet
  facet normal -0 0 1
    outer loop
      vertex 21.3148 21.2954 3
      vertex 22.166 -22.0518 3
      vertex 22.166 22.0518 3
    endloop
  endfacet
  facet normal 0 0 1
    outer loop
      vertex 21.3148 21.2954 3
      vertex 21.3148 -21.2954 3
      vertex 22.166 -22.0518 3
    endloop
  endfacet
  facet normal -0 0 1
    outer loop
      vertex 20.4939 20.5061 3
      vertex 21.3148 -21.2954 3
      vertex 21.3148 21.2954 3
    endloop
  endfacet
  facet normal 0 0 1
    outer loop
      vertex 20.4939 20.5061 3
      vertex 20.4939 -20.5061 3
      vertex 21.3148 -21.2954 3
    endloop
  endfacet
  facet normal -0 0 1
    outer loop
      vertex 19.7046 19.6852 3
      vertex 20.4939 -20.5061 3
      vertex 20.4939 20.5061 3
    endloop
  endfacet
  facet normal 0 0 1
    outer loop
      vertex 19.7046 19.6852 3
      vertex 19.7046 -19.6852 3
      vertex 20.4939 -20.5061 3
    endloop
  endfacet
  facet normal -0 0 1
    outer loop
      vertex 18.9482 18.834 3
      vertex 19.7046 -19.6852 3
      vertex 19.7046 19.6852 3
    endloop
  endfacet
  facet normal 0 0 1
    outer loop
      vertex 18.9482 18.834 3
      vertex 18.9482 -18.834 3
      vertex 19.7046 -19.6852 3
    endloop
  endfacet
  facet normal -0 0 1
    outer loop
      vertex 18.2258 17.9537 3
      vertex 18.9482 -18.834 3
      vertex 18.9482 18.834 3
    endloop
  endfacet
  facet normal 0 0 1
    outer loop
      vertex 18.2258 17.9537 3
      vertex 18.2258 -17.9537 3
      vertex 18.9482 -18.834 3
    endloop
  endfacet
  facet normal -0 0 1
    outer loop
      vertex 17.5385 17.0458 3
      vertex 18.2258 -17.9537 3
      vertex 18.2258 17.9537 3
    endloop
  endfacet
  facet normal 0 0 1
    outer loop
      vertex 17.5385 17.0458 3
      vertex 17.5385 -17.0458 3
      vertex 18.2258 -17.9537 3
    endloop
  endfacet
  facet normal -0 0 1
    outer loop
      vertex 16.8874 16.1115 3
      vertex 17.5385 -17.0458 3
      vertex 17.5385 17.0458 3
    endloop
  endfacet
  facet normal 0 0 1
    outer loop
      vertex 16.8874 16.1115 3
      vertex 16.8874 -16.1115 3
      vertex 17.5385 -17.0458 3
    endloop
  endfacet
  facet normal -0 0 1
    outer loop
      vertex 16.2734 15.1525 3
      vertex 16.8874 -16.1115 3
      vertex 16.8874 16.1115 3
    endloop
  endfacet
  facet normal 0 0 1
    outer loop
      vertex 16.2734 15.1525 3
      vertex 16.2734 -15.1525 3
      vertex 16.8874 -16.1115 3
    endloop
  endfacet
  facet normal -0 0 1
    outer loop
      vertex 15.6976 14.17 3
      vertex 16.2734 -15.1525 3
      vertex 16.2734 15.1525 3
    endloop
  endfacet
  facet normal 0 0 1
    outer loop
      vertex 15.6976 14.17 3
      vertex 15.6976 -14.17 3
      vertex 16.2734 -15.1525 3
    endloop
  endfacet
  facet normal -0 0 1
    outer loop
      vertex 15.1608 13.1657 3
      vertex 15.6976 -14.17 3
      vertex 15.6976 14.17 3
    endloop
  endfacet
  facet normal 0 0 1
    outer loop
      vertex 15.1608 13.1657 3
      vertex 15.1608 -13.1657 3
      vertex 15.6976 -14.17 3
    endloop
  endfacet
  facet normal -0 0 1
    outer loop
      vertex 14.6638 12.1411 3
      vertex 15.1608 -13.1657 3
      vertex 15.1608 13.1657 3
    endloop
  endfacet
  facet normal 0 0 1
    outer loop
      vertex 14.6638 12.1411 3
      vertex 14.6638 -12.1411 3
      vertex 15.1608 -13.1657 3
    endloop
  endfacet
  facet normal -0 0 1
    outer loop
      vertex 14.2075 11.0978 3
      vertex 14.6638 -12.1411 3
      vertex 14.6638 12.1411 3
    endloop
  endfacet
  facet normal 0 0 1
    outer loop
      vertex 14.2075 11.0978 3
      vertex 14.2075 -11.0978 3
      vertex 14.6638 -12.1411 3
    endloop
  endfacet
  facet normal -0 0 1
    outer loop
      vertex 13.7925 10.0374 3
      vertex 14.2075 -11.0978 3
      vertex 14.2075 11.0978 3
    endloop
  endfacet
  facet normal 0 0 1
    outer loop
      vertex 13.7925 10.0374 3
      vertex 13.7925 -10.0374 3
      vertex 14.2075 -11.0978 3
    endloop
  endfacet
  facet normal -0 0 1
    outer loop
      vertex 13.4194 8.96149 3
      vertex 13.7925 -10.0374 3
      vertex 13.7925 10.0374 3
    endloop
  endfacet
  facet normal 0 0 1
    outer loop
      vertex 13.4194 8.96149 3
      vertex 13.4194 -8.96149 3
      vertex 13.7925 -10.0374 3
    endloop
  endfacet
  facet normal -0 0 1
    outer loop
      vertex 13.0888 7.87177 3
      vertex 13.4194 -8.96149 3
      vertex 13.4194 8.96149 3
    endloop
  endfacet
  facet normal 0 0 1
    outer loop
      vertex 13.0888 7.87177 3
      vertex 13.0888 -7.87177 3
      vertex 13.4194 -8.96149 3
    endloop
  endfacet
  facet normal -0 0 1
    outer loop
      vertex 12.8013 6.76991 3
      vertex 13.0888 -7.87177 3
      vertex 13.0888 7.87177 3
    endloop
  endfacet
  facet normal 0 0 1
    outer loop
      vertex 12.8013 6.76991 3
      vertex 12.8013 -6.76991 3
      vertex 13.0888 -7.87177 3
    endloop
  endfacet
  facet normal -0 0 1
    outer loop
      vertex 12.5572 5.65762 3
      vertex 12.8013 -6.76991 3
      vertex 12.8013 6.76991 3
    endloop
  endfacet
  facet normal 0 0 1
    outer loop
      vertex 12.5572 5.65762 3
      vertex 12.5572 -5.65762 3
      vertex 12.8013 -6.76991 3
    endloop
  endfacet
  facet normal -0 0 1
    outer loop
      vertex 12.357 4.5366 3
      vertex 12.5572 -5.65762 3
      vertex 12.5572 5.65762 3
    endloop
  endfacet
  facet normal 0 0 1
    outer loop
      vertex 12.357 4.5366 3
      vertex 12.357 -4.5366 3
      vertex 12.5572 -5.65762 3
    endloop
  endfacet
  facet normal -0 0 1
    outer loop
      vertex 12.201 3.40858 3
      vertex 12.357 -4.5366 3
      vertex 12.357 4.5366 3
    endloop
  endfacet
  facet normal 0 0 1
    outer loop
      vertex 12.201 3.40858 3
      vertex 12.201 -3.40858 3
      vertex 12.357 -4.5366 3
    endloop
  endfacet
  facet normal -0 0 1
    outer loop
      vertex 12.0894 2.27531 3
      vertex 12.201 -3.40858 3
      vertex 12.201 3.40858 3
    endloop
  endfacet
  facet normal 0 0 1
    outer loop
      vertex 12.0894 2.27531 3
      vertex 12.0894 -2.27531 3
      vertex 12.201 -3.40858 3
    endloop
  endfacet
  facet normal -0 0 1
    outer loop
      vertex 12.0224 1.13853 3
      vertex 12.0894 -2.27531 3
      vertex 12.0894 2.27531 3
    endloop
  endfacet
  facet normal 0 0 1
    outer loop
      vertex 12.0224 1.13853 3
      vertex 12.0224 -1.13853 3
      vertex 12.0894 -2.27531 3
    endloop
  endfacet
  facet normal 0 -0 1
    outer loop
      vertex 12.0224 -1.13853 3
      vertex 12.0224 1.13853 3
      vertex 12 0 3
    endloop
  endfacet
  facet normal -0.287774 -0.948539 0.132139
    outer loop
      vertex 49.9615 27.5806 3
      vertex 50.9347 35.2259 60
      vertex 48.8718 27.9112 3
    endloop
  endfacet
  facet normal -0.288817 -0.948225 0.132115
    outer loop
      vertex 50.9347 35.2259 60
      vertex 49.9615 27.5806 3
      vertex 50.9892 35.2093 60
    endloop
  endfacet
  facet normal -0.250247 -0.959122 0.132138
    outer loop
      vertex 48.8718 27.9112 3
      vertex 50.8796 35.2402 60
      vertex 47.7699 28.1987 3
    endloop
  endfacet
  facet normal -0.249003 -0.959446 0.132136
    outer loop
      vertex 50.8796 35.2402 60
      vertex 48.8718 27.9112 3
      vertex 50.9347 35.2259 60
    endloop
  endfacet
  facet normal -0.87416 -0.467315 0.132138
    outer loop
      vertex 73.584 16.6663 60
      vertex 72.9333 17.8835 60
      vertex 66.3024 14.17 3
    endloop
  endfacet
  facet normal -0.874422 -0.466823 0.132149
    outer loop
      vertex 66.3024 14.17 3
      vertex 73.6108 16.6161 60
      vertex 73.584 16.6663 60
    endloop
  endfacet
  facet normal -0.874191 -0.467257 0.132139
    outer loop
      vertex 73.6108 16.6161 60
      vertex 66.3024 14.17 3
      vertex 66.8392 13.1657 3
    endloop
  endfacet
  facet normal -0.766255 -0.628803 0.132139
    outer loop
      vertex 69.7426 22.6588 60
      vertex 68.867 23.7258 60
      vertex 63.7742 17.9537 3
    endloop
  endfacet
  facet normal -0.862755 -0.505621 0
    outer loop
      vertex -86.6422 -40.36 56
      vertex -86.9599 -39.8179 60
      vertex -86.9599 -39.8179 56
    endloop
  endfacet
  facet normal -0.862755 -0.505621 0
    outer loop
      vertex -86.9599 -39.8179 60
      vertex -86.6422 -40.36 56
      vertex -86.6422 -40.36 60
    endloop
  endfacet
  facet normal -0.998264 -0.05889 0
    outer loop
      vertex -88.9507 -33.2553 56
      vertex -88.9877 -32.6281 60
      vertex -88.9877 -32.6281 56
    endloop
  endfacet
  facet normal -0.998264 -0.05889 0
    outer loop
      vertex -88.9877 -32.6281 60
      vertex -88.9507 -33.2553 56
      vertex -88.9507 -33.2553 60
    endloop
  endfacet
  facet normal -0.175719 -0.98444 0
    outer loop
      vertex -76.1214 -47.6926 56
      vertex -75.5029 -47.803 60
      vertex -76.1214 -47.6926 60
    endloop
  endfacet
  facet normal -0.175719 -0.98444 -0
    outer loop
      vertex -75.5029 -47.803 60
      vertex -76.1214 -47.6926 56
      vertex -75.5029 -47.803 56
    endloop
  endfacet
  facet normal -0.999808 -0.0195791 0
    outer loop
      vertex -88.9877 -32.6281 56
      vertex -89 -32 60
      vertex -89 -32 56
    endloop
  endfacet
  facet normal -0.999808 -0.0195791 0
    outer loop
      vertex -89 -32 60
      vertex -88.9877 -32.6281 56
      vertex -88.9877 -32.6281 60
    endloop
  endfacet
  facet normal -0.400785 0.916172 0
    outer loop
      vertex -79.1229 46.7821 56
      vertex -79.6985 46.5303 60
      vertex -79.1229 46.7821 60
    endloop
  endfacet
  facet normal -0.400785 0.916172 0
    outer loop
      vertex -79.6985 46.5303 60
      vertex -79.1229 46.7821 56
      vertex -79.6985 46.5303 56
    endloop
  endfacet
  facet normal -0.505621 0.862755 0
    outer loop
      vertex -80.8179 45.9599 56
      vertex -81.36 45.6422 60
      vertex -80.8179 45.9599 60
    endloop
  endfacet
  facet normal -0.505621 0.862755 0
    outer loop
      vertex -81.36 45.6422 60
      vertex -80.8179 45.9599 56
      vertex -81.36 45.6422 56
    endloop
  endfacet
  facet normal -0.956941 0.290281 0
    outer loop
      vertex -88.3993 36.343 56
      vertex -88.2169 36.9443 60
      vertex -88.2169 36.9443 56
    endloop
  endfacet
  facet normal -0.956941 0.290281 0
    outer loop
      vertex -88.2169 36.9443 60
      vertex -88.3993 36.343 56
      vertex -88.3993 36.343 60
    endloop
  endfacet
  facet normal 0.05889 -0.998264 0
    outer loop
      vertex 73.6281 -47.9877 56
      vertex 74.2553 -47.9507 60
      vertex 73.6281 -47.9877 60
    endloop
  endfacet
  facet normal 0.05889 -0.998264 0
    outer loop
      vertex 74.2553 -47.9507 60
      vertex 73.6281 -47.9877 56
      vertex 74.2553 -47.9507 56
    endloop
  endfacet
  facet normal -0.0980381 0.995183 0
    outer loop
      vertex -74.2553 47.9507 56
      vertex -74.8806 47.8891 60
      vertex -74.2553 47.9507 60
    endloop
  endfacet
  facet normal -0.0980381 0.995183 0
    outer loop
      vertex -74.8806 47.8891 60
      vertex -74.2553 47.9507 56
      vertex -74.8806 47.8891 56
    endloop
  endfacet
  facet normal 0.998264 0.05889 0
    outer loop
      vertex 88.9877 32.6281 60
      vertex 88.9507 33.2553 56
      vertex 88.9507 33.2553 60
    endloop
  endfacet
  facet normal 0.998264 0.05889 0
    outer loop
      vertex 88.9507 33.2553 56
      vertex 88.9877 32.6281 60
      vertex 88.9877 32.6281 56
    endloop
  endfacet
  facet normal -0.571699 0.820464 0
    outer loop
      vertex -81.8891 45.3035 56
      vertex -82.4046 44.9443 60
      vertex -81.8891 45.3035 60
    endloop
  endfacet
  facet normal -0.571699 0.820464 0
    outer loop
      vertex -82.4046 44.9443 60
      vertex -81.8891 45.3035 56
      vertex -82.4046 44.9443 56
    endloop
  endfacet
  facet normal 0 1 -0
    outer loop
      vertex 73 48 56
      vertex -73 48 60
      vertex 73 48 60
    endloop
  endfacet
  facet normal 0 1 0
    outer loop
      vertex -73 48 60
      vertex 73 48 56
      vertex -73 48 56
    endloop
  endfacet
  facet normal 0.93125 -0.364381 0
    outer loop
      vertex 87.7821 -38.1229 60
      vertex 88.011 -37.5379 56
      vertex 88.011 -37.5379 60
    endloop
  endfacet
  facet normal 0.93125 -0.364381 0
    outer loop
      vertex 88.011 -37.5379 56
      vertex 87.7821 -38.1229 60
      vertex 87.7821 -38.1229 56
    endloop
  endfacet
  facet normal 0.98444 -0.175719 0
    outer loop
      vertex 88.6926 -35.1214 60
      vertex 88.803 -34.5029 56
      vertex 88.803 -34.5029 60
    endloop
  endfacet
  facet normal 0.98444 -0.175719 0
    outer loop
      vertex 88.803 -34.5029 56
      vertex 88.6926 -35.1214 60
      vertex 88.6926 -35.1214 56
    endloop
  endfacet
  facet normal 0.999808 0.0195791 0
    outer loop
      vertex 89 32 60
      vertex 88.9877 32.6281 56
      vertex 88.9877 32.6281 60
    endloop
  endfacet
  facet normal 0.999808 0.0195791 0
    outer loop
      vertex 88.9877 32.6281 56
      vertex 89 32 60
      vertex 89 32 56
    endloop
  endfacet
  facet normal -0.214385 -0.976749 0
    outer loop
      vertex -76.7351 -47.5579 56
      vertex -76.1214 -47.6926 60
      vertex -76.7351 -47.5579 60
    endloop
  endfacet
  facet normal -0.214385 -0.976749 -0
    outer loop
      vertex -76.1214 -47.6926 60
      vertex -76.7351 -47.5579 56
      vertex -76.1214 -47.6926 56
    endloop
  endfacet
  facet normal 0.364381 0.93125 -0
    outer loop
      vertex 79.1229 46.7821 56
      vertex 78.5379 47.011 60
      vertex 79.1229 46.7821 60
    endloop
  endfacet
  facet normal 0.364381 0.93125 0
    outer loop
      vertex 78.5379 47.011 60
      vertex 79.1229 46.7821 56
      vertex 78.5379 47.011 56
    endloop
  endfacet
  facet normal 0.995183 -0.0980381 0
    outer loop
      vertex 88.8891 -33.8806 60
      vertex 88.9507 -33.2553 56
      vertex 88.9507 -33.2553 60
    endloop
  endfacet
  facet normal 0.995183 -0.0980381 0
    outer loop
      vertex 88.9507 -33.2553 56
      vertex 88.8891 -33.8806 60
      vertex 88.8891 -33.8806 56
    endloop
  endfacet
  facet normal -0.603585 -0.797299 0
    outer loop
      vertex -82.9055 -44.5651 56
      vertex -82.4046 -44.9443 60
      vertex -82.9055 -44.5651 60
    endloop
  endfacet
  facet normal -0.603585 -0.797299 -0
    outer loop
      vertex -82.4046 -44.9443 60
      vertex -82.9055 -44.5651 56
      vertex -82.4046 -44.9443 56
    endloop
  endfacet
  facet normal -1 0 0
    outer loop
      vertex -89 -32 56
      vertex -89 32 60
      vertex -89 32 56
    endloop
  endfacet
  facet normal -1 -0 0
    outer loop
      vertex -89 32 60
      vertex -89 -32 56
      vertex -89 -32 60
    endloop
  endfacet
  facet normal 0.747427 0.664344 0
    outer loop
      vertex 85.1665 42.3912 60
      vertex 84.7491 42.8608 56
      vertex 84.7491 42.8608 60
    endloop
  endfacet
  facet normal 0.747427 0.664344 0
    outer loop
      vertex 84.7491 42.8608 56
      vertex 85.1665 42.3912 60
      vertex 85.1665 42.3912 56
    endloop
  endfacet
  facet normal 0.967611 0.252448 0
    outer loop
      vertex 88.5579 35.7351 60
      vertex 88.3993 36.343 56
      vertex 88.3993 36.343 60
    endloop
  endfacet
  facet normal 0.967611 0.252448 0
    outer loop
      vertex 88.3993 36.343 56
      vertex 88.5579 35.7351 60
      vertex 88.5579 35.7351 56
    endloop
  endfacet
  facet normal -0.820464 0.571699 0
    outer loop
      vertex -86.3035 40.8891 56
      vertex -85.9443 41.4046 60
      vertex -85.9443 41.4046 56
    endloop
  endfacet
  facet normal -0.820464 0.571699 0
    outer loop
      vertex -85.9443 41.4046 60
      vertex -86.3035 40.8891 56
      vertex -86.3035 40.8891 60
    endloop
  endfacet
  facet normal 0.967611 -0.252448 0
    outer loop
      vertex 88.3993 -36.343 60
      vertex 88.5579 -35.7351 56
      vertex 88.5579 -35.7351 60
    endloop
  endfacet
  facet normal 0.967611 -0.252448 0
    outer loop
      vertex 88.5579 -35.7351 56
      vertex 88.3993 -36.343 60
      vertex 88.3993 -36.343 56
    endloop
  endfacet
  facet normal 0.998264 -0.05889 0
    outer loop
      vertex 88.9507 -33.2553 60
      vertex 88.9877 -32.6281 56
      vertex 88.9877 -32.6281 60
    endloop
  endfacet
  facet normal 0.998264 -0.05889 0
    outer loop
      vertex 88.9877 -32.6281 56
      vertex 88.9507 -33.2553 60
      vertex 88.9507 -33.2553 56
    endloop
  endfacet
  facet normal -0.995183 0.0980381 0
    outer loop
      vertex -88.9507 33.2553 56
      vertex -88.8891 33.8806 60
      vertex -88.8891 33.8806 56
    endloop
  endfacet
  facet normal -0.995183 0.0980381 0
    outer loop
      vertex -88.8891 33.8806 60
      vertex -88.9507 33.2553 56
      vertex -88.9507 33.2553 60
    endloop
  endfacet
  facet normal 1 -0 0
    outer loop
      vertex 89 -32 60
      vertex 89 32 56
      vertex 89 32 60
    endloop
  endfacet
  facet normal 1 0 0
    outer loop
      vertex 89 32 56
      vertex 89 -32 60
      vertex 89 -32 56
    endloop
  endfacet
  facet normal -0.990564 0.137052 0
    outer loop
      vertex -88.8891 33.8806 56
      vertex -88.803 34.5029 60
      vertex -88.803 34.5029 56
    endloop
  endfacet
  facet normal -0.990564 0.137052 0
    outer loop
      vertex -88.803 34.5029 60
      vertex -88.8891 33.8806 56
      vertex -88.8891 33.8806 60
    endloop
  endfacet
  facet normal -0.98444 0.175719 0
    outer loop
      vertex -88.803 34.5029 56
      vertex -88.6926 35.1214 60
      vertex -88.6926 35.1214 56
    endloop
  endfacet
  facet normal -0.98444 0.175719 0
    outer loop
      vertex -88.6926 35.1214 60
      vertex -88.803 34.5029 56
      vertex -88.803 34.5029 60
    endloop
  endfacet
  facet normal 0.53914 0.842216 -0
    outer loop
      vertex 81.8891 45.3035 56
      vertex 81.36 45.6422 60
      vertex 81.8891 45.3035 60
    endloop
  endfacet
  facet normal 0.53914 0.842216 0
    outer loop
      vertex 81.36 45.6422 60
      vertex 81.8891 45.3035 56
      vertex 81.36 45.6422 56
    endloop
  endfacet
  facet normal -0.0195791 -0.999808 0
    outer loop
      vertex -73.6281 -47.9877 56
      vertex -73 -48 60
      vertex -73.6281 -47.9877 60
    endloop
  endfacet
  facet normal -0.0195791 -0.999808 -0
    outer loop
      vertex -73 -48 60
      vertex -73.6281 -47.9877 56
      vertex -73 -48 56
    endloop
  endfacet
  facet normal 0.290281 0.956941 -0
    outer loop
      vertex 77.9443 47.2169 56
      vertex 77.343 47.3993 60
      vertex 77.9443 47.2169 60
    endloop
  endfacet
  facet normal 0.290281 0.956941 0
    outer loop
      vertex 77.343 47.3993 60
      vertex 77.9443 47.2169 56
      vertex 77.343 47.3993 56
    endloop
  endfacet
  facet normal 0.976749 -0.214385 0
    outer loop
      vertex 88.5579 -35.7351 60
      vertex 88.6926 -35.1214 56
      vertex 88.6926 -35.1214 60
    endloop
  endfacet
  facet normal 0.976749 -0.214385 0
    outer loop
      vertex 88.6926 -35.1214 56
      vertex 88.5579 -35.7351 60
      vertex 88.5579 -35.7351 56
    endloop
  endfacet
  facet normal 0.820464 0.571699 0
    outer loop
      vertex 86.3035 40.8891 60
      vertex 85.9443 41.4046 56
      vertex 85.9443 41.4046 60
    endloop
  endfacet
  facet normal 0.820464 0.571699 0
    outer loop
      vertex 85.9443 41.4046 56
      vertex 86.3035 40.8891 60
      vertex 86.3035 40.8891 56
    endloop
  endfacet
  facet normal 0 -1 0
    outer loop
      vertex -73 -48 56
      vertex 73 -48 60
      vertex -73 -48 60
    endloop
  endfacet
  facet normal 0 -1 -0
    outer loop
      vertex 73 -48 60
      vertex -73 -48 56
      vertex 73 -48 56
    endloop
  endfacet
  facet normal -0.364381 0.93125 0
    outer loop
      vertex -78.5379 47.011 56
      vertex -79.1229 46.7821 60
      vertex -78.5379 47.011 60
    endloop
  endfacet
  facet normal -0.364381 0.93125 0
    outer loop
      vertex -79.1229 46.7821 60
      vertex -78.5379 47.011 56
      vertex -79.1229 46.7821 56
    endloop
  endfacet
  facet normal 0.603585 0.797299 -0
    outer loop
      vertex 82.9055 44.5651 56
      vertex 82.4046 44.9443 60
      vertex 82.9055 44.5651 60
    endloop
  endfacet
  facet normal 0.603585 0.797299 0
    outer loop
      vertex 82.4046 44.9443 60
      vertex 82.9055 44.5651 56
      vertex 82.4046 44.9443 56
    endloop
  endfacet
  facet normal -0.327712 0.944778 0
    outer loop
      vertex -77.9443 47.2169 56
      vertex -78.5379 47.011 60
      vertex -77.9443 47.2169 60
    endloop
  endfacet
  facet normal -0.327712 0.944778 0
    outer loop
      vertex -78.5379 47.011 60
      vertex -77.9443 47.2169 56
      vertex -78.5379 47.011 56
    endloop
  endfacet
  facet normal -0.290281 -0.956941 0
    outer loop
      vertex -77.9443 -47.2169 56
      vertex -77.343 -47.3993 60
      vertex -77.9443 -47.2169 60
    endloop
  endfacet
  facet normal -0.290281 -0.956941 -0
    outer loop
      vertex -77.343 -47.3993 60
      vertex -77.9443 -47.2169 56
      vertex -77.343 -47.3993 56
    endloop
  endfacet
  facet normal 0.862755 -0.505621 0
    outer loop
      vertex 86.6422 -40.36 60
      vertex 86.9599 -39.8179 56
      vertex 86.9599 -39.8179 60
    endloop
  endfacet
  facet normal 0.862755 -0.505621 0
    outer loop
      vertex 86.9599 -39.8179 56
      vertex 86.6422 -40.36 60
      vertex 86.6422 -40.36 56
    endloop
  endfacet
  facet normal -0.05889 0.998264 0
    outer loop
      vertex -73.6281 47.9877 56
      vertex -74.2553 47.9507 60
      vertex -73.6281 47.9877 60
    endloop
  endfacet
  facet normal -0.05889 0.998264 0
    outer loop
      vertex -74.2553 47.9507 60
      vertex -73.6281 47.9877 56
      vertex -74.2553 47.9507 56
    endloop
  endfacet
  facet normal -0.290281 0.956941 0
    outer loop
      vertex -77.343 47.3993 56
      vertex -77.9443 47.2169 60
      vertex -77.343 47.3993 60
    endloop
  endfacet
  facet normal -0.290281 0.956941 0
    outer loop
      vertex -77.9443 47.2169 60
      vertex -77.343 47.3993 56
      vertex -77.9443 47.2169 56
    endloop
  endfacet
  facet normal 0.137052 -0.990564 0
    outer loop
      vertex 74.8806 -47.8891 56
      vertex 75.5029 -47.803 60
      vertex 74.8806 -47.8891 60
    endloop
  endfacet
  facet normal 0.137052 -0.990564 0
    outer loop
      vertex 75.5029 -47.803 60
      vertex 74.8806 -47.8891 56
      vertex 75.5029 -47.803 56
    endloop
  endfacet
  facet normal -0.93125 0.364381 0
    outer loop
      vertex -88.011 37.5379 56
      vertex -87.7821 38.1229 60
      vertex -87.7821 38.1229 56
    endloop
  endfacet
  facet normal -0.93125 0.364381 0
    outer loop
      vertex -87.7821 38.1229 60
      vertex -88.011 37.5379 56
      vertex -88.011 37.5379 60
    endloop
  endfacet
  facet normal -0.842216 0.53914 0
    outer loop
      vertex -86.6422 40.36 56
      vertex -86.3035 40.8891 60
      vertex -86.3035 40.8891 56
    endloop
  endfacet
  facet normal -0.842216 0.53914 0
    outer loop
      vertex -86.3035 40.8891 60
      vertex -86.6422 40.36 56
      vertex -86.6422 40.36 60
    endloop
  endfacet
  facet normal 0.664344 0.747427 -0
    outer loop
      vertex 83.8608 43.7491 56
      vertex 83.3912 44.1665 60
      vertex 83.8608 43.7491 60
    endloop
  endfacet
  facet normal 0.664344 0.747427 0
    outer loop
      vertex 83.3912 44.1665 60
      vertex 83.8608 43.7491 56
      vertex 83.3912 44.1665 56
    endloop
  endfacet
  facet normal -0.998264 0.05889 0
    outer loop
      vertex -88.9877 32.6281 56
      vertex -88.9507 33.2553 60
      vertex -88.9507 33.2553 56
    endloop
  endfacet
  facet normal -0.998264 0.05889 0
    outer loop
      vertex -88.9507 33.2553 60
      vertex -88.9877 32.6281 56
      vertex -88.9877 32.6281 60
    endloop
  endfacet
  facet normal -0.999808 0.0195791 0
    outer loop
      vertex -89 32 56
      vertex -88.9877 32.6281 60
      vertex -88.9877 32.6281 56
    endloop
  endfacet
  facet normal -0.999808 0.0195791 0
    outer loop
      vertex -88.9877 32.6281 60
      vertex -89 32 56
      vertex -89 32 60
    endloop
  endfacet
  facet normal 0.797299 0.603585 0
    outer loop
      vertex 85.9443 41.4046 60
      vertex 85.5651 41.9055 56
      vertex 85.5651 41.9055 60
    endloop
  endfacet
  facet normal 0.797299 0.603585 0
    outer loop
      vertex 85.5651 41.9055 56
      vertex 85.9443 41.4046 60
      vertex 85.9443 41.4046 56
    endloop
  endfacet
  facet normal -0.976749 -0.214385 0
    outer loop
      vertex -88.5579 -35.7351 56
      vertex -88.6926 -35.1214 60
      vertex -88.6926 -35.1214 56
    endloop
  endfacet
  facet normal -0.976749 -0.214385 0
    outer loop
      vertex -88.6926 -35.1214 60
      vertex -88.5579 -35.7351 56
      vertex -88.5579 -35.7351 60
    endloop
  endfacet
  facet normal -0.995183 -0.0980381 0
    outer loop
      vertex -88.8891 -33.8806 56
      vertex -88.9507 -33.2553 60
      vertex -88.9507 -33.2553 56
    endloop
  endfacet
  facet normal -0.995183 -0.0980381 0
    outer loop
      vertex -88.9507 -33.2553 60
      vertex -88.8891 -33.8806 56
      vertex -88.8891 -33.8806 60
    endloop
  endfacet
  facet normal -0.137052 -0.990564 0
    outer loop
      vertex -75.5029 -47.803 56
      vertex -74.8806 -47.8891 60
      vertex -75.5029 -47.803 60
    endloop
  endfacet
  facet normal -0.137052 -0.990564 -0
    outer loop
      vertex -74.8806 -47.8891 60
      vertex -75.5029 -47.803 56
      vertex -74.8806 -47.8891 56
    endloop
  endfacet
  facet normal -0.252448 -0.967611 0
    outer loop
      vertex -77.343 -47.3993 56
      vertex -76.7351 -47.5579 60
      vertex -77.343 -47.3993 60
    endloop
  endfacet
  facet normal -0.252448 -0.967611 -0
    outer loop
      vertex -76.7351 -47.5579 60
      vertex -77.343 -47.3993 56
      vertex -76.7351 -47.5579 56
    endloop
  endfacet
  facet normal -0.747427 0.664344 0
    outer loop
      vertex -85.1665 42.3912 56
      vertex -84.7491 42.8608 60
      vertex -84.7491 42.8608 56
    endloop
  endfacet
  facet normal -0.747427 0.664344 0
    outer loop
      vertex -84.7491 42.8608 60
      vertex -85.1665 42.3912 56
      vertex -85.1665 42.3912 60
    endloop
  endfacet
  facet normal -0.881903 -0.471431 0
    outer loop
      vertex -86.9599 -39.8179 56
      vertex -87.2561 -39.2638 60
      vertex -87.2561 -39.2638 56
    endloop
  endfacet
  facet normal -0.881903 -0.471431 0
    outer loop
      vertex -87.2561 -39.2638 60
      vertex -86.9599 -39.8179 56
      vertex -86.9599 -39.8179 60
    endloop
  endfacet
  facet normal 0.214385 -0.976749 0
    outer loop
      vertex 76.1214 -47.6926 56
      vertex 76.7351 -47.5579 60
      vertex 76.1214 -47.6926 60
    endloop
  endfacet
  facet normal 0.214385 -0.976749 0
    outer loop
      vertex 76.7351 -47.5579 60
      vertex 76.1214 -47.6926 56
      vertex 76.7351 -47.5579 56
    endloop
  endfacet
  facet normal -0.175719 0.98444 0
    outer loop
      vertex -75.5029 47.803 56
      vertex -76.1214 47.6926 60
      vertex -75.5029 47.803 60
    endloop
  endfacet
  facet normal -0.175719 0.98444 0
    outer loop
      vertex -76.1214 47.6926 60
      vertex -75.5029 47.803 56
      vertex -76.1214 47.6926 56
    endloop
  endfacet
  facet normal -0.252448 0.967611 0
    outer loop
      vertex -76.7351 47.5579 56
      vertex -77.343 47.3993 60
      vertex -76.7351 47.5579 60
    endloop
  endfacet
  facet normal -0.252448 0.967611 0
    outer loop
      vertex -77.343 47.3993 60
      vertex -76.7351 47.5579 56
      vertex -77.343 47.3993 56
    endloop
  endfacet
  facet normal 0.505621 -0.862755 0
    outer loop
      vertex 80.8179 -45.9599 56
      vertex 81.36 -45.6422 60
      vertex 80.8179 -45.9599 60
    endloop
  endfacet
  facet normal 0.505621 -0.862755 0
    outer loop
      vertex 81.36 -45.6422 60
      vertex 80.8179 -45.9599 56
      vertex 81.36 -45.6422 56
    endloop
  endfacet
  facet normal 0.05889 0.998264 -0
    outer loop
      vertex 74.2553 47.9507 56
      vertex 73.6281 47.9877 60
      vertex 74.2553 47.9507 60
    endloop
  endfacet
  facet normal 0.05889 0.998264 0
    outer loop
      vertex 73.6281 47.9877 60
      vertex 74.2553 47.9507 56
      vertex 73.6281 47.9877 56
    endloop
  endfacet
  facet normal 0.0195791 0.999808 -0
    outer loop
      vertex 73.6281 47.9877 56
      vertex 73 48 60
      vertex 73.6281 47.9877 60
    endloop
  endfacet
  facet normal 0.0195791 0.999808 0
    outer loop
      vertex 73 48 60
      vertex 73.6281 47.9877 56
      vertex 73 48 56
    endloop
  endfacet
  facet normal -0.63439 -0.773013 0
    outer loop
      vertex -83.3912 -44.1665 56
      vertex -82.9055 -44.5651 60
      vertex -83.3912 -44.1665 60
    endloop
  endfacet
  facet normal -0.63439 -0.773013 -0
    outer loop
      vertex -82.9055 -44.5651 60
      vertex -83.3912 -44.1665 56
      vertex -82.9055 -44.5651 56
    endloop
  endfacet
  facet normal 0.999808 -0.0195791 0
    outer loop
      vertex 88.9877 -32.6281 60
      vertex 89 -32 56
      vertex 89 -32 60
    endloop
  endfacet
  facet normal 0.999808 -0.0195791 0
    outer loop
      vertex 89 -32 56
      vertex 88.9877 -32.6281 60
      vertex 88.9877 -32.6281 56
    endloop
  endfacet
  facet normal -0.137052 0.990564 0
    outer loop
      vertex -74.8806 47.8891 56
      vertex -75.5029 47.803 60
      vertex -74.8806 47.8891 60
    endloop
  endfacet
  facet normal -0.137052 0.990564 0
    outer loop
      vertex -75.5029 47.803 60
      vertex -74.8806 47.8891 56
      vertex -75.5029 47.803 56
    endloop
  endfacet
  facet normal 0.63439 0.773013 -0
    outer loop
      vertex 83.3912 44.1665 56
      vertex 82.9055 44.5651 60
      vertex 83.3912 44.1665 60
    endloop
  endfacet
  facet normal 0.63439 0.773013 0
    outer loop
      vertex 82.9055 44.5651 60
      vertex 83.3912 44.1665 56
      vertex 82.9055 44.5651 56
    endloop
  endfacet
  facet normal 0.252448 0.967611 -0
    outer loop
      vertex 77.343 47.3993 56
      vertex 76.7351 47.5579 60
      vertex 77.343 47.3993 60
    endloop
  endfacet
  facet normal 0.252448 0.967611 0
    outer loop
      vertex 76.7351 47.5579 60
      vertex 77.343 47.3993 56
      vertex 76.7351 47.5579 56
    endloop
  endfacet
  facet normal -0.53914 -0.842216 0
    outer loop
      vertex -81.8891 -45.3035 56
      vertex -81.36 -45.6422 60
      vertex -81.8891 -45.3035 60
    endloop
  endfacet
  facet normal -0.53914 -0.842216 -0
    outer loop
      vertex -81.36 -45.6422 60
      vertex -81.8891 -45.3035 56
      vertex -81.36 -45.6422 56
    endloop
  endfacet
  facet normal -0.0195791 0.999808 0
    outer loop
      vertex -73 48 56
      vertex -73.6281 47.9877 60
      vertex -73 48 60
    endloop
  endfacet
  facet normal -0.0195791 0.999808 0
    outer loop
      vertex -73.6281 47.9877 60
      vertex -73 48 56
      vertex -73.6281 47.9877 56
    endloop
  endfacet
  facet normal -0.693042 -0.720897 0
    outer loop
      vertex -84.3137 -43.3137 56
      vertex -83.8608 -43.7491 60
      vertex -84.3137 -43.3137 60
    endloop
  endfacet
  facet normal -0.693042 -0.720897 -0
    outer loop
      vertex -83.8608 -43.7491 60
      vertex -84.3137 -43.3137 56
      vertex -83.8608 -43.7491 56
    endloop
  endfacet
  facet normal -0.0980381 -0.995183 0
    outer loop
      vertex -74.8806 -47.8891 56
      vertex -74.2553 -47.9507 60
      vertex -74.8806 -47.8891 60
    endloop
  endfacet
  facet normal -0.0980381 -0.995183 -0
    outer loop
      vertex -74.2553 -47.9507 60
      vertex -74.8806 -47.8891 56
      vertex -74.2553 -47.9507 56
    endloop
  endfacet
  facet normal 0.53914 -0.842216 0
    outer loop
      vertex 81.36 -45.6422 56
      vertex 81.8891 -45.3035 60
      vertex 81.36 -45.6422 60
    endloop
  endfacet
  facet normal 0.53914 -0.842216 0
    outer loop
      vertex 81.8891 -45.3035 60
      vertex 81.36 -45.6422 56
      vertex 81.8891 -45.3035 56
    endloop
  endfacet
  facet normal 0.797299 -0.603585 0
    outer loop
      vertex 85.5651 -41.9055 60
      vertex 85.9443 -41.4046 56
      vertex 85.9443 -41.4046 60
    endloop
  endfacet
  facet normal 0.797299 -0.603585 0
    outer loop
      vertex 85.9443 -41.4046 56
      vertex 85.5651 -41.9055 60
      vertex 85.5651 -41.9055 56
    endloop
  endfacet
  facet normal -0.05889 -0.998264 0
    outer loop
      vertex -74.2553 -47.9507 56
      vertex -73.6281 -47.9877 60
      vertex -74.2553 -47.9507 60
    endloop
  endfacet
  facet normal -0.05889 -0.998264 -0
    outer loop
      vertex -73.6281 -47.9877 60
      vertex -74.2553 -47.9507 56
      vertex -73.6281 -47.9877 56
    endloop
  endfacet
  facet normal -0.944778 0.327712 0
    outer loop
      vertex -88.2169 36.9443 56
      vertex -88.011 37.5379 60
      vertex -88.011 37.5379 56
    endloop
  endfacet
  facet normal -0.944778 0.327712 0
    outer loop
      vertex -88.011 37.5379 60
      vertex -88.2169 36.9443 56
      vertex -88.2169 36.9443 60
    endloop
  endfacet
  facet normal 0.252448 -0.967611 0
    outer loop
      vertex 76.7351 -47.5579 56
      vertex 77.343 -47.3993 60
      vertex 76.7351 -47.5579 60
    endloop
  endfacet
  facet normal 0.252448 -0.967611 0
    outer loop
      vertex 77.343 -47.3993 60
      vertex 76.7351 -47.5579 56
      vertex 77.343 -47.3993 56
    endloop
  endfacet
  facet normal 0.471431 -0.881903 0
    outer loop
      vertex 80.2638 -46.2561 56
      vertex 80.8179 -45.9599 60
      vertex 80.2638 -46.2561 60
    endloop
  endfacet
  facet normal 0.471431 -0.881903 0
    outer loop
      vertex 80.8179 -45.9599 60
      vertex 80.2638 -46.2561 56
      vertex 80.8179 -45.9599 56
    endloop
  endfacet
  facet normal -0.881903 0.471431 0
    outer loop
      vertex -87.2561 39.2638 56
      vertex -86.9599 39.8179 60
      vertex -86.9599 39.8179 56
    endloop
  endfacet
  facet normal -0.881903 0.471431 0
    outer loop
      vertex -86.9599 39.8179 60
      vertex -87.2561 39.2638 56
      vertex -87.2561 39.2638 60
    endloop
  endfacet
  facet normal 0.664344 -0.747427 0
    outer loop
      vertex 83.3912 -44.1665 56
      vertex 83.8608 -43.7491 60
      vertex 83.3912 -44.1665 60
    endloop
  endfacet
  facet normal 0.664344 -0.747427 0
    outer loop
      vertex 83.8608 -43.7491 60
      vertex 83.3912 -44.1665 56
      vertex 83.8608 -43.7491 56
    endloop
  endfacet
  facet normal -0.820464 -0.571699 0
    outer loop
      vertex -85.9443 -41.4046 56
      vertex -86.3035 -40.8891 60
      vertex -86.3035 -40.8891 56
    endloop
  endfacet
  facet normal -0.820464 -0.571699 0
    outer loop
      vertex -86.3035 -40.8891 60
      vertex -85.9443 -41.4046 56
      vertex -85.9443 -41.4046 60
    endloop
  endfacet
  facet normal 0.747427 -0.664344 0
    outer loop
      vertex 84.7491 -42.8608 60
      vertex 85.1665 -42.3912 56
      vertex 85.1665 -42.3912 60
    endloop
  endfacet
  facet normal 0.747427 -0.664344 0
    outer loop
      vertex 85.1665 -42.3912 56
      vertex 84.7491 -42.8608 60
      vertex 84.7491 -42.8608 56
    endloop
  endfacet
  facet normal 0.899742 0.436422 0
    outer loop
      vertex 87.5303 38.6985 60
      vertex 87.2561 39.2638 56
      vertex 87.2561 39.2638 60
    endloop
  endfacet
  facet normal 0.899742 0.436422 0
    outer loop
      vertex 87.2561 39.2638 56
      vertex 87.5303 38.6985 60
      vertex 87.5303 38.6985 56
    endloop
  endfacet
  facet normal -0.720897 0.693042 0
    outer loop
      vertex -84.7491 42.8608 56
      vertex -84.3137 43.3137 60
      vertex -84.3137 43.3137 56
    endloop
  endfacet
  facet normal -0.720897 0.693042 0
    outer loop
      vertex -84.3137 43.3137 60
      vertex -84.7491 42.8608 56
      vertex -84.7491 42.8608 60
    endloop
  endfacet
  facet normal 0.290281 -0.956941 0
    outer loop
      vertex 77.343 -47.3993 56
      vertex 77.9443 -47.2169 60
      vertex 77.343 -47.3993 60
    endloop
  endfacet
  facet normal 0.290281 -0.956941 0
    outer loop
      vertex 77.9443 -47.2169 60
      vertex 77.343 -47.3993 56
      vertex 77.9443 -47.2169 56
    endloop
  endfacet
  facet normal -0.976749 0.214385 0
    outer loop
      vertex -88.6926 35.1214 56
      vertex -88.5579 35.7351 60
      vertex -88.5579 35.7351 56
    endloop
  endfacet
  facet normal -0.976749 0.214385 0
    outer loop
      vertex -88.5579 35.7351 60
      vertex -88.6926 35.1214 56
      vertex -88.6926 35.1214 60
    endloop
  endfacet
  facet normal 0.505621 0.862755 -0
    outer loop
      vertex 81.36 45.6422 56
      vertex 80.8179 45.9599 60
      vertex 81.36 45.6422 60
    endloop
  endfacet
  facet normal 0.505621 0.862755 0
    outer loop
      vertex 80.8179 45.9599 60
      vertex 81.36 45.6422 56
      vertex 80.8179 45.9599 56
    endloop
  endfacet
  facet normal 0.842216 0.53914 0
    outer loop
      vertex 86.6422 40.36 60
      vertex 86.3035 40.8891 56
      vertex 86.3035 40.8891 60
    endloop
  endfacet
  facet normal 0.842216 0.53914 0
    outer loop
      vertex 86.3035 40.8891 56
      vertex 86.6422 40.36 60
      vertex 86.6422 40.36 56
    endloop
  endfacet
  facet normal -0.400785 -0.916172 0
    outer loop
      vertex -79.6985 -46.5303 56
      vertex -79.1229 -46.7821 60
      vertex -79.6985 -46.5303 60
    endloop
  endfacet
  facet normal -0.400785 -0.916172 -0
    outer loop
      vertex -79.1229 -46.7821 60
      vertex -79.6985 -46.5303 56
      vertex -79.1229 -46.7821 56
    endloop
  endfacet
  facet normal -0.916172 0.400785 0
    outer loop
      vertex -87.7821 38.1229 56
      vertex -87.5303 38.6985 60
      vertex -87.5303 38.6985 56
    endloop
  endfacet
  facet normal -0.916172 0.400785 0
    outer loop
      vertex -87.5303 38.6985 60
      vertex -87.7821 38.1229 56
      vertex -87.7821 38.1229 60
    endloop
  endfacet
  facet normal 0.881903 -0.471431 0
    outer loop
      vertex 86.9599 -39.8179 60
      vertex 87.2561 -39.2638 56
      vertex 87.2561 -39.2638 60
    endloop
  endfacet
  facet normal 0.881903 -0.471431 0
    outer loop
      vertex 87.2561 -39.2638 56
      vertex 86.9599 -39.8179 60
      vertex 86.9599 -39.8179 56
    endloop
  endfacet
  facet normal 0.976749 0.214385 0
    outer loop
      vertex 88.6926 35.1214 60
      vertex 88.5579 35.7351 56
      vertex 88.5579 35.7351 60
    endloop
  endfacet
  facet normal 0.976749 0.214385 0
    outer loop
      vertex 88.5579 35.7351 56
      vertex 88.6926 35.1214 60
      vertex 88.6926 35.1214 56
    endloop
  endfacet
  facet normal 0.990564 0.137052 0
    outer loop
      vertex 88.8891 33.8806 60
      vertex 88.803 34.5029 56
      vertex 88.803 34.5029 60
    endloop
  endfacet
  facet normal 0.990564 0.137052 0
    outer loop
      vertex 88.803 34.5029 56
      vertex 88.8891 33.8806 60
      vertex 88.8891 33.8806 56
    endloop
  endfacet
  facet normal -0.967611 0.252448 0
    outer loop
      vertex -88.5579 35.7351 56
      vertex -88.3993 36.343 60
      vertex -88.3993 36.343 56
    endloop
  endfacet
  facet normal -0.967611 0.252448 0
    outer loop
      vertex -88.3993 36.343 60
      vertex -88.5579 35.7351 56
      vertex -88.5579 35.7351 60
    endloop
  endfacet
  facet normal 0.0195791 -0.999808 0
    outer loop
      vertex 73 -48 56
      vertex 73.6281 -47.9877 60
      vertex 73 -48 60
    endloop
  endfacet
  facet normal 0.0195791 -0.999808 0
    outer loop
      vertex 73.6281 -47.9877 60
      vertex 73 -48 56
      vertex 73.6281 -47.9877 56
    endloop
  endfacet
  facet normal -0.720897 -0.693042 0
    outer loop
      vertex -84.3137 -43.3137 56
      vertex -84.7491 -42.8608 60
      vertex -84.7491 -42.8608 56
    endloop
  endfacet
  facet normal -0.720897 -0.693042 0
    outer loop
      vertex -84.7491 -42.8608 60
      vertex -84.3137 -43.3137 56
      vertex -84.3137 -43.3137 60
    endloop
  endfacet
  facet normal -0.436422 0.899742 0
    outer loop
      vertex -79.6985 46.5303 56
      vertex -80.2638 46.2561 60
      vertex -79.6985 46.5303 60
    endloop
  endfacet
  facet normal -0.436422 0.899742 0
    outer loop
      vertex -80.2638 46.2561 60
      vertex -79.6985 46.5303 56
      vertex -80.2638 46.2561 56
    endloop
  endfacet
  facet normal 0.916172 -0.400785 0
    outer loop
      vertex 87.5303 -38.6985 60
      vertex 87.7821 -38.1229 56
      vertex 87.7821 -38.1229 60
    endloop
  endfacet
  facet normal 0.916172 -0.400785 0
    outer loop
      vertex 87.7821 -38.1229 56
      vertex 87.5303 -38.6985 60
      vertex 87.5303 -38.6985 56
    endloop
  endfacet
  facet normal 0.327712 -0.944778 0
    outer loop
      vertex 77.9443 -47.2169 56
      vertex 78.5379 -47.011 60
      vertex 77.9443 -47.2169 60
    endloop
  endfacet
  facet normal 0.327712 -0.944778 0
    outer loop
      vertex 78.5379 -47.011 60
      vertex 77.9443 -47.2169 56
      vertex 78.5379 -47.011 56
    endloop
  endfacet
  facet normal 0.773013 0.63439 0
    outer loop
      vertex 85.5651 41.9055 60
      vertex 85.1665 42.3912 56
      vertex 85.1665 42.3912 60
    endloop
  endfacet
  facet normal 0.773013 0.63439 0
    outer loop
      vertex 85.1665 42.3912 56
      vertex 85.5651 41.9055 60
      vertex 85.5651 41.9055 56
    endloop
  endfacet
  facet normal 0.842216 -0.53914 0
    outer loop
      vertex 86.3035 -40.8891 60
      vertex 86.6422 -40.36 56
      vertex 86.6422 -40.36 60
    endloop
  endfacet
  facet normal 0.842216 -0.53914 0
    outer loop
      vertex 86.6422 -40.36 56
      vertex 86.3035 -40.8891 60
      vertex 86.3035 -40.8891 56
    endloop
  endfacet
  facet normal -0.842216 -0.53914 0
    outer loop
      vertex -86.3035 -40.8891 56
      vertex -86.6422 -40.36 60
      vertex -86.6422 -40.36 56
    endloop
  endfacet
  facet normal -0.842216 -0.53914 0
    outer loop
      vertex -86.6422 -40.36 60
      vertex -86.3035 -40.8891 56
      vertex -86.3035 -40.8891 60
    endloop
  endfacet
  facet normal -0.664344 -0.747427 0
    outer loop
      vertex -83.8608 -43.7491 56
      vertex -83.3912 -44.1665 60
      vertex -83.8608 -43.7491 60
    endloop
  endfacet
  facet normal -0.664344 -0.747427 -0
    outer loop
      vertex -83.3912 -44.1665 60
      vertex -83.8608 -43.7491 56
      vertex -83.3912 -44.1665 56
    endloop
  endfacet
  facet normal 0.436422 0.899742 -0
    outer loop
      vertex 80.2638 46.2561 56
      vertex 79.6985 46.5303 60
      vertex 80.2638 46.2561 60
    endloop
  endfacet
  facet normal 0.436422 0.899742 0
    outer loop
      vertex 79.6985 46.5303 60
      vertex 80.2638 46.2561 56
      vertex 79.6985 46.5303 56
    endloop
  endfacet
  facet normal -0.797299 0.603585 0
    outer loop
      vertex -85.9443 41.4046 56
      vertex -85.5651 41.9055 60
      vertex -85.5651 41.9055 56
    endloop
  endfacet
  facet normal -0.797299 0.603585 0
    outer loop
      vertex -85.5651 41.9055 60
      vertex -85.9443 41.4046 56
      vertex -85.9443 41.4046 60
    endloop
  endfacet
  facet normal -0.773013 -0.63439 0
    outer loop
      vertex -85.1665 -42.3912 56
      vertex -85.5651 -41.9055 60
      vertex -85.5651 -41.9055 56
    endloop
  endfacet
  facet normal -0.773013 -0.63439 0
    outer loop
      vertex -85.5651 -41.9055 60
      vertex -85.1665 -42.3912 56
      vertex -85.1665 -42.3912 60
    endloop
  endfacet
  facet normal 0.137052 0.990564 -0
    outer loop
      vertex 75.5029 47.803 56
      vertex 74.8806 47.8891 60
      vertex 75.5029 47.803 60
    endloop
  endfacet
  facet normal 0.137052 0.990564 0
    outer loop
      vertex 74.8806 47.8891 60
      vertex 75.5029 47.803 56
      vertex 74.8806 47.8891 56
    endloop
  endfacet
  facet normal -0.214385 0.976749 0
    outer loop
      vertex -76.1214 47.6926 56
      vertex -76.7351 47.5579 60
      vertex -76.1214 47.6926 60
    endloop
  endfacet
  facet normal -0.214385 0.976749 0
    outer loop
      vertex -76.7351 47.5579 60
      vertex -76.1214 47.6926 56
      vertex -76.7351 47.5579 56
    endloop
  endfacet
  facet normal -0.327712 -0.944778 0
    outer loop
      vertex -78.5379 -47.011 56
      vertex -77.9443 -47.2169 60
      vertex -78.5379 -47.011 60
    endloop
  endfacet
  facet normal -0.327712 -0.944778 -0
    outer loop
      vertex -77.9443 -47.2169 60
      vertex -78.5379 -47.011 56
      vertex -77.9443 -47.2169 56
    endloop
  endfacet
  facet normal 0.400785 -0.916172 0
    outer loop
      vertex 79.1229 -46.7821 56
      vertex 79.6985 -46.5303 60
      vertex 79.1229 -46.7821 60
    endloop
  endfacet
  facet normal 0.400785 -0.916172 0
    outer loop
      vertex 79.6985 -46.5303 60
      vertex 79.1229 -46.7821 56
      vertex 79.6985 -46.5303 56
    endloop
  endfacet
  facet normal -0.505621 -0.862755 0
    outer loop
      vertex -81.36 -45.6422 56
      vertex -80.8179 -45.9599 60
      vertex -81.36 -45.6422 60
    endloop
  endfacet
  facet normal -0.505621 -0.862755 -0
    outer loop
      vertex -80.8179 -45.9599 60
      vertex -81.36 -45.6422 56
      vertex -80.8179 -45.9599 56
    endloop
  endfacet
  facet normal -0.899742 -0.436422 0
    outer loop
      vertex -87.2561 -39.2638 56
      vertex -87.5303 -38.6985 60
      vertex -87.5303 -38.6985 56
    endloop
  endfacet
  facet normal -0.899742 -0.436422 0
    outer loop
      vertex -87.5303 -38.6985 60
      vertex -87.2561 -39.2638 56
      vertex -87.2561 -39.2638 60
    endloop
  endfacet
  facet normal -0.93125 -0.364381 0
    outer loop
      vertex -87.7821 -38.1229 56
      vertex -88.011 -37.5379 60
      vertex -88.011 -37.5379 56
    endloop
  endfacet
  facet normal -0.93125 -0.364381 0
    outer loop
      vertex -88.011 -37.5379 60
      vertex -87.7821 -38.1229 56
      vertex -87.7821 -38.1229 60
    endloop
  endfacet
  facet normal 0.956941 -0.290281 0
    outer loop
      vertex 88.2169 -36.9443 60
      vertex 88.3993 -36.343 56
      vertex 88.3993 -36.343 60
    endloop
  endfacet
  facet normal 0.956941 -0.290281 0
    outer loop
      vertex 88.3993 -36.343 56
      vertex 88.2169 -36.9443 60
      vertex 88.2169 -36.9443 56
    endloop
  endfacet
  facet normal 0.0980381 0.995183 -0
    outer loop
      vertex 74.8806 47.8891 56
      vertex 74.2553 47.9507 60
      vertex 74.8806 47.8891 60
    endloop
  endfacet
  facet normal 0.0980381 0.995183 0
    outer loop
      vertex 74.2553 47.9507 60
      vertex 74.8806 47.8891 56
      vertex 74.2553 47.9507 56
    endloop
  endfacet
  facet normal 0.364381 -0.93125 0
    outer loop
      vertex 78.5379 -47.011 56
      vertex 79.1229 -46.7821 60
      vertex 78.5379 -47.011 60
    endloop
  endfacet
  facet normal 0.364381 -0.93125 0
    outer loop
      vertex 79.1229 -46.7821 60
      vertex 78.5379 -47.011 56
      vertex 79.1229 -46.7821 56
    endloop
  endfacet
  facet normal 0.773013 -0.63439 0
    outer loop
      vertex 85.1665 -42.3912 60
      vertex 85.5651 -41.9055 56
      vertex 85.5651 -41.9055 60
    endloop
  endfacet
  facet normal 0.773013 -0.63439 0
    outer loop
      vertex 85.5651 -41.9055 56
      vertex 85.1665 -42.3912 60
      vertex 85.1665 -42.3912 56
    endloop
  endfacet
  facet normal 0.98444 0.175719 0
    outer loop
      vertex 88.803 34.5029 60
      vertex 88.6926 35.1214 56
      vertex 88.6926 35.1214 60
    endloop
  endfacet
  facet normal 0.98444 0.175719 0
    outer loop
      vertex 88.6926 35.1214 56
      vertex 88.803 34.5029 60
      vertex 88.803 34.5029 56
    endloop
  endfacet
  facet normal 0.944778 -0.327712 0
    outer loop
      vertex 88.011 -37.5379 60
      vertex 88.2169 -36.9443 56
      vertex 88.2169 -36.9443 60
    endloop
  endfacet
  facet normal 0.944778 -0.327712 0
    outer loop
      vertex 88.2169 -36.9443 56
      vertex 88.011 -37.5379 60
      vertex 88.011 -37.5379 56
    endloop
  endfacet
  facet normal -0.944778 -0.327712 0
    outer loop
      vertex -88.011 -37.5379 56
      vertex -88.2169 -36.9443 60
      vertex -88.2169 -36.9443 56
    endloop
  endfacet
  facet normal -0.944778 -0.327712 0
    outer loop
      vertex -88.2169 -36.9443 60
      vertex -88.011 -37.5379 56
      vertex -88.011 -37.5379 60
    endloop
  endfacet
  facet normal 0.571699 -0.820464 0
    outer loop
      vertex 81.8891 -45.3035 56
      vertex 82.4046 -44.9443 60
      vertex 81.8891 -45.3035 60
    endloop
  endfacet
  facet normal 0.571699 -0.820464 0
    outer loop
      vertex 82.4046 -44.9443 60
      vertex 81.8891 -45.3035 56
      vertex 82.4046 -44.9443 56
    endloop
  endfacet
  facet normal -0.364381 -0.93125 0
    outer loop
      vertex -79.1229 -46.7821 56
      vertex -78.5379 -47.011 60
      vertex -79.1229 -46.7821 60
    endloop
  endfacet
  facet normal -0.364381 -0.93125 -0
    outer loop
      vertex -78.5379 -47.011 60
      vertex -79.1229 -46.7821 56
      vertex -78.5379 -47.011 56
    endloop
  endfacet
  facet normal 0.0980381 -0.995183 0
    outer loop
      vertex 74.2553 -47.9507 56
      vertex 74.8806 -47.8891 60
      vertex 74.2553 -47.9507 60
    endloop
  endfacet
  facet normal 0.0980381 -0.995183 0
    outer loop
      vertex 74.8806 -47.8891 60
      vertex 74.2553 -47.9507 56
      vertex 74.8806 -47.8891 56
    endloop
  endfacet
  facet normal 0.571699 0.820464 -0
    outer loop
      vertex 82.4046 44.9443 56
      vertex 81.8891 45.3035 60
      vertex 82.4046 44.9443 60
    endloop
  endfacet
  facet normal 0.571699 0.820464 0
    outer loop
      vertex 81.8891 45.3035 60
      vertex 82.4046 44.9443 56
      vertex 81.8891 45.3035 56
    endloop
  endfacet
  facet normal 0.400785 0.916172 -0
    outer loop
      vertex 79.6985 46.5303 56
      vertex 79.1229 46.7821 60
      vertex 79.6985 46.5303 60
    endloop
  endfacet
  facet normal 0.400785 0.916172 0
    outer loop
      vertex 79.1229 46.7821 60
      vertex 79.6985 46.5303 56
      vertex 79.1229 46.7821 56
    endloop
  endfacet
  facet normal 0.693042 -0.720897 0
    outer loop
      vertex 83.8608 -43.7491 56
      vertex 84.3137 -43.3137 60
      vertex 83.8608 -43.7491 60
    endloop
  endfacet
  facet normal 0.693042 -0.720897 0
    outer loop
      vertex 84.3137 -43.3137 60
      vertex 83.8608 -43.7491 56
      vertex 84.3137 -43.3137 56
    endloop
  endfacet
  facet normal -0.63439 0.773013 0
    outer loop
      vertex -82.9055 44.5651 56
      vertex -83.3912 44.1665 60
      vertex -82.9055 44.5651 60
    endloop
  endfacet
  facet normal -0.63439 0.773013 0
    outer loop
      vertex -83.3912 44.1665 60
      vertex -82.9055 44.5651 56
      vertex -83.3912 44.1665 56
    endloop
  endfacet
  facet normal -0.571699 -0.820464 0
    outer loop
      vertex -82.4046 -44.9443 56
      vertex -81.8891 -45.3035 60
      vertex -82.4046 -44.9443 60
    endloop
  endfacet
  facet normal -0.571699 -0.820464 -0
    outer loop
      vertex -81.8891 -45.3035 60
      vertex -82.4046 -44.9443 56
      vertex -81.8891 -45.3035 56
    endloop
  endfacet
  facet normal -0.773013 0.63439 0
    outer loop
      vertex -85.5651 41.9055 56
      vertex -85.1665 42.3912 60
      vertex -85.1665 42.3912 56
    endloop
  endfacet
  facet normal -0.773013 0.63439 0
    outer loop
      vertex -85.1665 42.3912 60
      vertex -85.5651 41.9055 56
      vertex -85.5651 41.9055 60
    endloop
  endfacet
  facet normal 0.899742 -0.436422 0
    outer loop
      vertex 87.2561 -39.2638 60
      vertex 87.5303 -38.6985 56
      vertex 87.5303 -38.6985 60
    endloop
  endfacet
  facet normal 0.899742 -0.436422 0
    outer loop
      vertex 87.5303 -38.6985 56
      vertex 87.2561 -39.2638 60
      vertex 87.2561 -39.2638 56
    endloop
  endfacet
  facet normal -0.797299 -0.603585 0
    outer loop
      vertex -85.5651 -41.9055 56
      vertex -85.9443 -41.4046 60
      vertex -85.9443 -41.4046 56
    endloop
  endfacet
  facet normal -0.797299 -0.603585 0
    outer loop
      vertex -85.9443 -41.4046 60
      vertex -85.5651 -41.9055 56
      vertex -85.5651 -41.9055 60
    endloop
  endfacet
  facet normal 0.693042 0.720897 -0
    outer loop
      vertex 84.3137 43.3137 56
      vertex 83.8608 43.7491 60
      vertex 84.3137 43.3137 60
    endloop
  endfacet
  facet normal 0.693042 0.720897 0
    outer loop
      vertex 83.8608 43.7491 60
      vertex 84.3137 43.3137 56
      vertex 83.8608 43.7491 56
    endloop
  endfacet
  facet normal 0.93125 0.364381 0
    outer loop
      vertex 88.011 37.5379 60
      vertex 87.7821 38.1229 56
      vertex 87.7821 38.1229 60
    endloop
  endfacet
  facet normal 0.93125 0.364381 0
    outer loop
      vertex 87.7821 38.1229 56
      vertex 88.011 37.5379 60
      vertex 88.011 37.5379 56
    endloop
  endfacet
  facet normal -0.747427 -0.664344 0
    outer loop
      vertex -84.7491 -42.8608 56
      vertex -85.1665 -42.3912 60
      vertex -85.1665 -42.3912 56
    endloop
  endfacet
  facet normal -0.747427 -0.664344 0
    outer loop
      vertex -85.1665 -42.3912 60
      vertex -84.7491 -42.8608 56
      vertex -84.7491 -42.8608 60
    endloop
  endfacet
  facet normal -0.899742 0.436422 0
    outer loop
      vertex -87.5303 38.6985 56
      vertex -87.2561 39.2638 60
      vertex -87.2561 39.2638 56
    endloop
  endfacet
  facet normal -0.899742 0.436422 0
    outer loop
      vertex -87.2561 39.2638 60
      vertex -87.5303 38.6985 56
      vertex -87.5303 38.6985 60
    endloop
  endfacet
  facet normal 0.862755 0.505621 0
    outer loop
      vertex 86.9599 39.8179 60
      vertex 86.6422 40.36 56
      vertex 86.6422 40.36 60
    endloop
  endfacet
  facet normal 0.862755 0.505621 0
    outer loop
      vertex 86.6422 40.36 56
      vertex 86.9599 39.8179 60
      vertex 86.9599 39.8179 56
    endloop
  endfacet
  facet normal 0.990564 -0.137052 0
    outer loop
      vertex 88.803 -34.5029 60
      vertex 88.8891 -33.8806 56
      vertex 88.8891 -33.8806 60
    endloop
  endfacet
  facet normal 0.990564 -0.137052 0
    outer loop
      vertex 88.8891 -33.8806 56
      vertex 88.803 -34.5029 60
      vertex 88.803 -34.5029 56
    endloop
  endfacet
  facet normal 0.956941 0.290281 0
    outer loop
      vertex 88.3993 36.343 60
      vertex 88.2169 36.9443 56
      vertex 88.2169 36.9443 60
    endloop
  endfacet
  facet normal 0.956941 0.290281 0
    outer loop
      vertex 88.2169 36.9443 56
      vertex 88.3993 36.343 60
      vertex 88.3993 36.343 56
    endloop
  endfacet
  facet normal 0.175719 -0.98444 0
    outer loop
      vertex 75.5029 -47.803 56
      vertex 76.1214 -47.6926 60
      vertex 75.5029 -47.803 60
    endloop
  endfacet
  facet normal 0.175719 -0.98444 0
    outer loop
      vertex 76.1214 -47.6926 60
      vertex 75.5029 -47.803 56
      vertex 76.1214 -47.6926 56
    endloop
  endfacet
  facet normal -0.53914 0.842216 0
    outer loop
      vertex -81.36 45.6422 56
      vertex -81.8891 45.3035 60
      vertex -81.36 45.6422 60
    endloop
  endfacet
  facet normal -0.53914 0.842216 0
    outer loop
      vertex -81.8891 45.3035 60
      vertex -81.36 45.6422 56
      vertex -81.8891 45.3035 56
    endloop
  endfacet
  facet normal -0.862755 0.505621 0
    outer loop
      vertex -86.9599 39.8179 56
      vertex -86.6422 40.36 60
      vertex -86.6422 40.36 56
    endloop
  endfacet
  facet normal -0.862755 0.505621 0
    outer loop
      vertex -86.6422 40.36 60
      vertex -86.9599 39.8179 56
      vertex -86.9599 39.8179 60
    endloop
  endfacet
  facet normal 0.995183 0.0980381 0
    outer loop
      vertex 88.9507 33.2553 60
      vertex 88.8891 33.8806 56
      vertex 88.8891 33.8806 60
    endloop
  endfacet
  facet normal 0.995183 0.0980381 0
    outer loop
      vertex 88.8891 33.8806 56
      vertex 88.9507 33.2553 60
      vertex 88.9507 33.2553 56
    endloop
  endfacet
  facet normal -0.98444 -0.175719 0
    outer loop
      vertex -88.6926 -35.1214 56
      vertex -88.803 -34.5029 60
      vertex -88.803 -34.5029 56
    endloop
  endfacet
  facet normal -0.98444 -0.175719 0
    outer loop
      vertex -88.803 -34.5029 60
      vertex -88.6926 -35.1214 56
      vertex -88.6926 -35.1214 60
    endloop
  endfacet
  facet normal -0.471431 -0.881903 0
    outer loop
      vertex -80.8179 -45.9599 56
      vertex -80.2638 -46.2561 60
      vertex -80.8179 -45.9599 60
    endloop
  endfacet
  facet normal -0.471431 -0.881903 -0
    outer loop
      vertex -80.2638 -46.2561 60
      vertex -80.8179 -45.9599 56
      vertex -80.2638 -46.2561 56
    endloop
  endfacet
  facet normal 0.820464 -0.571699 0
    outer loop
      vertex 85.9443 -41.4046 60
      vertex 86.3035 -40.8891 56
      vertex 86.3035 -40.8891 60
    endloop
  endfacet
  facet normal 0.820464 -0.571699 0
    outer loop
      vertex 86.3035 -40.8891 56
      vertex 85.9443 -41.4046 60
      vertex 85.9443 -41.4046 56
    endloop
  endfacet
  facet normal 0.916172 0.400785 0
    outer loop
      vertex 87.7821 38.1229 60
      vertex 87.5303 38.6985 56
      vertex 87.5303 38.6985 60
    endloop
  endfacet
  facet normal 0.916172 0.400785 0
    outer loop
      vertex 87.5303 38.6985 56
      vertex 87.7821 38.1229 60
      vertex 87.7821 38.1229 56
    endloop
  endfacet
  facet normal 0.720897 0.693042 0
    outer loop
      vertex 84.7491 42.8608 60
      vertex 84.3137 43.3137 56
      vertex 84.3137 43.3137 60
    endloop
  endfacet
  facet normal 0.720897 0.693042 0
    outer loop
      vertex 84.3137 43.3137 56
      vertex 84.7491 42.8608 60
      vertex 84.7491 42.8608 56
    endloop
  endfacet
  facet normal 0.214385 0.976749 -0
    outer loop
      vertex 76.7351 47.5579 56
      vertex 76.1214 47.6926 60
      vertex 76.7351 47.5579 60
    endloop
  endfacet
  facet normal 0.214385 0.976749 0
    outer loop
      vertex 76.1214 47.6926 60
      vertex 76.7351 47.5579 56
      vertex 76.1214 47.6926 56
    endloop
  endfacet
  facet normal 0.436422 -0.899742 0
    outer loop
      vertex 79.6985 -46.5303 56
      vertex 80.2638 -46.2561 60
      vertex 79.6985 -46.5303 60
    endloop
  endfacet
  facet normal 0.436422 -0.899742 0
    outer loop
      vertex 80.2638 -46.2561 60
      vertex 79.6985 -46.5303 56
      vertex 80.2638 -46.2561 56
    endloop
  endfacet
  facet normal -0.967611 -0.252448 0
    outer loop
      vertex -88.3993 -36.343 56
      vertex -88.5579 -35.7351 60
      vertex -88.5579 -35.7351 56
    endloop
  endfacet
  facet normal -0.967611 -0.252448 0
    outer loop
      vertex -88.5579 -35.7351 60
      vertex -88.3993 -36.343 56
      vertex -88.3993 -36.343 60
    endloop
  endfacet
  facet normal -0.471431 0.881903 0
    outer loop
      vertex -80.2638 46.2561 56
      vertex -80.8179 45.9599 60
      vertex -80.2638 46.2561 60
    endloop
  endfacet
  facet normal -0.471431 0.881903 0
    outer loop
      vertex -80.8179 45.9599 60
      vertex -80.2638 46.2561 56
      vertex -80.8179 45.9599 56
    endloop
  endfacet
  facet normal 0.720897 -0.693042 0
    outer loop
      vertex 84.3137 -43.3137 60
      vertex 84.7491 -42.8608 56
      vertex 84.7491 -42.8608 60
    endloop
  endfacet
  facet normal 0.720897 -0.693042 0
    outer loop
      vertex 84.7491 -42.8608 56
      vertex 84.3137 -43.3137 60
      vertex 84.3137 -43.3137 56
    endloop
  endfacet
  facet normal 0.471431 0.881903 -0
    outer loop
      vertex 80.8179 45.9599 56
      vertex 80.2638 46.2561 60
      vertex 80.8179 45.9599 60
    endloop
  endfacet
  facet normal 0.471431 0.881903 0
    outer loop
      vertex 80.2638 46.2561 60
      vertex 80.8179 45.9599 56
      vertex 80.2638 46.2561 56
    endloop
  endfacet
  facet normal -0.436422 -0.899742 0
    outer loop
      vertex -80.2638 -46.2561 56
      vertex -79.6985 -46.5303 60
      vertex -80.2638 -46.2561 60
    endloop
  endfacet
  facet normal -0.436422 -0.899742 -0
    outer loop
      vertex -79.6985 -46.5303 60
      vertex -80.2638 -46.2561 56
      vertex -79.6985 -46.5303 56
    endloop
  endfacet
  facet normal -0.990564 -0.137052 0
    outer loop
      vertex -88.803 -34.5029 56
      vertex -88.8891 -33.8806 60
      vertex -88.8891 -33.8806 56
    endloop
  endfacet
  facet normal -0.990564 -0.137052 0
    outer loop
      vertex -88.8891 -33.8806 60
      vertex -88.803 -34.5029 56
      vertex -88.803 -34.5029 60
    endloop
  endfacet
  facet normal 0.327712 0.944778 -0
    outer loop
      vertex 78.5379 47.011 56
      vertex 77.9443 47.2169 60
      vertex 78.5379 47.011 60
    endloop
  endfacet
  facet normal 0.327712 0.944778 0
    outer loop
      vertex 77.9443 47.2169 60
      vertex 78.5379 47.011 56
      vertex 77.9443 47.2169 56
    endloop
  endfacet
  facet normal 0.944778 0.327712 0
    outer loop
      vertex 88.2169 36.9443 60
      vertex 88.011 37.5379 56
      vertex 88.011 37.5379 60
    endloop
  endfacet
  facet normal 0.944778 0.327712 0
    outer loop
      vertex 88.011 37.5379 56
      vertex 88.2169 36.9443 60
      vertex 88.2169 36.9443 56
    endloop
  endfacet
  facet normal -0.693042 0.720897 0
    outer loop
      vertex -83.8608 43.7491 56
      vertex -84.3137 43.3137 60
      vertex -83.8608 43.7491 60
    endloop
  endfacet
  facet normal -0.693042 0.720897 0
    outer loop
      vertex -84.3137 43.3137 60
      vertex -83.8608 43.7491 56
      vertex -84.3137 43.3137 56
    endloop
  endfacet
  facet normal -0.603585 0.797299 0
    outer loop
      vertex -82.4046 44.9443 56
      vertex -82.9055 44.5651 60
      vertex -82.4046 44.9443 60
    endloop
  endfacet
  facet normal -0.603585 0.797299 0
    outer loop
      vertex -82.9055 44.5651 60
      vertex -82.4046 44.9443 56
      vertex -82.9055 44.5651 56
    endloop
  endfacet
  facet normal 0.175719 0.98444 -0
    outer loop
      vertex 76.1214 47.6926 56
      vertex 75.5029 47.803 60
      vertex 76.1214 47.6926 60
    endloop
  endfacet
  facet normal 0.175719 0.98444 0
    outer loop
      vertex 75.5029 47.803 60
      vertex 76.1214 47.6926 56
      vertex 75.5029 47.803 56
    endloop
  endfacet
  facet normal 0 0 -1
    outer loop
      vertex 70.7065 -25.3718 56
      vertex 89 -32 56
      vertex 88.9877 -32.6281 56
    endloop
  endfacet
  facet normal 0 0 -1
    outer loop
      vertex 89 -32 56
      vertex 80.0667 0 56
      vertex 89 32 56
    endloop
  endfacet
  facet normal 0 0 -1
    outer loop
      vertex 70.7065 -25.3718 56
      vertex 88.9877 -32.6281 56
      vertex 88.9507 -33.2553 56
    endloop
  endfacet
  facet normal 0 0 -1
    outer loop
      vertex 80.0382 1.45104 56
      vertex 89 32 56
      vertex 80.0667 0 56
    endloop
  endfacet
  facet normal 0 0 -1
    outer loop
      vertex 70.7065 -25.3718 56
      vertex 88.9507 -33.2553 56
      vertex 88.8891 -33.8806 56
    endloop
  endfacet
  facet normal 0 0 -1
    outer loop
      vertex 80.0365 1.53375 56
      vertex 89 32 56
      vertex 80.0382 1.45104 56
    endloop
  endfacet
  facet normal 0 0 -1
    outer loop
      vertex 70.7065 -25.3718 56
      vertex 88.8891 -33.8806 56
      vertex 88.803 -34.5029 56
    endloop
  endfacet
  facet normal 0 0 -1
    outer loop
      vertex 80.0317 1.61633 56
      vertex 89 32 56
      vertex 80.0365 1.53375 56
    endloop
  endfacet
  facet normal 0 0 -1
    outer loop
      vertex 70.7065 -25.3718 56
      vertex 88.803 -34.5029 56
      vertex 88.6926 -35.1214 56
    endloop
  endfacet
  facet normal 0 0 -1
    outer loop
      vertex 79.9462 3.06513 56
      vertex 89 32 56
      vertex 80.0317 1.61633 56
    endloop
  endfacet
  facet normal 0 0 -1
    outer loop
      vertex 69.7425 -26.4566 56
      vertex 88.6926 -35.1214 56
      vertex 88.5579 -35.7351 56
    endloop
  endfacet
  facet normal 0 0 -1
    outer loop
      vertex 79.9381 3.14746 56
      vertex 89 32 56
      vertex 79.9462 3.06513 56
    endloop
  endfacet
  facet normal 0 0 -1
    outer loop
      vertex 69.7425 -26.4566 56
      vertex 88.5579 -35.7351 56
      vertex 88.3993 -36.343 56
    endloop
  endfacet
  facet normal 0 0 -1
    outer loop
      vertex 79.7959 4.59179 56
      vertex 89 32 56
      vertex 79.9381 3.14746 56
    endloop
  endfacet
  facet normal 0 0 -1
    outer loop
      vertex 69.7425 -26.4566 56
      vertex 88.3993 -36.343 56
      vertex 88.2169 -36.9443 56
    endloop
  endfacet
  facet normal 0 0 -1
    outer loop
      vertex 79.597 6.02943 56
      vertex 89 32 56
      vertex 79.7959 4.59179 56
    endloop
  endfacet
  facet normal 0 0 -1
    outer loop
      vertex 69.7425 -26.4566 56
      vertex 88.2169 -36.9443 56
      vertex 88.011 -37.5379 56
    endloop
  endfacet
  facet normal 0 0 -1
    outer loop
      vertex 79.5857 6.11137 56
      vertex 89 32 56
      vertex 79.597 6.02943 56
    endloop
  endfacet
  facet normal 0 0 -1
    outer loop
      vertex 69.6875 -26.5185 56
      vertex 88.011 -37.5379 56
      vertex 87.7821 -38.1229 56
    endloop
  endfacet
  facet normal 0 0 -1
    outer loop
      vertex 79.3306 7.54009 56
      vertex 89 32 56
      vertex 79.5857 6.11137 56
    endloop
  endfacet
  facet normal 0 0 -1
    outer loop
      vertex 69.6875 -26.5185 56
      vertex 87.7821 -38.1229 56
      vertex 87.5303 -38.6985 56
    endloop
  endfacet
  facet normal 0 0 -1
    outer loop
      vertex 79.316 7.62153 56
      vertex 89 32 56
      vertex 79.3306 7.54009 56
    endloop
  endfacet
  facet normal 0 0 -1
    outer loop
      vertex 69.6875 -26.5185 56
      vertex 87.5303 -38.6985 56
      vertex 87.2561 -39.2638 56
    endloop
  endfacet
  facet normal 0 0 -1
    outer loop
      vertex 79.2983 7.70233 56
      vertex 89 32 56
      vertex 79.316 7.62153 56
    endloop
  endfacet
  facet normal 0 0 -1
    outer loop
      vertex 69.6302 -26.5781 56
      vertex 87.2561 -39.2638 56
      vertex 86.9599 -39.8179 56
    endloop
  endfacet
  facet normal 0 0 -1
    outer loop
      vertex 78.9873 9.11993 56
      vertex 89 32 56
      vertex 79.2983 7.70233 56
    endloop
  endfacet
  facet normal 0 0 -1
    outer loop
      vertex 69.6302 -26.5781 56
      vertex 86.9599 -39.8179 56
      vertex 86.6422 -40.36 56
    endloop
  endfacet
  facet normal 0 0 -1
    outer loop
      vertex 78.6208 10.5242 56
      vertex 89 32 56
      vertex 78.9873 9.11993 56
    endloop
  endfacet
  facet normal 0 0 -1
    outer loop
      vertex 69.6302 -26.5781 56
      vertex 86.6422 -40.36 56
      vertex 86.3035 -40.8891 56
    endloop
  endfacet
  facet normal 0 0 -1
    outer loop
      vertex 78.5999 10.6043 56
      vertex 89 32 56
      vertex 78.6208 10.5242 56
    endloop
  endfacet
  facet normal 0 0 -1
    outer loop
      vertex 69.6302 -26.5781 56
      vertex 86.3035 -40.8891 56
      vertex 85.9443 -41.4046 56
    endloop
  endfacet
  facet normal 0 0 -1
    outer loop
      vertex 78.5759 10.6834 56
      vertex 89 32 56
      vertex 78.5999 10.6043 56
    endloop
  endfacet
  facet normal 0 0 -1
    outer loop
      vertex 68.6243 -27.6243 56
      vertex 85.9443 -41.4046 56
      vertex 85.5651 -41.9055 56
    endloop
  endfacet
  facet normal 0 0 -1
    outer loop
      vertex 78.1546 12.0723 56
      vertex 89 32 56
      vertex 78.5759 10.6834 56
    endloop
  endfacet
  facet normal 0 0 -1
    outer loop
      vertex 68.6243 -27.6243 56
      vertex 85.5651 -41.9055 56
      vertex 85.1665 -42.3912 56
    endloop
  endfacet
  facet normal 0 0 -1
    outer loop
      vertex 78.1275 12.1504 56
      vertex 89 32 56
      vertex 78.1546 12.0723 56
    endloop
  endfacet
  facet normal 0 0 -1
    outer loop
      vertex 68.6243 -27.6243 56
      vertex 85.1665 -42.3912 56
      vertex 84.7491 -42.8608 56
    endloop
  endfacet
  facet normal 0 0 -1
    outer loop
      vertex 77.652 13.5216 56
      vertex 89 32 56
      vertex 78.1275 12.1504 56
    endloop
  endfacet
  facet normal 0 0 -1
    outer loop
      vertex 68.6243 -27.6243 56
      vertex 84.7491 -42.8608 56
      vertex 84.3137 -43.3137 56
    endloop
  endfacet
  facet normal 0 0 -1
    outer loop
      vertex 77.123 14.8731 56
      vertex 89 32 56
      vertex 77.652 13.5216 56
    endloop
  endfacet
  facet normal 0 0 -1
    outer loop
      vertex 68.6243 -27.6243 56
      vertex 84.3137 -43.3137 56
      vertex 83.8608 -43.7491 56
    endloop
  endfacet
  facet normal 0 0 -1
    outer loop
      vertex 77.0929 14.9502 56
      vertex 89 32 56
      vertex 77.123 14.8731 56
    endloop
  endfacet
  facet normal 0 0 -1
    outer loop
      vertex 68.6243 -27.6243 56
      vertex 83.8608 -43.7491 56
      vertex 83.3912 -44.1665 56
    endloop
  endfacet
  facet normal 0 0 -1
    outer loop
      vertex 77.0597 15.026 56
      vertex 89 32 56
      vertex 77.0929 14.9502 56
    endloop
  endfacet
  facet normal 0 0 -1
    outer loop
      vertex 68.6243 -27.6243 56
      vertex 83.3912 -44.1665 56
      vertex 82.9055 -44.5651 56
    endloop
  endfacet
  facet normal 0 0 -1
    outer loop
      vertex 76.4781 16.3556 56
      vertex 89 32 56
      vertex 77.0597 15.026 56
    endloop
  endfacet
  facet normal 0 0 -1
    outer loop
      vertex 68.6243 -27.6243 56
      vertex 82.9055 -44.5651 56
      vertex 82.4046 -44.9443 56
    endloop
  endfacet
  facet normal 0 0 -1
    outer loop
      vertex 75.8448 17.6615 56
      vertex 89 32 56
      vertex 76.4781 16.3556 56
    endloop
  endfacet
  facet normal 0 0 -1
    outer loop
      vertex 68.6243 -27.6243 56
      vertex 82.4046 -44.9443 56
      vertex 81.8891 -45.3035 56
    endloop
  endfacet
  facet normal 0 0 -1
    outer loop
      vertex 75.8087 17.7359 56
      vertex 89 32 56
      vertex 75.8448 17.6615 56
    endloop
  endfacet
  facet normal 0 0 -1
    outer loop
      vertex 67.5781 -28.6302 56
      vertex 81.8891 -45.3035 56
      vertex 81.36 -45.6422 56
    endloop
  endfacet
  facet normal 0 0 -1
    outer loop
      vertex 75.7697 17.8089 56
      vertex 89 32 56
      vertex 75.8087 17.7359 56
    endloop
  endfacet
  facet normal 0 0 -1
    outer loop
      vertex 67.5781 -28.6302 56
      vertex 81.36 -45.6422 56
      vertex 80.8179 -45.9599 56
    endloop
  endfacet
  facet normal 0 0 -1
    outer loop
      vertex 75.0855 19.0888 56
      vertex 89 32 56
      vertex 75.7697 17.8089 56
    endloop
  endfacet
  facet normal 0 0 -1
    outer loop
      vertex 67.5781 -28.6302 56
      vertex 80.8179 -45.9599 56
      vertex 80.2638 -46.2561 56
    endloop
  endfacet
  facet normal 0 0 -1
    outer loop
      vertex 74.3516 20.3409 56
      vertex 89 32 56
      vertex 75.0855 19.0888 56
    endloop
  endfacet
  facet normal 0 0 -1
    outer loop
      vertex 74.3098 20.4123 56
      vertex 89 32 56
      vertex 74.3516 20.3409 56
    endloop
  endfacet
  facet normal 0 0 -1
    outer loop
      vertex 89 -32 56
      vertex 80.0382 -1.45104 56
      vertex 80.0667 0 56
    endloop
  endfacet
  facet normal 0 0 -1
    outer loop
      vertex 89 -32 56
      vertex 80.0365 -1.53375 56
      vertex 80.0382 -1.45104 56
    endloop
  endfacet
  facet normal 0 0 -1
    outer loop
      vertex 89 -32 56
      vertex 80.0317 -1.61633 56
      vertex 80.0365 -1.53375 56
    endloop
  endfacet
  facet normal 0 0 -1
    outer loop
      vertex 89 -32 56
      vertex 79.9462 -3.06513 56
      vertex 80.0317 -1.61633 56
    endloop
  endfacet
  facet normal 0 0 -1
    outer loop
      vertex 89 -32 56
      vertex 79.9381 -3.14746 56
      vertex 79.9462 -3.06513 56
    endloop
  endfacet
  facet normal 0 0 -1
    outer loop
      vertex 89 -32 56
      vertex 79.7959 -4.59179 56
      vertex 79.9381 -3.14746 56
    endloop
  endfacet
  facet normal 0 0 -1
    outer loop
      vertex 67.5781 -28.6302 56
      vertex 80.2638 -46.2561 56
      vertex 79.6985 -46.5303 56
    endloop
  endfacet
  facet normal 0 0 -1
    outer loop
      vertex 89 -32 56
      vertex 79.597 -6.02943 56
      vertex 79.7959 -4.59179 56
    endloop
  endfacet
  facet normal 0 0 -1
    outer loop
      vertex 89 -32 56
      vertex 79.5857 -6.11137 56
      vertex 79.597 -6.02943 56
    endloop
  endfacet
  facet normal 0 0 -1
    outer loop
      vertex 89 -32 56
      vertex 79.3306 -7.54009 56
      vertex 79.5857 -6.11137 56
    endloop
  endfacet
  facet normal 0 0 -1
    outer loop
      vertex 89 -32 56
      vertex 79.316 -7.62153 56
      vertex 79.3306 -7.54009 56
    endloop
  endfacet
  facet normal 0 0 -1
    outer loop
      vertex 89 -32 56
      vertex 79.2983 -7.70233 56
      vertex 79.316 -7.62153 56
    endloop
  endfacet
  facet normal 0 0 -1
    outer loop
      vertex 67.5185 -28.6875 56
      vertex 79.6985 -46.5303 56
      vertex 79.1229 -46.7821 56
    endloop
  endfacet
  facet normal 0 0 -1
    outer loop
      vertex 89 -32 56
      vertex 78.9873 -9.11993 56
      vertex 79.2983 -7.70233 56
    endloop
  endfacet
  facet normal 0 0 -1
    outer loop
      vertex 89 -32 56
      vertex 78.6208 -10.5242 56
      vertex 78.9873 -9.11993 56
    endloop
  endfacet
  facet normal 0 0 -1
    outer loop
      vertex 89 -32 56
      vertex 78.5999 -10.6043 56
      vertex 78.6208 -10.5242 56
    endloop
  endfacet
  facet normal 0 0 -1
    outer loop
      vertex 89 -32 56
      vertex 78.5759 -10.6834 56
      vertex 78.5999 -10.6043 56
    endloop
  endfacet
  facet normal 0 0 -1
    outer loop
      vertex 67.5185 -28.6875 56
      vertex 79.1229 -46.7821 56
      vertex 78.5379 -47.011 56
    endloop
  endfacet
  facet normal 0 0 -1
    outer loop
      vertex 89 -32 56
      vertex 78.1546 -12.0723 56
      vertex 78.5759 -10.6834 56
    endloop
  endfacet
  facet normal 0 0 -1
    outer loop
      vertex 89 -32 56
      vertex 78.1275 -12.1504 56
      vertex 78.1546 -12.0723 56
    endloop
  endfacet
  facet normal 0 0 -1
    outer loop
      vertex 67.5185 -28.6875 56
      vertex 78.5379 -47.011 56
      vertex 77.9443 -47.2169 56
    endloop
  endfacet
  facet normal 0 0 -1
    outer loop
      vertex 89 -32 56
      vertex 77.652 -13.5216 56
      vertex 78.1275 -12.1504 56
    endloop
  endfacet
  facet normal 0 0 -1
    outer loop
      vertex 67.4566 -28.7425 56
      vertex 77.9443 -47.2169 56
      vertex 77.343 -47.3993 56
    endloop
  endfacet
  facet normal 0 0 -1
    outer loop
      vertex 89 -32 56
      vertex 77.123 -14.8731 56
      vertex 77.652 -13.5216 56
    endloop
  endfacet
  facet normal 0 0 -1
    outer loop
      vertex 89 -32 56
      vertex 77.0929 -14.9502 56
      vertex 77.123 -14.8731 56
    endloop
  endfacet
  facet normal 0 0 -1
    outer loop
      vertex 89 -32 56
      vertex 77.0597 -15.026 56
      vertex 77.0929 -14.9502 56
    endloop
  endfacet
  facet normal 0 0 -1
    outer loop
      vertex 67.4566 -28.7425 56
      vertex 77.343 -47.3993 56
      vertex 76.7351 -47.5579 56
    endloop
  endfacet
  facet normal 0 0 -1
    outer loop
      vertex 89 -32 56
      vertex 76.4781 -16.3556 56
      vertex 77.0597 -15.026 56
    endloop
  endfacet
  facet normal 0 0 -1
    outer loop
      vertex 67.4566 -28.7425 56
      vertex 76.7351 -47.5579 56
      vertex 76.1214 -47.6926 56
    endloop
  endfacet
  facet normal 0 0 -1
    outer loop
      vertex 89 -32 56
      vertex 75.8448 -17.6615 56
      vertex 76.4781 -16.3556 56
    endloop
  endfacet
  facet normal 0 0 -1
    outer loop
      vertex 89 -32 56
      vertex 75.8087 -17.7359 56
      vertex 75.8448 -17.6615 56
    endloop
  endfacet
  facet normal 0 0 -1
    outer loop
      vertex 89 -32 56
      vertex 75.7697 -17.8089 56
      vertex 75.8087 -17.7359 56
    endloop
  endfacet
  facet normal 0 0 -1
    outer loop
      vertex 67.4566 -28.7425 56
      vertex 76.1214 -47.6926 56
      vertex 75.5029 -47.803 56
    endloop
  endfacet
  facet normal 0 0 -1
    outer loop
      vertex 89 -32 56
      vertex 75.0855 -19.0888 56
      vertex 75.7697 -17.8089 56
    endloop
  endfacet
  facet normal 0 0 -1
    outer loop
      vertex 66.3718 -29.7065 56
      vertex 75.5029 -47.803 56
      vertex 74.8806 -47.8891 56
    endloop
  endfacet
  facet normal 0 0 -1
    outer loop
      vertex 89 -32 56
      vertex 74.3516 -20.3409 56
      vertex 75.0855 -19.0888 56
    endloop
  endfacet
  facet normal 0 0 -1
    outer loop
      vertex 89 -32 56
      vertex 74.3098 -20.4123 56
      vertex 74.3516 -20.3409 56
    endloop
  endfacet
  facet normal 0 0 -1
    outer loop
      vertex 66.3718 -29.7065 56
      vertex 74.8806 -47.8891 56
      vertex 74.2553 -47.9507 56
    endloop
  endfacet
  facet normal 0 0 -1
    outer loop
      vertex 66.3718 -29.7065 56
      vertex 74.2553 -47.9507 56
      vertex 73.6281 -47.9877 56
    endloop
  endfacet
  facet normal 0 0 -1
    outer loop
      vertex 89 -32 56
      vertex 73.5273 -21.6346 56
      vertex 74.3098 -20.4123 56
    endloop
  endfacet
  facet normal 0 0 -1
    outer loop
      vertex 89 -32 56
      vertex 73.4827 -21.7043 56
      vertex 73.5273 -21.6346 56
    endloop
  endfacet
  facet normal 0 0 -1
    outer loop
      vertex 89 -32 56
      vertex 73.4354 -21.7721 56
      vertex 73.4827 -21.7043 56
    endloop
  endfacet
  facet normal 0 0 -1
    outer loop
      vertex 66.3718 -29.7065 56
      vertex 73.6281 -47.9877 56
      vertex 73 -48 56
    endloop
  endfacet
  facet normal 0 0 -1
    outer loop
      vertex 89 -32 56
      vertex 72.6056 -22.9628 56
      vertex 73.4354 -21.7721 56
    endloop
  endfacet
  facet normal 0 0 -1
    outer loop
      vertex 89 -32 56
      vertex 71.7296 -24.12 56
      vertex 72.6056 -22.9628 56
    endloop
  endfacet
  facet normal 0 0 -1
    outer loop
      vertex 89 -32 56
      vertex 71.6797 -24.1859 56
      vertex 71.7296 -24.12 56
    endloop
  endfacet
  facet normal 0 0 -1
    outer loop
      vertex 89 -32 56
      vertex 70.759 -25.3078 56
      vertex 71.6797 -24.1859 56
    endloop
  endfacet
  facet normal 0 0 -1
    outer loop
      vertex 89 -32 56
      vertex 70.7065 -25.3718 56
      vertex 70.759 -25.3078 56
    endloop
  endfacet
  facet normal 0 0 -1
    outer loop
      vertex 88.6926 -35.1214 56
      vertex 69.7425 -26.4566 56
      vertex 70.7065 -25.3718 56
    endloop
  endfacet
  facet normal 0 0 -1
    outer loop
      vertex 88.011 -37.5379 56
      vertex 69.6875 -26.5185 56
      vertex 69.7425 -26.4566 56
    endloop
  endfacet
  facet normal 0 0 -1
    outer loop
      vertex 87.2561 -39.2638 56
      vertex 69.6302 -26.5781 56
      vertex 69.6875 -26.5185 56
    endloop
  endfacet
  facet normal 0 0 -1
    outer loop
      vertex 85.9443 -41.4046 56
      vertex 68.6243 -27.6243 56
      vertex 69.6302 -26.5781 56
    endloop
  endfacet
  facet normal 0 0 -1
    outer loop
      vertex 81.8891 -45.3035 56
      vertex 67.5781 -28.6302 56
      vertex 68.6243 -27.6243 56
    endloop
  endfacet
  facet normal 0 0 -1
    outer loop
      vertex 79.6985 -46.5303 56
      vertex 67.5185 -28.6875 56
      vertex 67.5781 -28.6302 56
    endloop
  endfacet
  facet normal 0 0 -1
    outer loop
      vertex 77.9443 -47.2169 56
      vertex 67.4566 -28.7425 56
      vertex 67.5185 -28.6875 56
    endloop
  endfacet
  facet normal 0 0 -1
    outer loop
      vertex 75.5029 -47.803 56
      vertex 66.3718 -29.7065 56
      vertex 67.4566 -28.7425 56
    endloop
  endfacet
  facet normal 0 0 -1
    outer loop
      vertex 73 -48 56
      vertex 66.3078 -29.759 56
      vertex 66.3718 -29.7065 56
    endloop
  endfacet
  facet normal 0 0 -1
    outer loop
      vertex 73 -48 56
      vertex 65.1859 -30.6797 56
      vertex 66.3078 -29.759 56
    endloop
  endfacet
  facet normal 0 0 -1
    outer loop
      vertex 73 -48 56
      vertex 65.12 -30.7296 56
      vertex 65.1859 -30.6797 56
    endloop
  endfacet
  facet normal 0 0 -1
    outer loop
      vertex 73 -48 56
      vertex 63.9628 -31.6056 56
      vertex 65.12 -30.7296 56
    endloop
  endfacet
  facet normal 0 0 -1
    outer loop
      vertex 73 -48 56
      vertex 62.7721 -32.4354 56
      vertex 63.9628 -31.6056 56
    endloop
  endfacet
  facet normal 0 0 -1
    outer loop
      vertex 73 -48 56
      vertex 62.7043 -32.4827 56
      vertex 62.7721 -32.4354 56
    endloop
  endfacet
  facet normal 0 0 -1
    outer loop
      vertex 73 -48 56
      vertex 62.6346 -32.5273 56
      vertex 62.7043 -32.4827 56
    endloop
  endfacet
  facet normal 0 0 -1
    outer loop
      vertex 73 -48 56
      vertex 61.4123 -33.3098 56
      vertex 62.6346 -32.5273 56
    endloop
  endfacet
  facet normal 0 0 -1
    outer loop
      vertex 73 -48 56
      vertex 61.3409 -33.3516 56
      vertex 61.4123 -33.3098 56
    endloop
  endfacet
  facet normal 0 0 -1
    outer loop
      vertex 73 -48 56
      vertex 60.0888 -34.0855 56
      vertex 61.3409 -33.3516 56
    endloop
  endfacet
  facet normal 0 0 -1
    outer loop
      vertex 73 -48 56
      vertex 58.8088 -34.7697 56
      vertex 60.0888 -34.0855 56
    endloop
  endfacet
  facet normal 0 0 -1
    outer loop
      vertex 73 -48 56
      vertex 58.7359 -34.8087 56
      vertex 58.8088 -34.7697 56
    endloop
  endfacet
  facet normal 0 0 -1
    outer loop
      vertex 73 -48 56
      vertex 58.6615 -34.8448 56
      vertex 58.7359 -34.8087 56
    endloop
  endfacet
  facet normal 0 0 -1
    outer loop
      vertex 73 -48 56
      vertex 57.3556 -35.4781 56
      vertex 58.6615 -34.8448 56
    endloop
  endfacet
  facet normal 0 0 -1
    outer loop
      vertex 73 -48 56
      vertex 56.026 -36.0597 56
      vertex 57.3556 -35.4781 56
    endloop
  endfacet
  facet normal 0 0 -1
    outer loop
      vertex 73 -48 56
      vertex 55.9502 -36.0929 56
      vertex 56.026 -36.0597 56
    endloop
  endfacet
  facet normal 0 0 -1
    outer loop
      vertex 73 -48 56
      vertex 55.8731 -36.123 56
      vertex 55.9502 -36.0929 56
    endloop
  endfacet
  facet normal 0 0 -1
    outer loop
      vertex 73 -48 56
      vertex 54.5216 -36.652 56
      vertex 55.8731 -36.123 56
    endloop
  endfacet
  facet normal 0 0 -1
    outer loop
      vertex 73 -48 56
      vertex 53.1504 -37.1275 56
      vertex 54.5216 -36.652 56
    endloop
  endfacet
  facet normal 0 0 -1
    outer loop
      vertex 73 -48 56
      vertex 53.0723 -37.1546 56
      vertex 53.1504 -37.1275 56
    endloop
  endfacet
  facet normal 0 0 -1
    outer loop
      vertex 73 -48 56
      vertex 51.6834 -37.5759 56
      vertex 53.0723 -37.1546 56
    endloop
  endfacet
  facet normal 0 0 -1
    outer loop
      vertex 73 -48 56
      vertex 51.6043 -37.5999 56
      vertex 51.6834 -37.5759 56
    endloop
  endfacet
  facet normal 0 0 -1
    outer loop
      vertex 73 -48 56
      vertex 51.5242 -37.6208 56
      vertex 51.6043 -37.5999 56
    endloop
  endfacet
  facet normal 0 0 -1
    outer loop
      vertex 73 -48 56
      vertex 50.1199 -37.9873 56
      vertex 51.5242 -37.6208 56
    endloop
  endfacet
  facet normal 0 0 -1
    outer loop
      vertex 73 -48 56
      vertex 48.7023 -38.2983 56
      vertex 50.1199 -37.9873 56
    endloop
  endfacet
  facet normal 0 0 -1
    outer loop
      vertex 73 -48 56
      vertex 48.6215 -38.316 56
      vertex 48.7023 -38.2983 56
    endloop
  endfacet
  facet normal 0 0 -1
    outer loop
      vertex 73 -48 56
      vertex 48.5401 -38.3306 56
      vertex 48.6215 -38.316 56
    endloop
  endfacet
  facet normal 0 0 -1
    outer loop
      vertex 73 -48 56
      vertex 47.1114 -38.5857 56
      vertex 48.5401 -38.3306 56
    endloop
  endfacet
  facet normal 0 0 -1
    outer loop
      vertex 73 -48 56
      vertex 47.0294 -38.597 56
      vertex 47.1114 -38.5857 56
    endloop
  endfacet
  facet normal 0 0 -1
    outer loop
      vertex 73 -48 56
      vertex 45.5918 -38.7959 56
      vertex 47.0294 -38.597 56
    endloop
  endfacet
  facet normal 0 0 -1
    outer loop
      vertex 73 -48 56
      vertex 44.1475 -38.9381 56
      vertex 45.5918 -38.7959 56
    endloop
  endfacet
  facet normal 0 0 -1
    outer loop
      vertex 73 -48 56
      vertex 44.0651 -38.9462 56
      vertex 44.1475 -38.9381 56
    endloop
  endfacet
  facet normal 0 0 -1
    outer loop
      vertex 73 -48 56
      vertex 42.6163 -39.0317 56
      vertex 44.0651 -38.9462 56
    endloop
  endfacet
  facet normal 0 0 -1
    outer loop
      vertex 73 -48 56
      vertex 42.5337 -39.0365 56
      vertex 42.6163 -39.0317 56
    endloop
  endfacet
  facet normal 0 0 -1
    outer loop
      vertex 73 -48 56
      vertex 42.451 -39.0382 56
      vertex 42.5337 -39.0365 56
    endloop
  endfacet
  facet normal 0 0 -1
    outer loop
      vertex 73 -48 56
      vertex 41 -39.0667 56
      vertex 42.451 -39.0382 56
    endloop
  endfacet
  facet normal 0 0 -1
    outer loop
      vertex 73 -48 56
      vertex 39.549 -39.0382 56
      vertex 41 -39.0667 56
    endloop
  endfacet
  facet normal 0 0 -1
    outer loop
      vertex 73 -48 56
      vertex 39.4663 -39.0365 56
      vertex 39.549 -39.0382 56
    endloop
  endfacet
  facet normal 0 0 -1
    outer loop
      vertex 73 -48 56
      vertex 39.3837 -39.0317 56
      vertex 39.4663 -39.0365 56
    endloop
  endfacet
  facet normal 0 0 -1
    outer loop
      vertex 73 -48 56
      vertex 37.9349 -38.9462 56
      vertex 39.3837 -39.0317 56
    endloop
  endfacet
  facet normal 0 0 -1
    outer loop
      vertex 73 -48 56
      vertex 37.8525 -38.9381 56
      vertex 37.9349 -38.9462 56
    endloop
  endfacet
  facet normal 0 0 -1
    outer loop
      vertex 73 -48 56
      vertex 36.4082 -38.7959 56
      vertex 37.8525 -38.9381 56
    endloop
  endfacet
  facet normal 0 0 -1
    outer loop
      vertex 73 -48 56
      vertex 34.9706 -38.597 56
      vertex 36.4082 -38.7959 56
    endloop
  endfacet
  facet normal 0 0 -1
    outer loop
      vertex 73 -48 56
      vertex 34.8886 -38.5857 56
      vertex 34.9706 -38.597 56
    endloop
  endfacet
  facet normal 0 0 -1
    outer loop
      vertex -34.8886 -38.5857 56
      vertex 34.8886 -38.5857 56
      vertex 73 -48 56
    endloop
  endfacet
  facet normal 0 0 -1
    outer loop
      vertex 34.8886 -38.5857 56
      vertex -34.8886 -38.5857 56
      vertex 33.4599 -38.3306 56
    endloop
  endfacet
  facet normal -0 0 -1
    outer loop
      vertex 33.4599 -38.3306 56
      vertex -34.8886 -38.5857 56
      vertex 33.3785 -38.316 56
    endloop
  endfacet
  facet normal 0 -0 -1
    outer loop
      vertex -33.4599 -38.3306 56
      vertex 33.3785 -38.316 56
      vertex -34.8886 -38.5857 56
    endloop
  endfacet
  facet normal 0 0 -1
    outer loop
      vertex 31.8801 -37.9873 56
      vertex 30.3957 -37.5999 56
      vertex 30.4758 -37.6208 56
    endloop
  endfacet
  facet normal 0 0 -1
    outer loop
      vertex -26.1269 -36.123 56
      vertex 26.1269 -36.123 56
      vertex 27.4784 -36.652 56
    endloop
  endfacet
  facet normal 0 0 -1
    outer loop
      vertex -25.974 -36.0597 56
      vertex 25.974 -36.0597 56
      vertex 26.0498 -36.0929 56
    endloop
  endfacet
  facet normal 0 0 -1
    outer loop
      vertex -20.6591 -33.3516 56
      vertex 20.6591 -33.3516 56
      vertex 21.9112 -34.0855 56
    endloop
  endfacet
  facet normal 0 0 -1
    outer loop
      vertex -19.3654 -32.5273 56
      vertex 19.3654 -32.5273 56
      vertex 20.5877 -33.3098 56
    endloop
  endfacet
  facet normal 0 0 -1
    outer loop
      vertex -19.2279 -32.4354 56
      vertex 19.2279 -32.4354 56
      vertex 19.2957 -32.4827 56
    endloop
  endfacet
  facet normal 0 0 -1
    outer loop
      vertex -15.6922 -29.759 56
      vertex 15.6922 -29.759 56
      vertex 16.8141 -30.6797 56
    endloop
  endfacet
  facet normal 0 0 -1
    outer loop
      vertex -14.5434 -28.7425 56
      vertex 14.5434 -28.7425 56
      vertex 15.6282 -29.7065 56
    endloop
  endfacet
  facet normal 0 0 -1
    outer loop
      vertex -14.4219 -28.6302 56
      vertex 14.4219 -28.6302 56
      vertex 14.4815 -28.6875 56
    endloop
  endfacet
  facet normal 0 0 -1
    outer loop
      vertex -12.2575 -26.4566 56
      vertex 12.2575 -26.4566 56
      vertex 12.3125 -26.5185 56
    endloop
  endfacet
  facet normal 0 0 -1
    outer loop
      vertex -11.241 -25.3078 56
      vertex 11.241 -25.3078 56
      vertex 11.2935 -25.3718 56
    endloop
  endfacet
  facet normal 0 0 -1
    outer loop
      vertex -8.47266 -21.6346 56
      vertex 8.47266 -21.6346 56
      vertex 8.51725 -21.7043 56
    endloop
  endfacet
  facet normal 0 0 -1
    outer loop
      vertex -7.64836 -20.3409 56
      vertex 7.64836 -20.3409 56
      vertex 7.69019 -20.4123 56
    endloop
  endfacet
  facet normal 0 0 -1
    outer loop
      vertex -6.15524 -17.6615 56
      vertex 6.15524 -17.6615 56
      vertex 6.19135 -17.7359 56
    endloop
  endfacet
  facet normal 0 0 -1
    outer loop
      vertex -3.8725 -12.1504 56
      vertex 3.8725 -12.1504 56
      vertex 4.34799 -13.5216 56
    endloop
  endfacet
  facet normal 0 0 -1
    outer loop
      vertex -2.06187 -3.14746 56
      vertex 2.06187 -3.14746 56
      vertex 2.20413 -4.59179 56
    endloop
  endfacet
  facet normal 0 0 -1
    outer loop
      vertex -1.96183 -1.45104 56
      vertex 1.96183 -1.45104 56
      vertex 1.96345 -1.53375 56
    endloop
  endfacet
  facet normal 0 0 -1
    outer loop
      vertex 1.96183 -1.45104 56
      vertex -1.96183 -1.45104 56
      vertex 1.93333 0 56
    endloop
  endfacet
  facet normal 0 0 -1
    outer loop
      vertex -1.96345 -1.53375 56
      vertex 1.96345 -1.53375 56
      vertex 1.96832 -1.61633 56
    endloop
  endfacet
  facet normal 0 0 -1
    outer loop
      vertex -1.96832 -1.61633 56
      vertex 1.96832 -1.61633 56
      vertex 2.05376 -3.06513 56
    endloop
  endfacet
  facet normal 0 0 -1
    outer loop
      vertex 2.06187 -3.14746 56
      vertex -2.06187 -3.14746 56
      vertex 2.05376 -3.06513 56
    endloop
  endfacet
  facet normal 0 0 -1
    outer loop
      vertex -2.20413 -4.59179 56
      vertex 2.20413 -4.59179 56
      vertex 2.40297 -6.02943 56
    endloop
  endfacet
  facet normal 0 0 -1
    outer loop
      vertex -2.40297 -6.02943 56
      vertex 2.40297 -6.02943 56
      vertex 2.41431 -6.11137 56
    endloop
  endfacet
  facet normal 0 0 -1
    outer loop
      vertex -2.41431 -6.11137 56
      vertex 2.41431 -6.11137 56
      vertex 2.66945 -7.54009 56
    endloop
  endfacet
  facet normal 0 0 -1
    outer loop
      vertex -2.66945 -7.54009 56
      vertex 2.66945 -7.54009 56
      vertex 2.68399 -7.62153 56
    endloop
  endfacet
  facet normal 0 0 -1
    outer loop
      vertex -2.68399 -7.62153 56
      vertex 2.68399 -7.62153 56
      vertex 2.70172 -7.70233 56
    endloop
  endfacet
  facet normal 0 0 -1
    outer loop
      vertex -2.70172 -7.70233 56
      vertex 2.70172 -7.70233 56
      vertex 3.01275 -9.11993 56
    endloop
  endfacet
  facet normal 0 0 -1
    outer loop
      vertex -3.01275 -9.11993 56
      vertex 3.01275 -9.11993 56
      vertex 3.3792 -10.5242 56
    endloop
  endfacet
  facet normal 0 0 -1
    outer loop
      vertex -3.3792 -10.5242 56
      vertex 3.3792 -10.5242 56
      vertex 3.40008 -10.6043 56
    endloop
  endfacet
  facet normal 0 0 -1
    outer loop
      vertex -3.40008 -10.6043 56
      vertex 3.40008 -10.6043 56
      vertex 3.4241 -10.6834 56
    endloop
  endfacet
  facet normal 0 0 -1
    outer loop
      vertex -3.4241 -10.6834 56
      vertex 3.4241 -10.6834 56
      vertex 3.84539 -12.0723 56
    endloop
  endfacet
  facet normal 0 0 -1
    outer loop
      vertex 3.8725 -12.1504 56
      vertex -3.8725 -12.1504 56
      vertex 3.84539 -12.0723 56
    endloop
  endfacet
  facet normal 0 0 -1
    outer loop
      vertex -4.34799 -13.5216 56
      vertex 4.34799 -13.5216 56
      vertex 4.87696 -14.8731 56
    endloop
  endfacet
  facet normal 0 0 -1
    outer loop
      vertex -4.87696 -14.8731 56
      vertex 4.87696 -14.8731 56
      vertex 4.90711 -14.9502 56
    endloop
  endfacet
  facet normal 0 0 -1
    outer loop
      vertex -4.90711 -14.9502 56
      vertex 4.90711 -14.9502 56
      vertex 4.94026 -15.026 56
    endloop
  endfacet
  facet normal 0 0 -1
    outer loop
      vertex -4.94026 -15.026 56
      vertex 4.94026 -15.026 56
      vertex 5.52187 -16.3556 56
    endloop
  endfacet
  facet normal -0 0 -1
    outer loop
      vertex 1.93333 0 56
      vertex -1.96183 -1.45104 56
      vertex -1.93333 0 56
    endloop
  endfacet
  facet normal 0 0 -1
    outer loop
      vertex 6.15524 -17.6615 56
      vertex -5.52187 -16.3556 56
      vertex 5.52187 -16.3556 56
    endloop
  endfacet
  facet normal 0 0 -1
    outer loop
      vertex 1.96345 -1.53375 56
      vertex -1.96345 -1.53375 56
      vertex -1.96183 -1.45104 56
    endloop
  endfacet
  facet normal 0 0 -1
    outer loop
      vertex 1.96832 -1.61633 56
      vertex -1.96832 -1.61633 56
      vertex -1.96345 -1.53375 56
    endloop
  endfacet
  facet normal 0 0 -1
    outer loop
      vertex 2.05376 -3.06513 56
      vertex -2.05376 -3.06513 56
      vertex -1.96832 -1.61633 56
    endloop
  endfacet
  facet normal 0 0 -1
    outer loop
      vertex -6.19135 -17.7359 56
      vertex 6.19135 -17.7359 56
      vertex 6.23034 -17.8089 56
    endloop
  endfacet
  facet normal 0 0 -1
    outer loop
      vertex -6.23034 -17.8089 56
      vertex 6.23034 -17.8089 56
      vertex 6.91449 -19.0888 56
    endloop
  endfacet
  facet normal -0 0 -1
    outer loop
      vertex 2.05376 -3.06513 56
      vertex -2.06187 -3.14746 56
      vertex -2.05376 -3.06513 56
    endloop
  endfacet
  facet normal 0 0 -1
    outer loop
      vertex 2.20413 -4.59179 56
      vertex -2.20413 -4.59179 56
      vertex -2.06187 -3.14746 56
    endloop
  endfacet
  facet normal 0 0 -1
    outer loop
      vertex 7.64836 -20.3409 56
      vertex -6.91449 -19.0888 56
      vertex 6.91449 -19.0888 56
    endloop
  endfacet
  facet normal 0 0 -1
    outer loop
      vertex 2.40297 -6.02943 56
      vertex -2.40297 -6.02943 56
      vertex -2.20413 -4.59179 56
    endloop
  endfacet
  facet normal 0 0 -1
    outer loop
      vertex 8.47266 -21.6346 56
      vertex -7.69019 -20.4123 56
      vertex 7.69019 -20.4123 56
    endloop
  endfacet
  facet normal 0 0 -1
    outer loop
      vertex 2.41431 -6.11137 56
      vertex -2.41431 -6.11137 56
      vertex -2.40297 -6.02943 56
    endloop
  endfacet
  facet normal 0 0 -1
    outer loop
      vertex -8.51725 -21.7043 56
      vertex 8.51725 -21.7043 56
      vertex 8.56455 -21.7721 56
    endloop
  endfacet
  facet normal 0 0 -1
    outer loop
      vertex -8.56455 -21.7721 56
      vertex 8.56455 -21.7721 56
      vertex 9.3944 -22.9628 56
    endloop
  endfacet
  facet normal 0 0 -1
    outer loop
      vertex 2.66945 -7.54009 56
      vertex -2.66945 -7.54009 56
      vertex -2.41431 -6.11137 56
    endloop
  endfacet
  facet normal 0 0 -1
    outer loop
      vertex -9.3944 -22.9628 56
      vertex 9.3944 -22.9628 56
      vertex 10.2704 -24.12 56
    endloop
  endfacet
  facet normal 0 0 -1
    outer loop
      vertex -10.2704 -24.12 56
      vertex 10.2704 -24.12 56
      vertex 10.3203 -24.1859 56
    endloop
  endfacet
  facet normal 0 0 -1
    outer loop
      vertex 2.68399 -7.62153 56
      vertex -2.68399 -7.62153 56
      vertex -2.66945 -7.54009 56
    endloop
  endfacet
  facet normal 0 0 -1
    outer loop
      vertex 2.70172 -7.70233 56
      vertex -2.70172 -7.70233 56
      vertex -2.68399 -7.62153 56
    endloop
  endfacet
  facet normal 0 0 -1
    outer loop
      vertex 3.01275 -9.11993 56
      vertex -3.01275 -9.11993 56
      vertex -2.70172 -7.70233 56
    endloop
  endfacet
  facet normal 0 0 -1
    outer loop
      vertex 11.241 -25.3078 56
      vertex -10.3203 -24.1859 56
      vertex 10.3203 -24.1859 56
    endloop
  endfacet
  facet normal 0 0 -1
    outer loop
      vertex 3.3792 -10.5242 56
      vertex -3.3792 -10.5242 56
      vertex -3.01275 -9.11993 56
    endloop
  endfacet
  facet normal 0 0 -1
    outer loop
      vertex 12.2575 -26.4566 56
      vertex -11.2935 -25.3718 56
      vertex 11.2935 -25.3718 56
    endloop
  endfacet
  facet normal 0 0 -1
    outer loop
      vertex -12.3125 -26.5185 56
      vertex 12.3125 -26.5185 56
      vertex 12.3698 -26.5781 56
    endloop
  endfacet
  facet normal 0 0 -1
    outer loop
      vertex -12.3698 -26.5781 56
      vertex 12.3698 -26.5781 56
      vertex 13.3757 -27.6243 56
    endloop
  endfacet
  facet normal 0 0 -1
    outer loop
      vertex 3.40008 -10.6043 56
      vertex -3.40008 -10.6043 56
      vertex -3.3792 -10.5242 56
    endloop
  endfacet
  facet normal 0 0 -1
    outer loop
      vertex 3.4241 -10.6834 56
      vertex -3.4241 -10.6834 56
      vertex -3.40008 -10.6043 56
    endloop
  endfacet
  facet normal 0 0 -1
    outer loop
      vertex 3.84539 -12.0723 56
      vertex -3.84539 -12.0723 56
      vertex -3.4241 -10.6834 56
    endloop
  endfacet
  facet normal 0 0 -1
    outer loop
      vertex 14.4219 -28.6302 56
      vertex -13.3757 -27.6243 56
      vertex 13.3757 -27.6243 56
    endloop
  endfacet
  facet normal -0 0 -1
    outer loop
      vertex 3.84539 -12.0723 56
      vertex -3.8725 -12.1504 56
      vertex -3.84539 -12.0723 56
    endloop
  endfacet
  facet normal 0 0 -1
    outer loop
      vertex 4.34799 -13.5216 56
      vertex -4.34799 -13.5216 56
      vertex -3.8725 -12.1504 56
    endloop
  endfacet
  facet normal 0 0 -1
    outer loop
      vertex 14.5434 -28.7425 56
      vertex -14.5434 -28.7425 56
      vertex 14.4815 -28.6875 56
    endloop
  endfacet
  facet normal 0 0 -1
    outer loop
      vertex 15.6922 -29.759 56
      vertex -15.6922 -29.759 56
      vertex 15.6282 -29.7065 56
    endloop
  endfacet
  facet normal 0 0 -1
    outer loop
      vertex 4.87696 -14.8731 56
      vertex -4.87696 -14.8731 56
      vertex -4.34799 -13.5216 56
    endloop
  endfacet
  facet normal 0 0 -1
    outer loop
      vertex -16.8141 -30.6797 56
      vertex 16.8141 -30.6797 56
      vertex 16.88 -30.7296 56
    endloop
  endfacet
  facet normal 0 0 -1
    outer loop
      vertex -16.88 -30.7296 56
      vertex 16.88 -30.7296 56
      vertex 18.0372 -31.6056 56
    endloop
  endfacet
  facet normal 0 0 -1
    outer loop
      vertex 4.90711 -14.9502 56
      vertex -4.90711 -14.9502 56
      vertex -4.87696 -14.8731 56
    endloop
  endfacet
  facet normal 0 0 -1
    outer loop
      vertex 4.94026 -15.026 56
      vertex -4.94026 -15.026 56
      vertex -4.90711 -14.9502 56
    endloop
  endfacet
  facet normal 0 0 -1
    outer loop
      vertex 5.52187 -16.3556 56
      vertex -5.52187 -16.3556 56
      vertex -4.94026 -15.026 56
    endloop
  endfacet
  facet normal 0 0 -1
    outer loop
      vertex 19.2279 -32.4354 56
      vertex -18.0372 -31.6056 56
      vertex 18.0372 -31.6056 56
    endloop
  endfacet
  facet normal 0 0 -1
    outer loop
      vertex 6.15524 -17.6615 56
      vertex -6.15524 -17.6615 56
      vertex -5.52187 -16.3556 56
    endloop
  endfacet
  facet normal 0 0 -1
    outer loop
      vertex 19.3654 -32.5273 56
      vertex -19.3654 -32.5273 56
      vertex 19.2957 -32.4827 56
    endloop
  endfacet
  facet normal 0 0 -1
    outer loop
      vertex 20.6591 -33.3516 56
      vertex -20.6591 -33.3516 56
      vertex 20.5877 -33.3098 56
    endloop
  endfacet
  facet normal 0 0 -1
    outer loop
      vertex 6.19135 -17.7359 56
      vertex -6.19135 -17.7359 56
      vertex -6.15524 -17.6615 56
    endloop
  endfacet
  facet normal 0 0 -1
    outer loop
      vertex 6.23034 -17.8089 56
      vertex -6.23034 -17.8089 56
      vertex -6.19135 -17.7359 56
    endloop
  endfacet
  facet normal 0 0 -1
    outer loop
      vertex 6.91449 -19.0888 56
      vertex -6.91449 -19.0888 56
      vertex -6.23034 -17.8089 56
    endloop
  endfacet
  facet normal 0 0 -1
    outer loop
      vertex -21.9112 -34.0855 56
      vertex 21.9112 -34.0855 56
      vertex 23.1911 -34.7697 56
    endloop
  endfacet
  facet normal 0 0 -1
    outer loop
      vertex -23.1911 -34.7697 56
      vertex 23.1911 -34.7697 56
      vertex 23.2641 -34.8087 56
    endloop
  endfacet
  facet normal 0 0 -1
    outer loop
      vertex 7.64836 -20.3409 56
      vertex -7.64836 -20.3409 56
      vertex -6.91449 -19.0888 56
    endloop
  endfacet
  facet normal 0 0 -1
    outer loop
      vertex -23.2641 -34.8087 56
      vertex 23.2641 -34.8087 56
      vertex 23.3385 -34.8448 56
    endloop
  endfacet
  facet normal 0 0 -1
    outer loop
      vertex -23.3385 -34.8448 56
      vertex 23.3385 -34.8448 56
      vertex 24.6444 -35.4781 56
    endloop
  endfacet
  facet normal 0 0 -1
    outer loop
      vertex 7.69019 -20.4123 56
      vertex -7.69019 -20.4123 56
      vertex -7.64836 -20.3409 56
    endloop
  endfacet
  facet normal 0 0 -1
    outer loop
      vertex 8.47266 -21.6346 56
      vertex -8.47266 -21.6346 56
      vertex -7.69019 -20.4123 56
    endloop
  endfacet
  facet normal 0 0 -1
    outer loop
      vertex 25.974 -36.0597 56
      vertex -24.6444 -35.4781 56
      vertex 24.6444 -35.4781 56
    endloop
  endfacet
  facet normal 0 0 -1
    outer loop
      vertex 8.51725 -21.7043 56
      vertex -8.51725 -21.7043 56
      vertex -8.47266 -21.6346 56
    endloop
  endfacet
  facet normal 0 0 -1
    outer loop
      vertex 8.56455 -21.7721 56
      vertex -8.56455 -21.7721 56
      vertex -8.51725 -21.7043 56
    endloop
  endfacet
  facet normal 0 0 -1
    outer loop
      vertex 9.3944 -22.9628 56
      vertex -9.3944 -22.9628 56
      vertex -8.56455 -21.7721 56
    endloop
  endfacet
  facet normal 0 0 -1
    outer loop
      vertex 26.1269 -36.123 56
      vertex -26.0498 -36.0929 56
      vertex 26.0498 -36.0929 56
    endloop
  endfacet
  facet normal 0 0 -1
    outer loop
      vertex 10.2704 -24.12 56
      vertex -10.2704 -24.12 56
      vertex -9.3944 -22.9628 56
    endloop
  endfacet
  facet normal 0 0 -1
    outer loop
      vertex -27.4784 -36.652 56
      vertex 27.4784 -36.652 56
      vertex 28.8496 -37.1275 56
    endloop
  endfacet
  facet normal 0 0 -1
    outer loop
      vertex -27.4784 -36.652 56
      vertex 28.8496 -37.1275 56
      vertex 28.9277 -37.1546 56
    endloop
  endfacet
  facet normal 0 0 -1
    outer loop
      vertex 10.3203 -24.1859 56
      vertex -10.3203 -24.1859 56
      vertex -10.2704 -24.12 56
    endloop
  endfacet
  facet normal 0 0 -1
    outer loop
      vertex 11.241 -25.3078 56
      vertex -11.241 -25.3078 56
      vertex -10.3203 -24.1859 56
    endloop
  endfacet
  facet normal 0 0 -1
    outer loop
      vertex -28.9277 -37.1546 56
      vertex 28.9277 -37.1546 56
      vertex 30.3166 -37.5759 56
    endloop
  endfacet
  facet normal 0 0 -1
    outer loop
      vertex -28.9277 -37.1546 56
      vertex 30.3166 -37.5759 56
      vertex 30.3957 -37.5999 56
    endloop
  endfacet
  facet normal 0 0 -1
    outer loop
      vertex 11.2935 -25.3718 56
      vertex -11.2935 -25.3718 56
      vertex -11.241 -25.3078 56
    endloop
  endfacet
  facet normal 0 0 -1
    outer loop
      vertex 12.2575 -26.4566 56
      vertex -12.2575 -26.4566 56
      vertex -11.2935 -25.3718 56
    endloop
  endfacet
  facet normal 0 0 -1
    outer loop
      vertex 12.3125 -26.5185 56
      vertex -12.3125 -26.5185 56
      vertex -12.2575 -26.4566 56
    endloop
  endfacet
  facet normal 0 0 -1
    outer loop
      vertex -30.3957 -37.5999 56
      vertex 30.3957 -37.5999 56
      vertex 31.8801 -37.9873 56
    endloop
  endfacet
  facet normal 0 0 -1
    outer loop
      vertex 12.3698 -26.5781 56
      vertex -12.3698 -26.5781 56
      vertex -12.3125 -26.5185 56
    endloop
  endfacet
  facet normal 0 0 -1
    outer loop
      vertex 13.3757 -27.6243 56
      vertex -13.3757 -27.6243 56
      vertex -12.3698 -26.5781 56
    endloop
  endfacet
  facet normal 0 -0 -1
    outer loop
      vertex -33.3785 -38.316 56
      vertex 33.3785 -38.316 56
      vertex -33.4599 -38.3306 56
    endloop
  endfacet
  facet normal 0 0 -1
    outer loop
      vertex 14.4219 -28.6302 56
      vertex -14.4219 -28.6302 56
      vertex -13.3757 -27.6243 56
    endloop
  endfacet
  facet normal 0 0 -1
    outer loop
      vertex 14.4815 -28.6875 56
      vertex -14.4815 -28.6875 56
      vertex -14.4219 -28.6302 56
    endloop
  endfacet
  facet normal -0 0 -1
    outer loop
      vertex 14.4815 -28.6875 56
      vertex -14.5434 -28.7425 56
      vertex -14.4815 -28.6875 56
    endloop
  endfacet
  facet normal 0 0 -1
    outer loop
      vertex 15.6282 -29.7065 56
      vertex -15.6282 -29.7065 56
      vertex -14.5434 -28.7425 56
    endloop
  endfacet
  facet normal -0 0 -1
    outer loop
      vertex 15.6282 -29.7065 56
      vertex -15.6922 -29.759 56
      vertex -15.6282 -29.7065 56
    endloop
  endfacet
  facet normal 0 0 -1
    outer loop
      vertex 16.8141 -30.6797 56
      vertex -16.8141 -30.6797 56
      vertex -15.6922 -29.759 56
    endloop
  endfacet
  facet normal 0 0 -1
    outer loop
      vertex 16.88 -30.7296 56
      vertex -16.88 -30.7296 56
      vertex -16.8141 -30.6797 56
    endloop
  endfacet
  facet normal 0 0 -1
    outer loop
      vertex 18.0372 -31.6056 56
      vertex -18.0372 -31.6056 56
      vertex -16.88 -30.7296 56
    endloop
  endfacet
  facet normal 0 0 -1
    outer loop
      vertex 19.2279 -32.4354 56
      vertex -19.2279 -32.4354 56
      vertex -18.0372 -31.6056 56
    endloop
  endfacet
  facet normal 0 0 -1
    outer loop
      vertex 19.2957 -32.4827 56
      vertex -19.2957 -32.4827 56
      vertex -19.2279 -32.4354 56
    endloop
  endfacet
  facet normal -0 0 -1
    outer loop
      vertex 19.2957 -32.4827 56
      vertex -19.3654 -32.5273 56
      vertex -19.2957 -32.4827 56
    endloop
  endfacet
  facet normal 0 0 -1
    outer loop
      vertex 20.5877 -33.3098 56
      vertex -20.5877 -33.3098 56
      vertex -19.3654 -32.5273 56
    endloop
  endfacet
  facet normal -0 0 -1
    outer loop
      vertex 20.5877 -33.3098 56
      vertex -20.6591 -33.3516 56
      vertex -20.5877 -33.3098 56
    endloop
  endfacet
  facet normal 0 0 -1
    outer loop
      vertex 21.9112 -34.0855 56
      vertex -21.9112 -34.0855 56
      vertex -20.6591 -33.3516 56
    endloop
  endfacet
  facet normal 0 0 -1
    outer loop
      vertex 23.1911 -34.7697 56
      vertex -23.1911 -34.7697 56
      vertex -21.9112 -34.0855 56
    endloop
  endfacet
  facet normal 0 0 -1
    outer loop
      vertex 23.2641 -34.8087 56
      vertex -23.2641 -34.8087 56
      vertex -23.1911 -34.7697 56
    endloop
  endfacet
  facet normal 0 0 -1
    outer loop
      vertex 23.3385 -34.8448 56
      vertex -23.3385 -34.8448 56
      vertex -23.2641 -34.8087 56
    endloop
  endfacet
  facet normal 0 0 -1
    outer loop
      vertex 24.6444 -35.4781 56
      vertex -24.6444 -35.4781 56
      vertex -23.3385 -34.8448 56
    endloop
  endfacet
  facet normal 0 0 -1
    outer loop
      vertex 25.974 -36.0597 56
      vertex -25.974 -36.0597 56
      vertex -24.6444 -35.4781 56
    endloop
  endfacet
  facet normal 0 0 -1
    outer loop
      vertex 26.0498 -36.0929 56
      vertex -26.0498 -36.0929 56
      vertex -25.974 -36.0597 56
    endloop
  endfacet
  facet normal 0 0 -1
    outer loop
      vertex 26.1269 -36.123 56
      vertex -26.1269 -36.123 56
      vertex -26.0498 -36.0929 56
    endloop
  endfacet
  facet normal 0 0 -1
    outer loop
      vertex 27.4784 -36.652 56
      vertex -27.4784 -36.652 56
      vertex -26.1269 -36.123 56
    endloop
  endfacet
  facet normal 0 0 -1
    outer loop
      vertex 28.9277 -37.1546 56
      vertex -28.8496 -37.1275 56
      vertex -27.4784 -36.652 56
    endloop
  endfacet
  facet normal 0 0 -1
    outer loop
      vertex 28.9277 -37.1546 56
      vertex -28.9277 -37.1546 56
      vertex -28.8496 -37.1275 56
    endloop
  endfacet
  facet normal 0 0 -1
    outer loop
      vertex 30.3957 -37.5999 56
      vertex -30.3166 -37.5759 56
      vertex -28.9277 -37.1546 56
    endloop
  endfacet
  facet normal 0 0 -1
    outer loop
      vertex 30.3957 -37.5999 56
      vertex -30.3957 -37.5999 56
      vertex -30.3166 -37.5759 56
    endloop
  endfacet
  facet normal 0 0 -1
    outer loop
      vertex 31.8801 -37.9873 56
      vertex -30.4758 -37.6208 56
      vertex -30.3957 -37.5999 56
    endloop
  endfacet
  facet normal 0 0 -1
    outer loop
      vertex 31.8801 -37.9873 56
      vertex -31.8801 -37.9873 56
      vertex -30.4758 -37.6208 56
    endloop
  endfacet
  facet normal -0 0 -1
    outer loop
      vertex 31.8801 -37.9873 56
      vertex -33.2977 -38.2983 56
      vertex -31.8801 -37.9873 56
    endloop
  endfacet
  facet normal 0 0 -1
    outer loop
      vertex 31.8801 -37.9873 56
      vertex -33.3785 -38.316 56
      vertex -33.2977 -38.2983 56
    endloop
  endfacet
  facet normal -0 0 -1
    outer loop
      vertex 33.2977 -38.2983 56
      vertex -33.3785 -38.316 56
      vertex 31.8801 -37.9873 56
    endloop
  endfacet
  facet normal 0 0 -1
    outer loop
      vertex 33.3785 -38.316 56
      vertex -33.3785 -38.316 56
      vertex 33.2977 -38.2983 56
    endloop
  endfacet
  facet normal 0 0 -1
    outer loop
      vertex -73 -48 56
      vertex -34.8886 -38.5857 56
      vertex 73 -48 56
    endloop
  endfacet
  facet normal 0 0 -1
    outer loop
      vertex -34.8886 -38.5857 56
      vertex -73 -48 56
      vertex -34.9706 -38.597 56
    endloop
  endfacet
  facet normal 0 0 -1
    outer loop
      vertex -34.9706 -38.597 56
      vertex -73 -48 56
      vertex -36.4082 -38.7959 56
    endloop
  endfacet
  facet normal 0 0 -1
    outer loop
      vertex -36.4082 -38.7959 56
      vertex -73 -48 56
      vertex -37.8525 -38.9381 56
    endloop
  endfacet
  facet normal 0 0 -1
    outer loop
      vertex -37.8525 -38.9381 56
      vertex -73 -48 56
      vertex -37.9349 -38.9462 56
    endloop
  endfacet
  facet normal 0 0 -1
    outer loop
      vertex -37.9349 -38.9462 56
      vertex -73 -48 56
      vertex -39.3837 -39.0317 56
    endloop
  endfacet
  facet normal 0 0 -1
    outer loop
      vertex -39.3837 -39.0317 56
      vertex -73 -48 56
      vertex -39.4663 -39.0365 56
    endloop
  endfacet
  facet normal 0 0 -1
    outer loop
      vertex -39.4663 -39.0365 56
      vertex -73 -48 56
      vertex -39.549 -39.0382 56
    endloop
  endfacet
  facet normal 0 0 -1
    outer loop
      vertex -39.549 -39.0382 56
      vertex -73 -48 56
      vertex -41 -39.0667 56
    endloop
  endfacet
  facet normal -0 0 -1
    outer loop
      vertex -41 -39.0667 56
      vertex -73 -48 56
      vertex -42.451 -39.0382 56
    endloop
  endfacet
  facet normal -0 0 -1
    outer loop
      vertex -42.451 -39.0382 56
      vertex -73 -48 56
      vertex -42.5337 -39.0365 56
    endloop
  endfacet
  facet normal -0 0 -1
    outer loop
      vertex -42.5337 -39.0365 56
      vertex -73 -48 56
      vertex -42.6163 -39.0317 56
    endloop
  endfacet
  facet normal 0 0 -1
    outer loop
      vertex -73 -48 56
      vertex -48.5401 -38.3306 56
      vertex -47.1114 -38.5857 56
    endloop
  endfacet
  facet normal 0 0 -1
    outer loop
      vertex -73 -48 56
      vertex -48.7023 -38.2983 56
      vertex -48.6215 -38.316 56
    endloop
  endfacet
  facet normal 0 0 -1
    outer loop
      vertex -73 -48 56
      vertex -51.5242 -37.6208 56
      vertex -50.1199 -37.9873 56
    endloop
  endfacet
  facet normal 0 0 -1
    outer loop
      vertex -73 -48 56
      vertex -51.6834 -37.5759 56
      vertex -51.6043 -37.5999 56
    endloop
  endfacet
  facet normal 0 0 -1
    outer loop
      vertex -73 -48 56
      vertex -55.8731 -36.123 56
      vertex -54.5216 -36.652 56
    endloop
  endfacet
  facet normal 0 0 -1
    outer loop
      vertex -73 -48 56
      vertex -56.026 -36.0597 56
      vertex -55.9502 -36.0929 56
    endloop
  endfacet
  facet normal 0 0 -1
    outer loop
      vertex -73 -48 56
      vertex -61.3409 -33.3516 56
      vertex -60.0888 -34.0855 56
    endloop
  endfacet
  facet normal 0 0 -1
    outer loop
      vertex -73 -48 56
      vertex -62.6346 -32.5273 56
      vertex -61.4123 -33.3098 56
    endloop
  endfacet
  facet normal 0 0 -1
    outer loop
      vertex -73 -48 56
      vertex -62.7721 -32.4354 56
      vertex -62.7043 -32.4827 56
    endloop
  endfacet
  facet normal 0 0 -1
    outer loop
      vertex -73 -48 56
      vertex -66.3078 -29.759 56
      vertex -65.1859 -30.6797 56
    endloop
  endfacet
  facet normal 0 0 -1
    outer loop
      vertex -76.1214 -47.6926 56
      vertex -67.4566 -28.7425 56
      vertex -66.3718 -29.7065 56
    endloop
  endfacet
  facet normal 0 0 -1
    outer loop
      vertex -80.2638 -46.2561 56
      vertex -67.5781 -28.6302 56
      vertex -67.5185 -28.6875 56
    endloop
  endfacet
  facet normal 0 0 -1
    outer loop
      vertex -86.3035 -40.8891 56
      vertex -69.6302 -26.5781 56
      vertex -68.6243 -27.6243 56
    endloop
  endfacet
  facet normal 0 0 -1
    outer loop
      vertex -89 -32 56
      vertex -70.759 -25.3078 56
      vertex -70.7065 -25.3718 56
    endloop
  endfacet
  facet normal -0 0 -1
    outer loop
      vertex -42.6163 -39.0317 56
      vertex -73 -48 56
      vertex -44.0651 -38.9462 56
    endloop
  endfacet
  facet normal 0 0 -1
    outer loop
      vertex -73 -48 56
      vertex -44.1475 -38.9381 56
      vertex -44.0651 -38.9462 56
    endloop
  endfacet
  facet normal 0 0 -1
    outer loop
      vertex -73 -48 56
      vertex -45.5918 -38.7959 56
      vertex -44.1475 -38.9381 56
    endloop
  endfacet
  facet normal 0 0 -1
    outer loop
      vertex -73 -48 56
      vertex -47.0294 -38.597 56
      vertex -45.5918 -38.7959 56
    endloop
  endfacet
  facet normal 0 0 -1
    outer loop
      vertex -73 -48 56
      vertex -47.1114 -38.5857 56
      vertex -47.0294 -38.597 56
    endloop
  endfacet
  facet normal -0 0 -1
    outer loop
      vertex -48.5401 -38.3306 56
      vertex -73 -48 56
      vertex -48.6215 -38.316 56
    endloop
  endfacet
  facet normal -0 0 -1
    outer loop
      vertex -48.7023 -38.2983 56
      vertex -73 -48 56
      vertex -50.1199 -37.9873 56
    endloop
  endfacet
  facet normal -0 0 -1
    outer loop
      vertex -51.5242 -37.6208 56
      vertex -73 -48 56
      vertex -51.6043 -37.5999 56
    endloop
  endfacet
  facet normal -0 0 -1
    outer loop
      vertex -51.6834 -37.5759 56
      vertex -73 -48 56
      vertex -53.0723 -37.1546 56
    endloop
  endfacet
  facet normal 0 0 -1
    outer loop
      vertex -73 -48 56
      vertex -53.1504 -37.1275 56
      vertex -53.0723 -37.1546 56
    endloop
  endfacet
  facet normal 0 0 -1
    outer loop
      vertex -73 -48 56
      vertex -54.5216 -36.652 56
      vertex -53.1504 -37.1275 56
    endloop
  endfacet
  facet normal -0 0 -1
    outer loop
      vertex -55.8731 -36.123 56
      vertex -73 -48 56
      vertex -55.9502 -36.0929 56
    endloop
  endfacet
  facet normal -0 0 -1
    outer loop
      vertex -56.026 -36.0597 56
      vertex -73 -48 56
      vertex -57.3556 -35.4781 56
    endloop
  endfacet
  facet normal 0 0 -1
    outer loop
      vertex -73 -48 56
      vertex -58.6615 -34.8448 56
      vertex -57.3556 -35.4781 56
    endloop
  endfacet
  facet normal 0 0 -1
    outer loop
      vertex -73 -48 56
      vertex -58.7359 -34.8087 56
      vertex -58.6615 -34.8448 56
    endloop
  endfacet
  facet normal 0 0 -1
    outer loop
      vertex -73 -48 56
      vertex -58.8088 -34.7697 56
      vertex -58.7359 -34.8087 56
    endloop
  endfacet
  facet normal 0 0 -1
    outer loop
      vertex -73 -48 56
      vertex -60.0888 -34.0855 56
      vertex -58.8088 -34.7697 56
    endloop
  endfacet
  facet normal -0 0 -1
    outer loop
      vertex -61.3409 -33.3516 56
      vertex -73 -48 56
      vertex -61.4123 -33.3098 56
    endloop
  endfacet
  facet normal -0 0 -1
    outer loop
      vertex -62.6346 -32.5273 56
      vertex -73 -48 56
      vertex -62.7043 -32.4827 56
    endloop
  endfacet
  facet normal -0 0 -1
    outer loop
      vertex -62.7721 -32.4354 56
      vertex -73 -48 56
      vertex -63.9628 -31.6056 56
    endloop
  endfacet
  facet normal 0 0 -1
    outer loop
      vertex -73 -48 56
      vertex -65.12 -30.7296 56
      vertex -63.9628 -31.6056 56
    endloop
  endfacet
  facet normal 0 0 -1
    outer loop
      vertex -73 -48 56
      vertex -65.1859 -30.6797 56
      vertex -65.12 -30.7296 56
    endloop
  endfacet
  facet normal -0 0 -1
    outer loop
      vertex -66.3078 -29.759 56
      vertex -73 -48 56
      vertex -66.3718 -29.7065 56
    endloop
  endfacet
  facet normal 0 0 -1
    outer loop
      vertex -73.6281 -47.9877 56
      vertex -66.3718 -29.7065 56
      vertex -73 -48 56
    endloop
  endfacet
  facet normal 0 0 -1
    outer loop
      vertex -74.2553 -47.9507 56
      vertex -66.3718 -29.7065 56
      vertex -73.6281 -47.9877 56
    endloop
  endfacet
  facet normal 0 0 -1
    outer loop
      vertex -74.8806 -47.8891 56
      vertex -66.3718 -29.7065 56
      vertex -74.2553 -47.9507 56
    endloop
  endfacet
  facet normal 0 0 -1
    outer loop
      vertex -75.5029 -47.803 56
      vertex -66.3718 -29.7065 56
      vertex -74.8806 -47.8891 56
    endloop
  endfacet
  facet normal 0 0 -1
    outer loop
      vertex -76.1214 -47.6926 56
      vertex -66.3718 -29.7065 56
      vertex -75.5029 -47.803 56
    endloop
  endfacet
  facet normal 0 0 -1
    outer loop
      vertex -76.7351 -47.5579 56
      vertex -67.4566 -28.7425 56
      vertex -76.1214 -47.6926 56
    endloop
  endfacet
  facet normal 0 0 -1
    outer loop
      vertex -77.343 -47.3993 56
      vertex -67.4566 -28.7425 56
      vertex -76.7351 -47.5579 56
    endloop
  endfacet
  facet normal 0 0 -1
    outer loop
      vertex -77.9443 -47.2169 56
      vertex -67.4566 -28.7425 56
      vertex -77.343 -47.3993 56
    endloop
  endfacet
  facet normal -0 0 -1
    outer loop
      vertex -67.4566 -28.7425 56
      vertex -77.9443 -47.2169 56
      vertex -67.5185 -28.6875 56
    endloop
  endfacet
  facet normal 0 0 -1
    outer loop
      vertex -78.5379 -47.011 56
      vertex -67.5185 -28.6875 56
      vertex -77.9443 -47.2169 56
    endloop
  endfacet
  facet normal 0 0 -1
    outer loop
      vertex -79.1229 -46.7821 56
      vertex -67.5185 -28.6875 56
      vertex -78.5379 -47.011 56
    endloop
  endfacet
  facet normal 0 0 -1
    outer loop
      vertex -79.6985 -46.5303 56
      vertex -67.5185 -28.6875 56
      vertex -79.1229 -46.7821 56
    endloop
  endfacet
  facet normal 0 0 -1
    outer loop
      vertex -80.2638 -46.2561 56
      vertex -67.5185 -28.6875 56
      vertex -79.6985 -46.5303 56
    endloop
  endfacet
  facet normal 0 0 -1
    outer loop
      vertex -67.5781 -28.6302 56
      vertex -80.2638 -46.2561 56
      vertex -80.8179 -45.9599 56
    endloop
  endfacet
  facet normal 0 0 -1
    outer loop
      vertex -67.5781 -28.6302 56
      vertex -80.8179 -45.9599 56
      vertex -81.36 -45.6422 56
    endloop
  endfacet
  facet normal 0 0 -1
    outer loop
      vertex -81.8891 -45.3035 56
      vertex -67.5781 -28.6302 56
      vertex -81.36 -45.6422 56
    endloop
  endfacet
  facet normal -0 0 -1
    outer loop
      vertex -67.5781 -28.6302 56
      vertex -81.8891 -45.3035 56
      vertex -68.6243 -27.6243 56
    endloop
  endfacet
  facet normal 0 0 -1
    outer loop
      vertex -82.4046 -44.9443 56
      vertex -68.6243 -27.6243 56
      vertex -81.8891 -45.3035 56
    endloop
  endfacet
  facet normal 0 0 -1
    outer loop
      vertex -82.9055 -44.5651 56
      vertex -68.6243 -27.6243 56
      vertex -82.4046 -44.9443 56
    endloop
  endfacet
  facet normal 0 0 -1
    outer loop
      vertex -83.3912 -44.1665 56
      vertex -68.6243 -27.6243 56
      vertex -82.9055 -44.5651 56
    endloop
  endfacet
  facet normal 0 0 -1
    outer loop
      vertex -83.8608 -43.7491 56
      vertex -68.6243 -27.6243 56
      vertex -83.3912 -44.1665 56
    endloop
  endfacet
  facet normal 0 0 -1
    outer loop
      vertex -84.3137 -43.3137 56
      vertex -68.6243 -27.6243 56
      vertex -83.8608 -43.7491 56
    endloop
  endfacet
  facet normal 0 0 -1
    outer loop
      vertex -84.7491 -42.8608 56
      vertex -68.6243 -27.6243 56
      vertex -84.3137 -43.3137 56
    endloop
  endfacet
  facet normal 0 0 -1
    outer loop
      vertex -85.1665 -42.3912 56
      vertex -68.6243 -27.6243 56
      vertex -84.7491 -42.8608 56
    endloop
  endfacet
  facet normal -0 0 -1
    outer loop
      vertex -75.8448 -17.6615 56
      vertex -89 -32 56
      vertex -76.4781 -16.3556 56
    endloop
  endfacet
  facet normal -0 0 -1
    outer loop
      vertex -76.4781 -16.3556 56
      vertex -89 -32 56
      vertex -77.0597 -15.026 56
    endloop
  endfacet
  facet normal -0 0 -1
    outer loop
      vertex -77.0597 -15.026 56
      vertex -89 -32 56
      vertex -77.0929 -14.9502 56
    endloop
  endfacet
  facet normal 0 0 -1
    outer loop
      vertex -85.5651 -41.9055 56
      vertex -68.6243 -27.6243 56
      vertex -85.1665 -42.3912 56
    endloop
  endfacet
  facet normal -0 0 -1
    outer loop
      vertex -77.0929 -14.9502 56
      vertex -89 -32 56
      vertex -77.123 -14.8731 56
    endloop
  endfacet
  facet normal 0 0 -1
    outer loop
      vertex -85.9443 -41.4046 56
      vertex -68.6243 -27.6243 56
      vertex -85.5651 -41.9055 56
    endloop
  endfacet
  facet normal -0 0 -1
    outer loop
      vertex -77.123 -14.8731 56
      vertex -89 -32 56
      vertex -77.652 -13.5216 56
    endloop
  endfacet
  facet normal -0 0 -1
    outer loop
      vertex -77.652 -13.5216 56
      vertex -89 -32 56
      vertex -78.1275 -12.1504 56
    endloop
  endfacet
  facet normal 0 0 -1
    outer loop
      vertex -86.3035 -40.8891 56
      vertex -68.6243 -27.6243 56
      vertex -85.9443 -41.4046 56
    endloop
  endfacet
  facet normal -0 0 -1
    outer loop
      vertex -78.1275 -12.1504 56
      vertex -89 -32 56
      vertex -78.1546 -12.0723 56
    endloop
  endfacet
  facet normal -0 0 -1
    outer loop
      vertex -78.1546 -12.0723 56
      vertex -89 -32 56
      vertex -78.5759 -10.6834 56
    endloop
  endfacet
  facet normal -0 0 -1
    outer loop
      vertex -78.5759 -10.6834 56
      vertex -89 -32 56
      vertex -78.5999 -10.6043 56
    endloop
  endfacet
  facet normal -0 0 -1
    outer loop
      vertex -78.5999 -10.6043 56
      vertex -89 -32 56
      vertex -78.6208 -10.5242 56
    endloop
  endfacet
  facet normal 0 0 -1
    outer loop
      vertex -86.6422 -40.36 56
      vertex -69.6302 -26.5781 56
      vertex -86.3035 -40.8891 56
    endloop
  endfacet
  facet normal -0 0 -1
    outer loop
      vertex -78.6208 -10.5242 56
      vertex -89 -32 56
      vertex -78.9873 -9.11993 56
    endloop
  endfacet
  facet normal -0 0 -1
    outer loop
      vertex -78.9873 -9.11993 56
      vertex -89 -32 56
      vertex -79.2983 -7.70233 56
    endloop
  endfacet
  facet normal -0 0 -1
    outer loop
      vertex -79.2983 -7.70233 56
      vertex -89 -32 56
      vertex -79.316 -7.62153 56
    endloop
  endfacet
  facet normal -0 0 -1
    outer loop
      vertex -79.316 -7.62153 56
      vertex -89 -32 56
      vertex -79.3306 -7.54009 56
    endloop
  endfacet
  facet normal -0 0 -1
    outer loop
      vertex -79.3306 -7.54009 56
      vertex -89 -32 56
      vertex -79.5857 -6.11137 56
    endloop
  endfacet
  facet normal 0 0 -1
    outer loop
      vertex -86.9599 -39.8179 56
      vertex -69.6302 -26.5781 56
      vertex -86.6422 -40.36 56
    endloop
  endfacet
  facet normal -0 0 -1
    outer loop
      vertex -79.5857 -6.11137 56
      vertex -89 -32 56
      vertex -79.597 -6.02943 56
    endloop
  endfacet
  facet normal -0 0 -1
    outer loop
      vertex -79.597 -6.02943 56
      vertex -89 -32 56
      vertex -79.7959 -4.59179 56
    endloop
  endfacet
  facet normal -0 0 -1
    outer loop
      vertex -79.7959 -4.59179 56
      vertex -89 -32 56
      vertex -79.9381 -3.14746 56
    endloop
  endfacet
  facet normal -0 0 -1
    outer loop
      vertex -79.9381 -3.14746 56
      vertex -89 -32 56
      vertex -79.9462 -3.06513 56
    endloop
  endfacet
  facet normal -0 0 -1
    outer loop
      vertex -79.9462 -3.06513 56
      vertex -89 -32 56
      vertex -80.0317 -1.61633 56
    endloop
  endfacet
  facet normal -0 0 -1
    outer loop
      vertex -80.0317 -1.61633 56
      vertex -89 -32 56
      vertex -80.0365 -1.53375 56
    endloop
  endfacet
  facet normal -0 0 -1
    outer loop
      vertex -80.0365 -1.53375 56
      vertex -89 -32 56
      vertex -80.0382 -1.45104 56
    endloop
  endfacet
  facet normal 0 0 -1
    outer loop
      vertex -87.2561 -39.2638 56
      vertex -69.6302 -26.5781 56
      vertex -86.9599 -39.8179 56
    endloop
  endfacet
  facet normal 0 0 -1
    outer loop
      vertex 73.5273 21.6346 56
      vertex 89 32 56
      vertex 74.3098 20.4123 56
    endloop
  endfacet
  facet normal 0 0 -1
    outer loop
      vertex 73.4827 21.7043 56
      vertex 89 32 56
      vertex 73.5273 21.6346 56
    endloop
  endfacet
  facet normal 0 0 -1
    outer loop
      vertex 73.4354 21.7721 56
      vertex 89 32 56
      vertex 73.4827 21.7043 56
    endloop
  endfacet
  facet normal 0 0 -1
    outer loop
      vertex 72.6056 22.9628 56
      vertex 89 32 56
      vertex 73.4354 21.7721 56
    endloop
  endfacet
  facet normal 0 0 -1
    outer loop
      vertex 71.7296 24.12 56
      vertex 89 32 56
      vertex 72.6056 22.9628 56
    endloop
  endfacet
  facet normal 0 0 -1
    outer loop
      vertex 71.6797 24.1859 56
      vertex 89 32 56
      vertex 71.7296 24.12 56
    endloop
  endfacet
  facet normal 0 0 -1
    outer loop
      vertex 70.759 25.3078 56
      vertex 89 32 56
      vertex 71.6797 24.1859 56
    endloop
  endfacet
  facet normal 0 0 -1
    outer loop
      vertex 70.7065 25.3718 56
      vertex 89 32 56
      vertex 70.759 25.3078 56
    endloop
  endfacet
  facet normal -0 0 -1
    outer loop
      vertex 89 32 56
      vertex 70.7065 25.3718 56
      vertex 88.9877 32.6281 56
    endloop
  endfacet
  facet normal -0 0 -1
    outer loop
      vertex 88.9877 32.6281 56
      vertex 70.7065 25.3718 56
      vertex 88.9507 33.2553 56
    endloop
  endfacet
  facet normal -0 0 -1
    outer loop
      vertex 88.9507 33.2553 56
      vertex 70.7065 25.3718 56
      vertex 88.8891 33.8806 56
    endloop
  endfacet
  facet normal -0 0 -1
    outer loop
      vertex 88.8891 33.8806 56
      vertex 70.7065 25.3718 56
      vertex 88.803 34.5029 56
    endloop
  endfacet
  facet normal -0 0 -1
    outer loop
      vertex 88.803 34.5029 56
      vertex 70.7065 25.3718 56
      vertex 88.6926 35.1214 56
    endloop
  endfacet
  facet normal 0 0 -1
    outer loop
      vertex 69.7425 26.4566 56
      vertex 88.6926 35.1214 56
      vertex 70.7065 25.3718 56
    endloop
  endfacet
  facet normal -0 0 -1
    outer loop
      vertex 88.6926 35.1214 56
      vertex 69.7425 26.4566 56
      vertex 88.5579 35.7351 56
    endloop
  endfacet
  facet normal -0 0 -1
    outer loop
      vertex 88.5579 35.7351 56
      vertex 69.7425 26.4566 56
      vertex 88.3993 36.343 56
    endloop
  endfacet
  facet normal -0 0 -1
    outer loop
      vertex 88.3993 36.343 56
      vertex 69.7425 26.4566 56
      vertex 88.2169 36.9443 56
    endloop
  endfacet
  facet normal -0 0 -1
    outer loop
      vertex 88.2169 36.9443 56
      vertex 69.7425 26.4566 56
      vertex 88.011 37.5379 56
    endloop
  endfacet
  facet normal 0 0 -1
    outer loop
      vertex 69.6875 26.5185 56
      vertex 88.011 37.5379 56
      vertex 69.7425 26.4566 56
    endloop
  endfacet
  facet normal -0 0 -1
    outer loop
      vertex 88.011 37.5379 56
      vertex 69.6875 26.5185 56
      vertex 87.7821 38.1229 56
    endloop
  endfacet
  facet normal -0 0 -1
    outer loop
      vertex 87.7821 38.1229 56
      vertex 69.6875 26.5185 56
      vertex 87.5303 38.6985 56
    endloop
  endfacet
  facet normal -0 0 -1
    outer loop
      vertex 87.5303 38.6985 56
      vertex 69.6875 26.5185 56
      vertex 87.2561 39.2638 56
    endloop
  endfacet
  facet normal 0 0 -1
    outer loop
      vertex 69.6302 26.5781 56
      vertex 87.2561 39.2638 56
      vertex 69.6875 26.5185 56
    endloop
  endfacet
  facet normal -0 0 -1
    outer loop
      vertex 87.2561 39.2638 56
      vertex 69.6302 26.5781 56
      vertex 86.9599 39.8179 56
    endloop
  endfacet
  facet normal -0 0 -1
    outer loop
      vertex 86.9599 39.8179 56
      vertex 69.6302 26.5781 56
      vertex 86.6422 40.36 56
    endloop
  endfacet
  facet normal -0 0 -1
    outer loop
      vertex 86.6422 40.36 56
      vertex 69.6302 26.5781 56
      vertex 86.3035 40.8891 56
    endloop
  endfacet
  facet normal -0 0 -1
    outer loop
      vertex 86.3035 40.8891 56
      vertex 69.6302 26.5781 56
      vertex 85.9443 41.4046 56
    endloop
  endfacet
  facet normal 0 0 -1
    outer loop
      vertex 68.6243 27.6243 56
      vertex 85.9443 41.4046 56
      vertex 69.6302 26.5781 56
    endloop
  endfacet
  facet normal -0 0 -1
    outer loop
      vertex 85.9443 41.4046 56
      vertex 68.6243 27.6243 56
      vertex 85.5651 41.9055 56
    endloop
  endfacet
  facet normal -0 0 -1
    outer loop
      vertex 85.5651 41.9055 56
      vertex 68.6243 27.6243 56
      vertex 85.1665 42.3912 56
    endloop
  endfacet
  facet normal -0 0 -1
    outer loop
      vertex 85.1665 42.3912 56
      vertex 68.6243 27.6243 56
      vertex 84.7491 42.8608 56
    endloop
  endfacet
  facet normal -0 0 -1
    outer loop
      vertex 84.7491 42.8608 56
      vertex 68.6243 27.6243 56
      vertex 84.3137 43.3137 56
    endloop
  endfacet
  facet normal -0 0 -1
    outer loop
      vertex 84.3137 43.3137 56
      vertex 68.6243 27.6243 56
      vertex 83.8608 43.7491 56
    endloop
  endfacet
  facet normal -0 0 -1
    outer loop
      vertex 83.8608 43.7491 56
      vertex 68.6243 27.6243 56
      vertex 83.3912 44.1665 56
    endloop
  endfacet
  facet normal -0 0 -1
    outer loop
      vertex 83.3912 44.1665 56
      vertex 68.6243 27.6243 56
      vertex 82.9055 44.5651 56
    endloop
  endfacet
  facet normal -0 0 -1
    outer loop
      vertex 82.9055 44.5651 56
      vertex 68.6243 27.6243 56
      vertex 82.4046 44.9443 56
    endloop
  endfacet
  facet normal -0 0 -1
    outer loop
      vertex 82.4046 44.9443 56
      vertex 68.6243 27.6243 56
      vertex 81.8891 45.3035 56
    endloop
  endfacet
  facet normal 0 0 -1
    outer loop
      vertex 67.5781 28.6302 56
      vertex 81.8891 45.3035 56
      vertex 68.6243 27.6243 56
    endloop
  endfacet
  facet normal -0 0 -1
    outer loop
      vertex 81.8891 45.3035 56
      vertex 67.5781 28.6302 56
      vertex 81.36 45.6422 56
    endloop
  endfacet
  facet normal -0 0 -1
    outer loop
      vertex 81.36 45.6422 56
      vertex 67.5781 28.6302 56
      vertex 80.8179 45.9599 56
    endloop
  endfacet
  facet normal -0 0 -1
    outer loop
      vertex 80.8179 45.9599 56
      vertex 67.5781 28.6302 56
      vertex 80.2638 46.2561 56
    endloop
  endfacet
  facet normal -0 0 -1
    outer loop
      vertex 80.2638 46.2561 56
      vertex 67.5781 28.6302 56
      vertex 79.6985 46.5303 56
    endloop
  endfacet
  facet normal 0 0 -1
    outer loop
      vertex 67.5185 28.6875 56
      vertex 79.6985 46.5303 56
      vertex 67.5781 28.6302 56
    endloop
  endfacet
  facet normal -0 0 -1
    outer loop
      vertex 79.6985 46.5303 56
      vertex 67.5185 28.6875 56
      vertex 79.1229 46.7821 56
    endloop
  endfacet
  facet normal -0 0 -1
    outer loop
      vertex 79.1229 46.7821 56
      vertex 67.5185 28.6875 56
      vertex 78.5379 47.011 56
    endloop
  endfacet
  facet normal -0 0 -1
    outer loop
      vertex 78.5379 47.011 56
      vertex 67.5185 28.6875 56
      vertex 77.9443 47.2169 56
    endloop
  endfacet
  facet normal 0 0 -1
    outer loop
      vertex 67.4566 28.7425 56
      vertex 77.9443 47.2169 56
      vertex 67.5185 28.6875 56
    endloop
  endfacet
  facet normal -0 0 -1
    outer loop
      vertex 77.9443 47.2169 56
      vertex 67.4566 28.7425 56
      vertex 77.343 47.3993 56
    endloop
  endfacet
  facet normal -0 0 -1
    outer loop
      vertex 77.343 47.3993 56
      vertex 67.4566 28.7425 56
      vertex 76.7351 47.5579 56
    endloop
  endfacet
  facet normal -0 0 -1
    outer loop
      vertex 76.7351 47.5579 56
      vertex 67.4566 28.7425 56
      vertex 76.1214 47.6926 56
    endloop
  endfacet
  facet normal -0 0 -1
    outer loop
      vertex 76.1214 47.6926 56
      vertex 67.4566 28.7425 56
      vertex 75.5029 47.803 56
    endloop
  endfacet
  facet normal 0 0 -1
    outer loop
      vertex 66.3718 29.7065 56
      vertex 75.5029 47.803 56
      vertex 67.4566 28.7425 56
    endloop
  endfacet
  facet normal -0 0 -1
    outer loop
      vertex 75.5029 47.803 56
      vertex 66.3718 29.7065 56
      vertex 74.8806 47.8891 56
    endloop
  endfacet
  facet normal -0 0 -1
    outer loop
      vertex 74.8806 47.8891 56
      vertex 66.3718 29.7065 56
      vertex 74.2553 47.9507 56
    endloop
  endfacet
  facet normal -0 0 -1
    outer loop
      vertex 74.2553 47.9507 56
      vertex 66.3718 29.7065 56
      vertex 73.6281 47.9877 56
    endloop
  endfacet
  facet normal -0 0 -1
    outer loop
      vertex 73.6281 47.9877 56
      vertex 66.3718 29.7065 56
      vertex 73 48 56
    endloop
  endfacet
  facet normal 0 0 -1
    outer loop
      vertex 66.3078 29.759 56
      vertex 73 48 56
      vertex 66.3718 29.7065 56
    endloop
  endfacet
  facet normal 0 0 -1
    outer loop
      vertex 65.1859 30.6797 56
      vertex 73 48 56
      vertex 66.3078 29.759 56
    endloop
  endfacet
  facet normal 0 0 -1
    outer loop
      vertex 65.12 30.7296 56
      vertex 73 48 56
      vertex 65.1859 30.6797 56
    endloop
  endfacet
  facet normal 0 0 -1
    outer loop
      vertex 63.9628 31.6056 56
      vertex 73 48 56
      vertex 65.12 30.7296 56
    endloop
  endfacet
  facet normal 0 0 -1
    outer loop
      vertex 62.7721 32.4354 56
      vertex 73 48 56
      vertex 63.9628 31.6056 56
    endloop
  endfacet
  facet normal 0 0 -1
    outer loop
      vertex 62.7043 32.4827 56
      vertex 73 48 56
      vertex 62.7721 32.4354 56
    endloop
  endfacet
  facet normal 0 0 -1
    outer loop
      vertex 62.6346 32.5273 56
      vertex 73 48 56
      vertex 62.7043 32.4827 56
    endloop
  endfacet
  facet normal 0 0 -1
    outer loop
      vertex 61.4123 33.3098 56
      vertex 73 48 56
      vertex 62.6346 32.5273 56
    endloop
  endfacet
  facet normal 0 0 -1
    outer loop
      vertex 61.3409 33.3516 56
      vertex 73 48 56
      vertex 61.4123 33.3098 56
    endloop
  endfacet
  facet normal 0 0 -1
    outer loop
      vertex 60.0888 34.0855 56
      vertex 73 48 56
      vertex 61.3409 33.3516 56
    endloop
  endfacet
  facet normal 0 0 -1
    outer loop
      vertex 58.8088 34.7697 56
      vertex 73 48 56
      vertex 60.0888 34.0855 56
    endloop
  endfacet
  facet normal 0 0 -1
    outer loop
      vertex 58.7359 34.8087 56
      vertex 73 48 56
      vertex 58.8088 34.7697 56
    endloop
  endfacet
  facet normal 0 0 -1
    outer loop
      vertex 58.6615 34.8448 56
      vertex 73 48 56
      vertex 58.7359 34.8087 56
    endloop
  endfacet
  facet normal 0 0 -1
    outer loop
      vertex 57.3556 35.4781 56
      vertex 73 48 56
      vertex 58.6615 34.8448 56
    endloop
  endfacet
  facet normal 0 0 -1
    outer loop
      vertex 56.026 36.0597 56
      vertex 73 48 56
      vertex 57.3556 35.4781 56
    endloop
  endfacet
  facet normal 0 0 -1
    outer loop
      vertex 55.9502 36.0929 56
      vertex 73 48 56
      vertex 56.026 36.0597 56
    endloop
  endfacet
  facet normal 0 0 -1
    outer loop
      vertex 55.8731 36.123 56
      vertex 73 48 56
      vertex 55.9502 36.0929 56
    endloop
  endfacet
  facet normal 0 0 -1
    outer loop
      vertex 54.5216 36.652 56
      vertex 73 48 56
      vertex 55.8731 36.123 56
    endloop
  endfacet
  facet normal 0 0 -1
    outer loop
      vertex 53.1504 37.1275 56
      vertex 73 48 56
      vertex 54.5216 36.652 56
    endloop
  endfacet
  facet normal 0 0 -1
    outer loop
      vertex 53.0723 37.1546 56
      vertex 73 48 56
      vertex 53.1504 37.1275 56
    endloop
  endfacet
  facet normal 0 0 -1
    outer loop
      vertex 51.6834 37.5759 56
      vertex 73 48 56
      vertex 53.0723 37.1546 56
    endloop
  endfacet
  facet normal 0 0 -1
    outer loop
      vertex 51.6043 37.5999 56
      vertex 73 48 56
      vertex 51.6834 37.5759 56
    endloop
  endfacet
  facet normal 0 0 -1
    outer loop
      vertex 51.5242 37.6208 56
      vertex 73 48 56
      vertex 51.6043 37.5999 56
    endloop
  endfacet
  facet normal 0 0 -1
    outer loop
      vertex 50.1199 37.9873 56
      vertex 73 48 56
      vertex 51.5242 37.6208 56
    endloop
  endfacet
  facet normal 0 0 -1
    outer loop
      vertex 48.7023 38.2983 56
      vertex 73 48 56
      vertex 50.1199 37.9873 56
    endloop
  endfacet
  facet normal 0 0 -1
    outer loop
      vertex 48.6215 38.316 56
      vertex 73 48 56
      vertex 48.7023 38.2983 56
    endloop
  endfacet
  facet normal 0 0 -1
    outer loop
      vertex 48.5401 38.3306 56
      vertex 73 48 56
      vertex 48.6215 38.316 56
    endloop
  endfacet
  facet normal 0 0 -1
    outer loop
      vertex 47.1114 38.5857 56
      vertex 73 48 56
      vertex 48.5401 38.3306 56
    endloop
  endfacet
  facet normal 0 0 -1
    outer loop
      vertex 47.0294 38.597 56
      vertex 73 48 56
      vertex 47.1114 38.5857 56
    endloop
  endfacet
  facet normal 0 0 -1
    outer loop
      vertex 45.5918 38.7959 56
      vertex 73 48 56
      vertex 47.0294 38.597 56
    endloop
  endfacet
  facet normal 0 0 -1
    outer loop
      vertex 44.1475 38.9381 56
      vertex 73 48 56
      vertex 45.5918 38.7959 56
    endloop
  endfacet
  facet normal 0 0 -1
    outer loop
      vertex 44.0651 38.9462 56
      vertex 73 48 56
      vertex 44.1475 38.9381 56
    endloop
  endfacet
  facet normal 0 0 -1
    outer loop
      vertex 42.6163 39.0317 56
      vertex 73 48 56
      vertex 44.0651 38.9462 56
    endloop
  endfacet
  facet normal 0 0 -1
    outer loop
      vertex 42.5337 39.0365 56
      vertex 73 48 56
      vertex 42.6163 39.0317 56
    endloop
  endfacet
  facet normal 0 0 -1
    outer loop
      vertex 42.451 39.0382 56
      vertex 73 48 56
      vertex 42.5337 39.0365 56
    endloop
  endfacet
  facet normal 0 0 -1
    outer loop
      vertex 41 39.0667 56
      vertex 73 48 56
      vertex 42.451 39.0382 56
    endloop
  endfacet
  facet normal 0 0 -1
    outer loop
      vertex 39.549 39.0382 56
      vertex 73 48 56
      vertex 41 39.0667 56
    endloop
  endfacet
  facet normal 0 0 -1
    outer loop
      vertex 39.4663 39.0365 56
      vertex 73 48 56
      vertex 39.549 39.0382 56
    endloop
  endfacet
  facet normal 0 0 -1
    outer loop
      vertex 39.3837 39.0317 56
      vertex 73 48 56
      vertex 39.4663 39.0365 56
    endloop
  endfacet
  facet normal 0 0 -1
    outer loop
      vertex 37.9349 38.9462 56
      vertex 73 48 56
      vertex 39.3837 39.0317 56
    endloop
  endfacet
  facet normal 0 0 -1
    outer loop
      vertex 37.8525 38.9381 56
      vertex 73 48 56
      vertex 37.9349 38.9462 56
    endloop
  endfacet
  facet normal 0 0 -1
    outer loop
      vertex 36.4082 38.7959 56
      vertex 73 48 56
      vertex 37.8525 38.9381 56
    endloop
  endfacet
  facet normal 0 0 -1
    outer loop
      vertex 34.9706 38.597 56
      vertex 73 48 56
      vertex 36.4082 38.7959 56
    endloop
  endfacet
  facet normal 0 0 -1
    outer loop
      vertex 34.8886 38.5857 56
      vertex 73 48 56
      vertex 34.9706 38.597 56
    endloop
  endfacet
  facet normal 0 0 -1
    outer loop
      vertex -34.8886 38.5857 56
      vertex 34.8886 38.5857 56
      vertex 33.4599 38.3306 56
    endloop
  endfacet
  facet normal 0 0 -1
    outer loop
      vertex -34.8886 38.5857 56
      vertex 33.4599 38.3306 56
      vertex 33.3785 38.316 56
    endloop
  endfacet
  facet normal 0 0 -1
    outer loop
      vertex -33.3785 38.316 56
      vertex 33.3785 38.316 56
      vertex 33.2977 38.2983 56
    endloop
  endfacet
  facet normal 0 0 -1
    outer loop
      vertex -33.3785 38.316 56
      vertex 33.2977 38.2983 56
      vertex 31.8801 37.9873 56
    endloop
  endfacet
  facet normal 0 0 -1
    outer loop
      vertex 30.3957 37.5999 56
      vertex 31.8801 37.9873 56
      vertex 30.4758 37.6208 56
    endloop
  endfacet
  facet normal 0 0 -1
    outer loop
      vertex -26.0498 36.0929 56
      vertex 26.1269 36.123 56
      vertex 26.0498 36.0929 56
    endloop
  endfacet
  facet normal 0 0 -1
    outer loop
      vertex -24.6444 35.4781 56
      vertex 25.974 36.0597 56
      vertex 24.6444 35.4781 56
    endloop
  endfacet
  facet normal 0 0 -1
    outer loop
      vertex -20.6591 33.3516 56
      vertex 20.6591 33.3516 56
      vertex 20.5877 33.3098 56
    endloop
  endfacet
  facet normal 0 0 -1
    outer loop
      vertex -19.3654 32.5273 56
      vertex 19.3654 32.5273 56
      vertex 19.2957 32.4827 56
    endloop
  endfacet
  facet normal 0 0 -1
    outer loop
      vertex -18.0372 31.6056 56
      vertex 19.2279 32.4354 56
      vertex 18.0372 31.6056 56
    endloop
  endfacet
  facet normal 0 0 -1
    outer loop
      vertex -15.6922 29.759 56
      vertex 15.6922 29.759 56
      vertex 15.6282 29.7065 56
    endloop
  endfacet
  facet normal 0 0 -1
    outer loop
      vertex -14.5434 28.7425 56
      vertex 14.5434 28.7425 56
      vertex 14.4815 28.6875 56
    endloop
  endfacet
  facet normal 0 0 -1
    outer loop
      vertex -13.3757 27.6243 56
      vertex 14.4219 28.6302 56
      vertex 13.3757 27.6243 56
    endloop
  endfacet
  facet normal 0 0 -1
    outer loop
      vertex -11.2935 25.3718 56
      vertex 12.2575 26.4566 56
      vertex 11.2935 25.3718 56
    endloop
  endfacet
  facet normal 0 0 -1
    outer loop
      vertex -10.3203 24.1859 56
      vertex 11.241 25.3078 56
      vertex 10.3203 24.1859 56
    endloop
  endfacet
  facet normal 0 0 -1
    outer loop
      vertex -7.69019 20.4123 56
      vertex 8.47266 21.6346 56
      vertex 7.69019 20.4123 56
    endloop
  endfacet
  facet normal 0 0 -1
    outer loop
      vertex -6.91449 19.0888 56
      vertex 7.64836 20.3409 56
      vertex 6.91449 19.0888 56
    endloop
  endfacet
  facet normal 0 0 -1
    outer loop
      vertex -5.52187 16.3556 56
      vertex 6.15524 17.6615 56
      vertex 5.52187 16.3556 56
    endloop
  endfacet
  facet normal 0 0 -1
    outer loop
      vertex -3.8725 12.1504 56
      vertex 3.8725 12.1504 56
      vertex 3.84539 12.0723 56
    endloop
  endfacet
  facet normal 0 0 -1
    outer loop
      vertex -2.06187 3.14746 56
      vertex 2.06187 3.14746 56
      vertex 2.05376 3.06513 56
    endloop
  endfacet
  facet normal 0 0 -1
    outer loop
      vertex -1.96183 1.45104 56
      vertex 1.96183 1.45104 56
      vertex 1.93333 0 56
    endloop
  endfacet
  facet normal 0 0 -1
    outer loop
      vertex -1.96183 1.45104 56
      vertex 1.93333 0 56
      vertex -1.93333 0 56
    endloop
  endfacet
  facet normal 0 0 -1
    outer loop
      vertex 1.96183 1.45104 56
      vertex -1.96183 1.45104 56
      vertex 1.96345 1.53375 56
    endloop
  endfacet
  facet normal 0 0 -1
    outer loop
      vertex -1.96345 1.53375 56
      vertex 1.96345 1.53375 56
      vertex -1.96183 1.45104 56
    endloop
  endfacet
  facet normal 0 0 -1
    outer loop
      vertex 1.96345 1.53375 56
      vertex -1.96345 1.53375 56
      vertex 1.96832 1.61633 56
    endloop
  endfacet
  facet normal 0 0 -1
    outer loop
      vertex -1.96832 1.61633 56
      vertex 1.96832 1.61633 56
      vertex -1.96345 1.53375 56
    endloop
  endfacet
  facet normal 0 0 -1
    outer loop
      vertex 1.96832 1.61633 56
      vertex -1.96832 1.61633 56
      vertex 2.05376 3.06513 56
    endloop
  endfacet
  facet normal 0 0 -1
    outer loop
      vertex -2.05376 3.06513 56
      vertex 2.05376 3.06513 56
      vertex -1.96832 1.61633 56
    endloop
  endfacet
  facet normal 0 0 -1
    outer loop
      vertex -2.06187 3.14746 56
      vertex 2.05376 3.06513 56
      vertex -2.05376 3.06513 56
    endloop
  endfacet
  facet normal 0 0 -1
    outer loop
      vertex 2.06187 3.14746 56
      vertex -2.06187 3.14746 56
      vertex 2.20413 4.59179 56
    endloop
  endfacet
  facet normal 0 0 -1
    outer loop
      vertex -2.20413 4.59179 56
      vertex 2.20413 4.59179 56
      vertex -2.06187 3.14746 56
    endloop
  endfacet
  facet normal 0 0 -1
    outer loop
      vertex 2.20413 4.59179 56
      vertex -2.20413 4.59179 56
      vertex 2.40297 6.02943 56
    endloop
  endfacet
  facet normal 0 0 -1
    outer loop
      vertex -2.40297 6.02943 56
      vertex 2.40297 6.02943 56
      vertex -2.20413 4.59179 56
    endloop
  endfacet
  facet normal 0 0 -1
    outer loop
      vertex 2.40297 6.02943 56
      vertex -2.40297 6.02943 56
      vertex 2.41431 6.11137 56
    endloop
  endfacet
  facet normal 0 0 -1
    outer loop
      vertex -2.41431 6.11137 56
      vertex 2.41431 6.11137 56
      vertex -2.40297 6.02943 56
    endloop
  endfacet
  facet normal 0 0 -1
    outer loop
      vertex 2.41431 6.11137 56
      vertex -2.41431 6.11137 56
      vertex 2.66945 7.54009 56
    endloop
  endfacet
  facet normal 0 0 -1
    outer loop
      vertex -2.66945 7.54009 56
      vertex 2.66945 7.54009 56
      vertex -2.41431 6.11137 56
    endloop
  endfacet
  facet normal 0 0 -1
    outer loop
      vertex 2.66945 7.54009 56
      vertex -2.66945 7.54009 56
      vertex 2.68399 7.62153 56
    endloop
  endfacet
  facet normal 0 0 -1
    outer loop
      vertex -2.68399 7.62153 56
      vertex 2.68399 7.62153 56
      vertex -2.66945 7.54009 56
    endloop
  endfacet
  facet normal 0 0 -1
    outer loop
      vertex 2.68399 7.62153 56
      vertex -2.68399 7.62153 56
      vertex 2.70172 7.70233 56
    endloop
  endfacet
  facet normal 0 0 -1
    outer loop
      vertex -2.70172 7.70233 56
      vertex 2.70172 7.70233 56
      vertex -2.68399 7.62153 56
    endloop
  endfacet
  facet normal 0 0 -1
    outer loop
      vertex 2.70172 7.70233 56
      vertex -2.70172 7.70233 56
      vertex 3.01275 9.11993 56
    endloop
  endfacet
  facet normal 0 0 -1
    outer loop
      vertex -3.01275 9.11993 56
      vertex 3.01275 9.11993 56
      vertex -2.70172 7.70233 56
    endloop
  endfacet
  facet normal 0 0 -1
    outer loop
      vertex 3.01275 9.11993 56
      vertex -3.01275 9.11993 56
      vertex 3.3792 10.5242 56
    endloop
  endfacet
  facet normal 0 0 -1
    outer loop
      vertex -3.3792 10.5242 56
      vertex 3.3792 10.5242 56
      vertex -3.01275 9.11993 56
    endloop
  endfacet
  facet normal 0 0 -1
    outer loop
      vertex 3.3792 10.5242 56
      vertex -3.3792 10.5242 56
      vertex 3.40008 10.6043 56
    endloop
  endfacet
  facet normal 0 0 -1
    outer loop
      vertex -3.40008 10.6043 56
      vertex 3.40008 10.6043 56
      vertex -3.3792 10.5242 56
    endloop
  endfacet
  facet normal 0 0 -1
    outer loop
      vertex 3.40008 10.6043 56
      vertex -3.40008 10.6043 56
      vertex 3.4241 10.6834 56
    endloop
  endfacet
  facet normal 0 0 -1
    outer loop
      vertex -3.4241 10.6834 56
      vertex 3.4241 10.6834 56
      vertex -3.40008 10.6043 56
    endloop
  endfacet
  facet normal 0 0 -1
    outer loop
      vertex 3.4241 10.6834 56
      vertex -3.4241 10.6834 56
      vertex 3.84539 12.0723 56
    endloop
  endfacet
  facet normal 0 0 -1
    outer loop
      vertex -3.84539 12.0723 56
      vertex 3.84539 12.0723 56
      vertex -3.4241 10.6834 56
    endloop
  endfacet
  facet normal 0 0 -1
    outer loop
      vertex -3.8725 12.1504 56
      vertex 3.84539 12.0723 56
      vertex -3.84539 12.0723 56
    endloop
  endfacet
  facet normal 0 0 -1
    outer loop
      vertex 3.8725 12.1504 56
      vertex -3.8725 12.1504 56
      vertex 4.34799 13.5216 56
    endloop
  endfacet
  facet normal 0 0 -1
    outer loop
      vertex -4.34799 13.5216 56
      vertex 4.34799 13.5216 56
      vertex -3.8725 12.1504 56
    endloop
  endfacet
  facet normal 0 0 -1
    outer loop
      vertex 4.34799 13.5216 56
      vertex -4.34799 13.5216 56
      vertex 4.87696 14.8731 56
    endloop
  endfacet
  facet normal 0 0 -1
    outer loop
      vertex -4.87696 14.8731 56
      vertex 4.87696 14.8731 56
      vertex -4.34799 13.5216 56
    endloop
  endfacet
  facet normal 0 0 -1
    outer loop
      vertex 4.87696 14.8731 56
      vertex -4.87696 14.8731 56
      vertex 4.90711 14.9502 56
    endloop
  endfacet
  facet normal 0 0 -1
    outer loop
      vertex -4.90711 14.9502 56
      vertex 4.90711 14.9502 56
      vertex -4.87696 14.8731 56
    endloop
  endfacet
  facet normal 0 0 -1
    outer loop
      vertex 4.90711 14.9502 56
      vertex -4.90711 14.9502 56
      vertex 4.94026 15.026 56
    endloop
  endfacet
  facet normal 0 0 -1
    outer loop
      vertex -4.94026 15.026 56
      vertex 4.94026 15.026 56
      vertex -4.90711 14.9502 56
    endloop
  endfacet
  facet normal 0 0 -1
    outer loop
      vertex 4.94026 15.026 56
      vertex -4.94026 15.026 56
      vertex 5.52187 16.3556 56
    endloop
  endfacet
  facet normal 0 0 -1
    outer loop
      vertex -5.52187 16.3556 56
      vertex 5.52187 16.3556 56
      vertex -4.94026 15.026 56
    endloop
  endfacet
  facet normal 0 0 -1
    outer loop
      vertex -6.15524 17.6615 56
      vertex 6.15524 17.6615 56
      vertex -5.52187 16.3556 56
    endloop
  endfacet
  facet normal 0 0 -1
    outer loop
      vertex 6.15524 17.6615 56
      vertex -6.15524 17.6615 56
      vertex 6.19135 17.7359 56
    endloop
  endfacet
  facet normal 0 0 -1
    outer loop
      vertex -6.19135 17.7359 56
      vertex 6.19135 17.7359 56
      vertex -6.15524 17.6615 56
    endloop
  endfacet
  facet normal 0 0 -1
    outer loop
      vertex 6.19135 17.7359 56
      vertex -6.19135 17.7359 56
      vertex 6.23034 17.8089 56
    endloop
  endfacet
  facet normal 0 0 -1
    outer loop
      vertex -6.23034 17.8089 56
      vertex 6.23034 17.8089 56
      vertex -6.19135 17.7359 56
    endloop
  endfacet
  facet normal 0 0 -1
    outer loop
      vertex 6.23034 17.8089 56
      vertex -6.23034 17.8089 56
      vertex 6.91449 19.0888 56
    endloop
  endfacet
  facet normal 0 0 -1
    outer loop
      vertex -6.91449 19.0888 56
      vertex 6.91449 19.0888 56
      vertex -6.23034 17.8089 56
    endloop
  endfacet
  facet normal 0 0 -1
    outer loop
      vertex -7.64836 20.3409 56
      vertex 7.64836 20.3409 56
      vertex -6.91449 19.0888 56
    endloop
  endfacet
  facet normal 0 0 -1
    outer loop
      vertex 7.64836 20.3409 56
      vertex -7.64836 20.3409 56
      vertex 7.69019 20.4123 56
    endloop
  endfacet
  facet normal 0 0 -1
    outer loop
      vertex -7.69019 20.4123 56
      vertex 7.69019 20.4123 56
      vertex -7.64836 20.3409 56
    endloop
  endfacet
  facet normal 0 0 -1
    outer loop
      vertex -8.47266 21.6346 56
      vertex 8.47266 21.6346 56
      vertex -7.69019 20.4123 56
    endloop
  endfacet
  facet normal 0 0 -1
    outer loop
      vertex 8.47266 21.6346 56
      vertex -8.47266 21.6346 56
      vertex 8.51725 21.7043 56
    endloop
  endfacet
  facet normal 0 0 -1
    outer loop
      vertex -8.51725 21.7043 56
      vertex 8.51725 21.7043 56
      vertex -8.47266 21.6346 56
    endloop
  endfacet
  facet normal 0 0 -1
    outer loop
      vertex 8.51725 21.7043 56
      vertex -8.51725 21.7043 56
      vertex 8.56455 21.7721 56
    endloop
  endfacet
  facet normal 0 0 -1
    outer loop
      vertex -8.56455 21.7721 56
      vertex 8.56455 21.7721 56
      vertex -8.51725 21.7043 56
    endloop
  endfacet
  facet normal 0 0 -1
    outer loop
      vertex 8.56455 21.7721 56
      vertex -8.56455 21.7721 56
      vertex 9.3944 22.9628 56
    endloop
  endfacet
  facet normal 0 0 -1
    outer loop
      vertex -9.3944 22.9628 56
      vertex 9.3944 22.9628 56
      vertex -8.56455 21.7721 56
    endloop
  endfacet
  facet normal 0 0 -1
    outer loop
      vertex 9.3944 22.9628 56
      vertex -9.3944 22.9628 56
      vertex 10.2704 24.12 56
    endloop
  endfacet
  facet normal 0 0 -1
    outer loop
      vertex -10.2704 24.12 56
      vertex 10.2704 24.12 56
      vertex -9.3944 22.9628 56
    endloop
  endfacet
  facet normal 0 0 -1
    outer loop
      vertex 10.2704 24.12 56
      vertex -10.2704 24.12 56
      vertex 10.3203 24.1859 56
    endloop
  endfacet
  facet normal 0 0 -1
    outer loop
      vertex -10.3203 24.1859 56
      vertex 10.3203 24.1859 56
      vertex -10.2704 24.12 56
    endloop
  endfacet
  facet normal 0 0 -1
    outer loop
      vertex -11.241 25.3078 56
      vertex 11.241 25.3078 56
      vertex -10.3203 24.1859 56
    endloop
  endfacet
  facet normal 0 0 -1
    outer loop
      vertex 11.241 25.3078 56
      vertex -11.241 25.3078 56
      vertex 11.2935 25.3718 56
    endloop
  endfacet
  facet normal 0 0 -1
    outer loop
      vertex -11.2935 25.3718 56
      vertex 11.2935 25.3718 56
      vertex -11.241 25.3078 56
    endloop
  endfacet
  facet normal 0 0 -1
    outer loop
      vertex -12.2575 26.4566 56
      vertex 12.2575 26.4566 56
      vertex -11.2935 25.3718 56
    endloop
  endfacet
  facet normal 0 0 -1
    outer loop
      vertex 12.2575 26.4566 56
      vertex -12.2575 26.4566 56
      vertex 12.3125 26.5185 56
    endloop
  endfacet
  facet normal 0 0 -1
    outer loop
      vertex -12.3125 26.5185 56
      vertex 12.3125 26.5185 56
      vertex -12.2575 26.4566 56
    endloop
  endfacet
  facet normal 0 0 -1
    outer loop
      vertex 12.3125 26.5185 56
      vertex -12.3125 26.5185 56
      vertex 12.3698 26.5781 56
    endloop
  endfacet
  facet normal 0 0 -1
    outer loop
      vertex -12.3698 26.5781 56
      vertex 12.3698 26.5781 56
      vertex -12.3125 26.5185 56
    endloop
  endfacet
  facet normal 0 0 -1
    outer loop
      vertex 12.3698 26.5781 56
      vertex -12.3698 26.5781 56
      vertex 13.3757 27.6243 56
    endloop
  endfacet
  facet normal 0 0 -1
    outer loop
      vertex -13.3757 27.6243 56
      vertex 13.3757 27.6243 56
      vertex -12.3698 26.5781 56
    endloop
  endfacet
  facet normal 0 0 -1
    outer loop
      vertex -14.4219 28.6302 56
      vertex 14.4219 28.6302 56
      vertex -13.3757 27.6243 56
    endloop
  endfacet
  facet normal 0 0 -1
    outer loop
      vertex 14.4219 28.6302 56
      vertex -14.4219 28.6302 56
      vertex 14.4815 28.6875 56
    endloop
  endfacet
  facet normal 0 0 -1
    outer loop
      vertex -14.4815 28.6875 56
      vertex 14.4815 28.6875 56
      vertex -14.4219 28.6302 56
    endloop
  endfacet
  facet normal 0 0 -1
    outer loop
      vertex -14.5434 28.7425 56
      vertex 14.4815 28.6875 56
      vertex -14.4815 28.6875 56
    endloop
  endfacet
  facet normal 0 0 -1
    outer loop
      vertex 14.5434 28.7425 56
      vertex -14.5434 28.7425 56
      vertex 15.6282 29.7065 56
    endloop
  endfacet
  facet normal 0 0 -1
    outer loop
      vertex -15.6282 29.7065 56
      vertex 15.6282 29.7065 56
      vertex -14.5434 28.7425 56
    endloop
  endfacet
  facet normal 0 0 -1
    outer loop
      vertex -15.6922 29.759 56
      vertex 15.6282 29.7065 56
      vertex -15.6282 29.7065 56
    endloop
  endfacet
  facet normal 0 0 -1
    outer loop
      vertex 15.6922 29.759 56
      vertex -15.6922 29.759 56
      vertex 16.8141 30.6797 56
    endloop
  endfacet
  facet normal 0 0 -1
    outer loop
      vertex -16.8141 30.6797 56
      vertex 16.8141 30.6797 56
      vertex -15.6922 29.759 56
    endloop
  endfacet
  facet normal 0 0 -1
    outer loop
      vertex 16.8141 30.6797 56
      vertex -16.8141 30.6797 56
      vertex 16.88 30.7296 56
    endloop
  endfacet
  facet normal 0 0 -1
    outer loop
      vertex -16.88 30.7296 56
      vertex 16.88 30.7296 56
      vertex -16.8141 30.6797 56
    endloop
  endfacet
  facet normal 0 0 -1
    outer loop
      vertex 16.88 30.7296 56
      vertex -16.88 30.7296 56
      vertex 18.0372 31.6056 56
    endloop
  endfacet
  facet normal 0 0 -1
    outer loop
      vertex -18.0372 31.6056 56
      vertex 18.0372 31.6056 56
      vertex -16.88 30.7296 56
    endloop
  endfacet
  facet normal 0 0 -1
    outer loop
      vertex -19.2279 32.4354 56
      vertex 19.2279 32.4354 56
      vertex -18.0372 31.6056 56
    endloop
  endfacet
  facet normal 0 0 -1
    outer loop
      vertex 19.2279 32.4354 56
      vertex -19.2279 32.4354 56
      vertex 19.2957 32.4827 56
    endloop
  endfacet
  facet normal 0 0 -1
    outer loop
      vertex -19.2957 32.4827 56
      vertex 19.2957 32.4827 56
      vertex -19.2279 32.4354 56
    endloop
  endfacet
  facet normal 0 0 -1
    outer loop
      vertex -19.3654 32.5273 56
      vertex 19.2957 32.4827 56
      vertex -19.2957 32.4827 56
    endloop
  endfacet
  facet normal 0 0 -1
    outer loop
      vertex 19.3654 32.5273 56
      vertex -19.3654 32.5273 56
      vertex 20.5877 33.3098 56
    endloop
  endfacet
  facet normal 0 0 -1
    outer loop
      vertex -20.5877 33.3098 56
      vertex 20.5877 33.3098 56
      vertex -19.3654 32.5273 56
    endloop
  endfacet
  facet normal 0 0 -1
    outer loop
      vertex -20.6591 33.3516 56
      vertex 20.5877 33.3098 56
      vertex -20.5877 33.3098 56
    endloop
  endfacet
  facet normal 0 0 -1
    outer loop
      vertex 20.6591 33.3516 56
      vertex -20.6591 33.3516 56
      vertex 21.9112 34.0855 56
    endloop
  endfacet
  facet normal 0 0 -1
    outer loop
      vertex -21.9112 34.0855 56
      vertex 21.9112 34.0855 56
      vertex -20.6591 33.3516 56
    endloop
  endfacet
  facet normal 0 0 -1
    outer loop
      vertex 21.9112 34.0855 56
      vertex -21.9112 34.0855 56
      vertex 23.1911 34.7697 56
    endloop
  endfacet
  facet normal 0 0 -1
    outer loop
      vertex -23.1911 34.7697 56
      vertex 23.1911 34.7697 56
      vertex -21.9112 34.0855 56
    endloop
  endfacet
  facet normal 0 0 -1
    outer loop
      vertex 23.1911 34.7697 56
      vertex -23.1911 34.7697 56
      vertex 23.2641 34.8087 56
    endloop
  endfacet
  facet normal 0 0 -1
    outer loop
      vertex -23.2641 34.8087 56
      vertex 23.2641 34.8087 56
      vertex -23.1911 34.7697 56
    endloop
  endfacet
  facet normal 0 0 -1
    outer loop
      vertex 23.2641 34.8087 56
      vertex -23.2641 34.8087 56
      vertex 23.3385 34.8448 56
    endloop
  endfacet
  facet normal 0 0 -1
    outer loop
      vertex -23.3385 34.8448 56
      vertex 23.3385 34.8448 56
      vertex -23.2641 34.8087 56
    endloop
  endfacet
  facet normal 0 0 -1
    outer loop
      vertex 23.3385 34.8448 56
      vertex -23.3385 34.8448 56
      vertex 24.6444 35.4781 56
    endloop
  endfacet
  facet normal 0 0 -1
    outer loop
      vertex -24.6444 35.4781 56
      vertex 24.6444 35.4781 56
      vertex -23.3385 34.8448 56
    endloop
  endfacet
  facet normal 0 0 -1
    outer loop
      vertex -25.974 36.0597 56
      vertex 25.974 36.0597 56
      vertex -24.6444 35.4781 56
    endloop
  endfacet
  facet normal 0 0 -1
    outer loop
      vertex 25.974 36.0597 56
      vertex -25.974 36.0597 56
      vertex 26.0498 36.0929 56
    endloop
  endfacet
  facet normal 0 0 -1
    outer loop
      vertex -26.0498 36.0929 56
      vertex 26.0498 36.0929 56
      vertex -25.974 36.0597 56
    endloop
  endfacet
  facet normal 0 0 -1
    outer loop
      vertex -26.1269 36.123 56
      vertex 26.1269 36.123 56
      vertex -26.0498 36.0929 56
    endloop
  endfacet
  facet normal 0 0 -1
    outer loop
      vertex 26.1269 36.123 56
      vertex -26.1269 36.123 56
      vertex 27.4784 36.652 56
    endloop
  endfacet
  facet normal 0 0 -1
    outer loop
      vertex -27.4784 36.652 56
      vertex 27.4784 36.652 56
      vertex -26.1269 36.123 56
    endloop
  endfacet
  facet normal 0 0 -1
    outer loop
      vertex 27.4784 36.652 56
      vertex -27.4784 36.652 56
      vertex 28.8496 37.1275 56
    endloop
  endfacet
  facet normal -0 0 -1
    outer loop
      vertex 28.8496 37.1275 56
      vertex -27.4784 36.652 56
      vertex 28.9277 37.1546 56
    endloop
  endfacet
  facet normal 0 0 -1
    outer loop
      vertex -28.8496 37.1275 56
      vertex 28.9277 37.1546 56
      vertex -27.4784 36.652 56
    endloop
  endfacet
  facet normal 0 0 -1
    outer loop
      vertex -28.9277 37.1546 56
      vertex 28.9277 37.1546 56
      vertex -28.8496 37.1275 56
    endloop
  endfacet
  facet normal 0 0 -1
    outer loop
      vertex 28.9277 37.1546 56
      vertex -28.9277 37.1546 56
      vertex 30.3166 37.5759 56
    endloop
  endfacet
  facet normal -0 0 -1
    outer loop
      vertex 30.3166 37.5759 56
      vertex -28.9277 37.1546 56
      vertex 30.3957 37.5999 56
    endloop
  endfacet
  facet normal 0 0 -1
    outer loop
      vertex -30.3166 37.5759 56
      vertex 30.3957 37.5999 56
      vertex -28.9277 37.1546 56
    endloop
  endfacet
  facet normal 0 0 -1
    outer loop
      vertex -30.3957 37.5999 56
      vertex 30.3957 37.5999 56
      vertex -30.3166 37.5759 56
    endloop
  endfacet
  facet normal 0 0 -1
    outer loop
      vertex 30.3957 37.5999 56
      vertex -30.3957 37.5999 56
      vertex 31.8801 37.9873 56
    endloop
  endfacet
  facet normal 0 0 -1
    outer loop
      vertex -30.4758 37.6208 56
      vertex 31.8801 37.9873 56
      vertex -30.3957 37.5999 56
    endloop
  endfacet
  facet normal 0 0 -1
    outer loop
      vertex -31.8801 37.9873 56
      vertex 31.8801 37.9873 56
      vertex -30.4758 37.6208 56
    endloop
  endfacet
  facet normal 0 0 -1
    outer loop
      vertex -33.2977 38.2983 56
      vertex 31.8801 37.9873 56
      vertex -31.8801 37.9873 56
    endloop
  endfacet
  facet normal 0 0 -1
    outer loop
      vertex -33.3785 38.316 56
      vertex 31.8801 37.9873 56
      vertex -33.2977 38.2983 56
    endloop
  endfacet
  facet normal 0 0 -1
    outer loop
      vertex 33.3785 38.316 56
      vertex -33.3785 38.316 56
      vertex -33.4599 38.3306 56
    endloop
  endfacet
  facet normal 0 0 -1
    outer loop
      vertex 33.3785 38.316 56
      vertex -33.4599 38.3306 56
      vertex -34.8886 38.5857 56
    endloop
  endfacet
  facet normal 0 0 -1
    outer loop
      vertex 34.8886 38.5857 56
      vertex -34.8886 38.5857 56
      vertex 73 48 56
    endloop
  endfacet
  facet normal 0 0 -1
    outer loop
      vertex -73 48 56
      vertex -34.8886 38.5857 56
      vertex -34.9706 38.597 56
    endloop
  endfacet
  facet normal 0 0 -1
    outer loop
      vertex -73 48 56
      vertex -34.9706 38.597 56
      vertex -36.4082 38.7959 56
    endloop
  endfacet
  facet normal 0 0 -1
    outer loop
      vertex -73 48 56
      vertex -36.4082 38.7959 56
      vertex -37.8525 38.9381 56
    endloop
  endfacet
  facet normal 0 0 -1
    outer loop
      vertex -73 48 56
      vertex -37.8525 38.9381 56
      vertex -37.9349 38.9462 56
    endloop
  endfacet
  facet normal 0 0 -1
    outer loop
      vertex -73 48 56
      vertex -37.9349 38.9462 56
      vertex -39.3837 39.0317 56
    endloop
  endfacet
  facet normal 0 0 -1
    outer loop
      vertex -73 48 56
      vertex -39.3837 39.0317 56
      vertex -39.4663 39.0365 56
    endloop
  endfacet
  facet normal 0 0 -1
    outer loop
      vertex -73 48 56
      vertex -39.4663 39.0365 56
      vertex -39.549 39.0382 56
    endloop
  endfacet
  facet normal 0 0 -1
    outer loop
      vertex -73 48 56
      vertex -39.549 39.0382 56
      vertex -41 39.0667 56
    endloop
  endfacet
  facet normal 0 0 -1
    outer loop
      vertex -73 48 56
      vertex -41 39.0667 56
      vertex -42.451 39.0382 56
    endloop
  endfacet
  facet normal 0 0 -1
    outer loop
      vertex -73 48 56
      vertex -42.451 39.0382 56
      vertex -42.5337 39.0365 56
    endloop
  endfacet
  facet normal 0 0 -1
    outer loop
      vertex -73 48 56
      vertex -42.5337 39.0365 56
      vertex -42.6163 39.0317 56
    endloop
  endfacet
  facet normal 0 0 -1
    outer loop
      vertex -73 48 56
      vertex -42.6163 39.0317 56
      vertex -44.0651 38.9462 56
    endloop
  endfacet
  facet normal 0 0 -1
    outer loop
      vertex -73 48 56
      vertex -48.5401 38.3306 56
      vertex -48.6215 38.316 56
    endloop
  endfacet
  facet normal 0 0 -1
    outer loop
      vertex -73 48 56
      vertex -48.7023 38.2983 56
      vertex -50.1199 37.9873 56
    endloop
  endfacet
  facet normal 0 0 -1
    outer loop
      vertex -73 48 56
      vertex -51.5242 37.6208 56
      vertex -51.6043 37.5999 56
    endloop
  endfacet
  facet normal 0 0 -1
    outer loop
      vertex -73 48 56
      vertex -51.6834 37.5759 56
      vertex -53.0723 37.1546 56
    endloop
  endfacet
  facet normal 0 0 -1
    outer loop
      vertex -73 48 56
      vertex -55.8731 36.123 56
      vertex -55.9502 36.0929 56
    endloop
  endfacet
  facet normal 0 0 -1
    outer loop
      vertex -73 48 56
      vertex -56.026 36.0597 56
      vertex -57.3556 35.4781 56
    endloop
  endfacet
  facet normal 0 0 -1
    outer loop
      vertex -73 48 56
      vertex -61.3409 33.3516 56
      vertex -61.4123 33.3098 56
    endloop
  endfacet
  facet normal 0 0 -1
    outer loop
      vertex -73 48 56
      vertex -62.6346 32.5273 56
      vertex -62.7043 32.4827 56
    endloop
  endfacet
  facet normal 0 0 -1
    outer loop
      vertex -73 48 56
      vertex -62.7721 32.4354 56
      vertex -63.9628 31.6056 56
    endloop
  endfacet
  facet normal 0 0 -1
    outer loop
      vertex -73 48 56
      vertex -66.3078 29.759 56
      vertex -66.3718 29.7065 56
    endloop
  endfacet
  facet normal 0 0 -1
    outer loop
      vertex -77.9443 47.2169 56
      vertex -67.4566 28.7425 56
      vertex -67.5185 28.6875 56
    endloop
  endfacet
  facet normal 0 0 -1
    outer loop
      vertex -81.8891 45.3035 56
      vertex -67.5781 28.6302 56
      vertex -68.6243 27.6243 56
    endloop
  endfacet
  facet normal 0 0 -1
    outer loop
      vertex -87.2561 39.2638 56
      vertex -69.6302 26.5781 56
      vertex -69.6875 26.5185 56
    endloop
  endfacet
  facet normal 0 0 -1
    outer loop
      vertex -89 32 56
      vertex -70.759 25.3078 56
      vertex -71.6797 24.1859 56
    endloop
  endfacet
  facet normal 0 0 -1
    outer loop
      vertex -34.8886 38.5857 56
      vertex -73 48 56
      vertex 73 48 56
    endloop
  endfacet
  facet normal 0 0 -1
    outer loop
      vertex -44.1475 38.9381 56
      vertex -73 48 56
      vertex -44.0651 38.9462 56
    endloop
  endfacet
  facet normal 0 0 -1
    outer loop
      vertex -45.5918 38.7959 56
      vertex -73 48 56
      vertex -44.1475 38.9381 56
    endloop
  endfacet
  facet normal 0 0 -1
    outer loop
      vertex -47.0294 38.597 56
      vertex -73 48 56
      vertex -45.5918 38.7959 56
    endloop
  endfacet
  facet normal 0 0 -1
    outer loop
      vertex -47.1114 38.5857 56
      vertex -73 48 56
      vertex -47.0294 38.597 56
    endloop
  endfacet
  facet normal 0 0 -1
    outer loop
      vertex -48.5401 38.3306 56
      vertex -73 48 56
      vertex -47.1114 38.5857 56
    endloop
  endfacet
  facet normal 0 0 -1
    outer loop
      vertex -48.7023 38.2983 56
      vertex -73 48 56
      vertex -48.6215 38.316 56
    endloop
  endfacet
  facet normal 0 0 -1
    outer loop
      vertex -51.5242 37.6208 56
      vertex -73 48 56
      vertex -50.1199 37.9873 56
    endloop
  endfacet
  facet normal 0 0 -1
    outer loop
      vertex -51.6834 37.5759 56
      vertex -73 48 56
      vertex -51.6043 37.5999 56
    endloop
  endfacet
  facet normal 0 0 -1
    outer loop
      vertex -53.1504 37.1275 56
      vertex -73 48 56
      vertex -53.0723 37.1546 56
    endloop
  endfacet
  facet normal 0 0 -1
    outer loop
      vertex -54.5216 36.652 56
      vertex -73 48 56
      vertex -53.1504 37.1275 56
    endloop
  endfacet
  facet normal 0 0 -1
    outer loop
      vertex -55.8731 36.123 56
      vertex -73 48 56
      vertex -54.5216 36.652 56
    endloop
  endfacet
  facet normal 0 0 -1
    outer loop
      vertex -56.026 36.0597 56
      vertex -73 48 56
      vertex -55.9502 36.0929 56
    endloop
  endfacet
  facet normal 0 0 -1
    outer loop
      vertex -58.6615 34.8448 56
      vertex -73 48 56
      vertex -57.3556 35.4781 56
    endloop
  endfacet
  facet normal 0 0 -1
    outer loop
      vertex -58.7359 34.8087 56
      vertex -73 48 56
      vertex -58.6615 34.8448 56
    endloop
  endfacet
  facet normal 0 0 -1
    outer loop
      vertex -58.8088 34.7697 56
      vertex -73 48 56
      vertex -58.7359 34.8087 56
    endloop
  endfacet
  facet normal 0 0 -1
    outer loop
      vertex -60.0888 34.0855 56
      vertex -73 48 56
      vertex -58.8088 34.7697 56
    endloop
  endfacet
  facet normal 0 0 -1
    outer loop
      vertex -61.3409 33.3516 56
      vertex -73 48 56
      vertex -60.0888 34.0855 56
    endloop
  endfacet
  facet normal 0 0 -1
    outer loop
      vertex -62.6346 32.5273 56
      vertex -73 48 56
      vertex -61.4123 33.3098 56
    endloop
  endfacet
  facet normal 0 0 -1
    outer loop
      vertex -62.7721 32.4354 56
      vertex -73 48 56
      vertex -62.7043 32.4827 56
    endloop
  endfacet
  facet normal 0 0 -1
    outer loop
      vertex -65.12 30.7296 56
      vertex -73 48 56
      vertex -63.9628 31.6056 56
    endloop
  endfacet
  facet normal 0 0 -1
    outer loop
      vertex -65.1859 30.6797 56
      vertex -73 48 56
      vertex -65.12 30.7296 56
    endloop
  endfacet
  facet normal 0 0 -1
    outer loop
      vertex -66.3078 29.759 56
      vertex -73 48 56
      vertex -65.1859 30.6797 56
    endloop
  endfacet
  facet normal 0 0 -1
    outer loop
      vertex -67.4566 28.7425 56
      vertex -76.1214 47.6926 56
      vertex -66.3718 29.7065 56
    endloop
  endfacet
  facet normal 0 -0 -1
    outer loop
      vertex -80.8179 45.9599 56
      vertex -67.5781 28.6302 56
      vertex -81.36 45.6422 56
    endloop
  endfacet
  facet normal 0 0 -1
    outer loop
      vertex -69.6302 26.5781 56
      vertex -86.3035 40.8891 56
      vertex -68.6243 27.6243 56
    endloop
  endfacet
  facet normal 0 0 -1
    outer loop
      vertex -88.011 37.5379 56
      vertex -69.6875 26.5185 56
      vertex -69.7425 26.4566 56
    endloop
  endfacet
  facet normal 0 0 -1
    outer loop
      vertex -88.6926 35.1214 56
      vertex -69.7425 26.4566 56
      vertex -70.7065 25.3718 56
    endloop
  endfacet
  facet normal 0 0 -1
    outer loop
      vertex -70.759 25.3078 56
      vertex -89 32 56
      vertex -70.7065 25.3718 56
    endloop
  endfacet
  facet normal 0 0 -1
    outer loop
      vertex -89 32 56
      vertex -71.6797 24.1859 56
      vertex -71.7296 24.12 56
    endloop
  endfacet
  facet normal 0 0 -1
    outer loop
      vertex -89 32 56
      vertex -71.7296 24.12 56
      vertex -72.6056 22.9628 56
    endloop
  endfacet
  facet normal 0 0 -1
    outer loop
      vertex -89 32 56
      vertex -72.6056 22.9628 56
      vertex -73.4354 21.7721 56
    endloop
  endfacet
  facet normal 0 0 -1
    outer loop
      vertex -89 32 56
      vertex -73.4354 21.7721 56
      vertex -73.4827 21.7043 56
    endloop
  endfacet
  facet normal 0 0 -1
    outer loop
      vertex -89 32 56
      vertex -73.4827 21.7043 56
      vertex -73.5273 21.6346 56
    endloop
  endfacet
  facet normal 0 0 -1
    outer loop
      vertex -66.3718 29.7065 56
      vertex -73.6281 47.9877 56
      vertex -73 48 56
    endloop
  endfacet
  facet normal 0 0 -1
    outer loop
      vertex -66.3718 29.7065 56
      vertex -74.2553 47.9507 56
      vertex -73.6281 47.9877 56
    endloop
  endfacet
  facet normal 0 0 -1
    outer loop
      vertex -89 32 56
      vertex -73.5273 21.6346 56
      vertex -74.3098 20.4123 56
    endloop
  endfacet
  facet normal 0 0 -1
    outer loop
      vertex -89 32 56
      vertex -74.3098 20.4123 56
      vertex -74.3516 20.3409 56
    endloop
  endfacet
  facet normal 0 0 -1
    outer loop
      vertex -66.3718 29.7065 56
      vertex -74.8806 47.8891 56
      vertex -74.2553 47.9507 56
    endloop
  endfacet
  facet normal 0 0 -1
    outer loop
      vertex -89 32 56
      vertex -74.3516 20.3409 56
      vertex -75.0855 19.0888 56
    endloop
  endfacet
  facet normal 0 0 -1
    outer loop
      vertex -66.3718 29.7065 56
      vertex -75.5029 47.803 56
      vertex -74.8806 47.8891 56
    endloop
  endfacet
  facet normal 0 0 -1
    outer loop
      vertex -89 32 56
      vertex -75.0855 19.0888 56
      vertex -75.7697 17.8089 56
    endloop
  endfacet
  facet normal 0 0 -1
    outer loop
      vertex -89 32 56
      vertex -75.7697 17.8089 56
      vertex -75.8087 17.7359 56
    endloop
  endfacet
  facet normal 0 0 -1
    outer loop
      vertex -89 32 56
      vertex -75.8087 17.7359 56
      vertex -75.8448 17.6615 56
    endloop
  endfacet
  facet normal 0 0 -1
    outer loop
      vertex -66.3718 29.7065 56
      vertex -76.1214 47.6926 56
      vertex -75.5029 47.803 56
    endloop
  endfacet
  facet normal 0 0 -1
    outer loop
      vertex -89 32 56
      vertex -75.8448 17.6615 56
      vertex -76.4781 16.3556 56
    endloop
  endfacet
  facet normal 0 0 -1
    outer loop
      vertex -67.4566 28.7425 56
      vertex -76.7351 47.5579 56
      vertex -76.1214 47.6926 56
    endloop
  endfacet
  facet normal 0 0 -1
    outer loop
      vertex -89 32 56
      vertex -76.4781 16.3556 56
      vertex -77.0597 15.026 56
    endloop
  endfacet
  facet normal 0 0 -1
    outer loop
      vertex -89 32 56
      vertex -77.0597 15.026 56
      vertex -77.0929 14.9502 56
    endloop
  endfacet
  facet normal 0 0 -1
    outer loop
      vertex -89 32 56
      vertex -77.0929 14.9502 56
      vertex -77.123 14.8731 56
    endloop
  endfacet
  facet normal 0 0 -1
    outer loop
      vertex -70.7065 25.3718 56
      vertex -89 32 56
      vertex -88.9877 32.6281 56
    endloop
  endfacet
  facet normal 0 0 -1
    outer loop
      vertex -89 32 56
      vertex -77.123 14.8731 56
      vertex -77.652 13.5216 56
    endloop
  endfacet
  facet normal 0 0 -1
    outer loop
      vertex -67.4566 28.7425 56
      vertex -77.343 47.3993 56
      vertex -76.7351 47.5579 56
    endloop
  endfacet
  facet normal 0 0 -1
    outer loop
      vertex -89 32 56
      vertex -77.652 13.5216 56
      vertex -78.1275 12.1504 56
    endloop
  endfacet
  facet normal 0 0 -1
    outer loop
      vertex -89 32 56
      vertex -78.1275 12.1504 56
      vertex -78.1546 12.0723 56
    endloop
  endfacet
  facet normal 0 0 -1
    outer loop
      vertex -67.4566 28.7425 56
      vertex -77.9443 47.2169 56
      vertex -77.343 47.3993 56
    endloop
  endfacet
  facet normal 0 0 -1
    outer loop
      vertex -89 32 56
      vertex -78.1546 12.0723 56
      vertex -78.5759 10.6834 56
    endloop
  endfacet
  facet normal 0 0 -1
    outer loop
      vertex -89 32 56
      vertex -78.5759 10.6834 56
      vertex -78.5999 10.6043 56
    endloop
  endfacet
  facet normal 0 0 -1
    outer loop
      vertex -89 32 56
      vertex -78.5999 10.6043 56
      vertex -78.6208 10.5242 56
    endloop
  endfacet
  facet normal 0 0 -1
    outer loop
      vertex -89 32 56
      vertex -78.6208 10.5242 56
      vertex -78.9873 9.11993 56
    endloop
  endfacet
  facet normal 0 0 -1
    outer loop
      vertex -67.5185 28.6875 56
      vertex -78.5379 47.011 56
      vertex -77.9443 47.2169 56
    endloop
  endfacet
  facet normal 0 0 -1
    outer loop
      vertex -89 32 56
      vertex -78.9873 9.11993 56
      vertex -79.2983 7.70233 56
    endloop
  endfacet
  facet normal 0 0 -1
    outer loop
      vertex -89 32 56
      vertex -79.2983 7.70233 56
      vertex -79.316 7.62153 56
    endloop
  endfacet
  facet normal 0 0 -1
    outer loop
      vertex -89 32 56
      vertex -79.316 7.62153 56
      vertex -79.3306 7.54009 56
    endloop
  endfacet
  facet normal 0 0 -1
    outer loop
      vertex -89 32 56
      vertex -79.3306 7.54009 56
      vertex -79.5857 6.11137 56
    endloop
  endfacet
  facet normal 0 0 -1
    outer loop
      vertex -89 32 56
      vertex -79.5857 6.11137 56
      vertex -79.597 6.02943 56
    endloop
  endfacet
  facet normal 0 0 -1
    outer loop
      vertex -67.5185 28.6875 56
      vertex -79.1229 46.7821 56
      vertex -78.5379 47.011 56
    endloop
  endfacet
  facet normal 0 0 -1
    outer loop
      vertex -89 32 56
      vertex -79.597 6.02943 56
      vertex -79.7959 4.59179 56
    endloop
  endfacet
  facet normal 0 0 -1
    outer loop
      vertex -89 32 56
      vertex -79.7959 4.59179 56
      vertex -79.9381 3.14746 56
    endloop
  endfacet
  facet normal 0 0 -1
    outer loop
      vertex -89 32 56
      vertex -79.9381 3.14746 56
      vertex -79.9462 3.06513 56
    endloop
  endfacet
  facet normal 0 0 -1
    outer loop
      vertex -89 32 56
      vertex -79.9462 3.06513 56
      vertex -80.0317 1.61633 56
    endloop
  endfacet
  facet normal 0 0 -1
    outer loop
      vertex -89 32 56
      vertex -80.0317 1.61633 56
      vertex -80.0365 1.53375 56
    endloop
  endfacet
  facet normal 0 0 -1
    outer loop
      vertex -89 32 56
      vertex -80.0365 1.53375 56
      vertex -80.0382 1.45104 56
    endloop
  endfacet
  facet normal 0 0 -1
    outer loop
      vertex -89 32 56
      vertex -80.0382 1.45104 56
      vertex -80.0667 0 56
    endloop
  endfacet
  facet normal 0 0 -1
    outer loop
      vertex -67.5185 28.6875 56
      vertex -79.6985 46.5303 56
      vertex -79.1229 46.7821 56
    endloop
  endfacet
  facet normal -0 0 -1
    outer loop
      vertex -80.0382 -1.45104 56
      vertex -89 -32 56
      vertex -80.0667 0 56
    endloop
  endfacet
  facet normal -0 0 -1
    outer loop
      vertex -69.6302 -26.5781 56
      vertex -87.2561 -39.2638 56
      vertex -69.6875 -26.5185 56
    endloop
  endfacet
  facet normal 0 0 -1
    outer loop
      vertex -89 32 56
      vertex -80.0667 0 56
      vertex -89 -32 56
    endloop
  endfacet
  facet normal 0 0 -1
    outer loop
      vertex -87.5303 -38.6985 56
      vertex -69.6875 -26.5185 56
      vertex -87.2561 -39.2638 56
    endloop
  endfacet
  facet normal 0 0 -1
    outer loop
      vertex -67.5185 28.6875 56
      vertex -80.2638 46.2561 56
      vertex -79.6985 46.5303 56
    endloop
  endfacet
  facet normal 0 0 -1
    outer loop
      vertex -87.7821 -38.1229 56
      vertex -69.6875 -26.5185 56
      vertex -87.5303 -38.6985 56
    endloop
  endfacet
  facet normal 0 0 -1
    outer loop
      vertex -67.5781 28.6302 56
      vertex -80.2638 46.2561 56
      vertex -67.5185 28.6875 56
    endloop
  endfacet
  facet normal 0 0 -1
    outer loop
      vertex -88.011 -37.5379 56
      vertex -69.6875 -26.5185 56
      vertex -87.7821 -38.1229 56
    endloop
  endfacet
  facet normal 0 -0 -1
    outer loop
      vertex -80.2638 46.2561 56
      vertex -67.5781 28.6302 56
      vertex -80.8179 45.9599 56
    endloop
  endfacet
  facet normal -0 0 -1
    outer loop
      vertex -69.6875 -26.5185 56
      vertex -88.011 -37.5379 56
      vertex -69.7425 -26.4566 56
    endloop
  endfacet
  facet normal 0 0 -1
    outer loop
      vertex -67.5781 28.6302 56
      vertex -81.8891 45.3035 56
      vertex -81.36 45.6422 56
    endloop
  endfacet
  facet normal 0 0 -1
    outer loop
      vertex -88.2169 -36.9443 56
      vertex -69.7425 -26.4566 56
      vertex -88.011 -37.5379 56
    endloop
  endfacet
  facet normal 0 0 -1
    outer loop
      vertex -68.6243 27.6243 56
      vertex -82.4046 44.9443 56
      vertex -81.8891 45.3035 56
    endloop
  endfacet
  facet normal 0 0 -1
    outer loop
      vertex -88.3993 -36.343 56
      vertex -69.7425 -26.4566 56
      vertex -88.2169 -36.9443 56
    endloop
  endfacet
  facet normal 0 0 -1
    outer loop
      vertex -68.6243 27.6243 56
      vertex -82.9055 44.5651 56
      vertex -82.4046 44.9443 56
    endloop
  endfacet
  facet normal 0 0 -1
    outer loop
      vertex -88.5579 -35.7351 56
      vertex -69.7425 -26.4566 56
      vertex -88.3993 -36.343 56
    endloop
  endfacet
  facet normal 0 0 -1
    outer loop
      vertex -68.6243 27.6243 56
      vertex -83.3912 44.1665 56
      vertex -82.9055 44.5651 56
    endloop
  endfacet
  facet normal 0 0 -1
    outer loop
      vertex -88.6926 -35.1214 56
      vertex -69.7425 -26.4566 56
      vertex -88.5579 -35.7351 56
    endloop
  endfacet
  facet normal 0 0 -1
    outer loop
      vertex -68.6243 27.6243 56
      vertex -83.8608 43.7491 56
      vertex -83.3912 44.1665 56
    endloop
  endfacet
  facet normal -0 0 -1
    outer loop
      vertex -69.7425 -26.4566 56
      vertex -88.6926 -35.1214 56
      vertex -70.7065 -25.3718 56
    endloop
  endfacet
  facet normal 0 0 -1
    outer loop
      vertex -68.6243 27.6243 56
      vertex -84.3137 43.3137 56
      vertex -83.8608 43.7491 56
    endloop
  endfacet
  facet normal 0 0 -1
    outer loop
      vertex -88.803 -34.5029 56
      vertex -70.7065 -25.3718 56
      vertex -88.6926 -35.1214 56
    endloop
  endfacet
  facet normal 0 0 -1
    outer loop
      vertex -68.6243 27.6243 56
      vertex -84.7491 42.8608 56
      vertex -84.3137 43.3137 56
    endloop
  endfacet
  facet normal 0 0 -1
    outer loop
      vertex -88.8891 -33.8806 56
      vertex -70.7065 -25.3718 56
      vertex -88.803 -34.5029 56
    endloop
  endfacet
  facet normal 0 0 -1
    outer loop
      vertex -68.6243 27.6243 56
      vertex -85.1665 42.3912 56
      vertex -84.7491 42.8608 56
    endloop
  endfacet
  facet normal 0 0 -1
    outer loop
      vertex -88.9507 -33.2553 56
      vertex -70.7065 -25.3718 56
      vertex -88.8891 -33.8806 56
    endloop
  endfacet
  facet normal 0 0 -1
    outer loop
      vertex -68.6243 27.6243 56
      vertex -85.5651 41.9055 56
      vertex -85.1665 42.3912 56
    endloop
  endfacet
  facet normal 0 0 -1
    outer loop
      vertex -88.9877 -32.6281 56
      vertex -70.7065 -25.3718 56
      vertex -88.9507 -33.2553 56
    endloop
  endfacet
  facet normal 0 0 -1
    outer loop
      vertex -68.6243 27.6243 56
      vertex -85.9443 41.4046 56
      vertex -85.5651 41.9055 56
    endloop
  endfacet
  facet normal 0 0 -1
    outer loop
      vertex -89 -32 56
      vertex -70.7065 -25.3718 56
      vertex -88.9877 -32.6281 56
    endloop
  endfacet
  facet normal 0 0 -1
    outer loop
      vertex -68.6243 27.6243 56
      vertex -86.3035 40.8891 56
      vertex -85.9443 41.4046 56
    endloop
  endfacet
  facet normal -0 0 -1
    outer loop
      vertex -70.759 -25.3078 56
      vertex -89 -32 56
      vertex -71.6797 -24.1859 56
    endloop
  endfacet
  facet normal 0 0 -1
    outer loop
      vertex -69.6302 26.5781 56
      vertex -86.6422 40.36 56
      vertex -86.3035 40.8891 56
    endloop
  endfacet
  facet normal -0 0 -1
    outer loop
      vertex -71.6797 -24.1859 56
      vertex -89 -32 56
      vertex -71.7296 -24.12 56
    endloop
  endfacet
  facet normal 0 0 -1
    outer loop
      vertex -69.6302 26.5781 56
      vertex -86.9599 39.8179 56
      vertex -86.6422 40.36 56
    endloop
  endfacet
  facet normal -0 0 -1
    outer loop
      vertex -71.7296 -24.12 56
      vertex -89 -32 56
      vertex -72.6056 -22.9628 56
    endloop
  endfacet
  facet normal 0 0 -1
    outer loop
      vertex -69.6302 26.5781 56
      vertex -87.2561 39.2638 56
      vertex -86.9599 39.8179 56
    endloop
  endfacet
  facet normal -0 0 -1
    outer loop
      vertex -72.6056 -22.9628 56
      vertex -89 -32 56
      vertex -73.4354 -21.7721 56
    endloop
  endfacet
  facet normal 0 0 -1
    outer loop
      vertex -69.6875 26.5185 56
      vertex -87.5303 38.6985 56
      vertex -87.2561 39.2638 56
    endloop
  endfacet
  facet normal -0 0 -1
    outer loop
      vertex -73.4354 -21.7721 56
      vertex -89 -32 56
      vertex -73.4827 -21.7043 56
    endloop
  endfacet
  facet normal 0 0 -1
    outer loop
      vertex -69.6875 26.5185 56
      vertex -87.7821 38.1229 56
      vertex -87.5303 38.6985 56
    endloop
  endfacet
  facet normal -0 0 -1
    outer loop
      vertex -73.4827 -21.7043 56
      vertex -89 -32 56
      vertex -73.5273 -21.6346 56
    endloop
  endfacet
  facet normal 0 0 -1
    outer loop
      vertex -69.6875 26.5185 56
      vertex -88.011 37.5379 56
      vertex -87.7821 38.1229 56
    endloop
  endfacet
  facet normal -0 0 -1
    outer loop
      vertex -75.0855 -19.0888 56
      vertex -89 -32 56
      vertex -75.7697 -17.8089 56
    endloop
  endfacet
  facet normal 0 0 -1
    outer loop
      vertex -69.7425 26.4566 56
      vertex -88.2169 36.9443 56
      vertex -88.011 37.5379 56
    endloop
  endfacet
  facet normal -0 0 -1
    outer loop
      vertex -75.8087 -17.7359 56
      vertex -89 -32 56
      vertex -75.8448 -17.6615 56
    endloop
  endfacet
  facet normal 0 0 -1
    outer loop
      vertex -69.7425 26.4566 56
      vertex -88.3993 36.343 56
      vertex -88.2169 36.9443 56
    endloop
  endfacet
  facet normal -0 0 -1
    outer loop
      vertex -75.7697 -17.8089 56
      vertex -89 -32 56
      vertex -75.8087 -17.7359 56
    endloop
  endfacet
  facet normal 0 0 -1
    outer loop
      vertex -69.7425 26.4566 56
      vertex -88.5579 35.7351 56
      vertex -88.3993 36.343 56
    endloop
  endfacet
  facet normal -0 0 -1
    outer loop
      vertex -73.5273 -21.6346 56
      vertex -89 -32 56
      vertex -74.3098 -20.4123 56
    endloop
  endfacet
  facet normal 0 0 -1
    outer loop
      vertex -69.7425 26.4566 56
      vertex -88.6926 35.1214 56
      vertex -88.5579 35.7351 56
    endloop
  endfacet
  facet normal -0 0 -1
    outer loop
      vertex -74.3516 -20.3409 56
      vertex -89 -32 56
      vertex -75.0855 -19.0888 56
    endloop
  endfacet
  facet normal 0 0 -1
    outer loop
      vertex -70.7065 25.3718 56
      vertex -88.803 34.5029 56
      vertex -88.6926 35.1214 56
    endloop
  endfacet
  facet normal -0 0 -1
    outer loop
      vertex -74.3098 -20.4123 56
      vertex -89 -32 56
      vertex -74.3516 -20.3409 56
    endloop
  endfacet
  facet normal 0 0 -1
    outer loop
      vertex -70.7065 25.3718 56
      vertex -88.8891 33.8806 56
      vertex -88.803 34.5029 56
    endloop
  endfacet
  facet normal 0 0 -1
    outer loop
      vertex -70.7065 25.3718 56
      vertex -88.9507 33.2553 56
      vertex -88.8891 33.8806 56
    endloop
  endfacet
  facet normal 0 0 -1
    outer loop
      vertex -70.7065 25.3718 56
      vertex -88.9877 32.6281 56
      vertex -88.9507 33.2553 56
    endloop
  endfacet
  facet normal -0.664344 0.747427 0
    outer loop
      vertex -83.3912 44.1665 56
      vertex -83.8608 43.7491 60
      vertex -83.3912 44.1665 60
    endloop
  endfacet
  facet normal -0.664344 0.747427 0
    outer loop
      vertex -83.8608 43.7491 60
      vertex -83.3912 44.1665 56
      vertex -83.8608 43.7491 56
    endloop
  endfacet
  facet normal 0.881903 0.471431 0
    outer loop
      vertex 87.2561 39.2638 60
      vertex 86.9599 39.8179 56
      vertex 86.9599 39.8179 60
    endloop
  endfacet
  facet normal 0.881903 0.471431 0
    outer loop
      vertex 86.9599 39.8179 56
      vertex 87.2561 39.2638 60
      vertex 87.2561 39.2638 56
    endloop
  endfacet
  facet normal 0.63439 -0.773013 0
    outer loop
      vertex 82.9055 -44.5651 56
      vertex 83.3912 -44.1665 60
      vertex 82.9055 -44.5651 60
    endloop
  endfacet
  facet normal 0.63439 -0.773013 0
    outer loop
      vertex 83.3912 -44.1665 60
      vertex 82.9055 -44.5651 56
      vertex 83.3912 -44.1665 56
    endloop
  endfacet
  facet normal 0.603585 -0.797299 0
    outer loop
      vertex 82.4046 -44.9443 56
      vertex 82.9055 -44.5651 60
      vertex 82.4046 -44.9443 60
    endloop
  endfacet
  facet normal 0.603585 -0.797299 0
    outer loop
      vertex 82.9055 -44.5651 60
      vertex 82.4046 -44.9443 56
      vertex 82.9055 -44.5651 56
    endloop
  endfacet
  facet normal -0.916172 -0.400785 0
    outer loop
      vertex -87.5303 -38.6985 56
      vertex -87.7821 -38.1229 60
      vertex -87.7821 -38.1229 56
    endloop
  endfacet
  facet normal -0.916172 -0.400785 0
    outer loop
      vertex -87.7821 -38.1229 60
      vertex -87.5303 -38.6985 56
      vertex -87.5303 -38.6985 60
    endloop
  endfacet
  facet normal -0.956941 -0.290281 0
    outer loop
      vertex -88.2169 -36.9443 56
      vertex -88.3993 -36.343 60
      vertex -88.3993 -36.343 56
    endloop
  endfacet
  facet normal -0.956941 -0.290281 0
    outer loop
      vertex -88.3993 -36.343 60
      vertex -88.2169 -36.9443 56
      vertex -88.2169 -36.9443 60
    endloop
  endfacet
  facet normal -0.94854 0.287769 0.132139
    outer loop
      vertex -13.4194 -8.96149 3
      vertex -5.77414 -9.93472 60
      vertex -13.0888 -7.87177 3
    endloop
  endfacet
  facet normal -0.948546 0.287749 0.132139
    outer loop
      vertex -5.77414 -9.93472 60
      vertex -13.4194 -8.96149 3
      vertex -5.79067 -9.98921 60
    endloop
  endfacet
  facet normal -0.99104 -0.019462 0.132139
    outer loop
      vertex -4.4 0 60
      vertex -4.4271 1.37998 60
      vertex -12 0 3
    endloop
  endfacet
  facet normal -0.991039 -0.019497 0.132139
    outer loop
      vertex -12.0224 1.13853 3
      vertex -4.4271 1.37998 60
      vertex -4.42822 1.43691 60
    endloop
  endfacet
  facet normal -0.991039 -0.0194982 0.132139
    outer loop
      vertex -4.4271 1.37998 60
      vertex -12.0224 1.13853 3
      vertex -12 0 3
    endloop
  endfacet
  facet normal -0.0194617 0.99104 0.132139
    outer loop
      vertex -39.62 -36.5729 60
      vertex -41 -29 3
      vertex -41 -36.6 60
    endloop
  endfacet
  facet normal -0.597521 0.790888 0.132159
    outer loop
      vertex -23.0463 -22.7742 3
      vertex -19.4871 -29.61 60
      vertex -19.4417 -29.5757 60
    endloop
  endfacet
  facet normal -0.598284 0.790313 0.132138
    outer loop
      vertex -19.4871 -29.61 60
      vertex -23.0463 -22.7742 3
      vertex -23.9542 -23.4615 3
    endloop
  endfacet
  facet normal -0.288817 0.948225 0.132115
    outer loop
      vertex -32.0385 -27.5806 3
      vertex -31.0653 -35.2259 60
      vertex -31.0108 -35.2093 60
    endloop
  endfacet
  facet normal -0.287774 0.948539 0.132139
    outer loop
      vertex -31.0653 -35.2259 60
      vertex -32.0385 -27.5806 3
      vertex -33.1282 -27.9112 3
    endloop
  endfacet
  facet normal -0.714525 -0.687018 0.132138
    outer loop
      vertex -14.1633 24.8852 60
      vertex -15.1199 25.8801 60
      vertex -20.4939 20.5061 3
    endloop
  endfacet
  facet normal -0.658471 -0.740915 0.132139
    outer loop
      vertex -16.1985 26.914 60
      vertex -17.2302 27.8309 60
      vertex -22.166 22.0518 3
    endloop
  endfacet
  facet normal -0.834843 0.534393 0.132137
    outer loop
      vertex -10.5375 -20.2859 60
      vertex -9.79337 -19.1234 60
      vertex -16.2734 -15.1525 3
    endloop
  endfacet
  facet normal -0.740915 0.658471 0.132139
    outer loop
      vertex -14.086 -24.8015 60
      vertex -13.1691 -23.7698 60
      vertex -18.9482 -18.834 3
    endloop
  endfacet
  facet normal -0.981883 0.13581 0.132138
    outer loop
      vertex -4.85061 -5.7255 60
      vertex -4.6615 -4.35827 60
      vertex -12.357 -4.5366 3
    endloop
  endfacet
  facet normal -0.212446 0.968197 0.132139
    outer loop
      vertex -34.2301 -28.1987 3
      vertex -32.5115 -35.6009 60
      vertex -32.4559 -35.5887 60
    endloop
  endfacet
  facet normal -0.212475 0.968191 0.132139
    outer loop
      vertex -32.5115 -35.6009 60
      vertex -34.2301 -28.1987 3
      vertex -35.3424 -28.4428 3
    endloop
  endfacet
  facet normal -0.874191 0.467257 0.132139
    outer loop
      vertex -15.6976 -14.17 3
      vertex -8.38916 -16.6161 60
      vertex -15.1608 -13.1657 3
    endloop
  endfacet
  facet normal -0.874134 0.467365 0.132136
    outer loop
      vertex -8.38916 -16.6161 60
      vertex -15.6976 -14.17 3
      vertex -8.416 -16.6663 60
    endloop
  endfacet
  facet normal -0.981886 0.13579 0.132139
    outer loop
      vertex -12.357 -4.5366 3
      vertex -4.65369 -4.30187 60
      vertex -12.201 -3.40858 3
    endloop
  endfacet
  facet normal -0.981863 0.135964 0.132135
    outer loop
      vertex -4.65369 -4.30187 60
      vertex -12.357 -4.5366 3
      vertex -4.6615 -4.35827 60
    endloop
  endfacet
  facet normal -0.989514 0.0583194 0.132139
    outer loop
      vertex -12.0224 -1.13853 3
      vertex -4.43157 -1.49375 60
      vertex -4.42822 -1.43691 60
    endloop
  endfacet
  facet normal -0.989514 0.0583204 0.132139
    outer loop
      vertex -4.43157 -1.49375 60
      vertex -12.0224 -1.13853 3
      vertex -12.0894 -2.27531 3
    endloop
  endfacet
  facet normal -0.432832 0.891738 0.132139
    outer loop
      vertex -27.8343 -25.8392 3
      vertex -24.4352 -32.6357 60
      vertex -24.3839 -32.6108 60
    endloop
  endfacet
  facet normal -0.432606 0.891847 0.132139
    outer loop
      vertex -24.4352 -32.6357 60
      vertex -27.8343 -25.8392 3
      vertex -28.8589 -26.3362 3
    endloop
  endfacet
  facet normal -0.467257 -0.874191 0.132139
    outer loop
      vertex -26.83 25.3024 3
      vertex -24.3839 32.6108 60
      vertex -27.8343 25.8392 3
    endloop
  endfacet
  facet normal -0.466823 -0.874422 0.132149
    outer loop
      vertex -24.3839 32.6108 60
      vertex -26.83 25.3024 3
      vertex -24.3337 32.584 60
    endloop
  endfacet
  facet normal -0.975795 -0.174253 0.132138
    outer loop
      vertex -4.85061 5.7255 60
      vertex -5.09325 7.08425 60
      vertex -12.357 4.5366 3
    endloop
  endfacet
  facet normal -0.714525 0.687018 0.132138
    outer loop
      vertex -15.1199 -25.8801 60
      vertex -14.1633 -24.8852 60
      vertex -20.4939 -20.5061 3
    endloop
  endfacet
  facet normal -0.959115 0.250276 0.132139
    outer loop
      vertex -5.75976 -9.87963 60
      vertex -5.41126 -8.5441 60
      vertex -12.8013 -6.76991 3
    endloop
  endfacet
  facet normal -0.99104 0.019462 0.132139
    outer loop
      vertex -4.4271 -1.37998 60
      vertex -4.4 0 60
      vertex -12 0 3
    endloop
  endfacet
  facet normal -0.968191 0.212476 0.132139
    outer loop
      vertex -12.8013 -6.76991 3
      vertex -5.39906 -8.48849 60
      vertex -12.5572 -5.65762 3
    endloop
  endfacet
  facet normal -0.968205 0.21241 0.132139
    outer loop
      vertex -5.39906 -8.48849 60
      vertex -12.8013 -6.76991 3
      vertex -5.41126 -8.5441 60
    endloop
  endfacet
  facet normal -0.813237 0.566733 0.132138
    outer loop
      vertex -17.5385 -17.0458 3
      vertex -11.3574 -21.4662 60
      vertex -16.8874 -16.1115 3
    endloop
  endfacet
  facet normal -0.812783 0.567382 0.132139
    outer loop
      vertex -11.3574 -21.4662 60
      vertex -17.5385 -17.0458 3
      vertex -11.39 -21.5129 60
    endloop
  endfacet
  facet normal -0.855154 0.501249 0.132137
    outer loop
      vertex -9.79337 -19.1234 60
      vertex -9.09544 -17.9327 60
      vertex -16.2734 -15.1525 3
    endloop
  endfacet
  facet normal -0.90817 0.397199 0.132138
    outer loop
      vertex -14.6638 -12.1411 3
      vertex -7.73914 -15.2708 60
      vertex -14.2075 -11.0978 3
    endloop
  endfacet
  facet normal -0.907956 0.397688 0.132139
    outer loop
      vertex -7.73914 -15.2708 60
      vertex -14.6638 -12.1411 3
      vertex -7.76196 -15.3229 60
    endloop
  endfacet
  facet normal -0.598283 -0.790314 0.132138
    outer loop
      vertex -18.3412 28.7426 60
      vertex -19.4417 29.5757 60
      vertex -23.0463 22.7742 3
    endloop
  endfacet
  facet normal -0.598283 0.790314 0.132138
    outer loop
      vertex -19.4417 -29.5757 60
      vertex -18.3412 -28.7426 60
      vertex -23.0463 -22.7742 3
    endloop
  endfacet
  facet normal -0.989512 -0.0583574 0.132139
    outer loop
      vertex -4.43157 1.49375 60
      vertex -4.51283 2.8716 60
      vertex -12.0894 2.27531 3
    endloop
  endfacet
  facet normal -0.813197 0.566789 0.13214
    outer loop
      vertex -11.3574 -21.4662 60
      vertex -10.5682 -20.3339 60
      vertex -16.8874 -16.1115 3
    endloop
  endfacet
  facet normal -0.986459 0.0971521 0.132139
    outer loop
      vertex -4.64811 -4.2452 60
      vertex -4.51283 -2.8716 60
      vertex -12.0894 -2.27531 3
    endloop
  endfacet
  facet normal -0.968201 0.21243 0.132138
    outer loop
      vertex -5.39906 -8.48849 60
      vertex -5.10326 -7.14031 60
      vertex -12.5572 -5.65762 3
    endloop
  endfacet
  facet normal -0.2877 0.948561 0.13214
    outer loop
      vertex -31.0108 -35.2093 60
      vertex -29.69 -34.8087 60
      vertex -32.0385 -27.5806 3
    endloop
  endfacet
  facet normal -0.923048 -0.361277 0.132139
    outer loop
      vertex -6.6622 12.6679 60
      vertex -7.16526 13.9532 60
      vertex -13.7925 10.0374 3
    endloop
  endfacet
  facet normal -0.687018 0.714525 0.132138
    outer loop
      vertex -16.1148 -26.8367 60
      vertex -15.1199 -25.8801 60
      vertex -20.4939 -20.5061 3
    endloop
  endfacet
  facet normal -0.687018 -0.714525 0.132138
    outer loop
      vertex -15.1199 25.8801 60
      vertex -16.1148 26.8367 60
      vertex -20.4939 20.5061 3
    endloop
  endfacet
  facet normal -0.834791 0.534475 0.132139
    outer loop
      vertex -16.8874 -16.1115 3
      vertex -10.5375 -20.2859 60
      vertex -16.2734 -15.1525 3
    endloop
  endfacet
  facet normal -0.835044 0.53408 0.132139
    outer loop
      vertex -10.5375 -20.2859 60
      vertex -16.8874 -16.1115 3
      vertex -10.5682 -20.3339 60
    endloop
  endfacet
  facet normal -0.989512 0.0583574 0.132139
    outer loop
      vertex -4.51283 -2.8716 60
      vertex -4.43157 -1.49375 60
      vertex -12.0894 -2.27531 3
    endloop
  endfacet
  facet normal -0.834843 -0.534393 0.132137
    outer loop
      vertex -9.79337 19.1234 60
      vertex -10.5375 20.2859 60
      vertex -16.2734 15.1525 3
    endloop
  endfacet
  facet normal -0.567382 0.812783 0.132139
    outer loop
      vertex -23.9542 -23.4615 3
      vertex -19.5338 -29.6426 60
      vertex -19.4871 -29.61 60
    endloop
  endfacet
  facet normal -0.566733 0.813237 0.132138
    outer loop
      vertex -19.5338 -29.6426 60
      vertex -23.9542 -23.4615 3
      vertex -24.8885 -24.1126 3
    endloop
  endfacet
  facet normal -0.874175 0.467287 0.132138
    outer loop
      vertex -9.06665 -17.8835 60
      vertex -8.416 -16.6663 60
      vertex -15.6976 -14.17 3
    endloop
  endfacet
  facet normal -0.658471 0.740915 0.132139
    outer loop
      vertex -17.2302 -27.8309 60
      vertex -16.1985 -26.914 60
      vertex -22.166 -22.0518 3
    endloop
  endfacet
  facet normal -0.135793 0.981886 0.132138
    outer loop
      vertex -36.4634 -28.643 3
      vertex -36.6981 -36.3463 60
      vertex -36.6417 -36.3385 60
    endloop
  endfacet
  facet normal -0.135793 0.981886 0.132138
    outer loop
      vertex -36.6981 -36.3463 60
      vertex -36.4634 -28.643 3
      vertex -37.5914 -28.799 3
    endloop
  endfacet
  facet normal -0.0971663 0.986457 0.132139
    outer loop
      vertex -38.1284 -36.4872 60
      vertex -36.7548 -36.3519 60
      vertex -38.7247 -28.9106 3
    endloop
  endfacet
  facet normal -0.948549 -0.287741 0.132139
    outer loop
      vertex -5.79067 9.98921 60
      vertex -6.19133 11.31 60
      vertex -13.4194 8.96149 3
    endloop
  endfacet
  facet normal -0.360613 0.923308 0.132137
    outer loop
      vertex -29.9022 -26.7925 3
      vertex -27.0468 -33.8347 60
      vertex -26.9938 -33.814 60
    endloop
  endfacet
  facet normal -0.36125 0.923059 0.132138
    outer loop
      vertex -27.0468 -33.8347 60
      vertex -29.9022 -26.7925 3
      vertex -30.9626 -27.2075 3
    endloop
  endfacet
  facet normal -0.0583123 0.989514 0.132139
    outer loop
      vertex -38.1284 -36.4872 60
      vertex -38.7247 -28.9106 3
      vertex -39.5063 -36.5684 60
    endloop
  endfacet
  facet normal -0.398857 0.907443 0.132142
    outer loop
      vertex -28.8589 -26.3362 3
      vertex -25.7292 -33.2609 60
      vertex -25.6771 -33.238 60
    endloop
  endfacet
  facet normal -0.397199 0.90817 0.132139
    outer loop
      vertex -25.7292 -33.2609 60
      vertex -28.8589 -26.3362 3
      vertex -29.9022 -26.7925 3
    endloop
  endfacet
  facet normal -0.628728 0.766316 0.132138
    outer loop
      vertex -22.166 -22.0518 3
      vertex -17.2742 -27.867 60
      vertex -17.2302 -27.8309 60
    endloop
  endfacet
  facet normal -0.628808 0.766251 0.132139
    outer loop
      vertex -17.2742 -27.867 60
      vertex -22.166 -22.0518 3
      vertex -23.0463 -22.7742 3
    endloop
  endfacet
  facet normal -0.891863 0.432574 0.132138
    outer loop
      vertex -8.36431 -16.5648 60
      vertex -7.76196 -15.3229 60
      vertex -14.6638 -12.1411 3
    endloop
  endfacet
  facet normal -0.135806 0.981884 0.132138
    outer loop
      vertex -35.2745 -36.1494 60
      vertex -36.4634 -28.643 3
      vertex -36.6417 -36.3385 60
    endloop
  endfacet
  facet normal -0.53408 0.835044 0.132139
    outer loop
      vertex -24.8885 -24.1126 3
      vertex -20.7141 -30.4625 60
      vertex -20.6661 -30.4318 60
    endloop
  endfacet
  facet normal -0.534475 0.834791 0.132139
    outer loop
      vertex -20.7141 -30.4625 60
      vertex -24.8885 -24.1126 3
      vertex -25.8475 -24.7266 3
    endloop
  endfacet
  facet normal -0.36125 -0.923059 0.132138
    outer loop
      vertex -29.9022 26.7925 3
      vertex -27.0468 33.8347 60
      vertex -30.9626 27.2075 3
    endloop
  endfacet
  facet normal -0.360613 -0.923308 0.132137
    outer loop
      vertex -27.0468 33.8347 60
      vertex -29.9022 26.7925 3
      vertex -26.9938 33.814 60
    endloop
  endfacet
  facet normal -0.566733 -0.813237 0.132138
    outer loop
      vertex -23.9542 23.4615 3
      vertex -19.5338 29.6426 60
      vertex -24.8885 24.1126 3
    endloop
  endfacet
  facet normal -0.567382 -0.812783 0.132139
    outer loop
      vertex -19.5338 29.6426 60
      vertex -23.9542 23.4615 3
      vertex -19.4871 29.61 60
    endloop
  endfacet
  facet normal -0.212427 -0.968202 0.132138
    outer loop
      vertex -32.5115 35.6009 60
      vertex -33.8597 35.8967 60
      vertex -35.3424 28.4428 3
    endloop
  endfacet
  facet normal -0.766255 -0.628803 0.132139
    outer loop
      vertex -12.2574 22.6588 60
      vertex -13.133 23.7258 60
      vertex -18.2258 17.9537 3
    endloop
  endfacet
  facet normal -0.975793 0.174264 0.132138
    outer loop
      vertex -12.5572 -5.65762 3
      vertex -5.09325 -7.08425 60
      vertex -12.357 -4.5366 3
    endloop
  endfacet
  facet normal -0.975798 0.174237 0.132138
    outer loop
      vertex -5.09325 -7.08425 60
      vertex -12.5572 -5.65762 3
      vertex -5.10326 -7.14031 60
    endloop
  endfacet
  facet normal -0.534475 -0.834791 0.132139
    outer loop
      vertex -24.8885 24.1126 3
      vertex -20.7141 30.4625 60
      vertex -25.8475 24.7266 3
    endloop
  endfacet
  facet normal -0.53408 -0.835044 0.132139
    outer loop
      vertex -20.7141 30.4625 60
      vertex -24.8885 24.1126 3
      vertex -20.6661 30.4318 60
    endloop
  endfacet
  facet normal -0.991039 0.0194982 0.132139
    outer loop
      vertex -12.0224 -1.13853 3
      vertex -4.4271 -1.37998 60
      vertex -12 0 3
    endloop
  endfacet
  facet normal -0.991039 0.019497 0.132139
    outer loop
      vertex -4.4271 -1.37998 60
      vertex -12.0224 -1.13853 3
      vertex -4.42822 -1.43691 60
    endloop
  endfacet
  facet normal -0.95912 0.250256 0.132139
    outer loop
      vertex -13.0888 -7.87177 3
      vertex -5.75976 -9.87963 60
      vertex -12.8013 -6.76991 3
    endloop
  endfacet
  facet normal -0.959095 0.25035 0.132139
    outer loop
      vertex -5.75976 -9.87963 60
      vertex -13.0888 -7.87177 3
      vertex -5.77414 -9.93472 60
    endloop
  endfacet
  facet normal -0.174289 0.975788 0.132138
    outer loop
      vertex -35.2745 -36.1494 60
      vertex -33.9157 -35.9067 60
      vertex -36.4634 -28.643 3
    endloop
  endfacet
  facet normal -0.432545 0.891877 0.132137
    outer loop
      vertex -25.6771 -33.238 60
      vertex -24.4352 -32.6357 60
      vertex -28.8589 -26.3362 3
    endloop
  endfacet
  facet normal -0.135793 -0.981886 0.132138
    outer loop
      vertex -36.4634 28.643 3
      vertex -36.6981 36.3463 60
      vertex -37.5914 28.799 3
    endloop
  endfacet
  facet normal -0.135793 -0.981886 0.132138
    outer loop
      vertex -36.6981 36.3463 60
      vertex -36.4634 28.643 3
      vertex -36.6417 36.3385 60
    endloop
  endfacet
  facet normal -0.397206 -0.908167 0.132139
    outer loop
      vertex -25.7292 33.2609 60
      vertex -26.9938 33.814 60
      vertex -29.9022 26.7925 3
    endloop
  endfacet
  facet normal -0.397199 -0.90817 0.132139
    outer loop
      vertex -28.8589 26.3362 3
      vertex -25.7292 33.2609 60
      vertex -29.9022 26.7925 3
    endloop
  endfacet
  facet normal -0.398857 -0.907443 0.132142
    outer loop
      vertex -25.7292 33.2609 60
      vertex -28.8589 26.3362 3
      vertex -25.6771 33.238 60
    endloop
  endfacet
  facet normal -0.466823 0.874422 0.132149
    outer loop
      vertex -26.83 -25.3024 3
      vertex -24.3839 -32.6108 60
      vertex -24.3337 -32.584 60
    endloop
  endfacet
  facet normal -0.467257 0.874191 0.132139
    outer loop
      vertex -24.3839 -32.6108 60
      vertex -26.83 -25.3024 3
      vertex -27.8343 -25.8392 3
    endloop
  endfacet
  facet normal -0.790314 -0.598283 0.132138
    outer loop
      vertex -11.4243 21.5583 60
      vertex -12.2574 22.6588 60
      vertex -18.2258 17.9537 3
    endloop
  endfacet
  facet normal -0.501287 0.855132 0.132137
    outer loop
      vertex -23.0673 -31.9046 60
      vertex -21.8766 -31.2066 60
      vertex -25.8475 -24.7266 3
    endloop
  endfacet
  facet normal -0.959095 -0.25035 0.132139
    outer loop
      vertex -13.0888 7.87177 3
      vertex -5.75976 9.87963 60
      vertex -5.77414 9.93472 60
    endloop
  endfacet
  facet normal -0.95912 -0.250256 0.132139
    outer loop
      vertex -5.75976 9.87963 60
      vertex -13.0888 7.87177 3
      vertex -12.8013 6.76991 3
    endloop
  endfacet
  facet normal -0.174249 0.975796 0.132138
    outer loop
      vertex -35.3424 -28.4428 3
      vertex -33.9157 -35.9067 60
      vertex -33.8597 -35.8967 60
    endloop
  endfacet
  facet normal -0.174267 0.975792 0.132138
    outer loop
      vertex -33.9157 -35.9067 60
      vertex -35.3424 -28.4428 3
      vertex -36.4634 -28.643 3
    endloop
  endfacet
  facet normal -0.740952 0.65843 0.132137
    outer loop
      vertex -19.7046 -19.6852 3
      vertex -14.086 -24.8015 60
      vertex -18.9482 -18.834 3
    endloop
  endfacet
  facet normal -0.741432 0.65789 0.132136
    outer loop
      vertex -14.086 -24.8015 60
      vertex -19.7046 -19.6852 3
      vertex -14.1238 -24.8441 60
    endloop
  endfacet
  facet normal -0.628803 -0.766255 0.132139
    outer loop
      vertex -17.2742 27.867 60
      vertex -18.3412 28.7426 60
      vertex -23.0463 22.7742 3
    endloop
  endfacet
  facet normal -0.891847 0.432606 0.132139
    outer loop
      vertex -15.1608 -13.1657 3
      vertex -8.36431 -16.5648 60
      vertex -14.6638 -12.1411 3
    endloop
  endfacet
  facet normal -0.892079 0.432128 0.132138
    outer loop
      vertex -8.36431 -16.5648 60
      vertex -15.1608 -13.1657 3
      vertex -8.38916 -16.6161 60
    endloop
  endfacet
  facet normal -0.0974254 0.986432 0.132139
    outer loop
      vertex -37.5914 -28.799 3
      vertex -36.7548 -36.3519 60
      vertex -36.6981 -36.3463 60
    endloop
  endfacet
  facet normal -0.0971401 0.98646 0.132139
    outer loop
      vertex -36.7548 -36.3519 60
      vertex -37.5914 -28.799 3
      vertex -38.7247 -28.9106 3
    endloop
  endfacet
  facet normal -0.325437 0.936285 0.132141
    outer loop
      vertex -30.9626 -27.2075 3
      vertex -28.3859 -34.3565 60
      vertex -28.3321 -34.3378 60
    endloop
  endfacet
  facet normal -0.324765 0.936518 0.13214
    outer loop
      vertex -28.3859 -34.3565 60
      vertex -30.9626 -27.2075 3
      vertex -32.0385 -27.5806 3
    endloop
  endfacet
  facet normal -0.908159 0.397224 0.132139
    outer loop
      vertex -7.73914 -15.2708 60
      vertex -7.18601 -14.0062 60
      vertex -14.2075 -11.0978 3
    endloop
  endfacet
  facet normal -0.907956 -0.397688 0.132139
    outer loop
      vertex -14.6638 12.1411 3
      vertex -7.73914 15.2708 60
      vertex -7.76196 15.3229 60
    endloop
  endfacet
  facet normal -0.90817 -0.397199 0.132138
    outer loop
      vertex -7.73914 15.2708 60
      vertex -14.6638 12.1411 3
      vertex -14.2075 11.0978 3
    endloop
  endfacet
  facet normal -0.98646 0.0971427 0.132138
    outer loop
      vertex -12.201 -3.40858 3
      vertex -4.64811 -4.2452 60
      vertex -12.0894 -2.27531 3
    endloop
  endfacet
  facet normal -0.986461 0.0971317 0.132138
    outer loop
      vertex -4.64811 -4.2452 60
      vertex -12.201 -3.40858 3
      vertex -4.65369 -4.30187 60
    endloop
  endfacet
  facet normal -0.361301 0.923039 0.132139
    outer loop
      vertex -28.3321 -34.3378 60
      vertex -27.0468 -33.8347 60
      vertex -30.9626 -27.2075 3
    endloop
  endfacet
  facet normal -0.324743 0.936526 0.13214
    outer loop
      vertex -29.69 -34.8087 60
      vertex -28.3859 -34.3565 60
      vertex -32.0385 -27.5806 3
    endloop
  endfacet
  facet normal -0.212427 0.968202 0.132138
    outer loop
      vertex -33.8597 -35.8967 60
      vertex -32.5115 -35.6009 60
      vertex -35.3424 -28.4428 3
    endloop
  endfacet
  facet normal -0.981883 -0.13581 0.132138
    outer loop
      vertex -4.6615 4.35827 60
      vertex -4.85061 5.7255 60
      vertex -12.357 4.5366 3
    endloop
  endfacet
  facet normal -0.790888 -0.597521 0.132159
    outer loop
      vertex -18.2258 17.9537 3
      vertex -11.39 21.5129 60
      vertex -11.4243 21.5583 60
    endloop
  endfacet
  facet normal -0.790313 -0.598284 0.132138
    outer loop
      vertex -11.39 21.5129 60
      vertex -18.2258 17.9537 3
      vertex -17.5385 17.0458 3
    endloop
  endfacet
  facet normal -0.766316 -0.628728 0.132138
    outer loop
      vertex -18.9482 18.834 3
      vertex -13.133 23.7258 60
      vertex -13.1691 23.7698 60
    endloop
  endfacet
  facet normal -0.766251 -0.628808 0.132139
    outer loop
      vertex -13.133 23.7258 60
      vertex -18.9482 18.834 3
      vertex -18.2258 17.9537 3
    endloop
  endfacet
  facet normal -0.397206 0.908167 0.132139
    outer loop
      vertex -26.9938 -33.814 60
      vertex -25.7292 -33.2609 60
      vertex -29.9022 -26.7925 3
    endloop
  endfacet
  facet normal -0.628808 -0.766251 0.132139
    outer loop
      vertex -22.166 22.0518 3
      vertex -17.2742 27.867 60
      vertex -23.0463 22.7742 3
    endloop
  endfacet
  facet normal -0.628728 -0.766316 0.132138
    outer loop
      vertex -17.2742 27.867 60
      vertex -22.166 22.0518 3
      vertex -17.2302 27.8309 60
    endloop
  endfacet
  facet normal -0.212475 -0.968191 0.132139
    outer loop
      vertex -34.2301 28.1987 3
      vertex -32.5115 35.6009 60
      vertex -35.3424 28.4428 3
    endloop
  endfacet
  facet normal -0.212446 -0.968197 0.132139
    outer loop
      vertex -32.5115 35.6009 60
      vertex -34.2301 28.1987 3
      vertex -32.4559 35.5887 60
    endloop
  endfacet
  facet normal -0.766255 0.628803 0.132139
    outer loop
      vertex -13.133 -23.7258 60
      vertex -12.2574 -22.6588 60
      vertex -18.2258 -17.9537 3
    endloop
  endfacet
  facet normal -0.501287 -0.855132 0.132137
    outer loop
      vertex -21.8766 31.2066 60
      vertex -23.0673 31.9046 60
      vertex -25.8475 24.7266 3
    endloop
  endfacet
  facet normal -0.923048 0.361277 0.132139
    outer loop
      vertex -7.16526 -13.9532 60
      vertex -6.6622 -12.6679 60
      vertex -13.7925 -10.0374 3
    endloop
  endfacet
  facet normal -0.923059 0.36125 0.132139
    outer loop
      vertex -14.2075 -11.0978 3
      vertex -7.16526 -13.9532 60
      vertex -13.7925 -10.0374 3
    endloop
  endfacet
  facet normal -0.923013 0.361368 0.132139
    outer loop
      vertex -7.16526 -13.9532 60
      vertex -14.2075 -11.0978 3
      vertex -7.18601 -14.0062 60
    endloop
  endfacet
  facet normal -0.250282 0.959113 0.132139
    outer loop
      vertex -32.4559 -35.5887 60
      vertex -31.1204 -35.2402 60
      vertex -34.2301 -28.1987 3
    endloop
  endfacet
  facet normal -0.249003 0.959446 0.132136
    outer loop
      vertex -33.1282 -27.9112 3
      vertex -31.1204 -35.2402 60
      vertex -31.0653 -35.2259 60
    endloop
  endfacet
  facet normal -0.250247 0.959122 0.132138
    outer loop
      vertex -31.1204 -35.2402 60
      vertex -33.1282 -27.9112 3
      vertex -34.2301 -28.1987 3
    endloop
  endfacet
  facet normal -0.959115 -0.250276 0.132139
    outer loop
      vertex -5.41126 8.5441 60
      vertex -5.75976 9.87963 60
      vertex -12.8013 6.76991 3
    endloop
  endfacet
  facet normal -0.989514 -0.0583194 0.132139
    outer loop
      vertex -12.0894 2.27531 3
      vertex -4.42822 1.43691 60
      vertex -4.43157 1.49375 60
    endloop
  endfacet
  facet normal -0.989514 -0.0583204 0.132139
    outer loop
      vertex -4.42822 1.43691 60
      vertex -12.0894 2.27531 3
      vertex -12.0224 1.13853 3
    endloop
  endfacet
  facet normal -0.0971401 -0.98646 0.132139
    outer loop
      vertex -37.5914 28.799 3
      vertex -36.7548 36.3519 60
      vertex -38.7247 28.9106 3
    endloop
  endfacet
  facet normal -0.0974254 -0.986432 0.132139
    outer loop
      vertex -36.7548 36.3519 60
      vertex -37.5914 28.799 3
      vertex -36.6981 36.3463 60
    endloop
  endfacet
  facet normal -0.923013 -0.361368 0.132139
    outer loop
      vertex -14.2075 11.0978 3
      vertex -7.16526 13.9532 60
      vertex -7.18601 14.0062 60
    endloop
  endfacet
  facet normal -0.923059 -0.36125 0.132139
    outer loop
      vertex -7.16526 13.9532 60
      vertex -14.2075 11.0978 3
      vertex -13.7925 10.0374 3
    endloop
  endfacet
  facet normal -0.975795 0.174253 0.132138
    outer loop
      vertex -5.09325 -7.08425 60
      vertex -4.85061 -5.7255 60
      vertex -12.357 -4.5366 3
    endloop
  endfacet
  facet normal -0.687019 -0.714524 0.132138
    outer loop
      vertex -20.4939 20.5061 3
      vertex -16.1559 26.8762 60
      vertex -21.3148 21.2954 3
    endloop
  endfacet
  facet normal -0.686857 -0.714679 0.132143
    outer loop
      vertex -16.1559 26.8762 60
      vertex -20.4939 20.5061 3
      vertex -16.1148 26.8367 60
    endloop
  endfacet
  facet normal -0.250282 -0.959113 0.132139
    outer loop
      vertex -31.1204 35.2402 60
      vertex -32.4559 35.5887 60
      vertex -34.2301 28.1987 3
    endloop
  endfacet
  facet normal -0.250247 -0.959122 0.132138
    outer loop
      vertex -33.1282 27.9112 3
      vertex -31.1204 35.2402 60
      vertex -34.2301 28.1987 3
    endloop
  endfacet
  facet normal -0.249003 -0.959446 0.132136
    outer loop
      vertex -31.1204 35.2402 60
      vertex -33.1282 27.9112 3
      vertex -31.0653 35.2259 60
    endloop
  endfacet
  facet normal -0.936524 0.324749 0.132139
    outer loop
      vertex -6.64354 -12.6141 60
      vertex -6.19133 -11.31 60
      vertex -13.4194 -8.96149 3
    endloop
  endfacet
  facet normal -0.790313 0.598284 0.132138
    outer loop
      vertex -18.2258 -17.9537 3
      vertex -11.39 -21.5129 60
      vertex -17.5385 -17.0458 3
    endloop
  endfacet
  facet normal -0.790888 0.597521 0.132159
    outer loop
      vertex -11.39 -21.5129 60
      vertex -18.2258 -17.9537 3
      vertex -11.4243 -21.5583 60
    endloop
  endfacet
  facet normal -0.0583123 -0.989514 0.132139
    outer loop
      vertex -38.7247 28.9106 3
      vertex -38.1284 36.4872 60
      vertex -39.5063 36.5684 60
    endloop
  endfacet
  facet normal -0.0592284 0.989463 0.13212
    outer loop
      vertex -38.7247 -28.9106 3
      vertex -39.5631 -36.5718 60
      vertex -39.5063 -36.5684 60
    endloop
  endfacet
  facet normal -0.0583193 0.989514 0.13214
    outer loop
      vertex -39.5631 -36.5718 60
      vertex -38.7247 -28.9106 3
      vertex -39.8615 -28.9776 3
    endloop
  endfacet
  facet normal -0.65789 0.741432 0.132136
    outer loop
      vertex -21.3148 -21.2954 3
      vertex -16.1985 -26.914 60
      vertex -16.1559 -26.8762 60
    endloop
  endfacet
  facet normal -0.65843 0.740952 0.132137
    outer loop
      vertex -16.1985 -26.914 60
      vertex -21.3148 -21.2954 3
      vertex -22.166 -22.0518 3
    endloop
  endfacet
  facet normal -0.467259 -0.87419 0.132139
    outer loop
      vertex -23.1165 31.9334 60
      vertex -24.3337 32.584 60
      vertex -26.83 25.3024 3
    endloop
  endfacet
  facet normal -0.361301 -0.923039 0.132139
    outer loop
      vertex -27.0468 33.8347 60
      vertex -28.3321 34.3378 60
      vertex -30.9626 27.2075 3
    endloop
  endfacet
  facet normal -0.65843 -0.740952 0.132137
    outer loop
      vertex -21.3148 21.2954 3
      vertex -16.1985 26.914 60
      vertex -22.166 22.0518 3
    endloop
  endfacet
  facet normal -0.65789 -0.741432 0.132136
    outer loop
      vertex -16.1985 26.914 60
      vertex -21.3148 21.2954 3
      vertex -16.1559 26.8762 60
    endloop
  endfacet
  facet normal -0.534378 0.834853 0.132137
    outer loop
      vertex -21.8766 -31.2066 60
      vertex -20.7141 -30.4625 60
      vertex -25.8475 -24.7266 3
    endloop
  endfacet
  facet normal -0.948549 0.287741 0.132139
    outer loop
      vertex -6.19133 -11.31 60
      vertex -5.79067 -9.98921 60
      vertex -13.4194 -8.96149 3
    endloop
  endfacet
  facet normal -0.0191591 0.991046 0.132139
    outer loop
      vertex -39.8615 -28.9776 3
      vertex -39.62 -36.5729 60
      vertex -39.5631 -36.5718 60
    endloop
  endfacet
  facet normal -0.0194987 0.991039 0.132139
    outer loop
      vertex -39.62 -36.5729 60
      vertex -39.8615 -28.9776 3
      vertex -41 -29 3
    endloop
  endfacet
  facet normal -0.2877 -0.948561 0.13214
    outer loop
      vertex -29.69 34.8087 60
      vertex -31.0108 35.2093 60
      vertex -32.0385 27.5806 3
    endloop
  endfacet
  facet normal -0.324765 -0.936518 0.13214
    outer loop
      vertex -30.9626 27.2075 3
      vertex -28.3859 34.3565 60
      vertex -32.0385 27.5806 3
    endloop
  endfacet
  facet normal -0.325437 -0.936285 0.132141
    outer loop
      vertex -28.3859 34.3565 60
      vertex -30.9626 27.2075 3
      vertex -28.3321 34.3378 60
    endloop
  endfacet
  facet normal -0.975798 -0.174237 0.132138
    outer loop
      vertex -12.5572 5.65762 3
      vertex -5.09325 7.08425 60
      vertex -5.10326 7.14031 60
    endloop
  endfacet
  facet normal -0.975793 -0.174264 0.132138
    outer loop
      vertex -5.09325 7.08425 60
      vertex -12.5572 5.65762 3
      vertex -12.357 4.5366 3
    endloop
  endfacet
  facet normal -0.986459 -0.0971521 0.132139
    outer loop
      vertex -4.51283 2.8716 60
      vertex -4.64811 4.2452 60
      vertex -12.0894 2.27531 3
    endloop
  endfacet
  facet normal -0.813197 -0.566789 0.13214
    outer loop
      vertex -10.5682 20.3339 60
      vertex -11.3574 21.4662 60
      vertex -16.8874 16.1115 3
    endloop
  endfacet
  facet normal -0.432606 -0.891847 0.132139
    outer loop
      vertex -27.8343 25.8392 3
      vertex -24.4352 32.6357 60
      vertex -28.8589 26.3362 3
    endloop
  endfacet
  facet normal -0.432832 -0.891738 0.132139
    outer loop
      vertex -24.4352 32.6357 60
      vertex -27.8343 25.8392 3
      vertex -24.3839 32.6108 60
    endloop
  endfacet
  facet normal -0.432545 -0.891877 0.132137
    outer loop
      vertex -24.4352 32.6357 60
      vertex -25.6771 33.238 60
      vertex -28.8589 26.3362 3
    endloop
  endfacet
  facet normal -0.628803 0.766255 0.132139
    outer loop
      vertex -18.3412 -28.7426 60
      vertex -17.2742 -27.867 60
      vertex -23.0463 -22.7742 3
    endloop
  endfacet
  facet normal -0.948546 -0.287749 0.132139
    outer loop
      vertex -13.4194 8.96149 3
      vertex -5.77414 9.93472 60
      vertex -5.79067 9.98921 60
    endloop
  endfacet
  facet normal -0.94854 -0.287769 0.132139
    outer loop
      vertex -5.77414 9.93472 60
      vertex -13.4194 8.96149 3
      vertex -13.0888 7.87177 3
    endloop
  endfacet
  facet normal -0.714524 0.687019 0.132138
    outer loop
      vertex -20.4939 -20.5061 3
      vertex -14.1238 -24.8441 60
      vertex -19.7046 -19.6852 3
    endloop
  endfacet
  facet normal -0.714679 0.686857 0.132143
    outer loop
      vertex -14.1238 -24.8441 60
      vertex -20.4939 -20.5061 3
      vertex -14.1633 -24.8852 60
    endloop
  endfacet
  facet normal -0.766251 0.628808 0.132139
    outer loop
      vertex -18.9482 -18.834 3
      vertex -13.133 -23.7258 60
      vertex -18.2258 -17.9537 3
    endloop
  endfacet
  facet normal -0.766316 0.628728 0.132138
    outer loop
      vertex -13.133 -23.7258 60
      vertex -18.9482 -18.834 3
      vertex -13.1691 -23.7698 60
    endloop
  endfacet
  facet normal -0.855154 -0.501249 0.132137
    outer loop
      vertex -9.09544 17.9327 60
      vertex -9.79337 19.1234 60
      vertex -16.2734 15.1525 3
    endloop
  endfacet
  facet normal -0.0194617 -0.99104 0.132139
    outer loop
      vertex -39.62 36.5729 60
      vertex -41 36.6 60
      vertex -41 29 3
    endloop
  endfacet
  facet normal -0.936519 0.324763 0.13214
    outer loop
      vertex -13.7925 -10.0374 3
      vertex -6.64354 -12.6141 60
      vertex -13.4194 -8.96149 3
    endloop
  endfacet
  facet normal -0.936501 0.324816 0.13214
    outer loop
      vertex -6.64354 -12.6141 60
      vertex -13.7925 -10.0374 3
      vertex -6.6622 -12.6679 60
    endloop
  endfacet
  facet normal -0.790314 0.598283 0.132138
    outer loop
      vertex -12.2574 -22.6588 60
      vertex -11.4243 -21.5583 60
      vertex -18.2258 -17.9537 3
    endloop
  endfacet
  facet normal -0.85519 0.501189 0.132138
    outer loop
      vertex -16.2734 -15.1525 3
      vertex -9.06665 -17.8835 60
      vertex -15.6976 -14.17 3
    endloop
  endfacet
  facet normal -0.855521 0.500619 0.132153
    outer loop
      vertex -9.06665 -17.8835 60
      vertex -16.2734 -15.1525 3
      vertex -9.09544 -17.9327 60
    endloop
  endfacet
  facet normal -0.598284 -0.790313 0.132138
    outer loop
      vertex -23.0463 22.7742 3
      vertex -19.4871 29.61 60
      vertex -23.9542 23.4615 3
    endloop
  endfacet
  facet normal -0.597521 -0.790888 0.132159
    outer loop
      vertex -19.4871 29.61 60
      vertex -23.0463 22.7742 3
      vertex -19.4417 29.5757 60
    endloop
  endfacet
  facet normal -0.968201 -0.21243 0.132138
    outer loop
      vertex -5.10326 7.14031 60
      vertex -5.39906 8.48849 60
      vertex -12.5572 5.65762 3
    endloop
  endfacet
  facet normal -0.968205 -0.21241 0.132139
    outer loop
      vertex -12.8013 6.76991 3
      vertex -5.39906 8.48849 60
      vertex -5.41126 8.5441 60
    endloop
  endfacet
  facet normal -0.968191 -0.212476 0.132139
    outer loop
      vertex -5.39906 8.48849 60
      vertex -12.8013 6.76991 3
      vertex -12.5572 5.65762 3
    endloop
  endfacet
  facet normal -0.740915 -0.658471 0.132139
    outer loop
      vertex -13.1691 23.7698 60
      vertex -14.086 24.8015 60
      vertex -18.9482 18.834 3
    endloop
  endfacet
  facet normal -0.534378 -0.834853 0.132137
    outer loop
      vertex -20.7141 30.4625 60
      vertex -21.8766 31.2066 60
      vertex -25.8475 24.7266 3
    endloop
  endfacet
  facet normal -0.686857 0.714679 0.132143
    outer loop
      vertex -20.4939 -20.5061 3
      vertex -16.1559 -26.8762 60
      vertex -16.1148 -26.8367 60
    endloop
  endfacet
  facet normal -0.687019 0.714524 0.132138
    outer loop
      vertex -16.1559 -26.8762 60
      vertex -20.4939 -20.5061 3
      vertex -21.3148 -21.2954 3
    endloop
  endfacet
  facet normal -0.467259 0.87419 0.132139
    outer loop
      vertex -24.3337 -32.584 60
      vertex -23.1165 -31.9334 60
      vertex -26.83 -25.3024 3
    endloop
  endfacet
  facet normal -0.908159 -0.397224 0.132139
    outer loop
      vertex -7.18601 14.0062 60
      vertex -7.73914 15.2708 60
      vertex -14.2075 11.0978 3
    endloop
  endfacet
  facet normal -0.741432 -0.65789 0.132136
    outer loop
      vertex -19.7046 19.6852 3
      vertex -14.086 24.8015 60
      vertex -14.1238 24.8441 60
    endloop
  endfacet
  facet normal -0.740952 -0.65843 0.132137
    outer loop
      vertex -14.086 24.8015 60
      vertex -19.7046 19.6852 3
      vertex -18.9482 18.834 3
    endloop
  endfacet
  facet normal -0.835044 -0.53408 0.132139
    outer loop
      vertex -16.8874 16.1115 3
      vertex -10.5375 20.2859 60
      vertex -10.5682 20.3339 60
    endloop
  endfacet
  facet normal -0.834791 -0.534475 0.132139
    outer loop
      vertex -10.5375 20.2859 60
      vertex -16.8874 16.1115 3
      vertex -16.2734 15.1525 3
    endloop
  endfacet
  facet normal -0.891863 -0.432574 0.132138
    outer loop
      vertex -7.76196 15.3229 60
      vertex -8.36431 16.5648 60
      vertex -14.6638 12.1411 3
    endloop
  endfacet
  facet normal -0.566789 -0.813197 0.13214
    outer loop
      vertex -19.5338 29.6426 60
      vertex -20.6661 30.4318 60
      vertex -24.8885 24.1126 3
    endloop
  endfacet
  facet normal -0.986461 -0.0971317 0.132138
    outer loop
      vertex -12.201 3.40858 3
      vertex -4.64811 4.2452 60
      vertex -4.65369 4.30187 60
    endloop
  endfacet
  facet normal -0.98646 -0.0971427 0.132138
    outer loop
      vertex -4.64811 4.2452 60
      vertex -12.201 3.40858 3
      vertex -12.0894 2.27531 3
    endloop
  endfacet
  facet normal -0.981863 -0.135964 0.132135
    outer loop
      vertex -12.357 4.5366 3
      vertex -4.65369 4.30187 60
      vertex -4.6615 4.35827 60
    endloop
  endfacet
  facet normal -0.981886 -0.13579 0.132139
    outer loop
      vertex -4.65369 4.30187 60
      vertex -12.357 4.5366 3
      vertex -12.201 3.40858 3
    endloop
  endfacet
  facet normal -0.500749 0.855446 0.13215
    outer loop
      vertex -25.8475 -24.7266 3
      vertex -23.1165 -31.9334 60
      vertex -23.0673 -31.9046 60
    endloop
  endfacet
  facet normal -0.501189 0.855189 0.132139
    outer loop
      vertex -23.1165 -31.9334 60
      vertex -25.8475 -24.7266 3
      vertex -26.83 -25.3024 3
    endloop
  endfacet
  facet normal -0.714679 -0.686857 0.132143
    outer loop
      vertex -20.4939 20.5061 3
      vertex -14.1238 24.8441 60
      vertex -14.1633 24.8852 60
    endloop
  endfacet
  facet normal -0.714524 -0.687019 0.132138
    outer loop
      vertex -14.1238 24.8441 60
      vertex -20.4939 20.5061 3
      vertex -19.7046 19.6852 3
    endloop
  endfacet
  facet normal -0.324743 -0.936526 0.13214
    outer loop
      vertex -28.3859 34.3565 60
      vertex -29.69 34.8087 60
      vertex -32.0385 27.5806 3
    endloop
  endfacet
  facet normal -0.287774 -0.948539 0.132139
    outer loop
      vertex -32.0385 27.5806 3
      vertex -31.0653 35.2259 60
      vertex -33.1282 27.9112 3
    endloop
  endfacet
  facet normal -0.288817 -0.948225 0.132115
    outer loop
      vertex -31.0653 35.2259 60
      vertex -32.0385 27.5806 3
      vertex -31.0108 35.2093 60
    endloop
  endfacet
  facet normal -0.501189 -0.855189 0.132139
    outer loop
      vertex -25.8475 24.7266 3
      vertex -23.1165 31.9334 60
      vertex -26.83 25.3024 3
    endloop
  endfacet
  facet normal -0.500749 -0.855446 0.13215
    outer loop
      vertex -23.1165 31.9334 60
      vertex -25.8475 24.7266 3
      vertex -23.0673 31.9046 60
    endloop
  endfacet
  facet normal -0.936524 -0.324749 0.132139
    outer loop
      vertex -6.19133 11.31 60
      vertex -6.64354 12.6141 60
      vertex -13.4194 8.96149 3
    endloop
  endfacet
  facet normal -0.135806 -0.981884 0.132138
    outer loop
      vertex -36.4634 28.643 3
      vertex -35.2745 36.1494 60
      vertex -36.6417 36.3385 60
    endloop
  endfacet
  facet normal -0.0592283 -0.98946 0.132137
    outer loop
      vertex -39.8615 28.9776 3
      vertex -39.5063 36.5684 60
      vertex -39.5631 36.5718 60
    endloop
  endfacet
  facet normal -0.0583194 -0.989514 0.132139
    outer loop
      vertex -39.5063 36.5684 60
      vertex -39.8615 28.9776 3
      vertex -38.7247 28.9106 3
    endloop
  endfacet
  facet normal -0.0971663 -0.986457 0.132139
    outer loop
      vertex -36.7548 36.3519 60
      vertex -38.1284 36.4872 60
      vertex -38.7247 28.9106 3
    endloop
  endfacet
  facet normal -0.855521 -0.500619 0.132153
    outer loop
      vertex -16.2734 15.1525 3
      vertex -9.06665 17.8835 60
      vertex -9.09544 17.9327 60
    endloop
  endfacet
  facet normal -0.85519 -0.501189 0.132138
    outer loop
      vertex -9.06665 17.8835 60
      vertex -16.2734 15.1525 3
      vertex -15.6976 14.17 3
    endloop
  endfacet
  facet normal -0.566789 0.813197 0.13214
    outer loop
      vertex -20.6661 -30.4318 60
      vertex -19.5338 -29.6426 60
      vertex -24.8885 -24.1126 3
    endloop
  endfacet
  facet normal -0.892079 -0.432128 0.132138
    outer loop
      vertex -15.1608 13.1657 3
      vertex -8.36431 16.5648 60
      vertex -8.38916 16.6161 60
    endloop
  endfacet
  facet normal -0.891847 -0.432606 0.132139
    outer loop
      vertex -8.36431 16.5648 60
      vertex -15.1608 13.1657 3
      vertex -14.6638 12.1411 3
    endloop
  endfacet
  facet normal -0.0194987 -0.991039 0.132139
    outer loop
      vertex -39.8615 28.9776 3
      vertex -39.62 36.5729 60
      vertex -41 29 3
    endloop
  endfacet
  facet normal -0.0191591 -0.991046 0.132139
    outer loop
      vertex -39.62 36.5729 60
      vertex -39.8615 28.9776 3
      vertex -39.5631 36.5718 60
    endloop
  endfacet
  facet normal -0.812783 -0.567382 0.132139
    outer loop
      vertex -17.5385 17.0458 3
      vertex -11.3574 21.4662 60
      vertex -11.39 21.5129 60
    endloop
  endfacet
  facet normal -0.813237 -0.566733 0.132138
    outer loop
      vertex -11.3574 21.4662 60
      vertex -17.5385 17.0458 3
      vertex -16.8874 16.1115 3
    endloop
  endfacet
  facet normal -0.936501 -0.324816 0.13214
    outer loop
      vertex -13.7925 10.0374 3
      vertex -6.64354 12.6141 60
      vertex -6.6622 12.6679 60
    endloop
  endfacet
  facet normal -0.936519 -0.324763 0.13214
    outer loop
      vertex -6.64354 12.6141 60
      vertex -13.7925 10.0374 3
      vertex -13.4194 8.96149 3
    endloop
  endfacet
  facet normal -0.174267 -0.975792 0.132138
    outer loop
      vertex -35.3424 28.4428 3
      vertex -33.9157 35.9067 60
      vertex -36.4634 28.643 3
    endloop
  endfacet
  facet normal -0.174249 -0.975796 0.132138
    outer loop
      vertex -33.9157 35.9067 60
      vertex -35.3424 28.4428 3
      vertex -33.8597 35.8967 60
    endloop
  endfacet
  facet normal -0.174289 -0.975788 0.132138
    outer loop
      vertex -33.9157 35.9067 60
      vertex -35.2745 36.1494 60
      vertex -36.4634 28.643 3
    endloop
  endfacet
  facet normal -0.874175 -0.467287 0.132138
    outer loop
      vertex -8.416 16.6663 60
      vertex -9.06665 17.8835 60
      vertex -15.6976 14.17 3
    endloop
  endfacet
  facet normal -0.874134 -0.467365 0.132136
    outer loop
      vertex -15.6976 14.17 3
      vertex -8.38916 16.6161 60
      vertex -8.416 16.6663 60
    endloop
  endfacet
  facet normal -0.874191 -0.467257 0.132139
    outer loop
      vertex -8.38916 16.6161 60
      vertex -15.6976 14.17 3
      vertex -15.1608 13.1657 3
    endloop
  endfacet
  facet normal 0.813197 -0.566789 0.13214
    outer loop
      vertex 16.8874 16.1115 3
      vertex 11.3574 21.4662 60
      vertex 10.5682 20.3339 60
    endloop
  endfacet
  facet normal 0.834791 0.534475 0.132139
    outer loop
      vertex 10.5375 -20.2859 60
      vertex 16.8874 -16.1115 3
      vertex 16.2734 -15.1525 3
    endloop
  endfacet
  facet normal 0.835044 0.53408 0.132139
    outer loop
      vertex 16.8874 -16.1115 3
      vertex 10.5375 -20.2859 60
      vertex 10.5682 -20.3339 60
    endloop
  endfacet
  facet normal 0.288817 -0.948225 0.132115
    outer loop
      vertex 32.0385 27.5806 3
      vertex 31.0653 35.2259 60
      vertex 31.0108 35.2093 60
    endloop
  endfacet
  facet normal 0.287774 -0.948539 0.132139
    outer loop
      vertex 31.0653 35.2259 60
      vertex 32.0385 27.5806 3
      vertex 33.1282 27.9112 3
    endloop
  endfacet
  facet normal 0.534378 0.834853 0.132137
    outer loop
      vertex 21.8766 -31.2066 60
      vertex 25.8475 -24.7266 3
      vertex 20.7141 -30.4625 60
    endloop
  endfacet
  facet normal 0.2877 -0.948561 0.13214
    outer loop
      vertex 32.0385 27.5806 3
      vertex 31.0108 35.2093 60
      vertex 29.69 34.8087 60
    endloop
  endfacet
  facet normal 0.989512 0.0583574 0.132139
    outer loop
      vertex 4.51283 -2.8716 60
      vertex 12.0894 -2.27531 3
      vertex 4.43157 -1.49375 60
    endloop
  endfacet
  facet normal 0.687018 -0.714525 0.132138
    outer loop
      vertex 20.4939 20.5061 3
      vertex 16.1148 26.8367 60
      vertex 15.1199 25.8801 60
    endloop
  endfacet
  facet normal 0.597521 -0.790888 0.132159
    outer loop
      vertex 23.0463 22.7742 3
      vertex 19.4871 29.61 60
      vertex 19.4417 29.5757 60
    endloop
  endfacet
  facet normal 0.598284 -0.790313 0.132138
    outer loop
      vertex 19.4871 29.61 60
      vertex 23.0463 22.7742 3
      vertex 23.9542 23.4615 3
    endloop
  endfacet
  facet normal 0.212427 0.968202 0.132138
    outer loop
      vertex 33.8597 -35.8967 60
      vertex 35.3424 -28.4428 3
      vertex 32.5115 -35.6009 60
    endloop
  endfacet
  facet normal 0.500749 -0.855446 0.13215
    outer loop
      vertex 25.8475 24.7266 3
      vertex 23.1165 31.9334 60
      vertex 23.0673 31.9046 60
    endloop
  endfacet
  facet normal 0.501189 -0.855189 0.132139
    outer loop
      vertex 23.1165 31.9334 60
      vertex 25.8475 24.7266 3
      vertex 26.83 25.3024 3
    endloop
  endfacet
  facet normal 0.855521 -0.500619 0.132153
    outer loop
      vertex 9.06665 17.8835 60
      vertex 16.2734 15.1525 3
      vertex 9.09544 17.9327 60
    endloop
  endfacet
  facet normal 0.85519 -0.501189 0.132138
    outer loop
      vertex 16.2734 15.1525 3
      vertex 9.06665 17.8835 60
      vertex 15.6976 14.17 3
    endloop
  endfacet
  facet normal 0.989514 0.0583194 0.132139
    outer loop
      vertex 4.43157 -1.49375 60
      vertex 12.0224 -1.13853 3
      vertex 4.42822 -1.43691 60
    endloop
  endfacet
  facet normal 0.989514 0.0583204 0.132139
    outer loop
      vertex 12.0224 -1.13853 3
      vertex 4.43157 -1.49375 60
      vertex 12.0894 -2.27531 3
    endloop
  endfacet
  facet normal 0.397206 0.908167 0.132139
    outer loop
      vertex 26.9938 -33.814 60
      vertex 29.9022 -26.7925 3
      vertex 25.7292 -33.2609 60
    endloop
  endfacet
  facet normal 0.324743 -0.936526 0.13214
    outer loop
      vertex 32.0385 27.5806 3
      vertex 29.69 34.8087 60
      vertex 28.3859 34.3565 60
    endloop
  endfacet
  facet normal 0.0583123 -0.989514 0.132139
    outer loop
      vertex 38.7247 28.9106 3
      vertex 39.5063 36.5684 60
      vertex 38.1284 36.4872 60
    endloop
  endfacet
  facet normal 0.766251 0.628808 0.132139
    outer loop
      vertex 13.133 -23.7258 60
      vertex 18.9482 -18.834 3
      vertex 18.2258 -17.9537 3
    endloop
  endfacet
  facet normal 0.766316 0.628728 0.132138
    outer loop
      vertex 18.9482 -18.834 3
      vertex 13.133 -23.7258 60
      vertex 13.1691 -23.7698 60
    endloop
  endfacet
  facet normal 0.874175 -0.467287 0.132138
    outer loop
      vertex 15.6976 14.17 3
      vertex 9.06665 17.8835 60
      vertex 8.416 16.6663 60
    endloop
  endfacet
  facet normal 0.658471 -0.740915 0.132139
    outer loop
      vertex 22.166 22.0518 3
      vertex 17.2302 27.8309 60
      vertex 16.1985 26.914 60
    endloop
  endfacet
  facet normal 0.686857 -0.714679 0.132143
    outer loop
      vertex 20.4939 20.5061 3
      vertex 16.1559 26.8762 60
      vertex 16.1148 26.8367 60
    endloop
  endfacet
  facet normal 0.687019 -0.714524 0.132138
    outer loop
      vertex 16.1559 26.8762 60
      vertex 20.4939 20.5061 3
      vertex 21.3148 21.2954 3
    endloop
  endfacet
  facet normal 0.740915 0.658471 0.132139
    outer loop
      vertex 14.086 -24.8015 60
      vertex 18.9482 -18.834 3
      vertex 13.1691 -23.7698 60
    endloop
  endfacet
  facet normal 0.790314 -0.598283 0.132138
    outer loop
      vertex 18.2258 17.9537 3
      vertex 12.2574 22.6588 60
      vertex 11.4243 21.5583 60
    endloop
  endfacet
  facet normal 0.740915 -0.658471 0.132139
    outer loop
      vertex 18.9482 18.834 3
      vertex 14.086 24.8015 60
      vertex 13.1691 23.7698 60
    endloop
  endfacet
  facet normal 0.325437 -0.936285 0.132141
    outer loop
      vertex 30.9626 27.2075 3
      vertex 28.3859 34.3565 60
      vertex 28.3321 34.3378 60
    endloop
  endfacet
  facet normal 0.324765 -0.936518 0.13214
    outer loop
      vertex 28.3859 34.3565 60
      vertex 30.9626 27.2075 3
      vertex 32.0385 27.5806 3
    endloop
  endfacet
  facet normal 0.467257 0.874191 0.132139
    outer loop
      vertex 26.83 -25.3024 3
      vertex 24.3839 -32.6108 60
      vertex 27.8343 -25.8392 3
    endloop
  endfacet
  facet normal 0.466823 0.874422 0.132149
    outer loop
      vertex 24.3839 -32.6108 60
      vertex 26.83 -25.3024 3
      vertex 24.3337 -32.584 60
    endloop
  endfacet
  facet normal 0.90817 0.397199 0.132138
    outer loop
      vertex 7.73914 -15.2708 60
      vertex 14.6638 -12.1411 3
      vertex 14.2075 -11.0978 3
    endloop
  endfacet
  facet normal 0.907956 0.397688 0.132139
    outer loop
      vertex 14.6638 -12.1411 3
      vertex 7.73914 -15.2708 60
      vertex 7.76196 -15.3229 60
    endloop
  endfacet
  facet normal 0.628803 0.766255 0.132139
    outer loop
      vertex 18.3412 -28.7426 60
      vertex 23.0463 -22.7742 3
      vertex 17.2742 -27.867 60
    endloop
  endfacet
  facet normal 0.891863 -0.432574 0.132138
    outer loop
      vertex 14.6638 12.1411 3
      vertex 8.36431 16.5648 60
      vertex 7.76196 15.3229 60
    endloop
  endfacet
  facet normal 0.923048 0.361277 0.132139
    outer loop
      vertex 7.16526 -13.9532 60
      vertex 13.7925 -10.0374 3
      vertex 6.6622 -12.6679 60
    endloop
  endfacet
  facet normal 0.948549 -0.287741 0.132139
    outer loop
      vertex 13.4194 8.96149 3
      vertex 6.19133 11.31 60
      vertex 5.79067 9.98921 60
    endloop
  endfacet
  facet normal 0.968205 -0.21241 0.132139
    outer loop
      vertex 5.39906 8.48849 60
      vertex 12.8013 6.76991 3
      vertex 5.41126 8.5441 60
    endloop
  endfacet
  facet normal 0.968191 -0.212476 0.132139
    outer loop
      vertex 12.8013 6.76991 3
      vertex 5.39906 8.48849 60
      vertex 12.5572 5.65762 3
    endloop
  endfacet
  facet normal 0.0592283 0.98946 0.132137
    outer loop
      vertex 39.8615 -28.9776 3
      vertex 39.5063 -36.5684 60
      vertex 39.5631 -36.5718 60
    endloop
  endfacet
  facet normal 0.0583194 0.989514 0.132139
    outer loop
      vertex 39.5063 -36.5684 60
      vertex 39.8615 -28.9776 3
      vertex 38.7247 -28.9106 3
    endloop
  endfacet
  facet normal 0.361301 0.923039 0.132139
    outer loop
      vertex 28.3321 -34.3378 60
      vertex 30.9626 -27.2075 3
      vertex 27.0468 -33.8347 60
    endloop
  endfacet
  facet normal 0.628803 -0.766255 0.132139
    outer loop
      vertex 23.0463 22.7742 3
      vertex 18.3412 28.7426 60
      vertex 17.2742 27.867 60
    endloop
  endfacet
  facet normal 0.714679 -0.686857 0.132143
    outer loop
      vertex 14.1238 24.8441 60
      vertex 20.4939 20.5061 3
      vertex 14.1633 24.8852 60
    endloop
  endfacet
  facet normal 0.714524 -0.687019 0.132138
    outer loop
      vertex 20.4939 20.5061 3
      vertex 14.1238 24.8441 60
      vertex 19.7046 19.6852 3
    endloop
  endfacet
  facet normal 0.740952 0.65843 0.132137
    outer loop
      vertex 14.086 -24.8015 60
      vertex 19.7046 -19.6852 3
      vertex 18.9482 -18.834 3
    endloop
  endfacet
  facet normal 0.741432 0.65789 0.132136
    outer loop
      vertex 19.7046 -19.6852 3
      vertex 14.086 -24.8015 60
      vertex 14.1238 -24.8441 60
    endloop
  endfacet
  facet normal 0.855154 -0.501249 0.132137
    outer loop
      vertex 16.2734 15.1525 3
      vertex 9.79337 19.1234 60
      vertex 9.09544 17.9327 60
    endloop
  endfacet
  facet normal 0.566789 -0.813197 0.13214
    outer loop
      vertex 24.8885 24.1126 3
      vertex 20.6661 30.4318 60
      vertex 19.5338 29.6426 60
    endloop
  endfacet
  facet normal 0.834843 -0.534393 0.132137
    outer loop
      vertex 16.2734 15.1525 3
      vertex 10.5375 20.2859 60
      vertex 9.79337 19.1234 60
    endloop
  endfacet
  facet normal 0.714524 0.687019 0.132138
    outer loop
      vertex 14.1238 -24.8441 60
      vertex 20.4939 -20.5061 3
      vertex 19.7046 -19.6852 3
    endloop
  endfacet
  facet normal 0.714679 0.686857 0.132143
    outer loop
      vertex 20.4939 -20.5061 3
      vertex 14.1238 -24.8441 60
      vertex 14.1633 -24.8852 60
    endloop
  endfacet
  facet normal 0.65789 -0.741432 0.132136
    outer loop
      vertex 21.3148 21.2954 3
      vertex 16.1985 26.914 60
      vertex 16.1559 26.8762 60
    endloop
  endfacet
  facet normal 0.65843 -0.740952 0.132137
    outer loop
      vertex 16.1985 26.914 60
      vertex 21.3148 21.2954 3
      vertex 22.166 22.0518 3
    endloop
  endfacet
  facet normal 0.790313 0.598284 0.132138
    outer loop
      vertex 11.39 -21.5129 60
      vertex 18.2258 -17.9537 3
      vertex 17.5385 -17.0458 3
    endloop
  endfacet
  facet normal 0.790888 0.597521 0.132159
    outer loop
      vertex 18.2258 -17.9537 3
      vertex 11.39 -21.5129 60
      vertex 11.4243 -21.5583 60
    endloop
  endfacet
  facet normal 0.790314 0.598283 0.132138
    outer loop
      vertex 12.2574 -22.6588 60
      vertex 18.2258 -17.9537 3
      vertex 11.4243 -21.5583 60
    endloop
  endfacet
  facet normal 0.991039 -0.019497 0.132139
    outer loop
      vertex 4.4271 1.37998 60
      vertex 12.0224 1.13853 3
      vertex 4.42822 1.43691 60
    endloop
  endfacet
  facet normal 0.991039 -0.0194982 0.132139
    outer loop
      vertex 12.0224 1.13853 3
      vertex 4.4271 1.37998 60
      vertex 12 0 3
    endloop
  endfacet
  facet normal 0.968191 0.212476 0.132139
    outer loop
      vertex 5.39906 -8.48849 60
      vertex 12.8013 -6.76991 3
      vertex 12.5572 -5.65762 3
    endloop
  endfacet
  facet normal 0.968205 0.21241 0.132139
    outer loop
      vertex 12.8013 -6.76991 3
      vertex 5.39906 -8.48849 60
      vertex 5.41126 -8.5441 60
    endloop
  endfacet
  facet normal 0.174249 -0.975796 0.132138
    outer loop
      vertex 35.3424 28.4428 3
      vertex 33.9157 35.9067 60
      vertex 33.8597 35.8967 60
    endloop
  endfacet
  facet normal 0.174267 -0.975792 0.132138
    outer loop
      vertex 33.9157 35.9067 60
      vertex 35.3424 28.4428 3
      vertex 36.4634 28.643 3
    endloop
  endfacet
  facet normal 0.975793 0.174264 0.132138
    outer loop
      vertex 5.09325 -7.08425 60
      vertex 12.5572 -5.65762 3
      vertex 12.357 -4.5366 3
    endloop
  endfacet
  facet normal 0.975798 0.174237 0.132138
    outer loop
      vertex 12.5572 -5.65762 3
      vertex 5.09325 -7.08425 60
      vertex 5.10326 -7.14031 60
    endloop
  endfacet
  facet normal 0.981863 0.135964 0.132135
    outer loop
      vertex 12.357 -4.5366 3
      vertex 4.65369 -4.30187 60
      vertex 4.6615 -4.35827 60
    endloop
  endfacet
  facet normal 0.981886 0.13579 0.132139
    outer loop
      vertex 4.65369 -4.30187 60
      vertex 12.357 -4.5366 3
      vertex 12.201 -3.40858 3
    endloop
  endfacet
  facet normal 0.892079 -0.432128 0.132138
    outer loop
      vertex 8.36431 16.5648 60
      vertex 15.1608 13.1657 3
      vertex 8.38916 16.6161 60
    endloop
  endfacet
  facet normal 0.891847 -0.432606 0.132139
    outer loop
      vertex 15.1608 13.1657 3
      vertex 8.36431 16.5648 60
      vertex 14.6638 12.1411 3
    endloop
  endfacet
  facet normal 0.567382 -0.812783 0.132139
    outer loop
      vertex 23.9542 23.4615 3
      vertex 19.5338 29.6426 60
      vertex 19.4871 29.61 60
    endloop
  endfacet
  facet normal 0.566733 -0.813237 0.132138
    outer loop
      vertex 19.5338 29.6426 60
      vertex 23.9542 23.4615 3
      vertex 24.8885 24.1126 3
    endloop
  endfacet
  facet normal 0.432832 -0.891738 0.132139
    outer loop
      vertex 27.8343 25.8392 3
      vertex 24.4352 32.6357 60
      vertex 24.3839 32.6108 60
    endloop
  endfacet
  facet normal 0.432606 -0.891847 0.132139
    outer loop
      vertex 24.4352 32.6357 60
      vertex 27.8343 25.8392 3
      vertex 28.8589 26.3362 3
    endloop
  endfacet
  facet normal 0.98646 0.0971427 0.132138
    outer loop
      vertex 4.64811 -4.2452 60
      vertex 12.201 -3.40858 3
      vertex 12.0894 -2.27531 3
    endloop
  endfacet
  facet normal 0.986461 0.0971317 0.132138
    outer loop
      vertex 12.201 -3.40858 3
      vertex 4.64811 -4.2452 60
      vertex 4.65369 -4.30187 60
    endloop
  endfacet
  facet normal 0.0971401 0.98646 0.132139
    outer loop
      vertex 37.5914 -28.799 3
      vertex 36.7548 -36.3519 60
      vertex 38.7247 -28.9106 3
    endloop
  endfacet
  facet normal 0.0974254 0.986432 0.132139
    outer loop
      vertex 36.7548 -36.3519 60
      vertex 37.5914 -28.799 3
      vertex 36.6981 -36.3463 60
    endloop
  endfacet
  facet normal 0.466823 -0.874422 0.132149
    outer loop
      vertex 26.83 25.3024 3
      vertex 24.3839 32.6108 60
      vertex 24.3337 32.584 60
    endloop
  endfacet
  facet normal 0.467257 -0.874191 0.132139
    outer loop
      vertex 24.3839 32.6108 60
      vertex 26.83 25.3024 3
      vertex 27.8343 25.8392 3
    endloop
  endfacet
  facet normal 0.874134 -0.467365 0.132136
    outer loop
      vertex 8.38916 16.6161 60
      vertex 15.6976 14.17 3
      vertex 8.416 16.6663 60
    endloop
  endfacet
  facet normal 0.874191 -0.467257 0.132139
    outer loop
      vertex 15.6976 14.17 3
      vertex 8.38916 16.6161 60
      vertex 15.1608 13.1657 3
    endloop
  endfacet
  facet normal 0.135806 -0.981884 0.132138
    outer loop
      vertex 36.4634 28.643 3
      vertex 36.6417 36.3385 60
      vertex 35.2745 36.1494 60
    endloop
  endfacet
  facet normal 0.658471 0.740915 0.132139
    outer loop
      vertex 17.2302 -27.8309 60
      vertex 22.166 -22.0518 3
      vertex 16.1985 -26.914 60
    endloop
  endfacet
  facet normal 0.360613 -0.923308 0.132137
    outer loop
      vertex 29.9022 26.7925 3
      vertex 27.0468 33.8347 60
      vertex 26.9938 33.814 60
    endloop
  endfacet
  facet normal 0.36125 -0.923059 0.132138
    outer loop
      vertex 27.0468 33.8347 60
      vertex 29.9022 26.7925 3
      vertex 30.9626 27.2075 3
    endloop
  endfacet
  facet normal 0.94854 0.287769 0.132139
    outer loop
      vertex 5.77414 -9.93472 60
      vertex 13.4194 -8.96149 3
      vertex 13.0888 -7.87177 3
    endloop
  endfacet
  facet normal 0.948546 0.287749 0.132139
    outer loop
      vertex 13.4194 -8.96149 3
      vertex 5.77414 -9.93472 60
      vertex 5.79067 -9.98921 60
    endloop
  endfacet
  facet normal 0.65843 0.740952 0.132137
    outer loop
      vertex 21.3148 -21.2954 3
      vertex 16.1985 -26.914 60
      vertex 22.166 -22.0518 3
    endloop
  endfacet
  facet normal 0.65789 0.741432 0.132136
    outer loop
      vertex 16.1985 -26.914 60
      vertex 21.3148 -21.2954 3
      vertex 16.1559 -26.8762 60
    endloop
  endfacet
  facet normal 0.936524 -0.324749 0.132139
    outer loop
      vertex 13.4194 8.96149 3
      vertex 6.64354 12.6141 60
      vertex 6.19133 11.31 60
    endloop
  endfacet
  facet normal 0.813197 0.566789 0.13214
    outer loop
      vertex 11.3574 -21.4662 60
      vertex 16.8874 -16.1115 3
      vertex 10.5682 -20.3339 60
    endloop
  endfacet
  facet normal 0.598283 0.790314 0.132138
    outer loop
      vertex 19.4417 -29.5757 60
      vertex 23.0463 -22.7742 3
      vertex 18.3412 -28.7426 60
    endloop
  endfacet
  facet normal 0.766255 -0.628803 0.132139
    outer loop
      vertex 18.2258 17.9537 3
      vertex 13.133 23.7258 60
      vertex 12.2574 22.6588 60
    endloop
  endfacet
  facet normal 0.936501 -0.324816 0.13214
    outer loop
      vertex 6.64354 12.6141 60
      vertex 13.7925 10.0374 3
      vertex 6.6622 12.6679 60
    endloop
  endfacet
  facet normal 0.936519 -0.324763 0.13214
    outer loop
      vertex 13.7925 10.0374 3
      vertex 6.64354 12.6141 60
      vertex 13.4194 8.96149 3
    endloop
  endfacet
  facet normal 0.501287 0.855132 0.132137
    outer loop
      vertex 23.0673 -31.9046 60
      vertex 25.8475 -24.7266 3
      vertex 21.8766 -31.2066 60
    endloop
  endfacet
  facet normal 0.250282 -0.959113 0.132139
    outer loop
      vertex 34.2301 28.1987 3
      vertex 32.4559 35.5887 60
      vertex 31.1204 35.2402 60
    endloop
  endfacet
  facet normal 0.981883 0.13581 0.132138
    outer loop
      vertex 4.85061 -5.7255 60
      vertex 12.357 -4.5366 3
      vertex 4.6615 -4.35827 60
    endloop
  endfacet
  facet normal 0.714525 0.687018 0.132138
    outer loop
      vertex 15.1199 -25.8801 60
      vertex 20.4939 -20.5061 3
      vertex 14.1633 -24.8852 60
    endloop
  endfacet
  facet normal 0.0194617 -0.99104 0.132139
    outer loop
      vertex 41 29 3
      vertex 41 36.6 60
      vertex 39.62 36.5729 60
    endloop
  endfacet
  facet normal 0.534475 0.834791 0.132139
    outer loop
      vertex 24.8885 -24.1126 3
      vertex 20.7141 -30.4625 60
      vertex 25.8475 -24.7266 3
    endloop
  endfacet
  facet normal 0.53408 0.835044 0.132139
    outer loop
      vertex 20.7141 -30.4625 60
      vertex 24.8885 -24.1126 3
      vertex 20.6661 -30.4318 60
    endloop
  endfacet
  facet normal 0.0592284 -0.989463 0.13212
    outer loop
      vertex 38.7247 28.9106 3
      vertex 39.5631 36.5718 60
      vertex 39.5063 36.5684 60
    endloop
  endfacet
  facet normal 0.0583193 -0.989514 0.13214
    outer loop
      vertex 39.5631 36.5718 60
      vertex 38.7247 28.9106 3
      vertex 39.8615 28.9776 3
    endloop
  endfacet
  facet normal 0.766316 -0.628728 0.132138
    outer loop
      vertex 13.133 23.7258 60
      vertex 18.9482 18.834 3
      vertex 13.1691 23.7698 60
    endloop
  endfacet
  facet normal 0.766251 -0.628808 0.132139
    outer loop
      vertex 18.9482 18.834 3
      vertex 13.133 23.7258 60
      vertex 18.2258 17.9537 3
    endloop
  endfacet
  facet normal 0.212427 -0.968202 0.132138
    outer loop
      vertex 35.3424 28.4428 3
      vertex 33.8597 35.8967 60
      vertex 32.5115 35.6009 60
    endloop
  endfacet
  facet normal 0.991039 0.0194982 0.132139
    outer loop
      vertex 4.4271 -1.37998 60
      vertex 12.0224 -1.13853 3
      vertex 12 0 3
    endloop
  endfacet
  facet normal 0.991039 0.019497 0.132139
    outer loop
      vertex 12.0224 -1.13853 3
      vertex 4.4271 -1.37998 60
      vertex 4.42822 -1.43691 60
    endloop
  endfacet
  facet normal 0.959115 0.250276 0.132139
    outer loop
      vertex 5.75976 -9.87963 60
      vertex 12.8013 -6.76991 3
      vertex 5.41126 -8.5441 60
    endloop
  endfacet
  facet normal 0.135793 0.981886 0.132138
    outer loop
      vertex 36.4634 -28.643 3
      vertex 36.6981 -36.3463 60
      vertex 37.5914 -28.799 3
    endloop
  endfacet
  facet normal 0.135793 0.981886 0.132138
    outer loop
      vertex 36.6981 -36.3463 60
      vertex 36.4634 -28.643 3
      vertex 36.6417 -36.3385 60
    endloop
  endfacet
  facet normal 0.174267 0.975792 0.132138
    outer loop
      vertex 35.3424 -28.4428 3
      vertex 33.9157 -35.9067 60
      vertex 36.4634 -28.643 3
    endloop
  endfacet
  facet normal 0.174249 0.975796 0.132138
    outer loop
      vertex 33.9157 -35.9067 60
      vertex 35.3424 -28.4428 3
      vertex 33.8597 -35.8967 60
    endloop
  endfacet
  facet normal 0.432545 -0.891877 0.132137
    outer loop
      vertex 28.8589 26.3362 3
      vertex 25.6771 33.238 60
      vertex 24.4352 32.6357 60
    endloop
  endfacet
  facet normal 0.986459 -0.0971521 0.132139
    outer loop
      vertex 12.0894 2.27531 3
      vertex 4.64811 4.2452 60
      vertex 4.51283 2.8716 60
    endloop
  endfacet
  facet normal 0.687019 0.714524 0.132138
    outer loop
      vertex 20.4939 -20.5061 3
      vertex 16.1559 -26.8762 60
      vertex 21.3148 -21.2954 3
    endloop
  endfacet
  facet normal 0.686857 0.714679 0.132143
    outer loop
      vertex 16.1559 -26.8762 60
      vertex 20.4939 -20.5061 3
      vertex 16.1148 -26.8367 60
    endloop
  endfacet
  facet normal 0.687018 0.714525 0.132138
    outer loop
      vertex 16.1148 -26.8367 60
      vertex 20.4939 -20.5061 3
      vertex 15.1199 -25.8801 60
    endloop
  endfacet
  facet normal 0.891863 0.432574 0.132138
    outer loop
      vertex 8.36431 -16.5648 60
      vertex 14.6638 -12.1411 3
      vertex 7.76196 -15.3229 60
    endloop
  endfacet
  facet normal 0.99104 0.019462 0.132139
    outer loop
      vertex 4.4271 -1.37998 60
      vertex 12 0 3
      vertex 4.4 0 60
    endloop
  endfacet
  facet normal 0.467259 0.87419 0.132139
    outer loop
      vertex 24.3337 -32.584 60
      vertex 26.83 -25.3024 3
      vertex 23.1165 -31.9334 60
    endloop
  endfacet
  facet normal 0.813237 0.566733 0.132138
    outer loop
      vertex 11.3574 -21.4662 60
      vertex 17.5385 -17.0458 3
      vertex 16.8874 -16.1115 3
    endloop
  endfacet
  facet normal 0.812783 0.567382 0.132139
    outer loop
      vertex 17.5385 -17.0458 3
      vertex 11.3574 -21.4662 60
      vertex 11.39 -21.5129 60
    endloop
  endfacet
  facet normal 0.99104 -0.019462 0.132139
    outer loop
      vertex 12 0 3
      vertex 4.4271 1.37998 60
      vertex 4.4 0 60
    endloop
  endfacet
  facet normal 0.135793 -0.981886 0.132138
    outer loop
      vertex 36.4634 28.643 3
      vertex 36.6981 36.3463 60
      vertex 36.6417 36.3385 60
    endloop
  endfacet
  facet normal 0.135793 -0.981886 0.132138
    outer loop
      vertex 36.6981 36.3463 60
      vertex 36.4634 28.643 3
      vertex 37.5914 28.799 3
    endloop
  endfacet
  facet normal 0.628728 -0.766316 0.132138
    outer loop
      vertex 22.166 22.0518 3
      vertex 17.2742 27.867 60
      vertex 17.2302 27.8309 60
    endloop
  endfacet
  facet normal 0.628808 -0.766251 0.132139
    outer loop
      vertex 17.2742 27.867 60
      vertex 22.166 22.0518 3
      vertex 23.0463 22.7742 3
    endloop
  endfacet
  facet normal 0.766255 0.628803 0.132139
    outer loop
      vertex 13.133 -23.7258 60
      vertex 18.2258 -17.9537 3
      vertex 12.2574 -22.6588 60
    endloop
  endfacet
  facet normal 0.975798 -0.174237 0.132138
    outer loop
      vertex 5.09325 7.08425 60
      vertex 12.5572 5.65762 3
      vertex 5.10326 7.14031 60
    endloop
  endfacet
  facet normal 0.975793 -0.174264 0.132138
    outer loop
      vertex 12.5572 5.65762 3
      vertex 5.09325 7.08425 60
      vertex 12.357 4.5366 3
    endloop
  endfacet
  facet normal 0.0191591 -0.991046 0.132139
    outer loop
      vertex 39.8615 28.9776 3
      vertex 39.62 36.5729 60
      vertex 39.5631 36.5718 60
    endloop
  endfacet
  facet normal 0.0194987 -0.991039 0.132139
    outer loop
      vertex 39.62 36.5729 60
      vertex 39.8615 28.9776 3
      vertex 41 29 3
    endloop
  endfacet
  facet normal 0.959115 -0.250276 0.132139
    outer loop
      vertex 12.8013 6.76991 3
      vertex 5.75976 9.87963 60
      vertex 5.41126 8.5441 60
    endloop
  endfacet
  facet normal 0.0974254 -0.986432 0.132139
    outer loop
      vertex 37.5914 28.799 3
      vertex 36.7548 36.3519 60
      vertex 36.6981 36.3463 60
    endloop
  endfacet
  facet normal 0.0971401 -0.98646 0.132139
    outer loop
      vertex 36.7548 36.3519 60
      vertex 37.5914 28.799 3
      vertex 38.7247 28.9106 3
    endloop
  endfacet
  facet normal 0.432545 0.891877 0.132137
    outer loop
      vertex 25.6771 -33.238 60
      vertex 28.8589 -26.3362 3
      vertex 24.4352 -32.6357 60
    endloop
  endfacet
  facet normal 0.948546 -0.287749 0.132139
    outer loop
      vertex 5.77414 9.93472 60
      vertex 13.4194 8.96149 3
      vertex 5.79067 9.98921 60
    endloop
  endfacet
  facet normal 0.94854 -0.287769 0.132139
    outer loop
      vertex 13.4194 8.96149 3
      vertex 5.77414 9.93472 60
      vertex 13.0888 7.87177 3
    endloop
  endfacet
  facet normal 0.923059 0.36125 0.132139
    outer loop
      vertex 7.16526 -13.9532 60
      vertex 14.2075 -11.0978 3
      vertex 13.7925 -10.0374 3
    endloop
  endfacet
  facet normal 0.923013 0.361368 0.132139
    outer loop
      vertex 14.2075 -11.0978 3
      vertex 7.16526 -13.9532 60
      vertex 7.18601 -14.0062 60
    endloop
  endfacet
  facet normal 0.287774 0.948539 0.132139
    outer loop
      vertex 32.0385 -27.5806 3
      vertex 31.0653 -35.2259 60
      vertex 33.1282 -27.9112 3
    endloop
  endfacet
  facet normal 0.288817 0.948225 0.132115
    outer loop
      vertex 31.0653 -35.2259 60
      vertex 32.0385 -27.5806 3
      vertex 31.0108 -35.2093 60
    endloop
  endfacet
  facet normal 0.397206 -0.908167 0.132139
    outer loop
      vertex 29.9022 26.7925 3
      vertex 26.9938 33.814 60
      vertex 25.7292 33.2609 60
    endloop
  endfacet
  facet normal 0.398857 -0.907443 0.132142
    outer loop
      vertex 28.8589 26.3362 3
      vertex 25.7292 33.2609 60
      vertex 25.6771 33.238 60
    endloop
  endfacet
  facet normal 0.397199 -0.90817 0.132139
    outer loop
      vertex 25.7292 33.2609 60
      vertex 28.8589 26.3362 3
      vertex 29.9022 26.7925 3
    endloop
  endfacet
  facet normal 0.981883 -0.13581 0.132138
    outer loop
      vertex 12.357 4.5366 3
      vertex 4.85061 5.7255 60
      vertex 4.6615 4.35827 60
    endloop
  endfacet
  facet normal 0.741432 -0.65789 0.132136
    outer loop
      vertex 14.086 24.8015 60
      vertex 19.7046 19.6852 3
      vertex 14.1238 24.8441 60
    endloop
  endfacet
  facet normal 0.740952 -0.65843 0.132137
    outer loop
      vertex 19.7046 19.6852 3
      vertex 14.086 24.8015 60
      vertex 18.9482 18.834 3
    endloop
  endfacet
  facet normal 0.923048 -0.361277 0.132139
    outer loop
      vertex 13.7925 10.0374 3
      vertex 7.16526 13.9532 60
      vertex 6.6622 12.6679 60
    endloop
  endfacet
  facet normal 0.908159 -0.397224 0.132139
    outer loop
      vertex 14.2075 11.0978 3
      vertex 7.73914 15.2708 60
      vertex 7.18601 14.0062 60
    endloop
  endfacet
  facet normal 0.936524 0.324749 0.132139
    outer loop
      vertex 6.64354 -12.6141 60
      vertex 13.4194 -8.96149 3
      vertex 6.19133 -11.31 60
    endloop
  endfacet
  facet normal 0.986459 0.0971521 0.132139
    outer loop
      vertex 4.64811 -4.2452 60
      vertex 12.0894 -2.27531 3
      vertex 4.51283 -2.8716 60
    endloop
  endfacet
  facet normal 0.324743 0.936526 0.13214
    outer loop
      vertex 29.69 -34.8087 60
      vertex 32.0385 -27.5806 3
      vertex 28.3859 -34.3565 60
    endloop
  endfacet
  facet normal 0.835044 -0.53408 0.132139
    outer loop
      vertex 10.5375 20.2859 60
      vertex 16.8874 16.1115 3
      vertex 10.5682 20.3339 60
    endloop
  endfacet
  facet normal 0.834791 -0.534475 0.132139
    outer loop
      vertex 16.8874 16.1115 3
      vertex 10.5375 20.2859 60
      vertex 16.2734 15.1525 3
    endloop
  endfacet
  facet normal 0.981863 -0.135964 0.132135
    outer loop
      vertex 4.65369 4.30187 60
      vertex 12.357 4.5366 3
      vertex 4.6615 4.35827 60
    endloop
  endfacet
  facet normal 0.981886 -0.13579 0.132139
    outer loop
      vertex 12.357 4.5366 3
      vertex 4.65369 4.30187 60
      vertex 12.201 3.40858 3
    endloop
  endfacet
  facet normal 0.968201 0.21243 0.132138
    outer loop
      vertex 5.39906 -8.48849 60
      vertex 12.5572 -5.65762 3
      vertex 5.10326 -7.14031 60
    endloop
  endfacet
  facet normal 0.53408 -0.835044 0.132139
    outer loop
      vertex 24.8885 24.1126 3
      vertex 20.7141 30.4625 60
      vertex 20.6661 30.4318 60
    endloop
  endfacet
  facet normal 0.534475 -0.834791 0.132139
    outer loop
      vertex 20.7141 30.4625 60
      vertex 24.8885 24.1126 3
      vertex 25.8475 24.7266 3
    endloop
  endfacet
  facet normal 0.95912 0.250256 0.132139
    outer loop
      vertex 5.75976 -9.87963 60
      vertex 13.0888 -7.87177 3
      vertex 12.8013 -6.76991 3
    endloop
  endfacet
  facet normal 0.959095 0.25035 0.132139
    outer loop
      vertex 13.0888 -7.87177 3
      vertex 5.75976 -9.87963 60
      vertex 5.77414 -9.93472 60
    endloop
  endfacet
  facet normal 0.135806 0.981884 0.132138
    outer loop
      vertex 36.6417 -36.3385 60
      vertex 36.4634 -28.643 3
      vertex 35.2745 -36.1494 60
    endloop
  endfacet
  facet normal 0.874191 0.467257 0.132139
    outer loop
      vertex 8.38916 -16.6161 60
      vertex 15.6976 -14.17 3
      vertex 15.1608 -13.1657 3
    endloop
  endfacet
  facet normal 0.874134 0.467365 0.132136
    outer loop
      vertex 15.6976 -14.17 3
      vertex 8.38916 -16.6161 60
      vertex 8.416 -16.6663 60
    endloop
  endfacet
  facet normal 0.212446 -0.968197 0.132139
    outer loop
      vertex 34.2301 28.1987 3
      vertex 32.5115 35.6009 60
      vertex 32.4559 35.5887 60
    endloop
  endfacet
  facet normal 0.212475 -0.968191 0.132139
    outer loop
      vertex 32.5115 35.6009 60
      vertex 34.2301 28.1987 3
      vertex 35.3424 28.4428 3
    endloop
  endfacet
  facet normal 0.959095 -0.25035 0.132139
    outer loop
      vertex 5.75976 9.87963 60
      vertex 13.0888 7.87177 3
      vertex 5.77414 9.93472 60
    endloop
  endfacet
  facet normal 0.95912 -0.250256 0.132139
    outer loop
      vertex 13.0888 7.87177 3
      vertex 5.75976 9.87963 60
      vertex 12.8013 6.76991 3
    endloop
  endfacet
  facet normal 0.598284 0.790313 0.132138
    outer loop
      vertex 23.0463 -22.7742 3
      vertex 19.4871 -29.61 60
      vertex 23.9542 -23.4615 3
    endloop
  endfacet
  facet normal 0.597521 0.790888 0.132159
    outer loop
      vertex 19.4871 -29.61 60
      vertex 23.0463 -22.7742 3
      vertex 19.4417 -29.5757 60
    endloop
  endfacet
  facet normal 0.714525 -0.687018 0.132138
    outer loop
      vertex 20.4939 20.5061 3
      vertex 15.1199 25.8801 60
      vertex 14.1633 24.8852 60
    endloop
  endfacet
  facet normal 0.975795 0.174253 0.132138
    outer loop
      vertex 5.09325 -7.08425 60
      vertex 12.357 -4.5366 3
      vertex 4.85061 -5.7255 60
    endloop
  endfacet
  facet normal 0.174289 -0.975788 0.132138
    outer loop
      vertex 36.4634 28.643 3
      vertex 35.2745 36.1494 60
      vertex 33.9157 35.9067 60
    endloop
  endfacet
  facet normal 0.948549 0.287741 0.132139
    outer loop
      vertex 6.19133 -11.31 60
      vertex 13.4194 -8.96149 3
      vertex 5.79067 -9.98921 60
    endloop
  endfacet
  facet normal 0.598283 -0.790314 0.132138
    outer loop
      vertex 23.0463 22.7742 3
      vertex 19.4417 29.5757 60
      vertex 18.3412 28.7426 60
    endloop
  endfacet
  facet normal 0.855154 0.501249 0.132137
    outer loop
      vertex 9.79337 -19.1234 60
      vertex 16.2734 -15.1525 3
      vertex 9.09544 -17.9327 60
    endloop
  endfacet
  facet normal 0.975795 -0.174253 0.132138
    outer loop
      vertex 12.357 4.5366 3
      vertex 5.09325 7.08425 60
      vertex 4.85061 5.7255 60
    endloop
  endfacet
  facet normal 0.0971663 -0.986457 0.132139
    outer loop
      vertex 38.7247 28.9106 3
      vertex 38.1284 36.4872 60
      vertex 36.7548 36.3519 60
    endloop
  endfacet
  facet normal 0.923013 -0.361368 0.132139
    outer loop
      vertex 7.16526 13.9532 60
      vertex 14.2075 11.0978 3
      vertex 7.18601 14.0062 60
    endloop
  endfacet
  facet normal 0.923059 -0.36125 0.132139
    outer loop
      vertex 14.2075 11.0978 3
      vertex 7.16526 13.9532 60
      vertex 13.7925 10.0374 3
    endloop
  endfacet
  facet normal 0.501287 -0.855132 0.132137
    outer loop
      vertex 25.8475 24.7266 3
      vertex 23.0673 31.9046 60
      vertex 21.8766 31.2066 60
    endloop
  endfacet
  facet normal 0.566733 0.813237 0.132138
    outer loop
      vertex 23.9542 -23.4615 3
      vertex 19.5338 -29.6426 60
      vertex 24.8885 -24.1126 3
    endloop
  endfacet
  facet normal 0.567382 0.812783 0.132139
    outer loop
      vertex 19.5338 -29.6426 60
      vertex 23.9542 -23.4615 3
      vertex 19.4871 -29.61 60
    endloop
  endfacet
  facet normal 0.85519 0.501189 0.132138
    outer loop
      vertex 9.06665 -17.8835 60
      vertex 16.2734 -15.1525 3
      vertex 15.6976 -14.17 3
    endloop
  endfacet
  facet normal 0.855521 0.500619 0.132153
    outer loop
      vertex 16.2734 -15.1525 3
      vertex 9.06665 -17.8835 60
      vertex 9.09544 -17.9327 60
    endloop
  endfacet
  facet normal 0.874175 0.467287 0.132138
    outer loop
      vertex 9.06665 -17.8835 60
      vertex 15.6976 -14.17 3
      vertex 8.416 -16.6663 60
    endloop
  endfacet
  facet normal 0.907956 -0.397688 0.132139
    outer loop
      vertex 7.73914 15.2708 60
      vertex 14.6638 12.1411 3
      vertex 7.76196 15.3229 60
    endloop
  endfacet
  facet normal 0.90817 -0.397199 0.132138
    outer loop
      vertex 14.6638 12.1411 3
      vertex 7.73914 15.2708 60
      vertex 14.2075 11.0978 3
    endloop
  endfacet
  facet normal 0.361301 -0.923039 0.132139
    outer loop
      vertex 30.9626 27.2075 3
      vertex 28.3321 34.3378 60
      vertex 27.0468 33.8347 60
    endloop
  endfacet
  facet normal 0.397199 0.90817 0.132139
    outer loop
      vertex 28.8589 -26.3362 3
      vertex 25.7292 -33.2609 60
      vertex 29.9022 -26.7925 3
    endloop
  endfacet
  facet normal 0.398857 0.907443 0.132142
    outer loop
      vertex 25.7292 -33.2609 60
      vertex 28.8589 -26.3362 3
      vertex 25.6771 -33.238 60
    endloop
  endfacet
  facet normal 0.249003 -0.959446 0.132136
    outer loop
      vertex 33.1282 27.9112 3
      vertex 31.1204 35.2402 60
      vertex 31.0653 35.2259 60
    endloop
  endfacet
  facet normal 0.250247 -0.959122 0.132138
    outer loop
      vertex 31.1204 35.2402 60
      vertex 33.1282 27.9112 3
      vertex 34.2301 28.1987 3
    endloop
  endfacet
  facet normal 0.628808 0.766251 0.132139
    outer loop
      vertex 22.166 -22.0518 3
      vertex 17.2742 -27.867 60
      vertex 23.0463 -22.7742 3
    endloop
  endfacet
  facet normal 0.628728 0.766316 0.132138
    outer loop
      vertex 17.2742 -27.867 60
      vertex 22.166 -22.0518 3
      vertex 17.2302 -27.8309 60
    endloop
  endfacet
  facet normal 0.968201 -0.21243 0.132138
    outer loop
      vertex 12.5572 5.65762 3
      vertex 5.39906 8.48849 60
      vertex 5.10326 7.14031 60
    endloop
  endfacet
  facet normal 0.0194617 0.99104 0.132139
    outer loop
      vertex 41 -36.6 60
      vertex 41 -29 3
      vertex 39.62 -36.5729 60
    endloop
  endfacet
  facet normal 0.936519 0.324763 0.13214
    outer loop
      vertex 6.64354 -12.6141 60
      vertex 13.7925 -10.0374 3
      vertex 13.4194 -8.96149 3
    endloop
  endfacet
  facet normal 0.936501 0.324816 0.13214
    outer loop
      vertex 13.7925 -10.0374 3
      vertex 6.64354 -12.6141 60
      vertex 6.6622 -12.6679 60
    endloop
  endfacet
  facet normal 0.566789 0.813197 0.13214
    outer loop
      vertex 20.6661 -30.4318 60
      vertex 24.8885 -24.1126 3
      vertex 19.5338 -29.6426 60
    endloop
  endfacet
  facet normal 0.467259 -0.87419 0.132139
    outer loop
      vertex 26.83 25.3024 3
      vertex 24.3337 32.584 60
      vertex 23.1165 31.9334 60
    endloop
  endfacet
  facet normal 0.0194987 0.991039 0.132139
    outer loop
      vertex 39.8615 -28.9776 3
      vertex 39.62 -36.5729 60
      vertex 41 -29 3
    endloop
  endfacet
  facet normal 0.0191591 0.991046 0.132139
    outer loop
      vertex 39.62 -36.5729 60
      vertex 39.8615 -28.9776 3
      vertex 39.5631 -36.5718 60
    endloop
  endfacet
  facet normal 0.324765 0.936518 0.13214
    outer loop
      vertex 30.9626 -27.2075 3
      vertex 28.3859 -34.3565 60
      vertex 32.0385 -27.5806 3
    endloop
  endfacet
  facet normal 0.325437 0.936285 0.132141
    outer loop
      vertex 28.3859 -34.3565 60
      vertex 30.9626 -27.2075 3
      vertex 28.3321 -34.3378 60
    endloop
  endfacet
  facet normal 0.790888 -0.597521 0.132159
    outer loop
      vertex 11.39 21.5129 60
      vertex 18.2258 17.9537 3
      vertex 11.4243 21.5583 60
    endloop
  endfacet
  facet normal 0.790313 -0.598284 0.132138
    outer loop
      vertex 18.2258 17.9537 3
      vertex 11.39 21.5129 60
      vertex 17.5385 17.0458 3
    endloop
  endfacet
  facet normal 0.250247 0.959122 0.132138
    outer loop
      vertex 33.1282 -27.9112 3
      vertex 31.1204 -35.2402 60
      vertex 34.2301 -28.1987 3
    endloop
  endfacet
  facet normal 0.249003 0.959446 0.132136
    outer loop
      vertex 31.1204 -35.2402 60
      vertex 33.1282 -27.9112 3
      vertex 31.0653 -35.2259 60
    endloop
  endfacet
  facet normal 0.212475 0.968191 0.132139
    outer loop
      vertex 34.2301 -28.1987 3
      vertex 32.5115 -35.6009 60
      vertex 35.3424 -28.4428 3
    endloop
  endfacet
  facet normal 0.212446 0.968197 0.132139
    outer loop
      vertex 32.5115 -35.6009 60
      vertex 34.2301 -28.1987 3
      vertex 32.4559 -35.5887 60
    endloop
  endfacet
  facet normal 0.250282 0.959113 0.132139
    outer loop
      vertex 32.4559 -35.5887 60
      vertex 34.2301 -28.1987 3
      vertex 31.1204 -35.2402 60
    endloop
  endfacet
  facet normal 0.2877 0.948561 0.13214
    outer loop
      vertex 31.0108 -35.2093 60
      vertex 32.0385 -27.5806 3
      vertex 29.69 -34.8087 60
    endloop
  endfacet
  facet normal 0.908159 0.397224 0.132139
    outer loop
      vertex 7.73914 -15.2708 60
      vertex 14.2075 -11.0978 3
      vertex 7.18601 -14.0062 60
    endloop
  endfacet
  facet normal 0.834843 0.534393 0.132137
    outer loop
      vertex 10.5375 -20.2859 60
      vertex 16.2734 -15.1525 3
      vertex 9.79337 -19.1234 60
    endloop
  endfacet
  facet normal 0.174289 0.975788 0.132138
    outer loop
      vertex 35.2745 -36.1494 60
      vertex 36.4634 -28.643 3
      vertex 33.9157 -35.9067 60
    endloop
  endfacet
  facet normal 0.989514 -0.0583194 0.132139
    outer loop
      vertex 4.42822 1.43691 60
      vertex 12.0894 2.27531 3
      vertex 4.43157 1.49375 60
    endloop
  endfacet
  facet normal 0.989514 -0.0583204 0.132139
    outer loop
      vertex 12.0894 2.27531 3
      vertex 4.42822 1.43691 60
      vertex 12.0224 1.13853 3
    endloop
  endfacet
  facet normal 0.986461 -0.0971317 0.132138
    outer loop
      vertex 4.64811 4.2452 60
      vertex 12.201 3.40858 3
      vertex 4.65369 4.30187 60
    endloop
  endfacet
  facet normal 0.98646 -0.0971427 0.132138
    outer loop
      vertex 12.201 3.40858 3
      vertex 4.64811 4.2452 60
      vertex 12.0894 2.27531 3
    endloop
  endfacet
  facet normal 0.989512 -0.0583574 0.132139
    outer loop
      vertex 12.0894 2.27531 3
      vertex 4.51283 2.8716 60
      vertex 4.43157 1.49375 60
    endloop
  endfacet
  facet normal 0.891847 0.432606 0.132139
    outer loop
      vertex 8.36431 -16.5648 60
      vertex 15.1608 -13.1657 3
      vertex 14.6638 -12.1411 3
    endloop
  endfacet
  facet normal 0.892079 0.432128 0.132138
    outer loop
      vertex 15.1608 -13.1657 3
      vertex 8.36431 -16.5648 60
      vertex 8.38916 -16.6161 60
    endloop
  endfacet
  facet normal 0.812783 -0.567382 0.132139
    outer loop
      vertex 11.3574 21.4662 60
      vertex 17.5385 17.0458 3
      vertex 11.39 21.5129 60
    endloop
  endfacet
  facet normal 0.813237 -0.566733 0.132138
    outer loop
      vertex 17.5385 17.0458 3
      vertex 11.3574 21.4662 60
      vertex 16.8874 16.1115 3
    endloop
  endfacet
  facet normal 0.534378 -0.834853 0.132137
    outer loop
      vertex 25.8475 24.7266 3
      vertex 21.8766 31.2066 60
      vertex 20.7141 30.4625 60
    endloop
  endfacet
  facet normal 0.0971663 0.986457 0.132139
    outer loop
      vertex 38.1284 -36.4872 60
      vertex 38.7247 -28.9106 3
      vertex 36.7548 -36.3519 60
    endloop
  endfacet
  facet normal 0.501189 0.855189 0.132139
    outer loop
      vertex 25.8475 -24.7266 3
      vertex 23.1165 -31.9334 60
      vertex 26.83 -25.3024 3
    endloop
  endfacet
  facet normal 0.500749 0.855446 0.13215
    outer loop
      vertex 23.1165 -31.9334 60
      vertex 25.8475 -24.7266 3
      vertex 23.0673 -31.9046 60
    endloop
  endfacet
  facet normal 0.432606 0.891847 0.132139
    outer loop
      vertex 27.8343 -25.8392 3
      vertex 24.4352 -32.6357 60
      vertex 28.8589 -26.3362 3
    endloop
  endfacet
  facet normal 0.432832 0.891738 0.132139
    outer loop
      vertex 24.4352 -32.6357 60
      vertex 27.8343 -25.8392 3
      vertex 24.3839 -32.6108 60
    endloop
  endfacet
  facet normal 0.36125 0.923059 0.132138
    outer loop
      vertex 29.9022 -26.7925 3
      vertex 27.0468 -33.8347 60
      vertex 30.9626 -27.2075 3
    endloop
  endfacet
  facet normal 0.360613 0.923308 0.132137
    outer loop
      vertex 27.0468 -33.8347 60
      vertex 29.9022 -26.7925 3
      vertex 26.9938 -33.814 60
    endloop
  endfacet
  facet normal 0.0583123 0.989514 0.132139
    outer loop
      vertex 39.5063 -36.5684 60
      vertex 38.7247 -28.9106 3
      vertex 38.1284 -36.4872 60
    endloop
  endfacet
endsolid OpenSCAD_Model
